    10.00   0.0500    15001    68.31  -133.52     126.88      2538      0.089937      0.20988E+02
 -0.938496E-03
 -0.188021E-02
 -0.188448E-02
 -0.189175E-02
 -0.190225E-02
 -0.191641E-02
 -0.193436E-02
 -0.195615E-02
 -0.198184E-02
 -0.201168E-02
 -0.204573E-02
 -0.208399E-02
 -0.212645E-02
 -0.217348E-02
 -0.222490E-02
 -0.228071E-02
 -0.234093E-02
 -0.240622E-02
 -0.247596E-02
 -0.255019E-02
 -0.262879E-02
 -0.271338E-02
 -0.280190E-02
 -0.289473E-02
 -0.299176E-02
 -0.309613E-02
 -0.320350E-02
 -0.331462E-02
 -0.342920E-02
 -0.355238E-02
 -0.367656E-02
 -0.380299E-02
 -0.393129E-02
 -0.407001E-02
 -0.420624E-02
 -0.434226E-02
 -0.447710E-02
 -0.462389E-02
 -0.476252E-02
 -0.489544E-02
 -0.502240E-02
 -0.516689E-02
 -0.529449E-02
 -0.541161E-02
 -0.551697E-02
 -0.563900E-02
 -0.573671E-02
 -0.581905E-02
 -0.588444E-02
 -0.597394E-02
 -0.603031E-02
 -0.606768E-02
 -0.608418E-02
 -0.613214E-02
 -0.613858E-02
 -0.612114E-02
 -0.607962E-02
 -0.609033E-02
 -0.605107E-02
 -0.598665E-02
 -0.589525E-02
 -0.586477E-02
 -0.577712E-02
 -0.566331E-02
 -0.552054E-02
 -0.545858E-02
 -0.532927E-02
 -0.517251E-02
 -0.498562E-02
 -0.489702E-02
 -0.473350E-02
 -0.453636E-02
 -0.431267E-02
 -0.424604E-02
 -0.409380E-02
 -0.391666E-02
 -0.371172E-02
 -0.366311E-02
 -0.352794E-02
 -0.336738E-02
 -0.317356E-02
 -0.315746E-02
 -0.303886E-02
 -0.288999E-02
 -0.270207E-02
 -0.270521E-02
 -0.259094E-02
 -0.243874E-02
 -0.224493E-02
 -0.228854E-02
 -0.219338E-02
 -0.205632E-02
 -0.187008E-02
 -0.192021E-02
 -0.182542E-02
 -0.169437E-02
 -0.151312E-02
 -0.160582E-02
 -0.154810E-02
 -0.144987E-02
 -0.129802E-02
 -0.142267E-02
 -0.137553E-02
 -0.126555E-02
 -0.109777E-02
 -0.128044E-02
 -0.125375E-02
 -0.115997E-02
 -0.988339E-03
 -0.111654E-02
 -0.104152E-02
 -0.903901E-03
 -0.688345E-03
 -0.803604E-03
 -0.705117E-03
 -0.540283E-03
 -0.293757E-03
 -0.385610E-03
 -0.260563E-03
 -0.577942E-04
  0.230671E-03
  0.133856E-03
  0.273706E-03
  0.489887E-03
  0.797964E-03
  0.738408E-03
  0.919473E-03
  0.117442E-02
  0.152700E-02
  0.149418E-02
  0.172267E-02
  0.204570E-02
  0.248857E-02
  0.256410E-02
  0.293509E-02
  0.344160E-02
  0.406823E-02
  0.420451E-02
  0.466707E-02
  0.524573E-02
  0.594033E-02
  0.620916E-02
  0.674916E-02
  0.736135E-02
  0.805749E-02
  0.827790E-02
  0.875609E-02
  0.928256E-02
  0.987024E-02
  0.995255E-02
  0.102828E-01
  0.106621E-01
  0.110963E-01
  0.109613E-01
  0.110913E-01
  0.112694E-01
  0.115102E-01
  0.112166E-01
  0.111793E-01
  0.111670E-01
  0.112123E-01
  0.107016E-01
  0.104611E-01
  0.102607E-01
  0.101260E-01
  0.945000E-02
  0.905813E-02
  0.874771E-02
  0.851912E-02
  0.764058E-02
  0.710714E-02
  0.666919E-02
  0.634815E-02
  0.551653E-02
  0.502047E-02
  0.462611E-02
  0.437242E-02
  0.358556E-02
  0.316360E-02
  0.286971E-02
  0.273266E-02
  0.209310E-02
  0.181622E-02
  0.166664E-02
  0.165208E-02
  0.106506E-02
  0.847603E-03
  0.741402E-03
  0.765656E-03
  0.261203E-03
  0.989927E-04
  0.337391E-04
  0.984454E-04
 -0.373483E-03
 -0.487930E-03
 -0.479980E-03
 -0.292259E-03
 -0.615151E-03
 -0.569404E-03
 -0.378903E-03
 -0.155757E-04
 -0.187694E-03
  0.230965E-03
  0.104460E-02
  0.231656E-02
  0.336802E-02
  0.497861E-02
  0.670859E-02
  0.843235E-02
  0.939348E-02
  0.105035E-01
  0.115189E-01
  0.124598E-01
  0.126350E-01
  0.129470E-01
  0.132729E-01
  0.137272E-01
  0.136272E-01
  0.138774E-01
  0.141732E-01
  0.146186E-01
  0.148004E-01
  0.158616E-01
  0.175963E-01
  0.198464E-01
  0.216251E-01
  0.236670E-01
  0.257479E-01
  0.280240E-01
  0.299394E-01
  0.325066E-01
  0.356508E-01
  0.395781E-01
  0.437163E-01
  0.492253E-01
  0.557077E-01
  0.627110E-01
  0.687766E-01
  0.740043E-01
  0.777236E-01
  0.801284E-01
  0.811073E-01
  0.822656E-01
  0.835668E-01
  0.845288E-01
  0.834539E-01
  0.804107E-01
  0.751393E-01
  0.687755E-01
  0.625056E-01
  0.591815E-01
  0.593210E-01
  0.621921E-01
  0.654835E-01
  0.689298E-01
  0.721283E-01
  0.753854E-01
  0.778508E-01
  0.798375E-01
  0.805786E-01
  0.805094E-01
  0.801769E-01
  0.815969E-01
  0.844481E-01
  0.874594E-01
  0.881866E-01
  0.871048E-01
  0.847904E-01
  0.827118E-01
  0.809086E-01
  0.800798E-01
  0.790202E-01
  0.770840E-01
  0.738209E-01
  0.712273E-01
  0.698685E-01
  0.701138E-01
  0.711288E-01
  0.736263E-01
  0.773462E-01
  0.825043E-01
  0.880379E-01
  0.939074E-01
  0.984673E-01
  0.101195E+00
  0.102107E+00
  0.103763E+00
  0.107020E+00
  0.111748E+00
  0.115958E+00
  0.119490E+00
  0.121815E+00
  0.123758E+00
  0.125594E+00
  0.128925E+00
  0.133491E+00
  0.138863E+00
  0.143624E+00
  0.148525E+00
  0.152548E+00
  0.154681E+00
  0.153248E+00
  0.149200E+00
  0.143578E+00
  0.139076E+00
  0.137218E+00
  0.139607E+00
  0.144822E+00
  0.151360E+00
  0.157675E+00
  0.165306E+00
  0.174237E+00
  0.183192E+00
  0.188924E+00
  0.190723E+00
  0.188112E+00
  0.182964E+00
  0.176991E+00
  0.173250E+00
  0.172845E+00
  0.175657E+00
  0.178648E+00
  0.180581E+00
  0.180216E+00
  0.178777E+00
  0.178217E+00
  0.182426E+00
  0.192005E+00
  0.205380E+00
  0.218590E+00
  0.230771E+00
  0.241627E+00
  0.252975E+00
  0.265794E+00
  0.282148E+00
  0.301707E+00
  0.323067E+00
  0.343093E+00
  0.360804E+00
  0.374303E+00
  0.383280E+00
  0.387737E+00
  0.390857E+00
  0.394718E+00
  0.401230E+00
  0.409476E+00
  0.419132E+00
  0.428023E+00
  0.435933E+00
  0.443138E+00
  0.452699E+00
  0.465100E+00
  0.479031E+00
  0.491044E+00
  0.501045E+00
  0.508603E+00
  0.514897E+00
  0.520560E+00
  0.527315E+00
  0.533169E+00
  0.536023E+00
  0.533705E+00
  0.529244E+00
  0.524936E+00
  0.522744E+00
  0.521371E+00
  0.520606E+00
  0.517663E+00
  0.511484E+00
  0.502584E+00
  0.494879E+00
  0.488042E+00
  0.480113E+00
  0.468159E+00
  0.454505E+00
  0.441127E+00
  0.429198E+00
  0.416388E+00
  0.402822E+00
  0.386932E+00
  0.369007E+00
  0.349745E+00
  0.333315E+00
  0.319383E+00
  0.304518E+00
  0.282724E+00
  0.253888E+00
  0.220143E+00
  0.187680E+00
  0.161515E+00
  0.145314E+00
  0.133559E+00
  0.117695E+00
  0.903571E-01
  0.544898E-01
  0.151344E-01
 -0.227185E-01
 -0.581346E-01
 -0.884440E-01
 -0.114221E+00
 -0.136467E+00
 -0.158215E+00
 -0.179042E+00
 -0.199574E+00
 -0.219172E+00
 -0.238785E+00
 -0.256498E+00
 -0.272737E+00
 -0.287552E+00
 -0.301452E+00
 -0.311479E+00
 -0.318461E+00
 -0.324013E+00
 -0.330954E+00
 -0.337764E+00
 -0.344052E+00
 -0.349541E+00
 -0.356706E+00
 -0.366155E+00
 -0.381164E+00
 -0.403761E+00
 -0.434578E+00
 -0.468315E+00
 -0.500427E+00
 -0.526116E+00
 -0.544559E+00
 -0.555497E+00
 -0.563343E+00
 -0.571919E+00
 -0.584795E+00
 -0.599693E+00
 -0.612751E+00
 -0.618344E+00
 -0.614597E+00
 -0.601195E+00
 -0.583534E+00
 -0.567956E+00
 -0.560508E+00
 -0.561224E+00
 -0.568176E+00
 -0.577108E+00
 -0.585077E+00
 -0.588280E+00
 -0.586569E+00
 -0.581631E+00
 -0.578354E+00
 -0.580013E+00
 -0.589062E+00
 -0.603313E+00
 -0.619006E+00
 -0.630662E+00
 -0.636151E+00
 -0.635323E+00
 -0.632052E+00
 -0.629513E+00
 -0.630601E+00
 -0.636093E+00
 -0.646207E+00
 -0.657329E+00
 -0.667298E+00
 -0.673107E+00
 -0.672292E+00
 -0.663204E+00
 -0.649267E+00
 -0.634129E+00
 -0.620390E+00
 -0.607380E+00
 -0.595020E+00
 -0.582924E+00
 -0.571942E+00
 -0.562243E+00
 -0.556610E+00
 -0.557230E+00
 -0.563721E+00
 -0.571543E+00
 -0.577883E+00
 -0.581125E+00
 -0.581659E+00
 -0.580416E+00
 -0.580732E+00
 -0.584559E+00
 -0.591524E+00
 -0.598402E+00
 -0.604982E+00
 -0.613155E+00
 -0.624181E+00
 -0.635225E+00
 -0.642734E+00
 -0.643136E+00
 -0.636288E+00
 -0.625068E+00
 -0.615222E+00
 -0.610372E+00
 -0.611492E+00
 -0.616813E+00
 -0.624388E+00
 -0.631320E+00
 -0.635353E+00
 -0.635535E+00
 -0.634225E+00
 -0.634037E+00
 -0.637002E+00
 -0.641464E+00
 -0.642625E+00
 -0.635112E+00
 -0.617396E+00
 -0.591351E+00
 -0.562647E+00
 -0.537880E+00
 -0.520708E+00
 -0.509204E+00
 -0.498538E+00
 -0.483802E+00
 -0.463509E+00
 -0.438289E+00
 -0.409916E+00
 -0.381261E+00
 -0.357965E+00
 -0.345139E+00
 -0.343784E+00
 -0.350571E+00
 -0.360963E+00
 -0.370115E+00
 -0.375466E+00
 -0.377518E+00
 -0.379477E+00
 -0.386543E+00
 -0.403242E+00
 -0.427720E+00
 -0.452897E+00
 -0.470347E+00
 -0.472343E+00
 -0.454776E+00
 -0.422528E+00
 -0.388225E+00
 -0.365221E+00
 -0.361247E+00
 -0.374702E+00
 -0.394334E+00
 -0.407917E+00
 -0.410217E+00
 -0.402101E+00
 -0.387422E+00
 -0.371389E+00
 -0.357517E+00
 -0.347529E+00
 -0.343732E+00
 -0.346376E+00
 -0.351461E+00
 -0.355676E+00
 -0.359250E+00
 -0.364216E+00
 -0.372903E+00
 -0.386864E+00
 -0.405388E+00
 -0.425975E+00
 -0.447861E+00
 -0.472250E+00
 -0.499186E+00
 -0.525095E+00
 -0.544338E+00
 -0.552073E+00
 -0.546093E+00
 -0.527488E+00
 -0.502439E+00
 -0.481832E+00
 -0.475401E+00
 -0.485756E+00
 -0.508176E+00
 -0.532122E+00
 -0.546105E+00
 -0.543347E+00
 -0.524497E+00
 -0.495896E+00
 -0.467051E+00
 -0.445434E+00
 -0.433607E+00
 -0.428131E+00
 -0.423201E+00
 -0.415088E+00
 -0.406208E+00
 -0.400955E+00
 -0.400453E+00
 -0.401798E+00
 -0.403993E+00
 -0.407275E+00
 -0.410909E+00
 -0.415425E+00
 -0.423975E+00
 -0.435245E+00
 -0.445636E+00
 -0.454777E+00
 -0.462775E+00
 -0.464359E+00
 -0.452432E+00
 -0.422392E+00
 -0.376620E+00
 -0.321690E+00
 -0.266333E+00
 -0.217755E+00
 -0.180449E+00
 -0.152399E+00
 -0.127107E+00
 -0.975507E-01
 -0.626885E-01
 -0.279608E-01
 -0.168037E-02
  0.132332E-01
  0.191226E-01
  0.200156E-01
  0.182087E-01
  0.171251E-01
  0.195648E-01
  0.270162E-01
  0.389758E-01
  0.549961E-01
  0.728296E-01
  0.879162E-01
  0.964907E-01
  0.102606E+00
  0.113346E+00
  0.133035E+00
  0.160529E+00
  0.192015E+00
  0.222226E+00
  0.248894E+00
  0.271806E+00
  0.291963E+00
  0.309745E+00
  0.327437E+00
  0.347979E+00
  0.372014E+00
  0.394803E+00
  0.409683E+00
  0.414569E+00
  0.414354E+00
  0.413868E+00
  0.416320E+00
  0.423916E+00
  0.437443E+00
  0.454140E+00
  0.469688E+00
  0.480608E+00
  0.488151E+00
  0.496032E+00
  0.506462E+00
  0.521391E+00
  0.546464E+00
  0.584173E+00
  0.630312E+00
  0.677890E+00
  0.721676E+00
  0.756586E+00
  0.777880E+00
  0.786327E+00
  0.790071E+00
  0.795815E+00
  0.804111E+00
  0.812650E+00
  0.819793E+00
  0.825035E+00
  0.828392E+00
  0.830507E+00
  0.833783E+00
  0.840892E+00
  0.852368E+00
  0.868189E+00
  0.889190E+00
  0.914275E+00
  0.938843E+00
  0.958085E+00
  0.970846E+00
  0.981289E+00
  0.992337E+00
  0.100000E+01
  0.997864E+00
  0.986853E+00
  0.974348E+00
  0.965639E+00
  0.959875E+00
  0.956871E+00
  0.957893E+00
  0.961899E+00
  0.961109E+00
  0.946618E+00
  0.917592E+00
  0.884503E+00
  0.859248E+00
  0.848431E+00
  0.850535E+00
  0.859379E+00
  0.869167E+00
  0.877370E+00
  0.882111E+00
  0.882900E+00
  0.880046E+00
  0.876533E+00
  0.873440E+00
  0.869971E+00
  0.863251E+00
  0.850818E+00
  0.830956E+00
  0.805987E+00
  0.775912E+00
  0.738393E+00
  0.692006E+00
  0.641129E+00
  0.590778E+00
  0.545366E+00
  0.507044E+00
  0.476949E+00
  0.451594E+00
  0.428212E+00
  0.406667E+00
  0.388437E+00
  0.371349E+00
  0.356554E+00
  0.345422E+00
  0.338667E+00
  0.333779E+00
  0.327520E+00
  0.314592E+00
  0.291879E+00
  0.257441E+00
  0.214026E+00
  0.164726E+00
  0.113963E+00
  0.675492E-01
  0.331192E-01
  0.137135E-01
  0.959092E-02
  0.163477E-01
  0.273877E-01
  0.355864E-01
  0.392124E-01
  0.384135E-01
  0.363457E-01
  0.342089E-01
  0.326056E-01
  0.289281E-01
  0.199278E-01
  0.282318E-02
 -0.173065E-01
 -0.322028E-01
 -0.388843E-01
 -0.440310E-01
 -0.536396E-01
 -0.707558E-01
 -0.936069E-01
 -0.120363E+00
 -0.148776E+00
 -0.177495E+00
 -0.201473E+00
 -0.215099E+00
 -0.213722E+00
 -0.198343E+00
 -0.171837E+00
 -0.139659E+00
 -0.104120E+00
 -0.673434E-01
 -0.322723E-01
 -0.213876E-02
  0.254800E-01
  0.522036E-01
  0.806038E-01
  0.110821E+00
  0.139529E+00
  0.160835E+00
  0.173942E+00
  0.179326E+00
  0.180467E+00
  0.181228E+00
  0.187011E+00
  0.200983E+00
  0.222870E+00
  0.246145E+00
  0.265829E+00
  0.281591E+00
  0.297244E+00
  0.313061E+00
  0.330675E+00
  0.350895E+00
  0.374112E+00
  0.396075E+00
  0.408582E+00
  0.402757E+00
  0.379065E+00
  0.343850E+00
  0.309632E+00
  0.288864E+00
  0.287638E+00
  0.299189E+00
  0.312145E+00
  0.316348E+00
  0.312726E+00
  0.310187E+00
  0.319176E+00
  0.341628E+00
  0.372766E+00
  0.404893E+00
  0.435902E+00
  0.464809E+00
  0.490795E+00
  0.508626E+00
  0.516569E+00
  0.515915E+00
  0.510748E+00
  0.504223E+00
  0.499203E+00
  0.492451E+00
  0.480069E+00
  0.454883E+00
  0.413099E+00
  0.358384E+00
  0.302880E+00
  0.255013E+00
  0.220431E+00
  0.198717E+00
  0.184909E+00
  0.168885E+00
  0.145588E+00
  0.117931E+00
  0.977581E-01
  0.907660E-01
  0.938560E-01
  0.100303E+00
  0.109058E+00
  0.113429E+00
  0.102919E+00
  0.704729E-01
  0.241617E-01
 -0.206570E-01
 -0.507523E-01
 -0.660598E-01
 -0.722860E-01
 -0.804536E-01
 -0.100240E+00
 -0.134948E+00
 -0.176093E+00
 -0.211721E+00
 -0.227533E+00
 -0.217006E+00
 -0.183106E+00
 -0.138904E+00
 -0.974623E-01
 -0.708395E-01
 -0.676741E-01
 -0.943937E-01
 -0.144898E+00
 -0.204705E+00
 -0.255962E+00
 -0.286813E+00
 -0.294169E+00
 -0.285036E+00
 -0.266272E+00
 -0.245991E+00
 -0.229936E+00
 -0.219487E+00
 -0.207120E+00
 -0.187173E+00
 -0.160824E+00
 -0.139321E+00
 -0.132347E+00
 -0.145471E+00
 -0.177116E+00
 -0.221740E+00
 -0.269349E+00
 -0.314747E+00
 -0.356492E+00
 -0.394794E+00
 -0.426100E+00
 -0.448820E+00
 -0.461715E+00
 -0.465793E+00
 -0.462682E+00
 -0.458709E+00
 -0.459888E+00
 -0.469559E+00
 -0.482536E+00
 -0.492317E+00
 -0.494041E+00
 -0.489142E+00
 -0.480905E+00
 -0.473861E+00
 -0.471421E+00
 -0.478418E+00
 -0.491951E+00
 -0.504325E+00
 -0.507989E+00
 -0.500271E+00
 -0.482064E+00
 -0.461120E+00
 -0.443160E+00
 -0.429892E+00
 -0.420416E+00
 -0.415838E+00
 -0.415060E+00
 -0.416502E+00
 -0.415591E+00
 -0.408999E+00
 -0.395394E+00
 -0.375795E+00
 -0.350552E+00
 -0.323089E+00
 -0.296669E+00
 -0.274302E+00
 -0.256442E+00
 -0.242097E+00
 -0.225758E+00
 -0.205116E+00
 -0.181304E+00
 -0.158003E+00
 -0.136419E+00
 -0.117101E+00
 -0.995559E-01
 -0.839459E-01
 -0.671020E-01
 -0.461008E-01
 -0.198534E-01
  0.890631E-02
  0.383841E-01
  0.668615E-01
  0.927469E-01
  0.114409E+00
  0.136096E+00
  0.160370E+00
  0.185518E+00
  0.208483E+00
  0.230798E+00
  0.253139E+00
  0.275923E+00
  0.299256E+00
  0.323295E+00
  0.344319E+00
  0.359226E+00
  0.365929E+00
  0.367600E+00
  0.369754E+00
  0.376884E+00
  0.384469E+00
  0.383647E+00
  0.367346E+00
  0.336156E+00
  0.290488E+00
  0.231495E+00
  0.164501E+00
  0.100523E+00
  0.465843E-01
  0.405377E-02
 -0.300713E-01
 -0.540871E-01
 -0.677893E-01
 -0.762291E-01
 -0.867512E-01
 -0.988885E-01
 -0.111514E+00
 -0.126706E+00
 -0.148547E+00
 -0.175141E+00
 -0.202592E+00
 -0.227937E+00
 -0.251801E+00
 -0.272332E+00
 -0.286690E+00
 -0.295357E+00
 -0.305844E+00
 -0.321922E+00
 -0.343762E+00
 -0.370076E+00
 -0.403216E+00
 -0.443908E+00
 -0.492980E+00
 -0.549751E+00
 -0.610594E+00
 -0.666171E+00
 -0.708927E+00
 -0.736287E+00
 -0.751415E+00
 -0.759092E+00
 -0.765616E+00
 -0.773703E+00
 -0.782677E+00
 -0.790637E+00
 -0.798521E+00
 -0.807614E+00
 -0.820455E+00
 -0.835216E+00
 -0.847157E+00
 -0.852904E+00
 -0.854447E+00
 -0.854703E+00
 -0.856673E+00
 -0.859119E+00
 -0.859285E+00
 -0.856741E+00
 -0.853357E+00
 -0.847046E+00
 -0.833435E+00
 -0.807802E+00
 -0.769130E+00
 -0.721041E+00
 -0.670070E+00
 -0.621285E+00
 -0.579983E+00
 -0.551182E+00
 -0.535423E+00
 -0.525609E+00
 -0.513012E+00
 -0.493016E+00
 -0.467729E+00
 -0.442044E+00
 -0.421694E+00
 -0.410768E+00
 -0.407819E+00
 -0.404663E+00
 -0.392760E+00
 -0.366633E+00
 -0.326456E+00
 -0.279123E+00
 -0.234880E+00
 -0.198187E+00
 -0.165673E+00
 -0.131963E+00
 -0.978634E-01
 -0.703157E-01
 -0.554307E-01
 -0.492777E-01
 -0.426024E-01
 -0.309834E-01
 -0.169583E-01
 -0.425424E-02
  0.695815E-02
  0.241120E-01
  0.572519E-01
  0.109330E+00
  0.173851E+00
  0.241748E+00
  0.305985E+00
  0.364200E+00
  0.417694E+00
  0.466830E+00
  0.506495E+00
  0.531030E+00
  0.540320E+00
  0.540026E+00
  0.534656E+00
  0.526018E+00
  0.515509E+00
  0.507401E+00
  0.505228E+00
  0.506779E+00
  0.504793E+00
  0.494812E+00
  0.474965E+00
  0.444324E+00
  0.406002E+00
  0.367330E+00
  0.334561E+00
  0.312937E+00
  0.304666E+00
  0.309363E+00
  0.322756E+00
  0.338082E+00
  0.348978E+00
  0.355621E+00
  0.361673E+00
  0.369589E+00
  0.374831E+00
  0.369533E+00
  0.347675E+00
  0.310415E+00
  0.263786E+00
  0.214959E+00
  0.168399E+00
  0.127798E+00
  0.965705E-01
  0.786055E-01
  0.748002E-01
  0.837812E-01
  0.997316E-01
  0.115581E+00
  0.126166E+00
  0.132285E+00
  0.138361E+00
  0.149589E+00
  0.167710E+00
  0.192619E+00
  0.220322E+00
  0.245412E+00
  0.264152E+00
  0.276815E+00
  0.282476E+00
  0.281147E+00
  0.274554E+00
  0.265920E+00
  0.255532E+00
  0.243111E+00
  0.228319E+00
  0.212248E+00
  0.193637E+00
  0.172952E+00
  0.154579E+00
  0.148452E+00
  0.162838E+00
  0.198775E+00
  0.248447E+00
  0.303677E+00
  0.357112E+00
  0.402885E+00
  0.434361E+00
  0.448642E+00
  0.449050E+00
  0.444627E+00
  0.440693E+00
  0.438071E+00
  0.434514E+00
  0.429580E+00
  0.422899E+00
  0.414802E+00
  0.406421E+00
  0.402676E+00
  0.405751E+00
  0.414138E+00
  0.422517E+00
  0.427285E+00
  0.426470E+00
  0.420601E+00
  0.409228E+00
  0.391465E+00
  0.364179E+00
  0.329714E+00
  0.294974E+00
  0.267735E+00
  0.251338E+00
  0.249246E+00
  0.260992E+00
  0.282371E+00
  0.305254E+00
  0.325179E+00
  0.340388E+00
  0.352588E+00
  0.361506E+00
  0.365236E+00
  0.360038E+00
  0.345899E+00
  0.324795E+00
  0.301466E+00
  0.277064E+00
  0.249598E+00
  0.215397E+00
  0.175872E+00
  0.133887E+00
  0.931428E-01
  0.558913E-01
  0.254344E-01
  0.177427E-02
 -0.163176E-01
 -0.325218E-01
 -0.482016E-01
 -0.653237E-01
 -0.848676E-01
 -0.107444E+00
 -0.126883E+00
 -0.137282E+00
 -0.136107E+00
 -0.124774E+00
 -0.106048E+00
 -0.886798E-01
 -0.827992E-01
 -0.963582E-01
 -0.126824E+00
 -0.165029E+00
 -0.200036E+00
 -0.225239E+00
 -0.237192E+00
 -0.239853E+00
 -0.240003E+00
 -0.244179E+00
 -0.254732E+00
 -0.274863E+00
 -0.306399E+00
 -0.347135E+00
 -0.387975E+00
 -0.421193E+00
 -0.443209E+00
 -0.455407E+00
 -0.458338E+00
 -0.454425E+00
 -0.446401E+00
 -0.437141E+00
 -0.426016E+00
 -0.412481E+00
 -0.397097E+00
 -0.383577E+00
 -0.374186E+00
 -0.370194E+00
 -0.369221E+00
 -0.370935E+00
 -0.376890E+00
 -0.389438E+00
 -0.406728E+00
 -0.423576E+00
 -0.432396E+00
 -0.429711E+00
 -0.415072E+00
 -0.390989E+00
 -0.361317E+00
 -0.333335E+00
 -0.311866E+00
 -0.298374E+00
 -0.290579E+00
 -0.286678E+00
 -0.284750E+00
 -0.285712E+00
 -0.290791E+00
 -0.298594E+00
 -0.302265E+00
 -0.296125E+00
 -0.277979E+00
 -0.250153E+00
 -0.216864E+00
 -0.183726E+00
 -0.153563E+00
 -0.128245E+00
 -0.107515E+00
 -0.901060E-01
 -0.735734E-01
 -0.579098E-01
 -0.437435E-01
 -0.320726E-01
 -0.216515E-01
 -0.118023E-01
 -0.316754E-02
  0.161625E-02
  0.208448E-02
 -0.231753E-02
 -0.117265E-01
 -0.242478E-01
 -0.334845E-01
 -0.364804E-01
 -0.350105E-01
 -0.320473E-01
 -0.262395E-01
 -0.160419E-01
 -0.225339E-02
  0.103346E-01
  0.171290E-01
  0.153804E-01
  0.775088E-02
 -0.114989E-02
 -0.618543E-02
 -0.519930E-02
  0.140023E-02
  0.811752E-02
  0.655370E-02
 -0.947221E-02
 -0.344893E-01
 -0.551717E-01
 -0.601934E-01
 -0.493279E-01
 -0.295400E-01
 -0.982194E-02
  0.467644E-02
  0.113407E-01
  0.999037E-02
  0.903082E-03
 -0.131530E-01
 -0.294768E-01
 -0.441316E-01
 -0.527405E-01
 -0.511618E-01
 -0.399703E-01
 -0.231357E-01
 -0.843702E-02
 -0.200390E-02
 -0.547621E-02
 -0.129533E-01
 -0.157608E-01
 -0.640299E-02
  0.171222E-01
  0.543761E-01
  0.102879E+00
  0.159026E+00
  0.215923E+00
  0.265990E+00
  0.301098E+00
  0.316484E+00
  0.313185E+00
  0.297763E+00
  0.275565E+00
  0.251600E+00
  0.229198E+00
  0.209559E+00
  0.190687E+00
  0.172364E+00
  0.154152E+00
  0.137998E+00
  0.127118E+00
  0.122653E+00
  0.119464E+00
  0.112637E+00
  0.101077E+00
  0.882381E-01
  0.760172E-01
  0.645775E-01
  0.514899E-01
  0.354825E-01
  0.160187E-01
 -0.399353E-02
 -0.201082E-01
 -0.275499E-01
 -0.269040E-01
 -0.213724E-01
 -0.152634E-01
 -0.112429E-01
 -0.126035E-01
 -0.211315E-01
 -0.362161E-01
 -0.526495E-01
 -0.681750E-01
 -0.863229E-01
 -0.112575E+00
 -0.145607E+00
 -0.180211E+00
 -0.209139E+00
 -0.228181E+00
 -0.235473E+00
 -0.231924E+00
 -0.219425E+00
 -0.202007E+00
 -0.183187E+00
 -0.168452E+00
 -0.162108E+00
 -0.166791E+00
 -0.180815E+00
 -0.200866E+00
 -0.224117E+00
 -0.249679E+00
 -0.273672E+00
 -0.292543E+00
 -0.305301E+00
 -0.315423E+00
 -0.326023E+00
 -0.337920E+00
 -0.347896E+00
 -0.352357E+00
 -0.348863E+00
 -0.340617E+00
 -0.333038E+00
 -0.329545E+00
 -0.328854E+00
 -0.329468E+00
 -0.328873E+00
 -0.323441E+00
 -0.308675E+00
 -0.285840E+00
 -0.260859E+00
 -0.240585E+00
 -0.227992E+00
 -0.224653E+00
 -0.230598E+00
 -0.244445E+00
 -0.262227E+00
 -0.280013E+00
 -0.292753E+00
 -0.297017E+00
 -0.291182E+00
 -0.276072E+00
 -0.253316E+00
 -0.227150E+00
 -0.201972E+00
 -0.181619E+00
 -0.166990E+00
 -0.157758E+00
 -0.152389E+00
 -0.149157E+00
 -0.144358E+00
 -0.134679E+00
 -0.118813E+00
 -0.979581E-01
 -0.717558E-01
 -0.393845E-01
 -0.153558E-02
  0.386672E-01
  0.786538E-01
  0.115931E+00
  0.148410E+00
  0.172760E+00
  0.187283E+00
  0.192640E+00
  0.192505E+00
  0.190961E+00
  0.192407E+00
  0.199536E+00
  0.213398E+00
  0.230210E+00
  0.243207E+00
  0.246618E+00
  0.240930E+00
  0.230672E+00
  0.221608E+00
  0.217703E+00
  0.222133E+00
  0.235153E+00
  0.253887E+00
  0.271789E+00
  0.283052E+00
  0.284344E+00
  0.278005E+00
  0.269413E+00
  0.264607E+00
  0.265486E+00
  0.270975E+00
  0.278895E+00
  0.287893E+00
  0.295673E+00
  0.301229E+00
  0.302947E+00
  0.299638E+00
  0.289318E+00
  0.271763E+00
  0.249476E+00
  0.229280E+00
  0.218258E+00
  0.221916E+00
  0.238773E+00
  0.262084E+00
  0.283032E+00
  0.296317E+00
  0.299730E+00
  0.294194E+00
  0.280538E+00
  0.260411E+00
  0.234806E+00
  0.207033E+00
  0.179972E+00
  0.155294E+00
  0.133147E+00
  0.115956E+00
  0.105347E+00
  0.100962E+00
  0.994905E-01
  0.989464E-01
  0.968406E-01
  0.910085E-01
  0.788688E-01
  0.603075E-01
  0.356542E-01
  0.649878E-02
 -0.266659E-01
 -0.611058E-01
 -0.934275E-01
 -0.118778E+00
 -0.134165E+00
 -0.139080E+00
 -0.138786E+00
 -0.140694E+00
 -0.151382E+00
 -0.171340E+00
 -0.196511E+00
 -0.219208E+00
 -0.233631E+00
 -0.236781E+00
 -0.231101E+00
 -0.220996E+00
 -0.210272E+00
 -0.198597E+00
 -0.187091E+00
 -0.178665E+00
 -0.176322E+00
 -0.179698E+00
 -0.188948E+00
 -0.204212E+00
 -0.224272E+00
 -0.244391E+00
 -0.262026E+00
 -0.276409E+00
 -0.286365E+00
 -0.288476E+00
 -0.283515E+00
 -0.276666E+00
 -0.275004E+00
 -0.281666E+00
 -0.297045E+00
 -0.317610E+00
 -0.338197E+00
 -0.352752E+00
 -0.357561E+00
 -0.350838E+00
 -0.334555E+00
 -0.310699E+00
 -0.282011E+00
 -0.252492E+00
 -0.227732E+00
 -0.210800E+00
 -0.202895E+00
 -0.202481E+00
 -0.206254E+00
 -0.209802E+00
 -0.211683E+00
 -0.212085E+00
 -0.211704E+00
 -0.208050E+00
 -0.197315E+00
 -0.176570E+00
 -0.147447E+00
 -0.114075E+00
 -0.814555E-01
 -0.522960E-01
 -0.289005E-01
 -0.125401E-01
 -0.340156E-02
  0.543158E-03
  0.176969E-02
  0.342154E-02
  0.642811E-02
  0.120799E-01
  0.229573E-01
  0.424813E-01
  0.693723E-01
  0.984867E-01
  0.125413E+00
  0.149975E+00
  0.172136E+00
  0.191686E+00
  0.207620E+00
  0.218634E+00
  0.221514E+00
  0.213937E+00
  0.195868E+00
  0.171125E+00
  0.143347E+00
  0.115605E+00
  0.901743E-01
  0.697462E-01
  0.544004E-01
  0.424024E-01
  0.315487E-01
  0.228670E-01
  0.171599E-01
  0.132209E-01
  0.645252E-02
 -0.734868E-02
 -0.299473E-01
 -0.579503E-01
 -0.857589E-01
 -0.106120E+00
 -0.115014E+00
 -0.112848E+00
 -0.104048E+00
 -0.924966E-01
 -0.813393E-01
 -0.716456E-01
 -0.644023E-01
 -0.595120E-01
 -0.573585E-01
 -0.591602E-01
 -0.675045E-01
 -0.813756E-01
 -0.970413E-01
 -0.111451E+00
 -0.125746E+00
 -0.141024E+00
 -0.156088E+00
 -0.166574E+00
 -0.169329E+00
 -0.163720E+00
 -0.154183E+00
 -0.147429E+00
 -0.149342E+00
 -0.160932E+00
 -0.179923E+00
 -0.202106E+00
 -0.223973E+00
 -0.242086E+00
 -0.254894E+00
 -0.262545E+00
 -0.267194E+00
 -0.270466E+00
 -0.274434E+00
 -0.279238E+00
 -0.283445E+00
 -0.284703E+00
 -0.282651E+00
 -0.278645E+00
 -0.276165E+00
 -0.278626E+00
 -0.288186E+00
 -0.301837E+00
 -0.311840E+00
 -0.310628E+00
 -0.297443E+00
 -0.277495E+00
 -0.258993E+00
 -0.248261E+00
 -0.248609E+00
 -0.260101E+00
 -0.280613E+00
 -0.304909E+00
 -0.327903E+00
 -0.346836E+00
 -0.361795E+00
 -0.373213E+00
 -0.381121E+00
 -0.384379E+00
 -0.381931E+00
 -0.373281E+00
 -0.359746E+00
 -0.343175E+00
 -0.325351E+00
 -0.307528E+00
 -0.291671E+00
 -0.279460E+00
 -0.271761E+00
 -0.266792E+00
 -0.261829E+00
 -0.255405E+00
 -0.247660E+00
 -0.237132E+00
 -0.222090E+00
 -0.203072E+00
 -0.183465E+00
 -0.167364E+00
 -0.157635E+00
 -0.153963E+00
 -0.153425E+00
 -0.152764E+00
 -0.151362E+00
 -0.149995E+00
 -0.149323E+00
 -0.148971E+00
 -0.148343E+00
 -0.146426E+00
 -0.142588E+00
 -0.136331E+00
 -0.128479E+00
 -0.119827E+00
 -0.109627E+00
 -0.966881E-01
 -0.829058E-01
 -0.714759E-01
 -0.631661E-01
 -0.553663E-01
 -0.444640E-01
 -0.288548E-01
 -0.113505E-01
  0.376551E-02
  0.144176E-01
  0.214694E-01
  0.267391E-01
  0.310925E-01
  0.328763E-01
  0.294237E-01
  0.188101E-01
  0.163008E-02
 -0.193093E-01
 -0.403748E-01
 -0.588128E-01
 -0.728281E-01
 -0.819720E-01
 -0.860467E-01
 -0.848098E-01
 -0.786978E-01
 -0.689871E-01
 -0.557877E-01
 -0.381047E-01
 -0.152905E-01
  0.103356E-01
  0.342046E-01
  0.525955E-01
  0.660878E-01
  0.780682E-01
  0.919935E-01
  0.109150E+00
  0.128274E+00
  0.146293E+00
  0.160072E+00
  0.166419E+00
  0.163161E+00
  0.150893E+00
  0.133785E+00
  0.116510E+00
  0.102010E+00
  0.909017E-01
  0.834941E-01
  0.800130E-01
  0.792319E-01
  0.784411E-01
  0.771408E-01
  0.780777E-01
  0.859693E-01
  0.103685E+00
  0.130248E+00
  0.160701E+00
  0.189450E+00
  0.213731E+00
  0.234795E+00
  0.254472E+00
  0.273566E+00
  0.291443E+00
  0.307054E+00
  0.319236E+00
  0.328099E+00
  0.333919E+00
  0.337118E+00
  0.338343E+00
  0.338817E+00
  0.337806E+00
  0.334207E+00
  0.328342E+00
  0.322170E+00
  0.316423E+00
  0.310914E+00
  0.304411E+00
  0.296283E+00
  0.287066E+00
  0.278903E+00
  0.273887E+00
  0.273672E+00
  0.277407E+00
  0.282823E+00
  0.287285E+00
  0.289550E+00
  0.288853E+00
  0.285751E+00
  0.280469E+00
  0.273588E+00
  0.265189E+00
  0.256169E+00
  0.248439E+00
  0.244524E+00
  0.243295E+00
  0.241403E+00
  0.235581E+00
  0.224632E+00
  0.207956E+00
  0.186960E+00
  0.163590E+00
  0.139831E+00
  0.115888E+00
  0.928511E-01
  0.728250E-01
  0.589740E-01
  0.520165E-01
  0.508239E-01
  0.532073E-01
  0.587672E-01
  0.672627E-01
  0.788316E-01
  0.925582E-01
  0.107642E+00
  0.122408E+00
  0.136049E+00
  0.148729E+00
  0.161818E+00
  0.174987E+00
  0.187068E+00
  0.195419E+00
  0.198311E+00
  0.194719E+00
  0.185832E+00
  0.173607E+00
  0.160428E+00
  0.145689E+00
  0.127862E+00
  0.106550E+00
  0.847474E-01
  0.657159E-01
  0.520808E-01
  0.432117E-01
  0.373493E-01
  0.314231E-01
  0.234923E-01
  0.129233E-01
  0.220889E-02
 -0.559303E-02
 -0.755009E-02
 -0.339714E-02
  0.560312E-02
  0.159390E-01
  0.243242E-01
  0.282142E-01
  0.280312E-01
  0.252279E-01
  0.221243E-01
  0.200644E-01
  0.209886E-01
  0.249321E-01
  0.300352E-01
  0.324573E-01
  0.304058E-01
  0.234368E-01
  0.122237E-01
 -0.299357E-02
 -0.201070E-01
 -0.364060E-01
 -0.486580E-01
 -0.562195E-01
 -0.601224E-01
 -0.629962E-01
 -0.657267E-01
 -0.682300E-01
 -0.696140E-01
 -0.707555E-01
 -0.719683E-01
 -0.737999E-01
 -0.765345E-01
 -0.816546E-01
 -0.896150E-01
 -0.998094E-01
 -0.109044E+00
 -0.114561E+00
 -0.114846E+00
 -0.110893E+00
 -0.103356E+00
 -0.930830E-01
 -0.803180E-01
 -0.665879E-01
 -0.526453E-01
 -0.392054E-01
 -0.260569E-01
 -0.141735E-01
 -0.426413E-02
  0.324667E-02
  0.105340E-01
  0.203221E-01
  0.342134E-01
  0.491325E-01
  0.604200E-01
  0.638366E-01
  0.585617E-01
  0.453159E-01
  0.267122E-01
  0.497292E-02
 -0.169227E-01
 -0.372865E-01
 -0.556473E-01
 -0.734328E-01
 -0.908971E-01
 -0.108125E+00
 -0.124396E+00
 -0.139574E+00
 -0.153779E+00
 -0.169142E+00
 -0.187190E+00
 -0.208303E+00
 -0.230441E+00
 -0.250945E+00
 -0.266286E+00
 -0.274474E+00
 -0.274864E+00
 -0.268691E+00
 -0.256741E+00
 -0.240314E+00
 -0.221078E+00
 -0.203608E+00
 -0.192523E+00
 -0.188883E+00
 -0.189060E+00
 -0.189829E+00
 -0.189063E+00
 -0.186774E+00
 -0.183470E+00
 -0.180674E+00
 -0.178992E+00
 -0.177850E+00
 -0.174700E+00
 -0.168286E+00
 -0.158476E+00
 -0.146214E+00
 -0.132329E+00
 -0.118525E+00
 -0.106286E+00
 -0.973470E-01
 -0.920870E-01
 -0.895643E-01
 -0.873957E-01
 -0.846070E-01
 -0.820036E-01
 -0.822083E-01
 -0.860418E-01
 -0.922380E-01
 -0.985917E-01
 -0.104293E+00
 -0.108333E+00
 -0.109599E+00
 -0.106305E+00
 -0.981542E-01
 -0.866146E-01
 -0.746520E-01
 -0.637066E-01
 -0.536356E-01
 -0.424514E-01
 -0.281109E-01
 -0.940522E-02
  0.125621E-01
  0.353801E-01
  0.551950E-01
  0.694716E-01
  0.771201E-01
  0.782451E-01
  0.727669E-01
  0.608181E-01
  0.416874E-01
  0.153180E-01
 -0.173313E-01
 -0.536268E-01
 -0.917629E-01
 -0.130508E+00
 -0.168415E+00
 -0.202173E+00
 -0.229152E+00
 -0.248467E+00
 -0.262142E+00
 -0.272334E+00
 -0.281030E+00
 -0.290125E+00
 -0.302073E+00
 -0.317000E+00
 -0.332906E+00
 -0.346807E+00
 -0.357226E+00
 -0.364096E+00
 -0.368839E+00
 -0.373319E+00
 -0.380233E+00
 -0.390455E+00
 -0.402797E+00
 -0.414946E+00
 -0.425313E+00
 -0.433689E+00
 -0.441754E+00
 -0.451912E+00
 -0.466401E+00
 -0.485584E+00
 -0.508380E+00
 -0.533334E+00
 -0.559173E+00
 -0.583809E+00
 -0.605378E+00
 -0.623071E+00
 -0.638105E+00
 -0.652748E+00
 -0.667958E+00
 -0.681410E+00
 -0.689389E+00
 -0.690140E+00
 -0.685480E+00
 -0.678678E+00
 -0.671442E+00
 -0.663309E+00
 -0.653253E+00
 -0.641105E+00
 -0.626967E+00
 -0.610526E+00
 -0.590847E+00
 -0.567859E+00
 -0.542722E+00
 -0.517201E+00
 -0.492948E+00
 -0.471199E+00
 -0.451954E+00
 -0.435258E+00
 -0.421304E+00
 -0.409934E+00
 -0.400290E+00
 -0.391686E+00
 -0.382780E+00
 -0.372313E+00
 -0.359343E+00
 -0.344176E+00
 -0.327373E+00
 -0.309560E+00
 -0.291186E+00
 -0.273714E+00
 -0.258006E+00
 -0.243713E+00
 -0.229563E+00
 -0.215089E+00
 -0.199925E+00
 -0.184356E+00
 -0.168327E+00
 -0.151587E+00
 -0.133206E+00
 -0.113416E+00
 -0.932884E-01
 -0.743423E-01
 -0.566016E-01
 -0.392364E-01
 -0.207869E-01
 -0.306618E-03
  0.231095E-01
  0.494118E-01
  0.782393E-01
  0.107859E+00
  0.136840E+00
  0.164039E+00
  0.189374E+00
  0.211867E+00
  0.230216E+00
  0.243325E+00
  0.251184E+00
  0.253846E+00
  0.252666E+00
  0.249562E+00
  0.246284E+00
  0.243458E+00
  0.241402E+00
  0.239160E+00
  0.235408E+00
  0.229228E+00
  0.221025E+00
  0.211105E+00
  0.199106E+00
  0.183198E+00
  0.161764E+00
  0.135118E+00
  0.106160E+00
  0.782086E-01
  0.542050E-01
  0.360711E-01
  0.247499E-01
  0.193414E-01
  0.182804E-01
  0.204133E-01
  0.263050E-01
  0.370290E-01
  0.537367E-01
  0.765992E-01
  0.104467E+00
  0.133984E+00
  0.161281E+00
  0.183675E+00
  0.200935E+00
  0.213843E+00
  0.223866E+00
  0.232152E+00
  0.239117E+00
  0.243852E+00
  0.245333E+00
  0.242613E+00
  0.235606E+00
  0.225693E+00
  0.215071E+00
  0.204867E+00
  0.195622E+00
  0.187662E+00
  0.180658E+00
  0.172957E+00
  0.162939E+00
  0.150355E+00
  0.136898E+00
  0.125385E+00
  0.118201E+00
  0.115805E+00
  0.117220E+00
  0.120049E+00
  0.121748E+00
  0.120777E+00
  0.117773E+00
  0.114384E+00
  0.111658E+00
  0.109561E+00
  0.107282E+00
  0.103622E+00
  0.976322E-01
  0.891237E-01
  0.793369E-01
  0.699634E-01
  0.621157E-01
  0.562383E-01
  0.524701E-01
  0.503921E-01
  0.489820E-01
  0.467297E-01
  0.420599E-01
  0.339315E-01
  0.229349E-01
  0.117255E-01
  0.423788E-02
  0.356886E-02
  0.102172E-01
  0.217817E-01
  0.339416E-01
  0.434040E-01
  0.500223E-01
  0.561038E-01
  0.643511E-01
  0.763678E-01
  0.920452E-01
  0.109747E+00
  0.127178E+00
  0.142828E+00
  0.156514E+00
  0.168386E+00
  0.178082E+00
  0.185159E+00
  0.189444E+00
  0.190669E+00
  0.188274E+00
  0.182245E+00
  0.174037E+00
  0.166582E+00
  0.162027E+00
  0.160720E+00
  0.161997E+00
  0.165651E+00
  0.171088E+00
  0.176306E+00
  0.178330E+00
  0.175781E+00
  0.169435E+00
  0.161069E+00
  0.151655E+00
  0.141402E+00
  0.130556E+00
  0.119364E+00
  0.106955E+00
  0.922848E-01
  0.756605E-01
  0.591953E-01
  0.458068E-01
  0.377766E-01
  0.347690E-01
  0.339864E-01
  0.321926E-01
  0.278667E-01
  0.215748E-01
  0.152005E-01
  0.100778E-01
  0.654349E-02
  0.438313E-02
  0.344507E-02
  0.309087E-02
  0.263647E-02
  0.106618E-02
 -0.203586E-02
 -0.605232E-02
 -0.951730E-02
 -0.112322E-01
 -0.104526E-01
 -0.726205E-02
 -0.230395E-02
  0.351183E-02
  0.930457E-02
  0.141565E-01
  0.181030E-01
  0.218863E-01
  0.264984E-01
  0.325765E-01
  0.404836E-01
  0.501396E-01
  0.611160E-01
  0.722665E-01
  0.829076E-01
  0.929774E-01
  0.102882E+00
  0.113051E+00
  0.123359E+00
  0.132735E+00
  0.140587E+00
  0.147321E+00
  0.153981E+00
  0.160901E+00
  0.167274E+00
  0.171332E+00
  0.172040E+00
  0.169410E+00
  0.164803E+00
  0.159897E+00
  0.156338E+00
  0.154530E+00
  0.154079E+00
  0.153916E+00
  0.153195E+00
  0.151396E+00
  0.148735E+00
  0.145498E+00
  0.142566E+00
  0.140178E+00
  0.137847E+00
  0.134604E+00
  0.130350E+00
  0.124482E+00
  0.115894E+00
  0.104040E+00
  0.902442E-01
  0.764249E-01
  0.637781E-01
  0.519123E-01
  0.405098E-01
  0.296299E-01
  0.190942E-01
  0.788665E-02
 -0.460801E-02
 -0.190336E-01
 -0.357614E-01
 -0.551502E-01
 -0.765921E-01
 -0.993065E-01
 -0.122251E+00
 -0.144981E+00
 -0.167225E+00
 -0.188826E+00
 -0.208747E+00
 -0.225629E+00
 -0.238672E+00
 -0.248652E+00
 -0.256896E+00
 -0.264575E+00
 -0.272195E+00
 -0.280186E+00
 -0.288158E+00
 -0.295166E+00
 -0.300101E+00
 -0.303191E+00
 -0.304829E+00
 -0.305024E+00
 -0.303812E+00
 -0.302519E+00
 -0.302793E+00
 -0.305536E+00
 -0.310083E+00
 -0.315896E+00
 -0.323360E+00
 -0.333117E+00
 -0.344828E+00
 -0.357731E+00
 -0.370915E+00
 -0.383538E+00
 -0.395080E+00
 -0.405278E+00
 -0.413585E+00
 -0.419536E+00
 -0.423924E+00
 -0.428739E+00
 -0.436039E+00
 -0.446490E+00
 -0.459032E+00
 -0.471739E+00
 -0.482815E+00
 -0.491070E+00
 -0.497043E+00
 -0.502001E+00
 -0.506252E+00
 -0.508829E+00
 -0.508994E+00
 -0.506506E+00
 -0.501337E+00
 -0.492860E+00
 -0.480524E+00
 -0.464189E+00
 -0.445432E+00
 -0.427094E+00
 -0.412151E+00
 -0.401036E+00
 -0.391654E+00
 -0.380753E+00
 -0.366606E+00
 -0.349392E+00
 -0.331117E+00
 -0.313493E+00
 -0.297729E+00
 -0.283865E+00
 -0.271930E+00
 -0.261846E+00
 -0.253395E+00
 -0.245364E+00
 -0.237635E+00
 -0.230769E+00
 -0.225567E+00
 -0.221250E+00
 -0.216482E+00
 -0.209482E+00
 -0.199858E+00
 -0.188031E+00
 -0.175359E+00
 -0.162290E+00
 -0.149608E+00
 -0.138094E+00
 -0.128780E+00
 -0.121315E+00
 -0.115049E+00
 -0.108770E+00
 -0.101521E+00
 -0.921219E-01
 -0.801943E-01
 -0.658156E-01
 -0.503011E-01
 -0.342382E-01
 -0.175239E-01
  0.137348E-02
  0.237763E-01
  0.507163E-01
  0.812928E-01
  0.113966E+00
  0.146608E+00
  0.177588E+00
  0.205403E+00
  0.229796E+00
  0.250718E+00
  0.268570E+00
  0.282862E+00
  0.293346E+00
  0.300309E+00
  0.305151E+00
  0.308603E+00
  0.311335E+00
  0.312811E+00
  0.311604E+00
  0.305723E+00
  0.294557E+00
  0.279084E+00
  0.261548E+00
  0.243583E+00
  0.225756E+00
  0.207104E+00
  0.186852E+00
  0.164470E+00
  0.140595E+00
  0.116368E+00
  0.930844E-01
  0.717345E-01
  0.533321E-01
  0.378250E-01
  0.249157E-01
  0.141642E-01
  0.606251E-02
  0.884951E-03
 -0.180556E-02
 -0.302924E-02
 -0.279363E-02
 -0.611056E-03
  0.428001E-02
  0.115642E-01
  0.200977E-01
  0.276881E-01
  0.325755E-01
  0.338393E-01
  0.320908E-01
  0.281584E-01
  0.224388E-01
  0.144660E-01
  0.446682E-02
 -0.639110E-02
 -0.162926E-01
 -0.240739E-01
 -0.284087E-01
 -0.286929E-01
 -0.249717E-01
 -0.181856E-01
 -0.888295E-02
  0.255749E-02
  0.156863E-01
  0.298256E-01
  0.449670E-01
  0.609168E-01
  0.773612E-01
  0.937900E-01
  0.110482E+00
  0.127192E+00
  0.143022E+00
  0.156646E+00
  0.167632E+00
  0.175968E+00
  0.182229E+00
  0.186231E+00
  0.187703E+00
  0.187056E+00
  0.185670E+00
  0.184347E+00
  0.183018E+00
  0.180709E+00
  0.176481E+00
  0.169674E+00
  0.160609E+00
  0.149821E+00
  0.138226E+00
  0.126772E+00
  0.116124E+00
  0.105868E+00
  0.956174E-01
  0.853109E-01
  0.750487E-01
  0.644965E-01
  0.532838E-01
  0.412112E-01
  0.288876E-01
  0.170549E-01
  0.624530E-02
 -0.360808E-02
 -0.128342E-01
 -0.218275E-01
 -0.298300E-01
 -0.347320E-01
 -0.337230E-01
 -0.257321E-01
 -0.119770E-01
  0.488365E-02
  0.224813E-01
  0.393067E-01
  0.548334E-01
  0.685608E-01
  0.802095E-01
  0.894305E-01
  0.964930E-01
  0.101937E+00
  0.106095E+00
  0.108326E+00
  0.107331E+00
  0.101951E+00
  0.928272E-01
  0.821340E-01
  0.723593E-01
  0.650204E-01
  0.607283E-01
  0.591659E-01
  0.599094E-01
  0.624174E-01
  0.662688E-01
  0.708905E-01
  0.752063E-01
  0.774227E-01
  0.760558E-01
  0.702077E-01
  0.598046E-01
  0.455294E-01
  0.288232E-01
  0.111250E-01
 -0.635679E-02
 -0.230288E-01
 -0.388202E-01
 -0.536986E-01
 -0.677510E-01
 -0.811974E-01
 -0.938108E-01
 -0.105154E+00
 -0.114736E+00
 -0.122215E+00
 -0.126986E+00
 -0.128958E+00
 -0.129046E+00
 -0.128861E+00
 -0.129275E+00
 -0.129975E+00
 -0.130156E+00
 -0.129850E+00
 -0.129590E+00
 -0.129876E+00
 -0.130797E+00
 -0.132228E+00
 -0.134187E+00
 -0.137136E+00
 -0.141272E+00
 -0.146283E+00
 -0.151140E+00
 -0.155010E+00
 -0.157972E+00
 -0.161273E+00
 -0.165304E+00
 -0.169552E+00
 -0.173459E+00
 -0.177469E+00
 -0.181789E+00
 -0.185837E+00
 -0.188465E+00
 -0.189244E+00
 -0.188491E+00
 -0.187279E+00
 -0.186097E+00
 -0.184976E+00
 -0.183716E+00
 -0.182588E+00
 -0.182126E+00
 -0.183266E+00
 -0.186334E+00
 -0.191362E+00
 -0.197543E+00
 -0.203345E+00
 -0.206777E+00
 -0.207077E+00
 -0.204516E+00
 -0.200284E+00
 -0.195668E+00
 -0.192082E+00
 -0.190200E+00
 -0.190421E+00
 -0.192505E+00
 -0.196307E+00
 -0.201415E+00
 -0.207545E+00
 -0.213540E+00
 -0.218363E+00
 -0.220713E+00
 -0.219898E+00
 -0.215261E+00
 -0.207550E+00
 -0.198462E+00
 -0.190249E+00
 -0.183929E+00
 -0.179450E+00
 -0.175711E+00
 -0.172113E+00
 -0.167906E+00
 -0.162879E+00
 -0.156989E+00
 -0.151262E+00
 -0.146138E+00
 -0.141929E+00
 -0.138490E+00
 -0.136321E+00
 -0.135316E+00
 -0.135285E+00
 -0.136059E+00
 -0.138303E+00
 -0.142251E+00
 -0.148193E+00
 -0.155520E+00
 -0.164158E+00
 -0.173928E+00
 -0.185132E+00
 -0.197483E+00
 -0.211189E+00
 -0.225380E+00
 -0.238764E+00
 -0.249830E+00
 -0.257939E+00
 -0.262408E+00
 -0.263316E+00
 -0.260950E+00
 -0.256448E+00
 -0.250241E+00
 -0.242813E+00
 -0.234873E+00
 -0.228237E+00
 -0.222989E+00
 -0.218264E+00
 -0.212639E+00
 -0.206320E+00
 -0.199475E+00
 -0.192664E+00
 -0.186547E+00
 -0.182884E+00
 -0.182348E+00
 -0.184507E+00
 -0.187430E+00
 -0.189955E+00
 -0.190660E+00
 -0.189462E+00
 -0.186631E+00
 -0.182693E+00
 -0.176711E+00
 -0.168722E+00
 -0.159073E+00
 -0.149347E+00
 -0.140071E+00
 -0.131149E+00
 -0.121692E+00
 -0.112155E+00
 -0.102523E+00
 -0.930855E-01
 -0.838663E-01
 -0.758784E-01
 -0.691971E-01
 -0.636694E-01
 -0.578265E-01
 -0.511909E-01
 -0.431978E-01
 -0.340371E-01
 -0.235992E-01
 -0.129706E-01
 -0.248157E-02
  0.723222E-02
  0.163500E-01
  0.246934E-01
  0.330390E-01
  0.415625E-01
  0.499592E-01
  0.565407E-01
  0.607894E-01
  0.631143E-01
  0.650182E-01
  0.666952E-01
  0.683227E-01
  0.698272E-01
  0.719982E-01
  0.743485E-01
  0.770549E-01
  0.801794E-01
  0.843218E-01
  0.887910E-01
  0.932739E-01
  0.967907E-01
  0.987174E-01
  0.979890E-01
  0.948313E-01
  0.898298E-01
  0.843391E-01
  0.784014E-01
  0.720916E-01
  0.650356E-01
  0.573391E-01
  0.483040E-01
  0.384799E-01
  0.285347E-01
  0.195297E-01
  0.113301E-01
  0.417089E-02
 -0.216450E-02
 -0.757467E-02
 -0.132352E-01
 -0.198099E-01
 -0.277581E-01
 -0.362065E-01
 -0.449848E-01
 -0.535933E-01
 -0.620210E-01
 -0.698190E-01
 -0.773118E-01
 -0.838467E-01
 -0.893417E-01
 -0.934933E-01
 -0.966965E-01
 -0.983429E-01
 -0.982049E-01
 -0.960998E-01
 -0.932135E-01
 -0.892215E-01
 -0.832320E-01
 -0.744291E-01
 -0.637485E-01
 -0.515058E-01
 -0.380270E-01
 -0.234163E-01
 -0.869161E-02
  0.622677E-02
  0.211831E-01
  0.362903E-01
  0.507566E-01
  0.647228E-01
  0.784132E-01
  0.924747E-01
  0.106301E+00
  0.119553E+00
  0.131750E+00
  0.142862E+00
  0.151912E+00
  0.159471E+00
  0.166518E+00
  0.174071E+00
  0.181450E+00
  0.188449E+00
  0.194911E+00
  0.201329E+00
  0.207031E+00
  0.211527E+00
  0.214049E+00
  0.214538E+00
  0.212775E+00
  0.209940E+00
  0.207525E+00
  0.206675E+00
  0.207150E+00
  0.209081E+00
  0.212247E+00
  0.216121E+00
  0.218741E+00
  0.218365E+00
  0.213878E+00
  0.206160E+00
  0.196289E+00
  0.185709E+00
  0.174924E+00
  0.164147E+00
  0.153011E+00
  0.142007E+00
  0.131920E+00
  0.123849E+00
  0.117319E+00
  0.111441E+00
  0.105060E+00
  0.979713E-01
  0.899831E-01
  0.816090E-01
  0.734689E-01
  0.663602E-01
  0.600563E-01
  0.542192E-01
  0.484600E-01
  0.428767E-01
  0.366143E-01
  0.286721E-01
  0.175456E-01
  0.282847E-02
 -0.149101E-01
 -0.336204E-01
 -0.513359E-01
 -0.667479E-01
 -0.802513E-01
 -0.917287E-01
 -0.100807E+00
 -0.106967E+00
 -0.110858E+00
 -0.113092E+00
 -0.114308E+00
 -0.114520E+00
 -0.114278E+00
 -0.113712E+00
 -0.113054E+00
 -0.111786E+00
 -0.109422E+00
 -0.105162E+00
 -0.991946E-01
 -0.916521E-01
 -0.830372E-01
 -0.732311E-01
 -0.626988E-01
 -0.521576E-01
 -0.427851E-01
 -0.346030E-01
 -0.272569E-01
 -0.197703E-01
 -0.115701E-01
 -0.202511E-02
  0.852776E-02
  0.196129E-01
  0.299133E-01
  0.388639E-01
  0.465654E-01
  0.542783E-01
  0.624874E-01
  0.714909E-01
  0.810845E-01
  0.916243E-01
  0.103052E+00
  0.115896E+00
  0.130561E+00
  0.147746E+00
  0.167165E+00
  0.188347E+00
  0.210168E+00
  0.232097E+00
  0.253456E+00
  0.274070E+00
  0.293398E+00
  0.310983E+00
  0.326079E+00
  0.339103E+00
  0.350672E+00
  0.361445E+00
  0.371433E+00
  0.381132E+00
  0.390767E+00
  0.400158E+00
  0.407942E+00
  0.413204E+00
  0.415873E+00
  0.416576E+00
  0.415302E+00
  0.411660E+00
  0.405294E+00
  0.396586E+00
  0.386256E+00
  0.375795E+00
  0.366430E+00
  0.358446E+00
  0.351220E+00
  0.344252E+00
  0.336864E+00
  0.328574E+00
  0.318907E+00
  0.307951E+00
  0.295834E+00
  0.282972E+00
  0.269428E+00
  0.255181E+00
  0.240239E+00
  0.224470E+00
  0.207628E+00
  0.190378E+00
  0.173844E+00
  0.158829E+00
  0.145355E+00
  0.133209E+00
  0.122337E+00
  0.112873E+00
  0.104613E+00
  0.969552E-01
  0.893255E-01
  0.820234E-01
  0.761880E-01
  0.730354E-01
  0.729012E-01
  0.752687E-01
  0.791619E-01
  0.833457E-01
  0.867294E-01
  0.888613E-01
  0.897981E-01
  0.898333E-01
  0.893949E-01
  0.885861E-01
  0.873547E-01
  0.859106E-01
  0.847007E-01
  0.837514E-01
  0.824935E-01
  0.805513E-01
  0.782726E-01
  0.762890E-01
  0.746427E-01
  0.724693E-01
  0.683425E-01
  0.609831E-01
  0.498310E-01
  0.349906E-01
  0.173831E-01
 -0.163838E-02
 -0.208810E-01
 -0.401880E-01
 -0.601979E-01
 -0.817099E-01
 -0.105231E+00
 -0.130837E+00
 -0.158484E+00
 -0.188308E+00
 -0.220180E+00
 -0.253470E+00
 -0.287249E+00
 -0.320672E+00
 -0.353230E+00
 -0.384775E+00
 -0.415434E+00
 -0.445228E+00
 -0.474150E+00
 -0.501949E+00
 -0.528486E+00
 -0.553811E+00
 -0.578105E+00
 -0.601384E+00
 -0.623717E+00
 -0.645213E+00
 -0.665991E+00
 -0.685461E+00
 -0.703223E+00
 -0.719059E+00
 -0.733278E+00
 -0.746067E+00
 -0.758160E+00
 -0.770184E+00
 -0.782602E+00
 -0.794895E+00
 -0.806178E+00
 -0.815135E+00
 -0.821384E+00
 -0.824929E+00
 -0.826591E+00
 -0.827336E+00
 -0.828905E+00
 -0.831630E+00
 -0.835103E+00
 -0.838348E+00
 -0.841575E+00
 -0.844519E+00
 -0.847234E+00
 -0.849408E+00
 -0.851468E+00
 -0.852943E+00
 -0.853748E+00
 -0.853529E+00
 -0.853195E+00
 -0.852648E+00
 -0.851601E+00
 -0.848646E+00
 -0.843984E+00
 -0.837261E+00
 -0.828869E+00
 -0.818466E+00
 -0.806861E+00
 -0.793559E+00
 -0.778606E+00
 -0.761779E+00
 -0.744872E+00
 -0.728664E+00
 -0.713816E+00
 -0.699731E+00
 -0.687169E+00
 -0.675304E+00
 -0.663625E+00
 -0.650955E+00
 -0.638496E+00
 -0.625832E+00
 -0.612933E+00
 -0.598845E+00
 -0.584821E+00
 -0.570951E+00
 -0.557661E+00
 -0.544403E+00
 -0.532827E+00
 -0.522761E+00
 -0.513648E+00
 -0.503203E+00
 -0.491298E+00
 -0.476998E+00
 -0.460570E+00
 -0.441520E+00
 -0.421679E+00
 -0.400667E+00
 -0.378532E+00
 -0.354552E+00
 -0.330048E+00
 -0.304536E+00
 -0.277972E+00
 -0.249402E+00
 -0.220542E+00
 -0.191787E+00
 -0.163997E+00
 -0.136554E+00
 -0.110743E+00
 -0.859077E-01
 -0.618208E-01
 -0.374159E-01
 -0.147475E-01
  0.571799E-02
  0.232956E-01
  0.384922E-01
  0.494637E-01
  0.561005E-01
  0.582481E-01
  0.576300E-01
  0.539342E-01
  0.481455E-01
  0.402686E-01
  0.314308E-01
  0.206663E-01
  0.901762E-02
 -0.263411E-02
 -0.125761E-01
 -0.220255E-01
 -0.307079E-01
 -0.388801E-01
 -0.457014E-01
 -0.524375E-01
 -0.585095E-01
 -0.639697E-01
 -0.682842E-01
 -0.730905E-01
 -0.778749E-01
 -0.822638E-01
 -0.850408E-01
 -0.878963E-01
 -0.912527E-01
 -0.957305E-01
 -0.100478E+00
 -0.106995E+00
 -0.114684E+00
 -0.123445E+00
 -0.132175E+00
 -0.141904E+00
 -0.151827E+00
 -0.161539E+00
 -0.169435E+00
 -0.176587E+00
 -0.182733E+00
 -0.188474E+00
 -0.193396E+00
 -0.199313E+00
 -0.205875E+00
 -0.212830E+00
 -0.218989E+00
 -0.225966E+00
 -0.233471E+00
 -0.241293E+00
 -0.247628E+00
 -0.252968E+00
 -0.256171E+00
 -0.256813E+00
 -0.253387E+00
 -0.247024E+00
 -0.237134E+00
 -0.224134E+00
 -0.207999E+00
 -0.191420E+00
 -0.174942E+00
 -0.158932E+00
 -0.141554E+00
 -0.123507E+00
 -0.104121E+00
 -0.840388E-01
 -0.627629E-01
 -0.420128E-01
 -0.223991E-01
 -0.456404E-02
  0.126630E-01
  0.275815E-01
  0.402832E-01
  0.509536E-01
  0.610335E-01
  0.685615E-01
  0.738510E-01
  0.765046E-01
  0.770107E-01
  0.743943E-01
  0.697116E-01
  0.639959E-01
  0.595972E-01
  0.559635E-01
  0.529569E-01
  0.501914E-01
  0.479736E-01
  0.451680E-01
  0.417945E-01
  0.381658E-01
  0.357324E-01
  0.332398E-01
  0.323517E-01
  0.335627E-01
  0.383912E-01
  0.451405E-01
  0.540501E-01
  0.645235E-01
  0.772268E-01
  0.902273E-01
  0.103350E+00
  0.116445E+00
  0.130724E+00
  0.144865E+00
  0.159372E+00
  0.174122E+00
  0.190217E+00
  0.206443E+00
  0.223566E+00
  0.241858E+00
  0.262418E+00
  0.283273E+00
  0.303854E+00
  0.322983E+00
  0.340965E+00
  0.356320E+00
  0.369975E+00
  0.382611E+00
  0.395644E+00
  0.407714E+00
  0.419154E+00
  0.429777E+00
  0.440594E+00
  0.450688E+00
  0.460769E+00
  0.470706E+00
  0.481293E+00
  0.491167E+00
  0.501692E+00
  0.513940E+00
  0.529495E+00
  0.547264E+00
  0.567058E+00
  0.588012E+00
  0.609868E+00
  0.630255E+00
  0.648335E+00
  0.663350E+00
  0.676034E+00
  0.685660E+00
  0.693227E+00
  0.699658E+00
  0.706524E+00
  0.713124E+00
  0.719986E+00
  0.726863E+00
  0.734076E+00
  0.740360E+00
  0.745527E+00
  0.749122E+00
  0.751611E+00
  0.752197E+00
  0.751278E+00
  0.748976E+00
  0.746003E+00
  0.741764E+00
  0.736447E+00
  0.729846E+00
  0.722636E+00
  0.714216E+00
  0.705045E+00
  0.695055E+00
  0.684582E+00
  0.672694E+00
  0.659415E+00
  0.644898E+00
  0.630363E+00
  0.616326E+00
  0.603791E+00
  0.592887E+00
  0.583343E+00
  0.573457E+00
  0.562360E+00
  0.549493E+00
  0.534863E+00
  0.517819E+00
  0.498670E+00
  0.477872E+00
  0.456737E+00
  0.436095E+00
  0.417075E+00
  0.400047E+00
  0.385249E+00
  0.371804E+00
  0.359344E+00
  0.347776E+00
  0.337609E+00
  0.328282E+00
  0.319408E+00
  0.310422E+00
  0.301335E+00
  0.291878E+00
  0.282100E+00
  0.271525E+00
  0.259840E+00
  0.246567E+00
  0.232074E+00
  0.216750E+00
  0.200938E+00
  0.183712E+00
  0.163964E+00
  0.140640E+00
  0.113571E+00
  0.828831E-01
  0.493609E-01
  0.141347E-01
 -0.216105E-01
 -0.574167E-01
 -0.925875E-01
 -0.126489E+00
 -0.158323E+00
 -0.187710E+00
 -0.214109E+00
 -0.237473E+00
 -0.257923E+00
 -0.275980E+00
 -0.291767E+00
 -0.305834E+00
 -0.318772E+00
 -0.331663E+00
 -0.344898E+00
 -0.358870E+00
 -0.373549E+00
 -0.389307E+00
 -0.405811E+00
 -0.422829E+00
 -0.439980E+00
 -0.457475E+00
 -0.474973E+00
 -0.492338E+00
 -0.509011E+00
 -0.524823E+00
 -0.539082E+00
 -0.551695E+00
 -0.562733E+00
 -0.572961E+00
 -0.581998E+00
 -0.589370E+00
 -0.594410E+00
 -0.597832E+00
 -0.599709E+00
 -0.600255E+00
 -0.598996E+00
 -0.596470E+00
 -0.592537E+00
 -0.587287E+00
 -0.580422E+00
 -0.572715E+00
 -0.564244E+00
 -0.555461E+00
 -0.546321E+00
 -0.537564E+00
 -0.528787E+00
 -0.519612E+00
 -0.508643E+00
 -0.496044E+00
 -0.481071E+00
 -0.463898E+00
 -0.444676E+00
 -0.424933E+00
 -0.405038E+00
 -0.385346E+00
 -0.365699E+00
 -0.347584E+00
 -0.331776E+00
 -0.319048E+00
 -0.308720E+00
 -0.301011E+00
 -0.294909E+00
 -0.289431E+00
 -0.282891E+00
 -0.275321E+00
 -0.265604E+00
 -0.253348E+00
 -0.237868E+00
 -0.220625E+00
 -0.202363E+00
 -0.184246E+00
 -0.166574E+00
 -0.150631E+00
 -0.135533E+00
 -0.120172E+00
 -0.103096E+00
 -0.852420E-01
 -0.666833E-01
 -0.475868E-01
 -0.271867E-01
 -0.672867E-02
  0.140841E-01
  0.353522E-01
  0.578296E-01
  0.803831E-01
  0.103124E+00
  0.125881E+00
  0.149103E+00
  0.171659E+00
  0.193914E+00
  0.215779E+00
  0.237725E+00
  0.258396E+00
  0.277080E+00
  0.292484E+00
  0.304218E+00
  0.310487E+00
  0.311173E+00
  0.305976E+00
  0.295451E+00
  0.278968E+00
  0.257178E+00
  0.230462E+00
  0.199977E+00
  0.165992E+00
  0.130433E+00
  0.950034E-01
  0.615823E-01
  0.300986E-01
  0.109571E-02
 -0.252710E-01
 -0.485877E-01
 -0.707647E-01
 -0.928151E-01
 -0.115815E+00
 -0.139807E+00
 -0.165788E+00
 -0.193232E+00
 -0.221417E+00
 -0.248932E+00
 -0.276195E+00
 -0.302668E+00
 -0.328251E+00
 -0.351992E+00
 -0.374280E+00
 -0.394193E+00
 -0.410976E+00
 -0.423387E+00
 -0.432082E+00
 -0.436565E+00
 -0.436892E+00
 -0.432447E+00
 -0.424385E+00
 -0.412759E+00
 -0.398154E+00
 -0.380449E+00
 -0.361006E+00
 -0.339803E+00
 -0.317430E+00
 -0.293674E+00
 -0.270101E+00
 -0.246840E+00
 -0.224029E+00
 -0.201090E+00
 -0.179575E+00
 -0.159512E+00
 -0.141024E+00
 -0.123193E+00
 -0.107239E+00
 -0.931362E-01
 -0.810959E-01
 -0.700567E-01
 -0.607595E-01
 -0.528996E-01
 -0.472072E-01
 -0.438608E-01
 -0.443820E-01
 -0.482950E-01
 -0.549400E-01
 -0.626509E-01
 -0.721115E-01
 -0.827798E-01
 -0.945072E-01
 -0.106538E+00
 -0.120445E+00
 -0.136351E+00
 -0.154411E+00
 -0.173519E+00
 -0.194153E+00
 -0.215287E+00
 -0.236366E+00
 -0.256104E+00
 -0.275581E+00
 -0.294468E+00
 -0.312559E+00
 -0.328344E+00
 -0.342560E+00
 -0.354575E+00
 -0.364473E+00
 -0.371576E+00
 -0.377386E+00
 -0.381940E+00
 -0.385578E+00
 -0.387581E+00
 -0.389594E+00
 -0.391813E+00
 -0.394746E+00
 -0.397456E+00
 -0.400628E+00
 -0.402919E+00
 -0.403166E+00
 -0.399449E+00
 -0.392886E+00
 -0.383355E+00
 -0.371207E+00
 -0.355590E+00
 -0.337908E+00
 -0.317776E+00
 -0.295175E+00
 -0.268860E+00
 -0.240031E+00
 -0.208416E+00
 -0.174602E+00
 -0.138359E+00
 -0.101987E+00
 -0.660074E-01
 -0.310092E-01
  0.390799E-02
  0.368239E-01
  0.677432E-01
  0.962083E-01
  0.122816E+00
  0.145956E+00
  0.165959E+00
  0.182678E+00
  0.197287E+00
  0.208756E+00
  0.218064E+00
  0.225723E+00
  0.233302E+00
  0.239838E+00
  0.245999E+00
  0.252051E+00
  0.259126E+00
  0.265789E+00
  0.272179E+00
  0.277891E+00
  0.283225E+00
  0.286099E+00
  0.286197E+00
  0.283259E+00
  0.278408E+00
  0.270522E+00
  0.259972E+00
  0.246671E+00
  0.231780E+00
  0.214669E+00
  0.196666E+00
  0.178922E+00
  0.163278E+00
  0.148589E+00
  0.135265E+00
  0.123403E+00
  0.114063E+00
  0.106039E+00
  0.991177E-01
  0.925842E-01
  0.865613E-01
  0.793583E-01
  0.711113E-01
  0.620339E-01
  0.536433E-01
  0.453577E-01
  0.378569E-01
  0.313262E-01
  0.270184E-01
  0.239264E-01
  0.225527E-01
  0.228237E-01
  0.252748E-01
  0.283999E-01
  0.320909E-01
  0.357107E-01
  0.396468E-01
  0.419393E-01
  0.420681E-01
  0.395777E-01
  0.356891E-01
  0.299911E-01
  0.237051E-01
  0.176155E-01
  0.130550E-01
  0.884250E-02
  0.576549E-02
  0.434722E-02
  0.603365E-02
  0.994539E-02
  0.163670E-01
  0.251510E-01
  0.372443E-01
  0.514801E-01
  0.679002E-01
  0.859091E-01
  0.105901E+00
  0.126719E+00
  0.149119E+00
  0.173247E+00
  0.199751E+00
  0.226295E+00
  0.251933E+00
  0.275384E+00
  0.296315E+00
  0.313013E+00
  0.325942E+00
  0.335711E+00
  0.343971E+00
  0.350360E+00
  0.355494E+00
  0.359270E+00
  0.361916E+00
  0.361647E+00
  0.358139E+00
  0.351071E+00
  0.341194E+00
  0.327290E+00
  0.309655E+00
  0.288478E+00
  0.265039E+00
  0.239151E+00
  0.211677E+00
  0.183005E+00
  0.154277E+00
  0.125031E+00
  0.962859E-01
  0.683184E-01
  0.417428E-01
  0.156739E-01
 -0.916731E-02
 -0.321817E-01
 -0.523377E-01
 -0.708003E-01
 -0.874343E-01
 -0.102217E+00
 -0.114354E+00
 -0.124763E+00
 -0.133255E+00
 -0.140183E+00
 -0.145143E+00
 -0.149342E+00
 -0.152951E+00
 -0.156507E+00
 -0.159730E+00
 -0.163987E+00
 -0.168969E+00
 -0.174541E+00
 -0.179708E+00
 -0.185481E+00
 -0.191196E+00
 -0.196535E+00
 -0.200512E+00
 -0.204104E+00
 -0.207182E+00
 -0.209942E+00
 -0.211771E+00
 -0.213676E+00
 -0.215284E+00
 -0.216434E+00
 -0.216117E+00
 -0.215185E+00
 -0.213246E+00
 -0.210237E+00
 -0.205168E+00
 -0.199017E+00
 -0.191559E+00
 -0.183031E+00
 -0.172972E+00
 -0.162825E+00
 -0.152754E+00
 -0.143088E+00
 -0.133028E+00
 -0.123419E+00
 -0.113747E+00
 -0.104048E+00
 -0.936794E-01
 -0.838551E-01
 -0.742150E-01
 -0.643571E-01
 -0.528497E-01
 -0.407133E-01
 -0.275400E-01
 -0.133298E-01
  0.253739E-02
  0.186290E-01
  0.348503E-01
  0.507296E-01
  0.669441E-01
  0.825790E-01
  0.982972E-01
  0.114375E+00
  0.131648E+00
  0.148844E+00
  0.165944E+00
  0.182756E+00
  0.200270E+00
  0.217550E+00
  0.235123E+00
  0.252867E+00
  0.271220E+00
  0.288494E+00
  0.304181E+00
  0.317650E+00
  0.329650E+00
  0.339682E+00
  0.348732E+00
  0.357191E+00
  0.365879E+00
  0.373719E+00
  0.381001E+00
  0.387784E+00
  0.395150E+00
  0.402049E+00
  0.408801E+00
  0.415498E+00
  0.423085E+00
  0.430742E+00
  0.438423E+00
  0.445239E+00
  0.450844E+00
  0.453560E+00
  0.453277E+00
  0.449995E+00
  0.444803E+00
  0.437290E+00
  0.428148E+00
  0.417655E+00
  0.406586E+00
  0.394083E+00
  0.380431E+00
  0.365656E+00
  0.350325E+00
  0.333704E+00
  0.316122E+00
  0.297656E+00
  0.278736E+00
  0.258314E+00
  0.236542E+00
  0.213648E+00
  0.190467E+00
  0.166582E+00
  0.142301E+00
  0.117871E+00
  0.941446E-01
  0.704177E-01
  0.468821E-01
  0.234554E-01
  0.818902E-03
 -0.211564E-01
 -0.415394E-01
 -0.598543E-01
 -0.753663E-01
 -0.888502E-01
 -0.100212E+00
 -0.109580E+00
 -0.116487E+00
 -0.121638E+00
 -0.124714E+00
 -0.125577E+00
 -0.123642E+00
 -0.119890E+00
 -0.114727E+00
 -0.109056E+00
 -0.103163E+00
 -0.981150E-01
 -0.938075E-01
 -0.903094E-01
 -0.872758E-01
 -0.857957E-01
 -0.861346E-01
 -0.884201E-01
 -0.918025E-01
 -0.965692E-01
 -0.102078E+00
 -0.107981E+00
 -0.113535E+00
 -0.119629E+00
 -0.126011E+00
 -0.132438E+00
 -0.137997E+00
 -0.143065E+00
 -0.147385E+00
 -0.151173E+00
 -0.154276E+00
 -0.157960E+00
 -0.162465E+00
 -0.168111E+00
 -0.174693E+00
 -0.183110E+00
 -0.192910E+00
 -0.203703E+00
 -0.214345E+00
 -0.225302E+00
 -0.236077E+00
 -0.246655E+00
 -0.256406E+00
 -0.266279E+00
 -0.276143E+00
 -0.286141E+00
 -0.295641E+00
 -0.305379E+00
 -0.315195E+00
 -0.325433E+00
 -0.335681E+00
 -0.346638E+00
 -0.357639E+00
 -0.368116E+00
 -0.376914E+00
 -0.384953E+00
 -0.391995E+00
 -0.398106E+00
 -0.402777E+00
 -0.407354E+00
 -0.411972E+00
 -0.416564E+00
 -0.419765E+00
 -0.421633E+00
 -0.421015E+00
 -0.417598E+00
 -0.410734E+00
 -0.401787E+00
 -0.391027E+00
 -0.378992E+00
 -0.365130E+00
 -0.350817E+00
 -0.335931E+00
 -0.320447E+00
 -0.303589E+00
 -0.286842E+00
 -0.270505E+00
 -0.254946E+00
 -0.239325E+00
 -0.224456E+00
 -0.209484E+00
 -0.193953E+00
 -0.176899E+00
 -0.159600E+00
 -0.141863E+00
 -0.123598E+00
 -0.103772E+00
 -0.837637E-01
 -0.636156E-01
 -0.439284E-01
 -0.243906E-01
 -0.630213E-02
  0.106910E-01
  0.265664E-01
  0.420973E-01
  0.559747E-01
  0.683774E-01
  0.788716E-01
  0.879660E-01
  0.943860E-01
  0.985934E-01
  0.101053E+00
  0.103146E+00
  0.103908E+00
  0.103787E+00
  0.102841E+00
  0.101901E+00
  0.997597E-01
  0.965683E-01
  0.921232E-01
  0.869697E-01
  0.799243E-01
  0.715906E-01
  0.623626E-01
  0.535016E-01
  0.441781E-01
  0.350348E-01
  0.268639E-01
  0.212869E-01
  0.171639E-01
  0.143915E-01
  0.121964E-01
  0.104740E-01
  0.759175E-02
  0.377538E-02
 -0.708593E-03
 -0.461844E-02
 -0.867074E-02
 -0.122243E-01
 -0.151810E-01
 -0.168212E-01
 -0.185247E-01
 -0.201571E-01
 -0.216008E-01
 -0.215682E-01
 -0.207088E-01
 -0.182665E-01
 -0.141826E-01
 -0.808568E-02
 -0.189405E-02
  0.389299E-02
  0.877004E-02
  0.134976E-01
  0.171349E-01
  0.201333E-01
  0.225903E-01
  0.252902E-01
  0.271055E-01
  0.284064E-01
  0.292949E-01
  0.307575E-01
  0.313843E-01
  0.315481E-01
  0.315690E-01
  0.325877E-01
  0.338205E-01
  0.358181E-01
  0.386057E-01
  0.428739E-01
  0.472707E-01
  0.519738E-01
  0.568312E-01
  0.624657E-01
  0.674692E-01
  0.715785E-01
  0.743858E-01
  0.764913E-01
  0.766771E-01
  0.753086E-01
  0.725597E-01
  0.693994E-01
  0.648758E-01
  0.592288E-01
  0.520987E-01
  0.441081E-01
  0.341612E-01
  0.228841E-01
  0.106637E-01
 -0.132644E-02
 -0.138613E-01
 -0.264283E-01
 -0.386880E-01
 -0.494320E-01
 -0.598417E-01
 -0.696116E-01
 -0.785289E-01
 -0.853798E-01
 -0.908959E-01
 -0.947278E-01
 -0.970475E-01
 -0.971888E-01
 -0.962121E-01
 -0.939752E-01
 -0.907428E-01
 -0.859267E-01
 -0.806712E-01
 -0.747599E-01
 -0.683617E-01
 -0.607769E-01
 -0.534008E-01
 -0.461568E-01
 -0.391604E-01
 -0.317360E-01
 -0.251366E-01
 -0.190454E-01
 -0.132517E-01
 -0.652478E-02
  0.333817E-03
  0.762644E-02
  0.150667E-01
  0.234647E-01
  0.317807E-01
  0.403122E-01
  0.488769E-01
  0.581724E-01
  0.664951E-01
  0.738854E-01
  0.802509E-01
  0.864964E-01
  0.918336E-01
  0.965500E-01
  0.100181E+00
  0.103172E+00
  0.104177E+00
  0.103655E+00
  0.102047E+00
  0.100711E+00
  0.991354E-01
  0.979692E-01
  0.972996E-01
  0.980027E-01
  0.988455E-01
  0.100012E+00
  0.101248E+00
  0.103249E+00
  0.105088E+00
  0.107308E+00
  0.110047E+00
  0.114055E+00
  0.117972E+00
  0.121789E+00
  0.125109E+00
  0.128055E+00
  0.128857E+00
  0.127204E+00
  0.122695E+00
  0.116095E+00
  0.106604E+00
  0.952838E-01
  0.832198E-01
  0.721169E-01
  0.616835E-01
  0.525336E-01
  0.445610E-01
  0.380923E-01
  0.317093E-01
  0.254548E-01
  0.194984E-01
  0.150450E-01
  0.113516E-01
  0.854398E-02
  0.631351E-02
  0.520863E-02
  0.418375E-02
  0.385700E-02
  0.452603E-02
  0.704932E-02
  0.104227E-01
  0.144906E-01
  0.187619E-01
  0.236744E-01
  0.281904E-01
  0.326944E-01
  0.371434E-01
  0.421116E-01
  0.465090E-01
  0.505374E-01
  0.542140E-01
  0.583820E-01
  0.617324E-01
  0.641841E-01
  0.654974E-01
  0.664691E-01
  0.664023E-01
  0.655992E-01
  0.639161E-01
  0.619098E-01
  0.586115E-01
  0.545588E-01
  0.501399E-01
  0.462796E-01
  0.420350E-01
  0.373392E-01
  0.316550E-01
  0.254119E-01
  0.175607E-01
  0.855415E-02
 -0.109302E-02
 -0.997204E-02
 -0.184341E-01
 -0.260738E-01
 -0.331500E-01
 -0.393102E-01
 -0.458319E-01
 -0.525131E-01
 -0.593547E-01
 -0.654531E-01
 -0.715687E-01
 -0.773784E-01
 -0.829217E-01
 -0.876268E-01
 -0.929648E-01
 -0.991091E-01
 -0.106122E+00
 -0.112854E+00
 -0.119850E+00
 -0.126588E+00
 -0.133020E+00
 -0.138438E+00
 -0.143921E+00
 -0.149240E+00
 -0.154528E+00
 -0.159077E+00
 -0.163923E+00
 -0.169043E+00
 -0.174620E+00
 -0.179860E+00
 -0.185568E+00
 -0.191154E+00
 -0.196477E+00
 -0.200642E+00
 -0.204454E+00
 -0.207323E+00
 -0.209166E+00
 -0.209315E+00
 -0.209076E+00
 -0.208120E+00
 -0.206287E+00
 -0.202743E+00
 -0.198769E+00
 -0.194510E+00
 -0.190247E+00
 -0.184935E+00
 -0.179482E+00
 -0.173173E+00
 -0.165908E+00
 -0.157095E+00
 -0.148244E+00
 -0.139484E+00
 -0.131324E+00
 -0.123364E+00
 -0.117005E+00
 -0.112014E+00
 -0.108292E+00
 -0.104835E+00
 -0.102659E+00
 -0.101329E+00
 -0.100442E+00
 -0.985125E-01
 -0.960613E-01
 -0.922808E-01
 -0.869108E-01
 -0.792401E-01
 -0.705266E-01
 -0.607599E-01
 -0.502632E-01
 -0.386210E-01
 -0.272990E-01
 -0.160393E-01
 -0.470352E-02
  0.772162E-02
  0.201008E-01
  0.327122E-01
  0.454987E-01
  0.594963E-01
  0.734280E-01
  0.875939E-01
  0.101748E+00
  0.116306E+00
  0.129616E+00
  0.141507E+00
  0.151677E+00
  0.161083E+00
  0.168880E+00
  0.175567E+00
  0.181164E+00
  0.186589E+00
  0.190879E+00
  0.194496E+00
  0.197605E+00
  0.201132E+00
  0.203926E+00
  0.205927E+00
  0.206768E+00
  0.206882E+00
  0.205127E+00
  0.201807E+00
  0.197080E+00
  0.192018E+00
  0.185816E+00
  0.179014E+00
  0.171922E+00
  0.165641E+00
  0.159362E+00
  0.153245E+00
  0.147108E+00
  0.141668E+00
  0.135641E+00
  0.129287E+00
  0.122537E+00
  0.115985E+00
  0.108575E+00
  0.100613E+00
  0.921625E-01
  0.840122E-01
  0.751711E-01
  0.658455E-01
  0.561289E-01
  0.469914E-01
  0.378599E-01
  0.294960E-01
  0.222718E-01
  0.171424E-01
  0.129709E-01
  0.946469E-02
  0.601010E-02
  0.281519E-02
 -0.124619E-02
 -0.572705E-02
 -0.103171E-01
 -0.139123E-01
 -0.172440E-01
 -0.200123E-01
 -0.223537E-01
 -0.239341E-01
 -0.263099E-01
 -0.298498E-01
 -0.349386E-01
 -0.407040E-01
 -0.481018E-01
 -0.566844E-01
 -0.662382E-01
 -0.758132E-01
 -0.861168E-01
 -0.967955E-01
 -0.107756E+00
 -0.118097E+00
 -0.128488E+00
 -0.138279E+00
 -0.147138E+00
 -0.154149E+00
 -0.160249E+00
 -0.165282E+00
 -0.169386E+00
 -0.171889E+00
 -0.173657E+00
 -0.174022E+00
 -0.172536E+00
 -0.168257E+00
 -0.162310E+00
 -0.154611E+00
 -0.145258E+00
 -0.133615E+00
 -0.121009E+00
 -0.107634E+00
 -0.939961E-01
 -0.794368E-01
 -0.649665E-01
 -0.502957E-01
 -0.354352E-01
 -0.194311E-01
 -0.341728E-02
  0.130160E-01
  0.298527E-01
  0.477330E-01
  0.655958E-01
  0.836990E-01
  0.101827E+00
  0.120651E+00
  0.139042E+00
  0.157168E+00
  0.174862E+00
  0.192629E+00
  0.209171E+00
  0.224477E+00
  0.238355E+00
  0.251437E+00
  0.262586E+00
  0.272073E+00
  0.280082E+00
  0.287590E+00
  0.293774E+00
  0.298925E+00
  0.302989E+00
  0.306799E+00
  0.309676E+00
  0.312662E+00
  0.316589E+00
  0.322577E+00
  0.329638E+00
  0.337425E+00
  0.345400E+00
  0.353937E+00
  0.361768E+00
  0.368944E+00
  0.375118E+00
  0.380652E+00
  0.384647E+00
  0.387524E+00
  0.389592E+00
  0.391589E+00
  0.392714E+00
  0.393091E+00
  0.392394E+00
  0.390837E+00
  0.387383E+00
  0.382047E+00
  0.374701E+00
  0.365836E+00
  0.354611E+00
  0.341351E+00
  0.326425E+00
  0.310846E+00
  0.294646E+00
  0.278639E+00
  0.263249E+00
  0.249127E+00
  0.235568E+00
  0.222524E+00
  0.209686E+00
  0.197376E+00
  0.184939E+00
  0.172784E+00
  0.161064E+00
  0.150253E+00
  0.139504E+00
  0.128859E+00
  0.118369E+00
  0.108519E+00
  0.987600E-01
  0.893712E-01
  0.804177E-01
  0.722662E-01
  0.641322E-01
  0.559347E-01
  0.476840E-01
  0.399718E-01
  0.323512E-01
  0.251666E-01
  0.184393E-01
  0.125709E-01
  0.669599E-02
  0.846592E-03
 -0.486961E-02
 -0.973296E-02
 -0.139449E-01
 -0.172595E-01
 -0.198329E-01
 -0.215010E-01
 -0.230941E-01
 -0.245483E-01
 -0.260109E-01
 -0.269998E-01
 -0.279942E-01
 -0.286440E-01
 -0.288016E-01
 -0.279895E-01
 -0.269159E-01
 -0.254101E-01
 -0.236112E-01
 -0.211750E-01
 -0.186479E-01
 -0.157657E-01
 -0.124034E-01
 -0.806188E-02
 -0.355916E-02
  0.105679E-02
  0.554474E-02
  0.102363E-01
  0.143111E-01
  0.178296E-01
  0.207784E-01
  0.236901E-01
  0.258585E-01
  0.272917E-01
  0.276844E-01
  0.273740E-01
  0.257861E-01
  0.234958E-01
  0.208466E-01
  0.184395E-01
  0.155821E-01
  0.121511E-01
  0.777612E-02
  0.270181E-02
 -0.383854E-02
 -0.115746E-01
 -0.201122E-01
 -0.285289E-01
 -0.372969E-01
 -0.460967E-01
 -0.548226E-01
 -0.630529E-01
 -0.714107E-01
 -0.798039E-01
 -0.882554E-01
 -0.963467E-01
 -0.104721E+00
 -0.113328E+00
 -0.122365E+00
 -0.131458E+00
 -0.141398E+00
 -0.152207E+00
 -0.164135E+00
 -0.176778E+00
 -0.190777E+00
 -0.205842E+00
 -0.221676E+00
 -0.237414E+00
 -0.253401E+00
 -0.269160E+00
 -0.284552E+00
 -0.298767E+00
 -0.312127E+00
 -0.323949E+00
 -0.333832E+00
 -0.341119E+00
 -0.346686E+00
 -0.350756E+00
 -0.353616E+00
 -0.354808E+00
 -0.355115E+00
 -0.354401E+00
 -0.352874E+00
 -0.350177E+00
 -0.347115E+00
 -0.343423E+00
 -0.339015E+00
 -0.333373E+00
 -0.327544E+00
 -0.321639E+00
 -0.316025E+00
 -0.310348E+00
 -0.305454E+00
 -0.301007E+00
 -0.296931E+00
 -0.292483E+00
 -0.288737E+00
 -0.285618E+00
 -0.283288E+00
 -0.281000E+00
 -0.279440E+00
 -0.278105E+00
 -0.276657E+00
 -0.273990E+00
 -0.270750E+00
 -0.266627E+00
 -0.261805E+00
 -0.255815E+00
 -0.249893E+00
 -0.243992E+00
 -0.238135E+00
 -0.231442E+00
 -0.225068E+00
 -0.218915E+00
 -0.213261E+00
 -0.207418E+00
 -0.202313E+00
 -0.197647E+00
 -0.193494E+00
 -0.189254E+00
 -0.186142E+00
 -0.184037E+00
 -0.183127E+00
 -0.182623E+00
 -0.183325E+00
 -0.184461E+00
 -0.185475E+00
 -0.185103E+00
 -0.184515E+00
 -0.183771E+00
 -0.183328E+00
 -0.182688E+00
 -0.183021E+00
 -0.184157E+00
 -0.186186E+00
 -0.188269E+00
 -0.191244E+00
 -0.194473E+00
 -0.197728E+00
 -0.200131E+00
 -0.202867E+00
 -0.205680E+00
 -0.208435E+00
 -0.210003E+00
 -0.211623E+00
 -0.212833E+00
 -0.213384E+00
 -0.212279E+00
 -0.210556E+00
 -0.208066E+00
 -0.204998E+00
 -0.200609E+00
 -0.196101E+00
 -0.191079E+00
 -0.185594E+00
 -0.179020E+00
 -0.172803E+00
 -0.166895E+00
 -0.161576E+00
 -0.156146E+00
 -0.151957E+00
 -0.148775E+00
 -0.146500E+00
 -0.144096E+00
 -0.142632E+00
 -0.141592E+00
 -0.140605E+00
 -0.138330E+00
 -0.135588E+00
 -0.131667E+00
 -0.126321E+00
 -0.118459E+00
 -0.109162E+00
 -0.981975E-01
 -0.857487E-01
 -0.711559E-01
 -0.564504E-01
 -0.418838E-01
 -0.279028E-01
 -0.137519E-01
 -0.754757E-03
  0.111451E-01
  0.215506E-01
  0.311720E-01
  0.385722E-01
  0.440371E-01
  0.475282E-01
  0.501043E-01
  0.506687E-01
  0.496837E-01
  0.472910E-01
  0.447390E-01
  0.409046E-01
  0.362220E-01
  0.306826E-01
  0.252393E-01
  0.188616E-01
  0.120261E-01
  0.484421E-02
 -0.175815E-02
 -0.894581E-02
 -0.164253E-01
 -0.241945E-01
 -0.312389E-01
 -0.384578E-01
 -0.451962E-01
 -0.512894E-01
 -0.557521E-01
 -0.601336E-01
 -0.642134E-01
 -0.679187E-01
 -0.701234E-01
 -0.716651E-01
 -0.718206E-01
 -0.704053E-01
 -0.664496E-01
 -0.613810E-01
 -0.551597E-01
 -0.482162E-01
 -0.399977E-01
 -0.318282E-01
 -0.232731E-01
 -0.140734E-01
 -0.295336E-02
  0.909829E-02
  0.225982E-01
  0.373934E-01
  0.539420E-01
  0.703420E-01
  0.863425E-01
  0.101496E+00
  0.116498E+00
  0.130049E+00
  0.142563E+00
  0.153997E+00
  0.165204E+00
  0.174794E+00
  0.182846E+00
  0.189417E+00
  0.195858E+00
  0.201309E+00
  0.206707E+00
  0.212437E+00
  0.219396E+00
  0.226120E+00
  0.232703E+00
  0.238907E+00
  0.245480E+00
  0.251365E+00
  0.257131E+00
  0.263174E+00
  0.270748E+00
  0.278844E+00
  0.287480E+00
  0.296110E+00
  0.305011E+00
  0.312690E+00
  0.319465E+00
  0.325362E+00
  0.331246E+00
  0.335960E+00
  0.339523E+00
  0.341778E+00
  0.343273E+00
  0.342926E+00
  0.341103E+00
  0.337840E+00
  0.333948E+00
  0.328347E+00
  0.321469E+00
  0.313769E+00
  0.306626E+00
  0.299405E+00
  0.292613E+00
  0.286243E+00
  0.280868E+00
  0.275207E+00
  0.269149E+00
  0.262204E+00
  0.254916E+00
  0.246459E+00
  0.237473E+00
  0.228352E+00
  0.219893E+00
  0.211288E+00
  0.202674E+00
  0.194084E+00
  0.186320E+00
  0.178656E+00
  0.171580E+00
  0.165394E+00
  0.160846E+00
  0.157145E+00
  0.154332E+00
  0.152115E+00
  0.150929E+00
  0.149772E+00
  0.148853E+00
  0.148133E+00
  0.148270E+00
  0.148446E+00
  0.148749E+00
  0.148965E+00
  0.149643E+00
  0.149822E+00
  0.149792E+00
  0.149579E+00
  0.149707E+00
  0.149153E+00
  0.147887E+00
  0.145712E+00
  0.143184E+00
  0.139839E+00
  0.136394E+00
  0.133249E+00
  0.131085E+00
  0.129143E+00
  0.127525E+00
  0.126293E+00
  0.126240E+00
  0.126870E+00
  0.128458E+00
  0.130871E+00
  0.134332E+00
  0.137879E+00
  0.141406E+00
  0.144519E+00
  0.147408E+00
  0.149151E+00
  0.149874E+00
  0.149668E+00
  0.149360E+00
  0.148537E+00
  0.147454E+00
  0.146122E+00
  0.144940E+00
  0.142929E+00
  0.140093E+00
  0.136303E+00
  0.131991E+00
  0.126465E+00
  0.119911E+00
  0.112295E+00
  0.104080E+00
  0.947765E-01
  0.847973E-01
  0.744267E-01
  0.644887E-01
  0.548631E-01
  0.463164E-01
  0.394865E-01
  0.351563E-01
  0.324750E-01
  0.310711E-01
  0.302444E-01
  0.299096E-01
  0.291742E-01
  0.280562E-01
  0.266000E-01
  0.253181E-01
  0.235576E-01
  0.214183E-01
  0.188668E-01
  0.163049E-01
  0.131387E-01
  0.955520E-02
  0.563835E-02
  0.187142E-02
 -0.255414E-02
 -0.766841E-02
 -0.135373E-01
 -0.196456E-01
 -0.264907E-01
 -0.336613E-01
 -0.408861E-01
 -0.473545E-01
 -0.534732E-01
 -0.589304E-01
 -0.638792E-01
 -0.681005E-01
 -0.725600E-01
 -0.773098E-01
 -0.824285E-01
 -0.874003E-01
 -0.930085E-01
 -0.991812E-01
 -0.105977E+00
 -0.112826E+00
 -0.120216E+00
 -0.127887E+00
 -0.135830E+00
 -0.143519E+00
 -0.151443E+00
 -0.159223E+00
 -0.166642E+00
 -0.173217E+00
 -0.179680E+00
 -0.185916E+00
 -0.191684E+00
 -0.195926E+00
 -0.199221E+00
 -0.201415E+00
 -0.202856E+00
 -0.203402E+00
 -0.204087E+00
 -0.204880E+00
 -0.205798E+00
 -0.206089E+00
 -0.206289E+00
 -0.205999E+00
 -0.205252E+00
 -0.203765E+00
 -0.202598E+00
 -0.202147E+00
 -0.203057E+00
 -0.205105E+00
 -0.209088E+00
 -0.214386E+00
 -0.220512E+00
 -0.226455E+00
 -0.232736E+00
 -0.239116E+00
 -0.245621E+00
 -0.251609E+00
 -0.257805E+00
 -0.263832E+00
 -0.269427E+00
 -0.273371E+00
 -0.275972E+00
 -0.276723E+00
 -0.275795E+00
 -0.272784E+00
 -0.269015E+00
 -0.264395E+00
 -0.259037E+00
 -0.252293E+00
 -0.245004E+00
 -0.237100E+00
 -0.228991E+00
 -0.220396E+00
 -0.212555E+00
 -0.205493E+00
 -0.199522E+00
 -0.194128E+00
 -0.190259E+00
 -0.187494E+00
 -0.185493E+00
 -0.183157E+00
 -0.181215E+00
 -0.179292E+00
 -0.177204E+00
 -0.174046E+00
 -0.170597E+00
 -0.166539E+00
 -0.161877E+00
 -0.155740E+00
 -0.148845E+00
 -0.140552E+00
 -0.130519E+00
 -0.118111E+00
 -0.104682E+00
 -0.907318E-01
 -0.767907E-01
 -0.621981E-01
 -0.481080E-01
 -0.340861E-01
 -0.200567E-01
 -0.539991E-02
  0.866841E-02
  0.220845E-01
  0.344057E-01
  0.460731E-01
  0.558199E-01
  0.639265E-01
  0.706577E-01
  0.770704E-01
  0.823260E-01
  0.867605E-01
  0.904536E-01
  0.942508E-01
  0.972296E-01
  0.995772E-01
  0.101211E+00
  0.102828E+00
  0.103404E+00
  0.103077E+00
  0.101699E+00
  0.999278E-01
  0.967663E-01
  0.925917E-01
  0.873956E-01
  0.819594E-01
  0.753795E-01
  0.680248E-01
  0.601130E-01
  0.526496E-01
  0.447336E-01
  0.367103E-01
  0.286638E-01
  0.212699E-01
  0.136288E-01
  0.591832E-02
 -0.195863E-02
 -0.925823E-02
 -0.167839E-01
 -0.240169E-01
 -0.306458E-01
 -0.356312E-01
 -0.396516E-01
 -0.425050E-01
 -0.442858E-01
 -0.444419E-01
 -0.439507E-01
 -0.423837E-01
 -0.393513E-01
 -0.337901E-01
 -0.264125E-01
 -0.170387E-01
 -0.574918E-02
  0.799675E-02
  0.229607E-01
  0.390894E-01
  0.559778E-01
  0.739039E-01
  0.916298E-01
  0.109155E+00
  0.126389E+00
  0.143978E+00
  0.160604E+00
  0.176276E+00
  0.190758E+00
  0.204607E+00
  0.216888E+00
  0.227844E+00
  0.237342E+00
  0.246001E+00
  0.252913E+00
  0.258417E+00
  0.262639E+00
  0.266362E+00
  0.268967E+00
  0.270755E+00
  0.271736E+00
  0.272601E+00
  0.272551E+00
  0.272059E+00
  0.271307E+00
  0.270973E+00
  0.270212E+00
  0.269061E+00
  0.267267E+00
  0.265124E+00
  0.261618E+00
  0.256891E+00
  0.251018E+00
  0.244792E+00
  0.237862E+00
  0.230826E+00
  0.224066E+00
  0.218423E+00
  0.213108E+00
  0.208274E+00
  0.203840E+00
  0.200277E+00
  0.196912E+00
  0.194084E+00
  0.191829E+00
  0.190551E+00
  0.189379E+00
  0.188400E+00
  0.187526E+00
  0.187253E+00
  0.186903E+00
  0.186667E+00
  0.186571E+00
  0.187052E+00
  0.187450E+00
  0.188101E+00
  0.189205E+00
  0.191347E+00
  0.193943E+00
  0.197174E+00
  0.200967E+00
  0.205514E+00
  0.209886E+00
  0.213930E+00
  0.217510E+00
  0.220960E+00
  0.223632E+00
  0.225662E+00
  0.227049E+00
  0.228171E+00
  0.228176E+00
  0.227087E+00
  0.224901E+00
  0.222119E+00
  0.218385E+00
  0.214038E+00
  0.209268E+00
  0.204542E+00
  0.199398E+00
  0.194198E+00
  0.189092E+00
  0.184563E+00
  0.180132E+00
  0.176071E+00
  0.172385E+00
  0.169356E+00
  0.166360E+00
  0.163483E+00
  0.160624E+00
  0.157989E+00
  0.154903E+00
  0.151295E+00
  0.147055E+00
  0.142682E+00
  0.137927E+00
  0.133140E+00
  0.128404E+00
  0.124136E+00
  0.120109E+00
  0.116615E+00
  0.113773E+00
  0.111832E+00
  0.110155E+00
  0.108703E+00
  0.107257E+00
  0.105834E+00
  0.103677E+00
  0.100709E+00
  0.967537E-01
  0.921764E-01
  0.864933E-01
  0.798452E-01
  0.721504E-01
  0.634475E-01
  0.531637E-01
  0.413375E-01
  0.280915E-01
  0.141870E-01
 -0.379886E-03
 -0.151364E-01
 -0.298711E-01
 -0.442000E-01
 -0.583144E-01
 -0.718197E-01
 -0.845826E-01
 -0.961982E-01
 -0.107145E+00
 -0.117268E+00
 -0.126375E+00
 -0.133841E+00
 -0.139855E+00
 -0.144244E+00
 -0.147035E+00
 -0.147951E+00
 -0.147731E+00
 -0.146573E+00
 -0.144882E+00
 -0.142690E+00
 -0.140460E+00
 -0.137990E+00
 -0.135178E+00
 -0.131726E+00
 -0.128149E+00
 -0.124496E+00
 -0.120881E+00
 -0.117072E+00
 -0.113489E+00
 -0.109919E+00
 -0.106437E+00
 -0.102816E+00
 -0.997246E-01
 -0.971445E-01
 -0.949883E-01
 -0.928383E-01
 -0.910872E-01
 -0.896144E-01
 -0.884523E-01
 -0.873404E-01
 -0.867418E-01
 -0.863810E-01
 -0.859682E-01
 -0.847109E-01
 -0.828418E-01
 -0.801892E-01
 -0.769872E-01
 -0.731662E-01
 -0.695148E-01
 -0.659050E-01
 -0.622878E-01
 -0.583031E-01
 -0.544977E-01
 -0.506687E-01
 -0.468102E-01
 -0.423654E-01
 -0.377343E-01
 -0.325863E-01
 -0.268782E-01
 -0.203394E-01
 -0.136579E-01
 -0.705748E-02
 -0.893078E-03
  0.480691E-02
  0.910219E-02
  0.119051E-01
  0.130993E-01
  0.130249E-01
  0.110667E-01
  0.746033E-02
  0.236263E-02
 -0.384764E-02
 -0.116676E-01
 -0.209446E-01
 -0.312979E-01
 -0.418425E-01
 -0.524601E-01
 -0.626647E-01
 -0.720753E-01
 -0.797711E-01
 -0.859453E-01
 -0.903611E-01
 -0.931594E-01
 -0.941828E-01
 -0.941291E-01
 -0.930023E-01
 -0.909610E-01
 -0.879559E-01
 -0.849554E-01
 -0.823080E-01
 -0.804776E-01
 -0.792361E-01
 -0.788118E-01
 -0.787779E-01
 -0.791385E-01
 -0.796473E-01
 -0.811093E-01
 -0.833322E-01
 -0.861794E-01
 -0.892729E-01
 -0.933017E-01
 -0.982458E-01
 -0.104002E+00
 -0.109895E+00
 -0.116152E+00
 -0.122388E+00
 -0.128439E+00
 -0.133639E+00
 -0.138497E+00
 -0.143021E+00
 -0.147368E+00
 -0.151275E+00
 -0.155568E+00
 -0.160299E+00
 -0.165676E+00
 -0.171355E+00
 -0.177832E+00
 -0.184732E+00
 -0.191675E+00
 -0.197589E+00
 -0.202609E+00
 -0.206410E+00
 -0.209193E+00
 -0.210930E+00
 -0.212738E+00
 -0.214625E+00
 -0.216652E+00
 -0.218233E+00
 -0.220219E+00
 -0.222792E+00
 -0.226405E+00
 -0.230774E+00
 -0.236448E+00
 -0.242763E+00
 -0.248954E+00
 -0.253747E+00
 -0.257365E+00
 -0.259394E+00
 -0.260094E+00
 -0.259301E+00
 -0.258260E+00
 -0.257182E+00
 -0.256119E+00
 -0.254211E+00
 -0.251959E+00
 -0.248929E+00
 -0.245132E+00
 -0.240269E+00
 -0.235384E+00
 -0.230348E+00
 -0.225098E+00
 -0.218871E+00
 -0.212395E+00
 -0.205458E+00
 -0.198089E+00
 -0.189764E+00
 -0.181338E+00
 -0.172580E+00
 -0.163464E+00
 -0.153389E+00
 -0.143439E+00
 -0.133799E+00
 -0.124790E+00
 -0.115922E+00
 -0.107916E+00
 -0.100463E+00
 -0.934912E-01
 -0.861449E-01
 -0.789898E-01
 -0.716791E-01
 -0.640564E-01
 -0.554528E-01
 -0.467303E-01
 -0.379154E-01
 -0.294424E-01
 -0.209696E-01
 -0.136929E-01
 -0.730672E-02
 -0.168822E-02
  0.390925E-02
  0.884601E-02
  0.136230E-01
  0.184243E-01
  0.238201E-01
  0.287138E-01
  0.329799E-01
  0.364284E-01
  0.398171E-01
  0.424145E-01
  0.445987E-01
  0.463782E-01
  0.484542E-01
  0.499252E-01
  0.511957E-01
  0.524444E-01
  0.544362E-01
  0.564569E-01
  0.586977E-01
  0.610005E-01
  0.637680E-01
  0.659764E-01
  0.678630E-01
  0.696663E-01
  0.726036E-01
  0.765116E-01
  0.821662E-01
  0.895863E-01
  0.987679E-01
  0.107706E+00
  0.115888E+00
  0.123404E+00
  0.131429E+00
  0.140007E+00
  0.149870E+00
  0.160780E+00
  0.172627E+00
  0.183952E+00
  0.194639E+00
  0.204877E+00
  0.215635E+00
  0.226497E+00
  0.237605E+00
  0.248664E+00
  0.259972E+00
  0.270501E+00
  0.280376E+00
  0.289460E+00
  0.298100E+00
  0.305213E+00
  0.310441E+00
  0.313386E+00
  0.314480E+00
  0.313147E+00
  0.309926E+00
  0.305146E+00
  0.299442E+00
  0.292257E+00
  0.283896E+00
  0.274471E+00
  0.264543E+00
  0.253159E+00
  0.240357E+00
  0.226425E+00
  0.212463E+00
  0.198710E+00
  0.185796E+00
  0.173835E+00
  0.163179E+00
  0.153342E+00
  0.144833E+00
  0.137615E+00
  0.131849E+00
  0.126418E+00
  0.120667E+00
  0.113763E+00
  0.105502E+00
  0.948922E-01
  0.819260E-01
  0.669830E-01
  0.513368E-01
  0.353517E-01
  0.199837E-01
  0.567997E-02
 -0.733436E-02
 -0.203087E-01
 -0.336629E-01
 -0.474165E-01
 -0.604677E-01
 -0.723258E-01
 -0.820484E-01
 -0.894397E-01
 -0.947826E-01
 -0.999647E-01
 -0.105837E+00
 -0.113075E+00
 -0.121363E+00
 -0.130460E+00
 -0.138766E+00
 -0.144738E+00
 -0.146763E+00
 -0.145783E+00
 -0.143619E+00
 -0.142764E+00
 -0.144380E+00
 -0.148793E+00
 -0.154014E+00
 -0.157910E+00
 -0.158416E+00
 -0.155716E+00
 -0.150261E+00
 -0.143156E+00
 -0.135274E+00
 -0.128554E+00
 -0.123644E+00
 -0.120336E+00
 -0.116941E+00
 -0.112351E+00
 -0.105103E+00
 -0.952585E-01
 -0.837820E-01
 -0.730812E-01
 -0.642178E-01
 -0.575875E-01
 -0.521983E-01
 -0.480588E-01
 -0.443555E-01
 -0.407519E-01
 -0.364994E-01
 -0.322381E-01
 -0.280511E-01
 -0.243648E-01
 -0.210705E-01
 -0.192733E-01
 -0.186522E-01
 -0.184553E-01
 -0.171565E-01
 -0.144485E-01
 -0.973579E-02
 -0.354527E-02
  0.357629E-02
  0.100082E-01
  0.155213E-01
  0.201981E-01
  0.247456E-01
  0.289396E-01
  0.334432E-01
  0.386989E-01
  0.448313E-01
  0.503190E-01
  0.547972E-01
  0.584780E-01
  0.625812E-01
  0.670854E-01
  0.721825E-01
  0.775313E-01
  0.831109E-01
  0.878448E-01
  0.918488E-01
  0.953247E-01
  0.995320E-01
  0.104708E+00
  0.111118E+00
  0.117841E+00
  0.123843E+00
  0.126990E+00
  0.126855E+00
  0.124137E+00
  0.120962E+00
  0.118372E+00
  0.117212E+00
  0.117258E+00
  0.118201E+00
  0.118752E+00
  0.118559E+00
  0.117055E+00
  0.114366E+00
  0.109828E+00
  0.103769E+00
  0.970185E-01
  0.910892E-01
  0.861297E-01
  0.822216E-01
  0.784956E-01
  0.743681E-01
  0.691793E-01
  0.637988E-01
  0.592601E-01
  0.567909E-01
  0.557154E-01
  0.554680E-01
  0.552731E-01
  0.551193E-01
  0.543622E-01
  0.537403E-01
  0.540429E-01
  0.562040E-01
  0.596908E-01
  0.643324E-01
  0.694165E-01
  0.744757E-01
  0.780563E-01
  0.797279E-01
  0.795889E-01
  0.788542E-01
  0.775453E-01
  0.756669E-01
  0.726834E-01
  0.687375E-01
  0.640303E-01
  0.601742E-01
  0.585806E-01
  0.603674E-01
  0.649437E-01
  0.715616E-01
  0.790035E-01
  0.865091E-01
  0.927456E-01
  0.971932E-01
  0.994894E-01
  0.999464E-01
  0.982756E-01
  0.955993E-01
  0.931205E-01
  0.923109E-01
  0.931160E-01
  0.954946E-01
  0.988727E-01
  0.102804E+00
  0.106138E+00
  0.108770E+00
  0.110242E+00
  0.110147E+00
  0.107438E+00
  0.102185E+00
  0.950994E-01
  0.878639E-01
  0.813235E-01
  0.765864E-01
  0.742545E-01
  0.748286E-01
  0.770805E-01
  0.800031E-01
  0.827196E-01
  0.849628E-01
  0.862292E-01
  0.874311E-01
  0.896974E-01
  0.939851E-01
  0.994681E-01
  0.105000E+00
  0.109428E+00
  0.112235E+00
  0.112371E+00
  0.109995E+00
  0.105922E+00
  0.101738E+00
  0.982561E-01
  0.962343E-01
  0.956238E-01
  0.960901E-01
  0.963230E-01
  0.957627E-01
  0.942290E-01
  0.924555E-01
  0.910734E-01
  0.914515E-01
  0.944731E-01
  0.100263E+00
  0.107355E+00
  0.114386E+00
  0.120002E+00
  0.123586E+00
  0.124557E+00
  0.123255E+00
  0.120545E+00
  0.117595E+00
  0.114550E+00
  0.111485E+00
  0.108190E+00
  0.104863E+00
  0.101130E+00
  0.966876E-01
  0.908608E-01
  0.834519E-01
  0.740745E-01
  0.634668E-01
  0.526731E-01
  0.430647E-01
  0.352109E-01
  0.292719E-01
  0.246961E-01
  0.210192E-01
  0.175172E-01
  0.143862E-01
  0.120169E-01
  0.108444E-01
  0.102683E-01
  0.946214E-02
  0.745538E-02
  0.426669E-02
  0.253302E-03
 -0.401893E-02
 -0.867049E-02
 -0.139013E-01
 -0.202457E-01
 -0.271200E-01
 -0.340387E-01
 -0.406435E-01
 -0.473508E-01
 -0.540027E-01
 -0.602439E-01
 -0.656752E-01
 -0.707861E-01
 -0.758705E-01
 -0.814472E-01
 -0.877124E-01
 -0.953018E-01
 -0.103929E+00
 -0.113298E+00
 -0.122693E+00
 -0.131651E+00
 -0.139444E+00
 -0.145996E+00
 -0.151640E+00
 -0.157478E+00
 -0.163882E+00
 -0.170827E+00
 -0.177825E+00
 -0.185028E+00
 -0.192275E+00
 -0.199224E+00
 -0.205149E+00
 -0.210354E+00
 -0.215154E+00
 -0.219762E+00
 -0.223599E+00
 -0.226270E+00
 -0.226796E+00
 -0.225142E+00
 -0.221517E+00
 -0.216883E+00
 -0.211526E+00
 -0.205453E+00
 -0.197843E+00
 -0.188524E+00
 -0.177332E+00
 -0.164854E+00
 -0.151753E+00
 -0.139235E+00
 -0.127544E+00
 -0.116734E+00
 -0.105892E+00
 -0.949959E-01
 -0.836802E-01
 -0.718392E-01
 -0.588012E-01
 -0.448202E-01
 -0.302761E-01
 -0.163703E-01
 -0.380184E-02
  0.703645E-02
  0.172448E-01
  0.277735E-01
  0.390804E-01
  0.501881E-01
  0.606502E-01
  0.698908E-01
  0.778258E-01
  0.839445E-01
  0.887746E-01
  0.930769E-01
  0.978053E-01
  0.102656E+00
  0.107615E+00
  0.112138E+00
  0.115655E+00
  0.116801E+00
  0.115488E+00
  0.112364E+00
  0.109029E+00
  0.105997E+00
  0.104103E+00
  0.103436E+00
  0.103858E+00
  0.103931E+00
  0.102941E+00
  0.100843E+00
  0.984773E-01
  0.960951E-01
  0.944007E-01
  0.939228E-01
  0.951436E-01
  0.972666E-01
  0.994158E-01
  0.100776E+00
  0.101711E+00
  0.102344E+00
  0.103099E+00
  0.103538E+00
  0.103354E+00
  0.101928E+00
  0.996772E-01
  0.970559E-01
  0.943552E-01
  0.907775E-01
  0.863545E-01
  0.814016E-01
  0.770215E-01
  0.737505E-01
  0.722536E-01
  0.724590E-01
  0.741185E-01
  0.761506E-01
  0.780932E-01
  0.797082E-01
  0.813599E-01
  0.829918E-01
  0.851729E-01
  0.881890E-01
  0.920344E-01
  0.959006E-01
  0.994783E-01
  0.102428E+00
  0.104603E+00
  0.105504E+00
  0.105020E+00
  0.102978E+00
  0.996331E-01
  0.951648E-01
  0.902848E-01
  0.853643E-01
  0.805420E-01
  0.751671E-01
  0.688497E-01
  0.614318E-01
  0.534169E-01
  0.449660E-01
  0.363690E-01
  0.272697E-01
  0.174115E-01
  0.635168E-02
 -0.566256E-02
 -0.183665E-01
 -0.314333E-01
 -0.451852E-01
 -0.592475E-01
 -0.730712E-01
 -0.860105E-01
 -0.981170E-01
 -0.109150E+00
 -0.119126E+00
 -0.128209E+00
 -0.137500E+00
 -0.147523E+00
 -0.158293E+00
 -0.169084E+00
 -0.179360E+00
 -0.188090E+00
 -0.194540E+00
 -0.197958E+00
 -0.198810E+00
 -0.197734E+00
 -0.195767E+00
 -0.193706E+00
 -0.192635E+00
 -0.192589E+00
 -0.193074E+00
 -0.192964E+00
 -0.191789E+00
 -0.189176E+00
 -0.185557E+00
 -0.181244E+00
 -0.177363E+00
 -0.174453E+00
 -0.172900E+00
 -0.172291E+00
 -0.172369E+00
 -0.172152E+00
 -0.171196E+00
 -0.169383E+00
 -0.167562E+00
 -0.166021E+00
 -0.164694E+00
 -0.162868E+00
 -0.160398E+00
 -0.156754E+00
 -0.151924E+00
 -0.146075E+00
 -0.140529E+00
 -0.135829E+00
 -0.132255E+00
 -0.129379E+00
 -0.127708E+00
 -0.126997E+00
 -0.126941E+00
 -0.126739E+00
 -0.126323E+00
 -0.125167E+00
 -0.123333E+00
 -0.120829E+00
 -0.118416E+00
 -0.115977E+00
 -0.113276E+00
 -0.109574E+00
 -0.105199E+00
 -0.100284E+00
 -0.950163E-01
 -0.888138E-01
 -0.819135E-01
 -0.738284E-01
 -0.643412E-01
 -0.529681E-01
 -0.403486E-01
 -0.266946E-01
 -0.124288E-01
  0.234485E-02
  0.165005E-01
  0.295431E-01
  0.407968E-01
  0.500596E-01
  0.565504E-01
  0.605946E-01
  0.626369E-01
  0.635903E-01
  0.633964E-01
  0.626035E-01
  0.613523E-01
  0.599961E-01
  0.580090E-01
  0.557825E-01
  0.536000E-01
  0.521097E-01
  0.508745E-01
  0.501014E-01
  0.501924E-01
  0.517315E-01
  0.541763E-01
  0.574258E-01
  0.611374E-01
  0.652551E-01
  0.688093E-01
  0.716221E-01
  0.737186E-01
  0.756390E-01
  0.771939E-01
  0.787490E-01
  0.803770E-01
  0.823146E-01
  0.838079E-01
  0.846501E-01
  0.844693E-01
  0.835129E-01
  0.815813E-01
  0.788441E-01
  0.751382E-01
  0.705254E-01
  0.644672E-01
  0.573397E-01
  0.495079E-01
  0.416759E-01
  0.335523E-01
  0.251137E-01
  0.160578E-01
  0.648375E-02
 -0.385288E-02
 -0.143139E-01
 -0.245201E-01
 -0.343731E-01
 -0.448411E-01
 -0.560551E-01
 -0.675265E-01
 -0.778758E-01
 -0.865876E-01
 -0.929876E-01
 -0.971433E-01
 -0.991334E-01
 -0.100134E+00
 -0.100950E+00
 -0.102292E+00
 -0.104070E+00
 -0.106393E+00
 -0.108563E+00
 -0.109959E+00
 -0.109673E+00
 -0.107925E+00
 -0.104499E+00
 -0.995745E-01
 -0.929340E-01
 -0.850902E-01
 -0.760184E-01
 -0.662398E-01
 -0.559590E-01
 -0.461285E-01
 -0.371289E-01
 -0.294205E-01
 -0.225539E-01
 -0.164357E-01
 -0.103822E-01
 -0.404712E-02
  0.313849E-02
  0.108049E-01
  0.190397E-01
  0.275920E-01
  0.365141E-01
  0.447609E-01
  0.518390E-01
  0.572458E-01
  0.610344E-01
  0.626953E-01
  0.627230E-01
  0.619386E-01
  0.617404E-01
  0.624994E-01
  0.647160E-01
  0.683479E-01
  0.734895E-01
  0.793526E-01
  0.856877E-01
  0.922142E-01
  0.988578E-01
  0.104670E+00
  0.109559E+00
  0.113750E+00
  0.118080E+00
  0.122536E+00
  0.127529E+00
  0.133233E+00
  0.140058E+00
  0.147523E+00
  0.155452E+00
  0.163326E+00
  0.170963E+00
  0.177607E+00
  0.183251E+00
  0.187932E+00
  0.192163E+00
  0.195821E+00
  0.199614E+00
  0.203908E+00
  0.208816E+00
  0.213417E+00
  0.217508E+00
  0.221086E+00
  0.224610E+00
  0.227883E+00
  0.231004E+00
  0.233814E+00
  0.236213E+00
  0.237444E+00
  0.237370E+00
  0.236129E+00
  0.234317E+00
  0.232043E+00
  0.229839E+00
  0.228019E+00
  0.226850E+00
  0.225730E+00
  0.224071E+00
  0.221293E+00
  0.217254E+00
  0.211640E+00
  0.204968E+00
  0.197925E+00
  0.191502E+00
  0.186048E+00
  0.181548E+00
  0.177542E+00
  0.173667E+00
  0.169364E+00
  0.164543E+00
  0.159225E+00
  0.153703E+00
  0.148113E+00
  0.142925E+00
  0.138356E+00
  0.134507E+00
  0.130792E+00
  0.126944E+00
  0.122639E+00
  0.117967E+00
  0.112835E+00
  0.107354E+00
  0.101653E+00
  0.961733E-01
  0.910330E-01
  0.863345E-01
  0.821586E-01
  0.789833E-01
  0.770624E-01
  0.765563E-01
  0.770335E-01
  0.778911E-01
  0.782249E-01
  0.777201E-01
  0.765142E-01
  0.750507E-01
  0.734612E-01
  0.718323E-01
  0.699750E-01
  0.678406E-01
  0.651303E-01
  0.619137E-01
  0.582299E-01
  0.541546E-01
  0.494206E-01
  0.440439E-01
  0.382493E-01
  0.324390E-01
  0.268446E-01
  0.215178E-01
  0.162132E-01
  0.105877E-01
  0.454088E-02
 -0.145970E-02
 -0.681958E-02
 -0.108441E-01
 -0.133625E-01
 -0.143715E-01
 -0.141734E-01
 -0.129938E-01
 -0.111711E-01
 -0.872425E-02
 -0.558162E-02
 -0.180177E-02
  0.238710E-02
  0.680163E-02
  0.112128E-01
  0.154477E-01
  0.193148E-01
  0.229607E-01
  0.267417E-01
  0.310448E-01
  0.360287E-01
  0.417216E-01
  0.478020E-01
  0.537715E-01
  0.588670E-01
  0.628293E-01
  0.658668E-01
  0.685673E-01
  0.714432E-01
  0.749906E-01
  0.794130E-01
  0.847746E-01
  0.908042E-01
  0.971594E-01
  0.103690E+00
  0.110462E+00
  0.117351E+00
  0.124159E+00
  0.130262E+00
  0.135002E+00
  0.137855E+00
  0.139083E+00
  0.139121E+00
  0.138205E+00
  0.136342E+00
  0.133454E+00
  0.129536E+00
  0.124595E+00
  0.118630E+00
  0.111763E+00
  0.104442E+00
  0.974048E-01
  0.912764E-01
  0.864888E-01
  0.832277E-01
  0.815507E-01
  0.811951E-01
  0.816636E-01
  0.823605E-01
  0.827350E-01
  0.824072E-01
  0.811087E-01
  0.787684E-01
  0.754969E-01
  0.714956E-01
  0.669921E-01
  0.622157E-01
  0.574553E-01
  0.531706E-01
  0.496903E-01
  0.471787E-01
  0.452913E-01
  0.434050E-01
  0.408811E-01
  0.372445E-01
  0.323283E-01
  0.261235E-01
  0.187791E-01
  0.104708E-01
  0.133075E-02
 -0.828837E-02
 -0.178283E-01
 -0.268061E-01
 -0.350022E-01
 -0.426845E-01
 -0.502817E-01
 -0.582304E-01
 -0.664678E-01
 -0.743299E-01
 -0.810608E-01
 -0.861145E-01
 -0.894361E-01
 -0.913962E-01
 -0.926118E-01
 -0.936735E-01
 -0.948191E-01
 -0.959710E-01
 -0.970620E-01
 -0.981888E-01
 -0.992842E-01
 -0.100221E+00
 -0.100634E+00
 -0.100305E+00
 -0.992398E-01
 -0.976396E-01
 -0.958527E-01
 -0.939411E-01
 -0.915876E-01
 -0.883295E-01
 -0.838381E-01
 -0.781822E-01
 -0.717966E-01
 -0.653422E-01
 -0.595640E-01
 -0.549860E-01
 -0.516704E-01
 -0.495260E-01
 -0.483854E-01
 -0.478862E-01
 -0.473988E-01
 -0.465058E-01
 -0.448730E-01
 -0.426956E-01
 -0.403939E-01
 -0.385470E-01
 -0.374903E-01
 -0.375383E-01
 -0.386430E-01
 -0.405574E-01
 -0.428845E-01
 -0.453859E-01
 -0.478722E-01
 -0.504031E-01
 -0.530909E-01
 -0.559636E-01
 -0.589026E-01
 -0.618860E-01
 -0.649201E-01
 -0.678397E-01
 -0.703678E-01
 -0.724154E-01
 -0.740692E-01
 -0.756173E-01
 -0.772544E-01
 -0.791035E-01
 -0.808042E-01
 -0.820270E-01
 -0.824557E-01
 -0.822195E-01
 -0.815109E-01
 -0.802847E-01
 -0.783371E-01
 -0.755860E-01
 -0.719959E-01
 -0.675681E-01
 -0.624317E-01
 -0.570817E-01
 -0.519589E-01
 -0.475100E-01
 -0.437997E-01
 -0.409679E-01
 -0.388626E-01
 -0.374109E-01
 -0.366572E-01
 -0.369017E-01
 -0.382967E-01
 -0.409152E-01
 -0.446509E-01
 -0.493077E-01
 -0.543609E-01
 -0.592492E-01
 -0.635684E-01
 -0.673695E-01
 -0.706699E-01
 -0.736516E-01
 -0.763812E-01
 -0.789779E-01
 -0.814511E-01
 -0.838400E-01
 -0.861149E-01
 -0.884917E-01
 -0.909487E-01
 -0.934345E-01
 -0.959287E-01
 -0.985824E-01
 -0.101224E+00
 -0.103701E+00
 -0.105746E+00
 -0.107331E+00
 -0.108263E+00
 -0.108284E+00
 -0.107037E+00
 -0.104358E+00
 -0.100052E+00
 -0.940318E-01
 -0.862837E-01
 -0.771200E-01
 -0.668129E-01
 -0.559122E-01
 -0.447517E-01
 -0.338128E-01
 -0.231623E-01
 -0.129204E-01
 -0.318911E-02
  0.558647E-02
  0.130949E-01
  0.192113E-01
  0.241649E-01
  0.280121E-01
  0.309076E-01
  0.328731E-01
  0.339065E-01
  0.336485E-01
  0.321141E-01
  0.292541E-01
  0.253530E-01
  0.205774E-01
  0.154570E-01
  0.104069E-01
  0.578981E-02
  0.166500E-02
 -0.162591E-02
 -0.401773E-02
 -0.547406E-02
 -0.620976E-02
 -0.612080E-02
 -0.515306E-02
 -0.350433E-02
 -0.198439E-02
 -0.116811E-02
 -0.143055E-02
 -0.275692E-02
 -0.507355E-02
 -0.785679E-02
 -0.105181E-01
 -0.124409E-01
 -0.133033E-01
 -0.129728E-01
 -0.115887E-01
 -0.940805E-02
 -0.689597E-02
 -0.403047E-02
 -0.678015E-03
  0.345753E-02
  0.820273E-02
  0.135479E-01
  0.194005E-01
  0.256858E-01
  0.319164E-01
  0.375874E-01
  0.422134E-01
  0.458590E-01
  0.486235E-01
  0.509675E-01
  0.533693E-01
  0.564494E-01
  0.605356E-01
  0.658333E-01
  0.722135E-01
  0.794760E-01
  0.870928E-01
  0.946859E-01
  0.101850E+00
  0.108512E+00
  0.114546E+00
  0.119983E+00
  0.124830E+00
  0.128899E+00
  0.131820E+00
  0.133448E+00
  0.133823E+00
  0.133066E+00
  0.131104E+00
  0.128068E+00
  0.124175E+00
  0.119732E+00
  0.114816E+00
  0.109520E+00
  0.103725E+00
  0.973902E-01
  0.902847E-01
  0.825074E-01
  0.742927E-01
  0.659116E-01
  0.574862E-01
  0.490389E-01
  0.406931E-01
  0.327404E-01
  0.255682E-01
  0.195410E-01
  0.147792E-01
  0.111462E-01
  0.831931E-02
  0.598026E-02
  0.393194E-02
  0.239084E-02
  0.178503E-02
  0.257075E-02
  0.483653E-02
  0.841630E-02
  0.127316E-01
  0.171225E-01
  0.212123E-01
  0.249464E-01
  0.284652E-01
  0.319485E-01
  0.354141E-01
  0.388625E-01
  0.420149E-01
  0.447916E-01
  0.470251E-01
  0.487509E-01
  0.500161E-01
  0.510696E-01
  0.521803E-01
  0.536840E-01
  0.555680E-01
  0.577754E-01
  0.601283E-01
  0.623425E-01
  0.640522E-01
  0.649715E-01
  0.648992E-01
  0.638498E-01
  0.616883E-01
  0.583550E-01
  0.536736E-01
  0.477244E-01
  0.407321E-01
  0.331627E-01
  0.254227E-01
  0.178996E-01
  0.106830E-01
  0.379451E-02
 -0.281726E-02
 -0.918782E-02
 -0.152710E-01
 -0.208615E-01
 -0.258260E-01
 -0.301895E-01
 -0.341124E-01
 -0.375284E-01
 -0.400633E-01
 -0.413067E-01
 -0.410735E-01
 -0.395116E-01
 -0.371509E-01
 -0.344148E-01
 -0.316402E-01
 -0.288428E-01
 -0.259295E-01
 -0.228030E-01
 -0.193227E-01
 -0.155188E-01
 -0.115028E-01
 -0.745217E-02
 -0.339367E-02
  0.823692E-03
  0.526839E-02
  0.983081E-02
  0.143307E-01
  0.186849E-01
  0.229401E-01
  0.271918E-01
  0.316519E-01
  0.363287E-01
  0.411805E-01
  0.462504E-01
  0.514696E-01
  0.567636E-01
  0.618675E-01
  0.665839E-01
  0.707481E-01
  0.742633E-01
  0.771005E-01
  0.793141E-01
  0.810079E-01
  0.821909E-01
  0.828245E-01
  0.829024E-01
  0.827095E-01
  0.827964E-01
  0.835785E-01
  0.853252E-01
  0.881556E-01
  0.918780E-01
  0.962190E-01
  0.100885E+00
  0.105716E+00
  0.110688E+00
  0.115849E+00
  0.121104E+00
  0.126324E+00
  0.131204E+00
  0.135557E+00
  0.139318E+00
  0.142522E+00
  0.145116E+00
  0.147256E+00
  0.149138E+00
  0.151030E+00
  0.153034E+00
  0.155105E+00
  0.157094E+00
  0.158956E+00
  0.160539E+00
  0.161817E+00
  0.162650E+00
  0.162936E+00
  0.162409E+00
  0.160921E+00
  0.158273E+00
  0.154516E+00
  0.149517E+00
  0.143240E+00
  0.135648E+00
  0.126963E+00
  0.117424E+00
  0.107316E+00
  0.966760E-01
  0.857992E-01
  0.744947E-01
  0.625599E-01
  0.496822E-01
  0.359928E-01
  0.217377E-01
  0.720690E-02
 -0.736745E-02
 -0.214073E-01
 -0.347443E-01
 -0.471310E-01
 -0.585764E-01
 -0.689425E-01
 -0.783143E-01
 -0.868188E-01
 -0.945491E-01
 -0.101389E+00
 -0.107338E+00
 -0.112248E+00
 -0.116176E+00
 -0.119014E+00
 -0.120866E+00
 -0.121794E+00
 -0.121897E+00
 -0.121189E+00
 -0.119928E+00
 -0.118491E+00
 -0.117438E+00
 -0.117002E+00
 -0.117529E+00
 -0.119234E+00
 -0.122368E+00
 -0.126841E+00
 -0.132357E+00
 -0.138336E+00
 -0.144148E+00
 -0.149042E+00
 -0.152388E+00
 -0.153728E+00
 -0.153086E+00
 -0.150582E+00
 -0.146733E+00
 -0.141980E+00
 -0.136837E+00
 -0.131528E+00
 -0.126308E+00
 -0.121267E+00
 -0.116491E+00
 -0.112005E+00
 -0.107911E+00
 -0.104574E+00
 -0.102296E+00
 -0.101145E+00
 -0.101169E+00
 -0.102231E+00
 -0.104089E+00
 -0.106299E+00
 -0.108461E+00
 -0.110068E+00
 -0.110709E+00
 -0.109960E+00
 -0.107589E+00
 -0.103692E+00
 -0.986768E-01
 -0.931020E-01
 -0.875290E-01
 -0.823270E-01
 -0.777062E-01
 -0.737306E-01
 -0.702876E-01
 -0.673657E-01
 -0.650485E-01
 -0.634384E-01
 -0.626035E-01
 -0.624575E-01
 -0.628096E-01
 -0.635326E-01
 -0.644770E-01
 -0.655656E-01
 -0.665766E-01
 -0.673189E-01
 -0.676077E-01
 -0.674431E-01
 -0.668569E-01
 -0.659142E-01
 -0.647943E-01
 -0.636695E-01
 -0.627001E-01
 -0.621127E-01
 -0.620363E-01
 -0.625765E-01
 -0.638082E-01
 -0.658030E-01
 -0.684688E-01
 -0.715859E-01
 -0.748715E-01
 -0.781491E-01
 -0.812479E-01
 -0.841591E-01
 -0.868676E-01
 -0.893604E-01
 -0.915994E-01
 -0.933903E-01
 -0.944857E-01
 -0.947151E-01
 -0.940457E-01
 -0.926947E-01
 -0.908905E-01
 -0.887839E-01
 -0.864160E-01
 -0.838399E-01
 -0.812392E-01
 -0.788044E-01
 -0.766744E-01
 -0.748382E-01
 -0.733502E-01
 -0.723015E-01
 -0.716412E-01
 -0.711808E-01
 -0.706640E-01
 -0.699207E-01
 -0.686426E-01
 -0.665563E-01
 -0.633220E-01
 -0.588444E-01
 -0.531129E-01
 -0.464037E-01
 -0.388682E-01
 -0.307085E-01
 -0.220663E-01
 -0.132537E-01
 -0.461630E-02
  0.340171E-02
  0.105962E-01
  0.170146E-01
  0.228571E-01
  0.283537E-01
  0.336926E-01
  0.389280E-01
  0.440880E-01
  0.491063E-01
  0.540253E-01
  0.588956E-01
  0.637304E-01
  0.681903E-01
  0.720770E-01
  0.752076E-01
  0.776158E-01
  0.794685E-01
  0.810617E-01
  0.824620E-01
  0.837630E-01
  0.848770E-01
  0.858176E-01
  0.865230E-01
  0.869254E-01
  0.870428E-01
  0.869039E-01
  0.865743E-01
  0.860482E-01
  0.851371E-01
  0.838874E-01
  0.825150E-01
  0.814174E-01
  0.808735E-01
  0.812208E-01
  0.826449E-01
  0.850310E-01
  0.880070E-01
  0.909386E-01
  0.931686E-01
  0.944212E-01
  0.946567E-01
  0.941245E-01
  0.932322E-01
  0.922759E-01
  0.914094E-01
  0.904936E-01
  0.893192E-01
  0.876034E-01
  0.852839E-01
  0.825495E-01
  0.797696E-01
  0.773456E-01
  0.755818E-01
  0.746532E-01
  0.746142E-01
  0.752269E-01
  0.761697E-01
  0.771912E-01
  0.782272E-01
  0.792315E-01
  0.801830E-01
  0.811051E-01
  0.820497E-01
  0.831475E-01
  0.845875E-01
  0.864234E-01
  0.887270E-01
  0.913062E-01
  0.939895E-01
  0.964712E-01
  0.986381E-01
  0.100323E+00
  0.101568E+00
  0.102413E+00
  0.102901E+00
  0.103070E+00
  0.103035E+00
  0.103036E+00
  0.103294E+00
  0.103697E+00
  0.104092E+00
  0.104063E+00
  0.103376E+00
  0.101984E+00
  0.100223E+00
  0.984687E-01
  0.970891E-01
  0.961468E-01
  0.956180E-01
  0.952267E-01
  0.947065E-01
  0.938782E-01
  0.928398E-01
  0.916092E-01
  0.901700E-01
  0.884325E-01
  0.865797E-01
  0.846000E-01
  0.825109E-01
  0.801652E-01
  0.776178E-01
  0.748635E-01
  0.720904E-01
  0.694401E-01
  0.672847E-01
  0.657547E-01
  0.648745E-01
  0.645392E-01
  0.647612E-01
  0.653087E-01
  0.658902E-01
  0.659738E-01
  0.653345E-01
  0.637967E-01
  0.614978E-01
  0.585755E-01
  0.554726E-01
  0.523286E-01
  0.492521E-01
  0.462246E-01
  0.435595E-01
  0.413643E-01
  0.397011E-01
  0.384016E-01
  0.376800E-01
  0.376312E-01
  0.384841E-01
  0.401425E-01
  0.426345E-01
  0.456814E-01
  0.490235E-01
  0.523106E-01
  0.555593E-01
  0.586219E-01
  0.614534E-01
  0.640610E-01
  0.667383E-01
  0.694600E-01
  0.720252E-01
  0.740323E-01
  0.757142E-01
  0.772646E-01
  0.790138E-01
  0.810732E-01
  0.836859E-01
  0.866966E-01
  0.899522E-01
  0.930314E-01
  0.960751E-01
  0.989865E-01
  0.101870E+00
  0.104680E+00
  0.107594E+00
  0.110329E+00
  0.112538E+00
  0.113842E+00
  0.114424E+00
  0.114211E+00
  0.113412E+00
  0.112256E+00
  0.111367E+00
  0.110814E+00
  0.110497E+00
  0.110069E+00
  0.109692E+00
  0.109198E+00
  0.108498E+00
  0.107264E+00
  0.105616E+00
  0.103430E+00
  0.100690E+00
  0.970768E-01
  0.930199E-01
  0.884614E-01
  0.834841E-01
  0.780292E-01
  0.725798E-01
  0.671856E-01
  0.620374E-01
  0.569373E-01
  0.520444E-01
  0.471639E-01
  0.423514E-01
  0.376367E-01
  0.335451E-01
  0.300865E-01
  0.274301E-01
  0.253689E-01
  0.242167E-01
  0.237354E-01
  0.237660E-01
  0.240902E-01
  0.250867E-01
  0.268005E-01
  0.294040E-01
  0.327686E-01
  0.370817E-01
  0.419882E-01
  0.471617E-01
  0.522149E-01
  0.573972E-01
  0.626019E-01
  0.680216E-01
  0.735059E-01
  0.794138E-01
  0.855509E-01
  0.916770E-01
  0.973370E-01
  0.102596E+00
  0.107276E+00
  0.111453E+00
  0.115045E+00
  0.118487E+00
  0.121626E+00
  0.124376E+00
  0.126341E+00
  0.127875E+00
  0.128888E+00
  0.129450E+00
  0.129338E+00
  0.129156E+00
  0.128970E+00
  0.128735E+00
  0.127877E+00
  0.126437E+00
  0.124042E+00
  0.120658E+00
  0.116062E+00
  0.110772E+00
  0.104986E+00
  0.990375E-01
  0.928197E-01
  0.866679E-01
  0.803308E-01
  0.736431E-01
  0.662315E-01
  0.586155E-01
  0.506003E-01
  0.421463E-01
  0.328804E-01
  0.232627E-01
  0.135138E-01
  0.382793E-02
 -0.604409E-02
 -0.158474E-01
 -0.259063E-01
 -0.363409E-01
 -0.474459E-01
 -0.587000E-01
 -0.700882E-01
 -0.814818E-01
 -0.930352E-01
 -0.104205E+00
 -0.114981E+00
 -0.125287E+00
 -0.135244E+00
 -0.144253E+00
 -0.152341E+00
 -0.159412E+00
 -0.165835E+00
 -0.171415E+00
 -0.176483E+00
 -0.181243E+00
 -0.186123E+00
 -0.190871E+00
 -0.195642E+00
 -0.200326E+00
 -0.205050E+00
 -0.209293E+00
 -0.213041E+00
 -0.216299E+00
 -0.219274E+00
 -0.221801E+00
 -0.224193E+00
 -0.226438E+00
 -0.228754E+00
 -0.230781E+00
 -0.232650E+00
 -0.234423E+00
 -0.236331E+00
 -0.238097E+00
 -0.239866E+00
 -0.241571E+00
 -0.243324E+00
 -0.244641E+00
 -0.245430E+00
 -0.245608E+00
 -0.245411E+00
 -0.244874E+00
 -0.244360E+00
 -0.244021E+00
 -0.244152E+00
 -0.244561E+00
 -0.245271E+00
 -0.246186E+00
 -0.247325E+00
 -0.248520E+00
 -0.249885E+00
 -0.251420E+00
 -0.253192E+00
 -0.254812E+00
 -0.256181E+00
 -0.257082E+00
 -0.257344E+00
 -0.256484E+00
 -0.254513E+00
 -0.251489E+00
 -0.247609E+00
 -0.242855E+00
 -0.237376E+00
 -0.231157E+00
 -0.224332E+00
 -0.216824E+00
 -0.208797E+00
 -0.200321E+00
 -0.191603E+00
 -0.182704E+00
 -0.173806E+00
 -0.165133E+00
 -0.156867E+00
 -0.149006E+00
 -0.141405E+00
 -0.133859E+00
 -0.126396E+00
 -0.119092E+00
 -0.112150E+00
 -0.105751E+00
 -0.100018E+00
 -0.948877E-01
 -0.902347E-01
 -0.858047E-01
 -0.814042E-01
 -0.767867E-01
 -0.719224E-01
 -0.667293E-01
 -0.612240E-01
 -0.553963E-01
 -0.492982E-01
 -0.430989E-01
 -0.369921E-01
 -0.312932E-01
 -0.262680E-01
 -0.222052E-01
 -0.190966E-01
 -0.167642E-01
 -0.150410E-01
 -0.137861E-01
 -0.129998E-01
 -0.126857E-01
 -0.128619E-01
 -0.134570E-01
 -0.143332E-01
 -0.153440E-01
 -0.164747E-01
 -0.178211E-01
 -0.194507E-01
 -0.212907E-01
 -0.232637E-01
 -0.251724E-01
 -0.267957E-01
 -0.280259E-01
 -0.287658E-01
 -0.289620E-01
 -0.286206E-01
 -0.277014E-01
 -0.261634E-01
 -0.240765E-01
 -0.215336E-01
 -0.186521E-01
 -0.155193E-01
 -0.122563E-01
 -0.895698E-02
 -0.568772E-02
 -0.265937E-02
  0.404647E-04
  0.225668E-02
  0.393230E-02
  0.516565E-02
  0.619607E-02
  0.734298E-02
  0.899782E-02
  0.113950E-01
  0.146994E-01
  0.189865E-01
  0.241952E-01
  0.301258E-01
  0.365156E-01
  0.432410E-01
  0.501705E-01
  0.572422E-01
  0.644031E-01
  0.715713E-01
  0.788375E-01
  0.862558E-01
  0.937837E-01
  0.101259E+00
  0.108570E+00
  0.115624E+00
  0.122362E+00
  0.128648E+00
  0.134692E+00
  0.140590E+00
  0.146429E+00
  0.152155E+00
  0.157822E+00
  0.163470E+00
  0.169136E+00
  0.174692E+00
  0.179969E+00
  0.184849E+00
  0.189273E+00
  0.193110E+00
  0.196361E+00
  0.198996E+00
  0.201079E+00
  0.202551E+00
  0.203634E+00
  0.204385E+00
  0.204876E+00
  0.205124E+00
  0.205292E+00
  0.205345E+00
  0.205308E+00
  0.205125E+00
  0.205086E+00
  0.205189E+00
  0.205328E+00
  0.205152E+00
  0.204674E+00
  0.203752E+00
  0.202461E+00
  0.200736E+00
  0.198926E+00
  0.197135E+00
  0.195548E+00
  0.194190E+00
  0.193450E+00
  0.193292E+00
  0.193570E+00
  0.193746E+00
  0.193768E+00
  0.193439E+00
  0.192939E+00
  0.192236E+00
  0.191727E+00
  0.191289E+00
  0.190874E+00
  0.190293E+00
  0.189896E+00
  0.189775E+00
  0.190131E+00
  0.190823E+00
  0.192232E+00
  0.194200E+00
  0.196695E+00
  0.199378E+00
  0.202439E+00
  0.205513E+00
  0.208273E+00
  0.210220E+00
  0.211799E+00
  0.213019E+00
  0.213985E+00
  0.214460E+00
  0.214794E+00
  0.214934E+00
  0.214997E+00
  0.214896E+00
  0.215214E+00
  0.215971E+00
  0.217193E+00
  0.218365E+00
  0.219613E+00
  0.220513E+00
  0.220861E+00
  0.220244E+00
  0.219249E+00
  0.217954E+00
  0.216734E+00
  0.215490E+00
  0.214803E+00
  0.214555E+00
  0.214727E+00
  0.214732E+00
  0.214824E+00
  0.214762E+00
  0.214528E+00
  0.213831E+00
  0.213171E+00
  0.212515E+00
  0.211946E+00
  0.211059E+00
  0.210438E+00
  0.209774E+00
  0.208977E+00
  0.207559E+00
  0.206135E+00
  0.204594E+00
  0.203046E+00
  0.201043E+00
  0.199099E+00
  0.196946E+00
  0.194560E+00
  0.191513E+00
  0.188360E+00
  0.185001E+00
  0.181621E+00
  0.177859E+00
  0.174456E+00
  0.171190E+00
  0.167961E+00
  0.164205E+00
  0.160361E+00
  0.156187E+00
  0.151698E+00
  0.146627E+00
  0.141840E+00
  0.137238E+00
  0.132776E+00
  0.127789E+00
  0.122775E+00
  0.117451E+00
  0.111775E+00
  0.105125E+00
  0.982280E-01
  0.908492E-01
  0.830282E-01
  0.743180E-01
  0.655176E-01
  0.566683E-01
  0.481451E-01
  0.398031E-01
  0.325010E-01
  0.260396E-01
  0.202764E-01
  0.144385E-01
  0.893998E-02
  0.347408E-02
 -0.190230E-02
 -0.761331E-02
 -0.128270E-01
 -0.176428E-01
 -0.219979E-01
 -0.264038E-01
 -0.302585E-01
 -0.339057E-01
 -0.375612E-01
 -0.419990E-01
 -0.467243E-01
 -0.519326E-01
 -0.575055E-01
 -0.638341E-01
 -0.701686E-01
 -0.765002E-01
 -0.826118E-01
 -0.889185E-01
 -0.945970E-01
 -0.999265E-01
 -0.105001E+00
 -0.110338E+00
 -0.115173E+00
 -0.119526E+00
 -0.123163E+00
 -0.126427E+00
 -0.128815E+00
 -0.130773E+00
 -0.132596E+00
 -0.134934E+00
 -0.137073E+00
 -0.139018E+00
 -0.140509E+00
 -0.141902E+00
 -0.142467E+00
 -0.142324E+00
 -0.141546E+00
 -0.140661E+00
 -0.139141E+00
 -0.137117E+00
 -0.134611E+00
 -0.132134E+00
 -0.129104E+00
 -0.125737E+00
 -0.122035E+00
 -0.118590E+00
 -0.114886E+00
 -0.111043E+00
 -0.107157E+00
 -0.103738E+00
 -0.100247E+00
 -0.968852E-01
 -0.936844E-01
 -0.910367E-01
 -0.885083E-01
 -0.863960E-01
 -0.847787E-01
 -0.841566E-01
 -0.840031E-01
 -0.845967E-01
 -0.860061E-01
 -0.886514E-01
 -0.918362E-01
 -0.953947E-01
 -0.989980E-01
 -0.102813E+00
 -0.106089E+00
 -0.108888E+00
 -0.111113E+00
 -0.113009E+00
 -0.114022E+00
 -0.114195E+00
 -0.113573E+00
 -0.112768E+00
 -0.111667E+00
 -0.110877E+00
 -0.110898E+00
 -0.112327E+00
 -0.114758E+00
 -0.118361E+00
 -0.123042E+00
 -0.129006E+00
 -0.135316E+00
 -0.141613E+00
 -0.147481E+00
 -0.153020E+00
 -0.157772E+00
 -0.161843E+00
 -0.165281E+00
 -0.168385E+00
 -0.170622E+00
 -0.172066E+00
 -0.172611E+00
 -0.172641E+00
 -0.171852E+00
 -0.170675E+00
 -0.169283E+00
 -0.168195E+00
 -0.166964E+00
 -0.165686E+00
 -0.164402E+00
 -0.163546E+00
 -0.162876E+00
 -0.162559E+00
 -0.162594E+00
 -0.163281E+00
 -0.164094E+00
 -0.165044E+00
 -0.166068E+00
 -0.167323E+00
 -0.168360E+00
 -0.169279E+00
 -0.170048E+00
 -0.170878E+00
 -0.171388E+00
 -0.171869E+00
 -0.172412E+00
 -0.173225E+00
 -0.173917E+00
 -0.174394E+00
 -0.174458E+00
 -0.174169E+00
 -0.172996E+00
 -0.170888E+00
 -0.167773E+00
 -0.163924E+00
 -0.159023E+00
 -0.153273E+00
 -0.146739E+00
 -0.139724E+00
 -0.132080E+00
 -0.124155E+00
 -0.116227E+00
 -0.108685E+00
 -0.101350E+00
 -0.943228E-01
 -0.874618E-01
 -0.808457E-01
 -0.741868E-01
 -0.675198E-01
 -0.607592E-01
 -0.539427E-01
 -0.467190E-01
 -0.390869E-01
 -0.310037E-01
 -0.225747E-01
 -0.133635E-01
 -0.345807E-02
  0.714159E-02
  0.182139E-01
  0.299973E-01
  0.424136E-01
  0.553233E-01
  0.683270E-01
  0.816427E-01
  0.950024E-01
  0.108077E+00
  0.120312E+00
  0.131712E+00
  0.142071E+00
  0.151441E+00
  0.159743E+00
  0.167382E+00
  0.174413E+00
  0.181114E+00
  0.187385E+00
  0.193722E+00
  0.200214E+00
  0.206924E+00
  0.213584E+00
  0.220521E+00
  0.227467E+00
  0.234307E+00
  0.240534E+00
  0.246294E+00
  0.251277E+00
  0.255461E+00
  0.258490E+00
  0.260939E+00
  0.262686E+00
  0.263741E+00
  0.263729E+00
  0.263007E+00
  0.261542E+00
  0.259330E+00
  0.256129E+00
  0.252569E+00
  0.248763E+00
  0.245007E+00
  0.241173E+00
  0.237831E+00
  0.234984E+00
  0.232781E+00
  0.230874E+00
  0.229831E+00
  0.229400E+00
  0.229465E+00
  0.229422E+00
  0.229520E+00
  0.229394E+00
  0.228967E+00
  0.227681E+00
  0.226030E+00
  0.223940E+00
  0.221468E+00
  0.218278E+00
  0.215009E+00
  0.211590E+00
  0.208139E+00
  0.204130E+00
  0.200237E+00
  0.196308E+00
  0.192439E+00
  0.188216E+00
  0.184274E+00
  0.180461E+00
  0.176706E+00
  0.172376E+00
  0.167925E+00
  0.163087E+00
  0.157852E+00
  0.151724E+00
  0.145296E+00
  0.138418E+00
  0.131123E+00
  0.122981E+00
  0.114819E+00
  0.106550E+00
  0.983111E-01
  0.896857E-01
  0.813876E-01
  0.732280E-01
  0.651774E-01
  0.566536E-01
  0.482022E-01
  0.395446E-01
  0.306353E-01
  0.209900E-01
  0.113726E-01
  0.177107E-02
 -0.761998E-02
 -0.172672E-01
 -0.263230E-01
 -0.349656E-01
 -0.432184E-01
 -0.516043E-01
 -0.594393E-01
 -0.668493E-01
 -0.737234E-01
 -0.805057E-01
 -0.864416E-01
 -0.917108E-01
 -0.963876E-01
 -0.101087E+00
 -0.105311E+00
 -0.109331E+00
 -0.113223E+00
 -0.117612E+00
 -0.121867E+00
 -0.126273E+00
 -0.130884E+00
 -0.136226E+00
 -0.141584E+00
 -0.147012E+00
 -0.152339E+00
 -0.157855E+00
 -0.162899E+00
 -0.167601E+00
 -0.171973E+00
 -0.176535E+00
 -0.180770E+00
 -0.184885E+00
 -0.188979E+00
 -0.193580E+00
 -0.198011E+00
 -0.202426E+00
 -0.206769E+00
 -0.211377E+00
 -0.215527E+00
 -0.219303E+00
 -0.222435E+00
 -0.225172E+00
 -0.226702E+00
 -0.227077E+00
 -0.226308E+00
 -0.224911E+00
 -0.222502E+00
 -0.219456E+00
 -0.215803E+00
 -0.211942E+00
 -0.207337E+00
 -0.202199E+00
 -0.196712E+00
 -0.191412E+00
 -0.185956E+00
 -0.180568E+00
 -0.175336E+00
 -0.170724E+00
 -0.166429E+00
 -0.162661E+00
 -0.159560E+00
 -0.157491E+00
 -0.155887E+00
 -0.154715E+00
 -0.153808E+00
 -0.153443E+00
 -0.152990E+00
 -0.152498E+00
 -0.151791E+00
 -0.151049E+00
 -0.149698E+00
 -0.147829E+00
 -0.145519E+00
 -0.143198E+00
 -0.140497E+00
 -0.137550E+00
 -0.134308E+00
 -0.130955E+00
 -0.127090E+00
 -0.122785E+00
 -0.118025E+00
 -0.113107E+00
 -0.107608E+00
 -0.101659E+00
 -0.953122E-01
 -0.889927E-01
 -0.825059E-01
 -0.761551E-01
 -0.702128E-01
 -0.650610E-01
 -0.603718E-01
 -0.562609E-01
 -0.526600E-01
 -0.498637E-01
 -0.474429E-01
 -0.453604E-01
 -0.435227E-01
 -0.422385E-01
 -0.409735E-01
 -0.397516E-01
 -0.386169E-01
 -0.379328E-01
 -0.374373E-01
 -0.372478E-01
 -0.372538E-01
 -0.375906E-01
 -0.377420E-01
 -0.376897E-01
 -0.373728E-01
 -0.370789E-01
 -0.365241E-01
 -0.358436E-01
 -0.349640E-01
 -0.340732E-01
 -0.326681E-01
 -0.307197E-01
 -0.280966E-01
 -0.250303E-01
 -0.211054E-01
 -0.165429E-01
 -0.115761E-01
 -0.669267E-02
 -0.186564E-02
  0.257156E-02
  0.650108E-02
  0.961822E-02
  0.123854E-01
  0.149154E-01
  0.173770E-01
  0.196057E-01
  0.221284E-01
  0.248624E-01
  0.278028E-01
  0.305226E-01
  0.333806E-01
  0.362659E-01
  0.392117E-01
  0.419954E-01
  0.450116E-01
  0.481769E-01
  0.516255E-01
  0.551674E-01
  0.592553E-01
  0.637339E-01
  0.685851E-01
  0.734488E-01
  0.787283E-01
  0.842564E-01
  0.899621E-01
  0.954134E-01
  0.100866E+00
  0.106122E+00
  0.111068E+00
  0.115354E+00
  0.119340E+00
  0.123033E+00
  0.126661E+00
  0.130133E+00
  0.134003E+00
  0.138243E+00
  0.142876E+00
  0.147436E+00
  0.152383E+00
  0.157570E+00
  0.163107E+00
  0.168657E+00
  0.174642E+00
  0.180832E+00
  0.187036E+00
  0.192571E+00
  0.197500E+00
  0.201386E+00
  0.204146E+00
  0.205453E+00
  0.205946E+00
  0.205663E+00
  0.204793E+00
  0.203093E+00
  0.201168E+00
  0.198923E+00
  0.196461E+00
  0.193567E+00
  0.190837E+00
  0.188195E+00
  0.185685E+00
  0.182848E+00
  0.180204E+00
  0.177570E+00
  0.174906E+00
  0.171785E+00
  0.168761E+00
  0.165742E+00
  0.162804E+00
  0.159508E+00
  0.156543E+00
  0.153750E+00
  0.151086E+00
  0.148025E+00
  0.145138E+00
  0.142343E+00
  0.139739E+00
  0.136976E+00
  0.134688E+00
  0.132699E+00
  0.130985E+00
  0.129127E+00
  0.127757E+00
  0.126714E+00
  0.126017E+00
  0.124994E+00
  0.124021E+00
  0.122655E+00
  0.120752E+00
  0.117763E+00
  0.114365E+00
  0.110489E+00
  0.106247E+00
  0.101148E+00
  0.958082E-01
  0.899737E-01
  0.836798E-01
  0.764938E-01
  0.691552E-01
  0.616195E-01
  0.539503E-01
  0.456174E-01
  0.374648E-01
  0.293955E-01
  0.215334E-01
  0.133974E-01
  0.571966E-02
 -0.157116E-02
 -0.823383E-02
 -0.145080E-01
 -0.195653E-01
 -0.235891E-01
 -0.265947E-01
 -0.291241E-01
 -0.304800E-01
 -0.308601E-01
 -0.303001E-01
 -0.294309E-01
 -0.276179E-01
 -0.251744E-01
 -0.222042E-01
 -0.192973E-01
 -0.158621E-01
 -0.121660E-01
 -0.825440E-02
 -0.461025E-02
 -0.456671E-03
  0.407264E-02
  0.899105E-02
  0.137285E-01
  0.188751E-01
  0.241388E-01
  0.293945E-01
  0.339620E-01
  0.386017E-01
  0.431274E-01
  0.475831E-01
  0.514697E-01
  0.554665E-01
  0.593855E-01
  0.632654E-01
  0.666149E-01
  0.701863E-01
  0.738064E-01
  0.774937E-01
  0.807926E-01
  0.844619E-01
  0.883623E-01
  0.925589E-01
  0.964405E-01
  0.100647E+00
  0.104808E+00
  0.108783E+00
  0.111915E+00
  0.114829E+00
  0.117300E+00
  0.119366E+00
  0.120441E+00
  0.121177E+00
  0.121212E+00
  0.120410E+00
  0.118158E+00
  0.115213E+00
  0.111563E+00
  0.107448E+00
  0.102415E+00
  0.974809E-01
  0.925638E-01
  0.877508E-01
  0.825204E-01
  0.776083E-01
  0.728145E-01
  0.681453E-01
  0.629964E-01
  0.581326E-01
  0.533058E-01
  0.485157E-01
  0.430784E-01
  0.375917E-01
  0.316657E-01
  0.251355E-01
  0.173844E-01
  0.937467E-02
  0.109849E-02
 -0.722880E-02
 -0.160444E-01
 -0.244456E-01
 -0.325332E-01
 -0.402702E-01
 -0.483211E-01
 -0.560636E-01
 -0.638276E-01
 -0.716069E-01
 -0.798505E-01
 -0.875776E-01
 -0.948459E-01
 -0.101563E+00
 -0.108309E+00
 -0.114129E+00
 -0.119198E+00
 -0.123484E+00
 -0.127506E+00
 -0.130527E+00
 -0.132772E+00
 -0.134252E+00
 -0.135529E+00
 -0.135868E+00
 -0.135549E+00
 -0.134639E+00
 -0.133764E+00
 -0.132294E+00
 -0.130485E+00
 -0.128349E+00
 -0.126455E+00
 -0.124112E+00
 -0.121673E+00
 -0.119330E+00
 -0.117822E+00
 -0.116598E+00
 -0.115944E+00
 -0.115888E+00
 -0.116960E+00
 -0.118400E+00
 -0.120293E+00
 -0.122492E+00
 -0.125382E+00
 -0.128158E+00
 -0.130930E+00
 -0.133752E+00
 -0.137324E+00
 -0.141004E+00
 -0.145041E+00
 -0.149426E+00
 -0.154534E+00
 -0.159564E+00
 -0.164529E+00
 -0.169237E+00
 -0.174011E+00
 -0.178050E+00
 -0.181473E+00
 -0.184286E+00
 -0.187168E+00
 -0.189648E+00
 -0.191947E+00
 -0.194088E+00
 -0.196402E+00
 -0.198111E+00
 -0.199279E+00
 -0.199789E+00
 -0.200058E+00
 -0.199538E+00
 -0.198502E+00
 -0.197094E+00
 -0.195913E+00
 -0.194417E+00
 -0.192738E+00
 -0.190826E+00
 -0.189084E+00
 -0.186979E+00
 -0.184742E+00
 -0.182340E+00
 -0.180265E+00
 -0.177850E+00
 -0.175300E+00
 -0.172766E+00
 -0.170684E+00
 -0.168618E+00
 -0.166792E+00
 -0.165199E+00
 -0.164156E+00
 -0.163038E+00
 -0.161820E+00
 -0.160398E+00
 -0.159142E+00
 -0.157581E+00
 -0.155915E+00
 -0.154129E+00
 -0.152507E+00
 -0.150476E+00
 -0.148123E+00
 -0.145531E+00
 -0.143138E+00
 -0.140720E+00
 -0.138513E+00
 -0.136542E+00
 -0.135148E+00
 -0.133832E+00
 -0.132618E+00
 -0.131478E+00
 -0.130659E+00
 -0.129788E+00
 -0.128889E+00
 -0.128025E+00
 -0.127557E+00
 -0.126985E+00
 -0.126388E+00
 -0.125688E+00
 -0.125161E+00
 -0.124342E+00
 -0.123335E+00
 -0.122107E+00
 -0.120984E+00
 -0.119506E+00
 -0.117861E+00
 -0.116031E+00
 -0.114363E+00
 -0.112476E+00
 -0.110506E+00
 -0.108435E+00
 -0.106479E+00
 -0.104162E+00
 -0.101481E+00
 -0.982823E-01
 -0.947112E-01
 -0.903676E-01
 -0.853745E-01
 -0.797444E-01
 -0.737905E-01
 -0.672416E-01
 -0.603681E-01
 -0.532270E-01
 -0.462353E-01
 -0.392214E-01
 -0.323965E-01
 -0.259323E-01
 -0.202587E-01
 -0.149205E-01
 -0.100797E-01
 -0.572476E-02
 -0.203102E-02
  0.148005E-02
  0.489414E-02
  0.828749E-02
  0.115087E-01
  0.149393E-01
  0.184460E-01
  0.219248E-01
  0.250253E-01
  0.280984E-01
  0.309475E-01
  0.335682E-01
  0.356585E-01
  0.375107E-01
  0.389761E-01
  0.400429E-01
  0.405175E-01
  0.407806E-01
  0.407436E-01
  0.403709E-01
  0.393451E-01
  0.379597E-01
  0.361821E-01
  0.341358E-01
  0.316921E-01
  0.293897E-01
  0.273153E-01
  0.256627E-01
  0.241899E-01
  0.234377E-01
  0.232855E-01
  0.236946E-01
  0.242904E-01
  0.253405E-01
  0.266823E-01
  0.282912E-01
  0.297788E-01
  0.313962E-01
  0.329428E-01
  0.343670E-01
  0.354430E-01
  0.366680E-01
  0.380540E-01
  0.396339E-01
  0.410430E-01
  0.426518E-01
  0.442378E-01
  0.458395E-01
  0.471724E-01
  0.487165E-01
  0.502788E-01
  0.518462E-01
  0.530373E-01
  0.542256E-01
  0.553281E-01
  0.564054E-01
  0.571717E-01
  0.580616E-01
  0.589782E-01
  0.599333E-01
  0.606094E-01
  0.614464E-01
  0.623378E-01
  0.632434E-01
  0.638415E-01
  0.647031E-01
  0.659469E-01
  0.676927E-01
  0.697099E-01
  0.724177E-01
  0.755594E-01
  0.790771E-01
  0.824998E-01
  0.860549E-01
  0.895329E-01
  0.928925E-01
  0.957727E-01
  0.986709E-01
  0.101421E+00
  0.103981E+00
  0.105981E+00
  0.107935E+00
  0.109767E+00
  0.111608E+00
  0.113095E+00
  0.114602E+00
  0.115903E+00
  0.117063E+00
  0.117810E+00
  0.118634E+00
  0.119446E+00
  0.120249E+00
  0.120687E+00
  0.121222E+00
  0.121684E+00
  0.122155E+00
  0.122291E+00
  0.122695E+00
  0.123269E+00
  0.123977E+00
  0.124280E+00
  0.124577E+00
  0.124542E+00
  0.124119E+00
  0.122811E+00
  0.121259E+00
  0.119472E+00
  0.117634E+00
  0.115435E+00
  0.113472E+00
  0.111560E+00
  0.109626E+00
  0.107245E+00
  0.105138E+00
  0.103361E+00
  0.102057E+00
  0.100788E+00
  0.999800E-01
  0.992112E-01
  0.982412E-01
  0.964896E-01
  0.944104E-01
  0.918446E-01
  0.888691E-01
  0.851260E-01
  0.813653E-01
  0.774566E-01
  0.733921E-01
  0.687676E-01
  0.642915E-01
  0.599150E-01
  0.557894E-01
  0.516068E-01
  0.479849E-01
  0.446624E-01
  0.415886E-01
  0.381794E-01
  0.350878E-01
  0.321745E-01
  0.294955E-01
  0.265789E-01
  0.240667E-01
  0.218222E-01
  0.197774E-01
  0.175420E-01
  0.157669E-01
  0.143622E-01
  0.134017E-01
  0.125191E-01
  0.124039E-01
  0.129644E-01
  0.141985E-01
  0.154708E-01
  0.172840E-01
  0.193530E-01
  0.215368E-01
  0.232042E-01
  0.249512E-01
  0.264422E-01
  0.275442E-01
  0.277643E-01
  0.277184E-01
  0.273381E-01
  0.266983E-01
  0.254425E-01
  0.242999E-01
  0.232046E-01
  0.223707E-01
  0.217118E-01
  0.219279E-01
  0.226286E-01
  0.237501E-01
  0.247781E-01
  0.264775E-01
  0.286067E-01
  0.311244E-01
  0.335311E-01
  0.363793E-01
  0.395010E-01
  0.428427E-01
  0.458246E-01
  0.489412E-01
  0.518852E-01
  0.546048E-01
  0.566092E-01
  0.584967E-01
  0.600545E-01
  0.612539E-01
  0.615614E-01
  0.617541E-01
  0.616868E-01
  0.614919E-01
  0.608586E-01
  0.605782E-01
  0.605971E-01
  0.609353E-01
  0.610453E-01
  0.614841E-01
  0.620628E-01
  0.627907E-01
  0.632175E-01
  0.639546E-01
  0.648139E-01
  0.657522E-01
  0.662301E-01
  0.668351E-01
  0.673565E-01
  0.677908E-01
  0.676633E-01
  0.675606E-01
  0.672971E-01
  0.668853E-01
  0.658436E-01
  0.647281E-01
  0.633147E-01
  0.615927E-01
  0.591763E-01
  0.567323E-01
  0.542297E-01
  0.517945E-01
  0.490253E-01
  0.466643E-01
  0.445695E-01
  0.427559E-01
  0.408215E-01
  0.393404E-01
  0.382163E-01
  0.375437E-01
  0.369534E-01
  0.369530E-01
  0.373128E-01
  0.379431E-01
  0.383938E-01
  0.391556E-01
  0.401147E-01
  0.412986E-01
  0.423295E-01
  0.437152E-01
  0.452861E-01
  0.470181E-01
  0.485271E-01
  0.502686E-01
  0.521188E-01
  0.540725E-01
  0.557484E-01
  0.575299E-01
  0.592240E-01
  0.607862E-01
  0.618337E-01
  0.627610E-01
  0.634598E-01
  0.639780E-01
  0.640386E-01
  0.642012E-01
  0.643945E-01
  0.646521E-01
  0.646965E-01
  0.648847E-01
  0.650672E-01
  0.652156E-01
  0.650209E-01
  0.648548E-01
  0.646073E-01
  0.642836E-01
  0.636051E-01
  0.628882E-01
  0.620261E-01
  0.610328E-01
  0.596721E-01
  0.583419E-01
  0.570135E-01
  0.557629E-01
  0.544316E-01
  0.533478E-01
  0.524290E-01
  0.516585E-01
  0.507953E-01
  0.500886E-01
  0.494349E-01
  0.488253E-01
  0.480574E-01
  0.473633E-01
  0.466654E-01
  0.459668E-01
  0.450791E-01
  0.442711E-01
  0.434751E-01
  0.426950E-01
  0.417895E-01
  0.409457E-01
  0.401204E-01
  0.393306E-01
  0.384489E-01
  0.376451E-01
  0.368655E-01
  0.361173E-01
  0.352862E-01
  0.345041E-01
  0.337296E-01
  0.329580E-01
  0.320884E-01
  0.312392E-01
  0.303755E-01
  0.295006E-01
  0.285467E-01
  0.276044E-01
  0.266495E-01
  0.256865E-01
  0.246589E-01
  0.236470E-01
  0.226322E-01
  0.216249E-01
  0.205812E-01
  0.195613E-01
  0.185526E-01
  0.175576E-01
  0.165390E-01
  0.155506E-01
  0.145797E-01
  0.136318E-01
  0.126848E-01
  0.117712E-01
  0.108839E-01
  0.100260E-01
  0.917987E-02
  0.837201E-02
  0.759560E-02
  0.685386E-02
  0.613565E-02
  0.545633E-02
  0.481326E-02
  0.420593E-02
  0.362613E-02
  0.308422E-02
  0.257659E-02
  0.210418E-02
  0.166070E-02
  0.125145E-02
  0.873861E-03
  0.527178E-03
  0.208215E-03
 -0.814381E-04
 -0.343719E-03
 -0.579456E-03
 -0.791469E-03
 -0.979043E-03
 -0.114427E-02
 -0.128819E-02
 -0.141297E-02
 -0.151934E-02
 -0.160875E-02
 -0.168248E-02
 -0.174219E-02
 -0.178913E-02
 -0.182481E-02
 -0.185048E-02
 -0.186787E-02
 -0.187847E-02
 -0.188381E-02
 -0.188507E-02
 -0.188402E-02
 -0.188198E-02
 -0.188010E-02
  0.000000E+00
  0.000000E+00
  0.000000E+00
  0.000000E+00
  0.000000E+00
  0.000000E+00
  0.000000E+00
  0.000000E+00
  0.000000E+00
  0.000000E+00
  0.000000E+00
  0.000000E+00
  0.000000E+00
  0.000000E+00
  0.000000E+00
  0.000000E+00
  0.000000E+00
  0.000000E+00
  0.000000E+00
  0.000000E+00
  0.000000E+00
  0.000000E+00
  0.000000E+00
  0.000000E+00
  0.000000E+00
  0.000000E+00
  0.000000E+00
  0.000000E+00
  0.000000E+00
  0.000000E+00
  0.000000E+00
  0.000000E+00
  0.000000E+00
  0.000000E+00
  0.000000E+00
  0.000000E+00
  0.000000E+00
  0.000000E+00
  0.000000E+00
  0.000000E+00
  0.000000E+00
  0.000000E+00
  0.000000E+00
  0.000000E+00
  0.000000E+00
  0.000000E+00
  0.000000E+00
  0.000000E+00
  0.000000E+00
  0.000000E+00
  0.000000E+00
  0.000000E+00
  0.000000E+00
  0.000000E+00
  0.000000E+00
  0.000000E+00
  0.000000E+00
  0.000000E+00
  0.000000E+00
  0.000000E+00
  0.000000E+00
  0.000000E+00
  0.000000E+00
  0.000000E+00
  0.000000E+00
  0.000000E+00
  0.000000E+00
  0.000000E+00
  0.000000E+00
  0.000000E+00
  0.000000E+00
  0.000000E+00
  0.000000E+00
  0.000000E+00
  0.000000E+00
  0.000000E+00
  0.000000E+00
  0.000000E+00
  0.000000E+00
  0.000000E+00
  0.000000E+00
  0.000000E+00
  0.000000E+00
  0.000000E+00
  0.000000E+00
  0.000000E+00
  0.000000E+00
  0.000000E+00
  0.000000E+00
  0.000000E+00
  0.000000E+00
  0.000000E+00
  0.000000E+00
  0.000000E+00
  0.000000E+00
  0.000000E+00
  0.000000E+00
  0.000000E+00
  0.000000E+00
  0.000000E+00
  0.000000E+00
  0.000000E+00
  0.000000E+00
  0.000000E+00
  0.000000E+00
  0.000000E+00
  0.000000E+00
  0.000000E+00
  0.000000E+00
  0.000000E+00
  0.000000E+00
  0.000000E+00
  0.000000E+00
  0.000000E+00
  0.000000E+00
  0.000000E+00
  0.000000E+00
  0.000000E+00
  0.000000E+00
  0.000000E+00
  0.000000E+00
  0.000000E+00
  0.000000E+00
  0.000000E+00
  0.000000E+00
  0.000000E+00
  0.000000E+00
  0.000000E+00
  0.000000E+00
  0.000000E+00
  0.000000E+00
  0.000000E+00
  0.000000E+00
  0.000000E+00
  0.000000E+00
  0.000000E+00
  0.000000E+00
  0.000000E+00
  0.000000E+00
  0.000000E+00
  0.000000E+00
  0.000000E+00
  0.000000E+00
  0.000000E+00
  0.000000E+00
  0.000000E+00
  0.000000E+00
  0.000000E+00
  0.000000E+00
  0.000000E+00
  0.000000E+00
  0.000000E+00
  0.000000E+00
  0.000000E+00
  0.000000E+00
  0.000000E+00
  0.000000E+00
  0.000000E+00
  0.000000E+00
  0.000000E+00
  0.000000E+00
  0.000000E+00
  0.000000E+00
  0.000000E+00
  0.000000E+00
  0.000000E+00
  0.000000E+00
  0.000000E+00
  0.000000E+00
  0.000000E+00
  0.000000E+00
  0.000000E+00
  0.000000E+00
  0.000000E+00
  0.000000E+00
  0.000000E+00
  0.000000E+00
  0.000000E+00
  0.000000E+00
  0.000000E+00
  0.000000E+00
  0.000000E+00
  0.000000E+00
  0.000000E+00
  0.000000E+00
  0.000000E+00
  0.000000E+00
  0.000000E+00
  0.000000E+00
  0.000000E+00
  0.000000E+00
  0.000000E+00
  0.000000E+00
  0.000000E+00
  0.000000E+00
  0.000000E+00
  0.000000E+00
  0.000000E+00
  0.000000E+00
  0.000000E+00
  0.000000E+00
  0.000000E+00
  0.000000E+00
  0.000000E+00
  0.000000E+00
  0.000000E+00
  0.000000E+00
  0.000000E+00
  0.000000E+00
  0.000000E+00
  0.000000E+00
  0.000000E+00
  0.000000E+00
  0.000000E+00
  0.000000E+00
  0.000000E+00
  0.000000E+00
  0.000000E+00
  0.000000E+00
  0.000000E+00
  0.000000E+00
  0.000000E+00
  0.000000E+00
  0.000000E+00
  0.000000E+00
  0.000000E+00
  0.000000E+00
  0.000000E+00
  0.000000E+00
  0.000000E+00
  0.000000E+00
  0.000000E+00
  0.000000E+00
  0.000000E+00
  0.000000E+00
  0.000000E+00
  0.000000E+00
  0.000000E+00
  0.000000E+00
  0.000000E+00
  0.000000E+00
  0.000000E+00
  0.000000E+00
  0.000000E+00
  0.000000E+00
  0.000000E+00
  0.000000E+00
  0.000000E+00
  0.000000E+00
  0.000000E+00
  0.000000E+00
  0.000000E+00
  0.000000E+00
  0.000000E+00
  0.000000E+00
  0.000000E+00
  0.000000E+00
  0.000000E+00
  0.000000E+00
  0.000000E+00
  0.000000E+00
  0.000000E+00
  0.000000E+00
  0.000000E+00
  0.000000E+00
  0.000000E+00
  0.000000E+00
  0.000000E+00
  0.000000E+00
  0.000000E+00
  0.000000E+00
  0.000000E+00
  0.000000E+00
  0.000000E+00
  0.000000E+00
  0.000000E+00
  0.000000E+00
  0.000000E+00
  0.000000E+00
  0.000000E+00
  0.000000E+00
  0.000000E+00
  0.000000E+00
  0.000000E+00
  0.000000E+00
  0.000000E+00
  0.000000E+00
  0.000000E+00
  0.000000E+00
  0.000000E+00
  0.000000E+00
  0.000000E+00
  0.000000E+00
  0.000000E+00
  0.000000E+00
  0.000000E+00
  0.000000E+00
  0.000000E+00
  0.000000E+00
  0.000000E+00
  0.000000E+00
  0.000000E+00
  0.000000E+00
  0.000000E+00
  0.000000E+00
  0.000000E+00
  0.000000E+00
  0.000000E+00
  0.000000E+00
  0.000000E+00
  0.000000E+00
  0.000000E+00
  0.000000E+00
  0.000000E+00
  0.000000E+00
  0.000000E+00
  0.000000E+00
  0.000000E+00
  0.000000E+00
  0.000000E+00
  0.000000E+00
  0.000000E+00
  0.000000E+00
  0.000000E+00
  0.000000E+00
  0.000000E+00
  0.000000E+00
  0.000000E+00
  0.000000E+00
  0.000000E+00
  0.000000E+00
  0.000000E+00
  0.000000E+00
  0.000000E+00
  0.000000E+00
  0.000000E+00
  0.000000E+00
  0.000000E+00
  0.000000E+00
  0.000000E+00
  0.000000E+00
  0.000000E+00
  0.000000E+00
  0.000000E+00
  0.000000E+00
  0.000000E+00
  0.000000E+00
  0.000000E+00
  0.000000E+00
  0.000000E+00
  0.000000E+00
  0.000000E+00
  0.000000E+00
  0.000000E+00
  0.000000E+00
  0.000000E+00
  0.000000E+00
  0.000000E+00
  0.000000E+00
  0.000000E+00
  0.000000E+00
  0.000000E+00
  0.000000E+00
  0.000000E+00
  0.000000E+00
  0.000000E+00
  0.000000E+00
  0.000000E+00
  0.000000E+00
  0.000000E+00
  0.000000E+00
  0.000000E+00
  0.000000E+00
  0.000000E+00
  0.000000E+00
  0.000000E+00
  0.000000E+00
  0.000000E+00
  0.000000E+00
  0.000000E+00
  0.000000E+00
  0.000000E+00
  0.000000E+00
  0.000000E+00
  0.000000E+00
  0.000000E+00
  0.000000E+00
  0.000000E+00
  0.000000E+00
  0.000000E+00
  0.000000E+00
  0.000000E+00
  0.000000E+00
  0.000000E+00
  0.000000E+00
  0.000000E+00
  0.000000E+00
  0.000000E+00
  0.000000E+00
  0.000000E+00
  0.000000E+00
  0.000000E+00
  0.000000E+00
  0.000000E+00
  0.000000E+00
  0.000000E+00
  0.000000E+00
  0.000000E+00
  0.000000E+00
  0.000000E+00
  0.000000E+00
  0.000000E+00
  0.000000E+00
  0.000000E+00
  0.000000E+00
  0.000000E+00
  0.000000E+00
  0.000000E+00
  0.000000E+00
  0.000000E+00
  0.000000E+00
  0.000000E+00
  0.000000E+00
  0.000000E+00
  0.000000E+00
  0.000000E+00
  0.000000E+00
  0.000000E+00
  0.000000E+00
  0.000000E+00
  0.000000E+00
  0.000000E+00
  0.000000E+00
  0.000000E+00
  0.000000E+00
  0.000000E+00
  0.000000E+00
  0.000000E+00
  0.000000E+00
  0.000000E+00
  0.000000E+00
  0.000000E+00
  0.000000E+00
  0.000000E+00
  0.000000E+00
  0.000000E+00
  0.000000E+00
  0.000000E+00
  0.000000E+00
  0.000000E+00
  0.000000E+00
  0.000000E+00
  0.000000E+00
  0.000000E+00
  0.000000E+00
  0.000000E+00
  0.000000E+00
  0.000000E+00
  0.000000E+00
  0.000000E+00
  0.000000E+00
  0.000000E+00
  0.000000E+00
  0.000000E+00
  0.000000E+00
  0.000000E+00
  0.000000E+00
  0.000000E+00
  0.000000E+00
  0.000000E+00
  0.000000E+00
  0.000000E+00
  0.000000E+00
  0.000000E+00
  0.000000E+00
  0.000000E+00
  0.000000E+00
  0.000000E+00
  0.000000E+00
  0.000000E+00
  0.000000E+00
  0.000000E+00
  0.000000E+00
  0.000000E+00
  0.000000E+00
  0.000000E+00
  0.000000E+00
  0.000000E+00
  0.000000E+00
  0.000000E+00
  0.000000E+00
  0.000000E+00
  0.000000E+00
  0.000000E+00
  0.000000E+00
  0.000000E+00
  0.000000E+00
  0.000000E+00
  0.000000E+00
  0.000000E+00
  0.000000E+00
  0.000000E+00
  0.000000E+00
  0.000000E+00
  0.000000E+00
  0.000000E+00
  0.000000E+00
  0.000000E+00
  0.000000E+00
  0.000000E+00
  0.000000E+00
  0.000000E+00
  0.000000E+00
  0.000000E+00
  0.000000E+00
  0.000000E+00
  0.000000E+00
  0.000000E+00
  0.000000E+00
  0.000000E+00
  0.000000E+00
  0.000000E+00
  0.000000E+00
  0.000000E+00
  0.000000E+00
  0.000000E+00
  0.000000E+00
  0.000000E+00
  0.000000E+00
  0.000000E+00
  0.000000E+00
  0.000000E+00
  0.000000E+00
  0.000000E+00
  0.000000E+00
  0.000000E+00
  0.000000E+00
  0.000000E+00
  0.000000E+00
  0.000000E+00
  0.000000E+00
  0.000000E+00
  0.000000E+00
  0.000000E+00
  0.000000E+00
  0.000000E+00
  0.000000E+00
  0.000000E+00
  0.000000E+00
  0.000000E+00
  0.000000E+00
  0.000000E+00
  0.000000E+00
  0.000000E+00
  0.000000E+00
  0.000000E+00
  0.000000E+00
  0.000000E+00
  0.000000E+00
  0.000000E+00
  0.000000E+00
  0.000000E+00
  0.000000E+00
  0.000000E+00
  0.000000E+00
  0.000000E+00
  0.000000E+00
  0.000000E+00
  0.000000E+00
  0.000000E+00
  0.000000E+00
  0.000000E+00
  0.000000E+00
  0.000000E+00
  0.000000E+00
  0.000000E+00
  0.000000E+00
  0.000000E+00
  0.000000E+00
  0.000000E+00
  0.000000E+00
  0.000000E+00
  0.000000E+00
  0.000000E+00
  0.000000E+00
  0.000000E+00
  0.000000E+00
  0.000000E+00
  0.000000E+00
  0.000000E+00
  0.000000E+00
  0.000000E+00
  0.000000E+00
  0.000000E+00
  0.000000E+00
  0.000000E+00
  0.000000E+00
  0.000000E+00
  0.000000E+00
  0.000000E+00
  0.000000E+00
  0.000000E+00
  0.000000E+00
  0.000000E+00
  0.000000E+00
  0.000000E+00
  0.000000E+00
  0.000000E+00
  0.000000E+00
  0.000000E+00
  0.000000E+00
  0.000000E+00
  0.000000E+00
  0.000000E+00
  0.000000E+00
  0.000000E+00
  0.000000E+00
  0.000000E+00
  0.000000E+00
  0.000000E+00
  0.000000E+00
  0.000000E+00
  0.000000E+00
  0.000000E+00
  0.000000E+00
  0.000000E+00
  0.000000E+00
  0.000000E+00
  0.000000E+00
  0.000000E+00
  0.000000E+00
  0.000000E+00
  0.000000E+00
  0.000000E+00
  0.000000E+00
  0.000000E+00
  0.000000E+00
  0.000000E+00
  0.000000E+00
  0.000000E+00
  0.000000E+00
  0.000000E+00
  0.000000E+00
  0.000000E+00
  0.000000E+00
  0.000000E+00
  0.000000E+00
  0.000000E+00
  0.000000E+00
  0.000000E+00
  0.000000E+00
  0.000000E+00
  0.000000E+00
  0.000000E+00
  0.000000E+00
  0.000000E+00
  0.000000E+00
  0.000000E+00
  0.000000E+00
  0.000000E+00
  0.000000E+00
  0.000000E+00
  0.000000E+00
  0.000000E+00
  0.000000E+00
  0.000000E+00
  0.000000E+00
  0.000000E+00
  0.000000E+00
  0.000000E+00
  0.000000E+00
  0.000000E+00
  0.000000E+00
  0.000000E+00
  0.000000E+00
  0.000000E+00
  0.000000E+00
  0.000000E+00
  0.000000E+00
  0.000000E+00
  0.000000E+00
  0.000000E+00
  0.000000E+00
  0.000000E+00
  0.000000E+00
  0.000000E+00
  0.000000E+00
  0.000000E+00
  0.000000E+00
  0.000000E+00
  0.000000E+00
  0.000000E+00
  0.000000E+00
  0.000000E+00
  0.000000E+00
  0.000000E+00
  0.000000E+00
  0.000000E+00
  0.000000E+00
  0.000000E+00
  0.000000E+00
  0.000000E+00
  0.000000E+00
  0.000000E+00
  0.000000E+00
  0.000000E+00
  0.000000E+00
  0.000000E+00
  0.000000E+00
  0.000000E+00
  0.000000E+00
  0.000000E+00
  0.000000E+00
  0.000000E+00
  0.000000E+00
  0.000000E+00
  0.000000E+00
  0.000000E+00
  0.000000E+00
  0.000000E+00
  0.000000E+00
  0.000000E+00
  0.000000E+00
  0.000000E+00
  0.000000E+00
  0.000000E+00
  0.000000E+00
  0.000000E+00
  0.000000E+00
  0.000000E+00
  0.000000E+00
  0.000000E+00
  0.000000E+00
  0.000000E+00
  0.000000E+00
  0.000000E+00
  0.000000E+00
  0.000000E+00
  0.000000E+00
  0.000000E+00
  0.000000E+00
  0.000000E+00
  0.000000E+00
  0.000000E+00
  0.000000E+00
  0.000000E+00
  0.000000E+00
  0.000000E+00
  0.000000E+00
  0.000000E+00
  0.000000E+00
  0.000000E+00
  0.000000E+00
  0.000000E+00
  0.000000E+00
  0.000000E+00
  0.000000E+00
  0.000000E+00
  0.000000E+00
  0.000000E+00
  0.000000E+00
  0.000000E+00
  0.000000E+00
  0.000000E+00
  0.000000E+00
  0.000000E+00
  0.000000E+00
  0.000000E+00
  0.000000E+00
  0.000000E+00
  0.000000E+00
  0.000000E+00
  0.000000E+00
  0.000000E+00
  0.000000E+00
  0.000000E+00
  0.000000E+00
  0.000000E+00
  0.000000E+00
  0.000000E+00
  0.000000E+00
  0.000000E+00
  0.000000E+00
  0.000000E+00
  0.000000E+00
  0.000000E+00
  0.000000E+00
  0.000000E+00
  0.000000E+00
  0.000000E+00
  0.000000E+00
  0.000000E+00
  0.000000E+00
  0.000000E+00
  0.000000E+00
  0.000000E+00
  0.000000E+00
  0.000000E+00
  0.000000E+00
  0.000000E+00
  0.000000E+00
  0.000000E+00
  0.000000E+00
  0.000000E+00
  0.000000E+00
  0.000000E+00
  0.000000E+00
  0.000000E+00
  0.000000E+00
  0.000000E+00
  0.000000E+00
  0.000000E+00
  0.000000E+00
  0.000000E+00
  0.000000E+00
  0.000000E+00
  0.000000E+00
  0.000000E+00
  0.000000E+00
  0.000000E+00
  0.000000E+00
  0.000000E+00
  0.000000E+00
  0.000000E+00
  0.000000E+00
  0.000000E+00
  0.000000E+00
  0.000000E+00
  0.000000E+00
  0.000000E+00
  0.000000E+00
  0.000000E+00
  0.000000E+00
  0.000000E+00
  0.000000E+00
  0.000000E+00
  0.000000E+00
  0.000000E+00
  0.000000E+00
  0.000000E+00
  0.000000E+00
  0.000000E+00
  0.000000E+00
  0.000000E+00
  0.000000E+00
  0.000000E+00
  0.000000E+00
  0.000000E+00
  0.000000E+00
  0.000000E+00
  0.000000E+00
  0.000000E+00
  0.000000E+00
  0.000000E+00
  0.000000E+00
  0.000000E+00
  0.000000E+00
  0.000000E+00
  0.000000E+00
  0.000000E+00
  0.000000E+00
  0.000000E+00
  0.000000E+00
  0.000000E+00
  0.000000E+00
  0.000000E+00
  0.000000E+00
  0.000000E+00
  0.000000E+00
  0.000000E+00
  0.000000E+00
  0.000000E+00
  0.000000E+00
  0.000000E+00
  0.000000E+00
  0.000000E+00
  0.000000E+00
  0.000000E+00
  0.000000E+00
  0.000000E+00
  0.000000E+00
  0.000000E+00
  0.000000E+00
  0.000000E+00
  0.000000E+00
  0.000000E+00
  0.000000E+00
  0.000000E+00
  0.000000E+00
  0.000000E+00
  0.000000E+00
  0.000000E+00
  0.000000E+00
  0.000000E+00
  0.000000E+00
  0.000000E+00
  0.000000E+00
  0.000000E+00
  0.000000E+00
  0.000000E+00
  0.000000E+00
  0.000000E+00
  0.000000E+00
  0.000000E+00
  0.000000E+00
  0.000000E+00
  0.000000E+00
  0.000000E+00
  0.000000E+00
  0.000000E+00
  0.000000E+00
  0.000000E+00
  0.000000E+00
  0.000000E+00
  0.000000E+00
  0.000000E+00
  0.000000E+00
  0.000000E+00
  0.000000E+00
  0.000000E+00
  0.000000E+00
  0.000000E+00
  0.000000E+00
  0.000000E+00
  0.000000E+00
  0.000000E+00
  0.000000E+00
  0.000000E+00
  0.000000E+00
  0.000000E+00
  0.000000E+00
  0.000000E+00
  0.000000E+00
  0.000000E+00
  0.000000E+00
  0.000000E+00
  0.000000E+00
  0.000000E+00
  0.000000E+00
  0.000000E+00
  0.000000E+00
  0.000000E+00
  0.000000E+00
  0.000000E+00
  0.000000E+00
  0.000000E+00
  0.000000E+00
  0.000000E+00
  0.000000E+00
  0.000000E+00
  0.000000E+00
  0.000000E+00
  0.000000E+00
  0.000000E+00
  0.000000E+00
  0.000000E+00
  0.000000E+00
  0.000000E+00
  0.000000E+00
  0.000000E+00
  0.000000E+00
  0.000000E+00
  0.000000E+00
  0.000000E+00
  0.000000E+00
  0.000000E+00
  0.000000E+00
  0.000000E+00
  0.000000E+00
  0.000000E+00
  0.000000E+00
  0.000000E+00
  0.000000E+00
  0.000000E+00
  0.000000E+00
  0.000000E+00
  0.000000E+00
  0.000000E+00
  0.000000E+00
  0.000000E+00
  0.000000E+00
  0.000000E+00
  0.000000E+00
  0.000000E+00
  0.000000E+00
  0.000000E+00
  0.000000E+00
  0.000000E+00
  0.000000E+00
  0.000000E+00
  0.000000E+00
  0.000000E+00
  0.000000E+00
  0.000000E+00
  0.000000E+00
  0.000000E+00
  0.000000E+00
  0.000000E+00
  0.000000E+00
  0.000000E+00
  0.000000E+00
  0.000000E+00
  0.000000E+00
  0.000000E+00
  0.000000E+00
  0.000000E+00
  0.000000E+00
  0.000000E+00
  0.000000E+00
  0.000000E+00
  0.000000E+00
  0.000000E+00
  0.000000E+00
  0.000000E+00
  0.000000E+00
  0.000000E+00
  0.000000E+00
  0.000000E+00
  0.000000E+00
  0.000000E+00
  0.000000E+00
  0.000000E+00
  0.000000E+00
  0.000000E+00
  0.000000E+00
  0.000000E+00
  0.000000E+00
  0.000000E+00
  0.000000E+00
  0.000000E+00
  0.000000E+00
  0.000000E+00
  0.000000E+00
  0.000000E+00
  0.000000E+00
  0.000000E+00
  0.000000E+00
  0.000000E+00
  0.000000E+00
  0.000000E+00
  0.000000E+00
  0.000000E+00
  0.000000E+00
  0.000000E+00
  0.000000E+00
  0.000000E+00
  0.000000E+00
  0.000000E+00
  0.000000E+00
  0.000000E+00
  0.000000E+00
  0.000000E+00
  0.000000E+00
  0.000000E+00
  0.000000E+00
  0.000000E+00
  0.000000E+00
  0.000000E+00
  0.000000E+00
  0.000000E+00
  0.000000E+00
  0.000000E+00
  0.000000E+00
  0.000000E+00
  0.000000E+00
  0.000000E+00
  0.000000E+00
  0.000000E+00
  0.000000E+00
  0.000000E+00
  0.000000E+00
  0.000000E+00
  0.000000E+00
  0.000000E+00
  0.000000E+00
  0.000000E+00
  0.000000E+00
  0.000000E+00
  0.000000E+00
  0.000000E+00
  0.000000E+00
  0.000000E+00
  0.000000E+00
  0.000000E+00
  0.000000E+00
  0.000000E+00
  0.000000E+00
  0.000000E+00
  0.000000E+00
  0.000000E+00
  0.000000E+00
  0.000000E+00
  0.000000E+00
  0.000000E+00
  0.000000E+00
  0.000000E+00
  0.000000E+00
  0.000000E+00
  0.000000E+00
  0.000000E+00
  0.000000E+00
  0.000000E+00
  0.000000E+00
  0.000000E+00
  0.000000E+00
  0.000000E+00
  0.000000E+00
  0.000000E+00
  0.000000E+00
  0.000000E+00
  0.000000E+00
  0.000000E+00
  0.000000E+00
  0.000000E+00
  0.000000E+00
  0.000000E+00
  0.000000E+00
  0.000000E+00
  0.000000E+00
  0.000000E+00
  0.000000E+00
  0.000000E+00
  0.000000E+00
  0.000000E+00
  0.000000E+00
  0.000000E+00
  0.000000E+00
  0.000000E+00
  0.000000E+00
  0.000000E+00
  0.000000E+00
  0.000000E+00
  0.000000E+00
  0.000000E+00
  0.000000E+00
  0.000000E+00
  0.000000E+00
  0.000000E+00
  0.000000E+00
  0.000000E+00
  0.000000E+00
  0.000000E+00
  0.000000E+00
  0.000000E+00
  0.000000E+00
  0.000000E+00
  0.000000E+00
  0.000000E+00
  0.000000E+00
  0.000000E+00
  0.000000E+00
  0.000000E+00
  0.000000E+00
  0.000000E+00
  0.000000E+00
  0.000000E+00
  0.000000E+00
  0.000000E+00
  0.000000E+00
  0.000000E+00
  0.000000E+00
  0.000000E+00
  0.000000E+00
  0.000000E+00
  0.000000E+00
  0.000000E+00
  0.000000E+00
  0.000000E+00
  0.000000E+00
  0.000000E+00
  0.000000E+00
  0.000000E+00
  0.000000E+00
  0.000000E+00
  0.000000E+00
  0.000000E+00
  0.000000E+00
  0.000000E+00
  0.000000E+00
  0.000000E+00
  0.000000E+00
  0.000000E+00
  0.000000E+00
  0.000000E+00
  0.000000E+00
  0.000000E+00
  0.000000E+00
  0.000000E+00
  0.000000E+00
  0.000000E+00
  0.000000E+00
  0.000000E+00
  0.000000E+00
  0.000000E+00
  0.000000E+00
  0.000000E+00
  0.000000E+00
  0.000000E+00
  0.000000E+00
  0.000000E+00
  0.000000E+00
  0.000000E+00
  0.000000E+00
  0.000000E+00
  0.000000E+00
  0.000000E+00
  0.000000E+00
  0.000000E+00
  0.000000E+00
  0.000000E+00
  0.000000E+00
  0.000000E+00
  0.000000E+00
  0.000000E+00
  0.000000E+00
  0.000000E+00
  0.000000E+00
  0.000000E+00
  0.000000E+00
  0.000000E+00
  0.000000E+00
  0.000000E+00
  0.000000E+00
  0.000000E+00
  0.000000E+00
  0.000000E+00
  0.000000E+00
  0.000000E+00
  0.000000E+00
  0.000000E+00
  0.000000E+00
  0.000000E+00
  0.000000E+00
  0.000000E+00
  0.000000E+00
  0.000000E+00
  0.000000E+00
  0.000000E+00
  0.000000E+00
  0.000000E+00
  0.000000E+00
  0.000000E+00
  0.000000E+00
  0.000000E+00
  0.000000E+00
  0.000000E+00
  0.000000E+00
  0.000000E+00
  0.000000E+00
  0.000000E+00
  0.000000E+00
  0.000000E+00
  0.000000E+00
  0.000000E+00
  0.000000E+00
  0.000000E+00
  0.000000E+00
  0.000000E+00
  0.000000E+00
  0.000000E+00
  0.000000E+00
  0.000000E+00
  0.000000E+00
  0.000000E+00
  0.000000E+00
  0.000000E+00
  0.000000E+00
  0.000000E+00
  0.000000E+00
  0.000000E+00
  0.000000E+00
  0.000000E+00
  0.000000E+00
  0.000000E+00
  0.000000E+00
  0.000000E+00
  0.000000E+00
  0.000000E+00
  0.000000E+00
  0.000000E+00
  0.000000E+00
  0.000000E+00
  0.000000E+00
  0.000000E+00
  0.000000E+00
  0.000000E+00
  0.000000E+00
  0.000000E+00
  0.000000E+00
  0.000000E+00
  0.000000E+00
  0.000000E+00
  0.000000E+00
  0.000000E+00
  0.000000E+00
  0.000000E+00
  0.000000E+00
  0.000000E+00
  0.000000E+00
  0.000000E+00
  0.000000E+00
  0.000000E+00
  0.000000E+00
  0.000000E+00
  0.000000E+00
  0.000000E+00
  0.000000E+00
  0.000000E+00
  0.000000E+00
  0.000000E+00
  0.000000E+00
  0.000000E+00
  0.000000E+00
  0.000000E+00
  0.000000E+00
  0.000000E+00
  0.000000E+00
  0.000000E+00
  0.000000E+00
  0.000000E+00
  0.000000E+00
  0.000000E+00
  0.000000E+00
  0.000000E+00
  0.000000E+00
  0.000000E+00
  0.000000E+00
  0.000000E+00
  0.000000E+00
  0.000000E+00
  0.000000E+00
  0.000000E+00
  0.000000E+00
  0.000000E+00
  0.000000E+00
  0.000000E+00
  0.000000E+00
  0.000000E+00
  0.000000E+00
  0.000000E+00
  0.000000E+00
  0.000000E+00
  0.000000E+00
  0.000000E+00
  0.000000E+00
  0.000000E+00
  0.000000E+00
  0.000000E+00
  0.000000E+00
  0.000000E+00
  0.000000E+00
  0.000000E+00
  0.000000E+00
  0.000000E+00
  0.000000E+00
  0.000000E+00
  0.000000E+00
  0.000000E+00
  0.000000E+00
  0.000000E+00
  0.000000E+00
  0.000000E+00
  0.000000E+00
  0.000000E+00
  0.000000E+00
  0.000000E+00
  0.000000E+00
  0.000000E+00
  0.000000E+00
  0.000000E+00
  0.000000E+00
  0.000000E+00
  0.000000E+00
  0.000000E+00
  0.000000E+00
  0.000000E+00
  0.000000E+00
  0.000000E+00
  0.000000E+00
  0.000000E+00
  0.000000E+00
  0.000000E+00
  0.000000E+00
  0.000000E+00
  0.000000E+00
  0.000000E+00
  0.000000E+00
  0.000000E+00
  0.000000E+00
  0.000000E+00
  0.000000E+00
  0.000000E+00
  0.000000E+00
  0.000000E+00
  0.000000E+00
  0.000000E+00
  0.000000E+00
  0.000000E+00
  0.000000E+00
  0.000000E+00
  0.000000E+00
  0.000000E+00
  0.000000E+00
  0.000000E+00
  0.000000E+00
  0.000000E+00
  0.000000E+00
  0.000000E+00
  0.000000E+00
  0.000000E+00
  0.000000E+00
  0.000000E+00
  0.000000E+00
  0.000000E+00
  0.000000E+00
  0.000000E+00
  0.000000E+00
  0.000000E+00
  0.000000E+00
  0.000000E+00
  0.000000E+00
  0.000000E+00
  0.000000E+00
  0.000000E+00
  0.000000E+00
  0.000000E+00
  0.000000E+00
  0.000000E+00
  0.000000E+00
  0.000000E+00
  0.000000E+00
  0.000000E+00
  0.000000E+00
  0.000000E+00
  0.000000E+00
  0.000000E+00
  0.000000E+00
  0.000000E+00
  0.000000E+00
  0.000000E+00
  0.000000E+00
  0.000000E+00
  0.000000E+00
  0.000000E+00
  0.000000E+00
  0.000000E+00
  0.000000E+00
  0.000000E+00
  0.000000E+00
  0.000000E+00
  0.000000E+00
  0.000000E+00
  0.000000E+00
  0.000000E+00
  0.000000E+00
  0.000000E+00
  0.000000E+00
  0.000000E+00
  0.000000E+00
  0.000000E+00
  0.000000E+00
  0.000000E+00
  0.000000E+00
  0.000000E+00
  0.000000E+00
  0.000000E+00
  0.000000E+00
  0.000000E+00
  0.000000E+00
  0.000000E+00
  0.000000E+00
  0.000000E+00
  0.000000E+00
  0.000000E+00
  0.000000E+00
  0.000000E+00
  0.000000E+00
  0.000000E+00
  0.000000E+00
  0.000000E+00
  0.000000E+00
  0.000000E+00
  0.000000E+00
  0.000000E+00
  0.000000E+00
  0.000000E+00
  0.000000E+00
  0.000000E+00
  0.000000E+00
  0.000000E+00
  0.000000E+00
  0.000000E+00
  0.000000E+00
  0.000000E+00
  0.000000E+00
  0.000000E+00
  0.000000E+00
  0.000000E+00
  0.000000E+00
  0.000000E+00
  0.000000E+00
  0.000000E+00
  0.000000E+00
  0.000000E+00
  0.000000E+00
  0.000000E+00
  0.000000E+00
  0.000000E+00
  0.000000E+00
  0.000000E+00
  0.000000E+00
  0.000000E+00
  0.000000E+00
  0.000000E+00
  0.000000E+00
  0.000000E+00
  0.000000E+00
  0.000000E+00
  0.000000E+00
  0.000000E+00
  0.000000E+00
  0.000000E+00
  0.000000E+00
  0.000000E+00
  0.000000E+00
  0.000000E+00
  0.000000E+00
  0.000000E+00
  0.000000E+00
  0.000000E+00
  0.000000E+00
  0.000000E+00
  0.000000E+00
  0.000000E+00
  0.000000E+00
  0.000000E+00
  0.000000E+00
  0.000000E+00
  0.000000E+00
  0.000000E+00
  0.000000E+00
  0.000000E+00
  0.000000E+00
  0.000000E+00
  0.000000E+00
  0.000000E+00
  0.000000E+00
  0.000000E+00
  0.000000E+00
  0.000000E+00
  0.000000E+00
  0.000000E+00
  0.000000E+00
  0.000000E+00
  0.000000E+00
  0.000000E+00
  0.000000E+00
  0.000000E+00
  0.000000E+00
  0.000000E+00
  0.000000E+00
  0.000000E+00
  0.000000E+00
  0.000000E+00
  0.000000E+00
  0.000000E+00
  0.000000E+00
  0.000000E+00
  0.000000E+00
  0.000000E+00
  0.000000E+00
  0.000000E+00
  0.000000E+00
  0.000000E+00
  0.000000E+00
  0.000000E+00
  0.000000E+00
  0.000000E+00
  0.000000E+00
  0.000000E+00
  0.000000E+00
  0.000000E+00
  0.000000E+00
  0.000000E+00
  0.000000E+00
  0.000000E+00
  0.000000E+00
  0.000000E+00
  0.000000E+00
  0.000000E+00
  0.000000E+00
  0.000000E+00
  0.000000E+00
  0.000000E+00
  0.000000E+00
  0.000000E+00
  0.000000E+00
  0.000000E+00
  0.000000E+00
  0.000000E+00
  0.000000E+00
  0.000000E+00
  0.000000E+00
  0.000000E+00
  0.000000E+00
  0.000000E+00
  0.000000E+00
  0.000000E+00
  0.000000E+00
  0.000000E+00
  0.000000E+00
  0.000000E+00
  0.000000E+00
  0.000000E+00
  0.000000E+00
  0.000000E+00
  0.000000E+00
  0.000000E+00
  0.000000E+00
  0.000000E+00
  0.000000E+00
  0.000000E+00
  0.000000E+00
  0.000000E+00
  0.000000E+00
  0.000000E+00
  0.000000E+00
  0.000000E+00
  0.000000E+00
  0.000000E+00
  0.000000E+00
  0.000000E+00
  0.000000E+00
  0.000000E+00
  0.000000E+00
  0.000000E+00
  0.000000E+00
  0.000000E+00
  0.000000E+00
  0.000000E+00
  0.000000E+00
  0.000000E+00
  0.000000E+00
  0.000000E+00
  0.000000E+00
  0.000000E+00
  0.000000E+00
  0.000000E+00
  0.000000E+00
  0.000000E+00
  0.000000E+00
  0.000000E+00
  0.000000E+00
  0.000000E+00
  0.000000E+00
  0.000000E+00
  0.000000E+00
  0.000000E+00
  0.000000E+00
  0.000000E+00
  0.000000E+00
  0.000000E+00
  0.000000E+00
  0.000000E+00
  0.000000E+00
  0.000000E+00
  0.000000E+00
  0.000000E+00
  0.000000E+00
  0.000000E+00
  0.000000E+00
  0.000000E+00
  0.000000E+00
  0.000000E+00
  0.000000E+00
  0.000000E+00
  0.000000E+00
  0.000000E+00
  0.000000E+00
  0.000000E+00
  0.000000E+00
  0.000000E+00
  0.000000E+00
  0.000000E+00
  0.000000E+00
  0.000000E+00
  0.000000E+00
  0.000000E+00
  0.000000E+00
  0.000000E+00
  0.000000E+00
  0.000000E+00
  0.000000E+00
  0.000000E+00
  0.000000E+00
  0.000000E+00
  0.000000E+00
  0.000000E+00
  0.000000E+00
  0.000000E+00
  0.000000E+00
  0.000000E+00
  0.000000E+00
  0.000000E+00
  0.000000E+00
  0.000000E+00
  0.000000E+00
  0.000000E+00
  0.000000E+00
  0.000000E+00
  0.000000E+00
  0.000000E+00
  0.000000E+00
  0.000000E+00
  0.000000E+00
  0.000000E+00
  0.000000E+00
  0.000000E+00
  0.000000E+00
  0.000000E+00
  0.000000E+00
  0.000000E+00
  0.000000E+00
  0.000000E+00
  0.000000E+00
  0.000000E+00
  0.000000E+00
  0.000000E+00
  0.000000E+00
  0.000000E+00
  0.000000E+00
  0.000000E+00
  0.000000E+00
  0.000000E+00
  0.000000E+00
  0.000000E+00
  0.000000E+00
  0.000000E+00
  0.000000E+00
  0.000000E+00
  0.000000E+00
  0.000000E+00
  0.000000E+00
  0.000000E+00
  0.000000E+00
  0.000000E+00
  0.000000E+00
  0.000000E+00
  0.000000E+00
  0.000000E+00
  0.000000E+00
  0.000000E+00
  0.000000E+00
  0.000000E+00
  0.000000E+00
  0.000000E+00
  0.000000E+00
  0.000000E+00
  0.000000E+00
  0.000000E+00
  0.000000E+00
  0.000000E+00
  0.000000E+00
  0.000000E+00
  0.000000E+00
  0.000000E+00
  0.000000E+00
  0.000000E+00
  0.000000E+00
  0.000000E+00
  0.000000E+00
  0.000000E+00
  0.000000E+00
  0.000000E+00
  0.000000E+00
  0.000000E+00
  0.000000E+00
  0.000000E+00
  0.000000E+00
  0.000000E+00
  0.000000E+00
  0.000000E+00
  0.000000E+00
  0.000000E+00
  0.000000E+00
  0.000000E+00
  0.000000E+00
  0.000000E+00
  0.000000E+00
  0.000000E+00
  0.000000E+00
  0.000000E+00
  0.000000E+00
  0.000000E+00
  0.000000E+00
  0.000000E+00
  0.000000E+00
  0.000000E+00
  0.000000E+00
  0.000000E+00
  0.000000E+00
  0.000000E+00
  0.000000E+00
  0.000000E+00
  0.000000E+00
  0.000000E+00
  0.000000E+00
  0.000000E+00
  0.000000E+00
  0.000000E+00
  0.000000E+00
  0.000000E+00
  0.000000E+00
  0.000000E+00
  0.000000E+00
  0.000000E+00
  0.000000E+00
  0.000000E+00
  0.000000E+00
  0.000000E+00
  0.000000E+00
  0.000000E+00
  0.000000E+00
  0.000000E+00
  0.000000E+00
  0.000000E+00
  0.000000E+00
  0.000000E+00
  0.000000E+00
  0.000000E+00
  0.000000E+00
  0.000000E+00
  0.000000E+00
  0.000000E+00
  0.000000E+00
  0.000000E+00
  0.000000E+00
  0.000000E+00
  0.000000E+00
  0.000000E+00
  0.000000E+00
  0.000000E+00
  0.000000E+00
  0.000000E+00
  0.000000E+00
  0.000000E+00
  0.000000E+00
  0.000000E+00
  0.000000E+00
  0.000000E+00
  0.000000E+00
  0.000000E+00
  0.000000E+00
  0.000000E+00
  0.000000E+00
  0.000000E+00
  0.000000E+00
  0.000000E+00
  0.000000E+00
  0.000000E+00
  0.000000E+00
  0.000000E+00
  0.000000E+00
  0.000000E+00
  0.000000E+00
  0.000000E+00
  0.000000E+00
  0.000000E+00
  0.000000E+00
  0.000000E+00
  0.000000E+00
  0.000000E+00
  0.000000E+00
  0.000000E+00
  0.000000E+00
  0.000000E+00
  0.000000E+00
  0.000000E+00
  0.000000E+00
  0.000000E+00
  0.000000E+00
  0.000000E+00
  0.000000E+00
  0.000000E+00
  0.000000E+00
  0.000000E+00
  0.000000E+00
  0.000000E+00
  0.000000E+00
  0.000000E+00
  0.000000E+00
  0.000000E+00
  0.000000E+00
  0.000000E+00
  0.000000E+00
  0.000000E+00
  0.000000E+00
  0.000000E+00
  0.000000E+00
  0.000000E+00
  0.000000E+00
  0.000000E+00
  0.000000E+00
  0.000000E+00
  0.000000E+00
  0.000000E+00
  0.000000E+00
  0.000000E+00
  0.000000E+00
  0.000000E+00
  0.000000E+00
  0.000000E+00
  0.000000E+00
  0.000000E+00
  0.000000E+00
  0.000000E+00
  0.000000E+00
  0.000000E+00
  0.000000E+00
  0.000000E+00
  0.000000E+00
  0.000000E+00
  0.000000E+00
  0.000000E+00
  0.000000E+00
  0.000000E+00
  0.000000E+00
  0.000000E+00
  0.000000E+00
  0.000000E+00
  0.000000E+00
  0.000000E+00
  0.000000E+00
  0.000000E+00
  0.000000E+00
  0.000000E+00
  0.000000E+00
  0.000000E+00
  0.000000E+00
  0.000000E+00
  0.000000E+00
  0.000000E+00
  0.000000E+00
  0.000000E+00
  0.000000E+00
  0.000000E+00
  0.000000E+00
  0.000000E+00
  0.000000E+00
  0.000000E+00
  0.000000E+00
  0.000000E+00
  0.000000E+00
  0.000000E+00
  0.000000E+00
  0.000000E+00
  0.000000E+00
  0.000000E+00
  0.000000E+00
  0.000000E+00
  0.000000E+00
  0.000000E+00
  0.000000E+00
  0.000000E+00
  0.000000E+00
  0.000000E+00
  0.000000E+00
  0.000000E+00
  0.000000E+00
  0.000000E+00
  0.000000E+00
  0.000000E+00
  0.000000E+00
  0.000000E+00
  0.000000E+00
  0.000000E+00
  0.000000E+00
  0.000000E+00
  0.000000E+00
  0.000000E+00
  0.000000E+00
  0.000000E+00
  0.000000E+00
  0.000000E+00
  0.000000E+00
  0.000000E+00
  0.000000E+00
  0.000000E+00
  0.000000E+00
  0.000000E+00
  0.000000E+00
  0.000000E+00
  0.000000E+00
  0.000000E+00
  0.000000E+00
  0.000000E+00
  0.000000E+00
  0.000000E+00
  0.000000E+00
  0.000000E+00
  0.000000E+00
  0.000000E+00
  0.000000E+00
  0.000000E+00
  0.000000E+00
  0.000000E+00
  0.000000E+00
  0.000000E+00
  0.000000E+00
  0.000000E+00
  0.000000E+00
  0.000000E+00
  0.000000E+00
  0.000000E+00
  0.000000E+00
  0.000000E+00
  0.000000E+00
  0.000000E+00
  0.000000E+00
  0.000000E+00
  0.000000E+00
  0.000000E+00
  0.000000E+00
  0.000000E+00
  0.000000E+00
  0.000000E+00
  0.000000E+00
  0.000000E+00
  0.000000E+00
  0.000000E+00
  0.000000E+00
  0.000000E+00
  0.000000E+00
  0.000000E+00
  0.000000E+00
  0.000000E+00
  0.000000E+00
  0.000000E+00
  0.000000E+00
  0.000000E+00
  0.000000E+00
  0.000000E+00
  0.000000E+00
  0.000000E+00
  0.000000E+00
  0.000000E+00
  0.000000E+00
  0.000000E+00
  0.000000E+00
  0.000000E+00
  0.000000E+00
  0.000000E+00
  0.000000E+00
  0.000000E+00
  0.000000E+00
  0.000000E+00
  0.000000E+00
  0.000000E+00
  0.000000E+00
  0.000000E+00
  0.000000E+00
  0.000000E+00
  0.000000E+00
  0.000000E+00
  0.000000E+00
  0.000000E+00
  0.000000E+00
  0.000000E+00
  0.000000E+00
  0.000000E+00
  0.000000E+00
  0.000000E+00
  0.000000E+00
  0.000000E+00
  0.000000E+00
  0.000000E+00
  0.000000E+00
  0.000000E+00
  0.000000E+00
  0.000000E+00
  0.000000E+00
  0.000000E+00
  0.000000E+00
  0.000000E+00
  0.000000E+00
  0.000000E+00
  0.000000E+00
  0.000000E+00
  0.000000E+00
  0.000000E+00
  0.000000E+00
  0.000000E+00
  0.000000E+00
  0.000000E+00
  0.000000E+00
  0.000000E+00
  0.000000E+00
  0.000000E+00
  0.000000E+00
  0.000000E+00
  0.000000E+00
  0.000000E+00
  0.000000E+00
  0.000000E+00
  0.000000E+00
  0.000000E+00
  0.000000E+00
  0.000000E+00
  0.000000E+00
  0.000000E+00
  0.000000E+00
  0.000000E+00
  0.000000E+00
  0.000000E+00
  0.000000E+00
  0.000000E+00
  0.000000E+00
  0.000000E+00
  0.000000E+00
  0.000000E+00
  0.000000E+00
  0.000000E+00
  0.000000E+00
  0.000000E+00
  0.000000E+00
  0.000000E+00
  0.000000E+00
  0.000000E+00
  0.000000E+00
  0.000000E+00
  0.000000E+00
  0.000000E+00
  0.000000E+00
  0.000000E+00
  0.000000E+00
  0.000000E+00
  0.000000E+00
  0.000000E+00
  0.000000E+00
  0.000000E+00
  0.000000E+00
  0.000000E+00
  0.000000E+00
  0.000000E+00
  0.000000E+00
  0.000000E+00
  0.000000E+00
  0.000000E+00
  0.000000E+00
  0.000000E+00
  0.000000E+00
  0.000000E+00
  0.000000E+00
  0.000000E+00
  0.000000E+00
  0.000000E+00
  0.000000E+00
  0.000000E+00
  0.000000E+00
  0.000000E+00
  0.000000E+00
  0.000000E+00
  0.000000E+00
  0.000000E+00
  0.000000E+00
  0.000000E+00
  0.000000E+00
  0.000000E+00
  0.000000E+00
  0.000000E+00
  0.000000E+00
  0.000000E+00
  0.000000E+00
  0.000000E+00
  0.000000E+00
  0.000000E+00
  0.000000E+00
  0.000000E+00
  0.000000E+00
  0.000000E+00
  0.000000E+00
  0.000000E+00
  0.000000E+00
  0.000000E+00
  0.000000E+00
  0.000000E+00
  0.000000E+00
  0.000000E+00
  0.000000E+00
  0.000000E+00
  0.000000E+00
  0.000000E+00
  0.000000E+00
  0.000000E+00
  0.000000E+00
  0.000000E+00
  0.000000E+00
  0.000000E+00
  0.000000E+00
  0.000000E+00
  0.000000E+00
  0.000000E+00
  0.000000E+00
  0.000000E+00
  0.000000E+00
  0.000000E+00
  0.000000E+00
  0.000000E+00
  0.000000E+00
  0.000000E+00
  0.000000E+00
  0.000000E+00
  0.000000E+00
  0.000000E+00
  0.000000E+00
  0.000000E+00
  0.000000E+00
  0.000000E+00
  0.000000E+00
  0.000000E+00
  0.000000E+00
  0.000000E+00
  0.000000E+00
  0.000000E+00
  0.000000E+00
  0.000000E+00
  0.000000E+00
  0.000000E+00
  0.000000E+00
  0.000000E+00
  0.000000E+00
  0.000000E+00
  0.000000E+00
  0.000000E+00
  0.000000E+00
  0.000000E+00
  0.000000E+00
  0.000000E+00
  0.000000E+00
  0.000000E+00
  0.000000E+00
  0.000000E+00
  0.000000E+00
  0.000000E+00
  0.000000E+00
  0.000000E+00
  0.000000E+00
  0.000000E+00
  0.000000E+00
  0.000000E+00
  0.000000E+00
  0.000000E+00
  0.000000E+00
  0.000000E+00
  0.000000E+00
  0.000000E+00
  0.000000E+00
  0.000000E+00
  0.000000E+00
  0.000000E+00
  0.000000E+00
  0.000000E+00
  0.000000E+00
  0.000000E+00
  0.000000E+00
  0.000000E+00
  0.000000E+00
  0.000000E+00
  0.000000E+00
  0.000000E+00
  0.000000E+00
  0.000000E+00
  0.000000E+00
  0.000000E+00
  0.000000E+00
  0.000000E+00
  0.000000E+00
  0.000000E+00
  0.000000E+00
  0.000000E+00
  0.000000E+00
  0.000000E+00
  0.000000E+00
  0.000000E+00
  0.000000E+00
  0.000000E+00
  0.000000E+00
  0.000000E+00
  0.000000E+00
  0.000000E+00
  0.000000E+00
  0.000000E+00
  0.000000E+00
  0.000000E+00
  0.000000E+00
  0.000000E+00
  0.000000E+00
  0.000000E+00
  0.000000E+00
  0.000000E+00
  0.000000E+00
  0.000000E+00
  0.000000E+00
  0.000000E+00
  0.000000E+00
  0.000000E+00
  0.000000E+00
  0.000000E+00
  0.000000E+00
  0.000000E+00
  0.000000E+00
  0.000000E+00
  0.000000E+00
  0.000000E+00
  0.000000E+00
  0.000000E+00
  0.000000E+00
  0.000000E+00
  0.000000E+00
  0.000000E+00
  0.000000E+00
  0.000000E+00
  0.000000E+00
  0.000000E+00
  0.000000E+00
  0.000000E+00
  0.000000E+00
  0.000000E+00
  0.000000E+00
  0.000000E+00
  0.000000E+00
  0.000000E+00
  0.000000E+00
  0.000000E+00
  0.000000E+00
  0.000000E+00
  0.000000E+00
  0.000000E+00
  0.000000E+00
  0.000000E+00
  0.000000E+00
  0.000000E+00
  0.000000E+00
  0.000000E+00
  0.000000E+00
  0.000000E+00
  0.000000E+00
  0.000000E+00
  0.000000E+00
  0.000000E+00
  0.000000E+00
  0.000000E+00
  0.000000E+00
  0.000000E+00
  0.000000E+00
  0.000000E+00
  0.000000E+00
  0.000000E+00
  0.000000E+00
  0.000000E+00
  0.000000E+00
  0.000000E+00
  0.000000E+00
  0.000000E+00
  0.000000E+00
  0.000000E+00
  0.000000E+00
  0.000000E+00
  0.000000E+00
  0.000000E+00
  0.000000E+00
  0.000000E+00
  0.000000E+00
  0.000000E+00
  0.000000E+00
  0.000000E+00
  0.000000E+00
  0.000000E+00
  0.000000E+00
  0.000000E+00
  0.000000E+00
  0.000000E+00
  0.000000E+00
  0.000000E+00
  0.000000E+00
  0.000000E+00
  0.000000E+00
  0.000000E+00
  0.000000E+00
  0.000000E+00
  0.000000E+00
  0.000000E+00
  0.000000E+00
  0.000000E+00
  0.000000E+00
  0.000000E+00
  0.000000E+00
  0.000000E+00
  0.000000E+00
  0.000000E+00
  0.000000E+00
  0.000000E+00
  0.000000E+00
  0.000000E+00
  0.000000E+00
  0.000000E+00
  0.000000E+00
  0.000000E+00
  0.000000E+00
  0.000000E+00
  0.000000E+00
  0.000000E+00
  0.000000E+00
  0.000000E+00
  0.000000E+00
  0.000000E+00
  0.000000E+00
  0.000000E+00
  0.000000E+00
  0.000000E+00
  0.000000E+00
  0.000000E+00
  0.000000E+00
  0.000000E+00
  0.000000E+00
  0.000000E+00
  0.000000E+00
  0.000000E+00
  0.000000E+00
  0.000000E+00
  0.000000E+00
  0.000000E+00
  0.000000E+00
  0.000000E+00
  0.000000E+00
  0.000000E+00
  0.000000E+00
  0.000000E+00
  0.000000E+00
  0.000000E+00
  0.000000E+00
  0.000000E+00
  0.000000E+00
  0.000000E+00
  0.000000E+00
  0.000000E+00
  0.000000E+00
  0.000000E+00
  0.000000E+00
  0.000000E+00
  0.000000E+00
  0.000000E+00
  0.000000E+00
  0.000000E+00
  0.000000E+00
  0.000000E+00
  0.000000E+00
  0.000000E+00
  0.000000E+00
  0.000000E+00
  0.000000E+00
  0.000000E+00
  0.000000E+00
  0.000000E+00
  0.000000E+00
  0.000000E+00
  0.000000E+00
  0.000000E+00
  0.000000E+00
  0.000000E+00
  0.000000E+00
  0.000000E+00
  0.000000E+00
  0.000000E+00
  0.000000E+00
  0.000000E+00
  0.000000E+00
  0.000000E+00
  0.000000E+00
  0.000000E+00
  0.000000E+00
  0.000000E+00
  0.000000E+00
  0.000000E+00
  0.000000E+00
  0.000000E+00
  0.000000E+00
  0.000000E+00
  0.000000E+00
  0.000000E+00
  0.000000E+00
  0.000000E+00
  0.000000E+00
  0.000000E+00
  0.000000E+00
  0.000000E+00
  0.000000E+00
  0.000000E+00
  0.000000E+00
  0.000000E+00
  0.000000E+00
  0.000000E+00
  0.000000E+00
  0.000000E+00
  0.000000E+00
  0.000000E+00
  0.000000E+00
  0.000000E+00
  0.000000E+00
  0.000000E+00
  0.000000E+00
  0.000000E+00
  0.000000E+00
  0.000000E+00
  0.000000E+00
  0.000000E+00
  0.000000E+00
  0.000000E+00
  0.000000E+00
  0.000000E+00
  0.000000E+00
  0.000000E+00
  0.000000E+00
  0.000000E+00
  0.000000E+00
  0.000000E+00
  0.000000E+00
  0.000000E+00
  0.000000E+00
  0.000000E+00
  0.000000E+00
  0.000000E+00
  0.000000E+00
  0.000000E+00
  0.000000E+00
  0.000000E+00
  0.000000E+00
  0.000000E+00
  0.000000E+00
  0.000000E+00
  0.000000E+00
  0.000000E+00
  0.000000E+00
  0.000000E+00
  0.000000E+00
  0.000000E+00
  0.000000E+00
  0.000000E+00
  0.000000E+00
  0.000000E+00
  0.000000E+00
  0.000000E+00
  0.000000E+00
  0.000000E+00
  0.000000E+00
  0.000000E+00
  0.000000E+00
  0.000000E+00
  0.000000E+00
  0.000000E+00
  0.000000E+00
  0.000000E+00
  0.000000E+00
  0.000000E+00
  0.000000E+00
  0.000000E+00
  0.000000E+00
  0.000000E+00
  0.000000E+00
  0.000000E+00
  0.000000E+00
  0.000000E+00
  0.000000E+00
  0.000000E+00
  0.000000E+00
  0.000000E+00
  0.000000E+00
  0.000000E+00
  0.000000E+00
  0.000000E+00
  0.000000E+00
  0.000000E+00
  0.000000E+00
  0.000000E+00
  0.000000E+00
  0.000000E+00
  0.000000E+00
  0.000000E+00
  0.000000E+00
  0.000000E+00
  0.000000E+00
  0.000000E+00
  0.000000E+00
  0.000000E+00
  0.000000E+00
  0.000000E+00
  0.000000E+00
  0.000000E+00
  0.000000E+00
  0.000000E+00
  0.000000E+00
  0.000000E+00
  0.000000E+00
  0.000000E+00
  0.000000E+00
  0.000000E+00
  0.000000E+00
  0.000000E+00
  0.000000E+00
  0.000000E+00
  0.000000E+00
  0.000000E+00
  0.000000E+00
  0.000000E+00
  0.000000E+00
  0.000000E+00
  0.000000E+00
  0.000000E+00
  0.000000E+00
  0.000000E+00
  0.000000E+00
  0.000000E+00
  0.000000E+00
  0.000000E+00
  0.000000E+00
  0.000000E+00
  0.000000E+00
  0.000000E+00
  0.000000E+00
  0.000000E+00
  0.000000E+00
  0.000000E+00
  0.000000E+00
  0.000000E+00
  0.000000E+00
  0.000000E+00
  0.000000E+00
  0.000000E+00
  0.000000E+00
  0.000000E+00
  0.000000E+00
  0.000000E+00
  0.000000E+00
  0.000000E+00
  0.000000E+00
  0.000000E+00
  0.000000E+00
  0.000000E+00
  0.000000E+00
  0.000000E+00
  0.000000E+00
  0.000000E+00
  0.000000E+00
  0.000000E+00
  0.000000E+00
  0.000000E+00
  0.000000E+00
  0.000000E+00
  0.000000E+00
  0.000000E+00
  0.000000E+00
  0.000000E+00
  0.000000E+00
  0.000000E+00
  0.000000E+00
  0.000000E+00
  0.000000E+00
  0.000000E+00
  0.000000E+00
  0.000000E+00
  0.000000E+00
  0.000000E+00
  0.000000E+00
  0.000000E+00
  0.000000E+00
  0.000000E+00
  0.000000E+00
  0.000000E+00
  0.000000E+00
  0.000000E+00
  0.000000E+00
  0.000000E+00
  0.000000E+00
  0.000000E+00
  0.000000E+00
  0.000000E+00
  0.000000E+00
  0.000000E+00
  0.000000E+00
  0.000000E+00
  0.000000E+00
  0.000000E+00
  0.000000E+00
  0.000000E+00
  0.000000E+00
  0.000000E+00
  0.000000E+00
  0.000000E+00
  0.000000E+00
  0.000000E+00
  0.000000E+00
  0.000000E+00
  0.000000E+00
  0.000000E+00
  0.000000E+00
  0.000000E+00
  0.000000E+00
  0.000000E+00
  0.000000E+00
  0.000000E+00
  0.000000E+00
  0.000000E+00
  0.000000E+00
  0.000000E+00
  0.000000E+00
  0.000000E+00
  0.000000E+00
  0.000000E+00
  0.000000E+00
  0.000000E+00
  0.000000E+00
  0.000000E+00
  0.000000E+00
  0.000000E+00
  0.000000E+00
  0.000000E+00
  0.000000E+00
  0.000000E+00
  0.000000E+00
  0.000000E+00
  0.000000E+00
  0.000000E+00
  0.000000E+00
  0.000000E+00
  0.000000E+00
  0.000000E+00
  0.000000E+00
  0.000000E+00
  0.000000E+00
  0.000000E+00
  0.000000E+00
  0.000000E+00
  0.000000E+00
  0.000000E+00
  0.000000E+00
  0.000000E+00
  0.000000E+00
  0.000000E+00
  0.000000E+00
  0.000000E+00
  0.000000E+00
  0.000000E+00
  0.000000E+00
  0.000000E+00
  0.000000E+00
  0.000000E+00
  0.000000E+00
  0.000000E+00
  0.000000E+00
  0.000000E+00
  0.000000E+00
  0.000000E+00
  0.000000E+00
  0.000000E+00
  0.000000E+00
  0.000000E+00
  0.000000E+00
  0.000000E+00
  0.000000E+00
  0.000000E+00
  0.000000E+00
  0.000000E+00
  0.000000E+00
  0.000000E+00
  0.000000E+00
  0.000000E+00
  0.000000E+00
  0.000000E+00
  0.000000E+00
  0.000000E+00
  0.000000E+00
  0.000000E+00
  0.000000E+00
  0.000000E+00
  0.000000E+00
  0.000000E+00
  0.000000E+00
  0.000000E+00
  0.000000E+00
  0.000000E+00
  0.000000E+00
  0.000000E+00
  0.000000E+00
  0.000000E+00
  0.000000E+00
  0.000000E+00
  0.000000E+00
  0.000000E+00
  0.000000E+00
  0.000000E+00
  0.000000E+00
  0.000000E+00
  0.000000E+00
  0.000000E+00
  0.000000E+00
  0.000000E+00
  0.000000E+00
  0.000000E+00
  0.000000E+00
  0.000000E+00
  0.000000E+00
  0.000000E+00
  0.000000E+00
  0.000000E+00
  0.000000E+00
  0.000000E+00
  0.000000E+00
  0.000000E+00
  0.000000E+00
  0.000000E+00
  0.000000E+00
  0.000000E+00
  0.000000E+00
  0.000000E+00
  0.000000E+00
  0.000000E+00
  0.000000E+00
  0.000000E+00
  0.000000E+00
  0.000000E+00
  0.000000E+00
  0.000000E+00
  0.000000E+00
  0.000000E+00
  0.000000E+00
  0.000000E+00
  0.000000E+00
  0.000000E+00
  0.000000E+00
  0.000000E+00
  0.000000E+00
  0.000000E+00
  0.000000E+00
  0.000000E+00
  0.000000E+00
  0.000000E+00
  0.000000E+00
  0.000000E+00
  0.000000E+00
  0.000000E+00
  0.000000E+00
  0.000000E+00
  0.000000E+00
  0.000000E+00
  0.000000E+00
  0.000000E+00
  0.000000E+00
  0.000000E+00
  0.000000E+00
  0.000000E+00
  0.000000E+00
  0.000000E+00
  0.000000E+00
  0.000000E+00
  0.000000E+00
  0.000000E+00
  0.000000E+00
  0.000000E+00
  0.000000E+00
  0.000000E+00
  0.000000E+00
  0.000000E+00
  0.000000E+00
  0.000000E+00
  0.000000E+00
  0.000000E+00
  0.000000E+00
  0.000000E+00
  0.000000E+00
  0.000000E+00
  0.000000E+00
  0.000000E+00
  0.000000E+00
  0.000000E+00
  0.000000E+00
  0.000000E+00
  0.000000E+00
  0.000000E+00
  0.000000E+00
  0.000000E+00
  0.000000E+00
  0.000000E+00
  0.000000E+00
  0.000000E+00
  0.000000E+00
  0.000000E+00
  0.000000E+00
  0.000000E+00
  0.000000E+00
  0.000000E+00
  0.000000E+00
  0.000000E+00
  0.000000E+00
  0.000000E+00
  0.000000E+00
  0.000000E+00
  0.000000E+00
  0.000000E+00
  0.000000E+00
  0.000000E+00
  0.000000E+00
  0.000000E+00
  0.000000E+00
  0.000000E+00
  0.000000E+00
  0.000000E+00
  0.000000E+00
  0.000000E+00
  0.000000E+00
  0.000000E+00
  0.000000E+00
  0.000000E+00
  0.000000E+00
  0.000000E+00
  0.000000E+00
  0.000000E+00
  0.000000E+00
  0.000000E+00
  0.000000E+00
  0.000000E+00
  0.000000E+00
  0.000000E+00
  0.000000E+00
  0.000000E+00
  0.000000E+00
  0.000000E+00
  0.000000E+00
  0.000000E+00
  0.000000E+00
  0.000000E+00
  0.000000E+00
  0.000000E+00
  0.000000E+00
  0.000000E+00
  0.000000E+00
  0.000000E+00
  0.000000E+00
  0.000000E+00
  0.000000E+00
  0.000000E+00
  0.000000E+00
  0.000000E+00
  0.000000E+00
  0.000000E+00
  0.000000E+00
  0.000000E+00
  0.000000E+00
  0.000000E+00
  0.000000E+00
  0.000000E+00
  0.000000E+00
  0.000000E+00
  0.000000E+00
  0.000000E+00
  0.000000E+00
  0.000000E+00
  0.000000E+00
  0.000000E+00
  0.000000E+00
  0.000000E+00
  0.000000E+00
  0.000000E+00
  0.000000E+00
  0.000000E+00
  0.000000E+00
  0.000000E+00
  0.000000E+00
  0.000000E+00
  0.000000E+00
  0.000000E+00
  0.000000E+00
  0.000000E+00
  0.000000E+00
  0.000000E+00
  0.000000E+00
  0.000000E+00
  0.000000E+00
  0.000000E+00
  0.000000E+00
  0.000000E+00
  0.000000E+00
  0.000000E+00
  0.000000E+00
  0.000000E+00
  0.000000E+00
  0.000000E+00
  0.000000E+00
  0.000000E+00
  0.000000E+00
  0.000000E+00
  0.000000E+00
  0.000000E+00
  0.000000E+00
  0.000000E+00
  0.000000E+00
  0.000000E+00
  0.000000E+00
  0.000000E+00
  0.000000E+00
  0.000000E+00
  0.000000E+00
  0.000000E+00
  0.000000E+00
  0.000000E+00
  0.000000E+00
  0.000000E+00
  0.000000E+00
  0.000000E+00
  0.000000E+00
  0.000000E+00
  0.000000E+00
  0.000000E+00
  0.000000E+00
  0.000000E+00
  0.000000E+00
  0.000000E+00
  0.000000E+00
  0.000000E+00
  0.000000E+00
  0.000000E+00
  0.000000E+00
  0.000000E+00
  0.000000E+00
  0.000000E+00
  0.000000E+00
  0.000000E+00
  0.000000E+00
  0.000000E+00
  0.000000E+00
  0.000000E+00
  0.000000E+00
  0.000000E+00
  0.000000E+00
  0.000000E+00
  0.000000E+00
  0.000000E+00
  0.000000E+00
  0.000000E+00
  0.000000E+00
  0.000000E+00
  0.000000E+00
  0.000000E+00
  0.000000E+00
  0.000000E+00
  0.000000E+00
  0.000000E+00
  0.000000E+00
  0.000000E+00
  0.000000E+00
  0.000000E+00
  0.000000E+00
  0.000000E+00
  0.000000E+00
  0.000000E+00
  0.000000E+00
  0.000000E+00
  0.000000E+00
  0.000000E+00
  0.000000E+00
  0.000000E+00
  0.000000E+00
  0.000000E+00
  0.000000E+00
  0.000000E+00
  0.000000E+00
  0.000000E+00
  0.000000E+00
  0.000000E+00
  0.000000E+00
  0.000000E+00
  0.000000E+00
  0.000000E+00
  0.000000E+00
  0.000000E+00
  0.000000E+00
  0.000000E+00
  0.000000E+00
  0.000000E+00
  0.000000E+00
  0.000000E+00
  0.000000E+00
  0.000000E+00
  0.000000E+00
  0.000000E+00
  0.000000E+00
  0.000000E+00
  0.000000E+00
  0.000000E+00
  0.000000E+00
  0.000000E+00
  0.000000E+00
  0.000000E+00
  0.000000E+00
  0.000000E+00
  0.000000E+00
  0.000000E+00
  0.000000E+00
  0.000000E+00
  0.000000E+00
  0.000000E+00
  0.000000E+00
  0.000000E+00
  0.000000E+00
  0.000000E+00
  0.000000E+00
  0.000000E+00
  0.000000E+00
  0.000000E+00
  0.000000E+00
  0.000000E+00
  0.000000E+00
  0.000000E+00
  0.000000E+00
  0.000000E+00
  0.000000E+00
  0.000000E+00
  0.000000E+00
  0.000000E+00
  0.000000E+00
  0.000000E+00
  0.000000E+00
  0.000000E+00
  0.000000E+00
  0.000000E+00
  0.000000E+00
  0.000000E+00
  0.000000E+00
  0.000000E+00
  0.000000E+00
  0.000000E+00
  0.000000E+00
  0.000000E+00
  0.000000E+00
  0.000000E+00
  0.000000E+00
  0.000000E+00
  0.000000E+00
  0.000000E+00
  0.000000E+00
  0.000000E+00
  0.000000E+00
  0.000000E+00
  0.000000E+00
  0.000000E+00
  0.000000E+00
  0.000000E+00
  0.000000E+00
  0.000000E+00
  0.000000E+00
  0.000000E+00
  0.000000E+00
  0.000000E+00
  0.000000E+00
  0.000000E+00
  0.000000E+00
  0.000000E+00
  0.000000E+00
  0.000000E+00
  0.000000E+00
  0.000000E+00
  0.000000E+00
  0.000000E+00
  0.000000E+00
  0.000000E+00
  0.000000E+00
  0.000000E+00
  0.000000E+00
  0.000000E+00
  0.000000E+00
  0.000000E+00
  0.000000E+00
  0.000000E+00
  0.000000E+00
  0.000000E+00
  0.000000E+00
  0.000000E+00
  0.000000E+00
  0.000000E+00
  0.000000E+00
  0.000000E+00
  0.000000E+00
  0.000000E+00
  0.000000E+00
  0.000000E+00
  0.000000E+00
  0.000000E+00
  0.000000E+00
  0.000000E+00
  0.000000E+00
  0.000000E+00
  0.000000E+00
  0.000000E+00
  0.000000E+00
  0.000000E+00
  0.000000E+00
  0.000000E+00
  0.000000E+00
  0.000000E+00
  0.000000E+00
  0.000000E+00
  0.000000E+00
  0.000000E+00
  0.000000E+00
  0.000000E+00
  0.000000E+00
  0.000000E+00
  0.000000E+00
  0.000000E+00
  0.000000E+00
  0.000000E+00
  0.000000E+00
  0.000000E+00
  0.000000E+00
  0.000000E+00
  0.000000E+00
  0.000000E+00
  0.000000E+00
  0.000000E+00
  0.000000E+00
  0.000000E+00
  0.000000E+00
  0.000000E+00
  0.000000E+00
  0.000000E+00
  0.000000E+00
  0.000000E+00
  0.000000E+00
  0.000000E+00
  0.000000E+00
  0.000000E+00
  0.000000E+00
  0.000000E+00
  0.000000E+00
  0.000000E+00
  0.000000E+00
  0.000000E+00
  0.000000E+00
  0.000000E+00
  0.000000E+00
  0.000000E+00
  0.000000E+00
  0.000000E+00
  0.000000E+00
  0.000000E+00
  0.000000E+00
  0.000000E+00
  0.000000E+00
  0.000000E+00
  0.000000E+00
  0.000000E+00
  0.000000E+00
  0.000000E+00
  0.000000E+00
  0.000000E+00
  0.000000E+00
  0.000000E+00
  0.000000E+00
  0.000000E+00
  0.000000E+00
  0.000000E+00
  0.000000E+00
  0.000000E+00
  0.000000E+00
  0.000000E+00
  0.000000E+00
  0.000000E+00
  0.000000E+00
  0.000000E+00
  0.000000E+00
  0.000000E+00
  0.000000E+00
  0.000000E+00
  0.000000E+00
  0.000000E+00
  0.000000E+00
  0.000000E+00
  0.000000E+00
  0.000000E+00
  0.000000E+00
  0.000000E+00
  0.000000E+00
  0.000000E+00
  0.000000E+00
  0.000000E+00
  0.000000E+00
  0.000000E+00
  0.000000E+00
  0.000000E+00
  0.000000E+00
  0.000000E+00
  0.000000E+00
  0.000000E+00
  0.000000E+00
  0.000000E+00
  0.000000E+00
  0.000000E+00
  0.000000E+00
  0.000000E+00
  0.000000E+00
  0.000000E+00
  0.000000E+00
  0.000000E+00
  0.000000E+00
  0.000000E+00
  0.000000E+00
  0.000000E+00
  0.000000E+00
  0.000000E+00
  0.000000E+00
  0.000000E+00
  0.000000E+00
  0.000000E+00
  0.000000E+00
  0.000000E+00
  0.000000E+00
  0.000000E+00
  0.000000E+00
  0.000000E+00
  0.000000E+00
  0.000000E+00
  0.000000E+00
  0.000000E+00
  0.000000E+00
  0.000000E+00
  0.000000E+00
  0.000000E+00
  0.000000E+00
  0.000000E+00
  0.000000E+00
  0.000000E+00
  0.000000E+00
  0.000000E+00
  0.000000E+00
  0.000000E+00
  0.000000E+00
  0.000000E+00
  0.000000E+00
  0.000000E+00
  0.000000E+00
  0.000000E+00
  0.000000E+00
  0.000000E+00
  0.000000E+00
  0.000000E+00
  0.000000E+00
  0.000000E+00
  0.000000E+00
  0.000000E+00
  0.000000E+00
  0.000000E+00
  0.000000E+00
  0.000000E+00
  0.000000E+00
  0.000000E+00
  0.000000E+00
  0.000000E+00
  0.000000E+00
  0.000000E+00
  0.000000E+00
  0.000000E+00
  0.000000E+00
  0.000000E+00
  0.000000E+00
  0.000000E+00
  0.000000E+00
  0.000000E+00
  0.000000E+00
  0.000000E+00
  0.000000E+00
  0.000000E+00
  0.000000E+00
  0.000000E+00
  0.000000E+00
  0.000000E+00
  0.000000E+00
  0.000000E+00
  0.000000E+00
  0.000000E+00
  0.000000E+00
  0.000000E+00
  0.000000E+00
  0.000000E+00
  0.000000E+00
  0.000000E+00
  0.000000E+00
  0.000000E+00
  0.000000E+00
  0.000000E+00
  0.000000E+00
  0.000000E+00
  0.000000E+00
  0.000000E+00
  0.000000E+00
  0.000000E+00
  0.000000E+00
  0.000000E+00
  0.000000E+00
  0.000000E+00
  0.000000E+00
  0.000000E+00
  0.000000E+00
  0.000000E+00
  0.000000E+00
  0.000000E+00
  0.000000E+00
  0.000000E+00
  0.000000E+00
  0.000000E+00
  0.000000E+00
  0.000000E+00
  0.000000E+00
  0.000000E+00
  0.000000E+00
  0.000000E+00
  0.000000E+00
  0.000000E+00
  0.000000E+00
  0.000000E+00
  0.000000E+00
  0.000000E+00
  0.000000E+00
  0.000000E+00
  0.000000E+00
  0.000000E+00
  0.000000E+00
  0.000000E+00
  0.000000E+00
  0.000000E+00
  0.000000E+00
  0.000000E+00
  0.000000E+00
  0.000000E+00
  0.000000E+00
  0.000000E+00
  0.000000E+00
  0.000000E+00
  0.000000E+00
  0.000000E+00
  0.000000E+00
  0.000000E+00
  0.000000E+00
  0.000000E+00
  0.000000E+00
  0.000000E+00
  0.000000E+00
  0.000000E+00
  0.000000E+00
  0.000000E+00
  0.000000E+00
  0.000000E+00
  0.000000E+00
  0.000000E+00
  0.000000E+00
  0.000000E+00
  0.000000E+00
  0.000000E+00
  0.000000E+00
  0.000000E+00
  0.000000E+00
  0.000000E+00
  0.000000E+00
  0.000000E+00
  0.000000E+00
  0.000000E+00
  0.000000E+00
  0.000000E+00
  0.000000E+00
  0.000000E+00
  0.000000E+00
  0.000000E+00
  0.000000E+00
  0.000000E+00
  0.000000E+00
  0.000000E+00
  0.000000E+00
  0.000000E+00
  0.000000E+00
  0.000000E+00
  0.000000E+00
  0.000000E+00
  0.000000E+00
  0.000000E+00
  0.000000E+00
  0.000000E+00
  0.000000E+00
  0.000000E+00
  0.000000E+00
  0.000000E+00
  0.000000E+00
  0.000000E+00
  0.000000E+00
  0.000000E+00
  0.000000E+00
  0.000000E+00
  0.000000E+00
  0.000000E+00
  0.000000E+00
  0.000000E+00
  0.000000E+00
  0.000000E+00
  0.000000E+00
  0.000000E+00
  0.000000E+00
  0.000000E+00
  0.000000E+00
  0.000000E+00
  0.000000E+00
  0.000000E+00
  0.000000E+00
  0.000000E+00
  0.000000E+00
  0.000000E+00
  0.000000E+00
  0.000000E+00
  0.000000E+00
  0.000000E+00
  0.000000E+00
  0.000000E+00
  0.000000E+00
  0.000000E+00
  0.000000E+00
  0.000000E+00
  0.000000E+00
  0.000000E+00
  0.000000E+00
  0.000000E+00
  0.000000E+00
  0.000000E+00
  0.000000E+00
  0.000000E+00
  0.000000E+00
  0.000000E+00
  0.000000E+00
  0.000000E+00
  0.000000E+00
  0.000000E+00
  0.000000E+00
  0.000000E+00
  0.000000E+00
  0.000000E+00
  0.000000E+00
  0.000000E+00
  0.000000E+00
  0.000000E+00
  0.000000E+00
  0.000000E+00
  0.000000E+00
  0.000000E+00
  0.000000E+00
  0.000000E+00
  0.000000E+00
  0.000000E+00
  0.000000E+00
  0.000000E+00
  0.000000E+00
  0.000000E+00
  0.000000E+00
  0.000000E+00
  0.000000E+00
  0.000000E+00
  0.000000E+00
  0.000000E+00
  0.000000E+00
  0.000000E+00
  0.000000E+00
  0.000000E+00
  0.000000E+00
  0.000000E+00
  0.000000E+00
  0.000000E+00
  0.000000E+00
  0.000000E+00
  0.000000E+00
  0.000000E+00
  0.000000E+00
  0.000000E+00
  0.000000E+00
  0.000000E+00
  0.000000E+00
  0.000000E+00
  0.000000E+00
  0.000000E+00
  0.000000E+00
  0.000000E+00
  0.000000E+00
  0.000000E+00
  0.000000E+00
  0.000000E+00
  0.000000E+00
  0.000000E+00
  0.000000E+00
  0.000000E+00
  0.000000E+00
  0.000000E+00
  0.000000E+00
  0.000000E+00
  0.000000E+00
  0.000000E+00
  0.000000E+00
  0.000000E+00
  0.000000E+00
  0.000000E+00
  0.000000E+00
  0.000000E+00
  0.000000E+00
  0.000000E+00
  0.000000E+00
  0.000000E+00
  0.000000E+00
  0.000000E+00
  0.000000E+00
  0.000000E+00
  0.000000E+00
  0.000000E+00
  0.000000E+00
  0.000000E+00
  0.000000E+00
  0.000000E+00
  0.000000E+00
  0.000000E+00
  0.000000E+00
  0.000000E+00
  0.000000E+00
  0.000000E+00
  0.000000E+00
  0.000000E+00
  0.000000E+00
  0.000000E+00
  0.000000E+00
  0.000000E+00
  0.000000E+00
  0.000000E+00
  0.000000E+00
  0.000000E+00
  0.000000E+00
  0.000000E+00
  0.000000E+00
  0.000000E+00
  0.000000E+00
  0.000000E+00
  0.000000E+00
  0.000000E+00
  0.000000E+00
  0.000000E+00
  0.000000E+00
  0.000000E+00
  0.000000E+00
  0.000000E+00
  0.000000E+00
  0.000000E+00
  0.000000E+00
  0.000000E+00
  0.000000E+00
  0.000000E+00
  0.000000E+00
  0.000000E+00
  0.000000E+00
  0.000000E+00
  0.000000E+00
  0.000000E+00
  0.000000E+00
  0.000000E+00
  0.000000E+00
  0.000000E+00
  0.000000E+00
  0.000000E+00
  0.000000E+00
  0.000000E+00
  0.000000E+00
  0.000000E+00
  0.000000E+00
  0.000000E+00
  0.000000E+00
  0.000000E+00
  0.000000E+00
  0.000000E+00
  0.000000E+00
  0.000000E+00
  0.000000E+00
  0.000000E+00
  0.000000E+00
  0.000000E+00
  0.000000E+00
  0.000000E+00
  0.000000E+00
  0.000000E+00
  0.000000E+00
  0.000000E+00
  0.000000E+00
  0.000000E+00
  0.000000E+00
  0.000000E+00
  0.000000E+00
  0.000000E+00
  0.000000E+00
  0.000000E+00
  0.000000E+00
  0.000000E+00
  0.000000E+00
  0.000000E+00
  0.000000E+00
  0.000000E+00
  0.000000E+00
  0.000000E+00
  0.000000E+00
  0.000000E+00
  0.000000E+00
  0.000000E+00
  0.000000E+00
  0.000000E+00
  0.000000E+00
  0.000000E+00
  0.000000E+00
  0.000000E+00
  0.000000E+00
  0.000000E+00
  0.000000E+00
  0.000000E+00
  0.000000E+00
  0.000000E+00
  0.000000E+00
  0.000000E+00
  0.000000E+00
  0.000000E+00
  0.000000E+00
  0.000000E+00
  0.000000E+00
  0.000000E+00
  0.000000E+00
  0.000000E+00
  0.000000E+00
  0.000000E+00
  0.000000E+00
  0.000000E+00
  0.000000E+00
  0.000000E+00
  0.000000E+00
  0.000000E+00
  0.000000E+00
  0.000000E+00
  0.000000E+00
  0.000000E+00
  0.000000E+00
  0.000000E+00
  0.000000E+00
  0.000000E+00
  0.000000E+00
  0.000000E+00
  0.000000E+00
  0.000000E+00
  0.000000E+00
  0.000000E+00
  0.000000E+00
  0.000000E+00
  0.000000E+00
  0.000000E+00
  0.000000E+00
  0.000000E+00
  0.000000E+00
  0.000000E+00
  0.000000E+00
  0.000000E+00
  0.000000E+00
  0.000000E+00
  0.000000E+00
  0.000000E+00
  0.000000E+00
  0.000000E+00
  0.000000E+00
  0.000000E+00
  0.000000E+00
  0.000000E+00
  0.000000E+00
  0.000000E+00
  0.000000E+00
  0.000000E+00
  0.000000E+00
  0.000000E+00
  0.000000E+00
  0.000000E+00
  0.000000E+00
  0.000000E+00
  0.000000E+00
  0.000000E+00
  0.000000E+00
  0.000000E+00
  0.000000E+00
  0.000000E+00
  0.000000E+00
  0.000000E+00
  0.000000E+00
  0.000000E+00
  0.000000E+00
  0.000000E+00
  0.000000E+00
  0.000000E+00
  0.000000E+00
  0.000000E+00
  0.000000E+00
  0.000000E+00
  0.000000E+00
  0.000000E+00
  0.000000E+00
  0.000000E+00
  0.000000E+00
  0.000000E+00
  0.000000E+00
  0.000000E+00
  0.000000E+00
  0.000000E+00
  0.000000E+00
  0.000000E+00
  0.000000E+00
  0.000000E+00
  0.000000E+00
  0.000000E+00
  0.000000E+00
  0.000000E+00
  0.000000E+00
  0.000000E+00
  0.000000E+00
  0.000000E+00
  0.000000E+00
  0.000000E+00
  0.000000E+00
  0.000000E+00
  0.000000E+00
  0.000000E+00
  0.000000E+00
  0.000000E+00
  0.000000E+00
  0.000000E+00
  0.000000E+00
  0.000000E+00
  0.000000E+00
  0.000000E+00
  0.000000E+00
  0.000000E+00
  0.000000E+00
  0.000000E+00
  0.000000E+00
  0.000000E+00
  0.000000E+00
  0.000000E+00
  0.000000E+00
  0.000000E+00
  0.000000E+00
  0.000000E+00
  0.000000E+00
  0.000000E+00
  0.000000E+00
  0.000000E+00
  0.000000E+00
  0.000000E+00
  0.000000E+00
  0.000000E+00
  0.000000E+00
  0.000000E+00
  0.000000E+00
  0.000000E+00
  0.000000E+00
  0.000000E+00
  0.000000E+00
  0.000000E+00
  0.000000E+00
  0.000000E+00
  0.000000E+00
  0.000000E+00
  0.000000E+00
  0.000000E+00
  0.000000E+00
  0.000000E+00
  0.000000E+00
  0.000000E+00
  0.000000E+00
  0.000000E+00
  0.000000E+00
  0.000000E+00
  0.000000E+00
  0.000000E+00
  0.000000E+00
  0.000000E+00
  0.000000E+00
  0.000000E+00
  0.000000E+00
  0.000000E+00
  0.000000E+00
  0.000000E+00
  0.000000E+00
  0.000000E+00
  0.000000E+00
  0.000000E+00
  0.000000E+00
  0.000000E+00
  0.000000E+00
  0.000000E+00
  0.000000E+00
  0.000000E+00
  0.000000E+00
  0.000000E+00
  0.000000E+00
  0.000000E+00
  0.000000E+00
  0.000000E+00
  0.000000E+00
  0.000000E+00
  0.000000E+00
  0.000000E+00
  0.000000E+00
  0.000000E+00
  0.000000E+00
  0.000000E+00
  0.000000E+00
  0.000000E+00
  0.000000E+00
  0.000000E+00
  0.000000E+00
  0.000000E+00
  0.000000E+00
  0.000000E+00
  0.000000E+00
  0.000000E+00
  0.000000E+00
  0.000000E+00
  0.000000E+00
  0.000000E+00
  0.000000E+00
  0.000000E+00
  0.000000E+00
  0.000000E+00
  0.000000E+00
  0.000000E+00
  0.000000E+00
  0.000000E+00
  0.000000E+00
  0.000000E+00
  0.000000E+00
  0.000000E+00
  0.000000E+00
  0.000000E+00
  0.000000E+00
  0.000000E+00
  0.000000E+00
  0.000000E+00
  0.000000E+00
  0.000000E+00
  0.000000E+00
  0.000000E+00
  0.000000E+00
  0.000000E+00
  0.000000E+00
  0.000000E+00
  0.000000E+00
  0.000000E+00
  0.000000E+00
  0.000000E+00
  0.000000E+00
  0.000000E+00
  0.000000E+00
  0.000000E+00
  0.000000E+00
  0.000000E+00
  0.000000E+00
  0.000000E+00
  0.000000E+00
  0.000000E+00
  0.000000E+00
  0.000000E+00
  0.000000E+00
  0.000000E+00
  0.000000E+00
  0.000000E+00
  0.000000E+00
  0.000000E+00
  0.000000E+00
  0.000000E+00
  0.000000E+00
  0.000000E+00
  0.000000E+00
  0.000000E+00
  0.000000E+00
  0.000000E+00
  0.000000E+00
  0.000000E+00
  0.000000E+00
  0.000000E+00
  0.000000E+00
  0.000000E+00
  0.000000E+00
  0.000000E+00
  0.000000E+00
  0.000000E+00
  0.000000E+00
  0.000000E+00
  0.000000E+00
  0.000000E+00
  0.000000E+00
  0.000000E+00
  0.000000E+00
  0.000000E+00
  0.000000E+00
  0.000000E+00
  0.000000E+00
  0.000000E+00
  0.000000E+00
  0.000000E+00
  0.000000E+00
  0.000000E+00
  0.000000E+00
  0.000000E+00
  0.000000E+00
  0.000000E+00
  0.000000E+00
  0.000000E+00
  0.000000E+00
  0.000000E+00
  0.000000E+00
  0.000000E+00
  0.000000E+00
  0.000000E+00
  0.000000E+00
  0.000000E+00
  0.000000E+00
  0.000000E+00
  0.000000E+00
  0.000000E+00
  0.000000E+00
  0.000000E+00
  0.000000E+00
  0.000000E+00
  0.000000E+00
  0.000000E+00
  0.000000E+00
  0.000000E+00
  0.000000E+00
  0.000000E+00
  0.000000E+00
  0.000000E+00
  0.000000E+00
  0.000000E+00
  0.000000E+00
  0.000000E+00
  0.000000E+00
  0.000000E+00
  0.000000E+00
  0.000000E+00
  0.000000E+00
  0.000000E+00
  0.000000E+00
  0.000000E+00
  0.000000E+00
  0.000000E+00
  0.000000E+00
  0.000000E+00
  0.000000E+00
  0.000000E+00
  0.000000E+00
  0.000000E+00
  0.000000E+00
  0.000000E+00
  0.000000E+00
  0.000000E+00
  0.000000E+00
  0.000000E+00
  0.000000E+00
  0.000000E+00
  0.000000E+00
  0.000000E+00
  0.000000E+00
  0.000000E+00
  0.000000E+00
  0.000000E+00
  0.000000E+00
  0.000000E+00
  0.000000E+00
  0.000000E+00
  0.000000E+00
  0.000000E+00
  0.000000E+00
  0.000000E+00
  0.000000E+00
  0.000000E+00
  0.000000E+00
  0.000000E+00
  0.000000E+00
  0.000000E+00
  0.000000E+00
  0.000000E+00
  0.000000E+00
  0.000000E+00
  0.000000E+00
  0.000000E+00
  0.000000E+00
  0.000000E+00
  0.000000E+00
  0.000000E+00
  0.000000E+00
  0.000000E+00
  0.000000E+00
  0.000000E+00
  0.000000E+00
  0.000000E+00
  0.000000E+00
  0.000000E+00
  0.000000E+00
  0.000000E+00
  0.000000E+00
  0.000000E+00
  0.000000E+00
  0.000000E+00
  0.000000E+00
  0.000000E+00
  0.000000E+00
  0.000000E+00
  0.000000E+00
  0.000000E+00
  0.000000E+00
  0.000000E+00
  0.000000E+00
  0.000000E+00
  0.000000E+00
  0.000000E+00
  0.000000E+00
  0.000000E+00
  0.000000E+00
  0.000000E+00
  0.000000E+00
  0.000000E+00
  0.000000E+00
  0.000000E+00
  0.000000E+00
  0.000000E+00
  0.000000E+00
  0.000000E+00
  0.000000E+00
  0.000000E+00
  0.000000E+00
  0.000000E+00
  0.000000E+00
  0.000000E+00
  0.000000E+00
  0.000000E+00
  0.000000E+00
  0.000000E+00
  0.000000E+00
  0.000000E+00
  0.000000E+00
  0.000000E+00
  0.000000E+00
  0.000000E+00
  0.000000E+00
  0.000000E+00
  0.000000E+00
  0.000000E+00
  0.000000E+00
  0.000000E+00
  0.000000E+00
  0.000000E+00
  0.000000E+00
  0.000000E+00
  0.000000E+00
  0.000000E+00
  0.000000E+00
  0.000000E+00
  0.000000E+00
  0.000000E+00
  0.000000E+00
  0.000000E+00
  0.000000E+00
  0.000000E+00
  0.000000E+00
  0.000000E+00
  0.000000E+00
  0.000000E+00
  0.000000E+00
  0.000000E+00
  0.000000E+00
  0.000000E+00
  0.000000E+00
  0.000000E+00
  0.000000E+00
  0.000000E+00
  0.000000E+00
  0.000000E+00
  0.000000E+00
  0.000000E+00
  0.000000E+00
  0.000000E+00
  0.000000E+00
  0.000000E+00
  0.000000E+00
  0.000000E+00
  0.000000E+00
  0.000000E+00
  0.000000E+00
  0.000000E+00
  0.000000E+00
  0.000000E+00
  0.000000E+00
  0.000000E+00
  0.000000E+00
  0.000000E+00
  0.000000E+00
  0.000000E+00
  0.000000E+00
  0.000000E+00
  0.000000E+00
  0.000000E+00
  0.000000E+00
  0.000000E+00
  0.000000E+00
  0.000000E+00
  0.000000E+00
  0.000000E+00
  0.000000E+00
  0.000000E+00
  0.000000E+00
  0.000000E+00
  0.000000E+00
  0.000000E+00
  0.000000E+00
  0.000000E+00
  0.000000E+00
  0.000000E+00
  0.000000E+00
  0.000000E+00
  0.000000E+00
  0.000000E+00
  0.000000E+00
  0.000000E+00
  0.000000E+00
  0.000000E+00
  0.000000E+00
  0.000000E+00
  0.000000E+00
  0.000000E+00
  0.000000E+00
  0.000000E+00
  0.000000E+00
  0.000000E+00
  0.000000E+00
  0.000000E+00
  0.000000E+00
  0.000000E+00
  0.000000E+00
  0.000000E+00
  0.000000E+00
  0.000000E+00
  0.000000E+00
  0.000000E+00
  0.000000E+00
  0.000000E+00
  0.000000E+00
  0.000000E+00
  0.000000E+00
  0.000000E+00
  0.000000E+00
  0.000000E+00
  0.000000E+00
  0.000000E+00
  0.000000E+00
  0.000000E+00
  0.000000E+00
  0.000000E+00
  0.000000E+00
  0.000000E+00
  0.000000E+00
  0.000000E+00
  0.000000E+00
  0.000000E+00
  0.000000E+00
  0.000000E+00
  0.000000E+00
  0.000000E+00
  0.000000E+00
  0.000000E+00
  0.000000E+00
  0.000000E+00
  0.000000E+00
  0.000000E+00
  0.000000E+00
  0.000000E+00
  0.000000E+00
  0.000000E+00
  0.000000E+00
  0.000000E+00
  0.000000E+00
  0.000000E+00
  0.000000E+00
  0.000000E+00
  0.000000E+00
  0.000000E+00
  0.000000E+00
  0.000000E+00
  0.000000E+00
  0.000000E+00
  0.000000E+00
  0.000000E+00
  0.000000E+00
  0.000000E+00
  0.000000E+00
  0.000000E+00
  0.000000E+00
  0.000000E+00
  0.000000E+00
  0.000000E+00
  0.000000E+00
  0.000000E+00
  0.000000E+00
  0.000000E+00
  0.000000E+00
  0.000000E+00
  0.000000E+00
  0.000000E+00
  0.000000E+00
  0.000000E+00
  0.000000E+00
  0.000000E+00
  0.000000E+00
  0.000000E+00
  0.000000E+00
  0.000000E+00
  0.000000E+00
  0.000000E+00
  0.000000E+00
  0.000000E+00
  0.000000E+00
  0.000000E+00
  0.000000E+00
  0.000000E+00
  0.000000E+00
  0.000000E+00
  0.000000E+00
  0.000000E+00
  0.000000E+00
  0.000000E+00
  0.000000E+00
  0.000000E+00
  0.000000E+00
  0.000000E+00
  0.000000E+00
  0.000000E+00
  0.000000E+00
  0.000000E+00
  0.000000E+00
  0.000000E+00
  0.000000E+00
  0.000000E+00
  0.000000E+00
  0.000000E+00
  0.000000E+00
  0.000000E+00
  0.000000E+00
  0.000000E+00
  0.000000E+00
  0.000000E+00
  0.000000E+00
  0.000000E+00
  0.000000E+00
  0.000000E+00
  0.000000E+00
  0.000000E+00
  0.000000E+00
  0.000000E+00
  0.000000E+00
  0.000000E+00
  0.000000E+00
  0.000000E+00
  0.000000E+00
  0.000000E+00
  0.000000E+00
  0.000000E+00
  0.000000E+00
  0.000000E+00
  0.000000E+00
  0.000000E+00
  0.000000E+00
  0.000000E+00
  0.000000E+00
  0.000000E+00
  0.000000E+00
  0.000000E+00
  0.000000E+00
  0.000000E+00
  0.000000E+00
  0.000000E+00
  0.000000E+00
  0.000000E+00
  0.000000E+00
  0.000000E+00
  0.000000E+00
  0.000000E+00
  0.000000E+00
  0.000000E+00
  0.000000E+00
  0.000000E+00
  0.000000E+00
  0.000000E+00
  0.000000E+00
  0.000000E+00
  0.000000E+00
  0.000000E+00
  0.000000E+00
  0.000000E+00
  0.000000E+00
  0.000000E+00
  0.000000E+00
  0.000000E+00
  0.000000E+00
  0.000000E+00
  0.000000E+00
  0.000000E+00
  0.000000E+00
  0.000000E+00
  0.000000E+00
  0.000000E+00
  0.000000E+00
  0.000000E+00
  0.000000E+00
  0.000000E+00
  0.000000E+00
  0.000000E+00
  0.000000E+00
  0.000000E+00
  0.000000E+00
  0.000000E+00
  0.000000E+00
  0.000000E+00
  0.000000E+00
  0.000000E+00
  0.000000E+00
  0.000000E+00
  0.000000E+00
  0.000000E+00
  0.000000E+00
  0.000000E+00
  0.000000E+00
  0.000000E+00
  0.000000E+00
  0.000000E+00
  0.000000E+00
  0.000000E+00
  0.000000E+00
  0.000000E+00
  0.000000E+00
  0.000000E+00
  0.000000E+00
  0.000000E+00
  0.000000E+00
  0.000000E+00
  0.000000E+00
  0.000000E+00
  0.000000E+00
  0.000000E+00
  0.000000E+00
  0.000000E+00
  0.000000E+00
  0.000000E+00
  0.000000E+00
  0.000000E+00
  0.000000E+00
  0.000000E+00
  0.000000E+00
  0.000000E+00
  0.000000E+00
  0.000000E+00
  0.000000E+00
  0.000000E+00
  0.000000E+00
  0.000000E+00
  0.000000E+00
  0.000000E+00
  0.000000E+00
  0.000000E+00
  0.000000E+00
  0.000000E+00
  0.000000E+00
  0.000000E+00
  0.000000E+00
  0.000000E+00
  0.000000E+00
  0.000000E+00
  0.000000E+00
  0.000000E+00
  0.000000E+00
  0.000000E+00
  0.000000E+00
  0.000000E+00
  0.000000E+00
  0.000000E+00
  0.000000E+00
  0.000000E+00
  0.000000E+00
  0.000000E+00
  0.000000E+00
  0.000000E+00
  0.000000E+00
  0.000000E+00
  0.000000E+00
  0.000000E+00
  0.000000E+00
  0.000000E+00
  0.000000E+00
  0.000000E+00
  0.000000E+00
  0.000000E+00
  0.000000E+00
  0.000000E+00
  0.000000E+00
  0.000000E+00
  0.000000E+00
  0.000000E+00
  0.000000E+00
  0.000000E+00
  0.000000E+00
  0.000000E+00
  0.000000E+00
  0.000000E+00
  0.000000E+00
  0.000000E+00
  0.000000E+00
  0.000000E+00
  0.000000E+00
  0.000000E+00
  0.000000E+00
  0.000000E+00
  0.000000E+00
  0.000000E+00
  0.000000E+00
  0.000000E+00
  0.000000E+00
  0.000000E+00
  0.000000E+00
  0.000000E+00
  0.000000E+00
  0.000000E+00
  0.000000E+00
  0.000000E+00
  0.000000E+00
  0.000000E+00
  0.000000E+00
  0.000000E+00
  0.000000E+00
  0.000000E+00
  0.000000E+00
  0.000000E+00
  0.000000E+00
  0.000000E+00
  0.000000E+00
  0.000000E+00
  0.000000E+00
  0.000000E+00
  0.000000E+00
  0.000000E+00
  0.000000E+00
  0.000000E+00
  0.000000E+00
  0.000000E+00
  0.000000E+00
  0.000000E+00
  0.000000E+00
  0.000000E+00
  0.000000E+00
  0.000000E+00
  0.000000E+00
  0.000000E+00
  0.000000E+00
  0.000000E+00
  0.000000E+00
  0.000000E+00
  0.000000E+00
  0.000000E+00
  0.000000E+00
  0.000000E+00
  0.000000E+00
  0.000000E+00
  0.000000E+00
  0.000000E+00
  0.000000E+00
  0.000000E+00
  0.000000E+00
  0.000000E+00
  0.000000E+00
  0.000000E+00
  0.000000E+00
  0.000000E+00
  0.000000E+00
  0.000000E+00
  0.000000E+00
  0.000000E+00
  0.000000E+00
  0.000000E+00
  0.000000E+00
  0.000000E+00
  0.000000E+00
  0.000000E+00
  0.000000E+00
  0.000000E+00
  0.000000E+00
  0.000000E+00
  0.000000E+00
  0.000000E+00
  0.000000E+00
  0.000000E+00
  0.000000E+00
  0.000000E+00
  0.000000E+00
  0.000000E+00
  0.000000E+00
  0.000000E+00
  0.000000E+00
  0.000000E+00
  0.000000E+00
  0.000000E+00
  0.000000E+00
  0.000000E+00
  0.000000E+00
  0.000000E+00
  0.000000E+00
  0.000000E+00
  0.000000E+00
  0.000000E+00
  0.000000E+00
  0.000000E+00
  0.000000E+00
  0.000000E+00
  0.000000E+00
  0.000000E+00
  0.000000E+00
  0.000000E+00
  0.000000E+00
  0.000000E+00
  0.000000E+00
  0.000000E+00
  0.000000E+00
  0.000000E+00
  0.000000E+00
  0.000000E+00
  0.000000E+00
  0.000000E+00
  0.000000E+00
  0.000000E+00
  0.000000E+00
  0.000000E+00
  0.000000E+00
  0.000000E+00
  0.000000E+00
  0.000000E+00
  0.000000E+00
  0.000000E+00
  0.000000E+00
  0.000000E+00
  0.000000E+00
  0.000000E+00
  0.000000E+00
  0.000000E+00
  0.000000E+00
  0.000000E+00
  0.000000E+00
  0.000000E+00
  0.000000E+00
  0.000000E+00
  0.000000E+00
  0.000000E+00
  0.000000E+00
  0.000000E+00
  0.000000E+00
  0.000000E+00
  0.000000E+00
  0.000000E+00
  0.000000E+00
  0.000000E+00
  0.000000E+00
  0.000000E+00
  0.000000E+00
  0.000000E+00
  0.000000E+00
  0.000000E+00
  0.000000E+00
  0.000000E+00
  0.000000E+00
  0.000000E+00
  0.000000E+00
  0.000000E+00
  0.000000E+00
  0.000000E+00
  0.000000E+00
  0.000000E+00
  0.000000E+00
  0.000000E+00
  0.000000E+00
  0.000000E+00
  0.000000E+00
  0.000000E+00
  0.000000E+00
  0.000000E+00
  0.000000E+00
  0.000000E+00
  0.000000E+00
  0.000000E+00
  0.000000E+00
  0.000000E+00
  0.000000E+00
  0.000000E+00
  0.000000E+00
  0.000000E+00
  0.000000E+00
  0.000000E+00
  0.000000E+00
  0.000000E+00
  0.000000E+00
  0.000000E+00
  0.000000E+00
  0.000000E+00
  0.000000E+00
  0.000000E+00
  0.000000E+00
  0.000000E+00
  0.000000E+00
  0.000000E+00
  0.000000E+00
  0.000000E+00
  0.000000E+00
  0.000000E+00
  0.000000E+00
  0.000000E+00
  0.000000E+00
  0.000000E+00
  0.000000E+00
  0.000000E+00
  0.000000E+00
  0.000000E+00
  0.000000E+00
  0.000000E+00
  0.000000E+00
  0.000000E+00
  0.000000E+00
  0.000000E+00
  0.000000E+00
  0.000000E+00
  0.000000E+00
  0.000000E+00
  0.000000E+00
  0.000000E+00
  0.000000E+00
  0.000000E+00
  0.000000E+00
  0.000000E+00
  0.000000E+00
  0.000000E+00
  0.000000E+00
  0.000000E+00
  0.000000E+00
  0.000000E+00
  0.000000E+00
  0.000000E+00
  0.000000E+00
  0.000000E+00
  0.000000E+00
  0.000000E+00
  0.000000E+00
  0.000000E+00
  0.000000E+00
  0.000000E+00
  0.000000E+00
  0.000000E+00
  0.000000E+00
  0.000000E+00
  0.000000E+00
  0.000000E+00
  0.000000E+00
  0.000000E+00
  0.000000E+00
  0.000000E+00
  0.000000E+00
  0.000000E+00
  0.000000E+00
  0.000000E+00
  0.000000E+00
  0.000000E+00
  0.000000E+00
  0.000000E+00
  0.000000E+00
  0.000000E+00
  0.000000E+00
  0.000000E+00
  0.000000E+00
  0.000000E+00
  0.000000E+00
  0.000000E+00
  0.000000E+00
  0.000000E+00
  0.000000E+00
  0.000000E+00
  0.000000E+00
  0.000000E+00
  0.000000E+00
  0.000000E+00
  0.000000E+00
  0.000000E+00
  0.000000E+00
  0.000000E+00
  0.000000E+00
  0.000000E+00
  0.000000E+00
  0.000000E+00
  0.000000E+00
  0.000000E+00
  0.000000E+00
  0.000000E+00
  0.000000E+00
  0.000000E+00
  0.000000E+00
  0.000000E+00
  0.000000E+00
  0.000000E+00
  0.000000E+00
  0.000000E+00
  0.000000E+00
  0.000000E+00
  0.000000E+00
  0.000000E+00
  0.000000E+00
  0.000000E+00
  0.000000E+00
  0.000000E+00
  0.000000E+00
  0.000000E+00
  0.000000E+00
  0.000000E+00
  0.000000E+00
  0.000000E+00
  0.000000E+00
  0.000000E+00
  0.000000E+00
  0.000000E+00
  0.000000E+00
  0.000000E+00
  0.000000E+00
  0.000000E+00
  0.000000E+00
  0.000000E+00
  0.000000E+00
  0.000000E+00
  0.000000E+00
  0.000000E+00
  0.000000E+00
  0.000000E+00
  0.000000E+00
  0.000000E+00
  0.000000E+00
  0.000000E+00
  0.000000E+00
  0.000000E+00
  0.000000E+00
  0.000000E+00
  0.000000E+00
  0.000000E+00
  0.000000E+00
  0.000000E+00
  0.000000E+00
  0.000000E+00
  0.000000E+00
  0.000000E+00
  0.000000E+00
  0.000000E+00
  0.000000E+00
  0.000000E+00
  0.000000E+00
  0.000000E+00
  0.000000E+00
  0.000000E+00
  0.000000E+00
  0.000000E+00
  0.000000E+00
  0.000000E+00
  0.000000E+00
  0.000000E+00
  0.000000E+00
  0.000000E+00
  0.000000E+00
  0.000000E+00
  0.000000E+00
  0.000000E+00
  0.000000E+00
  0.000000E+00
  0.000000E+00
  0.000000E+00
  0.000000E+00
  0.000000E+00
  0.000000E+00
  0.000000E+00
  0.000000E+00
  0.000000E+00
  0.000000E+00
  0.000000E+00
  0.000000E+00
  0.000000E+00
  0.000000E+00
  0.000000E+00
  0.000000E+00
  0.000000E+00
  0.000000E+00
  0.000000E+00
  0.000000E+00
  0.000000E+00
  0.000000E+00
  0.000000E+00
  0.000000E+00
  0.000000E+00
  0.000000E+00
  0.000000E+00
  0.000000E+00
  0.000000E+00
  0.000000E+00
  0.000000E+00
  0.000000E+00
  0.000000E+00
  0.000000E+00
  0.000000E+00
  0.000000E+00
  0.000000E+00
  0.000000E+00
  0.000000E+00
  0.000000E+00
  0.000000E+00
  0.000000E+00
  0.000000E+00
  0.000000E+00
  0.000000E+00
  0.000000E+00
  0.000000E+00
  0.000000E+00
  0.000000E+00
  0.000000E+00
  0.000000E+00
  0.000000E+00
  0.000000E+00
  0.000000E+00
  0.000000E+00
  0.000000E+00
  0.000000E+00
  0.000000E+00
  0.000000E+00
  0.000000E+00
  0.000000E+00
  0.000000E+00
  0.000000E+00
  0.000000E+00
  0.000000E+00
  0.000000E+00
  0.000000E+00
  0.000000E+00
  0.000000E+00
  0.000000E+00
  0.000000E+00
  0.000000E+00
  0.000000E+00
  0.000000E+00
  0.000000E+00
  0.000000E+00
  0.000000E+00
  0.000000E+00
  0.000000E+00
  0.000000E+00
  0.000000E+00
  0.000000E+00
  0.000000E+00
  0.000000E+00
  0.000000E+00
  0.000000E+00
  0.000000E+00
  0.000000E+00
  0.000000E+00
  0.000000E+00
  0.000000E+00
  0.000000E+00
  0.000000E+00
  0.000000E+00
  0.000000E+00
  0.000000E+00
  0.000000E+00
  0.000000E+00
  0.000000E+00
  0.000000E+00
  0.000000E+00
  0.000000E+00
  0.000000E+00
  0.000000E+00
  0.000000E+00
  0.000000E+00
  0.000000E+00
  0.000000E+00
  0.000000E+00
  0.000000E+00
  0.000000E+00
  0.000000E+00
  0.000000E+00
  0.000000E+00
  0.000000E+00
  0.000000E+00
  0.000000E+00
  0.000000E+00
  0.000000E+00
  0.000000E+00
  0.000000E+00
  0.000000E+00
  0.000000E+00
  0.000000E+00
  0.000000E+00
  0.000000E+00
  0.000000E+00
  0.000000E+00
  0.000000E+00
  0.000000E+00
  0.000000E+00
  0.000000E+00
  0.000000E+00
  0.000000E+00
  0.000000E+00
  0.000000E+00
  0.000000E+00
  0.000000E+00
  0.000000E+00
  0.000000E+00
  0.000000E+00
  0.000000E+00
  0.000000E+00
  0.000000E+00
  0.000000E+00
  0.000000E+00
  0.000000E+00
  0.000000E+00
  0.000000E+00
  0.000000E+00
  0.000000E+00
  0.000000E+00
  0.000000E+00
  0.000000E+00
  0.000000E+00
  0.000000E+00
  0.000000E+00
  0.000000E+00
  0.000000E+00
  0.000000E+00
  0.000000E+00
  0.000000E+00
  0.000000E+00
  0.000000E+00
  0.000000E+00
  0.000000E+00
  0.000000E+00
  0.000000E+00
  0.000000E+00
  0.000000E+00
  0.000000E+00
  0.000000E+00
  0.000000E+00
  0.000000E+00
  0.000000E+00
  0.000000E+00
  0.000000E+00
  0.000000E+00
  0.000000E+00
  0.000000E+00
  0.000000E+00
  0.000000E+00
  0.000000E+00
  0.000000E+00
  0.000000E+00
  0.000000E+00
  0.000000E+00
  0.000000E+00
  0.000000E+00
  0.000000E+00
  0.000000E+00
  0.000000E+00
  0.000000E+00
  0.000000E+00
  0.000000E+00
  0.000000E+00
  0.000000E+00
  0.000000E+00
  0.000000E+00
  0.000000E+00
  0.000000E+00
  0.000000E+00
  0.000000E+00
  0.000000E+00
  0.000000E+00
  0.000000E+00
  0.000000E+00
  0.000000E+00
  0.000000E+00
  0.000000E+00
  0.000000E+00
  0.000000E+00
  0.000000E+00
  0.000000E+00
  0.000000E+00
  0.000000E+00
  0.000000E+00
  0.000000E+00
  0.000000E+00
  0.000000E+00
  0.000000E+00
  0.000000E+00
  0.000000E+00
  0.000000E+00
  0.000000E+00
  0.000000E+00
  0.000000E+00
  0.000000E+00
  0.000000E+00
  0.000000E+00
  0.000000E+00
  0.000000E+00
  0.000000E+00
  0.000000E+00
  0.000000E+00
  0.000000E+00
  0.000000E+00
  0.000000E+00
  0.000000E+00
  0.000000E+00
  0.000000E+00
  0.000000E+00
  0.000000E+00
  0.000000E+00
  0.000000E+00
  0.000000E+00
  0.000000E+00
  0.000000E+00
  0.000000E+00
  0.000000E+00
  0.000000E+00
  0.000000E+00
  0.000000E+00
  0.000000E+00
  0.000000E+00
  0.000000E+00
  0.000000E+00
  0.000000E+00
  0.000000E+00
  0.000000E+00
  0.000000E+00
  0.000000E+00
  0.000000E+00
  0.000000E+00
  0.000000E+00
  0.000000E+00
  0.000000E+00
  0.000000E+00
  0.000000E+00
  0.000000E+00
  0.000000E+00
  0.000000E+00
  0.000000E+00
  0.000000E+00
  0.000000E+00
  0.000000E+00
  0.000000E+00
  0.000000E+00
  0.000000E+00
  0.000000E+00
  0.000000E+00
  0.000000E+00
  0.000000E+00
  0.000000E+00
  0.000000E+00
  0.000000E+00
  0.000000E+00
  0.000000E+00
  0.000000E+00
  0.000000E+00
  0.000000E+00
  0.000000E+00
  0.000000E+00
  0.000000E+00
  0.000000E+00
  0.000000E+00
  0.000000E+00
  0.000000E+00
  0.000000E+00
  0.000000E+00
  0.000000E+00
  0.000000E+00
  0.000000E+00
  0.000000E+00
  0.000000E+00
  0.000000E+00
  0.000000E+00
  0.000000E+00
  0.000000E+00
  0.000000E+00
  0.000000E+00
  0.000000E+00
  0.000000E+00
  0.000000E+00
  0.000000E+00
  0.000000E+00
  0.000000E+00
  0.000000E+00
  0.000000E+00
  0.000000E+00
  0.000000E+00
  0.000000E+00
  0.000000E+00
  0.000000E+00
  0.000000E+00
  0.000000E+00
  0.000000E+00
  0.000000E+00
  0.000000E+00
  0.000000E+00
  0.000000E+00
  0.000000E+00
  0.000000E+00
  0.000000E+00
  0.000000E+00
  0.000000E+00
  0.000000E+00
  0.000000E+00
  0.000000E+00
  0.000000E+00
  0.000000E+00
  0.000000E+00
  0.000000E+00
  0.000000E+00
  0.000000E+00
  0.000000E+00
  0.000000E+00
  0.000000E+00
  0.000000E+00
  0.000000E+00
  0.000000E+00
  0.000000E+00
  0.000000E+00
  0.000000E+00
  0.000000E+00
  0.000000E+00
  0.000000E+00
  0.000000E+00
  0.000000E+00
  0.000000E+00
  0.000000E+00
  0.000000E+00
  0.000000E+00
  0.000000E+00
  0.000000E+00
  0.000000E+00
  0.000000E+00
  0.000000E+00
  0.000000E+00
  0.000000E+00
  0.000000E+00
  0.000000E+00
  0.000000E+00
  0.000000E+00
  0.000000E+00
  0.000000E+00
  0.000000E+00
  0.000000E+00
  0.000000E+00
  0.000000E+00
  0.000000E+00
  0.000000E+00
  0.000000E+00
  0.000000E+00
  0.000000E+00
  0.000000E+00
  0.000000E+00
  0.000000E+00
  0.000000E+00
  0.000000E+00
  0.000000E+00
  0.000000E+00
  0.000000E+00
  0.000000E+00
  0.000000E+00
  0.000000E+00
  0.000000E+00
  0.000000E+00
  0.000000E+00
  0.000000E+00
  0.000000E+00
  0.000000E+00
  0.000000E+00
  0.000000E+00
  0.000000E+00
  0.000000E+00
  0.000000E+00
  0.000000E+00
  0.000000E+00
  0.000000E+00
  0.000000E+00
  0.000000E+00
  0.000000E+00
  0.000000E+00
  0.000000E+00
  0.000000E+00
  0.000000E+00
  0.000000E+00
  0.000000E+00
  0.000000E+00
  0.000000E+00
  0.000000E+00
  0.000000E+00
  0.000000E+00
  0.000000E+00
  0.000000E+00
  0.000000E+00
  0.000000E+00
  0.000000E+00
  0.000000E+00
  0.000000E+00
  0.000000E+00
  0.000000E+00
  0.000000E+00
  0.000000E+00
  0.000000E+00
  0.000000E+00
  0.000000E+00
  0.000000E+00
  0.000000E+00
  0.000000E+00
  0.000000E+00
  0.000000E+00
  0.000000E+00
  0.000000E+00
  0.000000E+00
  0.000000E+00
  0.000000E+00
  0.000000E+00
  0.000000E+00
  0.000000E+00
  0.000000E+00
  0.000000E+00
  0.000000E+00
  0.000000E+00
  0.000000E+00
  0.000000E+00
  0.000000E+00
  0.000000E+00
  0.000000E+00
  0.000000E+00
  0.000000E+00
  0.000000E+00
  0.000000E+00
  0.000000E+00
  0.000000E+00
  0.000000E+00
  0.000000E+00
  0.000000E+00
  0.000000E+00
  0.000000E+00
  0.000000E+00
  0.000000E+00
  0.000000E+00
  0.000000E+00
  0.000000E+00
  0.000000E+00
  0.000000E+00
  0.000000E+00
  0.000000E+00
  0.000000E+00
  0.000000E+00
  0.000000E+00
  0.000000E+00
  0.000000E+00
  0.000000E+00
  0.000000E+00
  0.000000E+00
  0.000000E+00
  0.000000E+00
  0.000000E+00
  0.000000E+00
  0.000000E+00
  0.000000E+00
  0.000000E+00
  0.000000E+00
  0.000000E+00
  0.000000E+00
  0.000000E+00
  0.000000E+00
  0.000000E+00
  0.000000E+00
  0.000000E+00
  0.000000E+00
  0.000000E+00
  0.000000E+00
  0.000000E+00
  0.000000E+00
  0.000000E+00
  0.000000E+00
  0.000000E+00
  0.000000E+00
  0.000000E+00
  0.000000E+00
  0.000000E+00
  0.000000E+00
  0.000000E+00
  0.000000E+00
  0.000000E+00
  0.000000E+00
  0.000000E+00
  0.000000E+00
  0.000000E+00
  0.000000E+00
  0.000000E+00
  0.000000E+00
  0.000000E+00
  0.000000E+00
  0.000000E+00
  0.000000E+00
  0.000000E+00
  0.000000E+00
  0.000000E+00
  0.000000E+00
  0.000000E+00
  0.000000E+00
  0.000000E+00
  0.000000E+00
  0.000000E+00
  0.000000E+00
  0.000000E+00
  0.000000E+00
  0.000000E+00
  0.000000E+00
  0.000000E+00
  0.000000E+00
  0.000000E+00
  0.000000E+00
  0.000000E+00
  0.000000E+00
  0.000000E+00
  0.000000E+00
  0.000000E+00
  0.000000E+00
  0.000000E+00
  0.000000E+00
  0.000000E+00
  0.000000E+00
  0.000000E+00
  0.000000E+00
  0.000000E+00
  0.000000E+00
  0.000000E+00
  0.000000E+00
  0.000000E+00
  0.000000E+00
  0.000000E+00
  0.000000E+00
  0.000000E+00
  0.000000E+00
  0.000000E+00
  0.000000E+00
  0.000000E+00
  0.000000E+00
  0.000000E+00
  0.000000E+00
  0.000000E+00
  0.000000E+00
  0.000000E+00
  0.000000E+00
  0.000000E+00
  0.000000E+00
  0.000000E+00
  0.000000E+00
  0.000000E+00
  0.000000E+00
  0.000000E+00
  0.000000E+00
  0.000000E+00
  0.000000E+00
  0.000000E+00
  0.000000E+00
  0.000000E+00
  0.000000E+00
  0.000000E+00
  0.000000E+00
  0.000000E+00
  0.000000E+00
  0.000000E+00
  0.000000E+00
  0.000000E+00
  0.000000E+00
  0.000000E+00
  0.000000E+00
  0.000000E+00
  0.000000E+00
  0.000000E+00
  0.000000E+00
  0.000000E+00
  0.000000E+00
  0.000000E+00
  0.000000E+00
  0.000000E+00
  0.000000E+00
  0.000000E+00
  0.000000E+00
  0.000000E+00
  0.000000E+00
  0.000000E+00
  0.000000E+00
  0.000000E+00
  0.000000E+00
  0.000000E+00
  0.000000E+00
  0.000000E+00
  0.000000E+00
  0.000000E+00
  0.000000E+00
  0.000000E+00
  0.000000E+00
  0.000000E+00
  0.000000E+00
  0.000000E+00
  0.000000E+00
  0.000000E+00
  0.000000E+00
  0.000000E+00
  0.000000E+00
  0.000000E+00
  0.000000E+00
  0.000000E+00
  0.000000E+00
  0.000000E+00
  0.000000E+00
  0.000000E+00
  0.000000E+00
  0.000000E+00
  0.000000E+00
  0.000000E+00
  0.000000E+00
  0.000000E+00
  0.000000E+00
  0.000000E+00
  0.000000E+00
  0.000000E+00
  0.000000E+00
  0.000000E+00
  0.000000E+00
  0.000000E+00
  0.000000E+00
  0.000000E+00
  0.000000E+00
  0.000000E+00
  0.000000E+00
  0.000000E+00
  0.000000E+00
  0.000000E+00
  0.000000E+00
  0.000000E+00
  0.000000E+00
  0.000000E+00
  0.000000E+00
  0.000000E+00
  0.000000E+00
  0.000000E+00
  0.000000E+00
  0.000000E+00
  0.000000E+00
  0.000000E+00
  0.000000E+00
  0.000000E+00
  0.000000E+00
  0.000000E+00
  0.000000E+00
  0.000000E+00
  0.000000E+00
  0.000000E+00
  0.000000E+00
  0.000000E+00
  0.000000E+00
  0.000000E+00
  0.000000E+00
  0.000000E+00
  0.000000E+00
  0.000000E+00
  0.000000E+00
  0.000000E+00
  0.000000E+00
  0.000000E+00
  0.000000E+00
  0.000000E+00
  0.000000E+00
  0.000000E+00
  0.000000E+00
  0.000000E+00
  0.000000E+00
  0.000000E+00
  0.000000E+00
  0.000000E+00
  0.000000E+00
  0.000000E+00
  0.000000E+00
  0.000000E+00
  0.000000E+00
  0.000000E+00
  0.000000E+00
  0.000000E+00
  0.000000E+00
  0.000000E+00
  0.000000E+00
  0.000000E+00
  0.000000E+00
  0.000000E+00
  0.000000E+00
  0.000000E+00
  0.000000E+00
  0.000000E+00
  0.000000E+00
  0.000000E+00
  0.000000E+00
  0.000000E+00
  0.000000E+00
  0.000000E+00
  0.000000E+00
  0.000000E+00
  0.000000E+00
  0.000000E+00
  0.000000E+00
  0.000000E+00
  0.000000E+00
  0.000000E+00
  0.000000E+00
  0.000000E+00
  0.000000E+00
  0.000000E+00
  0.000000E+00
  0.000000E+00
  0.000000E+00
  0.000000E+00
  0.000000E+00
  0.000000E+00
  0.000000E+00
  0.000000E+00
  0.000000E+00
  0.000000E+00
  0.000000E+00
  0.000000E+00
  0.000000E+00
  0.000000E+00
  0.000000E+00
  0.000000E+00
  0.000000E+00
  0.000000E+00
  0.000000E+00
  0.000000E+00
  0.000000E+00
  0.000000E+00
  0.000000E+00
  0.000000E+00
  0.000000E+00
  0.000000E+00
  0.000000E+00
  0.000000E+00
  0.000000E+00
  0.000000E+00
  0.000000E+00
  0.000000E+00
  0.000000E+00
  0.000000E+00
  0.000000E+00
  0.000000E+00
  0.000000E+00
  0.000000E+00
  0.000000E+00
  0.000000E+00
  0.000000E+00
  0.000000E+00
  0.000000E+00
  0.000000E+00
  0.000000E+00
  0.000000E+00
  0.000000E+00
  0.000000E+00
  0.000000E+00
  0.000000E+00
  0.000000E+00
  0.000000E+00
  0.000000E+00
  0.000000E+00
  0.000000E+00
  0.000000E+00
  0.000000E+00
  0.000000E+00
  0.000000E+00
  0.000000E+00
  0.000000E+00
  0.000000E+00
  0.000000E+00
  0.000000E+00
  0.000000E+00
  0.000000E+00
  0.000000E+00
  0.000000E+00
  0.000000E+00
  0.000000E+00
  0.000000E+00
  0.000000E+00
  0.000000E+00
  0.000000E+00
  0.000000E+00
  0.000000E+00
  0.000000E+00
  0.000000E+00
  0.000000E+00
  0.000000E+00
  0.000000E+00
  0.000000E+00
  0.000000E+00
  0.000000E+00
  0.000000E+00
  0.000000E+00
  0.000000E+00
  0.000000E+00
  0.000000E+00
  0.000000E+00
  0.000000E+00
  0.000000E+00
  0.000000E+00
  0.000000E+00
  0.000000E+00
  0.000000E+00
  0.000000E+00
  0.000000E+00
  0.000000E+00
  0.000000E+00
  0.000000E+00
  0.000000E+00
  0.000000E+00
  0.000000E+00
  0.000000E+00
  0.000000E+00
  0.000000E+00
  0.000000E+00
  0.000000E+00
  0.000000E+00
  0.000000E+00
  0.000000E+00
  0.000000E+00
  0.000000E+00
  0.000000E+00
  0.000000E+00
  0.000000E+00
  0.000000E+00
  0.000000E+00
  0.000000E+00
  0.000000E+00
  0.000000E+00
  0.000000E+00
  0.000000E+00
  0.000000E+00
  0.000000E+00
  0.000000E+00
  0.000000E+00
  0.000000E+00
  0.000000E+00
  0.000000E+00
  0.000000E+00
  0.000000E+00
  0.000000E+00
  0.000000E+00
  0.000000E+00
  0.000000E+00
  0.000000E+00
  0.000000E+00
  0.000000E+00
  0.000000E+00
  0.000000E+00
  0.000000E+00
  0.000000E+00
  0.000000E+00
  0.000000E+00
  0.000000E+00
  0.000000E+00
  0.000000E+00
  0.000000E+00
  0.000000E+00
  0.000000E+00
  0.000000E+00
  0.000000E+00
  0.000000E+00
  0.000000E+00
  0.000000E+00
  0.000000E+00
  0.000000E+00
  0.000000E+00
  0.000000E+00
  0.000000E+00
  0.000000E+00
  0.000000E+00
  0.000000E+00
  0.000000E+00
  0.000000E+00
  0.000000E+00
  0.000000E+00
  0.000000E+00
  0.000000E+00
  0.000000E+00
  0.000000E+00
  0.000000E+00
  0.000000E+00
  0.000000E+00
  0.000000E+00
  0.000000E+00
  0.000000E+00
  0.000000E+00
  0.000000E+00
  0.000000E+00
  0.000000E+00
  0.000000E+00
  0.000000E+00
  0.000000E+00
  0.000000E+00
  0.000000E+00
  0.000000E+00
  0.000000E+00
  0.000000E+00
  0.000000E+00
  0.000000E+00
  0.000000E+00
  0.000000E+00
  0.000000E+00
  0.000000E+00
  0.000000E+00
  0.000000E+00
  0.000000E+00
  0.000000E+00
  0.000000E+00
  0.000000E+00
  0.000000E+00
  0.000000E+00
  0.000000E+00
  0.000000E+00
  0.000000E+00
  0.000000E+00
  0.000000E+00
  0.000000E+00
  0.000000E+00
  0.000000E+00
  0.000000E+00
  0.000000E+00
  0.000000E+00
  0.000000E+00
  0.000000E+00
  0.000000E+00
  0.000000E+00
  0.000000E+00
  0.000000E+00
  0.000000E+00
  0.000000E+00
  0.000000E+00
  0.000000E+00
  0.000000E+00
  0.000000E+00
  0.000000E+00
  0.000000E+00
  0.000000E+00
  0.000000E+00
  0.000000E+00
  0.000000E+00
  0.000000E+00
  0.000000E+00
  0.000000E+00
  0.000000E+00
  0.000000E+00
  0.000000E+00
  0.000000E+00
  0.000000E+00
  0.000000E+00
  0.000000E+00
  0.000000E+00
  0.000000E+00
  0.000000E+00
  0.000000E+00
  0.000000E+00
  0.000000E+00
  0.000000E+00
  0.000000E+00
  0.000000E+00
  0.000000E+00
  0.000000E+00
  0.000000E+00
  0.000000E+00
  0.000000E+00
  0.000000E+00
  0.000000E+00
  0.000000E+00
  0.000000E+00
  0.000000E+00
  0.000000E+00
  0.000000E+00
  0.000000E+00
  0.000000E+00
  0.000000E+00
  0.000000E+00
  0.000000E+00
  0.000000E+00
  0.000000E+00
  0.000000E+00
  0.000000E+00
  0.000000E+00
  0.000000E+00
  0.000000E+00
  0.000000E+00
  0.000000E+00
  0.000000E+00
  0.000000E+00
  0.000000E+00
  0.000000E+00
  0.000000E+00
  0.000000E+00
  0.000000E+00
  0.000000E+00
  0.000000E+00
  0.000000E+00
  0.000000E+00
  0.000000E+00
  0.000000E+00
  0.000000E+00
  0.000000E+00
  0.000000E+00
  0.000000E+00
  0.000000E+00
  0.000000E+00
  0.000000E+00
  0.000000E+00
  0.000000E+00
  0.000000E+00
  0.000000E+00
  0.000000E+00
  0.000000E+00
  0.000000E+00
  0.000000E+00
  0.000000E+00
  0.000000E+00
  0.000000E+00
  0.000000E+00
  0.000000E+00
  0.000000E+00
  0.000000E+00
  0.000000E+00
  0.000000E+00
  0.000000E+00
  0.000000E+00
  0.000000E+00
  0.000000E+00
  0.000000E+00
  0.000000E+00
  0.000000E+00
  0.000000E+00
  0.000000E+00
  0.000000E+00
  0.000000E+00
  0.000000E+00
  0.000000E+00
  0.000000E+00
  0.000000E+00
  0.000000E+00
  0.000000E+00
  0.000000E+00
  0.000000E+00
  0.000000E+00
  0.000000E+00
  0.000000E+00
  0.000000E+00
  0.000000E+00
  0.000000E+00
  0.000000E+00
  0.000000E+00
  0.000000E+00
  0.000000E+00
  0.000000E+00
  0.000000E+00
  0.000000E+00
  0.000000E+00
  0.000000E+00
  0.000000E+00
  0.000000E+00
  0.000000E+00
  0.000000E+00
  0.000000E+00
  0.000000E+00
  0.000000E+00
  0.000000E+00
  0.000000E+00
  0.000000E+00
  0.000000E+00
  0.000000E+00
  0.000000E+00
  0.000000E+00
  0.000000E+00
  0.000000E+00
  0.000000E+00
  0.000000E+00
  0.000000E+00
  0.000000E+00
  0.000000E+00
  0.000000E+00
  0.000000E+00
  0.000000E+00
  0.000000E+00
  0.000000E+00
  0.000000E+00
  0.000000E+00
  0.000000E+00
  0.000000E+00
  0.000000E+00
  0.000000E+00
  0.000000E+00
  0.000000E+00
  0.000000E+00
  0.000000E+00
  0.000000E+00
  0.000000E+00
  0.000000E+00
  0.000000E+00
  0.000000E+00
  0.000000E+00
  0.000000E+00
  0.000000E+00
  0.000000E+00
  0.000000E+00
  0.000000E+00
  0.000000E+00
  0.000000E+00
  0.000000E+00
  0.000000E+00
  0.000000E+00
  0.000000E+00
  0.000000E+00
  0.000000E+00
  0.000000E+00
  0.000000E+00
  0.000000E+00
  0.000000E+00
  0.000000E+00
  0.000000E+00
  0.000000E+00
  0.000000E+00
  0.000000E+00
  0.000000E+00
  0.000000E+00
  0.000000E+00
  0.000000E+00
  0.000000E+00
  0.000000E+00
  0.000000E+00
  0.000000E+00
  0.000000E+00
  0.000000E+00
  0.000000E+00
  0.000000E+00
  0.000000E+00
  0.000000E+00
  0.000000E+00
  0.000000E+00
  0.000000E+00
  0.000000E+00
  0.000000E+00
  0.000000E+00
  0.000000E+00
  0.000000E+00
  0.000000E+00
  0.000000E+00
  0.000000E+00
  0.000000E+00
  0.000000E+00
  0.000000E+00
  0.000000E+00
  0.000000E+00
  0.000000E+00
  0.000000E+00
  0.000000E+00
  0.000000E+00
  0.000000E+00
  0.000000E+00
  0.000000E+00
  0.000000E+00
  0.000000E+00
  0.000000E+00
  0.000000E+00
  0.000000E+00
  0.000000E+00
  0.000000E+00
  0.000000E+00
  0.000000E+00
  0.000000E+00
  0.000000E+00
  0.000000E+00
  0.000000E+00
  0.000000E+00
  0.000000E+00
  0.000000E+00
  0.000000E+00
  0.000000E+00
  0.000000E+00
  0.000000E+00
  0.000000E+00
  0.000000E+00
  0.000000E+00
  0.000000E+00
  0.000000E+00
  0.000000E+00
  0.000000E+00
  0.000000E+00
  0.000000E+00
  0.000000E+00
  0.000000E+00
  0.000000E+00
  0.000000E+00
  0.000000E+00
  0.000000E+00
  0.000000E+00
  0.000000E+00
  0.000000E+00
  0.000000E+00
  0.000000E+00
  0.000000E+00
  0.000000E+00
  0.000000E+00
  0.000000E+00
  0.000000E+00
  0.000000E+00
  0.000000E+00
  0.000000E+00
  0.000000E+00
  0.000000E+00
  0.000000E+00
  0.000000E+00
  0.000000E+00
  0.000000E+00
  0.000000E+00
  0.000000E+00
  0.000000E+00
  0.000000E+00
  0.000000E+00
  0.000000E+00
  0.000000E+00
  0.000000E+00
  0.000000E+00
  0.000000E+00
  0.000000E+00
  0.000000E+00
  0.000000E+00
  0.000000E+00
  0.000000E+00
  0.000000E+00
  0.000000E+00
  0.000000E+00
  0.000000E+00
  0.000000E+00
  0.000000E+00
  0.000000E+00
  0.000000E+00
  0.000000E+00
  0.000000E+00
  0.000000E+00
  0.000000E+00
  0.000000E+00
  0.000000E+00
  0.000000E+00
  0.000000E+00
  0.000000E+00
  0.000000E+00
  0.000000E+00
  0.000000E+00
  0.000000E+00
  0.000000E+00
  0.000000E+00
  0.000000E+00
  0.000000E+00
  0.000000E+00
  0.000000E+00
  0.000000E+00
  0.000000E+00
  0.000000E+00
  0.000000E+00
  0.000000E+00
  0.000000E+00
  0.000000E+00
  0.000000E+00
  0.000000E+00
  0.000000E+00
  0.000000E+00
  0.000000E+00
  0.000000E+00
  0.000000E+00
  0.000000E+00
  0.000000E+00
  0.000000E+00
  0.000000E+00
  0.000000E+00
  0.000000E+00
  0.000000E+00
  0.000000E+00
  0.000000E+00
  0.000000E+00
  0.000000E+00
  0.000000E+00
  0.000000E+00
  0.000000E+00
  0.000000E+00
  0.000000E+00
  0.000000E+00
  0.000000E+00
  0.000000E+00
  0.000000E+00
  0.000000E+00
  0.000000E+00
  0.000000E+00
  0.000000E+00
  0.000000E+00
  0.000000E+00
  0.000000E+00
  0.000000E+00
  0.000000E+00
  0.000000E+00
  0.000000E+00
  0.000000E+00
  0.000000E+00
  0.000000E+00
  0.000000E+00
  0.000000E+00
  0.000000E+00
  0.000000E+00
  0.000000E+00
  0.000000E+00
  0.000000E+00
  0.000000E+00
  0.000000E+00
  0.000000E+00
  0.000000E+00
  0.000000E+00
  0.000000E+00
  0.000000E+00
  0.000000E+00
  0.000000E+00
  0.000000E+00
  0.000000E+00
  0.000000E+00
  0.000000E+00
  0.000000E+00
  0.000000E+00
  0.000000E+00
  0.000000E+00
  0.000000E+00
  0.000000E+00
  0.000000E+00
  0.000000E+00
  0.000000E+00
  0.000000E+00
  0.000000E+00
  0.000000E+00
  0.000000E+00
  0.000000E+00
  0.000000E+00
  0.000000E+00
  0.000000E+00
  0.000000E+00
  0.000000E+00
  0.000000E+00
  0.000000E+00
  0.000000E+00
  0.000000E+00
  0.000000E+00
  0.000000E+00
  0.000000E+00
  0.000000E+00
  0.000000E+00
  0.000000E+00
  0.000000E+00
  0.000000E+00
  0.000000E+00
  0.000000E+00
  0.000000E+00
  0.000000E+00
  0.000000E+00
  0.000000E+00
  0.000000E+00
  0.000000E+00
  0.000000E+00
  0.000000E+00
  0.000000E+00
  0.000000E+00
  0.000000E+00
  0.000000E+00
  0.000000E+00
  0.000000E+00
  0.000000E+00
  0.000000E+00
  0.000000E+00
  0.000000E+00
  0.000000E+00
  0.000000E+00
  0.000000E+00
  0.000000E+00
  0.000000E+00
  0.000000E+00
  0.000000E+00
  0.000000E+00
  0.000000E+00
  0.000000E+00
  0.000000E+00
  0.000000E+00
  0.000000E+00
  0.000000E+00
  0.000000E+00
  0.000000E+00
  0.000000E+00
  0.000000E+00
  0.000000E+00
  0.000000E+00
  0.000000E+00
  0.000000E+00
  0.000000E+00
  0.000000E+00
  0.000000E+00
  0.000000E+00
  0.000000E+00
  0.000000E+00
  0.000000E+00
  0.000000E+00
  0.000000E+00
  0.000000E+00
  0.000000E+00
  0.000000E+00
  0.000000E+00
  0.000000E+00
  0.000000E+00
  0.000000E+00
  0.000000E+00
  0.000000E+00
  0.000000E+00
  0.000000E+00
  0.000000E+00
  0.000000E+00
  0.000000E+00
  0.000000E+00
  0.000000E+00
  0.000000E+00
  0.000000E+00
  0.000000E+00
  0.000000E+00
  0.000000E+00
  0.000000E+00
  0.000000E+00
  0.000000E+00
  0.000000E+00
  0.000000E+00
  0.000000E+00
  0.000000E+00
  0.000000E+00
  0.000000E+00
  0.000000E+00
  0.000000E+00
  0.000000E+00
  0.000000E+00
  0.000000E+00
  0.000000E+00
  0.000000E+00
  0.000000E+00
  0.000000E+00
  0.000000E+00
  0.000000E+00
  0.000000E+00
  0.000000E+00
  0.000000E+00
  0.000000E+00
  0.000000E+00
  0.000000E+00
  0.000000E+00
  0.000000E+00
  0.000000E+00
  0.000000E+00
  0.000000E+00
  0.000000E+00
  0.000000E+00
  0.000000E+00
  0.000000E+00
  0.000000E+00
  0.000000E+00
  0.000000E+00
  0.000000E+00
  0.000000E+00
  0.000000E+00
  0.000000E+00
  0.000000E+00
  0.000000E+00
  0.000000E+00
  0.000000E+00
  0.000000E+00
  0.000000E+00
  0.000000E+00
  0.000000E+00
  0.000000E+00
  0.000000E+00
  0.000000E+00
  0.000000E+00
  0.000000E+00
  0.000000E+00
  0.000000E+00
  0.000000E+00
  0.000000E+00
  0.000000E+00
  0.000000E+00
  0.000000E+00
  0.000000E+00
  0.000000E+00
  0.000000E+00
  0.000000E+00
  0.000000E+00
  0.000000E+00
  0.000000E+00
  0.000000E+00
  0.000000E+00
  0.000000E+00
  0.000000E+00
  0.000000E+00
  0.000000E+00
  0.000000E+00
  0.000000E+00
  0.000000E+00
  0.000000E+00
  0.000000E+00
  0.000000E+00
  0.000000E+00
  0.000000E+00
  0.000000E+00
  0.000000E+00
  0.000000E+00
  0.000000E+00
  0.000000E+00
  0.000000E+00
  0.000000E+00
  0.000000E+00
  0.000000E+00
  0.000000E+00
  0.000000E+00
  0.000000E+00
  0.000000E+00
  0.000000E+00
  0.000000E+00
  0.000000E+00
  0.000000E+00
  0.000000E+00
  0.000000E+00
  0.000000E+00
  0.000000E+00
  0.000000E+00
  0.000000E+00
  0.000000E+00
  0.000000E+00
  0.000000E+00
  0.000000E+00
  0.000000E+00
  0.000000E+00
  0.000000E+00
  0.000000E+00
  0.000000E+00
  0.000000E+00
  0.000000E+00
  0.000000E+00
  0.000000E+00
  0.000000E+00
  0.000000E+00
  0.000000E+00
  0.000000E+00
  0.000000E+00
  0.000000E+00
  0.000000E+00
  0.000000E+00
  0.000000E+00
  0.000000E+00
  0.000000E+00
  0.000000E+00
  0.000000E+00
  0.000000E+00
  0.000000E+00
  0.000000E+00
  0.000000E+00
  0.000000E+00
  0.000000E+00
  0.000000E+00
  0.000000E+00
  0.000000E+00
  0.000000E+00
  0.000000E+00
  0.000000E+00
  0.000000E+00
  0.000000E+00
  0.000000E+00
  0.000000E+00
  0.000000E+00
  0.000000E+00
  0.000000E+00
  0.000000E+00
  0.000000E+00
  0.000000E+00
  0.000000E+00
  0.000000E+00
  0.000000E+00
  0.000000E+00
  0.000000E+00
  0.000000E+00
  0.000000E+00
  0.000000E+00
  0.000000E+00
  0.000000E+00
  0.000000E+00
  0.000000E+00
  0.000000E+00
  0.000000E+00
  0.000000E+00
  0.000000E+00
  0.000000E+00
  0.000000E+00
  0.000000E+00
  0.000000E+00
  0.000000E+00
  0.000000E+00
  0.000000E+00
  0.000000E+00
  0.000000E+00
  0.000000E+00
  0.000000E+00
  0.000000E+00
  0.000000E+00
  0.000000E+00
  0.000000E+00
  0.000000E+00
  0.000000E+00
  0.000000E+00
  0.000000E+00
  0.000000E+00
  0.000000E+00
  0.000000E+00
  0.000000E+00
  0.000000E+00
  0.000000E+00
  0.000000E+00
  0.000000E+00
  0.000000E+00
  0.000000E+00
  0.000000E+00
  0.000000E+00
  0.000000E+00
  0.000000E+00
  0.000000E+00
  0.000000E+00
  0.000000E+00
  0.000000E+00
  0.000000E+00
  0.000000E+00
  0.000000E+00
  0.000000E+00
  0.000000E+00
  0.000000E+00
  0.000000E+00
  0.000000E+00
  0.000000E+00
  0.000000E+00
  0.000000E+00
  0.000000E+00
  0.000000E+00
  0.000000E+00
  0.000000E+00
  0.000000E+00
  0.000000E+00
  0.000000E+00
  0.000000E+00
  0.000000E+00
  0.000000E+00
  0.000000E+00
  0.000000E+00
  0.000000E+00
  0.000000E+00
  0.000000E+00
  0.000000E+00
  0.000000E+00
  0.000000E+00
  0.000000E+00
  0.000000E+00
  0.000000E+00
  0.000000E+00
  0.000000E+00
  0.000000E+00
  0.000000E+00
  0.000000E+00
  0.000000E+00
  0.000000E+00
  0.000000E+00
  0.000000E+00
  0.000000E+00
  0.000000E+00
  0.000000E+00
  0.000000E+00
  0.000000E+00
  0.000000E+00
  0.000000E+00
  0.000000E+00
  0.000000E+00
  0.000000E+00
  0.000000E+00
  0.000000E+00
  0.000000E+00
  0.000000E+00
  0.000000E+00
  0.000000E+00
  0.000000E+00
  0.000000E+00
  0.000000E+00
  0.000000E+00
  0.000000E+00
  0.000000E+00
  0.000000E+00
  0.000000E+00
  0.000000E+00
  0.000000E+00
  0.000000E+00
  0.000000E+00
  0.000000E+00
  0.000000E+00
  0.000000E+00
  0.000000E+00
  0.000000E+00
  0.000000E+00
  0.000000E+00
  0.000000E+00
  0.000000E+00
  0.000000E+00
  0.000000E+00
  0.000000E+00
  0.000000E+00
  0.000000E+00
  0.000000E+00
  0.000000E+00
  0.000000E+00
  0.000000E+00
  0.000000E+00
  0.000000E+00
  0.000000E+00
  0.000000E+00
  0.000000E+00
  0.000000E+00
  0.000000E+00
  0.000000E+00
  0.000000E+00
  0.000000E+00
  0.000000E+00
  0.000000E+00
  0.000000E+00
  0.000000E+00
  0.000000E+00
  0.000000E+00
  0.000000E+00
  0.000000E+00
  0.000000E+00
  0.000000E+00
  0.000000E+00
  0.000000E+00
  0.000000E+00
  0.000000E+00
  0.000000E+00
  0.000000E+00
  0.000000E+00
  0.000000E+00
  0.000000E+00
  0.000000E+00
  0.000000E+00
  0.000000E+00
  0.000000E+00
  0.000000E+00
  0.000000E+00
  0.000000E+00
  0.000000E+00
  0.000000E+00
  0.000000E+00
  0.000000E+00
  0.000000E+00
  0.000000E+00
  0.000000E+00
  0.000000E+00
  0.000000E+00
  0.000000E+00
  0.000000E+00
  0.000000E+00
  0.000000E+00
  0.000000E+00
  0.000000E+00
  0.000000E+00
  0.000000E+00
  0.000000E+00
  0.000000E+00
  0.000000E+00
  0.000000E+00
  0.000000E+00
  0.000000E+00
  0.000000E+00
  0.000000E+00
  0.000000E+00
  0.000000E+00
  0.000000E+00
  0.000000E+00
  0.000000E+00
  0.000000E+00
  0.000000E+00
  0.000000E+00
  0.000000E+00
  0.000000E+00
  0.000000E+00
  0.000000E+00
  0.000000E+00
  0.000000E+00
  0.000000E+00
  0.000000E+00
  0.000000E+00
  0.000000E+00
  0.000000E+00
  0.000000E+00
  0.000000E+00
  0.000000E+00
  0.000000E+00
  0.000000E+00
  0.000000E+00
  0.000000E+00
  0.000000E+00
  0.000000E+00
  0.000000E+00
  0.000000E+00
  0.000000E+00
  0.000000E+00
  0.000000E+00
  0.000000E+00
  0.000000E+00
  0.000000E+00
  0.000000E+00
  0.000000E+00
  0.000000E+00
  0.000000E+00
  0.000000E+00
  0.000000E+00
  0.000000E+00
  0.000000E+00
  0.000000E+00
  0.000000E+00
  0.000000E+00
  0.000000E+00
  0.000000E+00
  0.000000E+00
  0.000000E+00
  0.000000E+00
  0.000000E+00
  0.000000E+00
  0.000000E+00
  0.000000E+00
  0.000000E+00
  0.000000E+00
  0.000000E+00
  0.000000E+00
  0.000000E+00
  0.000000E+00
  0.000000E+00
  0.000000E+00
  0.000000E+00
  0.000000E+00
  0.000000E+00
  0.000000E+00
  0.000000E+00
  0.000000E+00
  0.000000E+00
  0.000000E+00
  0.000000E+00
  0.000000E+00
  0.000000E+00
  0.000000E+00
  0.000000E+00
  0.000000E+00
  0.000000E+00
  0.000000E+00
  0.000000E+00
  0.000000E+00
  0.000000E+00
  0.000000E+00
  0.000000E+00
  0.000000E+00
  0.000000E+00
  0.000000E+00
  0.000000E+00
  0.000000E+00
  0.000000E+00
  0.000000E+00
  0.000000E+00
  0.000000E+00
  0.000000E+00
  0.000000E+00
  0.000000E+00
  0.000000E+00
  0.000000E+00
  0.000000E+00
  0.000000E+00
  0.000000E+00
  0.000000E+00
  0.000000E+00
  0.000000E+00
  0.000000E+00
  0.000000E+00
  0.000000E+00
  0.000000E+00
  0.000000E+00
  0.000000E+00
  0.000000E+00
  0.000000E+00
  0.000000E+00
  0.000000E+00
  0.000000E+00
  0.000000E+00
  0.000000E+00
  0.000000E+00
  0.000000E+00
  0.000000E+00
  0.000000E+00
  0.000000E+00
  0.000000E+00
  0.000000E+00
  0.000000E+00
  0.000000E+00
  0.000000E+00
  0.000000E+00
  0.000000E+00
  0.000000E+00
  0.000000E+00
  0.000000E+00
  0.000000E+00
  0.000000E+00
  0.000000E+00
  0.000000E+00
  0.000000E+00
  0.000000E+00
  0.000000E+00
  0.000000E+00
  0.000000E+00
  0.000000E+00
  0.000000E+00
  0.000000E+00
  0.000000E+00
  0.000000E+00
  0.000000E+00
  0.000000E+00
  0.000000E+00
  0.000000E+00
  0.000000E+00
  0.000000E+00
  0.000000E+00
  0.000000E+00
  0.000000E+00
  0.000000E+00
  0.000000E+00
  0.000000E+00
  0.000000E+00
  0.000000E+00
  0.000000E+00
  0.000000E+00
  0.000000E+00
  0.000000E+00
  0.000000E+00
  0.000000E+00
  0.000000E+00
  0.000000E+00
  0.000000E+00
  0.000000E+00
  0.000000E+00
  0.000000E+00
  0.000000E+00
  0.000000E+00
  0.000000E+00
  0.000000E+00
  0.000000E+00
  0.000000E+00
  0.000000E+00
  0.000000E+00
  0.000000E+00
  0.000000E+00
  0.000000E+00
  0.000000E+00
  0.000000E+00
  0.000000E+00
  0.000000E+00
  0.000000E+00
  0.000000E+00
  0.000000E+00
  0.000000E+00
  0.000000E+00
  0.000000E+00
  0.000000E+00
  0.000000E+00
  0.000000E+00
  0.000000E+00
  0.000000E+00
  0.000000E+00
  0.000000E+00
  0.000000E+00
  0.000000E+00
  0.000000E+00
  0.000000E+00
  0.000000E+00
  0.000000E+00
  0.000000E+00
  0.000000E+00
  0.000000E+00
  0.000000E+00
  0.000000E+00
  0.000000E+00
  0.000000E+00
  0.000000E+00
  0.000000E+00
  0.000000E+00
  0.000000E+00
  0.000000E+00
  0.000000E+00
  0.000000E+00
  0.000000E+00
  0.000000E+00
  0.000000E+00
  0.000000E+00
  0.000000E+00
  0.000000E+00
  0.000000E+00
  0.000000E+00
  0.000000E+00
  0.000000E+00
  0.000000E+00
  0.000000E+00
  0.000000E+00
  0.000000E+00
  0.000000E+00
  0.000000E+00
  0.000000E+00
  0.000000E+00
  0.000000E+00
  0.000000E+00
  0.000000E+00
  0.000000E+00
  0.000000E+00
  0.000000E+00
  0.000000E+00
  0.000000E+00
  0.000000E+00
  0.000000E+00
  0.000000E+00
  0.000000E+00
  0.000000E+00
  0.000000E+00
  0.000000E+00
  0.000000E+00
  0.000000E+00
  0.000000E+00
  0.000000E+00
  0.000000E+00
  0.000000E+00
  0.000000E+00
  0.000000E+00
  0.000000E+00
  0.000000E+00
  0.000000E+00
  0.000000E+00
  0.000000E+00
  0.000000E+00
  0.000000E+00
  0.000000E+00
  0.000000E+00
  0.000000E+00
  0.000000E+00
  0.000000E+00
  0.000000E+00
  0.000000E+00
  0.000000E+00
  0.000000E+00
  0.000000E+00
  0.000000E+00
  0.000000E+00
  0.000000E+00
  0.000000E+00
  0.000000E+00
  0.000000E+00
  0.000000E+00
  0.000000E+00
  0.000000E+00
  0.000000E+00
  0.000000E+00
  0.000000E+00
  0.000000E+00
  0.000000E+00
  0.000000E+00
  0.000000E+00
  0.000000E+00
  0.000000E+00
  0.000000E+00
  0.000000E+00
  0.000000E+00
  0.000000E+00
  0.000000E+00
  0.000000E+00
  0.000000E+00
  0.000000E+00
  0.000000E+00
  0.000000E+00
  0.000000E+00
  0.000000E+00
  0.000000E+00
  0.000000E+00
  0.000000E+00
  0.000000E+00
  0.000000E+00
  0.000000E+00
  0.000000E+00
  0.000000E+00
  0.000000E+00
  0.000000E+00
  0.000000E+00
  0.000000E+00
  0.000000E+00
  0.000000E+00
  0.000000E+00
  0.000000E+00
  0.000000E+00
  0.000000E+00
  0.000000E+00
  0.000000E+00
  0.000000E+00
  0.000000E+00
  0.000000E+00
  0.000000E+00
  0.000000E+00
  0.000000E+00
  0.000000E+00
  0.000000E+00
  0.000000E+00
  0.000000E+00
  0.000000E+00
  0.000000E+00
  0.000000E+00
  0.000000E+00
  0.000000E+00
  0.000000E+00
  0.000000E+00
  0.000000E+00
  0.000000E+00
  0.000000E+00
  0.000000E+00
  0.000000E+00
  0.000000E+00
  0.000000E+00
  0.000000E+00
  0.000000E+00
  0.000000E+00
  0.000000E+00
  0.000000E+00
  0.000000E+00
  0.000000E+00
  0.000000E+00
  0.000000E+00
  0.000000E+00
  0.000000E+00
  0.000000E+00
  0.000000E+00
  0.000000E+00
  0.000000E+00
  0.000000E+00
  0.000000E+00
  0.000000E+00
  0.000000E+00
  0.000000E+00
  0.000000E+00
  0.000000E+00
  0.000000E+00
  0.000000E+00
  0.000000E+00
  0.000000E+00
  0.000000E+00
  0.000000E+00
  0.000000E+00
  0.000000E+00
  0.000000E+00
  0.000000E+00
  0.000000E+00
  0.000000E+00
  0.000000E+00
  0.000000E+00
  0.000000E+00
  0.000000E+00
  0.000000E+00
  0.000000E+00
  0.000000E+00
  0.000000E+00
  0.000000E+00
  0.000000E+00
  0.000000E+00
  0.000000E+00
  0.000000E+00
  0.000000E+00
  0.000000E+00
  0.000000E+00
  0.000000E+00
  0.000000E+00
  0.000000E+00
  0.000000E+00
  0.000000E+00
  0.000000E+00
  0.000000E+00
  0.000000E+00
  0.000000E+00
  0.000000E+00
  0.000000E+00
  0.000000E+00
  0.000000E+00
  0.000000E+00
  0.000000E+00
  0.000000E+00
  0.000000E+00
  0.000000E+00
  0.000000E+00
  0.000000E+00
  0.000000E+00
  0.000000E+00
  0.000000E+00
  0.000000E+00
  0.000000E+00
  0.000000E+00
  0.000000E+00
  0.000000E+00
  0.000000E+00
  0.000000E+00
  0.000000E+00
  0.000000E+00
  0.000000E+00
  0.000000E+00
  0.000000E+00
  0.000000E+00
  0.000000E+00
  0.000000E+00
  0.000000E+00
  0.000000E+00
  0.000000E+00
  0.000000E+00
  0.000000E+00
  0.000000E+00
  0.000000E+00
  0.000000E+00
  0.000000E+00
  0.000000E+00
  0.000000E+00
  0.000000E+00
  0.000000E+00
  0.000000E+00
  0.000000E+00
  0.000000E+00
  0.000000E+00
  0.000000E+00
  0.000000E+00
  0.000000E+00
  0.000000E+00
  0.000000E+00
  0.000000E+00
  0.000000E+00
  0.000000E+00
  0.000000E+00
  0.000000E+00
  0.000000E+00
  0.000000E+00
  0.000000E+00
  0.000000E+00
  0.000000E+00
  0.000000E+00
  0.000000E+00
  0.000000E+00
  0.000000E+00
  0.000000E+00
  0.000000E+00
  0.000000E+00
  0.000000E+00
  0.000000E+00
  0.000000E+00
  0.000000E+00
  0.000000E+00
  0.000000E+00
  0.000000E+00
  0.000000E+00
