    10.00   0.0500    15001    64.87  -147.86     117.82      2357      0.086856      0.26364E+02
  0.103483E-03
  0.206836E-03
  0.207546E-03
  0.208866E-03
  0.210607E-03
  0.212800E-03
  0.215450E-03
  0.218511E-03
  0.221898E-03
  0.225696E-03
  0.229838E-03
  0.234283E-03
  0.239026E-03
  0.244009E-03
  0.249128E-03
  0.254375E-03
  0.259668E-03
  0.265175E-03
  0.270936E-03
  0.276862E-03
  0.282653E-03
  0.287990E-03
  0.292700E-03
  0.296998E-03
  0.301624E-03
  0.307292E-03
  0.313904E-03
  0.320497E-03
  0.326323E-03
  0.331127E-03
  0.336120E-03
  0.343312E-03
  0.352829E-03
  0.363615E-03
  0.373739E-03
  0.382598E-03
  0.391476E-03
  0.404361E-03
  0.422097E-03
  0.444299E-03
  0.468657E-03
  0.492803E-03
  0.513767E-03
  0.531363E-03
  0.548364E-03
  0.567310E-03
  0.587424E-03
  0.612170E-03
  0.643246E-03
  0.681010E-03
  0.718001E-03
  0.749162E-03
  0.769225E-03
  0.779119E-03
  0.777647E-03
  0.772660E-03
  0.772305E-03
  0.787915E-03
  0.817638E-03
  0.857463E-03
  0.895315E-03
  0.923997E-03
  0.941298E-03
  0.966219E-03
  0.101748E-02
  0.108091E-02
  0.113620E-02
  0.116927E-02
  0.118513E-02
  0.120377E-02
  0.125397E-02
  0.133302E-02
  0.141635E-02
  0.147115E-02
  0.147143E-02
  0.143008E-02
  0.137065E-02
  0.131442E-02
  0.126825E-02
  0.124012E-02
  0.121861E-02
  0.117157E-02
  0.108268E-02
  0.960832E-03
  0.829048E-03
  0.719998E-03
  0.634319E-03
  0.568184E-03
  0.519767E-03
  0.493776E-03
  0.478260E-03
  0.453809E-03
  0.420221E-03
  0.401017E-03
  0.421285E-03
  0.489019E-03
  0.567085E-03
  0.628889E-03
  0.657064E-03
  0.662695E-03
  0.669203E-03
  0.709812E-03
  0.810221E-03
  0.952074E-03
  0.110929E-02
  0.125953E-02
  0.137748E-02
  0.146122E-02
  0.152138E-02
  0.156360E-02
  0.156515E-02
  0.158503E-02
  0.163563E-02
  0.171269E-02
  0.180794E-02
  0.192000E-02
  0.203230E-02
  0.211609E-02
  0.215855E-02
  0.219870E-02
  0.226393E-02
  0.238447E-02
  0.253841E-02
  0.270454E-02
  0.281074E-02
  0.283171E-02
  0.281393E-02
  0.281275E-02
  0.282101E-02
  0.285436E-02
  0.286747E-02
  0.285493E-02
  0.281639E-02
  0.271983E-02
  0.256945E-02
  0.241741E-02
  0.227952E-02
  0.220956E-02
  0.220180E-02
  0.220027E-02
  0.216142E-02
  0.203434E-02
  0.180267E-02
  0.154157E-02
  0.133195E-02
  0.118329E-02
  0.104648E-02
  0.920995E-03
  0.778143E-03
  0.542917E-03
  0.259386E-03
  0.789153E-05
 -0.191194E-03
 -0.364510E-03
 -0.620377E-03
 -0.971862E-03
 -0.136410E-02
 -0.176434E-02
 -0.218995E-02
 -0.260464E-02
 -0.298679E-02
 -0.328953E-02
 -0.354300E-02
 -0.380035E-02
 -0.405497E-02
 -0.430867E-02
 -0.463558E-02
 -0.502584E-02
 -0.537642E-02
 -0.564401E-02
 -0.586743E-02
 -0.607902E-02
 -0.628774E-02
 -0.646552E-02
 -0.659149E-02
 -0.668678E-02
 -0.674744E-02
 -0.670047E-02
 -0.658344E-02
 -0.645726E-02
 -0.633583E-02
 -0.613247E-02
 -0.576225E-02
 -0.524395E-02
 -0.468548E-02
 -0.417030E-02
 -0.377539E-02
 -0.346426E-02
 -0.318823E-02
 -0.288284E-02
 -0.248935E-02
 -0.195983E-02
 -0.131494E-02
 -0.572588E-03
  0.135367E-03
  0.795311E-03
  0.144828E-02
  0.217627E-02
  0.291057E-02
  0.362029E-02
  0.440480E-02
  0.532045E-02
  0.633279E-02
  0.742051E-02
  0.866850E-02
  0.100800E-01
  0.114919E-01
  0.128338E-01
  0.140196E-01
  0.150908E-01
  0.160109E-01
  0.166478E-01
  0.169625E-01
  0.170517E-01
  0.170195E-01
  0.169072E-01
  0.167418E-01
  0.165567E-01
  0.163118E-01
  0.160016E-01
  0.156293E-01
  0.152680E-01
  0.150933E-01
  0.152546E-01
  0.156507E-01
  0.161694E-01
  0.167387E-01
  0.174317E-01
  0.184326E-01
  0.198932E-01
  0.218651E-01
  0.243178E-01
  0.272364E-01
  0.305646E-01
  0.342389E-01
  0.381785E-01
  0.422908E-01
  0.464571E-01
  0.504095E-01
  0.538926E-01
  0.567072E-01
  0.587715E-01
  0.600658E-01
  0.605627E-01
  0.601371E-01
  0.586658E-01
  0.560284E-01
  0.522367E-01
  0.475495E-01
  0.423791E-01
  0.372677E-01
  0.327810E-01
  0.293556E-01
  0.271625E-01
  0.260061E-01
  0.254206E-01
  0.248233E-01
  0.238503E-01
  0.224013E-01
  0.205900E-01
  0.186131E-01
  0.166947E-01
  0.150983E-01
  0.140761E-01
  0.136940E-01
  0.137941E-01
  0.141781E-01
  0.146853E-01
  0.152232E-01
  0.156414E-01
  0.159241E-01
  0.160585E-01
  0.159964E-01
  0.158205E-01
  0.157464E-01
  0.159807E-01
  0.167485E-01
  0.182351E-01
  0.204554E-01
  0.231700E-01
  0.259339E-01
  0.282772E-01
  0.299071E-01
  0.307340E-01
  0.311181E-01
  0.315562E-01
  0.324952E-01
  0.342010E-01
  0.366949E-01
  0.398776E-01
  0.435821E-01
  0.475231E-01
  0.514711E-01
  0.553134E-01
  0.591991E-01
  0.631737E-01
  0.672778E-01
  0.713792E-01
  0.752398E-01
  0.784183E-01
  0.805800E-01
  0.815211E-01
  0.813436E-01
  0.802837E-01
  0.787014E-01
  0.769502E-01
  0.755944E-01
  0.752384E-01
  0.764518E-01
  0.794739E-01
  0.843357E-01
  0.905465E-01
  0.972944E-01
  0.103530E+00
  0.108443E+00
  0.111442E+00
  0.112450E+00
  0.111936E+00
  0.110716E+00
  0.109510E+00
  0.108896E+00
  0.108883E+00
  0.109135E+00
  0.109157E+00
  0.108667E+00
  0.107617E+00
  0.106611E+00
  0.106486E+00
  0.108106E+00
  0.111941E+00
  0.118287E+00
  0.126822E+00
  0.136870E+00
  0.147335E+00
  0.157290E+00
  0.165896E+00
  0.172977E+00
  0.178662E+00
  0.183578E+00
  0.188250E+00
  0.193121E+00
  0.198408E+00
  0.204472E+00
  0.211292E+00
  0.218540E+00
  0.225643E+00
  0.232451E+00
  0.238669E+00
  0.244066E+00
  0.248383E+00
  0.252028E+00
  0.255334E+00
  0.258472E+00
  0.261008E+00
  0.262817E+00
  0.263640E+00
  0.263411E+00
  0.262058E+00
  0.260142E+00
  0.258043E+00
  0.256152E+00
  0.254501E+00
  0.253376E+00
  0.252228E+00
  0.250452E+00
  0.247234E+00
  0.242343E+00
  0.235342E+00
  0.226147E+00
  0.214763E+00
  0.201925E+00
  0.188266E+00
  0.174624E+00
  0.161199E+00
  0.148473E+00
  0.136342E+00
  0.124676E+00
  0.113053E+00
  0.101978E+00
  0.915326E-01
  0.819138E-01
  0.728621E-01
  0.644459E-01
  0.560973E-01
  0.472496E-01
  0.370428E-01
  0.254750E-01
  0.123829E-01
 -0.178433E-02
 -0.165724E-01
 -0.310570E-01
 -0.452348E-01
 -0.595583E-01
 -0.749096E-01
 -0.916049E-01
 -0.110539E+00
 -0.132338E+00
 -0.157150E+00
 -0.183746E+00
 -0.210783E+00
 -0.236800E+00
 -0.261006E+00
 -0.282456E+00
 -0.301065E+00
 -0.316887E+00
 -0.330305E+00
 -0.340931E+00
 -0.348491E+00
 -0.352480E+00
 -0.352840E+00
 -0.349308E+00
 -0.342401E+00
 -0.332919E+00
 -0.321915E+00
 -0.309830E+00
 -0.297275E+00
 -0.284813E+00
 -0.273259E+00
 -0.263134E+00
 -0.255306E+00
 -0.250598E+00
 -0.249640E+00
 -0.252032E+00
 -0.257000E+00
 -0.263538E+00
 -0.270825E+00
 -0.277801E+00
 -0.283775E+00
 -0.288533E+00
 -0.292727E+00
 -0.296897E+00
 -0.301272E+00
 -0.305648E+00
 -0.309961E+00
 -0.314100E+00
 -0.318358E+00
 -0.323508E+00
 -0.330686E+00
 -0.340487E+00
 -0.352745E+00
 -0.366333E+00
 -0.379481E+00
 -0.390263E+00
 -0.397210E+00
 -0.399556E+00
 -0.397426E+00
 -0.391749E+00
 -0.383791E+00
 -0.374597E+00
 -0.364950E+00
 -0.355628E+00
 -0.347492E+00
 -0.341700E+00
 -0.339465E+00
 -0.342131E+00
 -0.350559E+00
 -0.364387E+00
 -0.381574E+00
 -0.399491E+00
 -0.415429E+00
 -0.427562E+00
 -0.434946E+00
 -0.437927E+00
 -0.437409E+00
 -0.434644E+00
 -0.430480E+00
 -0.425338E+00
 -0.418664E+00
 -0.409698E+00
 -0.397642E+00
 -0.383038E+00
 -0.367720E+00
 -0.355058E+00
 -0.348467E+00
 -0.350617E+00
 -0.361325E+00
 -0.377887E+00
 -0.395779E+00
 -0.410703E+00
 -0.418964E+00
 -0.419039E+00
 -0.411161E+00
 -0.397492E+00
 -0.380437E+00
 -0.362794E+00
 -0.346633E+00
 -0.333848E+00
 -0.325243E+00
 -0.321587E+00
 -0.323428E+00
 -0.331609E+00
 -0.345176E+00
 -0.361948E+00
 -0.378338E+00
 -0.391561E+00
 -0.399269E+00
 -0.400979E+00
 -0.397457E+00
 -0.391350E+00
 -0.384809E+00
 -0.379230E+00
 -0.374284E+00
 -0.369646E+00
 -0.363546E+00
 -0.353900E+00
 -0.338525E+00
 -0.317268E+00
 -0.290294E+00
 -0.258850E+00
 -0.224368E+00
 -0.189442E+00
 -0.155584E+00
 -0.124210E+00
 -0.960736E-01
 -0.725552E-01
 -0.532156E-01
 -0.368174E-01
 -0.212468E-01
 -0.599394E-02
  0.931605E-02
  0.245566E-01
  0.398277E-01
  0.537965E-01
  0.656888E-01
  0.739671E-01
  0.771383E-01
  0.729176E-01
  0.607849E-01
  0.412857E-01
  0.168407E-01
 -0.102732E-01
 -0.372052E-01
 -0.622749E-01
 -0.841846E-01
 -0.103312E+00
 -0.119739E+00
 -0.134067E+00
 -0.146557E+00
 -0.158838E+00
 -0.171655E+00
 -0.185426E+00
 -0.199222E+00
 -0.212541E+00
 -0.223413E+00
 -0.230224E+00
 -0.231380E+00
 -0.226641E+00
 -0.214954E+00
 -0.195843E+00
 -0.169441E+00
 -0.138012E+00
 -0.103843E+00
 -0.703946E-01
 -0.413493E-01
 -0.215844E-01
 -0.133558E-01
 -0.170734E-01
 -0.309126E-01
 -0.526652E-01
 -0.785826E-01
 -0.105450E+00
 -0.130505E+00
 -0.153761E+00
 -0.176175E+00
 -0.199480E+00
 -0.224084E+00
 -0.251057E+00
 -0.280343E+00
 -0.311582E+00
 -0.342817E+00
 -0.372393E+00
 -0.397582E+00
 -0.416608E+00
 -0.428240E+00
 -0.433922E+00
 -0.435221E+00
 -0.434304E+00
 -0.432641E+00
 -0.432776E+00
 -0.434975E+00
 -0.437926E+00
 -0.438512E+00
 -0.435211E+00
 -0.426363E+00
 -0.411616E+00
 -0.390565E+00
 -0.365168E+00
 -0.336858E+00
 -0.307525E+00
 -0.277510E+00
 -0.247775E+00
 -0.217851E+00
 -0.187845E+00
 -0.157729E+00
 -0.129651E+00
 -0.105096E+00
 -0.859529E-01
 -0.724199E-01
 -0.641851E-01
 -0.578980E-01
 -0.498960E-01
 -0.369020E-01
 -0.191839E-01
  0.270843E-02
  0.274606E-01
  0.539886E-01
  0.789133E-01
  0.997514E-01
  0.114300E+00
  0.122104E+00
  0.122175E+00
  0.115688E+00
  0.104242E+00
  0.904221E-01
  0.752619E-01
  0.605605E-01
  0.473980E-01
  0.375058E-01
  0.313495E-01
  0.317522E-01
  0.413515E-01
  0.623367E-01
  0.932658E-01
  0.131465E+00
  0.171824E+00
  0.208815E+00
  0.236509E+00
  0.253419E+00
  0.261375E+00
  0.265099E+00
  0.268395E+00
  0.275532E+00
  0.288737E+00
  0.309336E+00
  0.336214E+00
  0.368491E+00
  0.404065E+00
  0.441270E+00
  0.477307E+00
  0.510695E+00
  0.539840E+00
  0.563621E+00
  0.579243E+00
  0.586188E+00
  0.586348E+00
  0.584030E+00
  0.582485E+00
  0.584975E+00
  0.592708E+00
  0.605151E+00
  0.618051E+00
  0.627283E+00
  0.629668E+00
  0.624978E+00
  0.614015E+00
  0.599445E+00
  0.584142E+00
  0.571258E+00
  0.562406E+00
  0.558908E+00
  0.560886E+00
  0.568710E+00
  0.583043E+00
  0.605685E+00
  0.637470E+00
  0.677883E+00
  0.723974E+00
  0.772002E+00
  0.817341E+00
  0.856023E+00
  0.885100E+00
  0.904359E+00
  0.914850E+00
  0.918687E+00
  0.918371E+00
  0.917070E+00
  0.917235E+00
  0.920373E+00
  0.926809E+00
  0.936667E+00
  0.949447E+00
  0.964071E+00
  0.978505E+00
  0.990507E+00
  0.998241E+00
  0.100000E+01
  0.993486E+00
  0.976431E+00
  0.947811E+00
  0.908096E+00
  0.858920E+00
  0.802547E+00
  0.742139E+00
  0.681627E+00
  0.625776E+00
  0.578594E+00
  0.542065E+00
  0.515896E+00
  0.498749E+00
  0.487832E+00
  0.479165E+00
  0.468174E+00
  0.451843E+00
  0.428562E+00
  0.398822E+00
  0.363991E+00
  0.326147E+00
  0.287119E+00
  0.248939E+00
  0.213591E+00
  0.183786E+00
  0.161954E+00
  0.149852E+00
  0.146982E+00
  0.151288E+00
  0.158673E+00
  0.164749E+00
  0.165809E+00
  0.160889E+00
  0.150577E+00
  0.136915E+00
  0.121922E+00
  0.107668E+00
  0.944713E-01
  0.817097E-01
  0.676488E-01
  0.508634E-01
  0.300715E-01
  0.606150E-02
 -0.188876E-01
 -0.410908E-01
 -0.583447E-01
 -0.701338E-01
 -0.779346E-01
 -0.837343E-01
 -0.909756E-01
 -0.103251E+00
 -0.123160E+00
 -0.150169E+00
 -0.181666E+00
 -0.213546E+00
 -0.242675E+00
 -0.266484E+00
 -0.283774E+00
 -0.294207E+00
 -0.299058E+00
 -0.299581E+00
 -0.297741E+00
 -0.294954E+00
 -0.292272E+00
 -0.289674E+00
 -0.287186E+00
 -0.284494E+00
 -0.281824E+00
 -0.279456E+00
 -0.278748E+00
 -0.280723E+00
 -0.285428E+00
 -0.291700E+00
 -0.299017E+00
 -0.307691E+00
 -0.319113E+00
 -0.334270E+00
 -0.353640E+00
 -0.376278E+00
 -0.400267E+00
 -0.422317E+00
 -0.439264E+00
 -0.448778E+00
 -0.449625E+00
 -0.440881E+00
 -0.423212E+00
 -0.399149E+00
 -0.372264E+00
 -0.345126E+00
 -0.319083E+00
 -0.293621E+00
 -0.266471E+00
 -0.235041E+00
 -0.198481E+00
 -0.157350E+00
 -0.113293E+00
 -0.684220E-01
 -0.243110E-01
  0.186664E-01
  0.604572E-01
  0.100832E+00
  0.139366E+00
  0.176193E+00
  0.212129E+00
  0.247816E+00
  0.282437E+00
  0.314498E+00
  0.342667E+00
  0.366108E+00
  0.384301E+00
  0.397890E+00
  0.408280E+00
  0.416975E+00
  0.424547E+00
  0.430694E+00
  0.434377E+00
  0.434619E+00
  0.430453E+00
  0.422087E+00
  0.410948E+00
  0.399460E+00
  0.389059E+00
  0.379981E+00
  0.371365E+00
  0.362369E+00
  0.351794E+00
  0.338879E+00
  0.323207E+00
  0.305533E+00
  0.286881E+00
  0.268357E+00
  0.250467E+00
  0.233439E+00
  0.216280E+00
  0.197304E+00
  0.174162E+00
  0.145887E+00
  0.112728E+00
  0.761692E-01
  0.375064E-01
 -0.151390E-02
 -0.395054E-01
 -0.746412E-01
 -0.105159E+00
 -0.128422E+00
 -0.142368E+00
 -0.145908E+00
 -0.140038E+00
 -0.126890E+00
 -0.110228E+00
 -0.943933E-01
 -0.834783E-01
 -0.793177E-01
 -0.824278E-01
 -0.922968E-01
 -0.108641E+00
 -0.130377E+00
 -0.156532E+00
 -0.185622E+00
 -0.216649E+00
 -0.247998E+00
 -0.278114E+00
 -0.305316E+00
 -0.329014E+00
 -0.349917E+00
 -0.370296E+00
 -0.392124E+00
 -0.416669E+00
 -0.443716E+00
 -0.472409E+00
 -0.500935E+00
 -0.527095E+00
 -0.548786E+00
 -0.565179E+00
 -0.575829E+00
 -0.579681E+00
 -0.574182E+00
 -0.556600E+00
 -0.525612E+00
 -0.482579E+00
 -0.431563E+00
 -0.379298E+00
 -0.333439E+00
 -0.300222E+00
 -0.283057E+00
 -0.282837E+00
 -0.298172E+00
 -0.325432E+00
 -0.359469E+00
 -0.394434E+00
 -0.424063E+00
 -0.443045E+00
 -0.449011E+00
 -0.442464E+00
 -0.425629E+00
 -0.401492E+00
 -0.373632E+00
 -0.345837E+00
 -0.322372E+00
 -0.307729E+00
 -0.305630E+00
 -0.317898E+00
 -0.344460E+00
 -0.382360E+00
 -0.425599E+00
 -0.466075E+00
 -0.495903E+00
 -0.508679E+00
 -0.501197E+00
 -0.473906E+00
 -0.430926E+00
 -0.378447E+00
 -0.323548E+00
 -0.271588E+00
 -0.225874E+00
 -0.187685E+00
 -0.157252E+00
 -0.133490E+00
 -0.115139E+00
 -0.100811E+00
 -0.889226E-01
 -0.759773E-01
 -0.571145E-01
 -0.266882E-01
  0.192519E-01
  0.819372E-01
  0.158408E+00
  0.241720E+00
  0.321498E+00
  0.387520E+00
  0.433292E+00
  0.458350E+00
  0.466249E+00
  0.462399E+00
  0.452094E+00
  0.439677E+00
  0.427321E+00
  0.415176E+00
  0.402002E+00
  0.387444E+00
  0.372735E+00
  0.360285E+00
  0.352284E+00
  0.350121E+00
  0.354025E+00
  0.363206E+00
  0.375331E+00
  0.386958E+00
  0.394658E+00
  0.396505E+00
  0.392441E+00
  0.384012E+00
  0.373335E+00
  0.362391E+00
  0.352782E+00
  0.346081E+00
  0.343315E+00
  0.344269E+00
  0.347632E+00
  0.351464E+00
  0.353420E+00
  0.350843E+00
  0.341699E+00
  0.325097E+00
  0.301787E+00
  0.274272E+00
  0.246490E+00
  0.222600E+00
  0.205989E+00
  0.198067E+00
  0.198248E+00
  0.204261E+00
  0.213241E+00
  0.221969E+00
  0.227938E+00
  0.230112E+00
  0.228925E+00
  0.224548E+00
  0.216173E+00
  0.201785E+00
  0.179276E+00
  0.146642E+00
  0.102741E+00
  0.479845E-01
 -0.146703E-01
 -0.808685E-01
 -0.146134E+00
 -0.207355E+00
 -0.262159E+00
 -0.308610E+00
 -0.344770E+00
 -0.369078E+00
 -0.380234E+00
 -0.377749E+00
 -0.362509E+00
 -0.338286E+00
 -0.311468E+00
 -0.289563E+00
 -0.278513E+00
 -0.281556E+00
 -0.299017E+00
 -0.328074E+00
 -0.363087E+00
 -0.398254E+00
 -0.429788E+00
 -0.455912E+00
 -0.476155E+00
 -0.491386E+00
 -0.503272E+00
 -0.513161E+00
 -0.521835E+00
 -0.529870E+00
 -0.537849E+00
 -0.546019E+00
 -0.553743E+00
 -0.559201E+00
 -0.560704E+00
 -0.558007E+00
 -0.553164E+00
 -0.549291E+00
 -0.549476E+00
 -0.554627E+00
 -0.562515E+00
 -0.568190E+00
 -0.567524E+00
 -0.559271E+00
 -0.545281E+00
 -0.528153E+00
 -0.510083E+00
 -0.492264E+00
 -0.475889E+00
 -0.461539E+00
 -0.449335E+00
 -0.438125E+00
 -0.427300E+00
 -0.416960E+00
 -0.407783E+00
 -0.398674E+00
 -0.387198E+00
 -0.370360E+00
 -0.346375E+00
 -0.313646E+00
 -0.272716E+00
 -0.226816E+00
 -0.181841E+00
 -0.142317E+00
 -0.110507E+00
 -0.854933E-01
 -0.652853E-01
 -0.468436E-01
 -0.277130E-01
 -0.584203E-02
  0.186403E-01
  0.448774E-01
  0.717446E-01
  0.994001E-01
  0.128407E+00
  0.160071E+00
  0.195227E+00
  0.234694E+00
  0.277718E+00
  0.323019E+00
  0.368552E+00
  0.412468E+00
  0.452599E+00
  0.487798E+00
  0.517308E+00
  0.541526E+00
  0.561517E+00
  0.579560E+00
  0.597854E+00
  0.618031E+00
  0.640043E+00
  0.663576E+00
  0.687921E+00
  0.712176E+00
  0.734213E+00
  0.751877E+00
  0.762968E+00
  0.764838E+00
  0.754150E+00
  0.729297E+00
  0.691811E+00
  0.646640E+00
  0.600316E+00
  0.558494E+00
  0.523898E+00
  0.496448E+00
  0.474485E+00
  0.456324E+00
  0.441144E+00
  0.428995E+00
  0.420559E+00
  0.416465E+00
  0.416374E+00
  0.417841E+00
  0.417660E+00
  0.413192E+00
  0.402368E+00
  0.383392E+00
  0.356061E+00
  0.322114E+00
  0.285097E+00
  0.249037E+00
  0.217659E+00
  0.193497E+00
  0.178540E+00
  0.173401E+00
  0.176503E+00
  0.184362E+00
  0.193918E+00
  0.202962E+00
  0.209879E+00
  0.212562E+00
  0.209026E+00
  0.198218E+00
  0.181241E+00
  0.160258E+00
  0.137748E+00
  0.116117E+00
  0.978003E-01
  0.837356E-01
  0.735453E-01
  0.665245E-01
  0.631737E-01
  0.643026E-01
  0.704593E-01
  0.811655E-01
  0.953703E-01
  0.110567E+00
  0.124085E+00
  0.133677E+00
  0.138565E+00
  0.138808E+00
  0.135380E+00
  0.129307E+00
  0.122008E+00
  0.114740E+00
  0.108950E+00
  0.105858E+00
  0.106907E+00
  0.112899E+00
  0.124038E+00
  0.139532E+00
  0.158393E+00
  0.178876E+00
  0.199168E+00
  0.217434E+00
  0.232550E+00
  0.243403E+00
  0.249352E+00
  0.250313E+00
  0.247074E+00
  0.239906E+00
  0.229584E+00
  0.217561E+00
  0.206783E+00
  0.199525E+00
  0.197098E+00
  0.199266E+00
  0.205814E+00
  0.215493E+00
  0.226093E+00
  0.234625E+00
  0.239230E+00
  0.238901E+00
  0.233752E+00
  0.223988E+00
  0.210746E+00
  0.194894E+00
  0.177091E+00
  0.156936E+00
  0.134020E+00
  0.107104E+00
  0.752760E-01
  0.379629E-01
 -0.391186E-02
 -0.491374E-01
 -0.953169E-01
 -0.139762E+00
 -0.179377E+00
 -0.212562E+00
 -0.239469E+00
 -0.262220E+00
 -0.283065E+00
 -0.304115E+00
 -0.325509E+00
 -0.345664E+00
 -0.361870E+00
 -0.373106E+00
 -0.380283E+00
 -0.386039E+00
 -0.392703E+00
 -0.402841E+00
 -0.418869E+00
 -0.443463E+00
 -0.478254E+00
 -0.523774E+00
 -0.577986E+00
 -0.636428E+00
 -0.692455E+00
 -0.738994E+00
 -0.769695E+00
 -0.780953E+00
 -0.772252E+00
 -0.745667E+00
 -0.704661E+00
 -0.654564E+00
 -0.602613E+00
 -0.557211E+00
 -0.525207E+00
 -0.509693E+00
 -0.509469E+00
 -0.520597E+00
 -0.538027E+00
 -0.556579E+00
 -0.571633E+00
 -0.580062E+00
 -0.581075E+00
 -0.575322E+00
 -0.563635E+00
 -0.546201E+00
 -0.522703E+00
 -0.492867E+00
 -0.457186E+00
 -0.416583E+00
 -0.372600E+00
 -0.327636E+00
 -0.285165E+00
 -0.248456E+00
 -0.220134E+00
 -0.201784E+00
 -0.193835E+00
 -0.194068E+00
 -0.198195E+00
 -0.201011E+00
 -0.198225E+00
 -0.186743E+00
 -0.165359E+00
 -0.134622E+00
 -0.973873E-01
 -0.572394E-01
 -0.176900E-01
  0.186736E-01
  0.493459E-01
  0.730475E-01
  0.902640E-01
  0.103655E+00
  0.116119E+00
  0.129722E+00
  0.144323E+00
  0.158097E+00
  0.167830E+00
  0.170731E+00
  0.165624E+00
  0.153693E+00
  0.137576E+00
  0.121297E+00
  0.109324E+00
  0.105829E+00
  0.113029E+00
  0.131032E+00
  0.157492E+00
  0.188477E+00
  0.219093E+00
  0.244994E+00
  0.262846E+00
  0.270751E+00
  0.267944E+00
  0.255147E+00
  0.233954E+00
  0.206600E+00
  0.175758E+00
  0.145034E+00
  0.118094E+00
  0.977024E-01
  0.847457E-01
  0.781492E-01
  0.753500E-01
  0.739589E-01
  0.726307E-01
  0.715310E-01
  0.713755E-01
  0.725498E-01
  0.742937E-01
  0.754081E-01
  0.747583E-01
  0.715909E-01
  0.649209E-01
  0.539549E-01
  0.386989E-01
  0.203085E-01
  0.439974E-03
 -0.187605E-01
 -0.344324E-01
 -0.433590E-01
 -0.433833E-01
 -0.345577E-01
 -0.195672E-01
 -0.206392E-02
  0.153834E-01
  0.322282E-01
  0.492664E-01
  0.678028E-01
  0.888156E-01
  0.112798E+00
  0.139676E+00
  0.169289E+00
  0.201330E+00
  0.235228E+00
  0.269536E+00
  0.301726E+00
  0.328481E+00
  0.346887E+00
  0.355654E+00
  0.355489E+00
  0.348637E+00
  0.338272E+00
  0.327635E+00
  0.319371E+00
  0.314977E+00
  0.314372E+00
  0.315966E+00
  0.317038E+00
  0.314574E+00
  0.306023E+00
  0.289849E+00
  0.265274E+00
  0.232758E+00
  0.194031E+00
  0.151639E+00
  0.107826E+00
  0.642561E-01
  0.219833E-01
 -0.177908E-01
 -0.528462E-01
 -0.800948E-01
 -0.976153E-01
 -0.105581E+00
 -0.106051E+00
 -0.101470E+00
 -0.938484E-01
 -0.845630E-01
 -0.749553E-01
 -0.665412E-01
 -0.612382E-01
 -0.602922E-01
 -0.636251E-01
 -0.698913E-01
 -0.773849E-01
 -0.843679E-01
 -0.896095E-01
 -0.921477E-01
 -0.907597E-01
 -0.835247E-01
 -0.680258E-01
 -0.422899E-01
 -0.673672E-02
  0.349880E-01
  0.773135E-01
  0.114525E+00
  0.141327E+00
  0.153143E+00
  0.146645E+00
  0.121223E+00
  0.793314E-01
  0.256882E-01
 -0.342967E-01
 -0.948195E-01
 -0.150101E+00
 -0.194666E+00
 -0.224764E+00
 -0.239066E+00
 -0.238626E+00
 -0.226144E+00
 -0.205311E+00
 -0.179899E+00
 -0.152989E+00
 -0.126332E+00
 -0.100866E+00
 -0.780590E-01
 -0.602884E-01
 -0.497156E-01
 -0.468793E-01
 -0.498449E-01
 -0.548059E-01
 -0.572685E-01
 -0.531565E-01
 -0.394119E-01
 -0.149707E-01
  0.187252E-01
  0.582210E-01
  0.992399E-01
  0.137700E+00
  0.170842E+00
  0.197489E+00
  0.217585E+00
  0.231273E+00
  0.238470E+00
  0.238946E+00
  0.232980E+00
  0.221750E+00
  0.207266E+00
  0.191989E+00
  0.179104E+00
  0.172422E+00
  0.175595E+00
  0.190290E+00
  0.215275E+00
  0.246241E+00
  0.277497E+00
  0.304054E+00
  0.323100E+00
  0.333737E+00
  0.336879E+00
  0.334490E+00
  0.329609E+00
  0.325215E+00
  0.324122E+00
  0.328751E+00
  0.341125E+00
  0.361285E+00
  0.386940E+00
  0.414081E+00
  0.438664E+00
  0.457200E+00
  0.467667E+00
  0.469455E+00
  0.463895E+00
  0.452628E+00
  0.436840E+00
  0.416772E+00
  0.393455E+00
  0.367920E+00
  0.341094E+00
  0.313234E+00
  0.285462E+00
  0.258922E+00
  0.234248E+00
  0.210944E+00
  0.188904E+00
  0.167716E+00
  0.147217E+00
  0.127584E+00
  0.109969E+00
  0.951581E-01
  0.839042E-01
  0.759910E-01
  0.705569E-01
  0.653456E-01
  0.586505E-01
  0.495246E-01
  0.385309E-01
  0.261551E-01
  0.131092E-01
 -0.288834E-03
 -0.130051E-01
 -0.247322E-01
 -0.349827E-01
 -0.433522E-01
 -0.487815E-01
 -0.511600E-01
 -0.508251E-01
 -0.490882E-01
 -0.466573E-01
 -0.441461E-01
 -0.412337E-01
 -0.380227E-01
 -0.352047E-01
 -0.347643E-01
 -0.388325E-01
 -0.496149E-01
 -0.684000E-01
 -0.958251E-01
 -0.130689E+00
 -0.170111E+00
 -0.209385E+00
 -0.244493E+00
 -0.272742E+00
 -0.293098E+00
 -0.305130E+00
 -0.309993E+00
 -0.309714E+00
 -0.306529E+00
 -0.301539E+00
 -0.295953E+00
 -0.291517E+00
 -0.291139E+00
 -0.297376E+00
 -0.312409E+00
 -0.336799E+00
 -0.369082E+00
 -0.405300E+00
 -0.440736E+00
 -0.471126E+00
 -0.493988E+00
 -0.508128E+00
 -0.513893E+00
 -0.512465E+00
 -0.506207E+00
 -0.498004E+00
 -0.490298E+00
 -0.483848E+00
 -0.478006E+00
 -0.471564E+00
 -0.463920E+00
 -0.455057E+00
 -0.445507E+00
 -0.435814E+00
 -0.426499E+00
 -0.417653E+00
 -0.409230E+00
 -0.401712E+00
 -0.396814E+00
 -0.396795E+00
 -0.403213E+00
 -0.416338E+00
 -0.435145E+00
 -0.457618E+00
 -0.481211E+00
 -0.503203E+00
 -0.520212E+00
 -0.528403E+00
 -0.523851E+00
 -0.503957E+00
 -0.467630E+00
 -0.416083E+00
 -0.352985E+00
 -0.284762E+00
 -0.219476E+00
 -0.165403E+00
 -0.128411E+00
 -0.110975E+00
 -0.111995E+00
 -0.127929E+00
 -0.153511E+00
 -0.183367E+00
 -0.211797E+00
 -0.233589E+00
 -0.244308E+00
 -0.241256E+00
 -0.223300E+00
 -0.191915E+00
 -0.151143E+00
 -0.107126E+00
 -0.655759E-01
 -0.307470E-01
 -0.488140E-02
  0.114462E-01
  0.199111E-01
  0.227119E-01
  0.219126E-01
  0.186734E-01
  0.140645E-01
  0.911742E-02
  0.552778E-02
  0.507213E-02
  0.995924E-02
  0.219981E-01
  0.423943E-01
  0.705643E-01
  0.105047E+00
  0.143529E+00
  0.183261E+00
  0.220616E+00
  0.252204E+00
  0.274634E+00
  0.285163E+00
  0.281830E+00
  0.264988E+00
  0.236836E+00
  0.200925E+00
  0.160880E+00
  0.120253E+00
  0.820563E-01
  0.489082E-01
  0.222758E-01
  0.324067E-02
 -0.732082E-02
 -0.891787E-02
 -0.256118E-02
  0.988788E-02
  0.258956E-01
  0.429288E-01
  0.586718E-01
  0.716421E-01
  0.806337E-01
  0.849616E-01
  0.847611E-01
  0.814819E-01
  0.768854E-01
  0.724889E-01
  0.689191E-01
  0.664316E-01
  0.650972E-01
  0.650300E-01
  0.660579E-01
  0.684956E-01
  0.732727E-01
  0.815892E-01
  0.934995E-01
  0.107480E+00
  0.120447E+00
  0.128759E+00
  0.129497E+00
  0.121969E+00
  0.107475E+00
  0.883721E-01
  0.665173E-01
  0.435936E-01
  0.211451E-01
  0.363886E-03
 -0.184342E-01
 -0.352256E-01
 -0.499691E-01
 -0.623729E-01
 -0.726070E-01
 -0.816820E-01
 -0.920706E-01
 -0.106830E+00
 -0.128468E+00
 -0.157726E+00
 -0.193530E+00
 -0.232860E+00
 -0.271908E+00
 -0.307273E+00
 -0.337035E+00
 -0.360232E+00
 -0.376270E+00
 -0.384413E+00
 -0.384259E+00
 -0.375774E+00
 -0.359982E+00
 -0.338278E+00
 -0.312754E+00
 -0.285591E+00
 -0.259288E+00
 -0.235409E+00
 -0.214437E+00
 -0.195177E+00
 -0.175781E+00
 -0.153631E+00
 -0.126992E+00
 -0.955496E-01
 -0.607603E-01
 -0.247339E-01
  0.954587E-02
  0.386504E-01
  0.583368E-01
  0.655401E-01
  0.592761E-01
  0.412587E-01
  0.151362E-01
 -0.138229E-01
 -0.401603E-01
 -0.592302E-01
 -0.688912E-01
 -0.687964E-01
 -0.605943E-01
 -0.472659E-01
 -0.334392E-01
 -0.237037E-01
 -0.214451E-01
 -0.273826E-01
 -0.401204E-01
 -0.562468E-01
 -0.717068E-01
 -0.826280E-01
 -0.868959E-01
 -0.836930E-01
 -0.739897E-01
 -0.594263E-01
 -0.424975E-01
 -0.251547E-01
 -0.868007E-02
  0.668357E-02
  0.208318E-01
  0.344838E-01
  0.484033E-01
  0.634074E-01
  0.796482E-01
  0.977070E-01
  0.117914E+00
  0.140477E+00
  0.164656E+00
  0.189274E+00
  0.212608E+00
  0.233309E+00
  0.250054E+00
  0.263283E+00
  0.274724E+00
  0.286435E+00
  0.299366E+00
  0.313906E+00
  0.329728E+00
  0.345658E+00
  0.359800E+00
  0.371021E+00
  0.379107E+00
  0.384773E+00
  0.388792E+00
  0.392093E+00
  0.394765E+00
  0.395607E+00
  0.392317E+00
  0.383162E+00
  0.367425E+00
  0.345868E+00
  0.320458E+00
  0.294274E+00
  0.271156E+00
  0.255311E+00
  0.250452E+00
  0.259037E+00
  0.281470E+00
  0.315902E+00
  0.358124E+00
  0.402418E+00
  0.442868E+00
  0.474525E+00
  0.493744E+00
  0.498429E+00
  0.488538E+00
  0.465810E+00
  0.433375E+00
  0.395465E+00
  0.356905E+00
  0.321988E+00
  0.293797E+00
  0.273374E+00
  0.260068E+00
  0.252307E+00
  0.248478E+00
  0.246779E+00
  0.245625E+00
  0.243406E+00
  0.238744E+00
  0.230363E+00
  0.218106E+00
  0.203388E+00
  0.189013E+00
  0.177853E+00
  0.172175E+00
  0.173181E+00
  0.181662E+00
  0.197374E+00
  0.218953E+00
  0.243941E+00
  0.269815E+00
  0.293903E+00
  0.313776E+00
  0.327359E+00
  0.334170E+00
  0.335061E+00
  0.332611E+00
  0.329575E+00
  0.328048E+00
  0.328057E+00
  0.328523E+00
  0.327843E+00
  0.325479E+00
  0.321675E+00
  0.317151E+00
  0.312046E+00
  0.306303E+00
  0.299194E+00
  0.290783E+00
  0.281868E+00
  0.273942E+00
  0.266813E+00
  0.258820E+00
  0.246949E+00
  0.228730E+00
  0.202337E+00
  0.167950E+00
  0.127336E+00
  0.841589E-01
  0.412862E-01
  0.912142E-03
 -0.358230E-01
 -0.675412E-01
 -0.941359E-01
 -0.116319E+00
 -0.135446E+00
 -0.152207E+00
 -0.168028E+00
 -0.183697E+00
 -0.199430E+00
 -0.213996E+00
 -0.225984E+00
 -0.233994E+00
 -0.237814E+00
 -0.237693E+00
 -0.234755E+00
 -0.229804E+00
 -0.223348E+00
 -0.215259E+00
 -0.206289E+00
 -0.197686E+00
 -0.190808E+00
 -0.185704E+00
 -0.182402E+00
 -0.180874E+00
 -0.182006E+00
 -0.186650E+00
 -0.195854E+00
 -0.209960E+00
 -0.228890E+00
 -0.251300E+00
 -0.275464E+00
 -0.299507E+00
 -0.322354E+00
 -0.343019E+00
 -0.360874E+00
 -0.375542E+00
 -0.387275E+00
 -0.395770E+00
 -0.401062E+00
 -0.403685E+00
 -0.404997E+00
 -0.406147E+00
 -0.407750E+00
 -0.409018E+00
 -0.408144E+00
 -0.402909E+00
 -0.391904E+00
 -0.374253E+00
 -0.349793E+00
 -0.319201E+00
 -0.284122E+00
 -0.246430E+00
 -0.207855E+00
 -0.169718E+00
 -0.132928E+00
 -0.977924E-01
 -0.641096E-01
 -0.314154E-01
  0.262796E-03
  0.298345E-01
  0.551861E-01
  0.742109E-01
  0.857666E-01
  0.903409E-01
  0.896164E-01
  0.854828E-01
  0.791102E-01
  0.706713E-01
  0.595186E-01
  0.453658E-01
  0.290906E-01
  0.127228E-01
 -0.167334E-02
 -0.132129E-01
 -0.225652E-01
 -0.309295E-01
 -0.392949E-01
 -0.479755E-01
 -0.569150E-01
 -0.656317E-01
 -0.737654E-01
 -0.813133E-01
 -0.886840E-01
 -0.963966E-01
 -0.105031E+00
 -0.114820E+00
 -0.125957E+00
 -0.138669E+00
 -0.153507E+00
 -0.171146E+00
 -0.192145E+00
 -0.216863E+00
 -0.245219E+00
 -0.276527E+00
 -0.309460E+00
 -0.342041E+00
 -0.371581E+00
 -0.395093E+00
 -0.410082E+00
 -0.415188E+00
 -0.410660E+00
 -0.398686E+00
 -0.382649E+00
 -0.366119E+00
 -0.351620E+00
 -0.340053E+00
 -0.330492E+00
 -0.320980E+00
 -0.309419E+00
 -0.294641E+00
 -0.276441E+00
 -0.255749E+00
 -0.233956E+00
 -0.212534E+00
 -0.192278E+00
 -0.173559E+00
 -0.156720E+00
 -0.142425E+00
 -0.130818E+00
 -0.121736E+00
 -0.114516E+00
 -0.108541E+00
 -0.102854E+00
 -0.968538E-01
 -0.900382E-01
 -0.823106E-01
 -0.731751E-01
 -0.620351E-01
 -0.478738E-01
 -0.297349E-01
 -0.667037E-02
  0.214439E-01
  0.538369E-01
  0.886685E-01
  0.124167E+00
  0.158400E+00
  0.189566E+00
  0.215294E+00
  0.233353E+00
  0.242282E+00
  0.242471E+00
  0.235818E+00
  0.225586E+00
  0.214611E+00
  0.204231E+00
  0.194007E+00
  0.182962E+00
  0.170245E+00
  0.155990E+00
  0.141002E+00
  0.126524E+00
  0.113349E+00
  0.101630E+00
  0.907017E-01
  0.797866E-01
  0.682062E-01
  0.557090E-01
  0.421731E-01
  0.276941E-01
  0.123591E-01
 -0.351460E-02
 -0.193345E-01
 -0.338360E-01
 -0.456589E-01
 -0.535777E-01
 -0.571557E-01
 -0.564699E-01
 -0.524135E-01
 -0.466651E-01
 -0.417234E-01
 -0.399710E-01
 -0.435301E-01
 -0.537252E-01
 -0.709183E-01
 -0.937920E-01
 -0.119656E+00
 -0.144924E+00
 -0.166492E+00
 -0.182335E+00
 -0.191934E+00
 -0.195916E+00
 -0.196104E+00
 -0.194353E+00
 -0.192262E+00
 -0.190840E+00
 -0.190928E+00
 -0.192776E+00
 -0.196011E+00
 -0.199334E+00
 -0.201107E+00
 -0.199570E+00
 -0.193662E+00
 -0.182922E+00
 -0.168188E+00
 -0.150789E+00
 -0.132308E+00
 -0.113456E+00
 -0.947560E-01
 -0.758503E-01
 -0.562908E-01
 -0.355257E-01
 -0.141060E-01
  0.709035E-02
  0.267977E-01
  0.439640E-01
  0.575875E-01
  0.671602E-01
  0.719470E-01
  0.716744E-01
  0.664479E-01
  0.575794E-01
  0.471157E-01
  0.375536E-01
  0.307298E-01
  0.282471E-01
  0.310054E-01
  0.390580E-01
  0.510297E-01
  0.648053E-01
  0.775118E-01
  0.863890E-01
  0.888694E-01
  0.842096E-01
  0.736720E-01
  0.602200E-01
  0.469181E-01
  0.364682E-01
  0.302467E-01
  0.287206E-01
  0.312924E-01
  0.373072E-01
  0.459052E-01
  0.564860E-01
  0.682642E-01
  0.808205E-01
  0.937185E-01
  0.106827E+00
  0.120173E+00
  0.134692E+00
  0.151470E+00
  0.171750E+00
  0.196043E+00
  0.224104E+00
  0.254675E+00
  0.286083E+00
  0.316210E+00
  0.343230E+00
  0.365585E+00
  0.382483E+00
  0.393798E+00
  0.400232E+00
  0.402644E+00
  0.401718E+00
  0.397719E+00
  0.391147E+00
  0.382718E+00
  0.373198E+00
  0.363222E+00
  0.353243E+00
  0.343370E+00
  0.333783E+00
  0.325285E+00
  0.319098E+00
  0.316189E+00
  0.316822E+00
  0.320323E+00
  0.324999E+00
  0.329006E+00
  0.331381E+00
  0.332398E+00
  0.332654E+00
  0.332660E+00
  0.332513E+00
  0.332028E+00
  0.330632E+00
  0.327899E+00
  0.323745E+00
  0.318724E+00
  0.313394E+00
  0.308287E+00
  0.303457E+00
  0.298778E+00
  0.293564E+00
  0.286685E+00
  0.276907E+00
  0.264046E+00
  0.248704E+00
  0.232458E+00
  0.217524E+00
  0.206550E+00
  0.200808E+00
  0.199954E+00
  0.201952E+00
  0.204435E+00
  0.204318E+00
  0.199195E+00
  0.188033E+00
  0.171898E+00
  0.152583E+00
  0.132319E+00
  0.112940E+00
  0.961122E-01
  0.824111E-01
  0.717186E-01
  0.632361E-01
  0.566818E-01
  0.517780E-01
  0.486595E-01
  0.471715E-01
  0.476470E-01
  0.499066E-01
  0.536246E-01
  0.580961E-01
  0.631797E-01
  0.686201E-01
  0.740535E-01
  0.784349E-01
  0.811313E-01
  0.812820E-01
  0.785625E-01
  0.732162E-01
  0.667884E-01
  0.608413E-01
  0.569217E-01
  0.553240E-01
  0.558755E-01
  0.573388E-01
  0.584087E-01
  0.577046E-01
  0.549661E-01
  0.502528E-01
  0.442351E-01
  0.374057E-01
  0.305919E-01
  0.240442E-01
  0.181196E-01
  0.131710E-01
  0.100997E-01
  0.912292E-02
  0.993956E-02
  0.114547E-01
  0.128886E-01
  0.127247E-01
  0.956865E-02
  0.220415E-02
 -0.932618E-02
 -0.248195E-01
 -0.435360E-01
 -0.645618E-01
 -0.862152E-01
 -0.107268E+00
 -0.126495E+00
 -0.143008E+00
 -0.155641E+00
 -0.164141E+00
 -0.168587E+00
 -0.169641E+00
 -0.167730E+00
 -0.164226E+00
 -0.160938E+00
 -0.159952E+00
 -0.162138E+00
 -0.167773E+00
 -0.176136E+00
 -0.186060E+00
 -0.195838E+00
 -0.204492E+00
 -0.211469E+00
 -0.216892E+00
 -0.220747E+00
 -0.223246E+00
 -0.224187E+00
 -0.223269E+00
 -0.219809E+00
 -0.213640E+00
 -0.205002E+00
 -0.194971E+00
 -0.184718E+00
 -0.175638E+00
 -0.168693E+00
 -0.164368E+00
 -0.162243E+00
 -0.161815E+00
 -0.162480E+00
 -0.163902E+00
 -0.165775E+00
 -0.168010E+00
 -0.170214E+00
 -0.172096E+00
 -0.173347E+00
 -0.174380E+00
 -0.175959E+00
 -0.179329E+00
 -0.185483E+00
 -0.195004E+00
 -0.207504E+00
 -0.221881E+00
 -0.236393E+00
 -0.249533E+00
 -0.260019E+00
 -0.267020E+00
 -0.270109E+00
 -0.269857E+00
 -0.267615E+00
 -0.264898E+00
 -0.262621E+00
 -0.260828E+00
 -0.258988E+00
 -0.256463E+00
 -0.252790E+00
 -0.248037E+00
 -0.242378E+00
 -0.235780E+00
 -0.227985E+00
 -0.218656E+00
 -0.207550E+00
 -0.194528E+00
 -0.179647E+00
 -0.163142E+00
 -0.145483E+00
 -0.127187E+00
 -0.108773E+00
 -0.907549E-01
 -0.739300E-01
 -0.593006E-01
 -0.477579E-01
 -0.396482E-01
 -0.347351E-01
 -0.321582E-01
 -0.307754E-01
 -0.292857E-01
 -0.266161E-01
 -0.220717E-01
 -0.155877E-01
 -0.734718E-02
  0.223590E-02
  0.123389E-01
  0.217834E-01
  0.298417E-01
  0.362157E-01
  0.408018E-01
  0.435068E-01
  0.446068E-01
  0.447387E-01
  0.448030E-01
  0.455580E-01
  0.474404E-01
  0.505195E-01
  0.547401E-01
  0.598239E-01
  0.656692E-01
  0.727309E-01
  0.819803E-01
  0.942654E-01
  0.109902E+00
  0.128446E+00
  0.149042E+00
  0.170738E+00
  0.192695E+00
  0.214086E+00
  0.234013E+00
  0.251783E+00
  0.267029E+00
  0.279460E+00
  0.288623E+00
  0.294226E+00
  0.295901E+00
  0.293026E+00
  0.285080E+00
  0.272332E+00
  0.255893E+00
  0.237582E+00
  0.219351E+00
  0.202698E+00
  0.188193E+00
  0.175878E+00
  0.165436E+00
  0.156480E+00
  0.148443E+00
  0.140766E+00
  0.132749E+00
  0.123888E+00
  0.113547E+00
  0.101198E+00
  0.865200E-01
  0.700378E-01
  0.526496E-01
  0.351964E-01
  0.179387E-01
  0.101809E-02
 -0.157384E-01
 -0.324249E-01
 -0.488950E-01
 -0.644874E-01
 -0.784291E-01
 -0.899340E-01
 -0.985920E-01
 -0.104083E+00
 -0.106432E+00
 -0.105739E+00
 -0.102363E+00
 -0.969045E-01
 -0.909128E-01
 -0.867380E-01
 -0.867345E-01
 -0.921722E-01
 -0.103047E+00
 -0.117900E+00
 -0.134421E+00
 -0.149943E+00
 -0.162399E+00
 -0.170448E+00
 -0.173460E+00
 -0.171218E+00
 -0.164201E+00
 -0.153489E+00
 -0.140682E+00
 -0.127252E+00
 -0.114419E+00
 -0.102782E+00
 -0.925290E-01
 -0.836241E-01
 -0.760799E-01
 -0.700004E-01
 -0.658354E-01
 -0.639547E-01
 -0.641711E-01
 -0.654055E-01
 -0.658489E-01
 -0.633916E-01
 -0.565108E-01
 -0.448320E-01
 -0.291997E-01
 -0.112983E-01
  0.655167E-02
  0.221041E-01
  0.336845E-01
  0.404706E-01
  0.425979E-01
  0.408678E-01
  0.366245E-01
  0.316486E-01
  0.276956E-01
  0.261514E-01
  0.278507E-01
  0.335164E-01
  0.435874E-01
  0.578453E-01
  0.754002E-01
  0.952758E-01
  0.116502E+00
  0.138197E+00
  0.159403E+00
  0.179367E+00
  0.197453E+00
  0.213215E+00
  0.226111E+00
  0.235991E+00
  0.243175E+00
  0.248311E+00
  0.251832E+00
  0.254037E+00
  0.254988E+00
  0.254636E+00
  0.252712E+00
  0.248778E+00
  0.242067E+00
  0.231950E+00
  0.217973E+00
  0.200395E+00
  0.179557E+00
  0.156052E+00
  0.130527E+00
  0.104005E+00
  0.773826E-01
  0.513293E-01
  0.260477E-01
  0.193172E-02
 -0.209542E-01
 -0.427176E-01
 -0.636335E-01
 -0.836520E-01
 -0.102939E+00
 -0.121435E+00
 -0.139035E+00
 -0.155501E+00
 -0.170848E+00
 -0.185061E+00
 -0.198430E+00
 -0.211052E+00
 -0.223028E+00
 -0.233969E+00
 -0.243029E+00
 -0.248862E+00
 -0.250317E+00
 -0.246635E+00
 -0.237921E+00
 -0.224884E+00
 -0.208778E+00
 -0.190935E+00
 -0.172401E+00
 -0.153822E+00
 -0.136372E+00
 -0.121586E+00
 -0.110426E+00
 -0.102492E+00
 -0.964541E-01
 -0.906016E-01
 -0.835181E-01
 -0.743621E-01
 -0.630417E-01
 -0.499494E-01
 -0.356828E-01
 -0.206000E-01
 -0.499578E-02
  0.106519E-01
  0.255265E-01
  0.387536E-01
  0.492949E-01
  0.563374E-01
  0.599091E-01
  0.607127E-01
  0.597182E-01
  0.577193E-01
  0.551535E-01
  0.524360E-01
  0.496871E-01
  0.468305E-01
  0.436676E-01
  0.398747E-01
  0.347322E-01
  0.276463E-01
  0.184072E-01
  0.719649E-02
 -0.558459E-02
 -0.190525E-01
 -0.323394E-01
 -0.449989E-01
 -0.571353E-01
 -0.688429E-01
 -0.798622E-01
 -0.893926E-01
 -0.966387E-01
 -0.101047E+00
 -0.102347E+00
 -0.100380E+00
 -0.953345E-01
 -0.877705E-01
 -0.785330E-01
 -0.686535E-01
 -0.594394E-01
 -0.520537E-01
 -0.471958E-01
 -0.450189E-01
 -0.453773E-01
 -0.479212E-01
 -0.519192E-01
 -0.563403E-01
 -0.601526E-01
 -0.624855E-01
 -0.626553E-01
 -0.602557E-01
 -0.553597E-01
 -0.487537E-01
 -0.416590E-01
 -0.349583E-01
 -0.287832E-01
 -0.228988E-01
 -0.170666E-01
 -0.112665E-01
 -0.555933E-02
 -0.211144E-03
  0.422313E-02
  0.703186E-02
  0.759636E-02
  0.553371E-02
  0.776275E-03
 -0.667007E-02
 -0.166889E-01
 -0.289061E-01
 -0.425889E-01
 -0.567002E-01
 -0.702212E-01
 -0.822686E-01
 -0.921559E-01
 -0.993126E-01
 -0.103113E+00
 -0.103246E+00
 -0.999339E-01
 -0.941397E-01
 -0.874717E-01
 -0.819077E-01
 -0.788573E-01
 -0.786016E-01
 -0.804490E-01
 -0.832727E-01
 -0.862079E-01
 -0.886066E-01
 -0.895490E-01
 -0.879790E-01
 -0.831775E-01
 -0.752175E-01
 -0.646432E-01
 -0.525439E-01
 -0.404705E-01
 -0.300614E-01
 -0.227163E-01
 -0.194647E-01
 -0.205553E-01
 -0.258341E-01
 -0.348235E-01
 -0.468065E-01
 -0.606112E-01
 -0.749614E-01
 -0.886262E-01
 -0.100849E+00
 -0.111389E+00
 -0.120732E+00
 -0.129543E+00
 -0.138377E+00
 -0.147334E+00
 -0.155977E+00
 -0.163544E+00
 -0.169157E+00
 -0.171709E+00
 -0.170402E+00
 -0.164820E+00
 -0.154956E+00
 -0.140985E+00
 -0.123435E+00
 -0.102664E+00
 -0.791292E-01
 -0.535748E-01
 -0.274009E-01
 -0.199020E-02
  0.216893E-01
  0.433090E-01
  0.628375E-01
  0.811251E-01
  0.995011E-01
  0.119370E+00
  0.141704E+00
  0.167218E+00
  0.195996E+00
  0.227700E+00
  0.261446E+00
  0.295854E+00
  0.328903E+00
  0.358538E+00
  0.383127E+00
  0.402121E+00
  0.415725E+00
  0.424493E+00
  0.428957E+00
  0.429451E+00
  0.425841E+00
  0.417677E+00
  0.404874E+00
  0.387837E+00
  0.367174E+00
  0.343429E+00
  0.316990E+00
  0.288316E+00
  0.258179E+00
  0.227752E+00
  0.198488E+00
  0.171696E+00
  0.148159E+00
  0.127605E+00
  0.109149E+00
  0.915852E-01
  0.741254E-01
  0.565757E-01
  0.395080E-01
  0.234508E-01
  0.865021E-02
 -0.489269E-02
 -0.168713E-01
 -0.271301E-01
 -0.355715E-01
 -0.423886E-01
 -0.477473E-01
 -0.520009E-01
 -0.553516E-01
 -0.577751E-01
 -0.586893E-01
 -0.574725E-01
 -0.535555E-01
 -0.469438E-01
 -0.379320E-01
 -0.273458E-01
 -0.162531E-01
 -0.569398E-02
  0.380178E-02
  0.119535E-01
  0.188871E-01
  0.248249E-01
  0.301137E-01
  0.349144E-01
  0.393549E-01
  0.435447E-01
  0.477814E-01
  0.521500E-01
  0.565984E-01
  0.607639E-01
  0.642837E-01
  0.667292E-01
  0.679624E-01
  0.679687E-01
  0.670487E-01
  0.655810E-01
  0.643357E-01
  0.641079E-01
  0.656680E-01
  0.690914E-01
  0.740258E-01
  0.797975E-01
  0.860761E-01
  0.924940E-01
  0.988444E-01
  0.105118E+00
  0.111695E+00
  0.118798E+00
  0.126682E+00
  0.135250E+00
  0.144075E+00
  0.152017E+00
  0.157783E+00
  0.160006E+00
  0.158095E+00
  0.151654E+00
  0.140509E+00
  0.124562E+00
  0.104230E+00
  0.799770E-01
  0.525127E-01
  0.227716E-01
 -0.771660E-02
 -0.373627E-01
 -0.645898E-01
 -0.884817E-01
 -0.108391E+00
 -0.124344E+00
 -0.136466E+00
 -0.144870E+00
 -0.149339E+00
 -0.149957E+00
 -0.147374E+00
 -0.143015E+00
 -0.138025E+00
 -0.133260E+00
 -0.128925E+00
 -0.124737E+00
 -0.119809E+00
 -0.113538E+00
 -0.105755E+00
 -0.968593E-01
 -0.874821E-01
 -0.787123E-01
 -0.714478E-01
 -0.663818E-01
 -0.638632E-01
 -0.639930E-01
 -0.664000E-01
 -0.706775E-01
 -0.761312E-01
 -0.820854E-01
 -0.882146E-01
 -0.949175E-01
 -0.102581E+00
 -0.111348E+00
 -0.120807E+00
 -0.130193E+00
 -0.138727E+00
 -0.146271E+00
 -0.152790E+00
 -0.158306E+00
 -0.162833E+00
 -0.166727E+00
 -0.170285E+00
 -0.173527E+00
 -0.176059E+00
 -0.177759E+00
 -0.179091E+00
 -0.180644E+00
 -0.182479E+00
 -0.184308E+00
 -0.185776E+00
 -0.186336E+00
 -0.185638E+00
 -0.183944E+00
 -0.181715E+00
 -0.179327E+00
 -0.176872E+00
 -0.173757E+00
 -0.169212E+00
 -0.163027E+00
 -0.155586E+00
 -0.147322E+00
 -0.138835E+00
 -0.130643E+00
 -0.123411E+00
 -0.118074E+00
 -0.115521E+00
 -0.116243E+00
 -0.120288E+00
 -0.127298E+00
 -0.136939E+00
 -0.149042E+00
 -0.163534E+00
 -0.179916E+00
 -0.197419E+00
 -0.215475E+00
 -0.233805E+00
 -0.251938E+00
 -0.269349E+00
 -0.285489E+00
 -0.300425E+00
 -0.314593E+00
 -0.328409E+00
 -0.341394E+00
 -0.352731E+00
 -0.361431E+00
 -0.366581E+00
 -0.368002E+00
 -0.366571E+00
 -0.362676E+00
 -0.356681E+00
 -0.348922E+00
 -0.339793E+00
 -0.329739E+00
 -0.320025E+00
 -0.311646E+00
 -0.305073E+00
 -0.299539E+00
 -0.293662E+00
 -0.285735E+00
 -0.275003E+00
 -0.260975E+00
 -0.243899E+00
 -0.224558E+00
 -0.204328E+00
 -0.184061E+00
 -0.164626E+00
 -0.146901E+00
 -0.132415E+00
 -0.121932E+00
 -0.115463E+00
 -0.112189E+00
 -0.111913E+00
 -0.113957E+00
 -0.117701E+00
 -0.122513E+00
 -0.128385E+00
 -0.134823E+00
 -0.141445E+00
 -0.147640E+00
 -0.153630E+00
 -0.159565E+00
 -0.165717E+00
 -0.171436E+00
 -0.176494E+00
 -0.180445E+00
 -0.183016E+00
 -0.183377E+00
 -0.181640E+00
 -0.177868E+00
 -0.172523E+00
 -0.165921E+00
 -0.159148E+00
 -0.152762E+00
 -0.147464E+00
 -0.143538E+00
 -0.141524E+00
 -0.141210E+00
 -0.142442E+00
 -0.144611E+00
 -0.147569E+00
 -0.150547E+00
 -0.153124E+00
 -0.154862E+00
 -0.156104E+00
 -0.156610E+00
 -0.156434E+00
 -0.155349E+00
 -0.154172E+00
 -0.153747E+00
 -0.155465E+00
 -0.160012E+00
 -0.168413E+00
 -0.180464E+00
 -0.195348E+00
 -0.211447E+00
 -0.227950E+00
 -0.243699E+00
 -0.257973E+00
 -0.269990E+00
 -0.280407E+00
 -0.289493E+00
 -0.297946E+00
 -0.305773E+00
 -0.313529E+00
 -0.321040E+00
 -0.328082E+00
 -0.333647E+00
 -0.337551E+00
 -0.339060E+00
 -0.337997E+00
 -0.334030E+00
 -0.327749E+00
 -0.318744E+00
 -0.307026E+00
 -0.292633E+00
 -0.277053E+00
 -0.260779E+00
 -0.244332E+00
 -0.227481E+00
 -0.210695E+00
 -0.193464E+00
 -0.175311E+00
 -0.155395E+00
 -0.134576E+00
 -0.113215E+00
 -0.919646E-01
 -0.707745E-01
 -0.505905E-01
 -0.313722E-01
 -0.129700E-01
  0.544245E-02
  0.235652E-01
  0.421441E-01
  0.612597E-01
  0.810730E-01
  0.100360E+00
  0.118732E+00
  0.135577E+00
  0.151193E+00
  0.165029E+00
  0.177441E+00
  0.188607E+00
  0.199345E+00
  0.209264E+00
  0.219217E+00
  0.230142E+00
  0.243133E+00
  0.258088E+00
  0.275725E+00
  0.296214E+00
  0.319764E+00
  0.345200E+00
  0.372045E+00
  0.399508E+00
  0.427264E+00
  0.454164E+00
  0.480056E+00
  0.504858E+00
  0.528704E+00
  0.550520E+00
  0.569667E+00
  0.585475E+00
  0.597642E+00
  0.605326E+00
  0.609086E+00
  0.609556E+00
  0.607264E+00
  0.601768E+00
  0.592982E+00
  0.580970E+00
  0.566815E+00
  0.551582E+00
  0.536554E+00
  0.522230E+00
  0.508499E+00
  0.494533E+00
  0.480340E+00
  0.466348E+00
  0.453411E+00
  0.441780E+00
  0.431777E+00
  0.423727E+00
  0.418089E+00
  0.414843E+00
  0.414344E+00
  0.416889E+00
  0.422229E+00
  0.429043E+00
  0.435932E+00
  0.441813E+00
  0.446826E+00
  0.452000E+00
  0.458611E+00
  0.466959E+00
  0.476312E+00
  0.485281E+00
  0.493045E+00
  0.499658E+00
  0.505676E+00
  0.511580E+00
  0.517320E+00
  0.522242E+00
  0.525124E+00
  0.524603E+00
  0.519947E+00
  0.511463E+00
  0.500275E+00
  0.487721E+00
  0.474499E+00
  0.460572E+00
  0.445529E+00
  0.429613E+00
  0.413460E+00
  0.397810E+00
  0.382732E+00
  0.367841E+00
  0.352046E+00
  0.334181E+00
  0.313339E+00
  0.289635E+00
  0.263513E+00
  0.235442E+00
  0.205390E+00
  0.173603E+00
  0.140429E+00
  0.106975E+00
  0.747535E-01
  0.457561E-01
  0.208167E-01
 -0.283862E-03
 -0.187515E-01
 -0.353921E-01
 -0.504677E-01
 -0.635302E-01
 -0.741530E-01
 -0.817624E-01
 -0.868096E-01
 -0.899587E-01
 -0.917903E-01
 -0.923821E-01
 -0.920207E-01
 -0.910378E-01
 -0.902201E-01
 -0.904208E-01
 -0.925700E-01
 -0.968730E-01
 -0.103215E+00
 -0.110784E+00
 -0.118906E+00
 -0.127030E+00
 -0.135129E+00
 -0.143134E+00
 -0.151343E+00
 -0.159757E+00
 -0.168427E+00
 -0.176834E+00
 -0.184633E+00
 -0.191369E+00
 -0.196808E+00
 -0.200642E+00
 -0.202755E+00
 -0.202834E+00
 -0.200761E+00
 -0.196626E+00
 -0.190975E+00
 -0.184074E+00
 -0.175935E+00
 -0.166339E+00
 -0.155305E+00
 -0.142368E+00
 -0.127021E+00
 -0.108820E+00
 -0.877547E-01
 -0.640965E-01
 -0.384578E-01
 -0.112946E-01
  0.167945E-01
  0.453462E-01
  0.739626E-01
  0.102394E+00
  0.130338E+00
  0.157677E+00
  0.184144E+00
  0.209500E+00
  0.233384E+00
  0.255391E+00
  0.274953E+00
  0.291786E+00
  0.305696E+00
  0.316581E+00
  0.324279E+00
  0.329087E+00
  0.331056E+00
  0.330280E+00
  0.326653E+00
  0.320741E+00
  0.312949E+00
  0.303453E+00
  0.292315E+00
  0.280009E+00
  0.266890E+00
  0.253553E+00
  0.240400E+00
  0.228168E+00
  0.216859E+00
  0.206404E+00
  0.196527E+00
  0.187347E+00
  0.178810E+00
  0.171260E+00
  0.164713E+00
  0.159499E+00
  0.155368E+00
  0.152434E+00
  0.150707E+00
  0.150705E+00
  0.152405E+00
  0.155525E+00
  0.158756E+00
  0.161003E+00
  0.160970E+00
  0.157886E+00
  0.151309E+00
  0.142205E+00
  0.130992E+00
  0.117392E+00
  0.100429E+00
  0.800387E-01
  0.562051E-01
  0.294345E-01
  0.217523E-03
 -0.304028E-01
 -0.620146E-01
 -0.941896E-01
 -0.126974E+00
 -0.159818E+00
 -0.192363E+00
 -0.223850E+00
 -0.253794E+00
 -0.281563E+00
 -0.307491E+00
 -0.331964E+00
 -0.355472E+00
 -0.377968E+00
 -0.399385E+00
 -0.419280E+00
 -0.437552E+00
 -0.453838E+00
 -0.468278E+00
 -0.480969E+00
 -0.491782E+00
 -0.499965E+00
 -0.505386E+00
 -0.508503E+00
 -0.510232E+00
 -0.511118E+00
 -0.511602E+00
 -0.511602E+00
 -0.510913E+00
 -0.509100E+00
 -0.506240E+00
 -0.502719E+00
 -0.498943E+00
 -0.494994E+00
 -0.490687E+00
 -0.485713E+00
 -0.479892E+00
 -0.473235E+00
 -0.465800E+00
 -0.457432E+00
 -0.447806E+00
 -0.436704E+00
 -0.423912E+00
 -0.409131E+00
 -0.392152E+00
 -0.373266E+00
 -0.352816E+00
 -0.331085E+00
 -0.308209E+00
 -0.284641E+00
 -0.260819E+00
 -0.237196E+00
 -0.213993E+00
 -0.191483E+00
 -0.169736E+00
 -0.149031E+00
 -0.129642E+00
 -0.111885E+00
 -0.956246E-01
 -0.807119E-01
 -0.669813E-01
 -0.545539E-01
 -0.434097E-01
 -0.335834E-01
 -0.248194E-01
 -0.171206E-01
 -0.103682E-01
 -0.449065E-02
  0.863915E-03
  0.583368E-02
  0.107614E-01
  0.161352E-01
  0.225698E-01
  0.301151E-01
  0.388309E-01
  0.485552E-01
  0.590239E-01
  0.695732E-01
  0.799554E-01
  0.904418E-01
  0.101473E+00
  0.112839E+00
  0.123974E+00
  0.134064E+00
  0.142592E+00
  0.149244E+00
  0.154261E+00
  0.157919E+00
  0.160552E+00
  0.162020E+00
  0.162378E+00
  0.161541E+00
  0.159786E+00
  0.157543E+00
  0.155384E+00
  0.153615E+00
  0.152236E+00
  0.150886E+00
  0.149347E+00
  0.147677E+00
  0.146344E+00
  0.145712E+00
  0.145933E+00
  0.146553E+00
  0.146716E+00
  0.145389E+00
  0.142154E+00
  0.137032E+00
  0.130119E+00
  0.121189E+00
  0.109946E+00
  0.963065E-01
  0.807001E-01
  0.640347E-01
  0.476027E-01
  0.324523E-01
  0.190173E-01
  0.710523E-02
 -0.353984E-02
 -0.129235E-01
 -0.207088E-01
 -0.267015E-01
 -0.311739E-01
 -0.349647E-01
 -0.392210E-01
 -0.448826E-01
 -0.521678E-01
 -0.608219E-01
 -0.702757E-01
 -0.804000E-01
 -0.912634E-01
 -0.103018E+00
 -0.115382E+00
 -0.127451E+00
 -0.137987E+00
 -0.146050E+00
 -0.151350E+00
 -0.154442E+00
 -0.156151E+00
 -0.157130E+00
 -0.157738E+00
 -0.158218E+00
 -0.158816E+00
 -0.160159E+00
 -0.162963E+00
 -0.167843E+00
 -0.174730E+00
 -0.183093E+00
 -0.192117E+00
 -0.201573E+00
 -0.211485E+00
 -0.221983E+00
 -0.232715E+00
 -0.243164E+00
 -0.252432E+00
 -0.260122E+00
 -0.266255E+00
 -0.271624E+00
 -0.276802E+00
 -0.281827E+00
 -0.285986E+00
 -0.288513E+00
 -0.288537E+00
 -0.285701E+00
 -0.280048E+00
 -0.272406E+00
 -0.263141E+00
 -0.252416E+00
 -0.239901E+00
 -0.225871E+00
 -0.210592E+00
 -0.194542E+00
 -0.177798E+00
 -0.160839E+00
 -0.143570E+00
 -0.125807E+00
 -0.107137E+00
 -0.877925E-01
 -0.678626E-01
 -0.473950E-01
 -0.261591E-01
 -0.428161E-02
  0.180741E-01
  0.402314E-01
  0.616463E-01
  0.816863E-01
  0.100653E+00
  0.118937E+00
  0.136868E+00
  0.154205E+00
  0.170525E+00
  0.185117E+00
  0.197843E+00
  0.208648E+00
  0.218243E+00
  0.227127E+00
  0.235642E+00
  0.243456E+00
  0.250287E+00
  0.255597E+00
  0.259304E+00
  0.261296E+00
  0.261812E+00
  0.261050E+00
  0.259117E+00
  0.255821E+00
  0.251386E+00
  0.246157E+00
  0.240613E+00
  0.234805E+00
  0.228942E+00
  0.223010E+00
  0.217070E+00
  0.211009E+00
  0.204863E+00
  0.198457E+00
  0.191620E+00
  0.183873E+00
  0.175291E+00
  0.166230E+00
  0.157473E+00
  0.149567E+00
  0.142935E+00
  0.137882E+00
  0.134561E+00
  0.132615E+00
  0.131578E+00
  0.130977E+00
  0.130837E+00
  0.131463E+00
  0.133194E+00
  0.136274E+00
  0.140746E+00
  0.146339E+00
  0.152908E+00
  0.160264E+00
  0.168179E+00
  0.176346E+00
  0.184381E+00
  0.191675E+00
  0.197618E+00
  0.201805E+00
  0.204293E+00
  0.205409E+00
  0.205514E+00
  0.204838E+00
  0.203484E+00
  0.201518E+00
  0.199143E+00
  0.196971E+00
  0.195765E+00
  0.196181E+00
  0.198567E+00
  0.202962E+00
  0.208858E+00
  0.215250E+00
  0.220940E+00
  0.225090E+00
  0.227168E+00
  0.227104E+00
  0.225380E+00
  0.222791E+00
  0.219701E+00
  0.215945E+00
  0.211063E+00
  0.204962E+00
  0.197668E+00
  0.189365E+00
  0.180132E+00
  0.170107E+00
  0.159180E+00
  0.147309E+00
  0.134647E+00
  0.121746E+00
  0.109026E+00
  0.967786E-01
  0.851728E-01
  0.746892E-01
  0.659368E-01
  0.596933E-01
  0.564780E-01
  0.565886E-01
  0.594248E-01
  0.639908E-01
  0.690558E-01
  0.739031E-01
  0.779838E-01
  0.810303E-01
  0.827371E-01
  0.830695E-01
  0.818077E-01
  0.789828E-01
  0.749508E-01
  0.706760E-01
  0.669217E-01
  0.640803E-01
  0.618711E-01
  0.601062E-01
  0.584089E-01
  0.565201E-01
  0.544152E-01
  0.523990E-01
  0.501740E-01
  0.473854E-01
  0.435393E-01
  0.386012E-01
  0.325577E-01
  0.256587E-01
  0.179798E-01
  0.100563E-01
  0.224950E-02
 -0.504629E-02
 -0.116346E-01
 -0.171584E-01
 -0.216171E-01
 -0.251763E-01
 -0.283650E-01
 -0.315487E-01
 -0.355502E-01
 -0.410977E-01
 -0.487295E-01
 -0.580941E-01
 -0.686999E-01
 -0.799370E-01
 -0.912674E-01
 -0.101877E+00
 -0.111252E+00
 -0.118869E+00
 -0.124364E+00
 -0.127206E+00
 -0.127236E+00
 -0.124761E+00
 -0.120674E+00
 -0.115775E+00
 -0.111048E+00
 -0.107150E+00
 -0.104656E+00
 -0.103647E+00
 -0.104213E+00
 -0.106276E+00
 -0.109844E+00
 -0.114520E+00
 -0.119722E+00
 -0.124735E+00
 -0.129042E+00
 -0.132373E+00
 -0.134864E+00
 -0.136773E+00
 -0.138494E+00
 -0.139992E+00
 -0.141153E+00
 -0.141780E+00
 -0.141866E+00
 -0.141525E+00
 -0.141049E+00
 -0.140512E+00
 -0.139681E+00
 -0.138026E+00
 -0.135478E+00
 -0.132351E+00
 -0.129193E+00
 -0.126292E+00
 -0.123670E+00
 -0.120837E+00
 -0.117029E+00
 -0.111538E+00
 -0.104156E+00
 -0.951073E-01
 -0.849252E-01
 -0.741438E-01
 -0.632701E-01
 -0.527581E-01
 -0.429471E-01
 -0.339874E-01
 -0.259858E-01
 -0.188744E-01
 -0.124355E-01
 -0.628197E-02
 -0.108748E-03
  0.626571E-02
  0.128861E-01
  0.197406E-01
  0.265776E-01
  0.329492E-01
  0.383478E-01
  0.423603E-01
  0.449679E-01
  0.465633E-01
  0.475698E-01
  0.483357E-01
  0.489065E-01
  0.491513E-01
  0.487937E-01
  0.476441E-01
  0.455767E-01
  0.426073E-01
  0.387517E-01
  0.340238E-01
  0.283897E-01
  0.220585E-01
  0.154731E-01
  0.913168E-02
  0.319222E-02
 -0.224823E-02
 -0.719321E-02
 -0.116792E-01
 -0.157558E-01
 -0.193901E-01
 -0.226074E-01
 -0.253792E-01
 -0.277544E-01
 -0.299172E-01
 -0.322983E-01
 -0.353171E-01
 -0.394037E-01
 -0.447965E-01
 -0.515629E-01
 -0.594653E-01
 -0.683225E-01
 -0.781032E-01
 -0.888950E-01
 -0.100785E+00
 -0.114017E+00
 -0.128745E+00
 -0.144715E+00
 -0.161376E+00
 -0.178104E+00
 -0.194509E+00
 -0.210483E+00
 -0.225890E+00
 -0.240558E+00
 -0.254426E+00
 -0.267588E+00
 -0.280244E+00
 -0.292565E+00
 -0.304559E+00
 -0.316061E+00
 -0.326955E+00
 -0.336992E+00
 -0.345794E+00
 -0.352690E+00
 -0.356931E+00
 -0.357636E+00
 -0.354147E+00
 -0.346125E+00
 -0.333705E+00
 -0.317210E+00
 -0.297178E+00
 -0.274248E+00
 -0.249586E+00
 -0.224267E+00
 -0.199088E+00
 -0.174387E+00
 -0.150562E+00
 -0.127566E+00
 -0.105149E+00
 -0.827626E-01
 -0.601830E-01
 -0.371536E-01
 -0.136940E-01
  0.100685E-01
  0.335776E-01
  0.563664E-01
  0.778948E-01
  0.978950E-01
  0.115898E+00
  0.131715E+00
  0.145171E+00
  0.156375E+00
  0.165319E+00
  0.172118E+00
  0.176795E+00
  0.179509E+00
  0.180158E+00
  0.178934E+00
  0.176033E+00
  0.171876E+00
  0.166724E+00
  0.161037E+00
  0.155123E+00
  0.149199E+00
  0.143258E+00
  0.137394E+00
  0.131699E+00
  0.126413E+00
  0.121612E+00
  0.117500E+00
  0.114326E+00
  0.112314E+00
  0.111245E+00
  0.110781E+00
  0.110353E+00
  0.109442E+00
  0.107615E+00
  0.104868E+00
  0.101455E+00
  0.980501E-01
  0.952035E-01
  0.932574E-01
  0.922756E-01
  0.922286E-01
  0.930504E-01
  0.948533E-01
  0.978046E-01
  0.101991E+00
  0.107161E+00
  0.112876E+00
  0.118617E+00
  0.123937E+00
  0.128271E+00
  0.131096E+00
  0.132003E+00
  0.130648E+00
  0.126871E+00
  0.120890E+00
  0.113215E+00
  0.104520E+00
  0.955160E-01
  0.869832E-01
  0.795254E-01
  0.735233E-01
  0.691095E-01
  0.663817E-01
  0.654683E-01
  0.663064E-01
  0.685994E-01
  0.719479E-01
  0.759883E-01
  0.806586E-01
  0.862178E-01
  0.928452E-01
  0.100500E+00
  0.108931E+00
  0.117873E+00
  0.127194E+00
  0.136798E+00
  0.146448E+00
  0.155839E+00
  0.164472E+00
  0.171787E+00
  0.177262E+00
  0.180807E+00
  0.182680E+00
  0.183276E+00
  0.183055E+00
  0.182328E+00
  0.180974E+00
  0.178789E+00
  0.175470E+00
  0.170868E+00
  0.164802E+00
  0.157316E+00
  0.148745E+00
  0.139776E+00
  0.130989E+00
  0.122824E+00
  0.115723E+00
  0.110319E+00
  0.106794E+00
  0.105216E+00
  0.105459E+00
  0.107642E+00
  0.111609E+00
  0.117152E+00
  0.123775E+00
  0.131159E+00
  0.138861E+00
  0.146680E+00
  0.154597E+00
  0.162980E+00
  0.171796E+00
  0.180871E+00
  0.189887E+00
  0.198850E+00
  0.207542E+00
  0.215679E+00
  0.222865E+00
  0.229171E+00
  0.234468E+00
  0.238642E+00
  0.241415E+00
  0.242817E+00
  0.242751E+00
  0.241124E+00
  0.237356E+00
  0.231169E+00
  0.222272E+00
  0.210864E+00
  0.197265E+00
  0.182369E+00
  0.166699E+00
  0.150768E+00
  0.134694E+00
  0.118889E+00
  0.103476E+00
  0.888882E-01
  0.755156E-01
  0.640251E-01
  0.544888E-01
  0.467135E-01
  0.400955E-01
  0.346682E-01
  0.302678E-01
  0.270231E-01
  0.246667E-01
  0.229871E-01
  0.211563E-01
  0.187191E-01
  0.154445E-01
  0.118392E-01
  0.808262E-02
  0.434902E-02
  0.404629E-03
 -0.364587E-02
 -0.812299E-02
 -0.130060E-01
 -0.184691E-01
 -0.240943E-01
 -0.300615E-01
 -0.364353E-01
 -0.435133E-01
 -0.509413E-01
 -0.583270E-01
 -0.650597E-01
 -0.709766E-01
 -0.757624E-01
 -0.796051E-01
 -0.825571E-01
 -0.845000E-01
 -0.847486E-01
 -0.827781E-01
 -0.780051E-01
 -0.705688E-01
 -0.604780E-01
 -0.484379E-01
 -0.350858E-01
 -0.211463E-01
 -0.661475E-02
  0.836819E-02
  0.236952E-01
  0.387851E-01
  0.534429E-01
  0.670312E-01
  0.790361E-01
  0.891200E-01
  0.974865E-01
  0.104250E+00
  0.109695E+00
  0.113679E+00
  0.116505E+00
  0.118192E+00
  0.118837E+00
  0.118220E+00
  0.116469E+00
  0.113050E+00
  0.107495E+00
  0.991472E-01
  0.879888E-01
  0.741038E-01
  0.580625E-01
  0.404013E-01
  0.220625E-01
  0.334260E-02
 -0.156145E-01
 -0.348577E-01
 -0.537113E-01
 -0.721542E-01
 -0.902582E-01
 -0.108381E+00
 -0.126588E+00
 -0.145242E+00
 -0.164379E+00
 -0.183946E+00
 -0.203263E+00
 -0.222070E+00
 -0.240181E+00
 -0.257385E+00
 -0.272904E+00
 -0.286413E+00
 -0.297523E+00
 -0.306076E+00
 -0.311651E+00
 -0.314349E+00
 -0.314247E+00
 -0.311817E+00
 -0.307346E+00
 -0.301518E+00
 -0.294877E+00
 -0.287841E+00
 -0.280445E+00
 -0.273014E+00
 -0.265995E+00
 -0.259903E+00
 -0.254782E+00
 -0.250427E+00
 -0.246402E+00
 -0.242259E+00
 -0.237486E+00
 -0.232169E+00
 -0.226508E+00
 -0.220859E+00
 -0.215450E+00
 -0.210360E+00
 -0.205317E+00
 -0.200109E+00
 -0.194685E+00
 -0.189132E+00
 -0.183444E+00
 -0.177660E+00
 -0.171751E+00
 -0.165829E+00
 -0.159942E+00
 -0.154217E+00
 -0.148871E+00
 -0.144300E+00
 -0.140535E+00
 -0.137342E+00
 -0.134556E+00
 -0.132281E+00
 -0.130810E+00
 -0.130335E+00
 -0.130967E+00
 -0.132570E+00
 -0.134781E+00
 -0.137158E+00
 -0.139354E+00
 -0.141188E+00
 -0.142649E+00
 -0.143912E+00
 -0.145060E+00
 -0.146018E+00
 -0.146820E+00
 -0.147596E+00
 -0.148506E+00
 -0.149660E+00
 -0.151020E+00
 -0.152349E+00
 -0.153641E+00
 -0.154794E+00
 -0.155516E+00
 -0.155575E+00
 -0.155077E+00
 -0.154215E+00
 -0.153246E+00
 -0.152164E+00
 -0.150831E+00
 -0.148945E+00
 -0.146399E+00
 -0.143172E+00
 -0.139320E+00
 -0.134587E+00
 -0.128758E+00
 -0.121743E+00
 -0.113660E+00
 -0.104533E+00
 -0.944259E-01
 -0.833304E-01
 -0.714301E-01
 -0.589348E-01
 -0.458271E-01
 -0.317795E-01
 -0.169226E-01
 -0.159116E-02
  0.137076E-01
  0.287932E-01
  0.435242E-01
  0.579936E-01
  0.721775E-01
  0.860525E-01
  0.995160E-01
  0.112643E+00
  0.125141E+00
  0.136489E+00
  0.146231E+00
  0.154450E+00
  0.161331E+00
  0.167118E+00
  0.171813E+00
  0.175655E+00
  0.178993E+00
  0.182247E+00
  0.185451E+00
  0.188624E+00
  0.191880E+00
  0.195614E+00
  0.199942E+00
  0.204952E+00
  0.210747E+00
  0.217410E+00
  0.224804E+00
  0.232805E+00
  0.241038E+00
  0.248951E+00
  0.255968E+00
  0.261671E+00
  0.265628E+00
  0.267431E+00
  0.266853E+00
  0.263926E+00
  0.258999E+00
  0.252272E+00
  0.243761E+00
  0.233581E+00
  0.222024E+00
  0.209130E+00
  0.194976E+00
  0.179731E+00
  0.163653E+00
  0.147036E+00
  0.130321E+00
  0.113621E+00
  0.969508E-01
  0.803465E-01
  0.641015E-01
  0.482637E-01
  0.328384E-01
  0.175488E-01
  0.223383E-02
 -0.130184E-01
 -0.279513E-01
 -0.425457E-01
 -0.566566E-01
 -0.700536E-01
 -0.825370E-01
 -0.941170E-01
 -0.104403E+00
 -0.113207E+00
 -0.120540E+00
 -0.126295E+00
 -0.130339E+00
 -0.133160E+00
 -0.135179E+00
 -0.136486E+00
 -0.137041E+00
 -0.136809E+00
 -0.135488E+00
 -0.133004E+00
 -0.129465E+00
 -0.125073E+00
 -0.120143E+00
 -0.115144E+00
 -0.110260E+00
 -0.105528E+00
 -0.100874E+00
 -0.963035E-01
 -0.919357E-01
 -0.880122E-01
 -0.848382E-01
 -0.825662E-01
 -0.811548E-01
 -0.805171E-01
 -0.806332E-01
 -0.814800E-01
 -0.829544E-01
 -0.847481E-01
 -0.865109E-01
 -0.880122E-01
 -0.893085E-01
 -0.906176E-01
 -0.921333E-01
 -0.938435E-01
 -0.955633E-01
 -0.968060E-01
 -0.969427E-01
 -0.952855E-01
 -0.914779E-01
 -0.855618E-01
 -0.776529E-01
 -0.678584E-01
 -0.563482E-01
 -0.435779E-01
 -0.302628E-01
 -0.170102E-01
 -0.417948E-02
  0.837489E-02
  0.210367E-01
  0.339317E-01
  0.471104E-01
  0.604411E-01
  0.738114E-01
  0.871599E-01
  0.100484E+00
  0.113835E+00
  0.127073E+00
  0.139804E+00
  0.151456E+00
  0.161557E+00
  0.169979E+00
  0.176872E+00
  0.182470E+00
  0.186958E+00
  0.190621E+00
  0.193665E+00
  0.196349E+00
  0.198797E+00
  0.200937E+00
  0.202524E+00
  0.203274E+00
  0.202797E+00
  0.200760E+00
  0.196954E+00
  0.191700E+00
  0.185293E+00
  0.177939E+00
  0.169659E+00
  0.160664E+00
  0.151103E+00
  0.141397E+00
  0.132009E+00
  0.123359E+00
  0.115567E+00
  0.108610E+00
  0.102250E+00
  0.964919E-01
  0.912307E-01
  0.863443E-01
  0.814351E-01
  0.760697E-01
  0.698029E-01
  0.625757E-01
  0.547804E-01
  0.472953E-01
  0.407777E-01
  0.356919E-01
  0.323418E-01
  0.311832E-01
  0.323221E-01
  0.357119E-01
  0.409372E-01
  0.478366E-01
  0.560844E-01
  0.652336E-01
  0.745411E-01
  0.835331E-01
  0.919141E-01
  0.996559E-01
  0.106486E+00
  0.112194E+00
  0.116260E+00
  0.118473E+00
  0.118929E+00
  0.118447E+00
  0.117655E+00
  0.116891E+00
  0.115960E+00
  0.114999E+00
  0.114263E+00
  0.114060E+00
  0.114468E+00
  0.115876E+00
  0.118280E+00
  0.121481E+00
  0.124884E+00
  0.128470E+00
  0.132256E+00
  0.136396E+00
  0.140736E+00
  0.145479E+00
  0.150638E+00
  0.156133E+00
  0.161323E+00
  0.165679E+00
  0.168801E+00
  0.170381E+00
  0.169933E+00
  0.167484E+00
  0.163046E+00
  0.156492E+00
  0.147396E+00
  0.136199E+00
  0.123453E+00
  0.109738E+00
  0.950713E-01
  0.799256E-01
  0.643067E-01
  0.481975E-01
  0.313100E-01
  0.139817E-01
 -0.381736E-02
 -0.220632E-01
 -0.410653E-01
 -0.606894E-01
 -0.810265E-01
 -0.102157E+00
 -0.124110E+00
 -0.146145E+00
 -0.167963E+00
 -0.189584E+00
 -0.211062E+00
 -0.231923E+00
 -0.251959E+00
 -0.270982E+00
 -0.289069E+00
 -0.306066E+00
 -0.322239E+00
 -0.337744E+00
 -0.352701E+00
 -0.366796E+00
 -0.379967E+00
 -0.392142E+00
 -0.403301E+00
 -0.413187E+00
 -0.421648E+00
 -0.428438E+00
 -0.433598E+00
 -0.437119E+00
 -0.439009E+00
 -0.439279E+00
 -0.438208E+00
 -0.435980E+00
 -0.432747E+00
 -0.428291E+00
 -0.422390E+00
 -0.414989E+00
 -0.406309E+00
 -0.396633E+00
 -0.385895E+00
 -0.373762E+00
 -0.359947E+00
 -0.344429E+00
 -0.327312E+00
 -0.308930E+00
 -0.289516E+00
 -0.269210E+00
 -0.247904E+00
 -0.225595E+00
 -0.202121E+00
 -0.177256E+00
 -0.150831E+00
 -0.123016E+00
 -0.940752E-01
 -0.643769E-01
 -0.340949E-01
 -0.365487E-02
  0.265659E-01
  0.560477E-01
  0.843047E-01
  0.110920E+00
  0.135716E+00
  0.158631E+00
  0.179817E+00
  0.199416E+00
  0.217623E+00
  0.234400E+00
  0.249404E+00
  0.262207E+00
  0.272712E+00
  0.281172E+00
  0.287972E+00
  0.293327E+00
  0.297487E+00
  0.300690E+00
  0.303180E+00
  0.305050E+00
  0.306424E+00
  0.307440E+00
  0.308259E+00
  0.309167E+00
  0.310533E+00
  0.312437E+00
  0.314394E+00
  0.315807E+00
  0.316301E+00
  0.315945E+00
  0.314830E+00
  0.313121E+00
  0.310664E+00
  0.307320E+00
  0.303176E+00
  0.298615E+00
  0.293762E+00
  0.288486E+00
  0.282422E+00
  0.275712E+00
  0.268593E+00
  0.261044E+00
  0.252578E+00
  0.242828E+00
  0.231349E+00
  0.217921E+00
  0.202386E+00
  0.185018E+00
  0.165938E+00
  0.145501E+00
  0.124049E+00
  0.102161E+00
  0.801655E-01
  0.583850E-01
  0.368841E-01
  0.160806E-01
 -0.398332E-02
 -0.233306E-01
 -0.424202E-01
 -0.613031E-01
 -0.801415E-01
 -0.988528E-01
 -0.117386E+00
 -0.135289E+00
 -0.152303E+00
 -0.168163E+00
 -0.182769E+00
 -0.195791E+00
 -0.207367E+00
 -0.217554E+00
 -0.226360E+00
 -0.233346E+00
 -0.238368E+00
 -0.241453E+00
 -0.242719E+00
 -0.241954E+00
 -0.239035E+00
 -0.233849E+00
 -0.226531E+00
 -0.217042E+00
 -0.205655E+00
 -0.192645E+00
 -0.178421E+00
 -0.163134E+00
 -0.146877E+00
 -0.129765E+00
 -0.112163E+00
 -0.944138E-01
 -0.769168E-01
 -0.599521E-01
 -0.435804E-01
 -0.276066E-01
 -0.121242E-01
  0.253770E-02
  0.161151E-01
  0.286912E-01
  0.401986E-01
  0.504489E-01
  0.592099E-01
  0.663319E-01
  0.716093E-01
  0.749355E-01
  0.764929E-01
  0.768059E-01
  0.762663E-01
  0.751540E-01
  0.734233E-01
  0.708722E-01
  0.669212E-01
  0.613603E-01
  0.543687E-01
  0.465754E-01
  0.384006E-01
  0.301587E-01
  0.220969E-01
  0.146758E-01
  0.818034E-02
  0.271553E-02
 -0.173163E-02
 -0.511756E-02
 -0.769570E-02
 -0.974945E-02
 -0.115016E-01
 -0.129159E-01
 -0.140670E-01
 -0.149777E-01
 -0.158157E-01
 -0.167410E-01
 -0.180651E-01
 -0.197108E-01
 -0.215077E-01
 -0.231923E-01
 -0.247476E-01
 -0.260022E-01
 -0.267024E-01
 -0.265971E-01
 -0.257582E-01
 -0.241374E-01
 -0.217323E-01
 -0.188368E-01
 -0.162545E-01
 -0.146800E-01
 -0.145107E-01
 -0.155845E-01
 -0.176059E-01
 -0.202867E-01
 -0.235336E-01
 -0.270588E-01
 -0.305429E-01
 -0.336343E-01
 -0.360686E-01
 -0.376529E-01
 -0.383608E-01
 -0.381008E-01
 -0.368410E-01
 -0.345288E-01
 -0.310971E-01
 -0.262470E-01
 -0.199871E-01
 -0.127015E-01
 -0.508296E-02
  0.252086E-02
  0.997457E-02
  0.170787E-01
  0.236508E-01
  0.297757E-01
  0.353930E-01
  0.403945E-01
  0.446397E-01
  0.481278E-01
  0.506504E-01
  0.520382E-01
  0.521471E-01
  0.509111E-01
  0.482997E-01
  0.447699E-01
  0.410052E-01
  0.376167E-01
  0.348510E-01
  0.328099E-01
  0.314668E-01
  0.307644E-01
  0.305983E-01
  0.310676E-01
  0.321216E-01
  0.337888E-01
  0.360728E-01
  0.392317E-01
  0.433332E-01
  0.483903E-01
  0.542618E-01
  0.610268E-01
  0.686349E-01
  0.769945E-01
  0.858910E-01
  0.951862E-01
  0.104555E+00
  0.113775E+00
  0.122603E+00
  0.130997E+00
  0.138842E+00
  0.146195E+00
  0.152987E+00
  0.159331E+00
  0.165159E+00
  0.170458E+00
  0.175050E+00
  0.179059E+00
  0.182415E+00
  0.185209E+00
  0.187511E+00
  0.189636E+00
  0.191521E+00
  0.193035E+00
  0.193884E+00
  0.194133E+00
  0.193665E+00
  0.192413E+00
  0.190106E+00
  0.186874E+00
  0.182602E+00
  0.177315E+00
  0.170866E+00
  0.163662E+00
  0.155882E+00
  0.147667E+00
  0.138922E+00
  0.129735E+00
  0.119798E+00
  0.108944E+00
  0.969161E-01
  0.840317E-01
  0.705008E-01
  0.566823E-01
  0.426405E-01
  0.288420E-01
  0.154268E-01
  0.260202E-02
 -0.988438E-02
 -0.219051E-01
 -0.336224E-01
 -0.450862E-01
 -0.565446E-01
 -0.678172E-01
 -0.790473E-01
 -0.902376E-01
 -0.101462E+00
 -0.112393E+00
 -0.123353E+00
 -0.134413E+00
 -0.145878E+00
 -0.157415E+00
 -0.168910E+00
 -0.180174E+00
 -0.191192E+00
 -0.201569E+00
 -0.211397E+00
 -0.220788E+00
 -0.230044E+00
 -0.239146E+00
 -0.248097E+00
 -0.256813E+00
 -0.265226E+00
 -0.273028E+00
 -0.280137E+00
 -0.286251E+00
 -0.291195E+00
 -0.294615E+00
 -0.296522E+00
 -0.296951E+00
 -0.295973E+00
 -0.293499E+00
 -0.289613E+00
 -0.284280E+00
 -0.277581E+00
 -0.269396E+00
 -0.259646E+00
 -0.248293E+00
 -0.235495E+00
 -0.221421E+00
 -0.206402E+00
 -0.190804E+00
 -0.174986E+00
 -0.159074E+00
 -0.143133E+00
 -0.127076E+00
 -0.111006E+00
 -0.950424E-01
 -0.793189E-01
 -0.640240E-01
 -0.492765E-01
 -0.352491E-01
 -0.220962E-01
 -0.100649E-01
  0.601878E-03
  0.970602E-02
  0.171099E-01
  0.226004E-01
  0.260680E-01
  0.276754E-01
  0.277137E-01
  0.265080E-01
  0.242577E-01
  0.211663E-01
  0.174757E-01
  0.136140E-01
  0.988276E-02
  0.666946E-02
  0.412687E-02
  0.243340E-02
  0.161666E-02
  0.169198E-02
  0.247460E-02
  0.385819E-02
  0.575651E-02
  0.822101E-02
  0.112621E-01
  0.150624E-01
  0.198256E-01
  0.256729E-01
  0.325906E-01
  0.403684E-01
  0.487305E-01
  0.573706E-01
  0.661550E-01
  0.750263E-01
  0.837790E-01
  0.921500E-01
  0.997796E-01
  0.106213E+00
  0.111198E+00
  0.114741E+00
  0.116882E+00
  0.117738E+00
  0.117418E+00
  0.116276E+00
  0.114619E+00
  0.112817E+00
  0.111256E+00
  0.110356E+00
  0.110263E+00
  0.110869E+00
  0.111929E+00
  0.113233E+00
  0.114471E+00
  0.115322E+00
  0.115372E+00
  0.114426E+00
  0.112355E+00
  0.109210E+00
  0.105157E+00
  0.100698E+00
  0.961423E-01
  0.916714E-01
  0.873561E-01
  0.835341E-01
  0.806369E-01
  0.792050E-01
  0.796554E-01
  0.823385E-01
  0.872008E-01
  0.940283E-01
  0.102370E+00
  0.111929E+00
  0.122270E+00
  0.132829E+00
  0.142831E+00
  0.151689E+00
  0.158942E+00
  0.164395E+00
  0.168035E+00
  0.170415E+00
  0.172035E+00
  0.173222E+00
  0.173950E+00
  0.174302E+00
  0.174181E+00
  0.173556E+00
  0.172358E+00
  0.171024E+00
  0.169612E+00
  0.168145E+00
  0.166349E+00
  0.164310E+00
  0.161890E+00
  0.159394E+00
  0.157133E+00
  0.155521E+00
  0.154519E+00
  0.154177E+00
  0.154187E+00
  0.154707E+00
  0.155591E+00
  0.156836E+00
  0.158171E+00
  0.159791E+00
  0.161412E+00
  0.162551E+00
  0.162768E+00
  0.162463E+00
  0.162030E+00
  0.161948E+00
  0.162360E+00
  0.163386E+00
  0.164510E+00
  0.165562E+00
  0.166277E+00
  0.166708E+00
  0.166517E+00
  0.165510E+00
  0.163353E+00
  0.160307E+00
  0.156352E+00
  0.151977E+00
  0.147376E+00
  0.143190E+00
  0.139542E+00
  0.136426E+00
  0.133404E+00
  0.130737E+00
  0.128285E+00
  0.125926E+00
  0.122974E+00
  0.119219E+00
  0.114139E+00
  0.107683E+00
  0.997757E-01
  0.910605E-01
  0.816405E-01
  0.717003E-01
  0.611619E-01
  0.506647E-01
  0.401352E-01
  0.293639E-01
  0.179641E-01
  0.616300E-02
 -0.612003E-02
 -0.187271E-01
 -0.317832E-01
 -0.447962E-01
 -0.577713E-01
 -0.706633E-01
 -0.838411E-01
 -0.968665E-01
 -0.109704E+00
 -0.122212E+00
 -0.134564E+00
 -0.146269E+00
 -0.157255E+00
 -0.167304E+00
 -0.176315E+00
 -0.183711E+00
 -0.189662E+00
 -0.194605E+00
 -0.198934E+00
 -0.202155E+00
 -0.204121E+00
 -0.204976E+00
 -0.205069E+00
 -0.204339E+00
 -0.203263E+00
 -0.202145E+00
 -0.201415E+00
 -0.200869E+00
 -0.200628E+00
 -0.200589E+00
 -0.200765E+00
 -0.200761E+00
 -0.200555E+00
 -0.199909E+00
 -0.198745E+00
 -0.196674E+00
 -0.193774E+00
 -0.190168E+00
 -0.186008E+00
 -0.180945E+00
 -0.174933E+00
 -0.167970E+00
 -0.160216E+00
 -0.151435E+00
 -0.141874E+00
 -0.131689E+00
 -0.121011E+00
 -0.109521E+00
 -0.973651E-01
 -0.846918E-01
 -0.718873E-01
 -0.590532E-01
 -0.465518E-01
 -0.345939E-01
 -0.233972E-01
 -0.129085E-01
 -0.311749E-02
  0.606637E-02
  0.146217E-01
  0.228643E-01
  0.307742E-01
  0.384969E-01
  0.461037E-01
  0.539337E-01
  0.620149E-01
  0.701402E-01
  0.779510E-01
  0.852769E-01
  0.916694E-01
  0.967650E-01
  0.100187E+00
  0.101904E+00
  0.101609E+00
  0.991065E-01
  0.943672E-01
  0.879250E-01
  0.799902E-01
  0.708860E-01
  0.606804E-01
  0.497941E-01
  0.386096E-01
  0.275760E-01
  0.166518E-01
  0.608351E-02
 -0.421460E-02
 -0.143741E-01
 -0.246133E-01
 -0.346978E-01
 -0.447839E-01
 -0.551711E-01
 -0.662023E-01
 -0.778672E-01
 -0.904324E-01
 -0.104008E+00
 -0.118573E+00
 -0.133581E+00
 -0.148820E+00
 -0.163917E+00
 -0.178666E+00
 -0.192784E+00
 -0.206330E+00
 -0.219507E+00
 -0.232708E+00
 -0.245929E+00
 -0.259048E+00
 -0.271768E+00
 -0.283893E+00
 -0.294902E+00
 -0.304593E+00
 -0.312821E+00
 -0.319630E+00
 -0.324996E+00
 -0.329203E+00
 -0.332464E+00
 -0.334976E+00
 -0.336644E+00
 -0.337537E+00
 -0.337656E+00
 -0.336987E+00
 -0.335552E+00
 -0.333525E+00
 -0.331121E+00
 -0.328584E+00
 -0.326149E+00
 -0.323984E+00
 -0.322141E+00
 -0.320603E+00
 -0.319301E+00
 -0.318118E+00
 -0.317004E+00
 -0.315819E+00
 -0.314469E+00
 -0.312778E+00
 -0.310618E+00
 -0.307934E+00
 -0.304955E+00
 -0.301732E+00
 -0.298224E+00
 -0.294224E+00
 -0.289771E+00
 -0.284684E+00
 -0.278702E+00
 -0.271518E+00
 -0.263207E+00
 -0.253535E+00
 -0.242344E+00
 -0.229479E+00
 -0.215319E+00
 -0.200307E+00
 -0.184939E+00
 -0.169564E+00
 -0.154728E+00
 -0.140652E+00
 -0.127440E+00
 -0.114997E+00
 -0.103657E+00
 -0.933155E-01
 -0.840298E-01
 -0.757153E-01
 -0.684284E-01
 -0.618091E-01
 -0.554937E-01
 -0.491573E-01
 -0.429312E-01
 -0.367581E-01
 -0.306612E-01
 -0.244712E-01
 -0.183107E-01
 -0.120937E-01
 -0.597793E-02
  0.151444E-04
  0.557676E-02
  0.107937E-01
  0.157870E-01
  0.208581E-01
  0.259631E-01
  0.313148E-01
  0.370010E-01
  0.430912E-01
  0.494735E-01
  0.563160E-01
  0.636285E-01
  0.714091E-01
  0.791938E-01
  0.868082E-01
  0.942241E-01
  0.101618E+00
  0.108794E+00
  0.115816E+00
  0.122596E+00
  0.129195E+00
  0.135459E+00
  0.141415E+00
  0.147028E+00
  0.152428E+00
  0.157341E+00
  0.161765E+00
  0.165562E+00
  0.168651E+00
  0.170774E+00
  0.172058E+00
  0.172649E+00
  0.172982E+00
  0.173220E+00
  0.173687E+00
  0.174606E+00
  0.176048E+00
  0.177595E+00
  0.178934E+00
  0.179771E+00
  0.179846E+00
  0.178861E+00
  0.176730E+00
  0.173396E+00
  0.169180E+00
  0.164432E+00
  0.159606E+00
  0.155108E+00
  0.151407E+00
  0.148740E+00
  0.147307E+00
  0.147213E+00
  0.148525E+00
  0.151112E+00
  0.154847E+00
  0.159563E+00
  0.165275E+00
  0.171885E+00
  0.179190E+00
  0.186943E+00
  0.194887E+00
  0.202765E+00
  0.210438E+00
  0.217802E+00
  0.224871E+00
  0.231730E+00
  0.238501E+00
  0.245295E+00
  0.252233E+00
  0.259535E+00
  0.267374E+00
  0.275697E+00
  0.284176E+00
  0.292426E+00
  0.299981E+00
  0.306543E+00
  0.311944E+00
  0.316240E+00
  0.319460E+00
  0.321604E+00
  0.322567E+00
  0.322450E+00
  0.321275E+00
  0.319092E+00
  0.315917E+00
  0.311955E+00
  0.307275E+00
  0.301938E+00
  0.295857E+00
  0.289153E+00
  0.281738E+00
  0.273633E+00
  0.264733E+00
  0.255273E+00
  0.245210E+00
  0.234552E+00
  0.223144E+00
  0.211264E+00
  0.198865E+00
  0.186048E+00
  0.172827E+00
  0.159589E+00
  0.146260E+00
  0.132783E+00
  0.118836E+00
  0.104654E+00
  0.901112E-01
  0.750904E-01
  0.593393E-01
  0.433590E-01
  0.273563E-01
  0.116917E-01
 -0.346542E-02
 -0.175406E-01
 -0.303434E-01
 -0.416147E-01
 -0.513585E-01
 -0.592525E-01
 -0.654989E-01
 -0.702426E-01
 -0.738711E-01
 -0.762239E-01
 -0.775124E-01
 -0.780409E-01
 -0.783381E-01
 -0.784371E-01
 -0.784676E-01
 -0.784805E-01
 -0.785799E-01
 -0.785271E-01
 -0.785094E-01
 -0.786167E-01
 -0.791420E-01
 -0.798422E-01
 -0.808523E-01
 -0.821962E-01
 -0.839995E-01
 -0.859313E-01
 -0.879357E-01
 -0.900399E-01
 -0.924204E-01
 -0.949038E-01
 -0.974131E-01
 -0.997537E-01
 -0.101927E+00
 -0.103477E+00
 -0.104253E+00
 -0.104068E+00
 -0.102882E+00
 -0.100388E+00
 -0.965460E-01
 -0.913319E-01
 -0.848225E-01
 -0.771528E-01
 -0.687082E-01
 -0.598487E-01
 -0.507165E-01
 -0.410613E-01
 -0.308938E-01
 -0.201970E-01
 -0.910459E-02
  0.239317E-02
  0.140120E-01
  0.255255E-01
  0.366396E-01
  0.472728E-01
  0.572524E-01
  0.664230E-01
  0.745402E-01
  0.817356E-01
  0.880222E-01
  0.934685E-01
  0.980344E-01
  0.102022E+00
  0.105388E+00
  0.108085E+00
  0.109957E+00
  0.111179E+00
  0.111690E+00
  0.111655E+00
  0.111203E+00
  0.110603E+00
  0.109753E+00
  0.108688E+00
  0.107311E+00
  0.105872E+00
  0.104216E+00
  0.102321E+00
  0.100029E+00
  0.975221E-01
  0.947029E-01
  0.915676E-01
  0.879933E-01
  0.842755E-01
  0.803694E-01
  0.763464E-01
  0.719434E-01
  0.673034E-01
  0.622710E-01
  0.566029E-01
  0.498609E-01
  0.419648E-01
  0.325860E-01
  0.216573E-01
  0.920924E-02
 -0.419675E-02
 -0.182555E-01
 -0.327838E-01
 -0.479660E-01
 -0.634945E-01
 -0.794371E-01
 -0.956756E-01
 -0.112267E+00
 -0.128713E+00
 -0.144741E+00
 -0.159982E+00
 -0.174267E+00
 -0.187161E+00
 -0.198448E+00
 -0.207957E+00
 -0.215884E+00
 -0.222219E+00
 -0.227208E+00
 -0.231008E+00
 -0.234022E+00
 -0.236282E+00
 -0.238052E+00
 -0.239354E+00
 -0.240239E+00
 -0.240456E+00
 -0.239792E+00
 -0.238013E+00
 -0.235163E+00
 -0.231196E+00
 -0.226478E+00
 -0.221469E+00
 -0.216646E+00
 -0.212036E+00
 -0.207584E+00
 -0.203159E+00
 -0.198537E+00
 -0.193281E+00
 -0.187134E+00
 -0.179996E+00
 -0.172031E+00
 -0.163541E+00
 -0.155087E+00
 -0.147147E+00
 -0.140009E+00
 -0.133475E+00
 -0.127278E+00
 -0.121092E+00
 -0.114696E+00
 -0.107838E+00
 -0.100409E+00
 -0.924765E-01
 -0.842352E-01
 -0.759109E-01
 -0.677467E-01
 -0.599816E-01
 -0.527434E-01
 -0.459559E-01
 -0.395166E-01
 -0.331970E-01
 -0.268349E-01
 -0.204211E-01
 -0.141978E-01
 -0.836352E-02
 -0.313151E-02
  0.130046E-02
  0.471158E-02
  0.701426E-02
  0.811253E-02
  0.799463E-02
  0.680675E-02
  0.492330E-02
  0.278357E-02
  0.773973E-03
 -0.970429E-03
 -0.237620E-02
 -0.343412E-02
 -0.421774E-02
 -0.502187E-02
 -0.613875E-02
 -0.780722E-02
 -0.101743E-01
 -0.131408E-01
 -0.165631E-01
 -0.200790E-01
 -0.231305E-01
 -0.252946E-01
 -0.262174E-01
 -0.259281E-01
 -0.247166E-01
 -0.230748E-01
 -0.212979E-01
 -0.195435E-01
 -0.178064E-01
 -0.158973E-01
 -0.135627E-01
 -0.107299E-01
 -0.753716E-02
 -0.424264E-02
 -0.108759E-02
  0.156675E-02
  0.331755E-02
  0.368652E-02
  0.214558E-02
 -0.160054E-02
 -0.748191E-02
 -0.151172E-01
 -0.239945E-01
 -0.335776E-01
 -0.433996E-01
 -0.532120E-01
 -0.626890E-01
 -0.714859E-01
 -0.790832E-01
 -0.850733E-01
 -0.893906E-01
 -0.922676E-01
 -0.940852E-01
 -0.952879E-01
 -0.961517E-01
 -0.965880E-01
 -0.963095E-01
 -0.950610E-01
 -0.927357E-01
 -0.892646E-01
 -0.848371E-01
 -0.798076E-01
 -0.744567E-01
 -0.688422E-01
 -0.628556E-01
 -0.562205E-01
 -0.487602E-01
 -0.403575E-01
 -0.309431E-01
 -0.204912E-01
 -0.915876E-02
  0.300557E-02
  0.159550E-01
  0.293784E-01
  0.429071E-01
  0.564033E-01
  0.697777E-01
  0.830669E-01
  0.963658E-01
  0.109646E+00
  0.122620E+00
  0.134852E+00
  0.145890E+00
  0.155433E+00
  0.163424E+00
  0.169890E+00
  0.174725E+00
  0.177778E+00
  0.178896E+00
  0.178042E+00
  0.175437E+00
  0.171445E+00
  0.166303E+00
  0.160030E+00
  0.152521E+00
  0.143525E+00
  0.132933E+00
  0.120741E+00
  0.107207E+00
  0.928132E-01
  0.782408E-01
  0.639278E-01
  0.501391E-01
  0.369282E-01
  0.243336E-01
  0.122395E-01
  0.530445E-03
 -0.108285E-01
 -0.216406E-01
 -0.316291E-01
 -0.403445E-01
 -0.472656E-01
 -0.519537E-01
 -0.543804E-01
 -0.548759E-01
 -0.539788E-01
 -0.521421E-01
 -0.497200E-01
 -0.468804E-01
 -0.436267E-01
 -0.398287E-01
 -0.353787E-01
 -0.302719E-01
 -0.246372E-01
 -0.187894E-01
 -0.131714E-01
 -0.813351E-02
 -0.381549E-02
 -0.213804E-03
  0.252513E-02
  0.429585E-02
  0.496908E-02
  0.454651E-02
  0.286546E-02
 -0.231702E-03
 -0.491415E-02
 -0.111605E-01
 -0.189214E-01
 -0.280830E-01
 -0.384906E-01
 -0.499016E-01
 -0.619076E-01
 -0.740213E-01
 -0.857865E-01
 -0.965719E-01
 -0.105740E+00
 -0.112652E+00
 -0.116866E+00
 -0.118176E+00
 -0.116723E+00
 -0.112841E+00
 -0.107124E+00
 -0.100079E+00
 -0.921330E-01
 -0.835854E-01
 -0.745204E-01
 -0.648996E-01
 -0.548498E-01
 -0.447430E-01
 -0.350900E-01
 -0.263749E-01
 -0.190203E-01
 -0.132547E-01
 -0.906196E-02
 -0.633308E-02
 -0.486503E-02
 -0.439954E-02
 -0.465412E-02
 -0.535059E-02
 -0.614874E-02
 -0.659080E-02
 -0.627594E-02
 -0.494935E-02
 -0.262561E-02
  0.347068E-03
  0.339982E-02
  0.596507E-02
  0.762885E-02
  0.803769E-02
  0.702340E-02
  0.464832E-02
  0.139022E-02
 -0.201958E-02
 -0.476561E-02
 -0.622162E-02
 -0.609499E-02
 -0.434555E-02
 -0.105592E-02
  0.361472E-02
  0.947236E-02
  0.164392E-01
  0.246449E-01
  0.341321E-01
  0.447758E-01
  0.563109E-01
  0.684685E-01
  0.810919E-01
  0.940746E-01
  0.107297E+00
  0.120505E+00
  0.133340E+00
  0.145412E+00
  0.156549E+00
  0.166793E+00
  0.176233E+00
  0.184820E+00
  0.192240E+00
  0.197983E+00
  0.201643E+00
  0.202973E+00
  0.201857E+00
  0.198155E+00
  0.191997E+00
  0.183508E+00
  0.172993E+00
  0.160831E+00
  0.147671E+00
  0.134279E+00
  0.121472E+00
  0.109944E+00
  0.100336E+00
  0.926811E-01
  0.865625E-01
  0.810837E-01
  0.754971E-01
  0.693355E-01
  0.627387E-01
  0.561358E-01
  0.502985E-01
  0.455832E-01
  0.420535E-01
  0.392429E-01
  0.368812E-01
  0.346789E-01
  0.325132E-01
  0.301063E-01
  0.272830E-01
  0.237804E-01
  0.195555E-01
  0.146798E-01
  0.964792E-02
  0.503484E-02
  0.148798E-02
 -0.631166E-03
 -0.888999E-03
  0.883456E-03
  0.486059E-02
  0.108056E-01
  0.183567E-01
  0.268857E-01
  0.359467E-01
  0.451390E-01
  0.542248E-01
  0.629487E-01
  0.713363E-01
  0.793720E-01
  0.871645E-01
  0.945838E-01
  0.101423E+00
  0.107340E+00
  0.112295E+00
  0.116173E+00
  0.119018E+00
  0.120782E+00
  0.121716E+00
  0.121864E+00
  0.121258E+00
  0.119701E+00
  0.117292E+00
  0.114100E+00
  0.110008E+00
  0.104620E+00
  0.979917E-01
  0.901101E-01
  0.812653E-01
  0.715695E-01
  0.615296E-01
  0.516726E-01
  0.427213E-01
  0.351122E-01
  0.292850E-01
  0.251697E-01
  0.226421E-01
  0.212126E-01
  0.208640E-01
  0.211882E-01
  0.219245E-01
  0.227119E-01
  0.235575E-01
  0.240701E-01
  0.239477E-01
  0.228900E-01
  0.210938E-01
  0.184143E-01
  0.149977E-01
  0.108535E-01
  0.642834E-02
  0.206604E-02
 -0.175981E-02
 -0.487311E-02
 -0.706359E-02
 -0.855462E-02
 -0.955311E-02
 -0.104695E-01
 -0.111564E-01
 -0.115394E-01
 -0.115496E-01
 -0.113117E-01
 -0.106785E-01
 -0.989508E-02
 -0.925952E-02
 -0.924997E-02
 -0.998714E-02
 -0.117204E-01
 -0.144073E-01
 -0.178559E-01
 -0.212680E-01
 -0.239389E-01
 -0.252136E-01
 -0.249188E-01
 -0.229496E-01
 -0.196992E-01
 -0.158310E-01
 -0.120601E-01
 -0.845560E-02
 -0.514698E-02
 -0.208811E-02
  0.544881E-03
  0.283893E-02
  0.456342E-02
  0.554372E-02
  0.548653E-02
  0.456735E-02
  0.283907E-02
  0.632527E-03
 -0.191975E-02
 -0.439088E-02
 -0.663697E-02
 -0.850051E-02
 -0.992114E-02
 -0.103823E-01
 -0.963973E-02
 -0.774638E-02
 -0.528919E-02
 -0.282265E-02
 -0.107188E-02
 -0.394964E-03
 -0.981635E-03
 -0.243306E-02
 -0.455070E-02
 -0.717587E-02
 -0.102788E-01
 -0.133578E-01
 -0.159850E-01
 -0.177260E-01
 -0.186838E-01
 -0.189558E-01
 -0.190480E-01
 -0.193391E-01
 -0.199385E-01
 -0.204767E-01
 -0.207972E-01
 -0.208211E-01
 -0.206882E-01
 -0.201890E-01
 -0.191798E-01
 -0.175814E-01
 -0.156976E-01
 -0.138013E-01
 -0.124524E-01
 -0.121355E-01
 -0.133890E-01
 -0.160746E-01
 -0.198469E-01
 -0.240350E-01
 -0.279958E-01
 -0.311799E-01
 -0.335426E-01
 -0.350407E-01
 -0.356378E-01
 -0.349637E-01
 -0.329012E-01
 -0.294876E-01
 -0.250734E-01
 -0.198966E-01
 -0.143478E-01
 -0.874054E-02
 -0.363091E-02
  0.757445E-03
  0.401031E-02
  0.586230E-02
  0.621064E-02
  0.560414E-02
  0.467357E-02
  0.407178E-02
  0.401394E-02
  0.448350E-02
  0.495155E-02
  0.498453E-02
  0.427087E-02
  0.295816E-02
  0.101895E-02
 -0.164350E-02
 -0.537339E-02
 -0.103876E-01
 -0.172278E-01
 -0.263542E-01
 -0.380785E-01
 -0.521680E-01
 -0.682925E-01
 -0.857308E-01
 -0.103709E+00
 -0.121140E+00
 -0.137002E+00
 -0.150286E+00
 -0.160352E+00
 -0.166970E+00
 -0.170686E+00
 -0.172424E+00
 -0.173237E+00
 -0.173800E+00
 -0.174601E+00
 -0.175713E+00
 -0.177110E+00
 -0.178425E+00
 -0.179420E+00
 -0.179980E+00
 -0.179916E+00
 -0.178715E+00
 -0.176053E+00
 -0.171811E+00
 -0.166076E+00
 -0.159093E+00
 -0.151417E+00
 -0.143564E+00
 -0.135929E+00
 -0.128464E+00
 -0.121012E+00
 -0.113288E+00
 -0.105075E+00
 -0.962355E-01
 -0.867828E-01
 -0.769764E-01
 -0.672712E-01
 -0.580482E-01
 -0.496192E-01
 -0.421099E-01
 -0.354470E-01
 -0.292999E-01
 -0.232929E-01
 -0.170680E-01
 -0.104958E-01
 -0.361040E-02
  0.335564E-02
  0.101190E-01
  0.163975E-01
  0.221096E-01
  0.273646E-01
  0.324240E-01
  0.375000E-01
  0.426883E-01
  0.479522E-01
  0.532212E-01
  0.582395E-01
  0.628845E-01
  0.671646E-01
  0.713744E-01
  0.758115E-01
  0.805429E-01
  0.851992E-01
  0.893325E-01
  0.925784E-01
  0.948144E-01
  0.959638E-01
  0.962181E-01
  0.959562E-01
  0.956767E-01
  0.956827E-01
  0.962211E-01
  0.973476E-01
  0.990861E-01
  0.101245E+00
  0.103512E+00
  0.105504E+00
  0.106844E+00
  0.106997E+00
  0.105639E+00
  0.102521E+00
  0.977386E-01
  0.915228E-01
  0.843224E-01
  0.765592E-01
  0.689228E-01
  0.619057E-01
  0.557983E-01
  0.505850E-01
  0.460730E-01
  0.419131E-01
  0.378811E-01
  0.339015E-01
  0.301581E-01
  0.266557E-01
  0.233191E-01
  0.200341E-01
  0.168797E-01
  0.136848E-01
  0.102285E-01
  0.616070E-02
  0.115778E-02
 -0.511757E-02
 -0.127688E-01
 -0.217112E-01
 -0.312836E-01
 -0.408155E-01
 -0.497268E-01
 -0.576779E-01
 -0.643373E-01
 -0.696721E-01
 -0.738047E-01
 -0.770352E-01
 -0.795053E-01
 -0.814456E-01
 -0.828723E-01
 -0.836350E-01
 -0.835012E-01
 -0.825409E-01
 -0.809501E-01
 -0.792608E-01
 -0.780841E-01
 -0.780137E-01
 -0.792671E-01
 -0.818361E-01
 -0.853294E-01
 -0.893512E-01
 -0.935182E-01
 -0.975597E-01
 -0.101246E+00
 -0.104568E+00
 -0.107572E+00
 -0.110360E+00
 -0.112821E+00
 -0.114919E+00
 -0.116678E+00
 -0.118219E+00
 -0.119572E+00
 -0.120872E+00
 -0.122345E+00
 -0.124274E+00
 -0.126671E+00
 -0.129399E+00
 -0.132220E+00
 -0.134930E+00
 -0.137406E+00
 -0.139608E+00
 -0.141705E+00
 -0.144083E+00
 -0.147195E+00
 -0.151324E+00
 -0.156282E+00
 -0.161564E+00
 -0.166511E+00
 -0.170548E+00
 -0.173106E+00
 -0.173670E+00
 -0.171908E+00
 -0.167569E+00
 -0.160607E+00
 -0.151235E+00
 -0.139983E+00
 -0.127656E+00
 -0.115156E+00
 -0.103164E+00
 -0.922132E-01
 -0.824949E-01
 -0.739710E-01
 -0.664640E-01
 -0.597180E-01
 -0.532450E-01
 -0.465985E-01
 -0.393086E-01
 -0.311479E-01
 -0.218898E-01
 -0.114764E-01
 -0.769269E-04
  0.117769E-01
  0.235873E-01
  0.349897E-01
  0.457649E-01
  0.556265E-01
  0.644469E-01
  0.721511E-01
  0.788233E-01
  0.846216E-01
  0.897638E-01
  0.943275E-01
  0.983083E-01
  0.101505E+00
  0.103760E+00
  0.104893E+00
  0.105001E+00
  0.104268E+00
  0.103043E+00
  0.101704E+00
  0.100664E+00
  0.100132E+00
  0.100202E+00
  0.100856E+00
  0.101994E+00
  0.103595E+00
  0.105643E+00
  0.108056E+00
  0.110530E+00
  0.112624E+00
  0.114017E+00
  0.114423E+00
  0.113629E+00
  0.111532E+00
  0.108303E+00
  0.104282E+00
  0.997145E-01
  0.947312E-01
  0.894286E-01
  0.838892E-01
  0.782517E-01
  0.725417E-01
  0.665511E-01
  0.600470E-01
  0.529919E-01
  0.456444E-01
  0.383444E-01
  0.316272E-01
  0.258912E-01
  0.214579E-01
  0.183271E-01
  0.161476E-01
  0.143701E-01
  0.125006E-01
  0.101240E-01
  0.698799E-02
  0.288080E-02
 -0.233169E-02
 -0.885358E-02
 -0.167017E-01
 -0.257368E-01
 -0.356299E-01
 -0.458631E-01
 -0.559533E-01
 -0.655098E-01
 -0.741738E-01
 -0.816194E-01
 -0.875306E-01
 -0.917345E-01
 -0.940566E-01
 -0.945188E-01
 -0.934076E-01
 -0.912004E-01
 -0.883315E-01
 -0.850462E-01
 -0.814226E-01
 -0.774782E-01
 -0.732412E-01
 -0.685802E-01
 -0.632829E-01
 -0.570220E-01
 -0.493435E-01
 -0.398954E-01
 -0.284992E-01
 -0.153449E-01
 -0.105549E-02
  0.134952E-01
  0.274075E-01
  0.399764E-01
  0.506193E-01
  0.589725E-01
  0.648672E-01
  0.683593E-01
  0.696774E-01
  0.691775E-01
  0.674448E-01
  0.650823E-01
  0.626412E-01
  0.604708E-01
  0.587216E-01
  0.573932E-01
  0.563908E-01
  0.555097E-01
  0.545961E-01
  0.536842E-01
  0.528043E-01
  0.518314E-01
  0.504867E-01
  0.484360E-01
  0.455163E-01
  0.417846E-01
  0.374737E-01
  0.327678E-01
  0.278084E-01
  0.225488E-01
  0.168152E-01
  0.104223E-01
  0.347575E-02
 -0.377749E-02
 -0.110113E-01
 -0.179797E-01
 -0.243901E-01
 -0.300100E-01
 -0.346335E-01
 -0.380353E-01
 -0.399698E-01
 -0.403598E-01
 -0.393701E-01
 -0.373325E-01
 -0.346298E-01
 -0.316607E-01
 -0.286794E-01
 -0.258590E-01
 -0.233267E-01
 -0.211879E-01
 -0.195077E-01
 -0.182440E-01
 -0.172548E-01
 -0.164302E-01
 -0.157417E-01
 -0.152006E-01
 -0.148146E-01
 -0.146439E-01
 -0.147158E-01
 -0.149357E-01
 -0.150687E-01
 -0.148478E-01
 -0.141008E-01
 -0.127582E-01
 -0.108492E-01
 -0.831742E-02
 -0.511187E-02
 -0.125997E-02
  0.312215E-02
  0.780674E-02
  0.124455E-01
  0.167521E-01
  0.206335E-01
  0.243177E-01
  0.280940E-01
  0.320692E-01
  0.362338E-01
  0.405580E-01
  0.450149E-01
  0.494526E-01
  0.537078E-01
  0.576254E-01
  0.610702E-01
  0.638800E-01
  0.659006E-01
  0.670481E-01
  0.673307E-01
  0.667609E-01
  0.652590E-01
  0.625449E-01
  0.582068E-01
  0.518997E-01
  0.437165E-01
  0.340228E-01
  0.233683E-01
  0.123685E-01
  0.175352E-02
 -0.777414E-02
 -0.155888E-01
 -0.211437E-01
 -0.240370E-01
 -0.242539E-01
 -0.220464E-01
 -0.179017E-01
 -0.122644E-01
 -0.558682E-02
  0.179845E-02
  0.951131E-02
  0.172197E-01
  0.245311E-01
  0.311521E-01
  0.369590E-01
  0.419882E-01
  0.463177E-01
  0.500484E-01
  0.532022E-01
  0.558029E-01
  0.578632E-01
  0.594283E-01
  0.605991E-01
  0.615748E-01
  0.623984E-01
  0.631976E-01
  0.639666E-01
  0.646708E-01
  0.652366E-01
  0.655757E-01
  0.655124E-01
  0.650010E-01
  0.640199E-01
  0.627085E-01
  0.613207E-01
  0.601769E-01
  0.594045E-01
  0.589723E-01
  0.587974E-01
  0.590234E-01
  0.595945E-01
  0.603143E-01
  0.607695E-01
  0.607183E-01
  0.599905E-01
  0.585757E-01
  0.566309E-01
  0.545571E-01
  0.526702E-01
  0.512862E-01
  0.505581E-01
  0.505462E-01
  0.510399E-01
  0.518821E-01
  0.528374E-01
  0.538273E-01
  0.548270E-01
  0.558759E-01
  0.568276E-01
  0.575866E-01
  0.579442E-01
  0.577132E-01
  0.567647E-01
  0.553364E-01
  0.537064E-01
  0.522988E-01
  0.513266E-01
  0.510513E-01
  0.515053E-01
  0.524443E-01
  0.533620E-01
  0.539591E-01
  0.538487E-01
  0.528057E-01
  0.506813E-01
  0.476971E-01
  0.441053E-01
  0.403014E-01
  0.365553E-01
  0.333528E-01
  0.310324E-01
  0.298890E-01
  0.300695E-01
  0.317983E-01
  0.350987E-01
  0.399112E-01
  0.459447E-01
  0.530270E-01
  0.607463E-01
  0.687632E-01
  0.766735E-01
  0.844744E-01
  0.920166E-01
  0.991173E-01
  0.105420E+00
  0.110787E+00
  0.114981E+00
  0.117824E+00
  0.119123E+00
  0.119172E+00
  0.118262E+00
  0.116839E+00
  0.115179E+00
  0.113791E+00
  0.112858E+00
  0.112587E+00
  0.112960E+00
  0.114087E+00
  0.115675E+00
  0.117419E+00
  0.118796E+00
  0.119708E+00
  0.119799E+00
  0.118982E+00
  0.117185E+00
  0.114744E+00
  0.111749E+00
  0.108343E+00
  0.104308E+00
  0.997098E-01
  0.942390E-01
  0.876781E-01
  0.797404E-01
  0.706347E-01
  0.604738E-01
  0.494108E-01
  0.373157E-01
  0.242669E-01
  0.995078E-02
 -0.574782E-02
 -0.229144E-01
 -0.411970E-01
 -0.604346E-01
 -0.803013E-01
 -0.100658E+00
 -0.120791E+00
 -0.140174E+00
 -0.158106E+00
 -0.174187E+00
 -0.187827E+00
 -0.198952E+00
 -0.207523E+00
 -0.213723E+00
 -0.217473E+00
 -0.219031E+00
 -0.218786E+00
 -0.217419E+00
 -0.215470E+00
 -0.213629E+00
 -0.212314E+00
 -0.211714E+00
 -0.211399E+00
 -0.210991E+00
 -0.210144E+00
 -0.208723E+00
 -0.206418E+00
 -0.203201E+00
 -0.199138E+00
 -0.194438E+00
 -0.189112E+00
 -0.183328E+00
 -0.177329E+00
 -0.171504E+00
 -0.166164E+00
 -0.161599E+00
 -0.157942E+00
 -0.155258E+00
 -0.153481E+00
 -0.152584E+00
 -0.152458E+00
 -0.152964E+00
 -0.153901E+00
 -0.155182E+00
 -0.156816E+00
 -0.158875E+00
 -0.161290E+00
 -0.163943E+00
 -0.166759E+00
 -0.169662E+00
 -0.172652E+00
 -0.175718E+00
 -0.178808E+00
 -0.181650E+00
 -0.183826E+00
 -0.184885E+00
 -0.184683E+00
 -0.183265E+00
 -0.180809E+00
 -0.177436E+00
 -0.173225E+00
 -0.168201E+00
 -0.162251E+00
 -0.155132E+00
 -0.146670E+00
 -0.136658E+00
 -0.125111E+00
 -0.112037E+00
 -0.975674E-01
 -0.819453E-01
 -0.658071E-01
 -0.497059E-01
 -0.340776E-01
 -0.192540E-01
 -0.561069E-02
  0.660167E-02
  0.170952E-01
  0.257568E-01
  0.323842E-01
  0.369739E-01
  0.397017E-01
  0.409110E-01
  0.408341E-01
  0.398127E-01
  0.382539E-01
  0.366178E-01
  0.350557E-01
  0.336381E-01
  0.323716E-01
  0.311975E-01
  0.299193E-01
  0.284606E-01
  0.267148E-01
  0.247503E-01
  0.226297E-01
  0.204007E-01
  0.179750E-01
  0.151968E-01
  0.117266E-01
  0.730218E-02
  0.165772E-02
 -0.541138E-02
 -0.139424E-01
 -0.237533E-01
 -0.345821E-01
 -0.459184E-01
 -0.571540E-01
 -0.675659E-01
 -0.764016E-01
 -0.830134E-01
 -0.872113E-01
 -0.889710E-01
 -0.885597E-01
 -0.864692E-01
 -0.832654E-01
 -0.794118E-01
 -0.753708E-01
 -0.714230E-01
 -0.678681E-01
 -0.647868E-01
 -0.621293E-01
 -0.596498E-01
 -0.571133E-01
 -0.541263E-01
 -0.505912E-01
 -0.465300E-01
 -0.420893E-01
 -0.373379E-01
 -0.325906E-01
 -0.281124E-01
 -0.243045E-01
 -0.213799E-01
 -0.193126E-01
 -0.177227E-01
 -0.162892E-01
 -0.144010E-01
 -0.116502E-01
 -0.788256E-02
 -0.336661E-02
  0.160357E-02
  0.662420E-02
  0.114401E-01
  0.158114E-01
  0.197036E-01
  0.231974E-01
  0.264025E-01
  0.293078E-01
  0.321663E-01
  0.351572E-01
  0.383754E-01
  0.416570E-01
  0.450418E-01
  0.484805E-01
  0.518369E-01
  0.547236E-01
  0.568916E-01
  0.581583E-01
  0.585028E-01
  0.579790E-01
  0.567826E-01
  0.553254E-01
  0.541417E-01
  0.535875E-01
  0.541519E-01
  0.561104E-01
  0.595188E-01
  0.641242E-01
  0.697000E-01
  0.759217E-01
  0.825645E-01
  0.892126E-01
  0.954768E-01
  0.100941E+00
  0.105169E+00
  0.107627E+00
  0.107968E+00
  0.106117E+00
  0.102242E+00
  0.965016E-01
  0.891771E-01
  0.805841E-01
  0.712212E-01
  0.615866E-01
  0.523874E-01
  0.443040E-01
  0.378780E-01
  0.332381E-01
  0.300769E-01
  0.278199E-01
  0.258414E-01
  0.234809E-01
  0.202969E-01
  0.161188E-01
  0.110273E-01
  0.522655E-02
 -0.992631E-03
 -0.719528E-02
 -0.128539E-01
 -0.173987E-01
 -0.204358E-01
 -0.217686E-01
 -0.213745E-01
 -0.195046E-01
 -0.164140E-01
 -0.123102E-01
 -0.733884E-02
 -0.169889E-02
  0.449286E-02
  0.112022E-01
  0.183647E-01
  0.258294E-01
  0.336673E-01
  0.420556E-01
  0.510762E-01
  0.606531E-01
  0.707007E-01
  0.810467E-01
  0.915576E-01
  0.102079E+00
  0.112402E+00
  0.122198E+00
  0.131113E+00
  0.138840E+00
  0.145148E+00
  0.150007E+00
  0.153557E+00
  0.156022E+00
  0.157728E+00
  0.158858E+00
  0.159382E+00
  0.159292E+00
  0.158610E+00
  0.157275E+00
  0.155167E+00
  0.152341E+00
  0.148856E+00
  0.144834E+00
  0.140189E+00
  0.134955E+00
  0.129107E+00
  0.122751E+00
  0.115947E+00
  0.108870E+00
  0.101571E+00
  0.940673E-01
  0.862461E-01
  0.782715E-01
  0.702581E-01
  0.624143E-01
  0.548854E-01
  0.479253E-01
  0.417024E-01
  0.363320E-01
  0.318124E-01
  0.281854E-01
  0.253905E-01
  0.233258E-01
  0.216642E-01
  0.201627E-01
  0.184855E-01
  0.163763E-01
  0.136032E-01
  0.101448E-01
  0.602379E-02
  0.137019E-02
 -0.378666E-02
 -0.933123E-02
 -0.152564E-01
 -0.214639E-01
 -0.278973E-01
 -0.343831E-01
 -0.409490E-01
 -0.477571E-01
 -0.550223E-01
 -0.628577E-01
 -0.714287E-01
 -0.806791E-01
 -0.905604E-01
 -0.100844E+00
 -0.111304E+00
 -0.121607E+00
 -0.131422E+00
 -0.140378E+00
 -0.148274E+00
 -0.154907E+00
 -0.160218E+00
 -0.164192E+00
 -0.167000E+00
 -0.168800E+00
 -0.169767E+00
 -0.169992E+00
 -0.169659E+00
 -0.168987E+00
 -0.168120E+00
 -0.167029E+00
 -0.165687E+00
 -0.164073E+00
 -0.162127E+00
 -0.159822E+00
 -0.157119E+00
 -0.154051E+00
 -0.150674E+00
 -0.147017E+00
 -0.143013E+00
 -0.138574E+00
 -0.133510E+00
 -0.127776E+00
 -0.121352E+00
 -0.114217E+00
 -0.106331E+00
 -0.977160E-01
 -0.882952E-01
 -0.781195E-01
 -0.672198E-01
 -0.557328E-01
 -0.436917E-01
 -0.310732E-01
 -0.177371E-01
 -0.373686E-02
  0.108116E-01
  0.256978E-01
  0.405981E-01
  0.551449E-01
  0.691022E-01
  0.823379E-01
  0.948341E-01
  0.106471E+00
  0.117155E+00
  0.126652E+00
  0.134872E+00
  0.141840E+00
  0.147684E+00
  0.152612E+00
  0.156863E+00
  0.160590E+00
  0.163935E+00
  0.167008E+00
  0.169892E+00
  0.172563E+00
  0.174883E+00
  0.176688E+00
  0.177724E+00
  0.177833E+00
  0.177073E+00
  0.175587E+00
  0.173588E+00
  0.171389E+00
  0.169237E+00
  0.167374E+00
  0.165879E+00
  0.164963E+00
  0.164735E+00
  0.165122E+00
  0.165783E+00
  0.166262E+00
  0.166059E+00
  0.164881E+00
  0.162687E+00
  0.159729E+00
  0.156299E+00
  0.152679E+00
  0.148959E+00
  0.145316E+00
  0.141929E+00
  0.139020E+00
  0.136691E+00
  0.135114E+00
  0.134188E+00
  0.133662E+00
  0.133090E+00
  0.132265E+00
  0.131023E+00
  0.129253E+00
  0.126633E+00
  0.122926E+00
  0.117683E+00
  0.110651E+00
  0.101642E+00
  0.908849E-01
  0.785552E-01
  0.648667E-01
  0.499272E-01
  0.340890E-01
  0.175287E-01
  0.578860E-03
 -0.164263E-01
 -0.328149E-01
 -0.483401E-01
 -0.629421E-01
 -0.767955E-01
 -0.898944E-01
 -0.102382E+00
 -0.114359E+00
 -0.125876E+00
 -0.136786E+00
 -0.147224E+00
 -0.157301E+00
 -0.167189E+00
 -0.176577E+00
 -0.185221E+00
 -0.192883E+00
 -0.199619E+00
 -0.205600E+00
 -0.211210E+00
 -0.216782E+00
 -0.222546E+00
 -0.228217E+00
 -0.233446E+00
 -0.238014E+00
 -0.241918E+00
 -0.245226E+00
 -0.248076E+00
 -0.250392E+00
 -0.251835E+00
 -0.251990E+00
 -0.250817E+00
 -0.248502E+00
 -0.245362E+00
 -0.241721E+00
 -0.237702E+00
 -0.233203E+00
 -0.228037E+00
 -0.222040E+00
 -0.215270E+00
 -0.208191E+00
 -0.201263E+00
 -0.194618E+00
 -0.187976E+00
 -0.180986E+00
 -0.173249E+00
 -0.164640E+00
 -0.155314E+00
 -0.145581E+00
 -0.135633E+00
 -0.125551E+00
 -0.115264E+00
 -0.104936E+00
 -0.948468E-01
 -0.855265E-01
 -0.773402E-01
 -0.703782E-01
 -0.642936E-01
 -0.586876E-01
 -0.532996E-01
 -0.481347E-01
 -0.433240E-01
 -0.392826E-01
 -0.361237E-01
 -0.337156E-01
 -0.318209E-01
 -0.304113E-01
 -0.293452E-01
 -0.285759E-01
 -0.280919E-01
 -0.280207E-01
 -0.281619E-01
 -0.282404E-01
 -0.279650E-01
 -0.274648E-01
 -0.269955E-01
 -0.267703E-01
 -0.267656E-01
 -0.270511E-01
 -0.276254E-01
 -0.286224E-01
 -0.300359E-01
 -0.320977E-01
 -0.349060E-01
 -0.383911E-01
 -0.422380E-01
 -0.462688E-01
 -0.501136E-01
 -0.534763E-01
 -0.562469E-01
 -0.586902E-01
 -0.607255E-01
 -0.622380E-01
 -0.629727E-01
 -0.630638E-01
 -0.625789E-01
 -0.617274E-01
 -0.607381E-01
 -0.598762E-01
 -0.590826E-01
 -0.582424E-01
 -0.570623E-01
 -0.556473E-01
 -0.541089E-01
 -0.525612E-01
 -0.508554E-01
 -0.489245E-01
 -0.465363E-01
 -0.436506E-01
 -0.403075E-01
 -0.369352E-01
 -0.336425E-01
 -0.304261E-01
 -0.268795E-01
 -0.228537E-01
 -0.182663E-01
 -0.132768E-01
 -0.803969E-02
 -0.296566E-02
  0.196606E-02
  0.686678E-02
  0.119552E-01
  0.170642E-01
  0.219978E-01
  0.263413E-01
  0.298464E-01
  0.322306E-01
  0.335986E-01
  0.339712E-01
  0.334359E-01
  0.318075E-01
  0.290203E-01
  0.251643E-01
  0.207268E-01
  0.159959E-01
  0.113807E-01
  0.702968E-02
  0.313457E-02
 -0.359480E-03
 -0.333842E-02
 -0.564898E-02
 -0.702755E-02
 -0.751148E-02
 -0.720428E-02
 -0.637170E-02
 -0.507522E-02
 -0.346949E-02
 -0.136616E-02
  0.143055E-02
  0.517478E-02
  0.969142E-02
  0.148976E-01
  0.205502E-01
  0.265323E-01
  0.325272E-01
  0.385128E-01
  0.444380E-01
  0.503330E-01
  0.558764E-01
  0.608531E-01
  0.651208E-01
  0.687770E-01
  0.718191E-01
  0.744734E-01
  0.768693E-01
  0.792066E-01
  0.814014E-01
  0.835456E-01
  0.857294E-01
  0.881294E-01
  0.907422E-01
  0.936470E-01
  0.968356E-01
  0.100310E+00
  0.103784E+00
  0.107168E+00
  0.110458E+00
  0.113762E+00
  0.117041E+00
  0.120416E+00
  0.123903E+00
  0.127495E+00
  0.130939E+00
  0.134099E+00
  0.136794E+00
  0.138872E+00
  0.140205E+00
  0.140885E+00
  0.141170E+00
  0.141388E+00
  0.141649E+00
  0.141977E+00
  0.142356E+00
  0.142799E+00
  0.143342E+00
  0.144137E+00
  0.145272E+00
  0.146712E+00
  0.148174E+00
  0.149345E+00
  0.150001E+00
  0.150083E+00
  0.149685E+00
  0.148736E+00
  0.146948E+00
  0.144005E+00
  0.139558E+00
  0.133548E+00
  0.126159E+00
  0.117722E+00
  0.108583E+00
  0.989128E-01
  0.886461E-01
  0.776874E-01
  0.662803E-01
  0.549063E-01
  0.442086E-01
  0.348105E-01
  0.269968E-01
  0.205670E-01
  0.151458E-01
  0.105228E-01
  0.671581E-02
  0.373631E-02
  0.145983E-02
 -0.347422E-03
 -0.192166E-02
 -0.360477E-02
 -0.561906E-02
 -0.788657E-02
 -0.102009E-01
 -0.124987E-01
 -0.147756E-01
 -0.172298E-01
 -0.199668E-01
 -0.229960E-01
 -0.261862E-01
 -0.293467E-01
 -0.322361E-01
 -0.347821E-01
 -0.370575E-01
 -0.391422E-01
 -0.408913E-01
 -0.421047E-01
 -0.424684E-01
 -0.417724E-01
 -0.399657E-01
 -0.370976E-01
 -0.332434E-01
 -0.284703E-01
 -0.228673E-01
 -0.166347E-01
 -0.100742E-01
 -0.349008E-02
  0.284067E-02
  0.876335E-02
  0.144374E-01
  0.201499E-01
  0.262135E-01
  0.327172E-01
  0.395488E-01
  0.464893E-01
  0.532347E-01
  0.595709E-01
  0.654253E-01
  0.707924E-01
  0.756540E-01
  0.799333E-01
  0.834878E-01
  0.861485E-01
  0.878412E-01
  0.885512E-01
  0.883206E-01
  0.870903E-01
  0.848630E-01
  0.816312E-01
  0.775308E-01
  0.727677E-01
  0.675358E-01
  0.620237E-01
  0.564281E-01
  0.508451E-01
  0.454149E-01
  0.401453E-01
  0.351091E-01
  0.304020E-01
  0.260277E-01
  0.217611E-01
  0.172851E-01
  0.121697E-01
  0.616272E-02
 -0.805451E-03
 -0.862384E-02
 -0.170939E-01
 -0.258426E-01
 -0.346916E-01
 -0.436454E-01
 -0.527632E-01
 -0.618907E-01
 -0.708930E-01
 -0.796165E-01
 -0.879402E-01
 -0.957685E-01
 -0.103179E+00
 -0.110139E+00
 -0.116626E+00
 -0.122540E+00
 -0.127828E+00
 -0.132511E+00
 -0.136671E+00
 -0.140384E+00
 -0.143802E+00
 -0.146971E+00
 -0.149787E+00
 -0.152087E+00
 -0.153702E+00
 -0.154556E+00
 -0.154733E+00
 -0.154294E+00
 -0.153130E+00
 -0.151213E+00
 -0.148511E+00
 -0.145163E+00
 -0.141424E+00
 -0.137573E+00
 -0.133778E+00
 -0.130205E+00
 -0.126824E+00
 -0.123583E+00
 -0.120343E+00
 -0.117062E+00
 -0.113634E+00
 -0.110078E+00
 -0.106304E+00
 -0.102370E+00
 -0.982517E-01
 -0.939659E-01
 -0.896352E-01
 -0.855480E-01
 -0.819073E-01
 -0.787943E-01
 -0.761520E-01
 -0.738942E-01
 -0.717199E-01
 -0.694357E-01
 -0.668855E-01
 -0.640790E-01
 -0.608643E-01
 -0.571863E-01
 -0.530072E-01
 -0.484697E-01
 -0.435796E-01
 -0.384212E-01
 -0.330713E-01
 -0.277569E-01
 -0.225512E-01
 -0.174653E-01
 -0.124025E-01
 -0.753295E-02
 -0.291177E-02
  0.151483E-02
  0.580953E-02
  0.970740E-02
  0.132214E-01
  0.163894E-01
  0.192305E-01
  0.217248E-01
  0.239665E-01
  0.259507E-01
  0.276382E-01
  0.287739E-01
  0.291626E-01
  0.286039E-01
  0.271175E-01
  0.245553E-01
  0.209760E-01
  0.165486E-01
  0.114994E-01
  0.593229E-02
  0.186914E-03
 -0.543399E-02
 -0.105880E-01
 -0.151379E-01
 -0.188268E-01
 -0.214539E-01
 -0.229012E-01
 -0.233748E-01
 -0.229648E-01
 -0.216983E-01
 -0.194809E-01
 -0.164741E-01
 -0.128095E-01
 -0.871600E-02
 -0.435055E-02
 -0.870952E-04
  0.396168E-02
  0.774546E-02
  0.113813E-01
  0.149130E-01
  0.185116E-01
  0.222350E-01
  0.262802E-01
  0.305411E-01
  0.349707E-01
  0.394541E-01
  0.439101E-01
  0.480704E-01
  0.518110E-01
  0.551982E-01
  0.584430E-01
  0.616441E-01
  0.649553E-01
  0.684391E-01
  0.721756E-01
  0.760152E-01
  0.798094E-01
  0.834204E-01
  0.868052E-01
  0.897183E-01
  0.919777E-01
  0.933223E-01
  0.935943E-01
  0.926341E-01
  0.903995E-01
  0.870059E-01
  0.827863E-01
  0.779702E-01
  0.728480E-01
  0.676081E-01
  0.624151E-01
  0.573278E-01
  0.525274E-01
  0.481058E-01
  0.440944E-01
  0.403911E-01
  0.369600E-01
  0.338402E-01
  0.311828E-01
  0.290528E-01
  0.275035E-01
  0.265902E-01
  0.264136E-01
  0.269728E-01
  0.282538E-01
  0.301828E-01
  0.327049E-01
  0.357679E-01
  0.393407E-01
  0.433511E-01
  0.475763E-01
  0.516928E-01
  0.555837E-01
  0.592537E-01
  0.627939E-01
  0.661825E-01
  0.694724E-01
  0.726861E-01
  0.757781E-01
  0.785444E-01
  0.807909E-01
  0.823777E-01
  0.831896E-01
  0.831712E-01
  0.822861E-01
  0.805042E-01
  0.777402E-01
  0.740139E-01
  0.694656E-01
  0.643288E-01
  0.588323E-01
  0.531986E-01
  0.475509E-01
  0.419277E-01
  0.362954E-01
  0.305793E-01
  0.246580E-01
  0.185003E-01
  0.121863E-01
  0.590667E-02
 -0.147029E-03
 -0.582783E-02
 -0.109564E-01
 -0.154217E-01
 -0.192691E-01
 -0.225402E-01
 -0.252637E-01
 -0.274863E-01
 -0.292683E-01
 -0.306826E-01
 -0.318320E-01
 -0.327916E-01
 -0.335795E-01
 -0.342087E-01
 -0.347358E-01
 -0.352004E-01
 -0.355881E-01
 -0.359190E-01
 -0.361792E-01
 -0.363885E-01
 -0.366741E-01
 -0.370864E-01
 -0.376855E-01
 -0.386144E-01
 -0.399324E-01
 -0.416230E-01
 -0.435873E-01
 -0.457852E-01
 -0.481226E-01
 -0.505191E-01
 -0.527212E-01
 -0.544698E-01
 -0.555118E-01
 -0.557323E-01
 -0.551637E-01
 -0.539530E-01
 -0.522624E-01
 -0.501675E-01
 -0.477230E-01
 -0.450637E-01
 -0.423119E-01
 -0.396765E-01
 -0.373564E-01
 -0.355705E-01
 -0.344319E-01
 -0.339743E-01
 -0.341975E-01
 -0.351234E-01
 -0.366694E-01
 -0.388116E-01
 -0.415565E-01
 -0.450178E-01
 -0.491993E-01
 -0.541214E-01
 -0.596385E-01
 -0.655671E-01
 -0.717362E-01
 -0.780356E-01
 -0.843090E-01
 -0.905244E-01
 -0.965511E-01
 -0.102276E+00
 -0.107654E+00
 -0.112815E+00
 -0.117881E+00
 -0.122870E+00
 -0.127715E+00
 -0.132427E+00
 -0.136863E+00
 -0.140969E+00
 -0.144616E+00
 -0.147870E+00
 -0.150672E+00
 -0.152885E+00
 -0.154322E+00
 -0.154984E+00
 -0.154941E+00
 -0.154356E+00
 -0.153345E+00
 -0.152188E+00
 -0.151061E+00
 -0.150111E+00
 -0.149331E+00
 -0.148920E+00
 -0.148859E+00
 -0.149115E+00
 -0.149462E+00
 -0.149983E+00
 -0.150519E+00
 -0.150968E+00
 -0.151120E+00
 -0.151131E+00
 -0.151005E+00
 -0.150764E+00
 -0.150305E+00
 -0.149839E+00
 -0.149456E+00
 -0.149330E+00
 -0.149459E+00
 -0.150140E+00
 -0.151420E+00
 -0.153274E+00
 -0.155342E+00
 -0.157547E+00
 -0.159559E+00
 -0.161137E+00
 -0.162015E+00
 -0.162415E+00
 -0.162335E+00
 -0.161782E+00
 -0.160572E+00
 -0.158947E+00
 -0.156889E+00
 -0.154448E+00
 -0.151420E+00
 -0.148034E+00
 -0.144347E+00
 -0.140617E+00
 -0.136796E+00
 -0.133167E+00
 -0.129639E+00
 -0.126172E+00
 -0.122436E+00
 -0.118590E+00
 -0.114500E+00
 -0.110243E+00
 -0.105745E+00
 -0.101368E+00
 -0.970633E-01
 -0.928701E-01
 -0.885688E-01
 -0.843338E-01
 -0.799801E-01
 -0.754373E-01
 -0.703604E-01
 -0.650097E-01
 -0.592324E-01
 -0.530983E-01
 -0.464670E-01
 -0.397198E-01
 -0.329123E-01
 -0.262458E-01
 -0.196716E-01
 -0.136866E-01
 -0.820241E-02
 -0.328410E-02
  0.126541E-02
  0.514777E-02
  0.854152E-02
  0.114619E-01
  0.142667E-01
  0.166347E-01
  0.186532E-01
  0.203237E-01
  0.218477E-01
  0.230367E-01
  0.240643E-01
  0.249992E-01
  0.260839E-01
  0.270673E-01
  0.281211E-01
  0.292639E-01
  0.308887E-01
  0.328362E-01
  0.352410E-01
  0.381178E-01
  0.416041E-01
  0.451739E-01
  0.486704E-01
  0.518833E-01
  0.547712E-01
  0.569659E-01
  0.585945E-01
  0.596974E-01
  0.605572E-01
  0.608586E-01
  0.607735E-01
  0.602931E-01
  0.595810E-01
  0.582959E-01
  0.564719E-01
  0.542582E-01
  0.520952E-01
  0.498574E-01
  0.476811E-01
  0.455882E-01
  0.437294E-01
  0.419446E-01
  0.403525E-01
  0.389501E-01
  0.379083E-01
  0.368542E-01
  0.356714E-01
  0.342865E-01
  0.329709E-01
  0.314384E-01
  0.298050E-01
  0.280877E-01
  0.265171E-01
  0.248521E-01
  0.231934E-01
  0.215711E-01
  0.202315E-01
  0.188609E-01
  0.174979E-01
  0.161624E-01
  0.150433E-01
  0.139233E-01
  0.130281E-01
  0.124793E-01
  0.125218E-01
  0.128984E-01
  0.136320E-01
  0.146441E-01
  0.160299E-01
  0.174176E-01
  0.188155E-01
  0.202152E-01
  0.218239E-01
  0.233801E-01
  0.249374E-01
  0.265763E-01
  0.284904E-01
  0.305583E-01
  0.329059E-01
  0.355432E-01
  0.385401E-01
  0.415652E-01
  0.446282E-01
  0.476583E-01
  0.507939E-01
  0.536518E-01
  0.562267E-01
  0.583964E-01
  0.603065E-01
  0.617455E-01
  0.627458E-01
  0.633811E-01
  0.638184E-01
  0.638120E-01
  0.633656E-01
  0.625041E-01
  0.613959E-01
  0.598536E-01
  0.579409E-01
  0.555948E-01
  0.529891E-01
  0.497910E-01
  0.461989E-01
  0.424750E-01
  0.389965E-01
  0.357938E-01
  0.330327E-01
  0.306381E-01
  0.286183E-01
  0.266111E-01
  0.246712E-01
  0.228459E-01
  0.212072E-01
  0.195153E-01
  0.177547E-01
  0.158742E-01
  0.139637E-01
  0.118757E-01
  0.980986E-02
  0.789346E-02
  0.633097E-02
  0.499616E-02
  0.396134E-02
  0.327011E-02
  0.315512E-02
  0.339202E-02
  0.393284E-02
  0.457763E-02
  0.524353E-02
  0.563770E-02
  0.571793E-02
  0.539267E-02
  0.479030E-02
  0.369244E-02
  0.215494E-02
  0.252880E-03
 -0.179557E-02
 -0.407293E-02
 -0.629541E-02
 -0.831624E-02
 -0.992358E-02
 -0.112661E-01
 -0.121763E-01
 -0.126241E-01
 -0.125913E-01
 -0.123548E-01
 -0.119010E-01
 -0.114106E-01
 -0.108452E-01
 -0.104957E-01
 -0.102821E-01
 -0.102035E-01
 -0.100139E-01
 -0.984452E-02
 -0.953551E-02
 -0.899868E-02
 -0.804725E-02
 -0.685425E-02
 -0.523952E-02
 -0.316197E-02
 -0.496457E-03
  0.250286E-02
  0.581627E-02
  0.930436E-02
  0.129627E-01
  0.164360E-01
  0.198013E-01
  0.231410E-01
  0.267096E-01
  0.303089E-01
  0.340104E-01
  0.378547E-01
  0.419162E-01
  0.459156E-01
  0.497459E-01
  0.532898E-01
  0.566735E-01
  0.595225E-01
  0.618590E-01
  0.637869E-01
  0.655825E-01
  0.671612E-01
  0.686698E-01
  0.702553E-01
  0.721548E-01
  0.741257E-01
  0.760894E-01
  0.779523E-01
  0.798315E-01
  0.815740E-01
  0.832949E-01
  0.848943E-01
  0.863667E-01
  0.875148E-01
  0.884144E-01
  0.891646E-01
  0.900769E-01
  0.910695E-01
  0.921432E-01
  0.932165E-01
  0.943978E-01
  0.955570E-01
  0.967437E-01
  0.980216E-01
  0.995671E-01
  0.101187E+00
  0.102742E+00
  0.104052E+00
  0.104947E+00
  0.105094E+00
  0.104531E+00
  0.103354E+00
  0.101690E+00
  0.994296E-01
  0.965307E-01
  0.928706E-01
  0.885830E-01
  0.836204E-01
  0.780649E-01
  0.719811E-01
  0.655386E-01
  0.587192E-01
  0.517024E-01
  0.446222E-01
  0.377444E-01
  0.311300E-01
  0.247940E-01
  0.187097E-01
  0.129470E-01
  0.745591E-02
  0.224347E-02
 -0.263579E-02
 -0.702939E-02
 -0.110167E-01
 -0.145473E-01
 -0.175699E-01
 -0.199531E-01
 -0.217124E-01
 -0.227377E-01
 -0.229816E-01
 -0.223250E-01
 -0.207458E-01
 -0.181099E-01
 -0.143492E-01
 -0.949475E-02
 -0.390164E-02
  0.222072E-02
  0.855342E-02
  0.148540E-01
  0.207566E-01
  0.261202E-01
  0.309532E-01
  0.354646E-01
  0.396916E-01
  0.437413E-01
  0.476516E-01
  0.515657E-01
  0.553954E-01
  0.592249E-01
  0.630926E-01
  0.670279E-01
  0.708164E-01
  0.743086E-01
  0.773768E-01
  0.799945E-01
  0.820600E-01
  0.837460E-01
  0.851689E-01
  0.864790E-01
  0.876732E-01
  0.888442E-01
  0.901334E-01
  0.916475E-01
  0.933817E-01
  0.953881E-01
  0.976077E-01
  0.999800E-01
  0.102244E+00
  0.104350E+00
  0.106346E+00
  0.108344E+00
  0.110344E+00
  0.112271E+00
  0.114028E+00
  0.115567E+00
  0.116750E+00
  0.117562E+00
  0.117993E+00
  0.118154E+00
  0.118018E+00
  0.117588E+00
  0.116865E+00
  0.115854E+00
  0.114597E+00
  0.113180E+00
  0.111661E+00
  0.110050E+00
  0.108369E+00
  0.106674E+00
  0.105014E+00
  0.103454E+00
  0.102059E+00
  0.100885E+00
  0.999036E-01
  0.989354E-01
  0.978288E-01
  0.964414E-01
  0.946344E-01
  0.924083E-01
  0.898500E-01
  0.870928E-01
  0.842388E-01
  0.815016E-01
  0.790619E-01
  0.770377E-01
  0.755075E-01
  0.744656E-01
  0.738078E-01
  0.734350E-01
  0.732564E-01
  0.731204E-01
  0.730099E-01
  0.728630E-01
  0.726704E-01
  0.723393E-01
  0.718813E-01
  0.712298E-01
  0.703396E-01
  0.691486E-01
  0.676839E-01
  0.659056E-01
  0.637485E-01
  0.610255E-01
  0.577637E-01
  0.539719E-01
  0.497584E-01
  0.451550E-01
  0.403254E-01
  0.354082E-01
  0.304821E-01
  0.255871E-01
  0.208607E-01
  0.163248E-01
  0.119905E-01
  0.779342E-02
  0.372964E-02
 -0.276149E-03
 -0.426663E-02
 -0.834538E-02
 -0.125115E-01
 -0.167555E-01
 -0.210403E-01
 -0.253989E-01
 -0.297629E-01
 -0.340450E-01
 -0.382413E-01
 -0.423877E-01
 -0.463919E-01
 -0.503197E-01
 -0.542074E-01
 -0.581655E-01
 -0.622281E-01
 -0.663915E-01
 -0.705933E-01
 -0.747861E-01
 -0.788596E-01
 -0.827797E-01
 -0.864722E-01
 -0.899013E-01
 -0.929341E-01
 -0.955008E-01
 -0.974204E-01
 -0.985032E-01
 -0.986078E-01
 -0.976711E-01
 -0.958074E-01
 -0.932510E-01
 -0.901970E-01
 -0.869119E-01
 -0.836054E-01
 -0.805224E-01
 -0.778632E-01
 -0.757741E-01
 -0.743458E-01
 -0.735625E-01
 -0.733429E-01
 -0.736018E-01
 -0.742018E-01
 -0.750550E-01
 -0.761008E-01
 -0.772824E-01
 -0.785807E-01
 -0.798608E-01
 -0.810438E-01
 -0.820532E-01
 -0.829438E-01
 -0.838470E-01
 -0.848386E-01
 -0.859800E-01
 -0.872650E-01
 -0.887061E-01
 -0.904970E-01
 -0.927053E-01
 -0.953350E-01
 -0.983319E-01
 -0.101635E+00
 -0.105206E+00
 -0.109058E+00
 -0.113224E+00
 -0.117678E+00
 -0.122386E+00
 -0.127273E+00
 -0.132057E+00
 -0.136557E+00
 -0.140663E+00
 -0.144350E+00
 -0.147705E+00
 -0.151034E+00
 -0.154561E+00
 -0.158435E+00
 -0.162764E+00
 -0.167797E+00
 -0.173623E+00
 -0.180244E+00
 -0.187464E+00
 -0.195160E+00
 -0.203163E+00
 -0.211344E+00
 -0.219479E+00
 -0.227525E+00
 -0.235354E+00
 -0.242891E+00
 -0.249916E+00
 -0.256491E+00
 -0.262519E+00
 -0.267941E+00
 -0.272559E+00
 -0.276432E+00
 -0.279419E+00
 -0.281468E+00
 -0.282421E+00
 -0.282472E+00
 -0.281612E+00
 -0.279979E+00
 -0.277565E+00
 -0.274724E+00
 -0.271444E+00
 -0.267723E+00
 -0.263391E+00
 -0.258740E+00
 -0.253742E+00
 -0.248330E+00
 -0.242372E+00
 -0.236172E+00
 -0.229693E+00
 -0.223000E+00
 -0.215955E+00
 -0.208820E+00
 -0.201468E+00
 -0.193891E+00
 -0.185794E+00
 -0.177493E+00
 -0.169063E+00
 -0.160655E+00
 -0.152228E+00
 -0.144271E+00
 -0.136774E+00
 -0.129767E+00
 -0.122843E+00
 -0.116355E+00
 -0.110180E+00
 -0.104320E+00
 -0.984899E-01
 -0.929384E-01
 -0.874366E-01
 -0.818721E-01
 -0.759322E-01
 -0.700092E-01
 -0.640433E-01
 -0.580881E-01
 -0.518935E-01
 -0.458660E-01
 -0.399254E-01
 -0.341529E-01
 -0.282525E-01
 -0.226466E-01
 -0.172356E-01
 -0.119795E-01
 -0.654010E-02
 -0.113469E-02
  0.445421E-02
  0.102480E-01
  0.163406E-01
  0.221904E-01
  0.277765E-01
  0.329846E-01
  0.381198E-01
  0.427579E-01
  0.469222E-01
  0.506092E-01
  0.541991E-01
  0.572378E-01
  0.599154E-01
  0.622939E-01
  0.647172E-01
  0.667967E-01
  0.686357E-01
  0.703008E-01
  0.721277E-01
  0.737884E-01
  0.756224E-01
  0.777820E-01
  0.805851E-01
  0.837941E-01
  0.875049E-01
  0.917630E-01
  0.968920E-01
  0.102464E+00
  0.108579E+00
  0.115259E+00
  0.122597E+00
  0.130288E+00
  0.138433E+00
  0.146913E+00
  0.155738E+00
  0.164429E+00
  0.172936E+00
  0.181121E+00
  0.189137E+00
  0.196575E+00
  0.203374E+00
  0.209317E+00
  0.214530E+00
  0.218590E+00
  0.221653E+00
  0.223841E+00
  0.225309E+00
  0.225708E+00
  0.225096E+00
  0.223464E+00
  0.220986E+00
  0.217544E+00
  0.213398E+00
  0.208719E+00
  0.203739E+00
  0.198348E+00
  0.192640E+00
  0.186692E+00
  0.180661E+00
  0.174418E+00
  0.168069E+00
  0.161627E+00
  0.155268E+00
  0.148846E+00
  0.142486E+00
  0.136240E+00
  0.130229E+00
  0.124337E+00
  0.118647E+00
  0.113137E+00
  0.107900E+00
  0.102682E+00
  0.975737E-01
  0.926345E-01
  0.880024E-01
  0.834461E-01
  0.789558E-01
  0.744734E-01
  0.700476E-01
  0.654319E-01
  0.606095E-01
  0.555427E-01
  0.502453E-01
  0.444813E-01
  0.382751E-01
  0.315832E-01
  0.244929E-01
  0.170495E-01
  0.949247E-02
  0.193507E-02
 -0.535522E-02
 -0.123256E-01
 -0.188316E-01
 -0.247734E-01
 -0.299139E-01
 -0.342044E-01
 -0.374882E-01
 -0.396903E-01
 -0.407424E-01
 -0.408610E-01
 -0.400458E-01
 -0.383183E-01
 -0.355833E-01
 -0.320283E-01
 -0.277328E-01
 -0.228694E-01
 -0.175650E-01
 -0.121467E-01
 -0.664082E-02
 -0.113047E-02
  0.436443E-02
  0.952100E-02
  0.141508E-01
  0.181338E-01
  0.215566E-01
  0.244124E-01
  0.268487E-01
  0.290233E-01
  0.312032E-01
  0.333415E-01
  0.355201E-01
  0.377743E-01
  0.402891E-01
  0.429329E-01
  0.457250E-01
  0.485753E-01
  0.514848E-01
  0.543434E-01
  0.572789E-01
  0.603927E-01
  0.638930E-01
  0.677409E-01
  0.719553E-01
  0.764929E-01
  0.813297E-01
  0.862855E-01
  0.913535E-01
  0.964779E-01
  0.101701E+00
  0.106825E+00
  0.111829E+00
  0.116667E+00
  0.121382E+00
  0.125865E+00
  0.130052E+00
  0.133797E+00
  0.136995E+00
  0.139498E+00
  0.141307E+00
  0.142452E+00
  0.143060E+00
  0.143155E+00
  0.142852E+00
  0.142214E+00
  0.141432E+00
  0.140634E+00
  0.140039E+00
  0.139720E+00
  0.139677E+00
  0.139818E+00
  0.140036E+00
  0.140254E+00
  0.140378E+00
  0.140224E+00
  0.139648E+00
  0.138675E+00
  0.137314E+00
  0.135518E+00
  0.133359E+00
  0.130960E+00
  0.128489E+00
  0.126136E+00
  0.123998E+00
  0.122145E+00
  0.120671E+00
  0.119616E+00
  0.118989E+00
  0.118768E+00
  0.118898E+00
  0.119295E+00
  0.119843E+00
  0.120350E+00
  0.120671E+00
  0.120706E+00
  0.120421E+00
  0.119734E+00
  0.118520E+00
  0.116884E+00
  0.114839E+00
  0.112370E+00
  0.109543E+00
  0.106562E+00
  0.103598E+00
  0.100733E+00
  0.979721E-01
  0.953866E-01
  0.928335E-01
  0.903041E-01
  0.877690E-01
  0.853628E-01
  0.830893E-01
  0.808783E-01
  0.786093E-01
  0.764033E-01
  0.743170E-01
  0.724541E-01
  0.708745E-01
  0.697780E-01
  0.691201E-01
  0.687924E-01
  0.685305E-01
  0.682638E-01
  0.678529E-01
  0.672045E-01
  0.661403E-01
  0.646878E-01
  0.628635E-01
  0.607603E-01
  0.584571E-01
  0.562767E-01
  0.543662E-01
  0.528351E-01
  0.515527E-01
  0.506445E-01
  0.500980E-01
  0.498506E-01
  0.497254E-01
  0.497430E-01
  0.497474E-01
  0.495617E-01
  0.488591E-01
  0.477234E-01
  0.462535E-01
  0.446076E-01
  0.427357E-01
  0.407931E-01
  0.387698E-01
  0.367501E-01
  0.346876E-01
  0.327739E-01
  0.310234E-01
  0.294073E-01
  0.277597E-01
  0.261011E-01
  0.241967E-01
  0.219314E-01
  0.192841E-01
  0.165289E-01
  0.137721E-01
  0.111000E-01
  0.849071E-02
  0.610501E-02
  0.391821E-02
  0.191661E-02
  0.585356E-04
 -0.148110E-02
 -0.285742E-02
 -0.406630E-02
 -0.519578E-02
 -0.604300E-02
 -0.656653E-02
 -0.666984E-02
 -0.636451E-02
 -0.550763E-02
 -0.421633E-02
 -0.258062E-02
 -0.733885E-03
  0.153580E-02
  0.414912E-02
  0.705476E-02
  0.100855E-01
  0.132490E-01
  0.163396E-01
  0.192472E-01
  0.217698E-01
  0.239235E-01
  0.256448E-01
  0.268942E-01
  0.275667E-01
  0.278602E-01
  0.277622E-01
  0.273546E-01
  0.265952E-01
  0.255967E-01
  0.242954E-01
  0.227226E-01
  0.207773E-01
  0.186564E-01
  0.164444E-01
  0.142063E-01
  0.119369E-01
  0.982185E-02
  0.791490E-02
  0.627916E-02
  0.477027E-02
  0.354861E-02
  0.268315E-02
  0.219516E-02
  0.184884E-02
  0.180597E-02
  0.196596E-02
  0.229584E-02
  0.265436E-02
  0.325557E-02
  0.408463E-02
  0.522213E-02
  0.669080E-02
  0.874478E-02
  0.113325E-01
  0.143055E-01
  0.172223E-01
  0.199715E-01
  0.224489E-01
  0.245171E-01
  0.259310E-01
  0.267180E-01
  0.267041E-01
  0.257828E-01
  0.237520E-01
  0.208061E-01
  0.169418E-01
  0.122578E-01
  0.668884E-02
  0.471033E-03
 -0.633452E-02
 -0.136031E-01
 -0.213395E-01
 -0.292529E-01
 -0.372898E-01
 -0.454022E-01
 -0.536945E-01
 -0.620505E-01
 -0.704761E-01
 -0.789311E-01
 -0.875107E-01
 -0.960648E-01
 -0.104590E+00
 -0.112895E+00
 -0.120858E+00
 -0.128143E+00
 -0.134728E+00
 -0.140588E+00
 -0.145795E+00
 -0.150290E+00
 -0.154180E+00
 -0.157515E+00
 -0.160373E+00
 -0.162527E+00
 -0.163962E+00
 -0.164653E+00
 -0.164651E+00
 -0.163833E+00
 -0.162257E+00
 -0.159927E+00
 -0.156968E+00
 -0.153450E+00
 -0.149521E+00
 -0.145332E+00
 -0.141054E+00
 -0.136748E+00
 -0.132453E+00
 -0.128211E+00
 -0.124068E+00
 -0.119989E+00
 -0.116008E+00
 -0.112106E+00
 -0.108240E+00
 -0.104416E+00
 -0.100666E+00
 -0.970355E-01
 -0.935062E-01
 -0.900333E-01
 -0.866151E-01
 -0.832253E-01
 -0.798365E-01
 -0.763503E-01
 -0.727918E-01
 -0.691853E-01
 -0.655800E-01
 -0.620042E-01
 -0.584944E-01
 -0.550993E-01
 -0.518475E-01
 -0.487206E-01
 -0.457269E-01
 -0.428606E-01
 -0.400681E-01
 -0.373038E-01
 -0.345602E-01
 -0.317997E-01
 -0.289705E-01
 -0.260819E-01
 -0.231768E-01
 -0.202801E-01
 -0.174189E-01
 -0.146327E-01
 -0.119429E-01
 -0.938356E-02
 -0.695719E-02
 -0.465993E-02
 -0.249520E-02
 -0.493167E-03
  0.131156E-02
  0.290131E-02
  0.425628E-02
  0.536181E-02
  0.621102E-02
  0.680653E-02
  0.715932E-02
  0.729625E-02
  0.724340E-02
  0.702431E-02
  0.668094E-02
  0.623814E-02
  0.573349E-02
  0.518248E-02
  0.459627E-02
  0.396535E-02
  0.329540E-02
  0.259725E-02
  0.189042E-02
  0.118540E-02
  0.488914E-03
 -0.199120E-03
 -0.868736E-03
 -0.150621E-02
 -0.209600E-02
 -0.262653E-02
 -0.308727E-02
 -0.346832E-02
 -0.376591E-02
 -0.398507E-02
 -0.412917E-02
 -0.420324E-02
 -0.421058E-02
 -0.415291E-02
 -0.403008E-02
 -0.384878E-02
 -0.361847E-02
 -0.335315E-02
 -0.306827E-02
 -0.277828E-02
 -0.249359E-02
 -0.222518E-02
 -0.197848E-02
 -0.175498E-02
 -0.155500E-02
 -0.137969E-02
 -0.122643E-02
 -0.109002E-02
 -0.966049E-03
 -0.852735E-03
 -0.747666E-03
 -0.649996E-03
 -0.557498E-03
 -0.469806E-03
 -0.386163E-03
 -0.306900E-03
 -0.231205E-03
 -0.159775E-03
 -0.923462E-04
 -0.293220E-04
  0.295766E-04
  0.836515E-04
  0.132882E-03
  0.177099E-03
  0.216372E-03
  0.250274E-03
  0.279147E-03
  0.303412E-03
  0.323784E-03
  0.340253E-03
  0.353042E-03
  0.362290E-03
  0.368473E-03
  0.371558E-03
  0.371902E-03
  0.369941E-03
  0.366179E-03
  0.360744E-03
  0.354030E-03
  0.346302E-03
  0.337947E-03
  0.329048E-03
  0.319819E-03
  0.310378E-03
  0.300935E-03
  0.291554E-03
  0.282361E-03
  0.273449E-03
  0.264979E-03
  0.257016E-03
  0.249551E-03
  0.242736E-03
  0.236605E-03
  0.231201E-03
  0.226427E-03
  0.222302E-03
  0.218779E-03
  0.215772E-03
  0.213212E-03
  0.211077E-03
  0.209387E-03
  0.208143E-03
  0.207329E-03
  0.000000E+00
  0.000000E+00
  0.000000E+00
  0.000000E+00
  0.000000E+00
  0.000000E+00
  0.000000E+00
  0.000000E+00
  0.000000E+00
  0.000000E+00
  0.000000E+00
  0.000000E+00
  0.000000E+00
  0.000000E+00
  0.000000E+00
  0.000000E+00
  0.000000E+00
  0.000000E+00
  0.000000E+00
  0.000000E+00
  0.000000E+00
  0.000000E+00
  0.000000E+00
  0.000000E+00
  0.000000E+00
  0.000000E+00
  0.000000E+00
  0.000000E+00
  0.000000E+00
  0.000000E+00
  0.000000E+00
  0.000000E+00
  0.000000E+00
  0.000000E+00
  0.000000E+00
  0.000000E+00
  0.000000E+00
  0.000000E+00
  0.000000E+00
  0.000000E+00
  0.000000E+00
  0.000000E+00
  0.000000E+00
  0.000000E+00
  0.000000E+00
  0.000000E+00
  0.000000E+00
  0.000000E+00
  0.000000E+00
  0.000000E+00
  0.000000E+00
  0.000000E+00
  0.000000E+00
  0.000000E+00
  0.000000E+00
  0.000000E+00
  0.000000E+00
  0.000000E+00
  0.000000E+00
  0.000000E+00
  0.000000E+00
  0.000000E+00
  0.000000E+00
  0.000000E+00
  0.000000E+00
  0.000000E+00
  0.000000E+00
  0.000000E+00
  0.000000E+00
  0.000000E+00
  0.000000E+00
  0.000000E+00
  0.000000E+00
  0.000000E+00
  0.000000E+00
  0.000000E+00
  0.000000E+00
  0.000000E+00
  0.000000E+00
  0.000000E+00
  0.000000E+00
  0.000000E+00
  0.000000E+00
  0.000000E+00
  0.000000E+00
  0.000000E+00
  0.000000E+00
  0.000000E+00
  0.000000E+00
  0.000000E+00
  0.000000E+00
  0.000000E+00
  0.000000E+00
  0.000000E+00
  0.000000E+00
  0.000000E+00
  0.000000E+00
  0.000000E+00
  0.000000E+00
  0.000000E+00
  0.000000E+00
  0.000000E+00
  0.000000E+00
  0.000000E+00
  0.000000E+00
  0.000000E+00
  0.000000E+00
  0.000000E+00
  0.000000E+00
  0.000000E+00
  0.000000E+00
  0.000000E+00
  0.000000E+00
  0.000000E+00
  0.000000E+00
  0.000000E+00
  0.000000E+00
  0.000000E+00
  0.000000E+00
  0.000000E+00
  0.000000E+00
  0.000000E+00
  0.000000E+00
  0.000000E+00
  0.000000E+00
  0.000000E+00
  0.000000E+00
  0.000000E+00
  0.000000E+00
  0.000000E+00
  0.000000E+00
  0.000000E+00
  0.000000E+00
  0.000000E+00
  0.000000E+00
  0.000000E+00
  0.000000E+00
  0.000000E+00
  0.000000E+00
  0.000000E+00
  0.000000E+00
  0.000000E+00
  0.000000E+00
  0.000000E+00
  0.000000E+00
  0.000000E+00
  0.000000E+00
  0.000000E+00
  0.000000E+00
  0.000000E+00
  0.000000E+00
  0.000000E+00
  0.000000E+00
  0.000000E+00
  0.000000E+00
  0.000000E+00
  0.000000E+00
  0.000000E+00
  0.000000E+00
  0.000000E+00
  0.000000E+00
  0.000000E+00
  0.000000E+00
  0.000000E+00
  0.000000E+00
  0.000000E+00
  0.000000E+00
  0.000000E+00
  0.000000E+00
  0.000000E+00
  0.000000E+00
  0.000000E+00
  0.000000E+00
  0.000000E+00
  0.000000E+00
  0.000000E+00
  0.000000E+00
  0.000000E+00
  0.000000E+00
  0.000000E+00
  0.000000E+00
  0.000000E+00
  0.000000E+00
  0.000000E+00
  0.000000E+00
  0.000000E+00
  0.000000E+00
  0.000000E+00
  0.000000E+00
  0.000000E+00
  0.000000E+00
  0.000000E+00
  0.000000E+00
  0.000000E+00
  0.000000E+00
  0.000000E+00
  0.000000E+00
  0.000000E+00
  0.000000E+00
  0.000000E+00
  0.000000E+00
  0.000000E+00
  0.000000E+00
  0.000000E+00
  0.000000E+00
  0.000000E+00
  0.000000E+00
  0.000000E+00
  0.000000E+00
  0.000000E+00
  0.000000E+00
  0.000000E+00
  0.000000E+00
  0.000000E+00
  0.000000E+00
  0.000000E+00
  0.000000E+00
  0.000000E+00
  0.000000E+00
  0.000000E+00
  0.000000E+00
  0.000000E+00
  0.000000E+00
  0.000000E+00
  0.000000E+00
  0.000000E+00
  0.000000E+00
  0.000000E+00
  0.000000E+00
  0.000000E+00
  0.000000E+00
  0.000000E+00
  0.000000E+00
  0.000000E+00
  0.000000E+00
  0.000000E+00
  0.000000E+00
  0.000000E+00
  0.000000E+00
  0.000000E+00
  0.000000E+00
  0.000000E+00
  0.000000E+00
  0.000000E+00
  0.000000E+00
  0.000000E+00
  0.000000E+00
  0.000000E+00
  0.000000E+00
  0.000000E+00
  0.000000E+00
  0.000000E+00
  0.000000E+00
  0.000000E+00
  0.000000E+00
  0.000000E+00
  0.000000E+00
  0.000000E+00
  0.000000E+00
  0.000000E+00
  0.000000E+00
  0.000000E+00
  0.000000E+00
  0.000000E+00
  0.000000E+00
  0.000000E+00
  0.000000E+00
  0.000000E+00
  0.000000E+00
  0.000000E+00
  0.000000E+00
  0.000000E+00
  0.000000E+00
  0.000000E+00
  0.000000E+00
  0.000000E+00
  0.000000E+00
  0.000000E+00
  0.000000E+00
  0.000000E+00
  0.000000E+00
  0.000000E+00
  0.000000E+00
  0.000000E+00
  0.000000E+00
  0.000000E+00
  0.000000E+00
  0.000000E+00
  0.000000E+00
  0.000000E+00
  0.000000E+00
  0.000000E+00
  0.000000E+00
  0.000000E+00
  0.000000E+00
  0.000000E+00
  0.000000E+00
  0.000000E+00
  0.000000E+00
  0.000000E+00
  0.000000E+00
  0.000000E+00
  0.000000E+00
  0.000000E+00
  0.000000E+00
  0.000000E+00
  0.000000E+00
  0.000000E+00
  0.000000E+00
  0.000000E+00
  0.000000E+00
  0.000000E+00
  0.000000E+00
  0.000000E+00
  0.000000E+00
  0.000000E+00
  0.000000E+00
  0.000000E+00
  0.000000E+00
  0.000000E+00
  0.000000E+00
  0.000000E+00
  0.000000E+00
  0.000000E+00
  0.000000E+00
  0.000000E+00
  0.000000E+00
  0.000000E+00
  0.000000E+00
  0.000000E+00
  0.000000E+00
  0.000000E+00
  0.000000E+00
  0.000000E+00
  0.000000E+00
  0.000000E+00
  0.000000E+00
  0.000000E+00
  0.000000E+00
  0.000000E+00
  0.000000E+00
  0.000000E+00
  0.000000E+00
  0.000000E+00
  0.000000E+00
  0.000000E+00
  0.000000E+00
  0.000000E+00
  0.000000E+00
  0.000000E+00
  0.000000E+00
  0.000000E+00
  0.000000E+00
  0.000000E+00
  0.000000E+00
  0.000000E+00
  0.000000E+00
  0.000000E+00
  0.000000E+00
  0.000000E+00
  0.000000E+00
  0.000000E+00
  0.000000E+00
  0.000000E+00
  0.000000E+00
  0.000000E+00
  0.000000E+00
  0.000000E+00
  0.000000E+00
  0.000000E+00
  0.000000E+00
  0.000000E+00
  0.000000E+00
  0.000000E+00
  0.000000E+00
  0.000000E+00
  0.000000E+00
  0.000000E+00
  0.000000E+00
  0.000000E+00
  0.000000E+00
  0.000000E+00
  0.000000E+00
  0.000000E+00
  0.000000E+00
  0.000000E+00
  0.000000E+00
  0.000000E+00
  0.000000E+00
  0.000000E+00
  0.000000E+00
  0.000000E+00
  0.000000E+00
  0.000000E+00
  0.000000E+00
  0.000000E+00
  0.000000E+00
  0.000000E+00
  0.000000E+00
  0.000000E+00
  0.000000E+00
  0.000000E+00
  0.000000E+00
  0.000000E+00
  0.000000E+00
  0.000000E+00
  0.000000E+00
  0.000000E+00
  0.000000E+00
  0.000000E+00
  0.000000E+00
  0.000000E+00
  0.000000E+00
  0.000000E+00
  0.000000E+00
  0.000000E+00
  0.000000E+00
  0.000000E+00
  0.000000E+00
  0.000000E+00
  0.000000E+00
  0.000000E+00
  0.000000E+00
  0.000000E+00
  0.000000E+00
  0.000000E+00
  0.000000E+00
  0.000000E+00
  0.000000E+00
  0.000000E+00
  0.000000E+00
  0.000000E+00
  0.000000E+00
  0.000000E+00
  0.000000E+00
  0.000000E+00
  0.000000E+00
  0.000000E+00
  0.000000E+00
  0.000000E+00
  0.000000E+00
  0.000000E+00
  0.000000E+00
  0.000000E+00
  0.000000E+00
  0.000000E+00
  0.000000E+00
  0.000000E+00
  0.000000E+00
  0.000000E+00
  0.000000E+00
  0.000000E+00
  0.000000E+00
  0.000000E+00
  0.000000E+00
  0.000000E+00
  0.000000E+00
  0.000000E+00
  0.000000E+00
  0.000000E+00
  0.000000E+00
  0.000000E+00
  0.000000E+00
  0.000000E+00
  0.000000E+00
  0.000000E+00
  0.000000E+00
  0.000000E+00
  0.000000E+00
  0.000000E+00
  0.000000E+00
  0.000000E+00
  0.000000E+00
  0.000000E+00
  0.000000E+00
  0.000000E+00
  0.000000E+00
  0.000000E+00
  0.000000E+00
  0.000000E+00
  0.000000E+00
  0.000000E+00
  0.000000E+00
  0.000000E+00
  0.000000E+00
  0.000000E+00
  0.000000E+00
  0.000000E+00
  0.000000E+00
  0.000000E+00
  0.000000E+00
  0.000000E+00
  0.000000E+00
  0.000000E+00
  0.000000E+00
  0.000000E+00
  0.000000E+00
  0.000000E+00
  0.000000E+00
  0.000000E+00
  0.000000E+00
  0.000000E+00
  0.000000E+00
  0.000000E+00
  0.000000E+00
  0.000000E+00
  0.000000E+00
  0.000000E+00
  0.000000E+00
  0.000000E+00
  0.000000E+00
  0.000000E+00
  0.000000E+00
  0.000000E+00
  0.000000E+00
  0.000000E+00
  0.000000E+00
  0.000000E+00
  0.000000E+00
  0.000000E+00
  0.000000E+00
  0.000000E+00
  0.000000E+00
  0.000000E+00
  0.000000E+00
  0.000000E+00
  0.000000E+00
  0.000000E+00
  0.000000E+00
  0.000000E+00
  0.000000E+00
  0.000000E+00
  0.000000E+00
  0.000000E+00
  0.000000E+00
  0.000000E+00
  0.000000E+00
  0.000000E+00
  0.000000E+00
  0.000000E+00
  0.000000E+00
  0.000000E+00
  0.000000E+00
  0.000000E+00
  0.000000E+00
  0.000000E+00
  0.000000E+00
  0.000000E+00
  0.000000E+00
  0.000000E+00
  0.000000E+00
  0.000000E+00
  0.000000E+00
  0.000000E+00
  0.000000E+00
  0.000000E+00
  0.000000E+00
  0.000000E+00
  0.000000E+00
  0.000000E+00
  0.000000E+00
  0.000000E+00
  0.000000E+00
  0.000000E+00
  0.000000E+00
  0.000000E+00
  0.000000E+00
  0.000000E+00
  0.000000E+00
  0.000000E+00
  0.000000E+00
  0.000000E+00
  0.000000E+00
  0.000000E+00
  0.000000E+00
  0.000000E+00
  0.000000E+00
  0.000000E+00
  0.000000E+00
  0.000000E+00
  0.000000E+00
  0.000000E+00
  0.000000E+00
  0.000000E+00
  0.000000E+00
  0.000000E+00
  0.000000E+00
  0.000000E+00
  0.000000E+00
  0.000000E+00
  0.000000E+00
  0.000000E+00
  0.000000E+00
  0.000000E+00
  0.000000E+00
  0.000000E+00
  0.000000E+00
  0.000000E+00
  0.000000E+00
  0.000000E+00
  0.000000E+00
  0.000000E+00
  0.000000E+00
  0.000000E+00
  0.000000E+00
  0.000000E+00
  0.000000E+00
  0.000000E+00
  0.000000E+00
  0.000000E+00
  0.000000E+00
  0.000000E+00
  0.000000E+00
  0.000000E+00
  0.000000E+00
  0.000000E+00
  0.000000E+00
  0.000000E+00
  0.000000E+00
  0.000000E+00
  0.000000E+00
  0.000000E+00
  0.000000E+00
  0.000000E+00
  0.000000E+00
  0.000000E+00
  0.000000E+00
  0.000000E+00
  0.000000E+00
  0.000000E+00
  0.000000E+00
  0.000000E+00
  0.000000E+00
  0.000000E+00
  0.000000E+00
  0.000000E+00
  0.000000E+00
  0.000000E+00
  0.000000E+00
  0.000000E+00
  0.000000E+00
  0.000000E+00
  0.000000E+00
  0.000000E+00
  0.000000E+00
  0.000000E+00
  0.000000E+00
  0.000000E+00
  0.000000E+00
  0.000000E+00
  0.000000E+00
  0.000000E+00
  0.000000E+00
  0.000000E+00
  0.000000E+00
  0.000000E+00
  0.000000E+00
  0.000000E+00
  0.000000E+00
  0.000000E+00
  0.000000E+00
  0.000000E+00
  0.000000E+00
  0.000000E+00
  0.000000E+00
  0.000000E+00
  0.000000E+00
  0.000000E+00
  0.000000E+00
  0.000000E+00
  0.000000E+00
  0.000000E+00
  0.000000E+00
  0.000000E+00
  0.000000E+00
  0.000000E+00
  0.000000E+00
  0.000000E+00
  0.000000E+00
  0.000000E+00
  0.000000E+00
  0.000000E+00
  0.000000E+00
  0.000000E+00
  0.000000E+00
  0.000000E+00
  0.000000E+00
  0.000000E+00
  0.000000E+00
  0.000000E+00
  0.000000E+00
  0.000000E+00
  0.000000E+00
  0.000000E+00
  0.000000E+00
  0.000000E+00
  0.000000E+00
  0.000000E+00
  0.000000E+00
  0.000000E+00
  0.000000E+00
  0.000000E+00
  0.000000E+00
  0.000000E+00
  0.000000E+00
  0.000000E+00
  0.000000E+00
  0.000000E+00
  0.000000E+00
  0.000000E+00
  0.000000E+00
  0.000000E+00
  0.000000E+00
  0.000000E+00
  0.000000E+00
  0.000000E+00
  0.000000E+00
  0.000000E+00
  0.000000E+00
  0.000000E+00
  0.000000E+00
  0.000000E+00
  0.000000E+00
  0.000000E+00
  0.000000E+00
  0.000000E+00
  0.000000E+00
  0.000000E+00
  0.000000E+00
  0.000000E+00
  0.000000E+00
  0.000000E+00
  0.000000E+00
  0.000000E+00
  0.000000E+00
  0.000000E+00
  0.000000E+00
  0.000000E+00
  0.000000E+00
  0.000000E+00
  0.000000E+00
  0.000000E+00
  0.000000E+00
  0.000000E+00
  0.000000E+00
  0.000000E+00
  0.000000E+00
  0.000000E+00
  0.000000E+00
  0.000000E+00
  0.000000E+00
  0.000000E+00
  0.000000E+00
  0.000000E+00
  0.000000E+00
  0.000000E+00
  0.000000E+00
  0.000000E+00
  0.000000E+00
  0.000000E+00
  0.000000E+00
  0.000000E+00
  0.000000E+00
  0.000000E+00
  0.000000E+00
  0.000000E+00
  0.000000E+00
  0.000000E+00
  0.000000E+00
  0.000000E+00
  0.000000E+00
  0.000000E+00
  0.000000E+00
  0.000000E+00
  0.000000E+00
  0.000000E+00
  0.000000E+00
  0.000000E+00
  0.000000E+00
  0.000000E+00
  0.000000E+00
  0.000000E+00
  0.000000E+00
  0.000000E+00
  0.000000E+00
  0.000000E+00
  0.000000E+00
  0.000000E+00
  0.000000E+00
  0.000000E+00
  0.000000E+00
  0.000000E+00
  0.000000E+00
  0.000000E+00
  0.000000E+00
  0.000000E+00
  0.000000E+00
  0.000000E+00
  0.000000E+00
  0.000000E+00
  0.000000E+00
  0.000000E+00
  0.000000E+00
  0.000000E+00
  0.000000E+00
  0.000000E+00
  0.000000E+00
  0.000000E+00
  0.000000E+00
  0.000000E+00
  0.000000E+00
  0.000000E+00
  0.000000E+00
  0.000000E+00
  0.000000E+00
  0.000000E+00
  0.000000E+00
  0.000000E+00
  0.000000E+00
  0.000000E+00
  0.000000E+00
  0.000000E+00
  0.000000E+00
  0.000000E+00
  0.000000E+00
  0.000000E+00
  0.000000E+00
  0.000000E+00
  0.000000E+00
  0.000000E+00
  0.000000E+00
  0.000000E+00
  0.000000E+00
  0.000000E+00
  0.000000E+00
  0.000000E+00
  0.000000E+00
  0.000000E+00
  0.000000E+00
  0.000000E+00
  0.000000E+00
  0.000000E+00
  0.000000E+00
  0.000000E+00
  0.000000E+00
  0.000000E+00
  0.000000E+00
  0.000000E+00
  0.000000E+00
  0.000000E+00
  0.000000E+00
  0.000000E+00
  0.000000E+00
  0.000000E+00
  0.000000E+00
  0.000000E+00
  0.000000E+00
  0.000000E+00
  0.000000E+00
  0.000000E+00
  0.000000E+00
  0.000000E+00
  0.000000E+00
  0.000000E+00
  0.000000E+00
  0.000000E+00
  0.000000E+00
  0.000000E+00
  0.000000E+00
  0.000000E+00
  0.000000E+00
  0.000000E+00
  0.000000E+00
  0.000000E+00
  0.000000E+00
  0.000000E+00
  0.000000E+00
  0.000000E+00
  0.000000E+00
  0.000000E+00
  0.000000E+00
  0.000000E+00
  0.000000E+00
  0.000000E+00
  0.000000E+00
  0.000000E+00
  0.000000E+00
  0.000000E+00
  0.000000E+00
  0.000000E+00
  0.000000E+00
  0.000000E+00
  0.000000E+00
  0.000000E+00
  0.000000E+00
  0.000000E+00
  0.000000E+00
  0.000000E+00
  0.000000E+00
  0.000000E+00
  0.000000E+00
  0.000000E+00
  0.000000E+00
  0.000000E+00
  0.000000E+00
  0.000000E+00
  0.000000E+00
  0.000000E+00
  0.000000E+00
  0.000000E+00
  0.000000E+00
  0.000000E+00
  0.000000E+00
  0.000000E+00
  0.000000E+00
  0.000000E+00
  0.000000E+00
  0.000000E+00
  0.000000E+00
  0.000000E+00
  0.000000E+00
  0.000000E+00
  0.000000E+00
  0.000000E+00
  0.000000E+00
  0.000000E+00
  0.000000E+00
  0.000000E+00
  0.000000E+00
  0.000000E+00
  0.000000E+00
  0.000000E+00
  0.000000E+00
  0.000000E+00
  0.000000E+00
  0.000000E+00
  0.000000E+00
  0.000000E+00
  0.000000E+00
  0.000000E+00
  0.000000E+00
  0.000000E+00
  0.000000E+00
  0.000000E+00
  0.000000E+00
  0.000000E+00
  0.000000E+00
  0.000000E+00
  0.000000E+00
  0.000000E+00
  0.000000E+00
  0.000000E+00
  0.000000E+00
  0.000000E+00
  0.000000E+00
  0.000000E+00
  0.000000E+00
  0.000000E+00
  0.000000E+00
  0.000000E+00
  0.000000E+00
  0.000000E+00
  0.000000E+00
  0.000000E+00
  0.000000E+00
  0.000000E+00
  0.000000E+00
  0.000000E+00
  0.000000E+00
  0.000000E+00
  0.000000E+00
  0.000000E+00
  0.000000E+00
  0.000000E+00
  0.000000E+00
  0.000000E+00
  0.000000E+00
  0.000000E+00
  0.000000E+00
  0.000000E+00
  0.000000E+00
  0.000000E+00
  0.000000E+00
  0.000000E+00
  0.000000E+00
  0.000000E+00
  0.000000E+00
  0.000000E+00
  0.000000E+00
  0.000000E+00
  0.000000E+00
  0.000000E+00
  0.000000E+00
  0.000000E+00
  0.000000E+00
  0.000000E+00
  0.000000E+00
  0.000000E+00
  0.000000E+00
  0.000000E+00
  0.000000E+00
  0.000000E+00
  0.000000E+00
  0.000000E+00
  0.000000E+00
  0.000000E+00
  0.000000E+00
  0.000000E+00
  0.000000E+00
  0.000000E+00
  0.000000E+00
  0.000000E+00
  0.000000E+00
  0.000000E+00
  0.000000E+00
  0.000000E+00
  0.000000E+00
  0.000000E+00
  0.000000E+00
  0.000000E+00
  0.000000E+00
  0.000000E+00
  0.000000E+00
  0.000000E+00
  0.000000E+00
  0.000000E+00
  0.000000E+00
  0.000000E+00
  0.000000E+00
  0.000000E+00
  0.000000E+00
  0.000000E+00
  0.000000E+00
  0.000000E+00
  0.000000E+00
  0.000000E+00
  0.000000E+00
  0.000000E+00
  0.000000E+00
  0.000000E+00
  0.000000E+00
  0.000000E+00
  0.000000E+00
  0.000000E+00
  0.000000E+00
  0.000000E+00
  0.000000E+00
  0.000000E+00
  0.000000E+00
  0.000000E+00
  0.000000E+00
  0.000000E+00
  0.000000E+00
  0.000000E+00
  0.000000E+00
  0.000000E+00
  0.000000E+00
  0.000000E+00
  0.000000E+00
  0.000000E+00
  0.000000E+00
  0.000000E+00
  0.000000E+00
  0.000000E+00
  0.000000E+00
  0.000000E+00
  0.000000E+00
  0.000000E+00
  0.000000E+00
  0.000000E+00
  0.000000E+00
  0.000000E+00
  0.000000E+00
  0.000000E+00
  0.000000E+00
  0.000000E+00
  0.000000E+00
  0.000000E+00
  0.000000E+00
  0.000000E+00
  0.000000E+00
  0.000000E+00
  0.000000E+00
  0.000000E+00
  0.000000E+00
  0.000000E+00
  0.000000E+00
  0.000000E+00
  0.000000E+00
  0.000000E+00
  0.000000E+00
  0.000000E+00
  0.000000E+00
  0.000000E+00
  0.000000E+00
  0.000000E+00
  0.000000E+00
  0.000000E+00
  0.000000E+00
  0.000000E+00
  0.000000E+00
  0.000000E+00
  0.000000E+00
  0.000000E+00
  0.000000E+00
  0.000000E+00
  0.000000E+00
  0.000000E+00
  0.000000E+00
  0.000000E+00
  0.000000E+00
  0.000000E+00
  0.000000E+00
  0.000000E+00
  0.000000E+00
  0.000000E+00
  0.000000E+00
  0.000000E+00
  0.000000E+00
  0.000000E+00
  0.000000E+00
  0.000000E+00
  0.000000E+00
  0.000000E+00
  0.000000E+00
  0.000000E+00
  0.000000E+00
  0.000000E+00
  0.000000E+00
  0.000000E+00
  0.000000E+00
  0.000000E+00
  0.000000E+00
  0.000000E+00
  0.000000E+00
  0.000000E+00
  0.000000E+00
  0.000000E+00
  0.000000E+00
  0.000000E+00
  0.000000E+00
  0.000000E+00
  0.000000E+00
  0.000000E+00
  0.000000E+00
  0.000000E+00
  0.000000E+00
  0.000000E+00
  0.000000E+00
  0.000000E+00
  0.000000E+00
  0.000000E+00
  0.000000E+00
  0.000000E+00
  0.000000E+00
  0.000000E+00
  0.000000E+00
  0.000000E+00
  0.000000E+00
  0.000000E+00
  0.000000E+00
  0.000000E+00
  0.000000E+00
  0.000000E+00
  0.000000E+00
  0.000000E+00
  0.000000E+00
  0.000000E+00
  0.000000E+00
  0.000000E+00
  0.000000E+00
  0.000000E+00
  0.000000E+00
  0.000000E+00
  0.000000E+00
  0.000000E+00
  0.000000E+00
  0.000000E+00
  0.000000E+00
  0.000000E+00
  0.000000E+00
  0.000000E+00
  0.000000E+00
  0.000000E+00
  0.000000E+00
  0.000000E+00
  0.000000E+00
  0.000000E+00
  0.000000E+00
  0.000000E+00
  0.000000E+00
  0.000000E+00
  0.000000E+00
  0.000000E+00
  0.000000E+00
  0.000000E+00
  0.000000E+00
  0.000000E+00
  0.000000E+00
  0.000000E+00
  0.000000E+00
  0.000000E+00
  0.000000E+00
  0.000000E+00
  0.000000E+00
  0.000000E+00
  0.000000E+00
  0.000000E+00
  0.000000E+00
  0.000000E+00
  0.000000E+00
  0.000000E+00
  0.000000E+00
  0.000000E+00
  0.000000E+00
  0.000000E+00
  0.000000E+00
  0.000000E+00
  0.000000E+00
  0.000000E+00
  0.000000E+00
  0.000000E+00
  0.000000E+00
  0.000000E+00
  0.000000E+00
  0.000000E+00
  0.000000E+00
  0.000000E+00
  0.000000E+00
  0.000000E+00
  0.000000E+00
  0.000000E+00
  0.000000E+00
  0.000000E+00
  0.000000E+00
  0.000000E+00
  0.000000E+00
  0.000000E+00
  0.000000E+00
  0.000000E+00
  0.000000E+00
  0.000000E+00
  0.000000E+00
  0.000000E+00
  0.000000E+00
  0.000000E+00
  0.000000E+00
  0.000000E+00
  0.000000E+00
  0.000000E+00
  0.000000E+00
  0.000000E+00
  0.000000E+00
  0.000000E+00
  0.000000E+00
  0.000000E+00
  0.000000E+00
  0.000000E+00
  0.000000E+00
  0.000000E+00
  0.000000E+00
  0.000000E+00
  0.000000E+00
  0.000000E+00
  0.000000E+00
  0.000000E+00
  0.000000E+00
  0.000000E+00
  0.000000E+00
  0.000000E+00
  0.000000E+00
  0.000000E+00
  0.000000E+00
  0.000000E+00
  0.000000E+00
  0.000000E+00
  0.000000E+00
  0.000000E+00
  0.000000E+00
  0.000000E+00
  0.000000E+00
  0.000000E+00
  0.000000E+00
  0.000000E+00
  0.000000E+00
  0.000000E+00
  0.000000E+00
  0.000000E+00
  0.000000E+00
  0.000000E+00
  0.000000E+00
  0.000000E+00
  0.000000E+00
  0.000000E+00
  0.000000E+00
  0.000000E+00
  0.000000E+00
  0.000000E+00
  0.000000E+00
  0.000000E+00
  0.000000E+00
  0.000000E+00
  0.000000E+00
  0.000000E+00
  0.000000E+00
  0.000000E+00
  0.000000E+00
  0.000000E+00
  0.000000E+00
  0.000000E+00
  0.000000E+00
  0.000000E+00
  0.000000E+00
  0.000000E+00
  0.000000E+00
  0.000000E+00
  0.000000E+00
  0.000000E+00
  0.000000E+00
  0.000000E+00
  0.000000E+00
  0.000000E+00
  0.000000E+00
  0.000000E+00
  0.000000E+00
  0.000000E+00
  0.000000E+00
  0.000000E+00
  0.000000E+00
  0.000000E+00
  0.000000E+00
  0.000000E+00
  0.000000E+00
  0.000000E+00
  0.000000E+00
  0.000000E+00
  0.000000E+00
  0.000000E+00
  0.000000E+00
  0.000000E+00
  0.000000E+00
  0.000000E+00
  0.000000E+00
  0.000000E+00
  0.000000E+00
  0.000000E+00
  0.000000E+00
  0.000000E+00
  0.000000E+00
  0.000000E+00
  0.000000E+00
  0.000000E+00
  0.000000E+00
  0.000000E+00
  0.000000E+00
  0.000000E+00
  0.000000E+00
  0.000000E+00
  0.000000E+00
  0.000000E+00
  0.000000E+00
  0.000000E+00
  0.000000E+00
  0.000000E+00
  0.000000E+00
  0.000000E+00
  0.000000E+00
  0.000000E+00
  0.000000E+00
  0.000000E+00
  0.000000E+00
  0.000000E+00
  0.000000E+00
  0.000000E+00
  0.000000E+00
  0.000000E+00
  0.000000E+00
  0.000000E+00
  0.000000E+00
  0.000000E+00
  0.000000E+00
  0.000000E+00
  0.000000E+00
  0.000000E+00
  0.000000E+00
  0.000000E+00
  0.000000E+00
  0.000000E+00
  0.000000E+00
  0.000000E+00
  0.000000E+00
  0.000000E+00
  0.000000E+00
  0.000000E+00
  0.000000E+00
  0.000000E+00
  0.000000E+00
  0.000000E+00
  0.000000E+00
  0.000000E+00
  0.000000E+00
  0.000000E+00
  0.000000E+00
  0.000000E+00
  0.000000E+00
  0.000000E+00
  0.000000E+00
  0.000000E+00
  0.000000E+00
  0.000000E+00
  0.000000E+00
  0.000000E+00
  0.000000E+00
  0.000000E+00
  0.000000E+00
  0.000000E+00
  0.000000E+00
  0.000000E+00
  0.000000E+00
  0.000000E+00
  0.000000E+00
  0.000000E+00
  0.000000E+00
  0.000000E+00
  0.000000E+00
  0.000000E+00
  0.000000E+00
  0.000000E+00
  0.000000E+00
  0.000000E+00
  0.000000E+00
  0.000000E+00
  0.000000E+00
  0.000000E+00
  0.000000E+00
  0.000000E+00
  0.000000E+00
  0.000000E+00
  0.000000E+00
  0.000000E+00
  0.000000E+00
  0.000000E+00
  0.000000E+00
  0.000000E+00
  0.000000E+00
  0.000000E+00
  0.000000E+00
  0.000000E+00
  0.000000E+00
  0.000000E+00
  0.000000E+00
  0.000000E+00
  0.000000E+00
  0.000000E+00
  0.000000E+00
  0.000000E+00
  0.000000E+00
  0.000000E+00
  0.000000E+00
  0.000000E+00
  0.000000E+00
  0.000000E+00
  0.000000E+00
  0.000000E+00
  0.000000E+00
  0.000000E+00
  0.000000E+00
  0.000000E+00
  0.000000E+00
  0.000000E+00
  0.000000E+00
  0.000000E+00
  0.000000E+00
  0.000000E+00
  0.000000E+00
  0.000000E+00
  0.000000E+00
  0.000000E+00
  0.000000E+00
  0.000000E+00
  0.000000E+00
  0.000000E+00
  0.000000E+00
  0.000000E+00
  0.000000E+00
  0.000000E+00
  0.000000E+00
  0.000000E+00
  0.000000E+00
  0.000000E+00
  0.000000E+00
  0.000000E+00
  0.000000E+00
  0.000000E+00
  0.000000E+00
  0.000000E+00
  0.000000E+00
  0.000000E+00
  0.000000E+00
  0.000000E+00
  0.000000E+00
  0.000000E+00
  0.000000E+00
  0.000000E+00
  0.000000E+00
  0.000000E+00
  0.000000E+00
  0.000000E+00
  0.000000E+00
  0.000000E+00
  0.000000E+00
  0.000000E+00
  0.000000E+00
  0.000000E+00
  0.000000E+00
  0.000000E+00
  0.000000E+00
  0.000000E+00
  0.000000E+00
  0.000000E+00
  0.000000E+00
  0.000000E+00
  0.000000E+00
  0.000000E+00
  0.000000E+00
  0.000000E+00
  0.000000E+00
  0.000000E+00
  0.000000E+00
  0.000000E+00
  0.000000E+00
  0.000000E+00
  0.000000E+00
  0.000000E+00
  0.000000E+00
  0.000000E+00
  0.000000E+00
  0.000000E+00
  0.000000E+00
  0.000000E+00
  0.000000E+00
  0.000000E+00
  0.000000E+00
  0.000000E+00
  0.000000E+00
  0.000000E+00
  0.000000E+00
  0.000000E+00
  0.000000E+00
  0.000000E+00
  0.000000E+00
  0.000000E+00
  0.000000E+00
  0.000000E+00
  0.000000E+00
  0.000000E+00
  0.000000E+00
  0.000000E+00
  0.000000E+00
  0.000000E+00
  0.000000E+00
  0.000000E+00
  0.000000E+00
  0.000000E+00
  0.000000E+00
  0.000000E+00
  0.000000E+00
  0.000000E+00
  0.000000E+00
  0.000000E+00
  0.000000E+00
  0.000000E+00
  0.000000E+00
  0.000000E+00
  0.000000E+00
  0.000000E+00
  0.000000E+00
  0.000000E+00
  0.000000E+00
  0.000000E+00
  0.000000E+00
  0.000000E+00
  0.000000E+00
  0.000000E+00
  0.000000E+00
  0.000000E+00
  0.000000E+00
  0.000000E+00
  0.000000E+00
  0.000000E+00
  0.000000E+00
  0.000000E+00
  0.000000E+00
  0.000000E+00
  0.000000E+00
  0.000000E+00
  0.000000E+00
  0.000000E+00
  0.000000E+00
  0.000000E+00
  0.000000E+00
  0.000000E+00
  0.000000E+00
  0.000000E+00
  0.000000E+00
  0.000000E+00
  0.000000E+00
  0.000000E+00
  0.000000E+00
  0.000000E+00
  0.000000E+00
  0.000000E+00
  0.000000E+00
  0.000000E+00
  0.000000E+00
  0.000000E+00
  0.000000E+00
  0.000000E+00
  0.000000E+00
  0.000000E+00
  0.000000E+00
  0.000000E+00
  0.000000E+00
  0.000000E+00
  0.000000E+00
  0.000000E+00
  0.000000E+00
  0.000000E+00
  0.000000E+00
  0.000000E+00
  0.000000E+00
  0.000000E+00
  0.000000E+00
  0.000000E+00
  0.000000E+00
  0.000000E+00
  0.000000E+00
  0.000000E+00
  0.000000E+00
  0.000000E+00
  0.000000E+00
  0.000000E+00
  0.000000E+00
  0.000000E+00
  0.000000E+00
  0.000000E+00
  0.000000E+00
  0.000000E+00
  0.000000E+00
  0.000000E+00
  0.000000E+00
  0.000000E+00
  0.000000E+00
  0.000000E+00
  0.000000E+00
  0.000000E+00
  0.000000E+00
  0.000000E+00
  0.000000E+00
  0.000000E+00
  0.000000E+00
  0.000000E+00
  0.000000E+00
  0.000000E+00
  0.000000E+00
  0.000000E+00
  0.000000E+00
  0.000000E+00
  0.000000E+00
  0.000000E+00
  0.000000E+00
  0.000000E+00
  0.000000E+00
  0.000000E+00
  0.000000E+00
  0.000000E+00
  0.000000E+00
  0.000000E+00
  0.000000E+00
  0.000000E+00
  0.000000E+00
  0.000000E+00
  0.000000E+00
  0.000000E+00
  0.000000E+00
  0.000000E+00
  0.000000E+00
  0.000000E+00
  0.000000E+00
  0.000000E+00
  0.000000E+00
  0.000000E+00
  0.000000E+00
  0.000000E+00
  0.000000E+00
  0.000000E+00
  0.000000E+00
  0.000000E+00
  0.000000E+00
  0.000000E+00
  0.000000E+00
  0.000000E+00
  0.000000E+00
  0.000000E+00
  0.000000E+00
  0.000000E+00
  0.000000E+00
  0.000000E+00
  0.000000E+00
  0.000000E+00
  0.000000E+00
  0.000000E+00
  0.000000E+00
  0.000000E+00
  0.000000E+00
  0.000000E+00
  0.000000E+00
  0.000000E+00
  0.000000E+00
  0.000000E+00
  0.000000E+00
  0.000000E+00
  0.000000E+00
  0.000000E+00
  0.000000E+00
  0.000000E+00
  0.000000E+00
  0.000000E+00
  0.000000E+00
  0.000000E+00
  0.000000E+00
  0.000000E+00
  0.000000E+00
  0.000000E+00
  0.000000E+00
  0.000000E+00
  0.000000E+00
  0.000000E+00
  0.000000E+00
  0.000000E+00
  0.000000E+00
  0.000000E+00
  0.000000E+00
  0.000000E+00
  0.000000E+00
  0.000000E+00
  0.000000E+00
  0.000000E+00
  0.000000E+00
  0.000000E+00
  0.000000E+00
  0.000000E+00
  0.000000E+00
  0.000000E+00
  0.000000E+00
  0.000000E+00
  0.000000E+00
  0.000000E+00
  0.000000E+00
  0.000000E+00
  0.000000E+00
  0.000000E+00
  0.000000E+00
  0.000000E+00
  0.000000E+00
  0.000000E+00
  0.000000E+00
  0.000000E+00
  0.000000E+00
  0.000000E+00
  0.000000E+00
  0.000000E+00
  0.000000E+00
  0.000000E+00
  0.000000E+00
  0.000000E+00
  0.000000E+00
  0.000000E+00
  0.000000E+00
  0.000000E+00
  0.000000E+00
  0.000000E+00
  0.000000E+00
  0.000000E+00
  0.000000E+00
  0.000000E+00
  0.000000E+00
  0.000000E+00
  0.000000E+00
  0.000000E+00
  0.000000E+00
  0.000000E+00
  0.000000E+00
  0.000000E+00
  0.000000E+00
  0.000000E+00
  0.000000E+00
  0.000000E+00
  0.000000E+00
  0.000000E+00
  0.000000E+00
  0.000000E+00
  0.000000E+00
  0.000000E+00
  0.000000E+00
  0.000000E+00
  0.000000E+00
  0.000000E+00
  0.000000E+00
  0.000000E+00
  0.000000E+00
  0.000000E+00
  0.000000E+00
  0.000000E+00
  0.000000E+00
  0.000000E+00
  0.000000E+00
  0.000000E+00
  0.000000E+00
  0.000000E+00
  0.000000E+00
  0.000000E+00
  0.000000E+00
  0.000000E+00
  0.000000E+00
  0.000000E+00
  0.000000E+00
  0.000000E+00
  0.000000E+00
  0.000000E+00
  0.000000E+00
  0.000000E+00
  0.000000E+00
  0.000000E+00
  0.000000E+00
  0.000000E+00
  0.000000E+00
  0.000000E+00
  0.000000E+00
  0.000000E+00
  0.000000E+00
  0.000000E+00
  0.000000E+00
  0.000000E+00
  0.000000E+00
  0.000000E+00
  0.000000E+00
  0.000000E+00
  0.000000E+00
  0.000000E+00
  0.000000E+00
  0.000000E+00
  0.000000E+00
  0.000000E+00
  0.000000E+00
  0.000000E+00
  0.000000E+00
  0.000000E+00
  0.000000E+00
  0.000000E+00
  0.000000E+00
  0.000000E+00
  0.000000E+00
  0.000000E+00
  0.000000E+00
  0.000000E+00
  0.000000E+00
  0.000000E+00
  0.000000E+00
  0.000000E+00
  0.000000E+00
  0.000000E+00
  0.000000E+00
  0.000000E+00
  0.000000E+00
  0.000000E+00
  0.000000E+00
  0.000000E+00
  0.000000E+00
  0.000000E+00
  0.000000E+00
  0.000000E+00
  0.000000E+00
  0.000000E+00
  0.000000E+00
  0.000000E+00
  0.000000E+00
  0.000000E+00
  0.000000E+00
  0.000000E+00
  0.000000E+00
  0.000000E+00
  0.000000E+00
  0.000000E+00
  0.000000E+00
  0.000000E+00
  0.000000E+00
  0.000000E+00
  0.000000E+00
  0.000000E+00
  0.000000E+00
  0.000000E+00
  0.000000E+00
  0.000000E+00
  0.000000E+00
  0.000000E+00
  0.000000E+00
  0.000000E+00
  0.000000E+00
  0.000000E+00
  0.000000E+00
  0.000000E+00
  0.000000E+00
  0.000000E+00
  0.000000E+00
  0.000000E+00
  0.000000E+00
  0.000000E+00
  0.000000E+00
  0.000000E+00
  0.000000E+00
  0.000000E+00
  0.000000E+00
  0.000000E+00
  0.000000E+00
  0.000000E+00
  0.000000E+00
  0.000000E+00
  0.000000E+00
  0.000000E+00
  0.000000E+00
  0.000000E+00
  0.000000E+00
  0.000000E+00
  0.000000E+00
  0.000000E+00
  0.000000E+00
  0.000000E+00
  0.000000E+00
  0.000000E+00
  0.000000E+00
  0.000000E+00
  0.000000E+00
  0.000000E+00
  0.000000E+00
  0.000000E+00
  0.000000E+00
  0.000000E+00
  0.000000E+00
  0.000000E+00
  0.000000E+00
  0.000000E+00
  0.000000E+00
  0.000000E+00
  0.000000E+00
  0.000000E+00
  0.000000E+00
  0.000000E+00
  0.000000E+00
  0.000000E+00
  0.000000E+00
  0.000000E+00
  0.000000E+00
  0.000000E+00
  0.000000E+00
  0.000000E+00
  0.000000E+00
  0.000000E+00
  0.000000E+00
  0.000000E+00
  0.000000E+00
  0.000000E+00
  0.000000E+00
  0.000000E+00
  0.000000E+00
  0.000000E+00
  0.000000E+00
  0.000000E+00
  0.000000E+00
  0.000000E+00
  0.000000E+00
  0.000000E+00
  0.000000E+00
  0.000000E+00
  0.000000E+00
  0.000000E+00
  0.000000E+00
  0.000000E+00
  0.000000E+00
  0.000000E+00
  0.000000E+00
  0.000000E+00
  0.000000E+00
  0.000000E+00
  0.000000E+00
  0.000000E+00
  0.000000E+00
  0.000000E+00
  0.000000E+00
  0.000000E+00
  0.000000E+00
  0.000000E+00
  0.000000E+00
  0.000000E+00
  0.000000E+00
  0.000000E+00
  0.000000E+00
  0.000000E+00
  0.000000E+00
  0.000000E+00
  0.000000E+00
  0.000000E+00
  0.000000E+00
  0.000000E+00
  0.000000E+00
  0.000000E+00
  0.000000E+00
  0.000000E+00
  0.000000E+00
  0.000000E+00
  0.000000E+00
  0.000000E+00
  0.000000E+00
  0.000000E+00
  0.000000E+00
  0.000000E+00
  0.000000E+00
  0.000000E+00
  0.000000E+00
  0.000000E+00
  0.000000E+00
  0.000000E+00
  0.000000E+00
  0.000000E+00
  0.000000E+00
  0.000000E+00
  0.000000E+00
  0.000000E+00
  0.000000E+00
  0.000000E+00
  0.000000E+00
  0.000000E+00
  0.000000E+00
  0.000000E+00
  0.000000E+00
  0.000000E+00
  0.000000E+00
  0.000000E+00
  0.000000E+00
  0.000000E+00
  0.000000E+00
  0.000000E+00
  0.000000E+00
  0.000000E+00
  0.000000E+00
  0.000000E+00
  0.000000E+00
  0.000000E+00
  0.000000E+00
  0.000000E+00
  0.000000E+00
  0.000000E+00
  0.000000E+00
  0.000000E+00
  0.000000E+00
  0.000000E+00
  0.000000E+00
  0.000000E+00
  0.000000E+00
  0.000000E+00
  0.000000E+00
  0.000000E+00
  0.000000E+00
  0.000000E+00
  0.000000E+00
  0.000000E+00
  0.000000E+00
  0.000000E+00
  0.000000E+00
  0.000000E+00
  0.000000E+00
  0.000000E+00
  0.000000E+00
  0.000000E+00
  0.000000E+00
  0.000000E+00
  0.000000E+00
  0.000000E+00
  0.000000E+00
  0.000000E+00
  0.000000E+00
  0.000000E+00
  0.000000E+00
  0.000000E+00
  0.000000E+00
  0.000000E+00
  0.000000E+00
  0.000000E+00
  0.000000E+00
  0.000000E+00
  0.000000E+00
  0.000000E+00
  0.000000E+00
  0.000000E+00
  0.000000E+00
  0.000000E+00
  0.000000E+00
  0.000000E+00
  0.000000E+00
  0.000000E+00
  0.000000E+00
  0.000000E+00
  0.000000E+00
  0.000000E+00
  0.000000E+00
  0.000000E+00
  0.000000E+00
  0.000000E+00
  0.000000E+00
  0.000000E+00
  0.000000E+00
  0.000000E+00
  0.000000E+00
  0.000000E+00
  0.000000E+00
  0.000000E+00
  0.000000E+00
  0.000000E+00
  0.000000E+00
  0.000000E+00
  0.000000E+00
  0.000000E+00
  0.000000E+00
  0.000000E+00
  0.000000E+00
  0.000000E+00
  0.000000E+00
  0.000000E+00
  0.000000E+00
  0.000000E+00
  0.000000E+00
  0.000000E+00
  0.000000E+00
  0.000000E+00
  0.000000E+00
  0.000000E+00
  0.000000E+00
  0.000000E+00
  0.000000E+00
  0.000000E+00
  0.000000E+00
  0.000000E+00
  0.000000E+00
  0.000000E+00
  0.000000E+00
  0.000000E+00
  0.000000E+00
  0.000000E+00
  0.000000E+00
  0.000000E+00
  0.000000E+00
  0.000000E+00
  0.000000E+00
  0.000000E+00
  0.000000E+00
  0.000000E+00
  0.000000E+00
  0.000000E+00
  0.000000E+00
  0.000000E+00
  0.000000E+00
  0.000000E+00
  0.000000E+00
  0.000000E+00
  0.000000E+00
  0.000000E+00
  0.000000E+00
  0.000000E+00
  0.000000E+00
  0.000000E+00
  0.000000E+00
  0.000000E+00
  0.000000E+00
  0.000000E+00
  0.000000E+00
  0.000000E+00
  0.000000E+00
  0.000000E+00
  0.000000E+00
  0.000000E+00
  0.000000E+00
  0.000000E+00
  0.000000E+00
  0.000000E+00
  0.000000E+00
  0.000000E+00
  0.000000E+00
  0.000000E+00
  0.000000E+00
  0.000000E+00
  0.000000E+00
  0.000000E+00
  0.000000E+00
  0.000000E+00
  0.000000E+00
  0.000000E+00
  0.000000E+00
  0.000000E+00
  0.000000E+00
  0.000000E+00
  0.000000E+00
  0.000000E+00
  0.000000E+00
  0.000000E+00
  0.000000E+00
  0.000000E+00
  0.000000E+00
  0.000000E+00
  0.000000E+00
  0.000000E+00
  0.000000E+00
  0.000000E+00
  0.000000E+00
  0.000000E+00
  0.000000E+00
  0.000000E+00
  0.000000E+00
  0.000000E+00
  0.000000E+00
  0.000000E+00
  0.000000E+00
  0.000000E+00
  0.000000E+00
  0.000000E+00
  0.000000E+00
  0.000000E+00
  0.000000E+00
  0.000000E+00
  0.000000E+00
  0.000000E+00
  0.000000E+00
  0.000000E+00
  0.000000E+00
  0.000000E+00
  0.000000E+00
  0.000000E+00
  0.000000E+00
  0.000000E+00
  0.000000E+00
  0.000000E+00
  0.000000E+00
  0.000000E+00
  0.000000E+00
  0.000000E+00
  0.000000E+00
  0.000000E+00
  0.000000E+00
  0.000000E+00
  0.000000E+00
  0.000000E+00
  0.000000E+00
  0.000000E+00
  0.000000E+00
  0.000000E+00
  0.000000E+00
  0.000000E+00
  0.000000E+00
  0.000000E+00
  0.000000E+00
  0.000000E+00
  0.000000E+00
  0.000000E+00
  0.000000E+00
  0.000000E+00
  0.000000E+00
  0.000000E+00
  0.000000E+00
  0.000000E+00
  0.000000E+00
  0.000000E+00
  0.000000E+00
  0.000000E+00
  0.000000E+00
  0.000000E+00
  0.000000E+00
  0.000000E+00
  0.000000E+00
  0.000000E+00
  0.000000E+00
  0.000000E+00
  0.000000E+00
  0.000000E+00
  0.000000E+00
  0.000000E+00
  0.000000E+00
  0.000000E+00
  0.000000E+00
  0.000000E+00
  0.000000E+00
  0.000000E+00
  0.000000E+00
  0.000000E+00
  0.000000E+00
  0.000000E+00
  0.000000E+00
  0.000000E+00
  0.000000E+00
  0.000000E+00
  0.000000E+00
  0.000000E+00
  0.000000E+00
  0.000000E+00
  0.000000E+00
  0.000000E+00
  0.000000E+00
  0.000000E+00
  0.000000E+00
  0.000000E+00
  0.000000E+00
  0.000000E+00
  0.000000E+00
  0.000000E+00
  0.000000E+00
  0.000000E+00
  0.000000E+00
  0.000000E+00
  0.000000E+00
  0.000000E+00
  0.000000E+00
  0.000000E+00
  0.000000E+00
  0.000000E+00
  0.000000E+00
  0.000000E+00
  0.000000E+00
  0.000000E+00
  0.000000E+00
  0.000000E+00
  0.000000E+00
  0.000000E+00
  0.000000E+00
  0.000000E+00
  0.000000E+00
  0.000000E+00
  0.000000E+00
  0.000000E+00
  0.000000E+00
  0.000000E+00
  0.000000E+00
  0.000000E+00
  0.000000E+00
  0.000000E+00
  0.000000E+00
  0.000000E+00
  0.000000E+00
  0.000000E+00
  0.000000E+00
  0.000000E+00
  0.000000E+00
  0.000000E+00
  0.000000E+00
  0.000000E+00
  0.000000E+00
  0.000000E+00
  0.000000E+00
  0.000000E+00
  0.000000E+00
  0.000000E+00
  0.000000E+00
  0.000000E+00
  0.000000E+00
  0.000000E+00
  0.000000E+00
  0.000000E+00
  0.000000E+00
  0.000000E+00
  0.000000E+00
  0.000000E+00
  0.000000E+00
  0.000000E+00
  0.000000E+00
  0.000000E+00
  0.000000E+00
  0.000000E+00
  0.000000E+00
  0.000000E+00
  0.000000E+00
  0.000000E+00
  0.000000E+00
  0.000000E+00
  0.000000E+00
  0.000000E+00
  0.000000E+00
  0.000000E+00
  0.000000E+00
  0.000000E+00
  0.000000E+00
  0.000000E+00
  0.000000E+00
  0.000000E+00
  0.000000E+00
  0.000000E+00
  0.000000E+00
  0.000000E+00
  0.000000E+00
  0.000000E+00
  0.000000E+00
  0.000000E+00
  0.000000E+00
  0.000000E+00
  0.000000E+00
  0.000000E+00
  0.000000E+00
  0.000000E+00
  0.000000E+00
  0.000000E+00
  0.000000E+00
  0.000000E+00
  0.000000E+00
  0.000000E+00
  0.000000E+00
  0.000000E+00
  0.000000E+00
  0.000000E+00
  0.000000E+00
  0.000000E+00
  0.000000E+00
  0.000000E+00
  0.000000E+00
  0.000000E+00
  0.000000E+00
  0.000000E+00
  0.000000E+00
  0.000000E+00
  0.000000E+00
  0.000000E+00
  0.000000E+00
  0.000000E+00
  0.000000E+00
  0.000000E+00
  0.000000E+00
  0.000000E+00
  0.000000E+00
  0.000000E+00
  0.000000E+00
  0.000000E+00
  0.000000E+00
  0.000000E+00
  0.000000E+00
  0.000000E+00
  0.000000E+00
  0.000000E+00
  0.000000E+00
  0.000000E+00
  0.000000E+00
  0.000000E+00
  0.000000E+00
  0.000000E+00
  0.000000E+00
  0.000000E+00
  0.000000E+00
  0.000000E+00
  0.000000E+00
  0.000000E+00
  0.000000E+00
  0.000000E+00
  0.000000E+00
  0.000000E+00
  0.000000E+00
  0.000000E+00
  0.000000E+00
  0.000000E+00
  0.000000E+00
  0.000000E+00
  0.000000E+00
  0.000000E+00
  0.000000E+00
  0.000000E+00
  0.000000E+00
  0.000000E+00
  0.000000E+00
  0.000000E+00
  0.000000E+00
  0.000000E+00
  0.000000E+00
  0.000000E+00
  0.000000E+00
  0.000000E+00
  0.000000E+00
  0.000000E+00
  0.000000E+00
  0.000000E+00
  0.000000E+00
  0.000000E+00
  0.000000E+00
  0.000000E+00
  0.000000E+00
  0.000000E+00
  0.000000E+00
  0.000000E+00
  0.000000E+00
  0.000000E+00
  0.000000E+00
  0.000000E+00
  0.000000E+00
  0.000000E+00
  0.000000E+00
  0.000000E+00
  0.000000E+00
  0.000000E+00
  0.000000E+00
  0.000000E+00
  0.000000E+00
  0.000000E+00
  0.000000E+00
  0.000000E+00
  0.000000E+00
  0.000000E+00
  0.000000E+00
  0.000000E+00
  0.000000E+00
  0.000000E+00
  0.000000E+00
  0.000000E+00
  0.000000E+00
  0.000000E+00
  0.000000E+00
  0.000000E+00
  0.000000E+00
  0.000000E+00
  0.000000E+00
  0.000000E+00
  0.000000E+00
  0.000000E+00
  0.000000E+00
  0.000000E+00
  0.000000E+00
  0.000000E+00
  0.000000E+00
  0.000000E+00
  0.000000E+00
  0.000000E+00
  0.000000E+00
  0.000000E+00
  0.000000E+00
  0.000000E+00
  0.000000E+00
  0.000000E+00
  0.000000E+00
  0.000000E+00
  0.000000E+00
  0.000000E+00
  0.000000E+00
  0.000000E+00
  0.000000E+00
  0.000000E+00
  0.000000E+00
  0.000000E+00
  0.000000E+00
  0.000000E+00
  0.000000E+00
  0.000000E+00
  0.000000E+00
  0.000000E+00
  0.000000E+00
  0.000000E+00
  0.000000E+00
  0.000000E+00
  0.000000E+00
  0.000000E+00
  0.000000E+00
  0.000000E+00
  0.000000E+00
  0.000000E+00
  0.000000E+00
  0.000000E+00
  0.000000E+00
  0.000000E+00
  0.000000E+00
  0.000000E+00
  0.000000E+00
  0.000000E+00
  0.000000E+00
  0.000000E+00
  0.000000E+00
  0.000000E+00
  0.000000E+00
  0.000000E+00
  0.000000E+00
  0.000000E+00
  0.000000E+00
  0.000000E+00
  0.000000E+00
  0.000000E+00
  0.000000E+00
  0.000000E+00
  0.000000E+00
  0.000000E+00
  0.000000E+00
  0.000000E+00
  0.000000E+00
  0.000000E+00
  0.000000E+00
  0.000000E+00
  0.000000E+00
  0.000000E+00
  0.000000E+00
  0.000000E+00
  0.000000E+00
  0.000000E+00
  0.000000E+00
  0.000000E+00
  0.000000E+00
  0.000000E+00
  0.000000E+00
  0.000000E+00
  0.000000E+00
  0.000000E+00
  0.000000E+00
  0.000000E+00
  0.000000E+00
  0.000000E+00
  0.000000E+00
  0.000000E+00
  0.000000E+00
  0.000000E+00
  0.000000E+00
  0.000000E+00
  0.000000E+00
  0.000000E+00
  0.000000E+00
  0.000000E+00
  0.000000E+00
  0.000000E+00
  0.000000E+00
  0.000000E+00
  0.000000E+00
  0.000000E+00
  0.000000E+00
  0.000000E+00
  0.000000E+00
  0.000000E+00
  0.000000E+00
  0.000000E+00
  0.000000E+00
  0.000000E+00
  0.000000E+00
  0.000000E+00
  0.000000E+00
  0.000000E+00
  0.000000E+00
  0.000000E+00
  0.000000E+00
  0.000000E+00
  0.000000E+00
  0.000000E+00
  0.000000E+00
  0.000000E+00
  0.000000E+00
  0.000000E+00
  0.000000E+00
  0.000000E+00
  0.000000E+00
  0.000000E+00
  0.000000E+00
  0.000000E+00
  0.000000E+00
  0.000000E+00
  0.000000E+00
  0.000000E+00
  0.000000E+00
  0.000000E+00
  0.000000E+00
  0.000000E+00
  0.000000E+00
  0.000000E+00
  0.000000E+00
  0.000000E+00
  0.000000E+00
  0.000000E+00
  0.000000E+00
  0.000000E+00
  0.000000E+00
  0.000000E+00
  0.000000E+00
  0.000000E+00
  0.000000E+00
  0.000000E+00
  0.000000E+00
  0.000000E+00
  0.000000E+00
  0.000000E+00
  0.000000E+00
  0.000000E+00
  0.000000E+00
  0.000000E+00
  0.000000E+00
  0.000000E+00
  0.000000E+00
  0.000000E+00
  0.000000E+00
  0.000000E+00
  0.000000E+00
  0.000000E+00
  0.000000E+00
  0.000000E+00
  0.000000E+00
  0.000000E+00
  0.000000E+00
  0.000000E+00
  0.000000E+00
  0.000000E+00
  0.000000E+00
  0.000000E+00
  0.000000E+00
  0.000000E+00
  0.000000E+00
  0.000000E+00
  0.000000E+00
  0.000000E+00
  0.000000E+00
  0.000000E+00
  0.000000E+00
  0.000000E+00
  0.000000E+00
  0.000000E+00
  0.000000E+00
  0.000000E+00
  0.000000E+00
  0.000000E+00
  0.000000E+00
  0.000000E+00
  0.000000E+00
  0.000000E+00
  0.000000E+00
  0.000000E+00
  0.000000E+00
  0.000000E+00
  0.000000E+00
  0.000000E+00
  0.000000E+00
  0.000000E+00
  0.000000E+00
  0.000000E+00
  0.000000E+00
  0.000000E+00
  0.000000E+00
  0.000000E+00
  0.000000E+00
  0.000000E+00
  0.000000E+00
  0.000000E+00
  0.000000E+00
  0.000000E+00
  0.000000E+00
  0.000000E+00
  0.000000E+00
  0.000000E+00
  0.000000E+00
  0.000000E+00
  0.000000E+00
  0.000000E+00
  0.000000E+00
  0.000000E+00
  0.000000E+00
  0.000000E+00
  0.000000E+00
  0.000000E+00
  0.000000E+00
  0.000000E+00
  0.000000E+00
  0.000000E+00
  0.000000E+00
  0.000000E+00
  0.000000E+00
  0.000000E+00
  0.000000E+00
  0.000000E+00
  0.000000E+00
  0.000000E+00
  0.000000E+00
  0.000000E+00
  0.000000E+00
  0.000000E+00
  0.000000E+00
  0.000000E+00
  0.000000E+00
  0.000000E+00
  0.000000E+00
  0.000000E+00
  0.000000E+00
  0.000000E+00
  0.000000E+00
  0.000000E+00
  0.000000E+00
  0.000000E+00
  0.000000E+00
  0.000000E+00
  0.000000E+00
  0.000000E+00
  0.000000E+00
  0.000000E+00
  0.000000E+00
  0.000000E+00
  0.000000E+00
  0.000000E+00
  0.000000E+00
  0.000000E+00
  0.000000E+00
  0.000000E+00
  0.000000E+00
  0.000000E+00
  0.000000E+00
  0.000000E+00
  0.000000E+00
  0.000000E+00
  0.000000E+00
  0.000000E+00
  0.000000E+00
  0.000000E+00
  0.000000E+00
  0.000000E+00
  0.000000E+00
  0.000000E+00
  0.000000E+00
  0.000000E+00
  0.000000E+00
  0.000000E+00
  0.000000E+00
  0.000000E+00
  0.000000E+00
  0.000000E+00
  0.000000E+00
  0.000000E+00
  0.000000E+00
  0.000000E+00
  0.000000E+00
  0.000000E+00
  0.000000E+00
  0.000000E+00
  0.000000E+00
  0.000000E+00
  0.000000E+00
  0.000000E+00
  0.000000E+00
  0.000000E+00
  0.000000E+00
  0.000000E+00
  0.000000E+00
  0.000000E+00
  0.000000E+00
  0.000000E+00
  0.000000E+00
  0.000000E+00
  0.000000E+00
  0.000000E+00
  0.000000E+00
  0.000000E+00
  0.000000E+00
  0.000000E+00
  0.000000E+00
  0.000000E+00
  0.000000E+00
  0.000000E+00
  0.000000E+00
  0.000000E+00
  0.000000E+00
  0.000000E+00
  0.000000E+00
  0.000000E+00
  0.000000E+00
  0.000000E+00
  0.000000E+00
  0.000000E+00
  0.000000E+00
  0.000000E+00
  0.000000E+00
  0.000000E+00
  0.000000E+00
  0.000000E+00
  0.000000E+00
  0.000000E+00
  0.000000E+00
  0.000000E+00
  0.000000E+00
  0.000000E+00
  0.000000E+00
  0.000000E+00
  0.000000E+00
  0.000000E+00
  0.000000E+00
  0.000000E+00
  0.000000E+00
  0.000000E+00
  0.000000E+00
  0.000000E+00
  0.000000E+00
  0.000000E+00
  0.000000E+00
  0.000000E+00
  0.000000E+00
  0.000000E+00
  0.000000E+00
  0.000000E+00
  0.000000E+00
  0.000000E+00
  0.000000E+00
  0.000000E+00
  0.000000E+00
  0.000000E+00
  0.000000E+00
  0.000000E+00
  0.000000E+00
  0.000000E+00
  0.000000E+00
  0.000000E+00
  0.000000E+00
  0.000000E+00
  0.000000E+00
  0.000000E+00
  0.000000E+00
  0.000000E+00
  0.000000E+00
  0.000000E+00
  0.000000E+00
  0.000000E+00
  0.000000E+00
  0.000000E+00
  0.000000E+00
  0.000000E+00
  0.000000E+00
  0.000000E+00
  0.000000E+00
  0.000000E+00
  0.000000E+00
  0.000000E+00
  0.000000E+00
  0.000000E+00
  0.000000E+00
  0.000000E+00
  0.000000E+00
  0.000000E+00
  0.000000E+00
  0.000000E+00
  0.000000E+00
  0.000000E+00
  0.000000E+00
  0.000000E+00
  0.000000E+00
  0.000000E+00
  0.000000E+00
  0.000000E+00
  0.000000E+00
  0.000000E+00
  0.000000E+00
  0.000000E+00
  0.000000E+00
  0.000000E+00
  0.000000E+00
  0.000000E+00
  0.000000E+00
  0.000000E+00
  0.000000E+00
  0.000000E+00
  0.000000E+00
  0.000000E+00
  0.000000E+00
  0.000000E+00
  0.000000E+00
  0.000000E+00
  0.000000E+00
  0.000000E+00
  0.000000E+00
  0.000000E+00
  0.000000E+00
  0.000000E+00
  0.000000E+00
  0.000000E+00
  0.000000E+00
  0.000000E+00
  0.000000E+00
  0.000000E+00
  0.000000E+00
  0.000000E+00
  0.000000E+00
  0.000000E+00
  0.000000E+00
  0.000000E+00
  0.000000E+00
  0.000000E+00
  0.000000E+00
  0.000000E+00
  0.000000E+00
  0.000000E+00
  0.000000E+00
  0.000000E+00
  0.000000E+00
  0.000000E+00
  0.000000E+00
  0.000000E+00
  0.000000E+00
  0.000000E+00
  0.000000E+00
  0.000000E+00
  0.000000E+00
  0.000000E+00
  0.000000E+00
  0.000000E+00
  0.000000E+00
  0.000000E+00
  0.000000E+00
  0.000000E+00
  0.000000E+00
  0.000000E+00
  0.000000E+00
  0.000000E+00
  0.000000E+00
  0.000000E+00
  0.000000E+00
  0.000000E+00
  0.000000E+00
  0.000000E+00
  0.000000E+00
  0.000000E+00
  0.000000E+00
  0.000000E+00
  0.000000E+00
  0.000000E+00
  0.000000E+00
  0.000000E+00
  0.000000E+00
  0.000000E+00
  0.000000E+00
  0.000000E+00
  0.000000E+00
  0.000000E+00
  0.000000E+00
  0.000000E+00
  0.000000E+00
  0.000000E+00
  0.000000E+00
  0.000000E+00
  0.000000E+00
  0.000000E+00
  0.000000E+00
  0.000000E+00
  0.000000E+00
  0.000000E+00
  0.000000E+00
  0.000000E+00
  0.000000E+00
  0.000000E+00
  0.000000E+00
  0.000000E+00
  0.000000E+00
  0.000000E+00
  0.000000E+00
  0.000000E+00
  0.000000E+00
  0.000000E+00
  0.000000E+00
  0.000000E+00
  0.000000E+00
  0.000000E+00
  0.000000E+00
  0.000000E+00
  0.000000E+00
  0.000000E+00
  0.000000E+00
  0.000000E+00
  0.000000E+00
  0.000000E+00
  0.000000E+00
  0.000000E+00
  0.000000E+00
  0.000000E+00
  0.000000E+00
  0.000000E+00
  0.000000E+00
  0.000000E+00
  0.000000E+00
  0.000000E+00
  0.000000E+00
  0.000000E+00
  0.000000E+00
  0.000000E+00
  0.000000E+00
  0.000000E+00
  0.000000E+00
  0.000000E+00
  0.000000E+00
  0.000000E+00
  0.000000E+00
  0.000000E+00
  0.000000E+00
  0.000000E+00
  0.000000E+00
  0.000000E+00
  0.000000E+00
  0.000000E+00
  0.000000E+00
  0.000000E+00
  0.000000E+00
  0.000000E+00
  0.000000E+00
  0.000000E+00
  0.000000E+00
  0.000000E+00
  0.000000E+00
  0.000000E+00
  0.000000E+00
  0.000000E+00
  0.000000E+00
  0.000000E+00
  0.000000E+00
  0.000000E+00
  0.000000E+00
  0.000000E+00
  0.000000E+00
  0.000000E+00
  0.000000E+00
  0.000000E+00
  0.000000E+00
  0.000000E+00
  0.000000E+00
  0.000000E+00
  0.000000E+00
  0.000000E+00
  0.000000E+00
  0.000000E+00
  0.000000E+00
  0.000000E+00
  0.000000E+00
  0.000000E+00
  0.000000E+00
  0.000000E+00
  0.000000E+00
  0.000000E+00
  0.000000E+00
  0.000000E+00
  0.000000E+00
  0.000000E+00
  0.000000E+00
  0.000000E+00
  0.000000E+00
  0.000000E+00
  0.000000E+00
  0.000000E+00
  0.000000E+00
  0.000000E+00
  0.000000E+00
  0.000000E+00
  0.000000E+00
  0.000000E+00
  0.000000E+00
  0.000000E+00
  0.000000E+00
  0.000000E+00
  0.000000E+00
  0.000000E+00
  0.000000E+00
  0.000000E+00
  0.000000E+00
  0.000000E+00
  0.000000E+00
  0.000000E+00
  0.000000E+00
  0.000000E+00
  0.000000E+00
  0.000000E+00
  0.000000E+00
  0.000000E+00
  0.000000E+00
  0.000000E+00
  0.000000E+00
  0.000000E+00
  0.000000E+00
  0.000000E+00
  0.000000E+00
  0.000000E+00
  0.000000E+00
  0.000000E+00
  0.000000E+00
  0.000000E+00
  0.000000E+00
  0.000000E+00
  0.000000E+00
  0.000000E+00
  0.000000E+00
  0.000000E+00
  0.000000E+00
  0.000000E+00
  0.000000E+00
  0.000000E+00
  0.000000E+00
  0.000000E+00
  0.000000E+00
  0.000000E+00
  0.000000E+00
  0.000000E+00
  0.000000E+00
  0.000000E+00
  0.000000E+00
  0.000000E+00
  0.000000E+00
  0.000000E+00
  0.000000E+00
  0.000000E+00
  0.000000E+00
  0.000000E+00
  0.000000E+00
  0.000000E+00
  0.000000E+00
  0.000000E+00
  0.000000E+00
  0.000000E+00
  0.000000E+00
  0.000000E+00
  0.000000E+00
  0.000000E+00
  0.000000E+00
  0.000000E+00
  0.000000E+00
  0.000000E+00
  0.000000E+00
  0.000000E+00
  0.000000E+00
  0.000000E+00
  0.000000E+00
  0.000000E+00
  0.000000E+00
  0.000000E+00
  0.000000E+00
  0.000000E+00
  0.000000E+00
  0.000000E+00
  0.000000E+00
  0.000000E+00
  0.000000E+00
  0.000000E+00
  0.000000E+00
  0.000000E+00
  0.000000E+00
  0.000000E+00
  0.000000E+00
  0.000000E+00
  0.000000E+00
  0.000000E+00
  0.000000E+00
  0.000000E+00
  0.000000E+00
  0.000000E+00
  0.000000E+00
  0.000000E+00
  0.000000E+00
  0.000000E+00
  0.000000E+00
  0.000000E+00
  0.000000E+00
  0.000000E+00
  0.000000E+00
  0.000000E+00
  0.000000E+00
  0.000000E+00
  0.000000E+00
  0.000000E+00
  0.000000E+00
  0.000000E+00
  0.000000E+00
  0.000000E+00
  0.000000E+00
  0.000000E+00
  0.000000E+00
  0.000000E+00
  0.000000E+00
  0.000000E+00
  0.000000E+00
  0.000000E+00
  0.000000E+00
  0.000000E+00
  0.000000E+00
  0.000000E+00
  0.000000E+00
  0.000000E+00
  0.000000E+00
  0.000000E+00
  0.000000E+00
  0.000000E+00
  0.000000E+00
  0.000000E+00
  0.000000E+00
  0.000000E+00
  0.000000E+00
  0.000000E+00
  0.000000E+00
  0.000000E+00
  0.000000E+00
  0.000000E+00
  0.000000E+00
  0.000000E+00
  0.000000E+00
  0.000000E+00
  0.000000E+00
  0.000000E+00
  0.000000E+00
  0.000000E+00
  0.000000E+00
  0.000000E+00
  0.000000E+00
  0.000000E+00
  0.000000E+00
  0.000000E+00
  0.000000E+00
  0.000000E+00
  0.000000E+00
  0.000000E+00
  0.000000E+00
  0.000000E+00
  0.000000E+00
  0.000000E+00
  0.000000E+00
  0.000000E+00
  0.000000E+00
  0.000000E+00
  0.000000E+00
  0.000000E+00
  0.000000E+00
  0.000000E+00
  0.000000E+00
  0.000000E+00
  0.000000E+00
  0.000000E+00
  0.000000E+00
  0.000000E+00
  0.000000E+00
  0.000000E+00
  0.000000E+00
  0.000000E+00
  0.000000E+00
  0.000000E+00
  0.000000E+00
  0.000000E+00
  0.000000E+00
  0.000000E+00
  0.000000E+00
  0.000000E+00
  0.000000E+00
  0.000000E+00
  0.000000E+00
  0.000000E+00
  0.000000E+00
  0.000000E+00
  0.000000E+00
  0.000000E+00
  0.000000E+00
  0.000000E+00
  0.000000E+00
  0.000000E+00
  0.000000E+00
  0.000000E+00
  0.000000E+00
  0.000000E+00
  0.000000E+00
  0.000000E+00
  0.000000E+00
  0.000000E+00
  0.000000E+00
  0.000000E+00
  0.000000E+00
  0.000000E+00
  0.000000E+00
  0.000000E+00
  0.000000E+00
  0.000000E+00
  0.000000E+00
  0.000000E+00
  0.000000E+00
  0.000000E+00
  0.000000E+00
  0.000000E+00
  0.000000E+00
  0.000000E+00
  0.000000E+00
  0.000000E+00
  0.000000E+00
  0.000000E+00
  0.000000E+00
  0.000000E+00
  0.000000E+00
  0.000000E+00
  0.000000E+00
  0.000000E+00
  0.000000E+00
  0.000000E+00
  0.000000E+00
  0.000000E+00
  0.000000E+00
  0.000000E+00
  0.000000E+00
  0.000000E+00
  0.000000E+00
  0.000000E+00
  0.000000E+00
  0.000000E+00
  0.000000E+00
  0.000000E+00
  0.000000E+00
  0.000000E+00
  0.000000E+00
  0.000000E+00
  0.000000E+00
  0.000000E+00
  0.000000E+00
  0.000000E+00
  0.000000E+00
  0.000000E+00
  0.000000E+00
  0.000000E+00
  0.000000E+00
  0.000000E+00
  0.000000E+00
  0.000000E+00
  0.000000E+00
  0.000000E+00
  0.000000E+00
  0.000000E+00
  0.000000E+00
  0.000000E+00
  0.000000E+00
  0.000000E+00
  0.000000E+00
  0.000000E+00
  0.000000E+00
  0.000000E+00
  0.000000E+00
  0.000000E+00
  0.000000E+00
  0.000000E+00
  0.000000E+00
  0.000000E+00
  0.000000E+00
  0.000000E+00
  0.000000E+00
  0.000000E+00
  0.000000E+00
  0.000000E+00
  0.000000E+00
  0.000000E+00
  0.000000E+00
  0.000000E+00
  0.000000E+00
  0.000000E+00
  0.000000E+00
  0.000000E+00
  0.000000E+00
  0.000000E+00
  0.000000E+00
  0.000000E+00
  0.000000E+00
  0.000000E+00
  0.000000E+00
  0.000000E+00
  0.000000E+00
  0.000000E+00
  0.000000E+00
  0.000000E+00
  0.000000E+00
  0.000000E+00
  0.000000E+00
  0.000000E+00
  0.000000E+00
  0.000000E+00
  0.000000E+00
  0.000000E+00
  0.000000E+00
  0.000000E+00
  0.000000E+00
  0.000000E+00
  0.000000E+00
  0.000000E+00
  0.000000E+00
  0.000000E+00
  0.000000E+00
  0.000000E+00
  0.000000E+00
  0.000000E+00
  0.000000E+00
  0.000000E+00
  0.000000E+00
  0.000000E+00
  0.000000E+00
  0.000000E+00
  0.000000E+00
  0.000000E+00
  0.000000E+00
  0.000000E+00
  0.000000E+00
  0.000000E+00
  0.000000E+00
  0.000000E+00
  0.000000E+00
  0.000000E+00
  0.000000E+00
  0.000000E+00
  0.000000E+00
  0.000000E+00
  0.000000E+00
  0.000000E+00
  0.000000E+00
  0.000000E+00
  0.000000E+00
  0.000000E+00
  0.000000E+00
  0.000000E+00
  0.000000E+00
  0.000000E+00
  0.000000E+00
  0.000000E+00
  0.000000E+00
  0.000000E+00
  0.000000E+00
  0.000000E+00
  0.000000E+00
  0.000000E+00
  0.000000E+00
  0.000000E+00
  0.000000E+00
  0.000000E+00
  0.000000E+00
  0.000000E+00
  0.000000E+00
  0.000000E+00
  0.000000E+00
  0.000000E+00
  0.000000E+00
  0.000000E+00
  0.000000E+00
  0.000000E+00
  0.000000E+00
  0.000000E+00
  0.000000E+00
  0.000000E+00
  0.000000E+00
  0.000000E+00
  0.000000E+00
  0.000000E+00
  0.000000E+00
  0.000000E+00
  0.000000E+00
  0.000000E+00
  0.000000E+00
  0.000000E+00
  0.000000E+00
  0.000000E+00
  0.000000E+00
  0.000000E+00
  0.000000E+00
  0.000000E+00
  0.000000E+00
  0.000000E+00
  0.000000E+00
  0.000000E+00
  0.000000E+00
  0.000000E+00
  0.000000E+00
  0.000000E+00
  0.000000E+00
  0.000000E+00
  0.000000E+00
  0.000000E+00
  0.000000E+00
  0.000000E+00
  0.000000E+00
  0.000000E+00
  0.000000E+00
  0.000000E+00
  0.000000E+00
  0.000000E+00
  0.000000E+00
  0.000000E+00
  0.000000E+00
  0.000000E+00
  0.000000E+00
  0.000000E+00
  0.000000E+00
  0.000000E+00
  0.000000E+00
  0.000000E+00
  0.000000E+00
  0.000000E+00
  0.000000E+00
  0.000000E+00
  0.000000E+00
  0.000000E+00
  0.000000E+00
  0.000000E+00
  0.000000E+00
  0.000000E+00
  0.000000E+00
  0.000000E+00
  0.000000E+00
  0.000000E+00
  0.000000E+00
  0.000000E+00
  0.000000E+00
  0.000000E+00
  0.000000E+00
  0.000000E+00
  0.000000E+00
  0.000000E+00
  0.000000E+00
  0.000000E+00
  0.000000E+00
  0.000000E+00
  0.000000E+00
  0.000000E+00
  0.000000E+00
  0.000000E+00
  0.000000E+00
  0.000000E+00
  0.000000E+00
  0.000000E+00
  0.000000E+00
  0.000000E+00
  0.000000E+00
  0.000000E+00
  0.000000E+00
  0.000000E+00
  0.000000E+00
  0.000000E+00
  0.000000E+00
  0.000000E+00
  0.000000E+00
  0.000000E+00
  0.000000E+00
  0.000000E+00
  0.000000E+00
  0.000000E+00
  0.000000E+00
  0.000000E+00
  0.000000E+00
  0.000000E+00
  0.000000E+00
  0.000000E+00
  0.000000E+00
  0.000000E+00
  0.000000E+00
  0.000000E+00
  0.000000E+00
  0.000000E+00
  0.000000E+00
  0.000000E+00
  0.000000E+00
  0.000000E+00
  0.000000E+00
  0.000000E+00
  0.000000E+00
  0.000000E+00
  0.000000E+00
  0.000000E+00
  0.000000E+00
  0.000000E+00
  0.000000E+00
  0.000000E+00
  0.000000E+00
  0.000000E+00
  0.000000E+00
  0.000000E+00
  0.000000E+00
  0.000000E+00
  0.000000E+00
  0.000000E+00
  0.000000E+00
  0.000000E+00
  0.000000E+00
  0.000000E+00
  0.000000E+00
  0.000000E+00
  0.000000E+00
  0.000000E+00
  0.000000E+00
  0.000000E+00
  0.000000E+00
  0.000000E+00
  0.000000E+00
  0.000000E+00
  0.000000E+00
  0.000000E+00
  0.000000E+00
  0.000000E+00
  0.000000E+00
  0.000000E+00
  0.000000E+00
  0.000000E+00
  0.000000E+00
  0.000000E+00
  0.000000E+00
  0.000000E+00
  0.000000E+00
  0.000000E+00
  0.000000E+00
  0.000000E+00
  0.000000E+00
  0.000000E+00
  0.000000E+00
  0.000000E+00
  0.000000E+00
  0.000000E+00
  0.000000E+00
  0.000000E+00
  0.000000E+00
  0.000000E+00
  0.000000E+00
  0.000000E+00
  0.000000E+00
  0.000000E+00
  0.000000E+00
  0.000000E+00
  0.000000E+00
  0.000000E+00
  0.000000E+00
  0.000000E+00
  0.000000E+00
  0.000000E+00
  0.000000E+00
  0.000000E+00
  0.000000E+00
  0.000000E+00
  0.000000E+00
  0.000000E+00
  0.000000E+00
  0.000000E+00
  0.000000E+00
  0.000000E+00
  0.000000E+00
  0.000000E+00
  0.000000E+00
  0.000000E+00
  0.000000E+00
  0.000000E+00
  0.000000E+00
  0.000000E+00
  0.000000E+00
  0.000000E+00
  0.000000E+00
  0.000000E+00
  0.000000E+00
  0.000000E+00
  0.000000E+00
  0.000000E+00
  0.000000E+00
  0.000000E+00
  0.000000E+00
  0.000000E+00
  0.000000E+00
  0.000000E+00
  0.000000E+00
  0.000000E+00
  0.000000E+00
  0.000000E+00
  0.000000E+00
  0.000000E+00
  0.000000E+00
  0.000000E+00
  0.000000E+00
  0.000000E+00
  0.000000E+00
  0.000000E+00
  0.000000E+00
  0.000000E+00
  0.000000E+00
  0.000000E+00
  0.000000E+00
  0.000000E+00
  0.000000E+00
  0.000000E+00
  0.000000E+00
  0.000000E+00
  0.000000E+00
  0.000000E+00
  0.000000E+00
  0.000000E+00
  0.000000E+00
  0.000000E+00
  0.000000E+00
  0.000000E+00
  0.000000E+00
  0.000000E+00
  0.000000E+00
  0.000000E+00
  0.000000E+00
  0.000000E+00
  0.000000E+00
  0.000000E+00
  0.000000E+00
  0.000000E+00
  0.000000E+00
  0.000000E+00
  0.000000E+00
  0.000000E+00
  0.000000E+00
  0.000000E+00
  0.000000E+00
  0.000000E+00
  0.000000E+00
  0.000000E+00
  0.000000E+00
  0.000000E+00
  0.000000E+00
  0.000000E+00
  0.000000E+00
  0.000000E+00
  0.000000E+00
  0.000000E+00
  0.000000E+00
  0.000000E+00
  0.000000E+00
  0.000000E+00
  0.000000E+00
  0.000000E+00
  0.000000E+00
  0.000000E+00
  0.000000E+00
  0.000000E+00
  0.000000E+00
  0.000000E+00
  0.000000E+00
  0.000000E+00
  0.000000E+00
  0.000000E+00
  0.000000E+00
  0.000000E+00
  0.000000E+00
  0.000000E+00
  0.000000E+00
  0.000000E+00
  0.000000E+00
  0.000000E+00
  0.000000E+00
  0.000000E+00
  0.000000E+00
  0.000000E+00
  0.000000E+00
  0.000000E+00
  0.000000E+00
  0.000000E+00
  0.000000E+00
  0.000000E+00
  0.000000E+00
  0.000000E+00
  0.000000E+00
  0.000000E+00
  0.000000E+00
  0.000000E+00
  0.000000E+00
  0.000000E+00
  0.000000E+00
  0.000000E+00
  0.000000E+00
  0.000000E+00
  0.000000E+00
  0.000000E+00
  0.000000E+00
  0.000000E+00
  0.000000E+00
  0.000000E+00
  0.000000E+00
  0.000000E+00
  0.000000E+00
  0.000000E+00
  0.000000E+00
  0.000000E+00
  0.000000E+00
  0.000000E+00
  0.000000E+00
  0.000000E+00
  0.000000E+00
  0.000000E+00
  0.000000E+00
  0.000000E+00
  0.000000E+00
  0.000000E+00
  0.000000E+00
  0.000000E+00
  0.000000E+00
  0.000000E+00
  0.000000E+00
  0.000000E+00
  0.000000E+00
  0.000000E+00
  0.000000E+00
  0.000000E+00
  0.000000E+00
  0.000000E+00
  0.000000E+00
  0.000000E+00
  0.000000E+00
  0.000000E+00
  0.000000E+00
  0.000000E+00
  0.000000E+00
  0.000000E+00
  0.000000E+00
  0.000000E+00
  0.000000E+00
  0.000000E+00
  0.000000E+00
  0.000000E+00
  0.000000E+00
  0.000000E+00
  0.000000E+00
  0.000000E+00
  0.000000E+00
  0.000000E+00
  0.000000E+00
  0.000000E+00
  0.000000E+00
  0.000000E+00
  0.000000E+00
  0.000000E+00
  0.000000E+00
  0.000000E+00
  0.000000E+00
  0.000000E+00
  0.000000E+00
  0.000000E+00
  0.000000E+00
  0.000000E+00
  0.000000E+00
  0.000000E+00
  0.000000E+00
  0.000000E+00
  0.000000E+00
  0.000000E+00
  0.000000E+00
  0.000000E+00
  0.000000E+00
  0.000000E+00
  0.000000E+00
  0.000000E+00
  0.000000E+00
  0.000000E+00
  0.000000E+00
  0.000000E+00
  0.000000E+00
  0.000000E+00
  0.000000E+00
  0.000000E+00
  0.000000E+00
  0.000000E+00
  0.000000E+00
  0.000000E+00
  0.000000E+00
  0.000000E+00
  0.000000E+00
  0.000000E+00
  0.000000E+00
  0.000000E+00
  0.000000E+00
  0.000000E+00
  0.000000E+00
  0.000000E+00
  0.000000E+00
  0.000000E+00
  0.000000E+00
  0.000000E+00
  0.000000E+00
  0.000000E+00
  0.000000E+00
  0.000000E+00
  0.000000E+00
  0.000000E+00
  0.000000E+00
  0.000000E+00
  0.000000E+00
  0.000000E+00
  0.000000E+00
  0.000000E+00
  0.000000E+00
  0.000000E+00
  0.000000E+00
  0.000000E+00
  0.000000E+00
  0.000000E+00
  0.000000E+00
  0.000000E+00
  0.000000E+00
  0.000000E+00
  0.000000E+00
  0.000000E+00
  0.000000E+00
  0.000000E+00
  0.000000E+00
  0.000000E+00
  0.000000E+00
  0.000000E+00
  0.000000E+00
  0.000000E+00
  0.000000E+00
  0.000000E+00
  0.000000E+00
  0.000000E+00
  0.000000E+00
  0.000000E+00
  0.000000E+00
  0.000000E+00
  0.000000E+00
  0.000000E+00
  0.000000E+00
  0.000000E+00
  0.000000E+00
  0.000000E+00
  0.000000E+00
  0.000000E+00
  0.000000E+00
  0.000000E+00
  0.000000E+00
  0.000000E+00
  0.000000E+00
  0.000000E+00
  0.000000E+00
  0.000000E+00
  0.000000E+00
  0.000000E+00
  0.000000E+00
  0.000000E+00
  0.000000E+00
  0.000000E+00
  0.000000E+00
  0.000000E+00
  0.000000E+00
  0.000000E+00
  0.000000E+00
  0.000000E+00
  0.000000E+00
  0.000000E+00
  0.000000E+00
  0.000000E+00
  0.000000E+00
  0.000000E+00
  0.000000E+00
  0.000000E+00
  0.000000E+00
  0.000000E+00
  0.000000E+00
  0.000000E+00
  0.000000E+00
  0.000000E+00
  0.000000E+00
  0.000000E+00
  0.000000E+00
  0.000000E+00
  0.000000E+00
  0.000000E+00
  0.000000E+00
  0.000000E+00
  0.000000E+00
  0.000000E+00
  0.000000E+00
  0.000000E+00
  0.000000E+00
  0.000000E+00
  0.000000E+00
  0.000000E+00
  0.000000E+00
  0.000000E+00
  0.000000E+00
  0.000000E+00
  0.000000E+00
  0.000000E+00
  0.000000E+00
  0.000000E+00
  0.000000E+00
  0.000000E+00
  0.000000E+00
  0.000000E+00
  0.000000E+00
  0.000000E+00
  0.000000E+00
  0.000000E+00
  0.000000E+00
  0.000000E+00
  0.000000E+00
  0.000000E+00
  0.000000E+00
  0.000000E+00
  0.000000E+00
  0.000000E+00
  0.000000E+00
  0.000000E+00
  0.000000E+00
  0.000000E+00
  0.000000E+00
  0.000000E+00
  0.000000E+00
  0.000000E+00
  0.000000E+00
  0.000000E+00
  0.000000E+00
  0.000000E+00
  0.000000E+00
  0.000000E+00
  0.000000E+00
  0.000000E+00
  0.000000E+00
  0.000000E+00
  0.000000E+00
  0.000000E+00
  0.000000E+00
  0.000000E+00
  0.000000E+00
  0.000000E+00
  0.000000E+00
  0.000000E+00
  0.000000E+00
  0.000000E+00
  0.000000E+00
  0.000000E+00
  0.000000E+00
  0.000000E+00
  0.000000E+00
  0.000000E+00
  0.000000E+00
  0.000000E+00
  0.000000E+00
  0.000000E+00
  0.000000E+00
  0.000000E+00
  0.000000E+00
  0.000000E+00
  0.000000E+00
  0.000000E+00
  0.000000E+00
  0.000000E+00
  0.000000E+00
  0.000000E+00
  0.000000E+00
  0.000000E+00
  0.000000E+00
  0.000000E+00
  0.000000E+00
  0.000000E+00
  0.000000E+00
  0.000000E+00
  0.000000E+00
  0.000000E+00
  0.000000E+00
  0.000000E+00
  0.000000E+00
  0.000000E+00
  0.000000E+00
  0.000000E+00
  0.000000E+00
  0.000000E+00
  0.000000E+00
  0.000000E+00
  0.000000E+00
  0.000000E+00
  0.000000E+00
  0.000000E+00
  0.000000E+00
  0.000000E+00
  0.000000E+00
  0.000000E+00
  0.000000E+00
  0.000000E+00
  0.000000E+00
  0.000000E+00
  0.000000E+00
  0.000000E+00
  0.000000E+00
  0.000000E+00
  0.000000E+00
  0.000000E+00
  0.000000E+00
  0.000000E+00
  0.000000E+00
  0.000000E+00
  0.000000E+00
  0.000000E+00
  0.000000E+00
  0.000000E+00
  0.000000E+00
  0.000000E+00
  0.000000E+00
  0.000000E+00
  0.000000E+00
  0.000000E+00
  0.000000E+00
  0.000000E+00
  0.000000E+00
  0.000000E+00
  0.000000E+00
  0.000000E+00
  0.000000E+00
  0.000000E+00
  0.000000E+00
  0.000000E+00
  0.000000E+00
  0.000000E+00
  0.000000E+00
  0.000000E+00
  0.000000E+00
  0.000000E+00
  0.000000E+00
  0.000000E+00
  0.000000E+00
  0.000000E+00
  0.000000E+00
  0.000000E+00
  0.000000E+00
  0.000000E+00
  0.000000E+00
  0.000000E+00
  0.000000E+00
  0.000000E+00
  0.000000E+00
  0.000000E+00
  0.000000E+00
  0.000000E+00
  0.000000E+00
  0.000000E+00
  0.000000E+00
  0.000000E+00
  0.000000E+00
  0.000000E+00
  0.000000E+00
  0.000000E+00
  0.000000E+00
  0.000000E+00
  0.000000E+00
  0.000000E+00
  0.000000E+00
  0.000000E+00
  0.000000E+00
  0.000000E+00
  0.000000E+00
  0.000000E+00
  0.000000E+00
  0.000000E+00
  0.000000E+00
  0.000000E+00
  0.000000E+00
  0.000000E+00
  0.000000E+00
  0.000000E+00
  0.000000E+00
  0.000000E+00
  0.000000E+00
  0.000000E+00
  0.000000E+00
  0.000000E+00
  0.000000E+00
  0.000000E+00
  0.000000E+00
  0.000000E+00
  0.000000E+00
  0.000000E+00
  0.000000E+00
  0.000000E+00
  0.000000E+00
  0.000000E+00
  0.000000E+00
  0.000000E+00
  0.000000E+00
  0.000000E+00
  0.000000E+00
  0.000000E+00
  0.000000E+00
  0.000000E+00
  0.000000E+00
  0.000000E+00
  0.000000E+00
  0.000000E+00
  0.000000E+00
  0.000000E+00
  0.000000E+00
  0.000000E+00
  0.000000E+00
  0.000000E+00
  0.000000E+00
  0.000000E+00
  0.000000E+00
  0.000000E+00
  0.000000E+00
  0.000000E+00
  0.000000E+00
  0.000000E+00
  0.000000E+00
  0.000000E+00
  0.000000E+00
  0.000000E+00
  0.000000E+00
  0.000000E+00
  0.000000E+00
  0.000000E+00
  0.000000E+00
  0.000000E+00
  0.000000E+00
  0.000000E+00
  0.000000E+00
  0.000000E+00
  0.000000E+00
  0.000000E+00
  0.000000E+00
  0.000000E+00
  0.000000E+00
  0.000000E+00
  0.000000E+00
  0.000000E+00
  0.000000E+00
  0.000000E+00
  0.000000E+00
  0.000000E+00
  0.000000E+00
  0.000000E+00
  0.000000E+00
  0.000000E+00
  0.000000E+00
  0.000000E+00
  0.000000E+00
  0.000000E+00
  0.000000E+00
  0.000000E+00
  0.000000E+00
  0.000000E+00
  0.000000E+00
  0.000000E+00
  0.000000E+00
  0.000000E+00
  0.000000E+00
  0.000000E+00
  0.000000E+00
  0.000000E+00
  0.000000E+00
  0.000000E+00
  0.000000E+00
  0.000000E+00
  0.000000E+00
  0.000000E+00
  0.000000E+00
  0.000000E+00
  0.000000E+00
  0.000000E+00
  0.000000E+00
  0.000000E+00
  0.000000E+00
  0.000000E+00
  0.000000E+00
  0.000000E+00
  0.000000E+00
  0.000000E+00
  0.000000E+00
  0.000000E+00
  0.000000E+00
  0.000000E+00
  0.000000E+00
  0.000000E+00
  0.000000E+00
  0.000000E+00
  0.000000E+00
  0.000000E+00
  0.000000E+00
  0.000000E+00
  0.000000E+00
  0.000000E+00
  0.000000E+00
  0.000000E+00
  0.000000E+00
  0.000000E+00
  0.000000E+00
  0.000000E+00
  0.000000E+00
  0.000000E+00
  0.000000E+00
  0.000000E+00
  0.000000E+00
  0.000000E+00
  0.000000E+00
  0.000000E+00
  0.000000E+00
  0.000000E+00
  0.000000E+00
  0.000000E+00
  0.000000E+00
  0.000000E+00
  0.000000E+00
  0.000000E+00
  0.000000E+00
  0.000000E+00
  0.000000E+00
  0.000000E+00
  0.000000E+00
  0.000000E+00
  0.000000E+00
  0.000000E+00
  0.000000E+00
  0.000000E+00
  0.000000E+00
  0.000000E+00
  0.000000E+00
  0.000000E+00
  0.000000E+00
  0.000000E+00
  0.000000E+00
  0.000000E+00
  0.000000E+00
  0.000000E+00
  0.000000E+00
  0.000000E+00
  0.000000E+00
  0.000000E+00
  0.000000E+00
  0.000000E+00
  0.000000E+00
  0.000000E+00
  0.000000E+00
  0.000000E+00
  0.000000E+00
  0.000000E+00
  0.000000E+00
  0.000000E+00
  0.000000E+00
  0.000000E+00
  0.000000E+00
  0.000000E+00
  0.000000E+00
  0.000000E+00
  0.000000E+00
  0.000000E+00
  0.000000E+00
  0.000000E+00
  0.000000E+00
  0.000000E+00
  0.000000E+00
  0.000000E+00
  0.000000E+00
  0.000000E+00
  0.000000E+00
  0.000000E+00
  0.000000E+00
  0.000000E+00
  0.000000E+00
  0.000000E+00
  0.000000E+00
  0.000000E+00
  0.000000E+00
  0.000000E+00
  0.000000E+00
  0.000000E+00
  0.000000E+00
  0.000000E+00
  0.000000E+00
  0.000000E+00
  0.000000E+00
  0.000000E+00
  0.000000E+00
  0.000000E+00
  0.000000E+00
  0.000000E+00
  0.000000E+00
  0.000000E+00
  0.000000E+00
  0.000000E+00
  0.000000E+00
  0.000000E+00
  0.000000E+00
  0.000000E+00
  0.000000E+00
  0.000000E+00
  0.000000E+00
  0.000000E+00
  0.000000E+00
  0.000000E+00
  0.000000E+00
  0.000000E+00
  0.000000E+00
  0.000000E+00
  0.000000E+00
  0.000000E+00
  0.000000E+00
  0.000000E+00
  0.000000E+00
  0.000000E+00
  0.000000E+00
  0.000000E+00
  0.000000E+00
  0.000000E+00
  0.000000E+00
  0.000000E+00
  0.000000E+00
  0.000000E+00
  0.000000E+00
  0.000000E+00
  0.000000E+00
  0.000000E+00
  0.000000E+00
  0.000000E+00
  0.000000E+00
  0.000000E+00
  0.000000E+00
  0.000000E+00
  0.000000E+00
  0.000000E+00
  0.000000E+00
  0.000000E+00
  0.000000E+00
  0.000000E+00
  0.000000E+00
  0.000000E+00
  0.000000E+00
  0.000000E+00
  0.000000E+00
  0.000000E+00
  0.000000E+00
  0.000000E+00
  0.000000E+00
  0.000000E+00
  0.000000E+00
  0.000000E+00
  0.000000E+00
  0.000000E+00
  0.000000E+00
  0.000000E+00
  0.000000E+00
  0.000000E+00
  0.000000E+00
  0.000000E+00
  0.000000E+00
  0.000000E+00
  0.000000E+00
  0.000000E+00
  0.000000E+00
  0.000000E+00
  0.000000E+00
  0.000000E+00
  0.000000E+00
  0.000000E+00
  0.000000E+00
  0.000000E+00
  0.000000E+00
  0.000000E+00
  0.000000E+00
  0.000000E+00
  0.000000E+00
  0.000000E+00
  0.000000E+00
  0.000000E+00
  0.000000E+00
  0.000000E+00
  0.000000E+00
  0.000000E+00
  0.000000E+00
  0.000000E+00
  0.000000E+00
  0.000000E+00
  0.000000E+00
  0.000000E+00
  0.000000E+00
  0.000000E+00
  0.000000E+00
  0.000000E+00
  0.000000E+00
  0.000000E+00
  0.000000E+00
  0.000000E+00
  0.000000E+00
  0.000000E+00
  0.000000E+00
  0.000000E+00
  0.000000E+00
  0.000000E+00
  0.000000E+00
  0.000000E+00
  0.000000E+00
  0.000000E+00
  0.000000E+00
  0.000000E+00
  0.000000E+00
  0.000000E+00
  0.000000E+00
  0.000000E+00
  0.000000E+00
  0.000000E+00
  0.000000E+00
  0.000000E+00
  0.000000E+00
  0.000000E+00
  0.000000E+00
  0.000000E+00
  0.000000E+00
  0.000000E+00
  0.000000E+00
  0.000000E+00
  0.000000E+00
  0.000000E+00
  0.000000E+00
  0.000000E+00
  0.000000E+00
  0.000000E+00
  0.000000E+00
  0.000000E+00
  0.000000E+00
  0.000000E+00
  0.000000E+00
  0.000000E+00
  0.000000E+00
  0.000000E+00
  0.000000E+00
  0.000000E+00
  0.000000E+00
  0.000000E+00
  0.000000E+00
  0.000000E+00
  0.000000E+00
  0.000000E+00
  0.000000E+00
  0.000000E+00
  0.000000E+00
  0.000000E+00
  0.000000E+00
  0.000000E+00
  0.000000E+00
  0.000000E+00
  0.000000E+00
  0.000000E+00
  0.000000E+00
  0.000000E+00
  0.000000E+00
  0.000000E+00
  0.000000E+00
  0.000000E+00
  0.000000E+00
  0.000000E+00
  0.000000E+00
  0.000000E+00
  0.000000E+00
  0.000000E+00
  0.000000E+00
  0.000000E+00
  0.000000E+00
  0.000000E+00
  0.000000E+00
  0.000000E+00
  0.000000E+00
  0.000000E+00
  0.000000E+00
  0.000000E+00
  0.000000E+00
  0.000000E+00
  0.000000E+00
  0.000000E+00
  0.000000E+00
  0.000000E+00
  0.000000E+00
  0.000000E+00
  0.000000E+00
  0.000000E+00
  0.000000E+00
  0.000000E+00
  0.000000E+00
  0.000000E+00
  0.000000E+00
  0.000000E+00
  0.000000E+00
  0.000000E+00
  0.000000E+00
  0.000000E+00
  0.000000E+00
  0.000000E+00
  0.000000E+00
  0.000000E+00
  0.000000E+00
  0.000000E+00
  0.000000E+00
  0.000000E+00
  0.000000E+00
  0.000000E+00
  0.000000E+00
  0.000000E+00
  0.000000E+00
  0.000000E+00
  0.000000E+00
  0.000000E+00
  0.000000E+00
  0.000000E+00
  0.000000E+00
  0.000000E+00
  0.000000E+00
  0.000000E+00
  0.000000E+00
  0.000000E+00
  0.000000E+00
  0.000000E+00
  0.000000E+00
  0.000000E+00
  0.000000E+00
  0.000000E+00
  0.000000E+00
  0.000000E+00
  0.000000E+00
  0.000000E+00
  0.000000E+00
  0.000000E+00
  0.000000E+00
  0.000000E+00
  0.000000E+00
  0.000000E+00
  0.000000E+00
  0.000000E+00
  0.000000E+00
  0.000000E+00
  0.000000E+00
  0.000000E+00
  0.000000E+00
  0.000000E+00
  0.000000E+00
  0.000000E+00
  0.000000E+00
  0.000000E+00
  0.000000E+00
  0.000000E+00
  0.000000E+00
  0.000000E+00
  0.000000E+00
  0.000000E+00
  0.000000E+00
  0.000000E+00
  0.000000E+00
  0.000000E+00
  0.000000E+00
  0.000000E+00
  0.000000E+00
  0.000000E+00
  0.000000E+00
  0.000000E+00
  0.000000E+00
  0.000000E+00
  0.000000E+00
  0.000000E+00
  0.000000E+00
  0.000000E+00
  0.000000E+00
  0.000000E+00
  0.000000E+00
  0.000000E+00
  0.000000E+00
  0.000000E+00
  0.000000E+00
  0.000000E+00
  0.000000E+00
  0.000000E+00
  0.000000E+00
  0.000000E+00
  0.000000E+00
  0.000000E+00
  0.000000E+00
  0.000000E+00
  0.000000E+00
  0.000000E+00
  0.000000E+00
  0.000000E+00
  0.000000E+00
  0.000000E+00
  0.000000E+00
  0.000000E+00
  0.000000E+00
  0.000000E+00
  0.000000E+00
  0.000000E+00
  0.000000E+00
  0.000000E+00
  0.000000E+00
  0.000000E+00
  0.000000E+00
  0.000000E+00
  0.000000E+00
  0.000000E+00
  0.000000E+00
  0.000000E+00
  0.000000E+00
  0.000000E+00
  0.000000E+00
  0.000000E+00
  0.000000E+00
  0.000000E+00
  0.000000E+00
  0.000000E+00
  0.000000E+00
  0.000000E+00
  0.000000E+00
  0.000000E+00
  0.000000E+00
  0.000000E+00
  0.000000E+00
  0.000000E+00
  0.000000E+00
  0.000000E+00
  0.000000E+00
  0.000000E+00
  0.000000E+00
  0.000000E+00
  0.000000E+00
  0.000000E+00
  0.000000E+00
  0.000000E+00
  0.000000E+00
  0.000000E+00
  0.000000E+00
  0.000000E+00
  0.000000E+00
  0.000000E+00
  0.000000E+00
  0.000000E+00
  0.000000E+00
  0.000000E+00
  0.000000E+00
  0.000000E+00
  0.000000E+00
  0.000000E+00
  0.000000E+00
  0.000000E+00
  0.000000E+00
  0.000000E+00
  0.000000E+00
  0.000000E+00
  0.000000E+00
  0.000000E+00
  0.000000E+00
  0.000000E+00
  0.000000E+00
  0.000000E+00
  0.000000E+00
  0.000000E+00
  0.000000E+00
  0.000000E+00
  0.000000E+00
  0.000000E+00
  0.000000E+00
  0.000000E+00
  0.000000E+00
  0.000000E+00
  0.000000E+00
  0.000000E+00
  0.000000E+00
  0.000000E+00
  0.000000E+00
  0.000000E+00
  0.000000E+00
  0.000000E+00
  0.000000E+00
  0.000000E+00
  0.000000E+00
  0.000000E+00
  0.000000E+00
  0.000000E+00
  0.000000E+00
  0.000000E+00
  0.000000E+00
  0.000000E+00
  0.000000E+00
  0.000000E+00
  0.000000E+00
  0.000000E+00
  0.000000E+00
  0.000000E+00
  0.000000E+00
  0.000000E+00
  0.000000E+00
  0.000000E+00
  0.000000E+00
  0.000000E+00
  0.000000E+00
  0.000000E+00
  0.000000E+00
  0.000000E+00
  0.000000E+00
  0.000000E+00
  0.000000E+00
  0.000000E+00
  0.000000E+00
  0.000000E+00
  0.000000E+00
  0.000000E+00
  0.000000E+00
  0.000000E+00
  0.000000E+00
  0.000000E+00
  0.000000E+00
  0.000000E+00
  0.000000E+00
  0.000000E+00
  0.000000E+00
  0.000000E+00
  0.000000E+00
  0.000000E+00
  0.000000E+00
  0.000000E+00
  0.000000E+00
  0.000000E+00
  0.000000E+00
  0.000000E+00
  0.000000E+00
  0.000000E+00
  0.000000E+00
  0.000000E+00
  0.000000E+00
  0.000000E+00
  0.000000E+00
  0.000000E+00
  0.000000E+00
  0.000000E+00
  0.000000E+00
  0.000000E+00
  0.000000E+00
  0.000000E+00
  0.000000E+00
  0.000000E+00
  0.000000E+00
  0.000000E+00
  0.000000E+00
  0.000000E+00
  0.000000E+00
  0.000000E+00
  0.000000E+00
  0.000000E+00
  0.000000E+00
  0.000000E+00
  0.000000E+00
  0.000000E+00
  0.000000E+00
  0.000000E+00
  0.000000E+00
  0.000000E+00
  0.000000E+00
  0.000000E+00
  0.000000E+00
  0.000000E+00
  0.000000E+00
  0.000000E+00
  0.000000E+00
  0.000000E+00
  0.000000E+00
  0.000000E+00
  0.000000E+00
  0.000000E+00
  0.000000E+00
  0.000000E+00
  0.000000E+00
  0.000000E+00
  0.000000E+00
  0.000000E+00
  0.000000E+00
  0.000000E+00
  0.000000E+00
  0.000000E+00
  0.000000E+00
  0.000000E+00
  0.000000E+00
  0.000000E+00
  0.000000E+00
  0.000000E+00
  0.000000E+00
  0.000000E+00
  0.000000E+00
  0.000000E+00
  0.000000E+00
  0.000000E+00
  0.000000E+00
  0.000000E+00
  0.000000E+00
  0.000000E+00
  0.000000E+00
  0.000000E+00
  0.000000E+00
  0.000000E+00
  0.000000E+00
  0.000000E+00
  0.000000E+00
  0.000000E+00
  0.000000E+00
  0.000000E+00
  0.000000E+00
  0.000000E+00
  0.000000E+00
  0.000000E+00
  0.000000E+00
  0.000000E+00
  0.000000E+00
  0.000000E+00
  0.000000E+00
  0.000000E+00
  0.000000E+00
  0.000000E+00
  0.000000E+00
  0.000000E+00
  0.000000E+00
  0.000000E+00
  0.000000E+00
  0.000000E+00
  0.000000E+00
  0.000000E+00
  0.000000E+00
  0.000000E+00
  0.000000E+00
  0.000000E+00
  0.000000E+00
  0.000000E+00
  0.000000E+00
  0.000000E+00
  0.000000E+00
  0.000000E+00
  0.000000E+00
  0.000000E+00
  0.000000E+00
  0.000000E+00
  0.000000E+00
  0.000000E+00
  0.000000E+00
  0.000000E+00
  0.000000E+00
  0.000000E+00
  0.000000E+00
  0.000000E+00
  0.000000E+00
  0.000000E+00
  0.000000E+00
  0.000000E+00
  0.000000E+00
  0.000000E+00
  0.000000E+00
  0.000000E+00
  0.000000E+00
  0.000000E+00
  0.000000E+00
  0.000000E+00
  0.000000E+00
  0.000000E+00
  0.000000E+00
  0.000000E+00
  0.000000E+00
  0.000000E+00
  0.000000E+00
  0.000000E+00
  0.000000E+00
  0.000000E+00
  0.000000E+00
  0.000000E+00
  0.000000E+00
  0.000000E+00
  0.000000E+00
  0.000000E+00
  0.000000E+00
  0.000000E+00
  0.000000E+00
  0.000000E+00
  0.000000E+00
  0.000000E+00
  0.000000E+00
  0.000000E+00
  0.000000E+00
  0.000000E+00
  0.000000E+00
  0.000000E+00
  0.000000E+00
  0.000000E+00
  0.000000E+00
  0.000000E+00
  0.000000E+00
  0.000000E+00
  0.000000E+00
  0.000000E+00
  0.000000E+00
  0.000000E+00
  0.000000E+00
  0.000000E+00
  0.000000E+00
  0.000000E+00
  0.000000E+00
  0.000000E+00
  0.000000E+00
  0.000000E+00
  0.000000E+00
  0.000000E+00
  0.000000E+00
  0.000000E+00
  0.000000E+00
  0.000000E+00
  0.000000E+00
  0.000000E+00
  0.000000E+00
  0.000000E+00
  0.000000E+00
  0.000000E+00
  0.000000E+00
  0.000000E+00
  0.000000E+00
  0.000000E+00
  0.000000E+00
  0.000000E+00
  0.000000E+00
  0.000000E+00
  0.000000E+00
  0.000000E+00
  0.000000E+00
  0.000000E+00
  0.000000E+00
  0.000000E+00
  0.000000E+00
  0.000000E+00
  0.000000E+00
  0.000000E+00
  0.000000E+00
  0.000000E+00
  0.000000E+00
  0.000000E+00
  0.000000E+00
  0.000000E+00
  0.000000E+00
  0.000000E+00
  0.000000E+00
  0.000000E+00
  0.000000E+00
  0.000000E+00
  0.000000E+00
  0.000000E+00
  0.000000E+00
  0.000000E+00
  0.000000E+00
  0.000000E+00
  0.000000E+00
  0.000000E+00
  0.000000E+00
  0.000000E+00
  0.000000E+00
  0.000000E+00
  0.000000E+00
  0.000000E+00
  0.000000E+00
  0.000000E+00
  0.000000E+00
  0.000000E+00
  0.000000E+00
  0.000000E+00
  0.000000E+00
  0.000000E+00
  0.000000E+00
  0.000000E+00
  0.000000E+00
  0.000000E+00
  0.000000E+00
  0.000000E+00
  0.000000E+00
  0.000000E+00
  0.000000E+00
  0.000000E+00
  0.000000E+00
  0.000000E+00
  0.000000E+00
  0.000000E+00
  0.000000E+00
  0.000000E+00
  0.000000E+00
  0.000000E+00
  0.000000E+00
  0.000000E+00
  0.000000E+00
  0.000000E+00
  0.000000E+00
  0.000000E+00
  0.000000E+00
  0.000000E+00
  0.000000E+00
  0.000000E+00
  0.000000E+00
  0.000000E+00
  0.000000E+00
  0.000000E+00
  0.000000E+00
  0.000000E+00
  0.000000E+00
  0.000000E+00
  0.000000E+00
  0.000000E+00
  0.000000E+00
  0.000000E+00
  0.000000E+00
  0.000000E+00
  0.000000E+00
  0.000000E+00
  0.000000E+00
  0.000000E+00
  0.000000E+00
  0.000000E+00
  0.000000E+00
  0.000000E+00
  0.000000E+00
  0.000000E+00
  0.000000E+00
  0.000000E+00
  0.000000E+00
  0.000000E+00
  0.000000E+00
  0.000000E+00
  0.000000E+00
  0.000000E+00
  0.000000E+00
  0.000000E+00
  0.000000E+00
  0.000000E+00
  0.000000E+00
  0.000000E+00
  0.000000E+00
  0.000000E+00
  0.000000E+00
  0.000000E+00
  0.000000E+00
  0.000000E+00
  0.000000E+00
  0.000000E+00
  0.000000E+00
  0.000000E+00
  0.000000E+00
  0.000000E+00
  0.000000E+00
  0.000000E+00
  0.000000E+00
  0.000000E+00
  0.000000E+00
  0.000000E+00
  0.000000E+00
  0.000000E+00
  0.000000E+00
  0.000000E+00
  0.000000E+00
  0.000000E+00
  0.000000E+00
  0.000000E+00
  0.000000E+00
  0.000000E+00
  0.000000E+00
  0.000000E+00
  0.000000E+00
  0.000000E+00
  0.000000E+00
  0.000000E+00
  0.000000E+00
  0.000000E+00
  0.000000E+00
  0.000000E+00
  0.000000E+00
  0.000000E+00
  0.000000E+00
  0.000000E+00
  0.000000E+00
  0.000000E+00
  0.000000E+00
  0.000000E+00
  0.000000E+00
  0.000000E+00
  0.000000E+00
  0.000000E+00
  0.000000E+00
  0.000000E+00
  0.000000E+00
  0.000000E+00
  0.000000E+00
  0.000000E+00
  0.000000E+00
  0.000000E+00
  0.000000E+00
  0.000000E+00
  0.000000E+00
  0.000000E+00
  0.000000E+00
  0.000000E+00
  0.000000E+00
  0.000000E+00
  0.000000E+00
  0.000000E+00
  0.000000E+00
  0.000000E+00
  0.000000E+00
  0.000000E+00
  0.000000E+00
  0.000000E+00
  0.000000E+00
  0.000000E+00
  0.000000E+00
  0.000000E+00
  0.000000E+00
  0.000000E+00
  0.000000E+00
  0.000000E+00
  0.000000E+00
  0.000000E+00
  0.000000E+00
  0.000000E+00
  0.000000E+00
  0.000000E+00
  0.000000E+00
  0.000000E+00
  0.000000E+00
  0.000000E+00
  0.000000E+00
  0.000000E+00
  0.000000E+00
  0.000000E+00
  0.000000E+00
  0.000000E+00
  0.000000E+00
  0.000000E+00
  0.000000E+00
  0.000000E+00
  0.000000E+00
  0.000000E+00
  0.000000E+00
  0.000000E+00
  0.000000E+00
  0.000000E+00
  0.000000E+00
  0.000000E+00
  0.000000E+00
  0.000000E+00
  0.000000E+00
  0.000000E+00
  0.000000E+00
  0.000000E+00
  0.000000E+00
  0.000000E+00
  0.000000E+00
  0.000000E+00
  0.000000E+00
  0.000000E+00
  0.000000E+00
  0.000000E+00
  0.000000E+00
  0.000000E+00
  0.000000E+00
  0.000000E+00
  0.000000E+00
  0.000000E+00
  0.000000E+00
  0.000000E+00
  0.000000E+00
  0.000000E+00
  0.000000E+00
  0.000000E+00
  0.000000E+00
  0.000000E+00
  0.000000E+00
  0.000000E+00
  0.000000E+00
  0.000000E+00
  0.000000E+00
  0.000000E+00
  0.000000E+00
  0.000000E+00
  0.000000E+00
  0.000000E+00
  0.000000E+00
  0.000000E+00
  0.000000E+00
  0.000000E+00
  0.000000E+00
  0.000000E+00
  0.000000E+00
  0.000000E+00
  0.000000E+00
  0.000000E+00
  0.000000E+00
  0.000000E+00
  0.000000E+00
  0.000000E+00
  0.000000E+00
  0.000000E+00
  0.000000E+00
  0.000000E+00
  0.000000E+00
  0.000000E+00
  0.000000E+00
  0.000000E+00
  0.000000E+00
  0.000000E+00
  0.000000E+00
  0.000000E+00
  0.000000E+00
  0.000000E+00
  0.000000E+00
  0.000000E+00
  0.000000E+00
  0.000000E+00
  0.000000E+00
  0.000000E+00
  0.000000E+00
  0.000000E+00
  0.000000E+00
  0.000000E+00
  0.000000E+00
  0.000000E+00
  0.000000E+00
  0.000000E+00
  0.000000E+00
  0.000000E+00
  0.000000E+00
  0.000000E+00
  0.000000E+00
  0.000000E+00
  0.000000E+00
  0.000000E+00
  0.000000E+00
  0.000000E+00
  0.000000E+00
  0.000000E+00
  0.000000E+00
  0.000000E+00
  0.000000E+00
  0.000000E+00
  0.000000E+00
  0.000000E+00
  0.000000E+00
  0.000000E+00
  0.000000E+00
  0.000000E+00
  0.000000E+00
  0.000000E+00
  0.000000E+00
  0.000000E+00
  0.000000E+00
  0.000000E+00
  0.000000E+00
  0.000000E+00
  0.000000E+00
  0.000000E+00
  0.000000E+00
  0.000000E+00
  0.000000E+00
  0.000000E+00
  0.000000E+00
  0.000000E+00
  0.000000E+00
  0.000000E+00
  0.000000E+00
  0.000000E+00
  0.000000E+00
  0.000000E+00
  0.000000E+00
  0.000000E+00
  0.000000E+00
  0.000000E+00
  0.000000E+00
  0.000000E+00
  0.000000E+00
  0.000000E+00
  0.000000E+00
  0.000000E+00
  0.000000E+00
  0.000000E+00
  0.000000E+00
  0.000000E+00
  0.000000E+00
  0.000000E+00
  0.000000E+00
  0.000000E+00
  0.000000E+00
  0.000000E+00
  0.000000E+00
  0.000000E+00
  0.000000E+00
  0.000000E+00
  0.000000E+00
  0.000000E+00
  0.000000E+00
  0.000000E+00
  0.000000E+00
  0.000000E+00
  0.000000E+00
  0.000000E+00
  0.000000E+00
  0.000000E+00
  0.000000E+00
  0.000000E+00
  0.000000E+00
  0.000000E+00
  0.000000E+00
  0.000000E+00
  0.000000E+00
  0.000000E+00
  0.000000E+00
  0.000000E+00
  0.000000E+00
  0.000000E+00
  0.000000E+00
  0.000000E+00
  0.000000E+00
  0.000000E+00
  0.000000E+00
  0.000000E+00
  0.000000E+00
  0.000000E+00
  0.000000E+00
  0.000000E+00
  0.000000E+00
  0.000000E+00
  0.000000E+00
  0.000000E+00
  0.000000E+00
  0.000000E+00
  0.000000E+00
  0.000000E+00
  0.000000E+00
  0.000000E+00
  0.000000E+00
  0.000000E+00
  0.000000E+00
  0.000000E+00
  0.000000E+00
  0.000000E+00
  0.000000E+00
  0.000000E+00
  0.000000E+00
  0.000000E+00
  0.000000E+00
  0.000000E+00
  0.000000E+00
  0.000000E+00
  0.000000E+00
  0.000000E+00
  0.000000E+00
  0.000000E+00
  0.000000E+00
  0.000000E+00
  0.000000E+00
  0.000000E+00
  0.000000E+00
  0.000000E+00
  0.000000E+00
  0.000000E+00
  0.000000E+00
  0.000000E+00
  0.000000E+00
  0.000000E+00
  0.000000E+00
  0.000000E+00
  0.000000E+00
  0.000000E+00
  0.000000E+00
  0.000000E+00
  0.000000E+00
  0.000000E+00
  0.000000E+00
  0.000000E+00
  0.000000E+00
  0.000000E+00
  0.000000E+00
  0.000000E+00
  0.000000E+00
  0.000000E+00
  0.000000E+00
  0.000000E+00
  0.000000E+00
  0.000000E+00
  0.000000E+00
  0.000000E+00
  0.000000E+00
  0.000000E+00
  0.000000E+00
  0.000000E+00
  0.000000E+00
  0.000000E+00
  0.000000E+00
  0.000000E+00
  0.000000E+00
  0.000000E+00
  0.000000E+00
  0.000000E+00
  0.000000E+00
  0.000000E+00
  0.000000E+00
  0.000000E+00
  0.000000E+00
  0.000000E+00
  0.000000E+00
  0.000000E+00
  0.000000E+00
  0.000000E+00
  0.000000E+00
  0.000000E+00
  0.000000E+00
  0.000000E+00
  0.000000E+00
  0.000000E+00
  0.000000E+00
  0.000000E+00
  0.000000E+00
  0.000000E+00
  0.000000E+00
  0.000000E+00
  0.000000E+00
  0.000000E+00
  0.000000E+00
  0.000000E+00
  0.000000E+00
  0.000000E+00
  0.000000E+00
  0.000000E+00
  0.000000E+00
  0.000000E+00
  0.000000E+00
  0.000000E+00
  0.000000E+00
  0.000000E+00
  0.000000E+00
  0.000000E+00
  0.000000E+00
  0.000000E+00
  0.000000E+00
  0.000000E+00
  0.000000E+00
  0.000000E+00
  0.000000E+00
  0.000000E+00
  0.000000E+00
  0.000000E+00
  0.000000E+00
  0.000000E+00
  0.000000E+00
  0.000000E+00
  0.000000E+00
  0.000000E+00
  0.000000E+00
  0.000000E+00
  0.000000E+00
  0.000000E+00
  0.000000E+00
  0.000000E+00
  0.000000E+00
  0.000000E+00
  0.000000E+00
  0.000000E+00
  0.000000E+00
  0.000000E+00
  0.000000E+00
  0.000000E+00
  0.000000E+00
  0.000000E+00
  0.000000E+00
  0.000000E+00
  0.000000E+00
  0.000000E+00
  0.000000E+00
  0.000000E+00
  0.000000E+00
  0.000000E+00
  0.000000E+00
  0.000000E+00
  0.000000E+00
  0.000000E+00
  0.000000E+00
  0.000000E+00
  0.000000E+00
  0.000000E+00
  0.000000E+00
  0.000000E+00
  0.000000E+00
  0.000000E+00
  0.000000E+00
  0.000000E+00
  0.000000E+00
  0.000000E+00
  0.000000E+00
  0.000000E+00
  0.000000E+00
  0.000000E+00
  0.000000E+00
  0.000000E+00
  0.000000E+00
  0.000000E+00
  0.000000E+00
  0.000000E+00
  0.000000E+00
  0.000000E+00
  0.000000E+00
  0.000000E+00
  0.000000E+00
  0.000000E+00
  0.000000E+00
  0.000000E+00
  0.000000E+00
  0.000000E+00
  0.000000E+00
  0.000000E+00
  0.000000E+00
  0.000000E+00
  0.000000E+00
  0.000000E+00
  0.000000E+00
  0.000000E+00
  0.000000E+00
  0.000000E+00
  0.000000E+00
  0.000000E+00
  0.000000E+00
  0.000000E+00
  0.000000E+00
  0.000000E+00
  0.000000E+00
  0.000000E+00
  0.000000E+00
  0.000000E+00
  0.000000E+00
  0.000000E+00
  0.000000E+00
  0.000000E+00
  0.000000E+00
  0.000000E+00
  0.000000E+00
  0.000000E+00
  0.000000E+00
  0.000000E+00
  0.000000E+00
  0.000000E+00
  0.000000E+00
  0.000000E+00
  0.000000E+00
  0.000000E+00
  0.000000E+00
  0.000000E+00
  0.000000E+00
  0.000000E+00
  0.000000E+00
  0.000000E+00
  0.000000E+00
  0.000000E+00
  0.000000E+00
  0.000000E+00
  0.000000E+00
  0.000000E+00
  0.000000E+00
  0.000000E+00
  0.000000E+00
  0.000000E+00
  0.000000E+00
  0.000000E+00
  0.000000E+00
  0.000000E+00
  0.000000E+00
  0.000000E+00
  0.000000E+00
  0.000000E+00
  0.000000E+00
  0.000000E+00
  0.000000E+00
  0.000000E+00
  0.000000E+00
  0.000000E+00
  0.000000E+00
  0.000000E+00
  0.000000E+00
  0.000000E+00
  0.000000E+00
  0.000000E+00
  0.000000E+00
  0.000000E+00
  0.000000E+00
  0.000000E+00
  0.000000E+00
  0.000000E+00
  0.000000E+00
  0.000000E+00
  0.000000E+00
  0.000000E+00
  0.000000E+00
  0.000000E+00
  0.000000E+00
  0.000000E+00
  0.000000E+00
  0.000000E+00
  0.000000E+00
  0.000000E+00
  0.000000E+00
  0.000000E+00
  0.000000E+00
  0.000000E+00
  0.000000E+00
  0.000000E+00
  0.000000E+00
  0.000000E+00
  0.000000E+00
  0.000000E+00
  0.000000E+00
  0.000000E+00
  0.000000E+00
  0.000000E+00
  0.000000E+00
  0.000000E+00
  0.000000E+00
  0.000000E+00
  0.000000E+00
  0.000000E+00
  0.000000E+00
  0.000000E+00
  0.000000E+00
  0.000000E+00
  0.000000E+00
  0.000000E+00
  0.000000E+00
  0.000000E+00
  0.000000E+00
  0.000000E+00
  0.000000E+00
  0.000000E+00
  0.000000E+00
  0.000000E+00
  0.000000E+00
  0.000000E+00
  0.000000E+00
  0.000000E+00
  0.000000E+00
  0.000000E+00
  0.000000E+00
  0.000000E+00
  0.000000E+00
  0.000000E+00
  0.000000E+00
  0.000000E+00
  0.000000E+00
  0.000000E+00
  0.000000E+00
  0.000000E+00
  0.000000E+00
  0.000000E+00
  0.000000E+00
  0.000000E+00
  0.000000E+00
  0.000000E+00
  0.000000E+00
  0.000000E+00
  0.000000E+00
  0.000000E+00
  0.000000E+00
  0.000000E+00
  0.000000E+00
  0.000000E+00
  0.000000E+00
  0.000000E+00
  0.000000E+00
  0.000000E+00
  0.000000E+00
  0.000000E+00
  0.000000E+00
  0.000000E+00
  0.000000E+00
  0.000000E+00
  0.000000E+00
  0.000000E+00
  0.000000E+00
  0.000000E+00
  0.000000E+00
  0.000000E+00
  0.000000E+00
  0.000000E+00
  0.000000E+00
  0.000000E+00
  0.000000E+00
  0.000000E+00
  0.000000E+00
  0.000000E+00
  0.000000E+00
  0.000000E+00
  0.000000E+00
  0.000000E+00
  0.000000E+00
  0.000000E+00
  0.000000E+00
  0.000000E+00
  0.000000E+00
  0.000000E+00
  0.000000E+00
  0.000000E+00
  0.000000E+00
  0.000000E+00
  0.000000E+00
  0.000000E+00
  0.000000E+00
  0.000000E+00
  0.000000E+00
  0.000000E+00
  0.000000E+00
  0.000000E+00
  0.000000E+00
  0.000000E+00
  0.000000E+00
  0.000000E+00
  0.000000E+00
  0.000000E+00
  0.000000E+00
  0.000000E+00
  0.000000E+00
  0.000000E+00
  0.000000E+00
  0.000000E+00
  0.000000E+00
  0.000000E+00
  0.000000E+00
  0.000000E+00
  0.000000E+00
  0.000000E+00
  0.000000E+00
  0.000000E+00
  0.000000E+00
  0.000000E+00
  0.000000E+00
  0.000000E+00
  0.000000E+00
  0.000000E+00
  0.000000E+00
  0.000000E+00
  0.000000E+00
  0.000000E+00
  0.000000E+00
  0.000000E+00
  0.000000E+00
  0.000000E+00
  0.000000E+00
  0.000000E+00
  0.000000E+00
  0.000000E+00
  0.000000E+00
  0.000000E+00
  0.000000E+00
  0.000000E+00
  0.000000E+00
  0.000000E+00
  0.000000E+00
  0.000000E+00
  0.000000E+00
  0.000000E+00
  0.000000E+00
  0.000000E+00
  0.000000E+00
  0.000000E+00
  0.000000E+00
  0.000000E+00
  0.000000E+00
  0.000000E+00
  0.000000E+00
  0.000000E+00
  0.000000E+00
  0.000000E+00
  0.000000E+00
  0.000000E+00
  0.000000E+00
  0.000000E+00
  0.000000E+00
  0.000000E+00
  0.000000E+00
  0.000000E+00
  0.000000E+00
  0.000000E+00
  0.000000E+00
  0.000000E+00
  0.000000E+00
  0.000000E+00
  0.000000E+00
  0.000000E+00
  0.000000E+00
  0.000000E+00
  0.000000E+00
  0.000000E+00
  0.000000E+00
  0.000000E+00
  0.000000E+00
  0.000000E+00
  0.000000E+00
  0.000000E+00
  0.000000E+00
  0.000000E+00
  0.000000E+00
  0.000000E+00
  0.000000E+00
  0.000000E+00
  0.000000E+00
  0.000000E+00
  0.000000E+00
  0.000000E+00
  0.000000E+00
  0.000000E+00
  0.000000E+00
  0.000000E+00
  0.000000E+00
  0.000000E+00
  0.000000E+00
  0.000000E+00
  0.000000E+00
  0.000000E+00
  0.000000E+00
  0.000000E+00
  0.000000E+00
  0.000000E+00
  0.000000E+00
  0.000000E+00
  0.000000E+00
  0.000000E+00
  0.000000E+00
  0.000000E+00
  0.000000E+00
  0.000000E+00
  0.000000E+00
  0.000000E+00
  0.000000E+00
  0.000000E+00
  0.000000E+00
  0.000000E+00
  0.000000E+00
  0.000000E+00
  0.000000E+00
  0.000000E+00
  0.000000E+00
  0.000000E+00
  0.000000E+00
  0.000000E+00
  0.000000E+00
  0.000000E+00
  0.000000E+00
  0.000000E+00
  0.000000E+00
  0.000000E+00
  0.000000E+00
  0.000000E+00
  0.000000E+00
  0.000000E+00
  0.000000E+00
  0.000000E+00
  0.000000E+00
  0.000000E+00
  0.000000E+00
  0.000000E+00
  0.000000E+00
  0.000000E+00
  0.000000E+00
  0.000000E+00
  0.000000E+00
  0.000000E+00
  0.000000E+00
  0.000000E+00
  0.000000E+00
  0.000000E+00
  0.000000E+00
  0.000000E+00
  0.000000E+00
  0.000000E+00
  0.000000E+00
  0.000000E+00
  0.000000E+00
  0.000000E+00
  0.000000E+00
  0.000000E+00
  0.000000E+00
  0.000000E+00
  0.000000E+00
  0.000000E+00
  0.000000E+00
  0.000000E+00
  0.000000E+00
  0.000000E+00
  0.000000E+00
  0.000000E+00
  0.000000E+00
  0.000000E+00
  0.000000E+00
  0.000000E+00
  0.000000E+00
  0.000000E+00
  0.000000E+00
  0.000000E+00
  0.000000E+00
  0.000000E+00
  0.000000E+00
  0.000000E+00
  0.000000E+00
  0.000000E+00
  0.000000E+00
  0.000000E+00
  0.000000E+00
  0.000000E+00
  0.000000E+00
  0.000000E+00
  0.000000E+00
  0.000000E+00
  0.000000E+00
  0.000000E+00
  0.000000E+00
  0.000000E+00
  0.000000E+00
  0.000000E+00
  0.000000E+00
  0.000000E+00
  0.000000E+00
  0.000000E+00
  0.000000E+00
  0.000000E+00
  0.000000E+00
  0.000000E+00
  0.000000E+00
  0.000000E+00
  0.000000E+00
  0.000000E+00
  0.000000E+00
  0.000000E+00
  0.000000E+00
  0.000000E+00
  0.000000E+00
  0.000000E+00
  0.000000E+00
  0.000000E+00
  0.000000E+00
  0.000000E+00
  0.000000E+00
  0.000000E+00
  0.000000E+00
  0.000000E+00
  0.000000E+00
  0.000000E+00
  0.000000E+00
  0.000000E+00
  0.000000E+00
  0.000000E+00
  0.000000E+00
  0.000000E+00
  0.000000E+00
  0.000000E+00
  0.000000E+00
  0.000000E+00
  0.000000E+00
  0.000000E+00
  0.000000E+00
  0.000000E+00
  0.000000E+00
  0.000000E+00
  0.000000E+00
  0.000000E+00
  0.000000E+00
  0.000000E+00
  0.000000E+00
  0.000000E+00
  0.000000E+00
  0.000000E+00
  0.000000E+00
  0.000000E+00
  0.000000E+00
  0.000000E+00
  0.000000E+00
  0.000000E+00
  0.000000E+00
  0.000000E+00
  0.000000E+00
  0.000000E+00
  0.000000E+00
  0.000000E+00
  0.000000E+00
  0.000000E+00
  0.000000E+00
  0.000000E+00
  0.000000E+00
  0.000000E+00
  0.000000E+00
  0.000000E+00
  0.000000E+00
  0.000000E+00
  0.000000E+00
  0.000000E+00
  0.000000E+00
  0.000000E+00
  0.000000E+00
  0.000000E+00
  0.000000E+00
  0.000000E+00
  0.000000E+00
  0.000000E+00
  0.000000E+00
  0.000000E+00
  0.000000E+00
  0.000000E+00
  0.000000E+00
  0.000000E+00
  0.000000E+00
  0.000000E+00
  0.000000E+00
  0.000000E+00
  0.000000E+00
  0.000000E+00
  0.000000E+00
  0.000000E+00
  0.000000E+00
  0.000000E+00
  0.000000E+00
  0.000000E+00
  0.000000E+00
  0.000000E+00
  0.000000E+00
  0.000000E+00
  0.000000E+00
  0.000000E+00
  0.000000E+00
  0.000000E+00
  0.000000E+00
  0.000000E+00
  0.000000E+00
  0.000000E+00
  0.000000E+00
  0.000000E+00
  0.000000E+00
  0.000000E+00
  0.000000E+00
  0.000000E+00
  0.000000E+00
  0.000000E+00
  0.000000E+00
  0.000000E+00
  0.000000E+00
  0.000000E+00
  0.000000E+00
  0.000000E+00
  0.000000E+00
  0.000000E+00
  0.000000E+00
  0.000000E+00
  0.000000E+00
  0.000000E+00
  0.000000E+00
  0.000000E+00
  0.000000E+00
  0.000000E+00
  0.000000E+00
  0.000000E+00
  0.000000E+00
  0.000000E+00
  0.000000E+00
  0.000000E+00
  0.000000E+00
  0.000000E+00
  0.000000E+00
  0.000000E+00
  0.000000E+00
  0.000000E+00
  0.000000E+00
  0.000000E+00
  0.000000E+00
  0.000000E+00
  0.000000E+00
  0.000000E+00
  0.000000E+00
  0.000000E+00
  0.000000E+00
  0.000000E+00
  0.000000E+00
  0.000000E+00
  0.000000E+00
  0.000000E+00
  0.000000E+00
  0.000000E+00
  0.000000E+00
  0.000000E+00
  0.000000E+00
  0.000000E+00
  0.000000E+00
  0.000000E+00
  0.000000E+00
  0.000000E+00
  0.000000E+00
  0.000000E+00
  0.000000E+00
  0.000000E+00
  0.000000E+00
  0.000000E+00
  0.000000E+00
  0.000000E+00
  0.000000E+00
  0.000000E+00
  0.000000E+00
  0.000000E+00
  0.000000E+00
  0.000000E+00
  0.000000E+00
  0.000000E+00
  0.000000E+00
  0.000000E+00
  0.000000E+00
  0.000000E+00
  0.000000E+00
  0.000000E+00
  0.000000E+00
  0.000000E+00
  0.000000E+00
  0.000000E+00
  0.000000E+00
  0.000000E+00
  0.000000E+00
  0.000000E+00
  0.000000E+00
  0.000000E+00
  0.000000E+00
  0.000000E+00
  0.000000E+00
  0.000000E+00
  0.000000E+00
  0.000000E+00
  0.000000E+00
  0.000000E+00
  0.000000E+00
  0.000000E+00
  0.000000E+00
  0.000000E+00
  0.000000E+00
  0.000000E+00
  0.000000E+00
  0.000000E+00
  0.000000E+00
  0.000000E+00
  0.000000E+00
  0.000000E+00
  0.000000E+00
  0.000000E+00
  0.000000E+00
  0.000000E+00
  0.000000E+00
  0.000000E+00
  0.000000E+00
  0.000000E+00
  0.000000E+00
  0.000000E+00
  0.000000E+00
  0.000000E+00
  0.000000E+00
  0.000000E+00
  0.000000E+00
  0.000000E+00
  0.000000E+00
  0.000000E+00
  0.000000E+00
  0.000000E+00
  0.000000E+00
  0.000000E+00
  0.000000E+00
  0.000000E+00
  0.000000E+00
  0.000000E+00
  0.000000E+00
  0.000000E+00
  0.000000E+00
  0.000000E+00
  0.000000E+00
  0.000000E+00
  0.000000E+00
  0.000000E+00
  0.000000E+00
  0.000000E+00
  0.000000E+00
  0.000000E+00
  0.000000E+00
  0.000000E+00
  0.000000E+00
  0.000000E+00
  0.000000E+00
  0.000000E+00
  0.000000E+00
  0.000000E+00
  0.000000E+00
  0.000000E+00
  0.000000E+00
  0.000000E+00
  0.000000E+00
  0.000000E+00
  0.000000E+00
  0.000000E+00
  0.000000E+00
  0.000000E+00
  0.000000E+00
  0.000000E+00
  0.000000E+00
  0.000000E+00
  0.000000E+00
  0.000000E+00
  0.000000E+00
  0.000000E+00
  0.000000E+00
  0.000000E+00
  0.000000E+00
  0.000000E+00
  0.000000E+00
  0.000000E+00
  0.000000E+00
  0.000000E+00
  0.000000E+00
  0.000000E+00
  0.000000E+00
  0.000000E+00
  0.000000E+00
  0.000000E+00
  0.000000E+00
  0.000000E+00
  0.000000E+00
  0.000000E+00
  0.000000E+00
  0.000000E+00
  0.000000E+00
  0.000000E+00
  0.000000E+00
  0.000000E+00
  0.000000E+00
  0.000000E+00
  0.000000E+00
  0.000000E+00
  0.000000E+00
  0.000000E+00
  0.000000E+00
  0.000000E+00
  0.000000E+00
  0.000000E+00
  0.000000E+00
  0.000000E+00
  0.000000E+00
  0.000000E+00
  0.000000E+00
  0.000000E+00
  0.000000E+00
  0.000000E+00
  0.000000E+00
  0.000000E+00
  0.000000E+00
  0.000000E+00
  0.000000E+00
  0.000000E+00
  0.000000E+00
  0.000000E+00
  0.000000E+00
  0.000000E+00
  0.000000E+00
  0.000000E+00
  0.000000E+00
  0.000000E+00
  0.000000E+00
  0.000000E+00
  0.000000E+00
  0.000000E+00
  0.000000E+00
  0.000000E+00
  0.000000E+00
  0.000000E+00
  0.000000E+00
  0.000000E+00
  0.000000E+00
  0.000000E+00
  0.000000E+00
  0.000000E+00
  0.000000E+00
  0.000000E+00
  0.000000E+00
  0.000000E+00
  0.000000E+00
  0.000000E+00
  0.000000E+00
  0.000000E+00
  0.000000E+00
  0.000000E+00
  0.000000E+00
  0.000000E+00
  0.000000E+00
  0.000000E+00
  0.000000E+00
  0.000000E+00
  0.000000E+00
  0.000000E+00
  0.000000E+00
  0.000000E+00
  0.000000E+00
  0.000000E+00
  0.000000E+00
  0.000000E+00
  0.000000E+00
  0.000000E+00
  0.000000E+00
  0.000000E+00
  0.000000E+00
  0.000000E+00
  0.000000E+00
  0.000000E+00
  0.000000E+00
  0.000000E+00
  0.000000E+00
  0.000000E+00
  0.000000E+00
  0.000000E+00
  0.000000E+00
  0.000000E+00
  0.000000E+00
  0.000000E+00
  0.000000E+00
  0.000000E+00
  0.000000E+00
  0.000000E+00
  0.000000E+00
  0.000000E+00
  0.000000E+00
  0.000000E+00
  0.000000E+00
  0.000000E+00
  0.000000E+00
  0.000000E+00
  0.000000E+00
  0.000000E+00
  0.000000E+00
  0.000000E+00
  0.000000E+00
  0.000000E+00
  0.000000E+00
  0.000000E+00
  0.000000E+00
  0.000000E+00
  0.000000E+00
  0.000000E+00
  0.000000E+00
  0.000000E+00
  0.000000E+00
  0.000000E+00
  0.000000E+00
  0.000000E+00
  0.000000E+00
  0.000000E+00
  0.000000E+00
  0.000000E+00
  0.000000E+00
  0.000000E+00
  0.000000E+00
  0.000000E+00
  0.000000E+00
  0.000000E+00
  0.000000E+00
  0.000000E+00
  0.000000E+00
  0.000000E+00
  0.000000E+00
  0.000000E+00
  0.000000E+00
  0.000000E+00
  0.000000E+00
  0.000000E+00
  0.000000E+00
  0.000000E+00
  0.000000E+00
  0.000000E+00
  0.000000E+00
  0.000000E+00
  0.000000E+00
  0.000000E+00
  0.000000E+00
  0.000000E+00
  0.000000E+00
  0.000000E+00
  0.000000E+00
  0.000000E+00
  0.000000E+00
  0.000000E+00
  0.000000E+00
  0.000000E+00
  0.000000E+00
  0.000000E+00
  0.000000E+00
  0.000000E+00
  0.000000E+00
  0.000000E+00
  0.000000E+00
  0.000000E+00
  0.000000E+00
  0.000000E+00
  0.000000E+00
  0.000000E+00
  0.000000E+00
  0.000000E+00
  0.000000E+00
  0.000000E+00
  0.000000E+00
  0.000000E+00
  0.000000E+00
  0.000000E+00
  0.000000E+00
  0.000000E+00
  0.000000E+00
  0.000000E+00
  0.000000E+00
  0.000000E+00
  0.000000E+00
  0.000000E+00
  0.000000E+00
  0.000000E+00
  0.000000E+00
  0.000000E+00
  0.000000E+00
  0.000000E+00
  0.000000E+00
  0.000000E+00
  0.000000E+00
  0.000000E+00
  0.000000E+00
  0.000000E+00
  0.000000E+00
  0.000000E+00
  0.000000E+00
  0.000000E+00
  0.000000E+00
  0.000000E+00
  0.000000E+00
  0.000000E+00
  0.000000E+00
  0.000000E+00
  0.000000E+00
  0.000000E+00
  0.000000E+00
  0.000000E+00
  0.000000E+00
  0.000000E+00
  0.000000E+00
  0.000000E+00
  0.000000E+00
  0.000000E+00
  0.000000E+00
  0.000000E+00
  0.000000E+00
  0.000000E+00
  0.000000E+00
  0.000000E+00
  0.000000E+00
  0.000000E+00
  0.000000E+00
  0.000000E+00
  0.000000E+00
  0.000000E+00
  0.000000E+00
  0.000000E+00
  0.000000E+00
  0.000000E+00
  0.000000E+00
  0.000000E+00
  0.000000E+00
  0.000000E+00
  0.000000E+00
  0.000000E+00
  0.000000E+00
  0.000000E+00
  0.000000E+00
  0.000000E+00
  0.000000E+00
  0.000000E+00
  0.000000E+00
  0.000000E+00
  0.000000E+00
  0.000000E+00
  0.000000E+00
  0.000000E+00
  0.000000E+00
  0.000000E+00
  0.000000E+00
  0.000000E+00
  0.000000E+00
  0.000000E+00
  0.000000E+00
  0.000000E+00
  0.000000E+00
  0.000000E+00
  0.000000E+00
  0.000000E+00
  0.000000E+00
  0.000000E+00
  0.000000E+00
  0.000000E+00
  0.000000E+00
  0.000000E+00
  0.000000E+00
  0.000000E+00
  0.000000E+00
  0.000000E+00
  0.000000E+00
  0.000000E+00
  0.000000E+00
  0.000000E+00
  0.000000E+00
  0.000000E+00
  0.000000E+00
  0.000000E+00
  0.000000E+00
  0.000000E+00
  0.000000E+00
  0.000000E+00
  0.000000E+00
  0.000000E+00
  0.000000E+00
  0.000000E+00
  0.000000E+00
  0.000000E+00
  0.000000E+00
  0.000000E+00
  0.000000E+00
  0.000000E+00
  0.000000E+00
  0.000000E+00
  0.000000E+00
  0.000000E+00
  0.000000E+00
  0.000000E+00
  0.000000E+00
  0.000000E+00
  0.000000E+00
  0.000000E+00
  0.000000E+00
  0.000000E+00
  0.000000E+00
  0.000000E+00
  0.000000E+00
  0.000000E+00
  0.000000E+00
  0.000000E+00
  0.000000E+00
  0.000000E+00
  0.000000E+00
  0.000000E+00
  0.000000E+00
  0.000000E+00
  0.000000E+00
  0.000000E+00
  0.000000E+00
  0.000000E+00
  0.000000E+00
  0.000000E+00
  0.000000E+00
  0.000000E+00
  0.000000E+00
  0.000000E+00
  0.000000E+00
  0.000000E+00
  0.000000E+00
  0.000000E+00
  0.000000E+00
  0.000000E+00
  0.000000E+00
  0.000000E+00
  0.000000E+00
  0.000000E+00
  0.000000E+00
  0.000000E+00
  0.000000E+00
  0.000000E+00
  0.000000E+00
  0.000000E+00
  0.000000E+00
  0.000000E+00
  0.000000E+00
  0.000000E+00
  0.000000E+00
  0.000000E+00
  0.000000E+00
  0.000000E+00
  0.000000E+00
  0.000000E+00
  0.000000E+00
  0.000000E+00
  0.000000E+00
  0.000000E+00
  0.000000E+00
  0.000000E+00
  0.000000E+00
  0.000000E+00
  0.000000E+00
  0.000000E+00
  0.000000E+00
  0.000000E+00
  0.000000E+00
  0.000000E+00
  0.000000E+00
  0.000000E+00
  0.000000E+00
  0.000000E+00
  0.000000E+00
  0.000000E+00
  0.000000E+00
  0.000000E+00
  0.000000E+00
  0.000000E+00
  0.000000E+00
  0.000000E+00
  0.000000E+00
  0.000000E+00
  0.000000E+00
  0.000000E+00
  0.000000E+00
  0.000000E+00
  0.000000E+00
  0.000000E+00
  0.000000E+00
  0.000000E+00
  0.000000E+00
  0.000000E+00
  0.000000E+00
  0.000000E+00
  0.000000E+00
  0.000000E+00
  0.000000E+00
  0.000000E+00
  0.000000E+00
  0.000000E+00
  0.000000E+00
  0.000000E+00
  0.000000E+00
  0.000000E+00
  0.000000E+00
  0.000000E+00
  0.000000E+00
  0.000000E+00
  0.000000E+00
  0.000000E+00
  0.000000E+00
  0.000000E+00
  0.000000E+00
  0.000000E+00
  0.000000E+00
  0.000000E+00
  0.000000E+00
  0.000000E+00
  0.000000E+00
  0.000000E+00
  0.000000E+00
  0.000000E+00
  0.000000E+00
  0.000000E+00
  0.000000E+00
  0.000000E+00
  0.000000E+00
  0.000000E+00
  0.000000E+00
  0.000000E+00
  0.000000E+00
  0.000000E+00
  0.000000E+00
  0.000000E+00
  0.000000E+00
  0.000000E+00
  0.000000E+00
  0.000000E+00
  0.000000E+00
  0.000000E+00
  0.000000E+00
  0.000000E+00
  0.000000E+00
  0.000000E+00
  0.000000E+00
  0.000000E+00
  0.000000E+00
  0.000000E+00
  0.000000E+00
  0.000000E+00
  0.000000E+00
  0.000000E+00
  0.000000E+00
  0.000000E+00
  0.000000E+00
  0.000000E+00
  0.000000E+00
  0.000000E+00
  0.000000E+00
  0.000000E+00
  0.000000E+00
  0.000000E+00
  0.000000E+00
  0.000000E+00
  0.000000E+00
  0.000000E+00
  0.000000E+00
  0.000000E+00
  0.000000E+00
  0.000000E+00
  0.000000E+00
  0.000000E+00
  0.000000E+00
  0.000000E+00
  0.000000E+00
  0.000000E+00
  0.000000E+00
  0.000000E+00
  0.000000E+00
  0.000000E+00
  0.000000E+00
  0.000000E+00
  0.000000E+00
  0.000000E+00
  0.000000E+00
  0.000000E+00
  0.000000E+00
  0.000000E+00
  0.000000E+00
  0.000000E+00
  0.000000E+00
  0.000000E+00
  0.000000E+00
  0.000000E+00
  0.000000E+00
  0.000000E+00
  0.000000E+00
  0.000000E+00
  0.000000E+00
  0.000000E+00
  0.000000E+00
  0.000000E+00
  0.000000E+00
  0.000000E+00
  0.000000E+00
  0.000000E+00
  0.000000E+00
  0.000000E+00
  0.000000E+00
  0.000000E+00
  0.000000E+00
  0.000000E+00
  0.000000E+00
  0.000000E+00
  0.000000E+00
  0.000000E+00
  0.000000E+00
  0.000000E+00
  0.000000E+00
  0.000000E+00
  0.000000E+00
  0.000000E+00
  0.000000E+00
  0.000000E+00
  0.000000E+00
  0.000000E+00
  0.000000E+00
  0.000000E+00
  0.000000E+00
  0.000000E+00
  0.000000E+00
  0.000000E+00
  0.000000E+00
  0.000000E+00
  0.000000E+00
  0.000000E+00
  0.000000E+00
  0.000000E+00
  0.000000E+00
  0.000000E+00
  0.000000E+00
  0.000000E+00
  0.000000E+00
  0.000000E+00
  0.000000E+00
  0.000000E+00
  0.000000E+00
  0.000000E+00
  0.000000E+00
  0.000000E+00
  0.000000E+00
  0.000000E+00
  0.000000E+00
  0.000000E+00
  0.000000E+00
  0.000000E+00
  0.000000E+00
  0.000000E+00
  0.000000E+00
  0.000000E+00
  0.000000E+00
  0.000000E+00
  0.000000E+00
  0.000000E+00
  0.000000E+00
  0.000000E+00
  0.000000E+00
  0.000000E+00
  0.000000E+00
  0.000000E+00
  0.000000E+00
  0.000000E+00
  0.000000E+00
  0.000000E+00
  0.000000E+00
  0.000000E+00
  0.000000E+00
  0.000000E+00
  0.000000E+00
  0.000000E+00
  0.000000E+00
  0.000000E+00
  0.000000E+00
  0.000000E+00
  0.000000E+00
  0.000000E+00
  0.000000E+00
  0.000000E+00
  0.000000E+00
  0.000000E+00
  0.000000E+00
  0.000000E+00
  0.000000E+00
  0.000000E+00
  0.000000E+00
  0.000000E+00
  0.000000E+00
  0.000000E+00
  0.000000E+00
  0.000000E+00
  0.000000E+00
  0.000000E+00
  0.000000E+00
  0.000000E+00
  0.000000E+00
  0.000000E+00
  0.000000E+00
  0.000000E+00
  0.000000E+00
  0.000000E+00
  0.000000E+00
  0.000000E+00
  0.000000E+00
  0.000000E+00
  0.000000E+00
  0.000000E+00
  0.000000E+00
  0.000000E+00
  0.000000E+00
  0.000000E+00
  0.000000E+00
  0.000000E+00
  0.000000E+00
  0.000000E+00
  0.000000E+00
  0.000000E+00
  0.000000E+00
  0.000000E+00
  0.000000E+00
  0.000000E+00
  0.000000E+00
  0.000000E+00
  0.000000E+00
  0.000000E+00
  0.000000E+00
  0.000000E+00
  0.000000E+00
  0.000000E+00
  0.000000E+00
  0.000000E+00
  0.000000E+00
  0.000000E+00
  0.000000E+00
  0.000000E+00
  0.000000E+00
  0.000000E+00
  0.000000E+00
  0.000000E+00
  0.000000E+00
  0.000000E+00
  0.000000E+00
  0.000000E+00
  0.000000E+00
  0.000000E+00
  0.000000E+00
  0.000000E+00
  0.000000E+00
  0.000000E+00
  0.000000E+00
  0.000000E+00
  0.000000E+00
  0.000000E+00
  0.000000E+00
  0.000000E+00
  0.000000E+00
  0.000000E+00
  0.000000E+00
  0.000000E+00
  0.000000E+00
  0.000000E+00
  0.000000E+00
  0.000000E+00
  0.000000E+00
  0.000000E+00
  0.000000E+00
  0.000000E+00
  0.000000E+00
  0.000000E+00
  0.000000E+00
  0.000000E+00
  0.000000E+00
  0.000000E+00
  0.000000E+00
  0.000000E+00
  0.000000E+00
  0.000000E+00
  0.000000E+00
  0.000000E+00
  0.000000E+00
  0.000000E+00
  0.000000E+00
  0.000000E+00
  0.000000E+00
  0.000000E+00
  0.000000E+00
  0.000000E+00
  0.000000E+00
  0.000000E+00
  0.000000E+00
  0.000000E+00
  0.000000E+00
  0.000000E+00
  0.000000E+00
  0.000000E+00
  0.000000E+00
  0.000000E+00
  0.000000E+00
  0.000000E+00
  0.000000E+00
  0.000000E+00
  0.000000E+00
  0.000000E+00
  0.000000E+00
  0.000000E+00
  0.000000E+00
  0.000000E+00
  0.000000E+00
  0.000000E+00
  0.000000E+00
  0.000000E+00
  0.000000E+00
  0.000000E+00
  0.000000E+00
  0.000000E+00
  0.000000E+00
  0.000000E+00
  0.000000E+00
  0.000000E+00
  0.000000E+00
  0.000000E+00
  0.000000E+00
  0.000000E+00
  0.000000E+00
  0.000000E+00
  0.000000E+00
  0.000000E+00
  0.000000E+00
  0.000000E+00
  0.000000E+00
  0.000000E+00
  0.000000E+00
  0.000000E+00
  0.000000E+00
  0.000000E+00
  0.000000E+00
  0.000000E+00
  0.000000E+00
  0.000000E+00
  0.000000E+00
  0.000000E+00
  0.000000E+00
  0.000000E+00
  0.000000E+00
  0.000000E+00
  0.000000E+00
  0.000000E+00
  0.000000E+00
  0.000000E+00
  0.000000E+00
  0.000000E+00
  0.000000E+00
  0.000000E+00
  0.000000E+00
  0.000000E+00
  0.000000E+00
  0.000000E+00
  0.000000E+00
  0.000000E+00
  0.000000E+00
  0.000000E+00
  0.000000E+00
  0.000000E+00
  0.000000E+00
  0.000000E+00
  0.000000E+00
  0.000000E+00
  0.000000E+00
  0.000000E+00
  0.000000E+00
  0.000000E+00
  0.000000E+00
  0.000000E+00
  0.000000E+00
  0.000000E+00
  0.000000E+00
  0.000000E+00
  0.000000E+00
  0.000000E+00
  0.000000E+00
  0.000000E+00
  0.000000E+00
