    10.00   0.0500    15001    14.56    44.39     214.12      4282      0.142427      0.42488E+02
 -0.529962E-03
 -0.107761E-02
 -0.111469E-02
 -0.115067E-02
 -0.118829E-02
 -0.121962E-02
 -0.124872E-02
 -0.127530E-02
 -0.129864E-02
 -0.134009E-02
 -0.136122E-02
 -0.139665E-02
 -0.139908E-02
 -0.141844E-02
 -0.142059E-02
 -0.136772E-02
 -0.144615E-02
 -0.142217E-02
 -0.147204E-02
 -0.146488E-02
 -0.130088E-02
 -0.131742E-02
 -0.135823E-02
 -0.146200E-02
 -0.137826E-02
 -0.134272E-02
 -0.137871E-02
 -0.130410E-02
 -0.135557E-02
 -0.138104E-02
 -0.135289E-02
 -0.133286E-02
 -0.154198E-02
 -0.158164E-02
 -0.156893E-02
 -0.151124E-02
 -0.157041E-02
 -0.204619E-02
 -0.207565E-02
 -0.199888E-02
 -0.182048E-02
 -0.155859E-02
 -0.174735E-02
 -0.214598E-02
 -0.234738E-02
 -0.223285E-02
 -0.203249E-02
 -0.182163E-02
 -0.166326E-02
 -0.154050E-02
 -0.183968E-02
 -0.155824E-02
 -0.137099E-02
 -0.182229E-02
 -0.113646E-02
 -0.107424E-02
 -0.114695E-02
 -0.688683E-03
 -0.115956E-02
 -0.121132E-02
 -0.100030E-02
 -0.639566E-03
 -0.503997E-03
 -0.912885E-03
 -0.959911E-03
 -0.998297E-03
 -0.697439E-03
 -0.449982E-03
 -0.505926E-03
 -0.685339E-03
 -0.915970E-03
 -0.602590E-03
 -0.127820E-03
  0.270735E-03
  0.286036E-03
  0.399288E-03
  0.219666E-03
 -0.500961E-03
 -0.306367E-03
 -0.633934E-03
 -0.784548E-03
  0.676452E-03
  0.744150E-03
  0.667720E-03
  0.520896E-03
 -0.125471E-03
 -0.886348E-04
 -0.158821E-02
 -0.936880E-03
  0.980434E-03
  0.136056E-02
  0.107904E-02
 -0.316989E-03
 -0.686977E-03
 -0.104423E-02
 -0.443291E-03
  0.756242E-03
  0.141119E-02
  0.620286E-03
 -0.128320E-02
 -0.402669E-03
  0.139403E-03
  0.138560E-04
  0.116209E-02
  0.114672E-02
 -0.292725E-03
 -0.123158E-03
  0.144807E-02
  0.816201E-03
  0.763089E-03
  0.162036E-02
  0.139420E-02
  0.117652E-02
 -0.112825E-02
 -0.172099E-02
  0.961168E-03
  0.133119E-02
  0.118046E-02
  0.358178E-02
  0.306362E-02
 -0.885415E-03
 -0.571018E-03
  0.616963E-03
  0.164870E-02
  0.205287E-02
  0.109613E-02
  0.172620E-02
 -0.295271E-03
 -0.141067E-02
  0.342758E-03
  0.131902E-02
 -0.356032E-03
 -0.378180E-03
  0.484440E-03
  0.745933E-03
  0.162900E-02
  0.146166E-02
  0.330943E-02
  0.176502E-02
 -0.176912E-03
  0.311936E-03
  0.217951E-02
  0.369499E-02
  0.368533E-02
  0.406096E-02
  0.337324E-02
  0.322355E-02
  0.847398E-03
  0.148944E-02
  0.276813E-02
  0.214748E-02
  0.361614E-02
  0.270296E-02
  0.156568E-02
  0.237838E-02
  0.812798E-03
  0.819606E-03
  0.483174E-02
  0.368861E-02
  0.228401E-02
  0.222283E-02
  0.957993E-03
  0.330810E-02
  0.346052E-02
  0.889270E-03
  0.213506E-02
  0.335558E-02
  0.325463E-02
  0.339487E-02
  0.339747E-02
  0.380771E-02
  0.104172E-02
  0.245684E-02
  0.392180E-02
  0.887147E-03
  0.249917E-02
  0.258733E-02
  0.199478E-02
  0.186079E-02
 -0.127249E-02
 -0.982272E-03
  0.177541E-02
  0.111446E-02
  0.108276E-02
  0.108910E-02
 -0.924197E-03
 -0.335056E-03
 -0.568993E-04
 -0.170230E-02
 -0.425731E-02
 -0.364888E-02
 -0.176607E-02
 -0.221066E-02
 -0.350567E-03
 -0.238241E-02
 -0.617834E-02
 -0.552003E-02
 -0.332340E-02
 -0.185668E-02
 -0.328811E-02
 -0.373129E-02
 -0.512516E-02
 -0.423750E-02
  0.198041E-03
  0.702165E-03
  0.179709E-02
  0.739974E-03
  0.117436E-02
  0.392326E-02
  0.259986E-02
  0.586461E-02
  0.889451E-02
  0.140848E-01
  0.196947E-01
  0.176970E-01
  0.182419E-01
  0.193602E-01
  0.255619E-01
  0.339801E-01
  0.344266E-01
  0.350870E-01
  0.383696E-01
  0.428769E-01
  0.464285E-01
  0.484314E-01
  0.487467E-01
  0.497447E-01
  0.538988E-01
  0.541647E-01
  0.533621E-01
  0.524371E-01
  0.544237E-01
  0.627672E-01
  0.628870E-01
  0.607453E-01
  0.620092E-01
  0.630119E-01
  0.690584E-01
  0.722191E-01
  0.734382E-01
  0.783974E-01
  0.839871E-01
  0.918811E-01
  0.978098E-01
  0.100203E+00
  0.105810E+00
  0.114052E+00
  0.121416E+00
  0.123928E+00
  0.124532E+00
  0.127830E+00
  0.130849E+00
  0.136439E+00
  0.140151E+00
  0.139118E+00
  0.140083E+00
  0.142236E+00
  0.144874E+00
  0.145889E+00
  0.146063E+00
  0.146343E+00
  0.149311E+00
  0.155047E+00
  0.156099E+00
  0.156358E+00
  0.156727E+00
  0.159968E+00
  0.166417E+00
  0.168347E+00
  0.169500E+00
  0.170701E+00
  0.174278E+00
  0.176467E+00
  0.171924E+00
  0.168888E+00
  0.169218E+00
  0.173266E+00
  0.173760E+00
  0.166464E+00
  0.162769E+00
  0.162345E+00
  0.161592E+00
  0.163475E+00
  0.165546E+00
  0.164251E+00
  0.166864E+00
  0.177714E+00
  0.188353E+00
  0.196096E+00
  0.203344E+00
  0.213795E+00
  0.226269E+00
  0.235919E+00
  0.244391E+00
  0.251311E+00
  0.261102E+00
  0.271058E+00
  0.275106E+00
  0.280189E+00
  0.284403E+00
  0.286921E+00
  0.292075E+00
  0.301043E+00
  0.312010E+00
  0.322036E+00
  0.336159E+00
  0.352468E+00
  0.370497E+00
  0.386925E+00
  0.402412E+00
  0.423311E+00
  0.444117E+00
  0.471208E+00
  0.492648E+00
  0.505923E+00
  0.528070E+00
  0.548028E+00
  0.568576E+00
  0.590770E+00
  0.614705E+00
  0.641302E+00
  0.662578E+00
  0.688891E+00
  0.712262E+00
  0.735116E+00
  0.763735E+00
  0.787978E+00
  0.818903E+00
  0.845193E+00
  0.864494E+00
  0.886946E+00
  0.900855E+00
  0.914600E+00
  0.928205E+00
  0.937125E+00
  0.946327E+00
  0.948469E+00
  0.946420E+00
  0.944115E+00
  0.942326E+00
  0.937171E+00
  0.928440E+00
  0.920768E+00
  0.913046E+00
  0.902197E+00
  0.884781E+00
  0.868092E+00
  0.849852E+00
  0.830226E+00
  0.813184E+00
  0.790190E+00
  0.761263E+00
  0.730925E+00
  0.698682E+00
  0.666909E+00
  0.635606E+00
  0.599830E+00
  0.562879E+00
  0.527810E+00
  0.500275E+00
  0.472973E+00
  0.445669E+00
  0.425666E+00
  0.407307E+00
  0.393186E+00
  0.377652E+00
  0.362353E+00
  0.349879E+00
  0.332698E+00
  0.309162E+00
  0.285625E+00
  0.260442E+00
  0.224670E+00
  0.186306E+00
  0.144173E+00
  0.999267E-01
  0.540315E-01
  0.413785E-02
 -0.462300E-01
 -0.975390E-01
 -0.148846E+00
 -0.205336E+00
 -0.257819E+00
 -0.308890E+00
 -0.364202E+00
 -0.416450E+00
 -0.466112E+00
 -0.510829E+00
 -0.556724E+00
 -0.604034E+00
 -0.647573E+00
 -0.687115E+00
 -0.727124E+00
 -0.767840E+00
 -0.803618E+00
 -0.838214E+00
 -0.871165E+00
 -0.904868E+00
 -0.933746E+00
 -0.954835E+00
 -0.974652E+00
 -0.987833E+00
 -0.995881E+00
 -0.100000E+01
 -0.997834E+00
 -0.992774E+00
 -0.983289E+00
 -0.968508E+00
 -0.952480E+00
 -0.937347E+00
 -0.920403E+00
 -0.902278E+00
 -0.885639E+00
 -0.868882E+00
 -0.848145E+00
 -0.827175E+00
 -0.814161E+00
 -0.805170E+00
 -0.796697E+00
 -0.788389E+00
 -0.779421E+00
 -0.772784E+00
 -0.764900E+00
 -0.760663E+00
 -0.758803E+00
 -0.754637E+00
 -0.752096E+00
 -0.744824E+00
 -0.736304E+00
 -0.729266E+00
 -0.718064E+00
 -0.705377E+00
 -0.694692E+00
 -0.682500E+00
 -0.670897E+00
 -0.662896E+00
 -0.652703E+00
 -0.648067E+00
 -0.641830E+00
 -0.632675E+00
 -0.631004E+00
 -0.626626E+00
 -0.625308E+00
 -0.624531E+00
 -0.619753E+00
 -0.618295E+00
 -0.612669E+00
 -0.603702E+00
 -0.594994E+00
 -0.585744E+00
 -0.575436E+00
 -0.561737E+00
 -0.546439E+00
 -0.530211E+00
 -0.511620E+00
 -0.493641E+00
 -0.473936E+00
 -0.450601E+00
 -0.429209E+00
 -0.409789E+00
 -0.390662E+00
 -0.369564E+00
 -0.347252E+00
 -0.325740E+00
 -0.303287E+00
 -0.281490E+00
 -0.258205E+00
 -0.234109E+00
 -0.215232E+00
 -0.198789E+00
 -0.185490E+00
 -0.180597E+00
 -0.179321E+00
 -0.182094E+00
 -0.186980E+00
 -0.194902E+00
 -0.207769E+00
 -0.216513E+00
 -0.226167E+00
 -0.239263E+00
 -0.254017E+00
 -0.269175E+00
 -0.285845E+00
 -0.305881E+00
 -0.324727E+00
 -0.348619E+00
 -0.378179E+00
 -0.402423E+00
 -0.427724E+00
 -0.461193E+00
 -0.491742E+00
 -0.523469E+00
 -0.548675E+00
 -0.565645E+00
 -0.590476E+00
 -0.613375E+00
 -0.630793E+00
 -0.644136E+00
 -0.656940E+00
 -0.673581E+00
 -0.687137E+00
 -0.699282E+00
 -0.714956E+00
 -0.730537E+00
 -0.746472E+00
 -0.759580E+00
 -0.765487E+00
 -0.774102E+00
 -0.780504E+00
 -0.786835E+00
 -0.798202E+00
 -0.802628E+00
 -0.804040E+00
 -0.804228E+00
 -0.803546E+00
 -0.798932E+00
 -0.787446E+00
 -0.777727E+00
 -0.766288E+00
 -0.752072E+00
 -0.731550E+00
 -0.707589E+00
 -0.690785E+00
 -0.674828E+00
 -0.654964E+00
 -0.637712E+00
 -0.621470E+00
 -0.598500E+00
 -0.576613E+00
 -0.553028E+00
 -0.522338E+00
 -0.491482E+00
 -0.459593E+00
 -0.430525E+00
 -0.403081E+00
 -0.376111E+00
 -0.354338E+00
 -0.334711E+00
 -0.317460E+00
 -0.307172E+00
 -0.298982E+00
 -0.291498E+00
 -0.284931E+00
 -0.278765E+00
 -0.276341E+00
 -0.267327E+00
 -0.255393E+00
 -0.250356E+00
 -0.243368E+00
 -0.231787E+00
 -0.218819E+00
 -0.202227E+00
 -0.178807E+00
 -0.152424E+00
 -0.126465E+00
 -0.100481E+00
 -0.720006E-01
 -0.396640E-01
 -0.796003E-02
  0.229910E-01
  0.560333E-01
  0.851471E-01
  0.106046E+00
  0.121887E+00
  0.137233E+00
  0.151896E+00
  0.157897E+00
  0.158226E+00
  0.157096E+00
  0.154861E+00
  0.149872E+00
  0.137845E+00
  0.124240E+00
  0.111367E+00
  0.102376E+00
  0.937602E-01
  0.843238E-01
  0.769816E-01
  0.669314E-01
  0.589513E-01
  0.475600E-01
  0.303786E-01
  0.141861E-01
 -0.499500E-02
 -0.273535E-01
 -0.510552E-01
 -0.799591E-01
 -0.116672E+00
 -0.150635E+00
 -0.181210E+00
 -0.211924E+00
 -0.241038E+00
 -0.276765E+00
 -0.306774E+00
 -0.331533E+00
 -0.359515E+00
 -0.382958E+00
 -0.404918E+00
 -0.418804E+00
 -0.431326E+00
 -0.446035E+00
 -0.456743E+00
 -0.464392E+00
 -0.462557E+00
 -0.458980E+00
 -0.449330E+00
 -0.433137E+00
 -0.417321E+00
 -0.392821E+00
 -0.367730E+00
 -0.341136E+00
 -0.310068E+00
 -0.278295E+00
 -0.242285E+00
 -0.210745E+00
 -0.180150E+00
 -0.145786E+00
 -0.113072E+00
 -0.782400E-01
 -0.431697E-01
 -0.716104E-02
  0.316749E-01
  0.714507E-01
  0.114992E+00
  0.159475E+00
  0.204663E+00
  0.251736E+00
  0.298570E+00
  0.344231E+00
  0.384479E+00
  0.419780E+00
  0.450897E+00
  0.476151E+00
  0.494978E+00
  0.506158E+00
  0.512112E+00
  0.519056E+00
  0.527106E+00
  0.530376E+00
  0.535813E+00
  0.543816E+00
  0.549628E+00
  0.560951E+00
  0.580060E+00
  0.601996E+00
  0.628426E+00
  0.660575E+00
  0.692752E+00
  0.727653E+00
  0.763782E+00
  0.798590E+00
  0.830835E+00
  0.858045E+00
  0.884827E+00
  0.908951E+00
  0.929097E+00
  0.945479E+00
  0.955553E+00
  0.960354E+00
  0.960143E+00
  0.953906E+00
  0.946398E+00
  0.934347E+00
  0.920956E+00
  0.910058E+00
  0.892125E+00
  0.873367E+00
  0.855502E+00
  0.836297E+00
  0.819280E+00
  0.801794E+00
  0.785177E+00
  0.772349E+00
  0.761147E+00
  0.748720E+00
  0.739117E+00
  0.729444E+00
  0.720335E+00
  0.715675E+00
  0.707979E+00
  0.693152E+00
  0.677006E+00
  0.661071E+00
  0.637184E+00
  0.609152E+00
  0.577945E+00
  0.540263E+00
  0.502885E+00
  0.461466E+00
  0.417029E+00
  0.376853E+00
  0.336054E+00
  0.297269E+00
  0.265728E+00
  0.237233E+00
  0.212798E+00
  0.194677E+00
  0.179502E+00
  0.167771E+00
  0.160279E+00
  0.151013E+00
  0.140241E+00
  0.131666E+00
  0.120009E+00
  0.102155E+00
  0.813049E-01
  0.565972E-01
  0.280578E-01
 -0.237645E-02
 -0.337099E-01
 -0.610826E-01
 -0.860000E-01
 -0.111654E+00
 -0.132110E+00
 -0.149752E+00
 -0.165385E+00
 -0.174275E+00
 -0.183356E+00
 -0.188463E+00
 -0.189924E+00
 -0.193934E+00
 -0.195641E+00
 -0.199310E+00
 -0.204083E+00
 -0.205747E+00
 -0.205893E+00
 -0.207924E+00
 -0.211923E+00
 -0.215241E+00
 -0.220443E+00
 -0.228186E+00
 -0.233435E+00
 -0.234494E+00
 -0.236965E+00
 -0.238307E+00
 -0.231247E+00
 -0.216725E+00
 -0.200861E+00
 -0.182645E+00
 -0.159227E+00
 -0.133903E+00
 -0.107731E+00
 -0.820744E-01
 -0.591291E-01
 -0.345106E-01
 -0.984441E-02
  0.107024E-01
  0.358640E-01
  0.634462E-01
  0.900651E-01
  0.118050E+00
  0.148340E+00
  0.186235E+00
  0.222572E+00
  0.256040E+00
  0.294898E+00
  0.330014E+00
  0.359907E+00
  0.389042E+00
  0.412319E+00
  0.434961E+00
  0.457068E+00
  0.469824E+00
  0.475286E+00
  0.478369E+00
  0.482584E+00
  0.483244E+00
  0.480730E+00
  0.481271E+00
  0.481009E+00
  0.479487E+00
  0.480750E+00
  0.484397E+00
  0.487567E+00
  0.491031E+00
  0.496532E+00
  0.499789E+00
  0.501938E+00
  0.501162E+00
  0.494548E+00
  0.487798E+00
  0.482528E+00
  0.477750E+00
  0.469960E+00
  0.462193E+00
  0.458968E+00
  0.458215E+00
  0.460051E+00
  0.461816E+00
  0.459298E+00
  0.456285E+00
  0.455344E+00
  0.451460E+00
  0.445106E+00
  0.436257E+00
  0.429360E+00
  0.426771E+00
  0.420629E+00
  0.409426E+00
  0.396811E+00
  0.386737E+00
  0.377723E+00
  0.361082E+00
  0.337148E+00
  0.314082E+00
  0.290876E+00
  0.264422E+00
  0.234129E+00
  0.199816E+00
  0.163665E+00
  0.126831E+00
  0.854079E-01
  0.362618E-01
 -0.121479E-01
 -0.593848E-01
 -0.109916E+00
 -0.154847E+00
 -0.196767E+00
 -0.235998E+00
 -0.267420E+00
 -0.301381E+00
 -0.334026E+00
 -0.360436E+00
 -0.385594E+00
 -0.407600E+00
 -0.426923E+00
 -0.442857E+00
 -0.454908E+00
 -0.466605E+00
 -0.477526E+00
 -0.486399E+00
 -0.494731E+00
 -0.500709E+00
 -0.508899E+00
 -0.517349E+00
 -0.523892E+00
 -0.527987E+00
 -0.524456E+00
 -0.522644E+00
 -0.520621E+00
 -0.517655E+00
 -0.514407E+00
 -0.509982E+00
 -0.510128E+00
 -0.511128E+00
 -0.515141E+00
 -0.518403E+00
 -0.519632E+00
 -0.523428E+00
 -0.529300E+00
 -0.534175E+00
 -0.536594E+00
 -0.541422E+00
 -0.546738E+00
 -0.553721E+00
 -0.559090E+00
 -0.559271E+00
 -0.558890E+00
 -0.555305E+00
 -0.551147E+00
 -0.541879E+00
 -0.526149E+00
 -0.511512E+00
 -0.491319E+00
 -0.463971E+00
 -0.435398E+00
 -0.401719E+00
 -0.364317E+00
 -0.326003E+00
 -0.280156E+00
 -0.229577E+00
 -0.175068E+00
 -0.117872E+00
 -0.623314E-01
 -0.812785E-02
  0.400507E-01
  0.828860E-01
  0.117369E+00
  0.141091E+00
  0.163074E+00
  0.181174E+00
  0.193671E+00
  0.209347E+00
  0.224526E+00
  0.236742E+00
  0.251075E+00
  0.268209E+00
  0.284780E+00
  0.299465E+00
  0.318999E+00
  0.340653E+00
  0.361882E+00
  0.384831E+00
  0.406104E+00
  0.425401E+00
  0.442686E+00
  0.457953E+00
  0.469313E+00
  0.476910E+00
  0.484036E+00
  0.485847E+00
  0.481431E+00
  0.475265E+00
  0.465216E+00
  0.454261E+00
  0.446077E+00
  0.437580E+00
  0.431401E+00
  0.426478E+00
  0.419584E+00
  0.414436E+00
  0.409604E+00
  0.402414E+00
  0.391463E+00
  0.377109E+00
  0.363566E+00
  0.344726E+00
  0.318741E+00
  0.294312E+00
  0.271106E+00
  0.250111E+00
  0.232507E+00
  0.216030E+00
  0.206169E+00
  0.200450E+00
  0.198637E+00
  0.203768E+00
  0.209088E+00
  0.214760E+00
  0.218808E+00
  0.219090E+00
  0.218243E+00
  0.211205E+00
  0.196073E+00
  0.175738E+00
  0.150037E+00
  0.118970E+00
  0.863939E-01
  0.541990E-01
  0.184250E-01
 -0.183384E-01
 -0.545134E-01
 -0.917261E-01
 -0.123827E+00
 -0.148611E+00
 -0.169181E+00
 -0.188386E+00
 -0.201309E+00
 -0.206298E+00
 -0.205686E+00
 -0.199661E+00
 -0.193401E+00
 -0.187352E+00
 -0.185257E+00
 -0.184339E+00
 -0.181891E+00
 -0.184103E+00
 -0.186410E+00
 -0.183092E+00
 -0.177137E+00
 -0.170688E+00
 -0.161345E+00
 -0.151388E+00
 -0.138798E+00
 -0.125194E+00
 -0.110272E+00
 -0.891843E-01
 -0.704246E-01
 -0.549863E-01
 -0.392640E-01
 -0.226008E-01
 -0.680829E-02
  0.644372E-02
  0.196699E-01
  0.306849E-01
  0.358867E-01
  0.367575E-01
  0.354394E-01
  0.273437E-01
  0.151285E-01
  0.265473E-02
 -0.133495E-01
 -0.301321E-01
 -0.459941E-01
 -0.624457E-01
 -0.806389E-01
 -0.977261E-01
 -0.112979E+00
 -0.128746E+00
 -0.141715E+00
 -0.151435E+00
 -0.159038E+00
 -0.166087E+00
 -0.169725E+00
 -0.167570E+00
 -0.163298E+00
 -0.153336E+00
 -0.138582E+00
 -0.123864E+00
 -0.110710E+00
 -0.999843E-01
 -0.925326E-01
 -0.904894E-01
 -0.923110E-01
 -0.976463E-01
 -0.105731E+00
 -0.114540E+00
 -0.124640E+00
 -0.135796E+00
 -0.143247E+00
 -0.145032E+00
 -0.144175E+00
 -0.137311E+00
 -0.128223E+00
 -0.116184E+00
 -0.972123E-01
 -0.801908E-01
 -0.606145E-01
 -0.402080E-01
 -0.234153E-01
 -0.764593E-02
  0.496468E-02
  0.161757E-01
  0.208591E-01
  0.204871E-01
  0.179691E-01
  0.143349E-01
  0.100440E-01
  0.137650E-02
 -0.716021E-02
 -0.130583E-01
 -0.166995E-01
 -0.188414E-01
 -0.218585E-01
 -0.238145E-01
 -0.164885E-01
 -0.738191E-02
 -0.252607E-02
  0.814425E-02
  0.180180E-01
  0.265400E-01
  0.359829E-01
  0.394666E-01
  0.401937E-01
  0.364143E-01
  0.300947E-01
  0.261995E-01
  0.183898E-01
  0.450701E-02
 -0.813209E-02
 -0.196410E-01
 -0.325905E-01
 -0.449925E-01
 -0.621983E-01
 -0.781891E-01
 -0.939647E-01
 -0.114994E+00
 -0.132772E+00
 -0.155777E+00
 -0.181657E+00
 -0.200159E+00
 -0.217060E+00
 -0.230968E+00
 -0.238105E+00
 -0.243078E+00
 -0.246843E+00
 -0.249495E+00
 -0.253193E+00
 -0.253829E+00
 -0.249666E+00
 -0.242087E+00
 -0.237328E+00
 -0.231399E+00
 -0.221361E+00
 -0.217254E+00
 -0.213597E+00
 -0.207503E+00
 -0.201009E+00
 -0.193090E+00
 -0.186006E+00
 -0.175530E+00
 -0.160884E+00
 -0.145313E+00
 -0.128070E+00
 -0.106293E+00
 -0.815468E-01
 -0.587805E-01
 -0.392181E-01
 -0.222595E-01
 -0.565991E-02
  0.849526E-02
  0.151797E-01
  0.166130E-01
  0.154670E-01
  0.111908E-01
  0.500329E-02
 -0.217767E-02
 -0.976846E-02
 -0.167840E-01
 -0.230093E-01
 -0.290604E-01
 -0.315414E-01
 -0.304022E-01
 -0.289432E-01
 -0.236149E-01
 -0.160385E-01
 -0.686925E-02
  0.429942E-02
  0.143440E-01
  0.251348E-01
  0.363898E-01
  0.445171E-01
  0.493424E-01
  0.536586E-01
  0.555746E-01
  0.555839E-01
  0.563089E-01
  0.575375E-01
  0.616817E-01
  0.694062E-01
  0.799196E-01
  0.924076E-01
  0.106857E+00
  0.125362E+00
  0.147286E+00
  0.169800E+00
  0.192762E+00
  0.214866E+00
  0.234475E+00
  0.249729E+00
  0.262285E+00
  0.277454E+00
  0.289672E+00
  0.296017E+00
  0.299604E+00
  0.303007E+00
  0.304787E+00
  0.301774E+00
  0.299683E+00
  0.294213E+00
  0.283855E+00
  0.275050E+00
  0.261911E+00
  0.245447E+00
  0.229160E+00
  0.212087E+00
  0.196864E+00
  0.182753E+00
  0.171063E+00
  0.162094E+00
  0.153698E+00
  0.147483E+00
  0.143436E+00
  0.138817E+00
  0.130730E+00
  0.121078E+00
  0.110783E+00
  0.985036E-01
  0.815356E-01
  0.611276E-01
  0.425010E-01
  0.232724E-01
  0.521890E-02
 -0.975589E-02
 -0.246281E-01
 -0.385238E-01
 -0.488187E-01
 -0.553200E-01
 -0.607821E-01
 -0.684005E-01
 -0.807402E-01
 -0.910729E-01
 -0.974539E-01
 -0.106442E+00
 -0.116296E+00
 -0.126148E+00
 -0.136841E+00
 -0.147866E+00
 -0.159195E+00
 -0.171516E+00
 -0.181797E+00
 -0.190503E+00
 -0.202413E+00
 -0.211269E+00
 -0.218562E+00
 -0.226063E+00
 -0.230436E+00
 -0.234624E+00
 -0.238933E+00
 -0.247109E+00
 -0.253049E+00
 -0.257679E+00
 -0.269112E+00
 -0.281586E+00
 -0.294475E+00
 -0.306706E+00
 -0.319498E+00
 -0.330951E+00
 -0.341791E+00
 -0.353272E+00
 -0.357808E+00
 -0.360726E+00
 -0.358726E+00
 -0.349510E+00
 -0.336881E+00
 -0.321161E+00
 -0.305602E+00
 -0.288297E+00
 -0.270458E+00
 -0.251041E+00
 -0.229482E+00
 -0.205569E+00
 -0.184692E+00
 -0.171465E+00
 -0.160262E+00
 -0.151295E+00
 -0.139904E+00
 -0.127029E+00
 -0.118109E+00
 -0.110531E+00
 -0.101822E+00
 -0.930436E-01
 -0.878418E-01
 -0.783105E-01
 -0.663537E-01
 -0.564451E-01
 -0.410765E-01
 -0.271420E-01
 -0.117038E-01
  0.976050E-02
  0.288013E-01
  0.441004E-01
  0.552810E-01
  0.669064E-01
  0.818278E-01
  0.943258E-01
  0.102752E+00
  0.109578E+00
  0.114026E+00
  0.117815E+00
  0.121887E+00
  0.122617E+00
  0.121416E+00
  0.118169E+00
  0.111908E+00
  0.106800E+00
  0.102941E+00
  0.100964E+00
  0.101575E+00
  0.103764E+00
  0.108636E+00
  0.114991E+00
  0.124829E+00
  0.135208E+00
  0.145211E+00
  0.157449E+00
  0.170512E+00
  0.185882E+00
  0.202986E+00
  0.221843E+00
  0.237554E+00
  0.249331E+00
  0.258400E+00
  0.265738E+00
  0.270693E+00
  0.266142E+00
  0.254946E+00
  0.241287E+00
  0.224966E+00
  0.202875E+00
  0.179711E+00
  0.159870E+00
  0.143601E+00
  0.132450E+00
  0.125780E+00
  0.127888E+00
  0.132921E+00
  0.140900E+00
  0.153759E+00
  0.168441E+00
  0.187573E+00
  0.204993E+00
  0.221882E+00
  0.239380E+00
  0.251943E+00
  0.262294E+00
  0.269975E+00
  0.271307E+00
  0.267673E+00
  0.260890E+00
  0.251574E+00
  0.241842E+00
  0.231206E+00
  0.221062E+00
  0.214263E+00
  0.207300E+00
  0.202034E+00
  0.198742E+00
  0.193539E+00
  0.192283E+00
  0.190919E+00
  0.185375E+00
  0.178424E+00
  0.168222E+00
  0.154672E+00
  0.134199E+00
  0.111789E+00
  0.923282E-01
  0.712370E-01
  0.480069E-01
  0.245923E-01
  0.540723E-02
 -0.105006E-01
 -0.253542E-01
 -0.356393E-01
 -0.410283E-01
 -0.414993E-01
 -0.392403E-01
 -0.346972E-01
 -0.231408E-01
 -0.984492E-02
  0.256023E-02
  0.164679E-01
  0.297443E-01
  0.420534E-01
  0.524077E-01
  0.640127E-01
  0.750260E-01
  0.828881E-01
  0.907493E-01
  0.935970E-01
  0.921375E-01
  0.884669E-01
  0.842766E-01
  0.802517E-01
  0.712861E-01
  0.604344E-01
  0.433742E-01
  0.217174E-01
 -0.236004E-02
 -0.316107E-01
 -0.578342E-01
 -0.869665E-01
 -0.114297E+00
 -0.136279E+00
 -0.155553E+00
 -0.166052E+00
 -0.174735E+00
 -0.177655E+00
 -0.172076E+00
 -0.157558E+00
 -0.137855E+00
 -0.118542E+00
 -0.940143E-01
 -0.699326E-01
 -0.466711E-01
 -0.231548E-01
 -0.648837E-03
  0.218787E-01
  0.434519E-01
  0.602663E-01
  0.697247E-01
  0.780688E-01
  0.829351E-01
  0.856419E-01
  0.886305E-01
  0.884894E-01
  0.870069E-01
  0.855710E-01
  0.847002E-01
  0.782528E-01
  0.703668E-01
  0.647194E-01
  0.577985E-01
  0.537503E-01
  0.460794E-01
  0.357218E-01
  0.256031E-01
  0.115266E-01
 -0.346572E-02
 -0.216326E-01
 -0.391933E-01
 -0.522066E-01
 -0.658124E-01
 -0.815345E-01
 -0.978191E-01
 -0.110837E+00
 -0.119002E+00
 -0.125664E+00
 -0.133972E+00
 -0.143197E+00
 -0.155016E+00
 -0.166928E+00
 -0.174776E+00
 -0.183374E+00
 -0.186648E+00
 -0.184294E+00
 -0.183704E+00
 -0.178970E+00
 -0.171773E+00
 -0.161814E+00
 -0.146095E+00
 -0.129978E+00
 -0.116261E+00
 -0.103481E+00
 -0.900886E-01
 -0.792790E-01
 -0.693322E-01
 -0.566020E-01
 -0.462840E-01
 -0.406291E-01
 -0.349633E-01
 -0.306401E-01
 -0.267257E-01
 -0.192035E-01
 -0.135603E-01
 -0.105213E-01
 -0.847388E-02
 -0.576705E-02
 -0.513732E-03
  0.166798E-02
  0.158783E-02
  0.103266E-02
 -0.673977E-03
 -0.316183E-02
 -0.696703E-02
 -0.790183E-02
 -0.502394E-02
  0.594789E-03
  0.863945E-02
  0.211042E-01
  0.361083E-01
  0.512301E-01
  0.706711E-01
  0.874049E-01
  0.101350E+00
  0.117486E+00
  0.129730E+00
  0.138993E+00
  0.146289E+00
  0.152850E+00
  0.158944E+00
  0.161371E+00
  0.165153E+00
  0.165033E+00
  0.160246E+00
  0.158459E+00
  0.155880E+00
  0.153543E+00
  0.148739E+00
  0.145319E+00
  0.141690E+00
  0.127044E+00
  0.112590E+00
  0.996451E-01
  0.820664E-01
  0.646472E-01
  0.469510E-01
  0.288253E-01
  0.131741E-01
 -0.365117E-02
 -0.203410E-01
 -0.323899E-01
 -0.419470E-01
 -0.489369E-01
 -0.514787E-01
 -0.478773E-01
 -0.434059E-01
 -0.391693E-01
 -0.299431E-01
 -0.218474E-01
 -0.165747E-01
 -0.111151E-01
 -0.998490E-02
 -0.103612E-01
 -0.697284E-02
 -0.292404E-02
 -0.219426E-02
 -0.129986E-02
  0.357207E-02
  0.437267E-02
  0.326602E-02
  0.536039E-02
  0.594908E-02
  0.521933E-02
  0.254334E-03
 -0.490118E-02
 -0.927783E-02
 -0.183403E-01
 -0.280136E-01
 -0.411441E-01
 -0.579514E-01
 -0.751065E-01
 -0.966685E-01
 -0.119225E+00
 -0.139962E+00
 -0.162990E+00
 -0.186191E+00
 -0.208499E+00
 -0.229639E+00
 -0.247484E+00
 -0.260800E+00
 -0.267470E+00
 -0.272545E+00
 -0.276317E+00
 -0.275092E+00
 -0.272384E+00
 -0.270631E+00
 -0.267569E+00
 -0.262014E+00
 -0.256974E+00
 -0.252280E+00
 -0.243504E+00
 -0.232998E+00
 -0.225798E+00
 -0.218221E+00
 -0.212858E+00
 -0.209409E+00
 -0.202692E+00
 -0.198284E+00
 -0.196274E+00
 -0.197013E+00
 -0.201148E+00
 -0.205272E+00
 -0.207738E+00
 -0.207317E+00
 -0.206618E+00
 -0.206037E+00
 -0.199950E+00
 -0.190326E+00
 -0.182671E+00
 -0.171690E+00
 -0.160152E+00
 -0.150915E+00
 -0.138935E+00
 -0.130967E+00
 -0.124715E+00
 -0.113902E+00
 -0.104145E+00
 -0.928828E-01
 -0.776077E-01
 -0.643264E-01
 -0.519699E-01
 -0.393808E-01
 -0.320380E-01
 -0.250256E-01
 -0.169042E-01
 -0.121506E-01
 -0.920793E-02
 -0.934947E-02
 -0.854968E-02
 -0.878457E-02
 -0.109967E-01
 -0.101731E-01
 -0.104792E-01
 -0.942043E-02
 -0.530122E-02
 -0.104174E-02
  0.319556E-02
  0.764388E-02
  0.147031E-01
  0.193172E-01
  0.221883E-01
  0.283085E-01
  0.334390E-01
  0.410867E-01
  0.533838E-01
  0.654701E-01
  0.754131E-01
  0.853360E-01
  0.945446E-01
  0.102854E+00
  0.115417E+00
  0.130021E+00
  0.144369E+00
  0.160208E+00
  0.177079E+00
  0.192978E+00
  0.206944E+00
  0.220736E+00
  0.233585E+00
  0.244759E+00
  0.254405E+00
  0.257906E+00
  0.254286E+00
  0.245513E+00
  0.234483E+00
  0.222589E+00
  0.207764E+00
  0.192496E+00
  0.172724E+00
  0.152339E+00
  0.135352E+00
  0.113351E+00
  0.956046E-01
  0.802817E-01
  0.598245E-01
  0.404902E-01
  0.188601E-01
 -0.223001E-02
 -0.233175E-01
 -0.412656E-01
 -0.520535E-01
 -0.624307E-01
 -0.699356E-01
 -0.780610E-01
 -0.829326E-01
 -0.834955E-01
 -0.863573E-01
 -0.874759E-01
 -0.899667E-01
 -0.919978E-01
 -0.954898E-01
 -0.101436E+00
 -0.105171E+00
 -0.115748E+00
 -0.129515E+00
 -0.143589E+00
 -0.160316E+00
 -0.174871E+00
 -0.187416E+00
 -0.195340E+00
 -0.201912E+00
 -0.208383E+00
 -0.211210E+00
 -0.211175E+00
 -0.206006E+00
 -0.198158E+00
 -0.188260E+00
 -0.175327E+00
 -0.162487E+00
 -0.148350E+00
 -0.136228E+00
 -0.125810E+00
 -0.112964E+00
 -0.102797E+00
 -0.918094E-01
 -0.797934E-01
 -0.719076E-01
 -0.640560E-01
 -0.566385E-01
 -0.488141E-01
 -0.395187E-01
 -0.334972E-01
 -0.326734E-01
 -0.318031E-01
 -0.301316E-01
 -0.298962E-01
 -0.258478E-01
 -0.265309E-01
 -0.326260E-01
 -0.358272E-01
 -0.423690E-01
 -0.501844E-01
 -0.602816E-01
 -0.718127E-01
 -0.773211E-01
 -0.830157E-01
 -0.899365E-01
 -0.972799E-01
 -0.105046E+00
 -0.105470E+00
 -0.101211E+00
 -0.945255E-01
 -0.861940E-01
 -0.760518E-01
 -0.601392E-01
 -0.453607E-01
 -0.310255E-01
 -0.133264E-01
  0.526416E-02
  0.236722E-01
  0.406861E-01
  0.569047E-01
  0.730267E-01
  0.892172E-01
  0.103718E+00
  0.113813E+00
  0.121722E+00
  0.131749E+00
  0.138244E+00
  0.141210E+00
  0.145799E+00
  0.150860E+00
  0.153618E+00
  0.150717E+00
  0.144159E+00
  0.134763E+00
  0.126810E+00
  0.121308E+00
  0.112980E+00
  0.103924E+00
  0.982008E-01
  0.937968E-01
  0.903370E-01
  0.916663E-01
  0.934391E-01
  0.962085E-01
  0.100516E+00
  0.103334E+00
  0.106104E+00
  0.110602E+00
  0.119384E+00
  0.126936E+00
  0.133705E+00
  0.142030E+00
  0.150474E+00
  0.160407E+00
  0.167959E+00
  0.178127E+00
  0.189015E+00
  0.198570E+00
  0.210473E+00
  0.214640E+00
  0.218008E+00
  0.222091E+00
  0.221178E+00
  0.219115E+00
  0.211787E+00
  0.205277E+00
  0.195442E+00
  0.183784E+00
  0.176219E+00
  0.159918E+00
  0.143328E+00
  0.129868E+00
  0.111775E+00
  0.951824E-01
  0.789310E-01
  0.626655E-01
  0.503038E-01
  0.337866E-01
  0.140286E-01
 -0.150996E-02
 -0.188043E-01
 -0.375551E-01
 -0.556593E-01
 -0.722780E-01
 -0.856320E-01
 -0.996807E-01
 -0.112555E+00
 -0.124240E+00
 -0.134122E+00
 -0.138366E+00
 -0.141692E+00
 -0.144008E+00
 -0.144302E+00
 -0.144428E+00
 -0.143279E+00
 -0.143921E+00
 -0.141955E+00
 -0.136956E+00
 -0.134595E+00
 -0.131878E+00
 -0.128506E+00
 -0.124560E+00
 -0.123936E+00
 -0.125956E+00
 -0.128387E+00
 -0.137599E+00
 -0.146135E+00
 -0.152735E+00
 -0.163376E+00
 -0.175334E+00
 -0.187521E+00
 -0.200321E+00
 -0.216499E+00
 -0.230221E+00
 -0.241120E+00
 -0.251770E+00
 -0.258312E+00
 -0.265750E+00
 -0.270278E+00
 -0.268739E+00
 -0.266677E+00
 -0.263053E+00
 -0.258687E+00
 -0.253324E+00
 -0.244426E+00
 -0.233670E+00
 -0.222139E+00
 -0.210063E+00
 -0.195074E+00
 -0.178596E+00
 -0.163933E+00
 -0.146543E+00
 -0.127593E+00
 -0.109473E+00
 -0.903829E-01
 -0.717425E-01
 -0.519756E-01
 -0.319433E-01
 -0.136351E-01
  0.303094E-02
  0.192944E-01
  0.329905E-01
  0.426654E-01
  0.535372E-01
  0.634240E-01
  0.726737E-01
  0.847457E-01
  0.968452E-01
  0.106329E+00
  0.114520E+00
  0.121864E+00
  0.127535E+00
  0.131395E+00
  0.133231E+00
  0.136291E+00
  0.135702E+00
  0.131255E+00
  0.126500E+00
  0.117699E+00
  0.111178E+00
  0.104635E+00
  0.968925E-01
  0.960916E-01
  0.935505E-01
  0.901608E-01
  0.914739E-01
  0.910292E-01
  0.916764E-01
  0.950957E-01
  0.974428E-01
  0.982899E-01
  0.991509E-01
  0.984498E-01
  0.954426E-01
  0.935520E-01
  0.934650E-01
  0.927381E-01
  0.883245E-01
  0.837990E-01
  0.789926E-01
  0.731416E-01
  0.707693E-01
  0.663373E-01
  0.616069E-01
  0.562167E-01
  0.451241E-01
  0.348945E-01
  0.223507E-01
  0.989699E-02
 -0.490733E-03
 -0.134591E-01
 -0.253031E-01
 -0.407350E-01
 -0.552245E-01
 -0.672318E-01
 -0.817275E-01
 -0.905453E-01
 -0.979601E-01
 -0.105312E+00
 -0.109408E+00
 -0.114461E+00
 -0.115057E+00
 -0.115000E+00
 -0.117655E+00
 -0.114550E+00
 -0.108056E+00
 -0.100762E+00
 -0.927133E-01
 -0.844136E-01
 -0.755181E-01
 -0.670828E-01
 -0.594064E-01
 -0.535025E-01
 -0.471726E-01
 -0.405107E-01
 -0.370746E-01
 -0.340157E-01
 -0.282720E-01
 -0.234240E-01
 -0.185517E-01
 -0.140566E-01
 -0.138679E-01
 -0.125264E-01
 -0.102439E-01
 -0.106203E-01
 -0.869003E-02
 -0.610157E-02
 -0.803152E-02
 -0.140791E-01
 -0.218943E-01
 -0.283430E-01
 -0.358731E-01
 -0.426763E-01
 -0.464650E-01
 -0.502077E-01
 -0.539972E-01
 -0.606096E-01
 -0.649882E-01
 -0.683060E-01
 -0.748263E-01
 -0.809928E-01
 -0.887350E-01
 -0.953732E-01
 -0.996325E-01
 -0.102316E+00
 -0.104717E+00
 -0.108670E+00
 -0.109824E+00
 -0.103847E+00
 -0.955141E-01
 -0.883828E-01
 -0.763111E-01
 -0.583269E-01
 -0.375480E-01
 -0.155152E-01
  0.755019E-02
  0.330356E-01
  0.570932E-01
  0.796136E-01
  0.106072E+00
  0.128101E+00
  0.147350E+00
  0.169171E+00
  0.187385E+00
  0.205723E+00
  0.220974E+00
  0.234504E+00
  0.249146E+00
  0.259272E+00
  0.268747E+00
  0.277443E+00
  0.283079E+00
  0.286099E+00
  0.284926E+00
  0.280390E+00
  0.274590E+00
  0.269117E+00
  0.261747E+00
  0.250628E+00
  0.239710E+00
  0.227716E+00
  0.213735E+00
  0.199007E+00
  0.182471E+00
  0.168777E+00
  0.157586E+00
  0.143470E+00
  0.131806E+00
  0.123675E+00
  0.112471E+00
  0.100671E+00
  0.877768E-01
  0.774824E-01
  0.731866E-01
  0.673170E-01
  0.626569E-01
  0.594614E-01
  0.597712E-01
  0.645542E-01
  0.647920E-01
  0.626211E-01
  0.603574E-01
  0.614328E-01
  0.648969E-01
  0.670978E-01
  0.723276E-01
  0.772603E-01
  0.791882E-01
  0.784424E-01
  0.792047E-01
  0.800306E-01
  0.768373E-01
  0.783928E-01
  0.800288E-01
  0.762695E-01
  0.697735E-01
  0.593982E-01
  0.548073E-01
  0.535393E-01
  0.480758E-01
  0.443290E-01
  0.392392E-01
  0.345734E-01
  0.337686E-01
  0.321162E-01
  0.311561E-01
  0.301255E-01
  0.310572E-01
  0.334154E-01
  0.320103E-01
  0.316267E-01
  0.332435E-01
  0.358822E-01
  0.395438E-01
  0.421426E-01
  0.444280E-01
  0.448800E-01
  0.442020E-01
  0.439291E-01
  0.443455E-01
  0.446703E-01
  0.443785E-01
  0.467581E-01
  0.447160E-01
  0.381201E-01
  0.352607E-01
  0.304698E-01
  0.240951E-01
  0.190192E-01
  0.124517E-01
  0.538391E-02
  0.296074E-03
 -0.534378E-02
 -0.160272E-01
 -0.290729E-01
 -0.417116E-01
 -0.536026E-01
 -0.639766E-01
 -0.730576E-01
 -0.821721E-01
 -0.880301E-01
 -0.908892E-01
 -0.957169E-01
 -0.100202E+00
 -0.103058E+00
 -0.103902E+00
 -0.104439E+00
 -0.104154E+00
 -0.100025E+00
 -0.951212E-01
 -0.919392E-01
 -0.888048E-01
 -0.838404E-01
 -0.798703E-01
 -0.725382E-01
 -0.621213E-01
 -0.524567E-01
 -0.395314E-01
 -0.295014E-01
 -0.236966E-01
 -0.183846E-01
 -0.134171E-01
 -0.499254E-02
  0.444407E-02
  0.137798E-01
  0.242932E-01
  0.278778E-01
  0.292239E-01
  0.321751E-01
  0.300591E-01
  0.314692E-01
  0.323993E-01
  0.310148E-01
  0.319515E-01
  0.288140E-01
  0.265689E-01
  0.236748E-01
  0.220124E-01
  0.235328E-01
  0.225442E-01
  0.241448E-01
  0.288159E-01
  0.360894E-01
  0.440152E-01
  0.476147E-01
  0.496647E-01
  0.539546E-01
  0.576905E-01
  0.585778E-01
  0.623154E-01
  0.637343E-01
  0.595126E-01
  0.591732E-01
  0.557898E-01
  0.504672E-01
  0.496411E-01
  0.486974E-01
  0.480783E-01
  0.443864E-01
  0.390781E-01
  0.347004E-01
  0.317703E-01
  0.260460E-01
  0.147434E-01
  0.383518E-02
 -0.636534E-02
 -0.169125E-01
 -0.305628E-01
 -0.470048E-01
 -0.617031E-01
 -0.742853E-01
 -0.878303E-01
 -0.101768E+00
 -0.115262E+00
 -0.126100E+00
 -0.137138E+00
 -0.151086E+00
 -0.160144E+00
 -0.170194E+00
 -0.179728E+00
 -0.186465E+00
 -0.193899E+00
 -0.199044E+00
 -0.208329E+00
 -0.213288E+00
 -0.215363E+00
 -0.219952E+00
 -0.219203E+00
 -0.217469E+00
 -0.214839E+00
 -0.213356E+00
 -0.212222E+00
 -0.208856E+00
 -0.207039E+00
 -0.203697E+00
 -0.198058E+00
 -0.194387E+00
 -0.194874E+00
 -0.195716E+00
 -0.195354E+00
 -0.194692E+00
 -0.193753E+00
 -0.193855E+00
 -0.190245E+00
 -0.183685E+00
 -0.177450E+00
 -0.170724E+00
 -0.166265E+00
 -0.161303E+00
 -0.155284E+00
 -0.151464E+00
 -0.149647E+00
 -0.148282E+00
 -0.147058E+00
 -0.146658E+00
 -0.145528E+00
 -0.144752E+00
 -0.143739E+00
 -0.142045E+00
 -0.140750E+00
 -0.137267E+00
 -0.132725E+00
 -0.128959E+00
 -0.123005E+00
 -0.114790E+00
 -0.109706E+00
 -0.105400E+00
 -0.983855E-01
 -0.918904E-01
 -0.869473E-01
 -0.838876E-01
 -0.812283E-01
 -0.801689E-01
 -0.836989E-01
 -0.872770E-01
 -0.886653E-01
 -0.932773E-01
 -0.985037E-01
 -0.104716E+00
 -0.112766E+00
 -0.117191E+00
 -0.123615E+00
 -0.129100E+00
 -0.132583E+00
 -0.138821E+00
 -0.143081E+00
 -0.144940E+00
 -0.142233E+00
 -0.136514E+00
 -0.132113E+00
 -0.123216E+00
 -0.110343E+00
 -0.966437E-01
 -0.831361E-01
 -0.703303E-01
 -0.531494E-01
 -0.355235E-01
 -0.200808E-01
 -0.612607E-02
  0.458401E-02
  0.145162E-01
  0.242117E-01
  0.309211E-01
  0.363569E-01
  0.425708E-01
  0.497023E-01
  0.591392E-01
  0.647887E-01
  0.722950E-01
  0.820643E-01
  0.893840E-01
  0.101292E+00
  0.111296E+00
  0.120920E+00
  0.132784E+00
  0.142622E+00
  0.150483E+00
  0.157191E+00
  0.164204E+00
  0.166841E+00
  0.167382E+00
  0.168276E+00
  0.165311E+00
  0.161404E+00
  0.158179E+00
  0.148671E+00
  0.137280E+00
  0.125064E+00
  0.107791E+00
  0.932669E-01
  0.748143E-01
  0.559172E-01
  0.414407E-01
  0.240034E-01
  0.922017E-02
 -0.687877E-02
 -0.215868E-01
 -0.326737E-01
 -0.484638E-01
 -0.608699E-01
 -0.672716E-01
 -0.749898E-01
 -0.811811E-01
 -0.824521E-01
 -0.810633E-01
 -0.787801E-01
 -0.780741E-01
 -0.783333E-01
 -0.754858E-01
 -0.724256E-01
 -0.719785E-01
 -0.693900E-01
 -0.637405E-01
 -0.568930E-01
 -0.530324E-01
 -0.502310E-01
 -0.442067E-01
 -0.378747E-01
 -0.269327E-01
 -0.133971E-01
 -0.923123E-03
  0.134789E-01
  0.264259E-01
  0.397208E-01
  0.540569E-01
  0.658718E-01
  0.798494E-01
  0.918789E-01
  0.995741E-01
  0.106565E+00
  0.109178E+00
  0.111248E+00
  0.110872E+00
  0.108895E+00
  0.108589E+00
  0.104141E+00
  0.985164E-01
  0.922785E-01
  0.856657E-01
  0.819700E-01
  0.807697E-01
  0.796637E-01
  0.777335E-01
  0.809102E-01
  0.886311E-01
  0.931025E-01
  0.958322E-01
  0.104800E+00
  0.113625E+00
  0.113061E+00
  0.112826E+00
  0.115109E+00
  0.112590E+00
  0.108519E+00
  0.106612E+00
  0.104673E+00
  0.993971E-01
  0.933991E-01
  0.893419E-01
  0.844268E-01
  0.794916E-01
  0.743571E-01
  0.676530E-01
  0.619202E-01
  0.571135E-01
  0.543766E-01
  0.497436E-01
  0.438677E-01
  0.431285E-01
  0.417470E-01
  0.429218E-01
  0.494003E-01
  0.543131E-01
  0.619301E-01
  0.723795E-01
  0.829447E-01
  0.933509E-01
  0.100505E+00
  0.108449E+00
  0.118806E+00
  0.128684E+00
  0.135782E+00
  0.140036E+00
  0.143309E+00
  0.143997E+00
  0.142942E+00
  0.144163E+00
  0.146447E+00
  0.144522E+00
  0.141499E+00
  0.141177E+00
  0.141050E+00
  0.139336E+00
  0.138075E+00
  0.139659E+00
  0.141923E+00
  0.145102E+00
  0.148439E+00
  0.152071E+00
  0.156347E+00
  0.160175E+00
  0.164561E+00
  0.169531E+00
  0.175176E+00
  0.177691E+00
  0.180576E+00
  0.184337E+00
  0.187289E+00
  0.190939E+00
  0.192332E+00
  0.196141E+00
  0.198821E+00
  0.200142E+00
  0.202843E+00
  0.202210E+00
  0.200923E+00
  0.197796E+00
  0.195394E+00
  0.194651E+00
  0.190355E+00
  0.183633E+00
  0.176854E+00
  0.169173E+00
  0.157117E+00
  0.142848E+00
  0.128752E+00
  0.113021E+00
  0.949144E-01
  0.768885E-01
  0.593513E-01
  0.392516E-01
  0.212726E-01
  0.594834E-02
 -0.925345E-02
 -0.220825E-01
 -0.343683E-01
 -0.463465E-01
 -0.575748E-01
 -0.670821E-01
 -0.744499E-01
 -0.840409E-01
 -0.924353E-01
 -0.981341E-01
 -0.108201E+00
 -0.118043E+00
 -0.124831E+00
 -0.133133E+00
 -0.140071E+00
 -0.143466E+00
 -0.147548E+00
 -0.153236E+00
 -0.156679E+00
 -0.158843E+00
 -0.159921E+00
 -0.161862E+00
 -0.164945E+00
 -0.165625E+00
 -0.167782E+00
 -0.167556E+00
 -0.164620E+00
 -0.163067E+00
 -0.158843E+00
 -0.157339E+00
 -0.156428E+00
 -0.149049E+00
 -0.139853E+00
 -0.130859E+00
 -0.123014E+00
 -0.114403E+00
 -0.104331E+00
 -0.940124E-01
 -0.820595E-01
 -0.744190E-01
 -0.720371E-01
 -0.685818E-01
 -0.646596E-01
 -0.619689E-01
 -0.597475E-01
 -0.597546E-01
 -0.597879E-01
 -0.561040E-01
 -0.536063E-01
 -0.526267E-01
 -0.503466E-01
 -0.493277E-01
 -0.447991E-01
 -0.388477E-01
 -0.391798E-01
 -0.357044E-01
 -0.307600E-01
 -0.313531E-01
 -0.284637E-01
 -0.246006E-01
 -0.238593E-01
 -0.245701E-01
 -0.244240E-01
 -0.255345E-01
 -0.295080E-01
 -0.304565E-01
 -0.324830E-01
 -0.375667E-01
 -0.398731E-01
 -0.410052E-01
 -0.436126E-01
 -0.468963E-01
 -0.499630E-01
 -0.524268E-01
 -0.545690E-01
 -0.539880E-01
 -0.511255E-01
 -0.511021E-01
 -0.515118E-01
 -0.481082E-01
 -0.470371E-01
 -0.462723E-01
 -0.414851E-01
 -0.386587E-01
 -0.364038E-01
 -0.343563E-01
 -0.303267E-01
 -0.293221E-01
 -0.326616E-01
 -0.316166E-01
 -0.322493E-01
 -0.332477E-01
 -0.348860E-01
 -0.396395E-01
 -0.450841E-01
 -0.488284E-01
 -0.531664E-01
 -0.604955E-01
 -0.624914E-01
 -0.658994E-01
 -0.718605E-01
 -0.748828E-01
 -0.763184E-01
 -0.753254E-01
 -0.736000E-01
 -0.690915E-01
 -0.671396E-01
 -0.627614E-01
 -0.531106E-01
 -0.496075E-01
 -0.434262E-01
 -0.340455E-01
 -0.269845E-01
 -0.196447E-01
 -0.150708E-01
 -0.757621E-02
 -0.110465E-02
  0.154561E-02
  0.952976E-02
  0.170369E-01
  0.228492E-01
  0.297793E-01
  0.330765E-01
  0.343402E-01
  0.370754E-01
  0.383534E-01
  0.396031E-01
  0.434584E-01
  0.431598E-01
  0.417966E-01
  0.422063E-01
  0.420461E-01
  0.421519E-01
  0.441991E-01
  0.508228E-01
  0.563062E-01
  0.624426E-01
  0.710967E-01
  0.785282E-01
  0.860773E-01
  0.940407E-01
  0.101418E+00
  0.107114E+00
  0.112030E+00
  0.113329E+00
  0.110903E+00
  0.109688E+00
  0.107843E+00
  0.101553E+00
  0.941262E-01
  0.866571E-01
  0.752901E-01
  0.640072E-01
  0.527731E-01
  0.400358E-01
  0.314320E-01
  0.237442E-01
  0.151984E-01
  0.758574E-02
 -0.568344E-03
 -0.905645E-02
 -0.162338E-01
 -0.194322E-01
 -0.232464E-01
 -0.292020E-01
 -0.324332E-01
 -0.349918E-01
 -0.389671E-01
 -0.397134E-01
 -0.384444E-01
 -0.396092E-01
 -0.412594E-01
 -0.438343E-01
 -0.454606E-01
 -0.476236E-01
 -0.527513E-01
 -0.547995E-01
 -0.584361E-01
 -0.657901E-01
 -0.732214E-01
 -0.839802E-01
 -0.889524E-01
 -0.917724E-01
 -0.100301E+00
 -0.105030E+00
 -0.110393E+00
 -0.116636E+00
 -0.120908E+00
 -0.123880E+00
 -0.124814E+00
 -0.126906E+00
 -0.127928E+00
 -0.130701E+00
 -0.135445E+00
 -0.138828E+00
 -0.141336E+00
 -0.142254E+00
 -0.141565E+00
 -0.142838E+00
 -0.144956E+00
 -0.145446E+00
 -0.148334E+00
 -0.149517E+00
 -0.149155E+00
 -0.149703E+00
 -0.148141E+00
 -0.147501E+00
 -0.148046E+00
 -0.146023E+00
 -0.141174E+00
 -0.138420E+00
 -0.135973E+00
 -0.129947E+00
 -0.124394E+00
 -0.122322E+00
 -0.118555E+00
 -0.113425E+00
 -0.113919E+00
 -0.111706E+00
 -0.105399E+00
 -0.101209E+00
 -0.936059E-01
 -0.861709E-01
 -0.824750E-01
 -0.750598E-01
 -0.640683E-01
 -0.524178E-01
 -0.392652E-01
 -0.245977E-01
 -0.793387E-02
  0.865840E-02
  0.264290E-01
  0.469930E-01
  0.685351E-01
  0.901882E-01
  0.109604E+00
  0.128645E+00
  0.148857E+00
  0.164960E+00
  0.176375E+00
  0.190191E+00
  0.204335E+00
  0.212782E+00
  0.219916E+00
  0.225587E+00
  0.227740E+00
  0.228921E+00
  0.225797E+00
  0.221797E+00
  0.222287E+00
  0.219689E+00
  0.215056E+00
  0.210764E+00
  0.201978E+00
  0.195841E+00
  0.191493E+00
  0.184378E+00
  0.176901E+00
  0.166923E+00
  0.157731E+00
  0.150611E+00
  0.142293E+00
  0.131750E+00
  0.120718E+00
  0.112358E+00
  0.103433E+00
  0.919307E-01
  0.816204E-01
  0.706492E-01
  0.607818E-01
  0.562166E-01
  0.498464E-01
  0.427644E-01
  0.381734E-01
  0.330992E-01
  0.295928E-01
  0.269660E-01
  0.268180E-01
  0.273570E-01
  0.247724E-01
  0.254753E-01
  0.248430E-01
  0.183192E-01
  0.122303E-01
  0.316377E-02
 -0.666559E-02
 -0.153609E-01
 -0.264684E-01
 -0.357925E-01
 -0.449542E-01
 -0.538829E-01
 -0.638657E-01
 -0.729405E-01
 -0.779787E-01
 -0.848848E-01
 -0.895787E-01
 -0.911771E-01
 -0.923300E-01
 -0.943077E-01
 -0.958672E-01
 -0.949423E-01
 -0.946742E-01
 -0.926082E-01
 -0.909298E-01
 -0.911271E-01
 -0.907459E-01
 -0.910332E-01
 -0.932286E-01
 -0.972332E-01
 -0.966290E-01
 -0.963296E-01
 -0.102205E+00
 -0.105261E+00
 -0.106196E+00
 -0.106816E+00
 -0.106899E+00
 -0.108038E+00
 -0.108106E+00
 -0.106661E+00
 -0.105576E+00
 -0.106445E+00
 -0.103685E+00
 -0.968285E-01
 -0.924002E-01
 -0.876991E-01
 -0.799438E-01
 -0.747200E-01
 -0.722401E-01
 -0.694643E-01
 -0.636215E-01
 -0.592597E-01
 -0.582306E-01
 -0.552354E-01
 -0.571359E-01
 -0.577686E-01
 -0.548701E-01
 -0.565229E-01
 -0.561063E-01
 -0.547384E-01
 -0.540885E-01
 -0.512403E-01
 -0.461112E-01
 -0.442057E-01
 -0.430047E-01
 -0.351898E-01
 -0.292604E-01
 -0.218916E-01
 -0.119393E-01
 -0.459374E-02
  0.936646E-03
  0.672725E-02
  0.166833E-01
  0.236949E-01
  0.322414E-01
  0.429486E-01
  0.500567E-01
  0.568584E-01
  0.607052E-01
  0.659791E-01
  0.747507E-01
  0.831649E-01
  0.902747E-01
  0.946414E-01
  0.970757E-01
  0.986149E-01
  0.101746E+00
  0.105210E+00
  0.103384E+00
  0.100971E+00
  0.998545E-01
  0.975647E-01
  0.953685E-01
  0.906886E-01
  0.871455E-01
  0.841815E-01
  0.796299E-01
  0.757040E-01
  0.709583E-01
  0.685429E-01
  0.674172E-01
  0.664954E-01
  0.683221E-01
  0.696396E-01
  0.712006E-01
  0.746886E-01
  0.772513E-01
  0.820563E-01
  0.891455E-01
  0.963191E-01
  0.104554E+00
  0.111238E+00
  0.117089E+00
  0.120249E+00
  0.122102E+00
  0.125823E+00
  0.126820E+00
  0.125266E+00
  0.121193E+00
  0.116786E+00
  0.110863E+00
  0.100039E+00
  0.878541E-01
  0.758258E-01
  0.636128E-01
  0.466967E-01
  0.272926E-01
  0.103812E-01
 -0.837188E-02
 -0.287790E-01
 -0.456055E-01
 -0.620120E-01
 -0.793714E-01
 -0.943053E-01
 -0.108992E+00
 -0.123699E+00
 -0.138181E+00
 -0.149714E+00
 -0.161397E+00
 -0.174891E+00
 -0.182370E+00
 -0.187186E+00
 -0.192846E+00
 -0.197363E+00
 -0.200367E+00
 -0.202361E+00
 -0.204229E+00
 -0.205604E+00
 -0.204571E+00
 -0.201049E+00
 -0.195915E+00
 -0.190293E+00
 -0.186932E+00
 -0.182236E+00
 -0.175820E+00
 -0.169239E+00
 -0.159304E+00
 -0.149292E+00
 -0.135975E+00
 -0.119189E+00
 -0.107611E+00
 -0.943576E-01
 -0.781658E-01
 -0.628016E-01
 -0.446732E-01
 -0.281285E-01
 -0.121468E-01
  0.303292E-02
  0.143265E-01
  0.256507E-01
  0.385958E-01
  0.498215E-01
  0.553278E-01
  0.614455E-01
  0.655183E-01
  0.645065E-01
  0.652363E-01
  0.641290E-01
  0.611175E-01
  0.558201E-01
  0.485008E-01
  0.408277E-01
  0.346858E-01
  0.280034E-01
  0.184849E-01
  0.134758E-01
  0.796672E-02
  0.155187E-02
 -0.442689E-02
 -0.107011E-01
 -0.155170E-01
 -0.211794E-01
 -0.234377E-01
 -0.261297E-01
 -0.299437E-01
 -0.321563E-01
 -0.326729E-01
 -0.310256E-01
 -0.319434E-01
 -0.330264E-01
 -0.347925E-01
 -0.377103E-01
 -0.385339E-01
 -0.412164E-01
 -0.456188E-01
 -0.483723E-01
 -0.495253E-01
 -0.533627E-01
 -0.603039E-01
 -0.630346E-01
 -0.671318E-01
 -0.742387E-01
 -0.752494E-01
 -0.767556E-01
 -0.783562E-01
 -0.772034E-01
 -0.778862E-01
 -0.754843E-01
 -0.725432E-01
 -0.692470E-01
 -0.630809E-01
 -0.557370E-01
 -0.446508E-01
 -0.381103E-01
 -0.341784E-01
 -0.270237E-01
 -0.196565E-01
 -0.868768E-02
  0.182297E-03
  0.689215E-02
  0.126100E-01
  0.171298E-01
  0.256034E-01
  0.307088E-01
  0.331102E-01
  0.379116E-01
  0.429720E-01
  0.452539E-01
  0.484070E-01
  0.553992E-01
  0.609768E-01
  0.673794E-01
  0.719202E-01
  0.749558E-01
  0.813829E-01
  0.907745E-01
  0.100659E+00
  0.108026E+00
  0.116873E+00
  0.123441E+00
  0.123558E+00
  0.125442E+00
  0.132136E+00
  0.135674E+00
  0.137200E+00
  0.138729E+00
  0.139499E+00
  0.141935E+00
  0.141448E+00
  0.141488E+00
  0.142252E+00
  0.143741E+00
  0.146849E+00
  0.147071E+00
  0.147417E+00
  0.149248E+00
  0.150803E+00
  0.147681E+00
  0.143750E+00
  0.138480E+00
  0.130097E+00
  0.125916E+00
  0.122408E+00
  0.116510E+00
  0.105482E+00
  0.913469E-01
  0.795297E-01
  0.678322E-01
  0.571054E-01
  0.457270E-01
  0.334346E-01
  0.229567E-01
  0.933264E-02
 -0.403146E-02
 -0.152522E-01
 -0.259884E-01
 -0.324107E-01
 -0.381751E-01
 -0.415960E-01
 -0.500343E-01
 -0.594671E-01
 -0.619009E-01
 -0.711104E-01
 -0.760556E-01
 -0.768540E-01
 -0.826881E-01
 -0.866585E-01
 -0.936451E-01
 -0.100699E+00
 -0.105980E+00
 -0.111070E+00
 -0.113783E+00
 -0.118932E+00
 -0.123004E+00
 -0.124904E+00
 -0.130471E+00
 -0.134412E+00
 -0.137770E+00
 -0.144207E+00
 -0.149062E+00
 -0.153668E+00
 -0.155455E+00
 -0.156685E+00
 -0.161271E+00
 -0.161972E+00
 -0.162529E+00
 -0.162796E+00
 -0.161403E+00
 -0.160897E+00
 -0.157060E+00
 -0.153271E+00
 -0.150847E+00
 -0.146610E+00
 -0.140304E+00
 -0.133194E+00
 -0.123637E+00
 -0.118486E+00
 -0.119827E+00
 -0.114580E+00
 -0.104409E+00
 -0.971137E-01
 -0.944317E-01
 -0.909707E-01
 -0.845943E-01
 -0.792030E-01
 -0.752730E-01
 -0.704476E-01
 -0.651759E-01
 -0.611288E-01
 -0.540893E-01
 -0.491250E-01
 -0.455228E-01
 -0.402514E-01
 -0.374516E-01
 -0.314478E-01
 -0.261067E-01
 -0.213510E-01
 -0.174695E-01
 -0.178693E-01
 -0.118654E-01
 -0.932707E-02
 -0.100781E-01
 -0.631277E-02
 -0.527752E-02
 -0.686372E-03
  0.981885E-03
  0.206965E-03
  0.338389E-02
  0.357205E-02
  0.510259E-02
  0.458291E-02
 -0.146612E-02
 -0.287631E-02
 -0.523463E-03
 -0.344297E-02
 -0.619532E-02
 -0.742022E-02
 -0.109030E-01
 -0.117499E-01
 -0.128334E-01
 -0.168585E-01
 -0.197997E-01
 -0.192337E-01
 -0.218459E-01
 -0.277787E-01
 -0.287427E-01
 -0.286492E-01
 -0.305319E-01
 -0.304851E-01
 -0.239633E-01
 -0.190697E-01
 -0.209531E-01
 -0.161727E-01
 -0.946696E-02
 -0.791324E-02
 -0.626575E-02
 -0.289961E-02
  0.387912E-02
  0.931450E-02
  0.107743E-01
  0.849012E-02
  0.898595E-02
  0.140929E-01
  0.127049E-01
  0.103742E-01
  0.108206E-01
  0.469980E-02
 -0.900267E-03
 -0.468859E-02
 -0.118689E-01
 -0.187645E-01
 -0.262496E-01
 -0.290487E-01
 -0.315662E-01
 -0.359923E-01
 -0.385112E-01
 -0.423943E-01
 -0.442768E-01
 -0.460415E-01
 -0.481833E-01
 -0.483955E-01
 -0.474539E-01
 -0.478075E-01
 -0.462073E-01
 -0.454070E-01
 -0.491962E-01
 -0.486533E-01
 -0.455712E-01
 -0.459712E-01
 -0.487019E-01
 -0.515968E-01
 -0.539032E-01
 -0.533375E-01
 -0.544907E-01
 -0.581629E-01
 -0.615527E-01
 -0.647299E-01
 -0.649409E-01
 -0.665881E-01
 -0.682597E-01
 -0.716740E-01
 -0.764268E-01
 -0.774860E-01
 -0.804037E-01
 -0.853477E-01
 -0.916798E-01
 -0.964792E-01
 -0.995163E-01
 -0.105564E+00
 -0.111943E+00
 -0.117615E+00
 -0.120769E+00
 -0.120227E+00
 -0.122180E+00
 -0.125429E+00
 -0.124816E+00
 -0.123475E+00
 -0.120673E+00
 -0.117426E+00
 -0.115425E+00
 -0.110929E+00
 -0.105987E+00
 -0.100126E+00
 -0.933027E-01
 -0.880763E-01
 -0.824507E-01
 -0.763788E-01
 -0.716485E-01
 -0.661657E-01
 -0.595737E-01
 -0.534312E-01
 -0.504669E-01
 -0.473349E-01
 -0.396173E-01
 -0.352626E-01
 -0.329319E-01
 -0.316852E-01
 -0.300834E-01
 -0.238952E-01
 -0.214001E-01
 -0.187153E-01
 -0.152569E-01
 -0.120782E-01
 -0.379598E-02
  0.260725E-02
  0.625581E-02
  0.120698E-01
  0.214142E-01
  0.299784E-01
  0.381010E-01
  0.461257E-01
  0.514452E-01
  0.586479E-01
  0.626942E-01
  0.670499E-01
  0.727441E-01
  0.754515E-01
  0.809593E-01
  0.822999E-01
  0.839721E-01
  0.887726E-01
  0.923030E-01
  0.983991E-01
  0.100188E+00
  0.102966E+00
  0.109037E+00
  0.111037E+00
  0.114592E+00
  0.119368E+00
  0.126054E+00
  0.133373E+00
  0.136221E+00
  0.139634E+00
  0.143752E+00
  0.148178E+00
  0.150648E+00
  0.153380E+00
  0.159004E+00
  0.160227E+00
  0.164183E+00
  0.170136E+00
  0.173525E+00
  0.176255E+00
  0.177267E+00
  0.179574E+00
  0.182045E+00
  0.186754E+00
  0.189388E+00
  0.187952E+00
  0.188800E+00
  0.191177E+00
  0.191788E+00
  0.189576E+00
  0.187294E+00
  0.183126E+00
  0.177054E+00
  0.170840E+00
  0.162344E+00
  0.153144E+00
  0.145304E+00
  0.134241E+00
  0.122615E+00
  0.115413E+00
  0.105084E+00
  0.924651E-01
  0.794489E-01
  0.651160E-01
  0.550438E-01
  0.455756E-01
  0.348869E-01
  0.241990E-01
  0.122263E-01
  0.122108E-02
 -0.923271E-02
 -0.189606E-01
 -0.255216E-01
 -0.314038E-01
 -0.382338E-01
 -0.432407E-01
 -0.498801E-01
 -0.547501E-01
 -0.551738E-01
 -0.571043E-01
 -0.565629E-01
 -0.549622E-01
 -0.551031E-01
 -0.536434E-01
 -0.527968E-01
 -0.504437E-01
 -0.454289E-01
 -0.426996E-01
 -0.370022E-01
 -0.294484E-01
 -0.248837E-01
 -0.171376E-01
 -0.108552E-01
 -0.680629E-02
  0.899101E-04
  0.587788E-02
  0.105159E-01
  0.174832E-01
  0.246612E-01
  0.283791E-01
  0.310612E-01
  0.348988E-01
  0.367576E-01
  0.375818E-01
  0.404534E-01
  0.424532E-01
  0.444779E-01
  0.453713E-01
  0.452544E-01
  0.461954E-01
  0.463601E-01
  0.464544E-01
  0.463368E-01
  0.480319E-01
  0.496315E-01
  0.518435E-01
  0.535243E-01
  0.538331E-01
  0.575878E-01
  0.616544E-01
  0.653979E-01
  0.664947E-01
  0.655373E-01
  0.668579E-01
  0.685124E-01
  0.665782E-01
  0.631411E-01
  0.625979E-01
  0.628116E-01
  0.655147E-01
  0.670440E-01
  0.673360E-01
  0.710949E-01
  0.726920E-01
  0.757838E-01
  0.832448E-01
  0.897403E-01
  0.954619E-01
  0.101188E+00
  0.105806E+00
  0.111241E+00
  0.116679E+00
  0.117716E+00
  0.118369E+00
  0.119679E+00
  0.117371E+00
  0.113971E+00
  0.110226E+00
  0.104276E+00
  0.952306E-01
  0.873792E-01
  0.818065E-01
  0.726100E-01
  0.643314E-01
  0.576865E-01
  0.474325E-01
  0.382038E-01
  0.319551E-01
  0.271048E-01
  0.206243E-01
  0.148223E-01
  0.102830E-01
 -0.985242E-03
 -0.104843E-01
 -0.156418E-01
 -0.234604E-01
 -0.294097E-01
 -0.351886E-01
 -0.437793E-01
 -0.536648E-01
 -0.641397E-01
 -0.742986E-01
 -0.849888E-01
 -0.967993E-01
 -0.109511E+00
 -0.120372E+00
 -0.131835E+00
 -0.144480E+00
 -0.152769E+00
 -0.161653E+00
 -0.168087E+00
 -0.171734E+00
 -0.176422E+00
 -0.176795E+00
 -0.177187E+00
 -0.173963E+00
 -0.166931E+00
 -0.160124E+00
 -0.149932E+00
 -0.140469E+00
 -0.129462E+00
 -0.119172E+00
 -0.111569E+00
 -0.100158E+00
 -0.893840E-01
 -0.809704E-01
 -0.729892E-01
 -0.647983E-01
 -0.586800E-01
 -0.527008E-01
 -0.469131E-01
 -0.467956E-01
 -0.428862E-01
 -0.393346E-01
 -0.412169E-01
 -0.407701E-01
 -0.415706E-01
 -0.422285E-01
 -0.417585E-01
 -0.440184E-01
 -0.486537E-01
 -0.515494E-01
 -0.551514E-01
 -0.613411E-01
 -0.635289E-01
 -0.680232E-01
 -0.739794E-01
 -0.772747E-01
 -0.824764E-01
 -0.845935E-01
 -0.852053E-01
 -0.854169E-01
 -0.878430E-01
 -0.905717E-01
 -0.880058E-01
 -0.920531E-01
 -0.954429E-01
 -0.931137E-01
 -0.939378E-01
 -0.936311E-01
 -0.938900E-01
 -0.945962E-01
 -0.907589E-01
 -0.842157E-01
 -0.817698E-01
 -0.796285E-01
 -0.744487E-01
 -0.716018E-01
 -0.675292E-01
 -0.617390E-01
 -0.532453E-01
 -0.445820E-01
 -0.418288E-01
 -0.386504E-01
 -0.359451E-01
 -0.310037E-01
 -0.223399E-01
 -0.192343E-01
 -0.144312E-01
 -0.824266E-02
 -0.480721E-02
  0.126672E-02
  0.531332E-02
  0.738511E-02
  0.113631E-01
  0.130804E-01
  0.141403E-01
  0.194131E-01
  0.191513E-01
  0.150101E-01
  0.149634E-01
  0.973661E-02
  0.510158E-02
  0.175812E-02
 -0.626749E-02
 -0.115377E-01
 -0.203669E-01
 -0.328165E-01
 -0.430074E-01
 -0.519509E-01
 -0.611272E-01
 -0.708503E-01
 -0.768747E-01
 -0.862439E-01
 -0.970925E-01
 -0.104245E+00
 -0.112250E+00
 -0.117638E+00
 -0.122629E+00
 -0.128983E+00
 -0.132207E+00
 -0.131430E+00
 -0.135103E+00
 -0.140609E+00
 -0.138843E+00
 -0.139220E+00
 -0.138348E+00
 -0.134537E+00
 -0.132654E+00
 -0.127451E+00
 -0.124181E+00
 -0.122839E+00
 -0.117519E+00
 -0.108763E+00
 -0.103045E+00
 -0.100410E+00
 -0.940299E-01
 -0.883828E-01
 -0.838396E-01
 -0.760720E-01
 -0.682840E-01
 -0.621864E-01
 -0.573852E-01
 -0.487226E-01
 -0.359666E-01
 -0.269549E-01
 -0.188557E-01
 -0.112548E-01
 -0.438170E-02
  0.517413E-02
  0.123032E-01
  0.193431E-01
  0.275795E-01
  0.318623E-01
  0.378423E-01
  0.454655E-01
  0.474424E-01
  0.485262E-01
  0.517505E-01
  0.548805E-01
  0.589747E-01
  0.614704E-01
  0.615645E-01
  0.641073E-01
  0.682018E-01
  0.712374E-01
  0.732621E-01
  0.722024E-01
  0.734748E-01
  0.770510E-01
  0.781334E-01
  0.765562E-01
  0.718252E-01
  0.716859E-01
  0.708360E-01
  0.660603E-01
  0.638469E-01
  0.586914E-01
  0.548571E-01
  0.539852E-01
  0.529971E-01
  0.546927E-01
  0.553742E-01
  0.548095E-01
  0.561516E-01
  0.565280E-01
  0.579642E-01
  0.627422E-01
  0.652595E-01
  0.653773E-01
  0.644595E-01
  0.670027E-01
  0.728155E-01
  0.736848E-01
  0.743687E-01
  0.734978E-01
  0.693074E-01
  0.706269E-01
  0.734029E-01
  0.749099E-01
  0.779921E-01
  0.779681E-01
  0.729779E-01
  0.709087E-01
  0.730032E-01
  0.726265E-01
  0.717321E-01
  0.696365E-01
  0.662715E-01
  0.659660E-01
  0.632829E-01
  0.605053E-01
  0.608822E-01
  0.566206E-01
  0.533740E-01
  0.518915E-01
  0.475834E-01
  0.434646E-01
  0.359082E-01
  0.280248E-01
  0.204955E-01
  0.135033E-01
  0.106558E-01
  0.646548E-02
 -0.120752E-02
 -0.847781E-02
 -0.131157E-01
 -0.163871E-01
 -0.198704E-01
 -0.271913E-01
 -0.324619E-01
 -0.353342E-01
 -0.402054E-01
 -0.398277E-01
 -0.393349E-01
 -0.410989E-01
 -0.423236E-01
 -0.435001E-01
 -0.442771E-01
 -0.442765E-01
 -0.434530E-01
 -0.448182E-01
 -0.414977E-01
 -0.381581E-01
 -0.379919E-01
 -0.349331E-01
 -0.323201E-01
 -0.283416E-01
 -0.260835E-01
 -0.202913E-01
 -0.131153E-01
 -0.106198E-01
 -0.372244E-02
  0.420857E-02
  0.117878E-01
  0.181167E-01
  0.249914E-01
  0.319334E-01
  0.333212E-01
  0.371354E-01
  0.418177E-01
  0.458202E-01
  0.529046E-01
  0.562687E-01
  0.585762E-01
  0.606467E-01
  0.596107E-01
  0.607881E-01
  0.615405E-01
  0.614235E-01
  0.636824E-01
  0.654011E-01
  0.651416E-01
  0.648595E-01
  0.658248E-01
  0.646482E-01
  0.635888E-01
  0.663428E-01
  0.679660E-01
  0.697086E-01
  0.708613E-01
  0.704141E-01
  0.700135E-01
  0.703437E-01
  0.734509E-01
  0.757093E-01
  0.786523E-01
  0.814759E-01
  0.851252E-01
  0.886778E-01
  0.864894E-01
  0.820164E-01
  0.821593E-01
  0.857363E-01
  0.858297E-01
  0.861354E-01
  0.816146E-01
  0.742263E-01
  0.693771E-01
  0.601266E-01
  0.503623E-01
  0.415335E-01
  0.366870E-01
  0.324255E-01
  0.233638E-01
  0.145640E-01
  0.373413E-02
 -0.407752E-02
 -0.895061E-02
 -0.162702E-01
 -0.200815E-01
 -0.236134E-01
 -0.239407E-01
 -0.273331E-01
 -0.341094E-01
 -0.378505E-01
 -0.464674E-01
 -0.465811E-01
 -0.487042E-01
 -0.551500E-01
 -0.575736E-01
 -0.666143E-01
 -0.717193E-01
 -0.759342E-01
 -0.821700E-01
 -0.889936E-01
 -0.968568E-01
 -0.100457E+00
 -0.105707E+00
 -0.113638E+00
 -0.121097E+00
 -0.129690E+00
 -0.139246E+00
 -0.144587E+00
 -0.148589E+00
 -0.158613E+00
 -0.166852E+00
 -0.172172E+00
 -0.181305E+00
 -0.187823E+00
 -0.194576E+00
 -0.201733E+00
 -0.205357E+00
 -0.210936E+00
 -0.213217E+00
 -0.214723E+00
 -0.217831E+00
 -0.220444E+00
 -0.223432E+00
 -0.222419E+00
 -0.224279E+00
 -0.227056E+00
 -0.227669E+00
 -0.229458E+00
 -0.227927E+00
 -0.228233E+00
 -0.231623E+00
 -0.231551E+00
 -0.228445E+00
 -0.225833E+00
 -0.225386E+00
 -0.224326E+00
 -0.222820E+00
 -0.219689E+00
 -0.213334E+00
 -0.208605E+00
 -0.201989E+00
 -0.194388E+00
 -0.188668E+00
 -0.180736E+00
 -0.173254E+00
 -0.164025E+00
 -0.156166E+00
 -0.149692E+00
 -0.138748E+00
 -0.130749E+00
 -0.121165E+00
 -0.109799E+00
 -0.103539E+00
 -0.937936E-01
 -0.857475E-01
 -0.803793E-01
 -0.696929E-01
 -0.619516E-01
 -0.576444E-01
 -0.507027E-01
 -0.437344E-01
 -0.361084E-01
 -0.292357E-01
 -0.265301E-01
 -0.213070E-01
 -0.141026E-01
 -0.784179E-02
 -0.510834E-04
  0.637386E-02
  0.110555E-01
  0.176243E-01
  0.251560E-01
  0.333230E-01
  0.426433E-01
  0.525254E-01
  0.642259E-01
  0.741807E-01
  0.847027E-01
  0.947273E-01
  0.103222E+00
  0.116194E+00
  0.126995E+00
  0.137565E+00
  0.149191E+00
  0.154931E+00
  0.161100E+00
  0.166700E+00
  0.169666E+00
  0.174279E+00
  0.176255E+00
  0.177433E+00
  0.179786E+00
  0.180091E+00
  0.179809E+00
  0.178468E+00
  0.173876E+00
  0.171501E+00
  0.170936E+00
  0.166628E+00
  0.163922E+00
  0.159449E+00
  0.154955E+00
  0.153189E+00
  0.146716E+00
  0.142858E+00
  0.139726E+00
  0.132336E+00
  0.124969E+00
  0.117626E+00
  0.111367E+00
  0.103833E+00
  0.935005E-01
  0.837101E-01
  0.752136E-01
  0.654728E-01
  0.552552E-01
  0.457229E-01
  0.358379E-01
  0.254346E-01
  0.146819E-01
  0.406416E-02
 -0.655034E-02
 -0.147870E-01
 -0.241324E-01
 -0.347202E-01
 -0.444198E-01
 -0.573182E-01
 -0.669661E-01
 -0.760057E-01
 -0.873932E-01
 -0.952564E-01
 -0.104437E+00
 -0.116676E+00
 -0.127831E+00
 -0.135595E+00
 -0.142776E+00
 -0.150119E+00
 -0.157298E+00
 -0.165018E+00
 -0.169017E+00
 -0.171607E+00
 -0.173983E+00
 -0.171676E+00
 -0.169064E+00
 -0.168193E+00
 -0.165580E+00
 -0.164381E+00
 -0.163038E+00
 -0.154470E+00
 -0.146588E+00
 -0.141879E+00
 -0.133311E+00
 -0.126864E+00
 -0.119730E+00
 -0.112555E+00
 -0.106787E+00
 -0.979368E-01
 -0.883576E-01
 -0.762359E-01
 -0.665660E-01
 -0.545113E-01
 -0.416628E-01
 -0.313533E-01
 -0.185496E-01
 -0.101735E-01
  0.656608E-03
  0.907909E-02
  0.155539E-01
  0.256974E-01
  0.299794E-01
  0.344521E-01
  0.384048E-01
  0.417719E-01
  0.443127E-01
  0.443594E-01
  0.461251E-01
  0.464544E-01
  0.466431E-01
  0.465009E-01
  0.469010E-01
  0.475367E-01
  0.455124E-01
  0.464550E-01
  0.501974E-01
  0.525031E-01
  0.549043E-01
  0.590466E-01
  0.630713E-01
  0.647182E-01
  0.659888E-01
  0.686966E-01
  0.725333E-01
  0.759454E-01
  0.776395E-01
  0.800867E-01
  0.824410E-01
  0.840416E-01
  0.862071E-01
  0.844639E-01
  0.828876E-01
  0.853125E-01
  0.865124E-01
  0.870773E-01
  0.866063E-01
  0.863475E-01
  0.857115E-01
  0.860426E-01
  0.880896E-01
  0.873124E-01
  0.894067E-01
  0.906071E-01
  0.904909E-01
  0.933614E-01
  0.932197E-01
  0.936906E-01
  0.955033E-01
  0.965392E-01
  0.955969E-01
  0.927492E-01
  0.905605E-01
  0.876179E-01
  0.867718E-01
  0.859942E-01
  0.811217E-01
  0.768867E-01
  0.725546E-01
  0.659640E-01
  0.625293E-01
  0.597747E-01
  0.549046E-01
  0.514200E-01
  0.484073E-01
  0.439824E-01
  0.371090E-01
  0.308972E-01
  0.278132E-01
  0.265430E-01
  0.220462E-01
  0.159513E-01
  0.129396E-01
  0.790109E-02
  0.423095E-02
  0.161984E-04
 -0.506634E-02
 -0.311307E-02
 -0.412560E-02
 -0.798413E-02
 -0.883179E-02
 -0.126930E-01
 -0.166923E-01
 -0.169513E-01
 -0.154684E-01
 -0.161279E-01
 -0.180811E-01
 -0.182462E-01
 -0.187168E-01
 -0.179629E-01
 -0.172341E-01
 -0.180343E-01
 -0.181519E-01
 -0.174455E-01
 -0.146676E-01
 -0.104312E-01
 -0.586516E-02
 -0.442974E-02
 -0.370032E-02
 -0.923171E-03
  0.324072E-03
  0.305473E-02
  0.484291E-02
  0.333634E-02
  0.338408E-02
  0.505492E-02
  0.554875E-02
  0.371364E-02
  0.110020E-02
  0.376134E-02
  0.691379E-02
  0.521898E-02
  0.752506E-02
  0.867832E-02
  0.785590E-02
  0.115517E-01
  0.148934E-01
  0.158577E-01
  0.138328E-01
  0.103494E-01
  0.813751E-02
  0.667849E-02
  0.199578E-02
 -0.344251E-02
 -0.638417E-02
 -0.126698E-01
 -0.207419E-01
 -0.259180E-01
 -0.308859E-01
 -0.363459E-01
 -0.386986E-01
 -0.397113E-01
 -0.429345E-01
 -0.433110E-01
 -0.412640E-01
 -0.405812E-01
 -0.364612E-01
 -0.318969E-01
 -0.288837E-01
 -0.246707E-01
 -0.218699E-01
 -0.192102E-01
 -0.170692E-01
 -0.150210E-01
 -0.948919E-02
 -0.195736E-02
  0.161814E-02
 -0.144088E-02
 -0.520693E-02
 -0.539491E-02
 -0.412452E-02
 -0.384203E-02
 -0.318315E-02
 -0.424264E-02
 -0.911499E-02
 -0.155877E-01
 -0.210710E-01
 -0.215415E-01
 -0.238252E-01
 -0.278252E-01
 -0.285780E-01
 -0.329100E-01
 -0.369335E-01
 -0.407950E-01
 -0.430525E-01
 -0.392391E-01
 -0.372160E-01
 -0.375216E-01
 -0.384637E-01
 -0.366973E-01
 -0.344857E-01
 -0.348622E-01
 -0.347446E-01
 -0.378993E-01
 -0.411699E-01
 -0.447490E-01
 -0.488901E-01
 -0.475485E-01
 -0.492674E-01
 -0.539031E-01
 -0.565161E-01
 -0.623304E-01
 -0.638828E-01
 -0.626351E-01
 -0.651534E-01
 -0.655293E-01
 -0.663540E-01
 -0.688478E-01
 -0.689420E-01
 -0.659526E-01
 -0.635292E-01
 -0.664721E-01
 -0.706833E-01
 -0.710133E-01
 -0.700016E-01
 -0.694836E-01
 -0.682829E-01
 -0.673886E-01
 -0.651755E-01
 -0.634823E-01
 -0.631052E-01
 -0.595272E-01
 -0.559505E-01
 -0.499941E-01
 -0.426989E-01
 -0.376148E-01
 -0.328611E-01
 -0.286965E-01
 -0.204562E-01
 -0.109011E-01
 -0.280462E-02
  0.333677E-02
  0.954890E-02
  0.147989E-01
  0.156459E-01
  0.209430E-01
  0.274613E-01
  0.310852E-01
  0.378421E-01
  0.425002E-01
  0.427355E-01
  0.447369E-01
  0.468308E-01
  0.496563E-01
  0.531155E-01
  0.567874E-01
  0.614005E-01
  0.634711E-01
  0.679205E-01
  0.730032E-01
  0.764636E-01
  0.808173E-01
  0.853114E-01
  0.901144E-01
  0.923968E-01
  0.955982E-01
  0.100988E+00
  0.104094E+00
  0.103435E+00
  0.100704E+00
  0.100917E+00
  0.100775E+00
  0.993867E-01
  0.103389E+00
  0.105859E+00
  0.104847E+00
  0.107248E+00
  0.107107E+00
  0.108002E+00
  0.115298E+00
  0.123301E+00
  0.130126E+00
  0.133796E+00
  0.140482E+00
  0.149614E+00
  0.157075E+00
  0.164676E+00
  0.171829E+00
  0.181765E+00
  0.190495E+00
  0.193789E+00
  0.194024E+00
  0.194919E+00
  0.197650E+00
  0.204265E+00
  0.211089E+00
  0.211629E+00
  0.210005E+00
  0.207275E+00
  0.205793E+00
  0.206852E+00
  0.209771E+00
  0.212265E+00
  0.208663E+00
  0.203556E+00
  0.202239E+00
  0.198683E+00
  0.189907E+00
  0.184704E+00
  0.183127E+00
  0.179125E+00
  0.169321E+00
  0.157063E+00
  0.148288E+00
  0.137081E+00
  0.129946E+00
  0.126802E+00
  0.115892E+00
  0.104443E+00
  0.952588E-01
  0.857907E-01
  0.783891E-01
  0.694386E-01
  0.604195E-01
  0.556846E-01
  0.518055E-01
  0.480425E-01
  0.413577E-01
  0.335981E-01
  0.276196E-01
  0.184986E-01
  0.974901E-02
  0.265034E-02
 -0.599479E-02
 -0.162993E-01
 -0.290445E-01
 -0.387560E-01
 -0.452830E-01
 -0.563910E-01
 -0.688596E-01
 -0.815720E-01
 -0.892632E-01
 -0.939317E-01
 -0.105456E+00
 -0.115742E+00
 -0.123319E+00
 -0.128265E+00
 -0.135009E+00
 -0.145563E+00
 -0.152717E+00
 -0.160355E+00
 -0.167752E+00
 -0.176519E+00
 -0.189119E+00
 -0.196154E+00
 -0.197825E+00
 -0.205689E+00
 -0.214818E+00
 -0.218961E+00
 -0.224963E+00
 -0.227150E+00
 -0.226681E+00
 -0.229575E+00
 -0.230422E+00
 -0.229951E+00
 -0.227974E+00
 -0.225032E+00
 -0.221480E+00
 -0.215099E+00
 -0.207873E+00
 -0.202720E+00
 -0.201355E+00
 -0.198697E+00
 -0.194812E+00
 -0.188338E+00
 -0.176805E+00
 -0.170052E+00
 -0.166194E+00
 -0.162874E+00
 -0.160002E+00
 -0.154023E+00
 -0.153272E+00
 -0.152072E+00
 -0.147505E+00
 -0.145716E+00
 -0.142656E+00
 -0.140892E+00
 -0.142915E+00
 -0.148236E+00
 -0.151341E+00
 -0.152707E+00
 -0.155414E+00
 -0.154637E+00
 -0.152730E+00
 -0.152236E+00
 -0.154214E+00
 -0.155131E+00
 -0.153837E+00
 -0.152188E+00
 -0.148799E+00
 -0.146517E+00
 -0.139618E+00
 -0.130983E+00
 -0.131337E+00
 -0.126226E+00
 -0.112835E+00
 -0.102267E+00
 -0.918207E-01
 -0.822151E-01
 -0.712696E-01
 -0.590791E-01
 -0.481344E-01
 -0.391699E-01
 -0.316599E-01
 -0.198671E-01
 -0.102197E-01
 -0.153300E-02
  0.891387E-02
  0.150348E-01
  0.204481E-01
  0.233652E-01
  0.250845E-01
  0.273430E-01
  0.286381E-01
  0.310862E-01
  0.335335E-01
  0.361460E-01
  0.344987E-01
  0.315563E-01
  0.328040E-01
  0.326147E-01
  0.297666E-01
  0.262141E-01
  0.245191E-01
  0.240007E-01
  0.213171E-01
  0.180933E-01
  0.113165E-01
  0.206397E-02
 -0.987870E-04
 -0.147043E-03
 -0.560892E-02
 -0.113733E-01
 -0.147394E-01
 -0.161039E-01
 -0.165279E-01
 -0.212365E-01
 -0.268362E-01
 -0.256823E-01
 -0.253546E-01
 -0.309327E-01
 -0.324141E-01
 -0.306496E-01
 -0.335924E-01
 -0.373338E-01
 -0.412886E-01
 -0.438766E-01
 -0.448178E-01
 -0.471717E-01
 -0.470534E-01
 -0.510567E-01
 -0.554796E-01
 -0.538326E-01
 -0.561163E-01
 -0.565849E-01
 -0.509363E-01
 -0.471010E-01
 -0.435712E-01
 -0.366490E-01
 -0.301308E-01
 -0.271657E-01
 -0.244117E-01
 -0.186000E-01
 -0.109015E-01
 -0.499438E-02
  0.207932E-03
  0.307800E-02
  0.105392E-02
  0.126611E-02
  0.265314E-02
  0.263029E-02
  0.602123E-02
  0.839686E-02
  0.745474E-02
  0.863265E-02
  0.123048E-01
  0.170825E-01
  0.237881E-01
  0.306630E-01
  0.369703E-01
  0.474220E-01
  0.606721E-01
  0.712600E-01
  0.837855E-01
  0.975766E-01
  0.107155E+00
  0.118948E+00
  0.131818E+00
  0.144367E+00
  0.158488E+00
  0.169055E+00
  0.176186E+00
  0.184021E+00
  0.192567E+00
  0.197532E+00
  0.206808E+00
  0.214265E+00
  0.215489E+00
  0.226461E+00
  0.237472E+00
  0.241568E+00
  0.248771E+00
  0.256700E+00
  0.259171E+00
  0.264164E+00
  0.275273E+00
  0.282826E+00
  0.288332E+00
  0.296526E+00
  0.303279E+00
  0.306762E+00
  0.308809E+00
  0.308786E+00
  0.311141E+00
  0.316412E+00
  0.314951E+00
  0.305088E+00
  0.297606E+00
  0.297725E+00
  0.298124E+00
  0.293463E+00
  0.283883E+00
  0.276212E+00
  0.272657E+00
  0.268089E+00
  0.263587E+00
  0.257935E+00
  0.250314E+00
  0.242738E+00
  0.238505E+00
  0.232198E+00
  0.219707E+00
  0.209493E+00
  0.197032E+00
  0.183194E+00
  0.170293E+00
  0.158449E+00
  0.150079E+00
  0.135555E+00
  0.121120E+00
  0.104972E+00
  0.867997E-01
  0.747554E-01
  0.581924E-01
  0.426657E-01
  0.325167E-01
  0.224625E-01
  0.115592E-01
  0.333918E-03
 -0.874602E-02
 -0.188436E-01
 -0.255753E-01
 -0.308318E-01
 -0.393685E-01
 -0.460663E-01
 -0.524921E-01
 -0.589687E-01
 -0.618909E-01
 -0.658346E-01
 -0.747222E-01
 -0.783820E-01
 -0.803609E-01
 -0.879489E-01
 -0.916402E-01
 -0.938867E-01
 -0.978566E-01
 -0.100118E+00
 -0.102019E+00
 -0.104014E+00
 -0.105127E+00
 -0.107754E+00
 -0.109944E+00
 -0.108431E+00
 -0.110101E+00
 -0.111636E+00
 -0.111223E+00
 -0.117456E+00
 -0.120303E+00
 -0.119216E+00
 -0.126673E+00
 -0.132560E+00
 -0.133535E+00
 -0.137775E+00
 -0.143776E+00
 -0.147468E+00
 -0.149881E+00
 -0.152366E+00
 -0.154401E+00
 -0.160852E+00
 -0.165180E+00
 -0.164004E+00
 -0.163910E+00
 -0.160121E+00
 -0.154636E+00
 -0.149434E+00
 -0.138865E+00
 -0.130159E+00
 -0.125665E+00
 -0.115800E+00
 -0.106670E+00
 -0.101468E+00
 -0.894391E-01
 -0.784750E-01
 -0.747315E-01
 -0.680459E-01
 -0.637174E-01
 -0.615510E-01
 -0.557396E-01
 -0.528910E-01
 -0.499477E-01
 -0.442520E-01
 -0.391213E-01
 -0.354275E-01
 -0.337324E-01
 -0.325792E-01
 -0.273997E-01
 -0.202217E-01
 -0.159872E-01
 -0.132794E-01
 -0.119618E-01
 -0.122681E-01
 -0.179419E-01
 -0.232825E-01
 -0.279443E-01
 -0.368879E-01
 -0.411227E-01
 -0.473622E-01
 -0.579263E-01
 -0.684265E-01
 -0.790408E-01
 -0.876787E-01
 -0.964339E-01
 -0.103751E+00
 -0.110697E+00
 -0.116227E+00
 -0.120487E+00
 -0.123734E+00
 -0.127640E+00
 -0.136657E+00
 -0.144493E+00
 -0.145410E+00
 -0.143222E+00
 -0.147669E+00
 -0.152777E+00
 -0.155438E+00
 -0.163182E+00
 -0.166828E+00
 -0.168546E+00
 -0.172100E+00
 -0.175655E+00
 -0.183658E+00
 -0.191472E+00
 -0.197166E+00
 -0.205052E+00
 -0.215926E+00
 -0.225387E+00
 -0.233554E+00
 -0.241836E+00
 -0.247792E+00
 -0.254595E+00
 -0.264481E+00
 -0.275755E+00
 -0.287754E+00
 -0.295924E+00
 -0.300560E+00
 -0.310635E+00
 -0.321673E+00
 -0.326260E+00
 -0.331393E+00
 -0.340667E+00
 -0.349869E+00
 -0.358460E+00
 -0.363965E+00
 -0.362176E+00
 -0.360200E+00
 -0.361800E+00
 -0.364672E+00
 -0.369377E+00
 -0.368224E+00
 -0.365308E+00
 -0.365142E+00
 -0.361658E+00
 -0.357234E+00
 -0.349394E+00
 -0.340735E+00
 -0.335132E+00
 -0.332592E+00
 -0.330734E+00
 -0.318985E+00
 -0.305901E+00
 -0.296649E+00
 -0.286012E+00
 -0.277190E+00
 -0.266265E+00
 -0.257511E+00
 -0.253298E+00
 -0.247814E+00
 -0.241061E+00
 -0.231833E+00
 -0.223996E+00
 -0.218347E+00
 -0.214653E+00
 -0.210818E+00
 -0.202201E+00
 -0.193281E+00
 -0.183937E+00
 -0.170333E+00
 -0.155885E+00
 -0.146468E+00
 -0.137595E+00
 -0.123213E+00
 -0.104925E+00
 -0.845028E-01
 -0.634317E-01
 -0.413303E-01
 -0.203608E-01
  0.327191E-02
  0.305879E-01
  0.530949E-01
  0.758794E-01
  0.103157E+00
  0.126621E+00
  0.148479E+00
  0.175554E+00
  0.200453E+00
  0.220436E+00
  0.241642E+00
  0.262606E+00
  0.285608E+00
  0.307659E+00
  0.324629E+00
  0.344965E+00
  0.362987E+00
  0.376854E+00
  0.394507E+00
  0.413242E+00
  0.430705E+00
  0.447645E+00
  0.463067E+00
  0.475446E+00
  0.485778E+00
  0.495451E+00
  0.507356E+00
  0.516820E+00
  0.521246E+00
  0.528448E+00
  0.533884E+00
  0.533225E+00
  0.532589E+00
  0.533460E+00
  0.531388E+00
  0.526116E+00
  0.518139E+00
  0.508981E+00
  0.501403E+00
  0.495896E+00
  0.491259E+00
  0.479588E+00
  0.468264E+00
  0.463887E+00
  0.456166E+00
  0.445480E+00
  0.435881E+00
  0.427641E+00
  0.423241E+00
  0.421052E+00
  0.413236E+00
  0.406225E+00
  0.402199E+00
  0.396362E+00
  0.392620E+00
  0.390855E+00
  0.393303E+00
  0.393632E+00
  0.388431E+00
  0.385684E+00
  0.382165E+00
  0.375036E+00
  0.367664E+00
  0.361701E+00
  0.358128E+00
  0.351527E+00
  0.341881E+00
  0.333047E+00
  0.317900E+00
  0.301073E+00
  0.285891E+00
  0.267010E+00
  0.250564E+00
  0.234919E+00
  0.214915E+00
  0.196581E+00
  0.178423E+00
  0.156023E+00
  0.135999E+00
  0.120931E+00
  0.106042E+00
  0.920567E-01
  0.813046E-01
  0.699031E-01
  0.595743E-01
  0.542394E-01
  0.487030E-01
  0.454119E-01
  0.475234E-01
  0.480214E-01
  0.501789E-01
  0.578141E-01
  0.649004E-01
  0.730685E-01
  0.795509E-01
  0.883464E-01
  0.104158E+00
  0.112821E+00
  0.123948E+00
  0.143204E+00
  0.160197E+00
  0.177204E+00
  0.191974E+00
  0.205438E+00
  0.220809E+00
  0.240235E+00
  0.262062E+00
  0.284428E+00
  0.306471E+00
  0.326086E+00
  0.344262E+00
  0.361834E+00
  0.383540E+00
  0.406511E+00
  0.426963E+00
  0.448664E+00
  0.468569E+00
  0.485144E+00
  0.506163E+00
  0.524612E+00
  0.534261E+00
  0.548379E+00
  0.567355E+00
  0.584371E+00
  0.598680E+00
  0.612991E+00
  0.623884E+00
  0.636292E+00
  0.653307E+00
  0.661260E+00
  0.668582E+00
  0.676864E+00
  0.681997E+00
  0.689010E+00
  0.690796E+00
  0.689291E+00
  0.687714E+00
  0.688728E+00
  0.690703E+00
  0.687313E+00
  0.681946E+00
  0.675642E+00
  0.667260E+00
  0.658952E+00
  0.647206E+00
  0.628965E+00
  0.611742E+00
  0.597216E+00
  0.576055E+00
  0.549036E+00
  0.522557E+00
  0.494182E+00
  0.464141E+00
  0.430412E+00
  0.392355E+00
  0.355687E+00
  0.317828E+00
  0.276957E+00
  0.235486E+00
  0.199691E+00
  0.163727E+00
  0.123799E+00
  0.883418E-01
  0.527550E-01
  0.228907E-01
 -0.104563E-03
 -0.257495E-01
 -0.486812E-01
 -0.706416E-01
 -0.918214E-01
 -0.111147E+00
 -0.128935E+00
 -0.142259E+00
 -0.155274E+00
 -0.166005E+00
 -0.171865E+00
 -0.177161E+00
 -0.189190E+00
 -0.200744E+00
 -0.205004E+00
 -0.211831E+00
 -0.216937E+00
 -0.220963E+00
 -0.231130E+00
 -0.245936E+00
 -0.263564E+00
 -0.277728E+00
 -0.293573E+00
 -0.312001E+00
 -0.326286E+00
 -0.339255E+00
 -0.351960E+00
 -0.365475E+00
 -0.377924E+00
 -0.388868E+00
 -0.399882E+00
 -0.405435E+00
 -0.405765E+00
 -0.407201E+00
 -0.407671E+00
 -0.404705E+00
 -0.402376E+00
 -0.401458E+00
 -0.395878E+00
 -0.386417E+00
 -0.381876E+00
 -0.372981E+00
 -0.361445E+00
 -0.358693E+00
 -0.353608E+00
 -0.347442E+00
 -0.342478E+00
 -0.336805E+00
 -0.335133E+00
 -0.329954E+00
 -0.325791E+00
 -0.327508E+00
 -0.327084E+00
 -0.330075E+00
 -0.336028E+00
 -0.340807E+00
 -0.349466E+00
 -0.354551E+00
 -0.358413E+00
 -0.368651E+00
 -0.378982E+00
 -0.388112E+00
 -0.395504E+00
 -0.405226E+00
 -0.418924E+00
 -0.427136E+00
 -0.431089E+00
 -0.440766E+00
 -0.452485E+00
 -0.460087E+00
 -0.466394E+00
 -0.470206E+00
 -0.477222E+00
 -0.482374E+00
 -0.478561E+00
 -0.479269E+00
 -0.481151E+00
 -0.480751E+00
 -0.481103E+00
 -0.478820E+00
 -0.477338E+00
 -0.478679E+00
 -0.483105E+00
 -0.485650E+00
 -0.491904E+00
 -0.506245E+00
 -0.519454E+00
 -0.534105E+00
 -0.554930E+00
 -0.577892E+00
 -0.600714E+00
 -0.627923E+00
 -0.655385E+00
 -0.682679E+00
 -0.716274E+00
 -0.747808E+00
 -0.774372E+00
 -0.799537E+00
 -0.825350E+00
 -0.853424E+00
 -0.879877E+00
 -0.903664E+00
 -0.924006E+00
 -0.939798E+00
 -0.955897E+00
 -0.969334E+00
 -0.979405E+00
 -0.988233E+00
 -0.994988E+00
 -0.100600E+01
 -0.101582E+01
 -0.101655E+01
 -0.101396E+01
 -0.101509E+01
 -0.101640E+01
 -0.101280E+01
 -0.100932E+01
 -0.100628E+01
 -0.100235E+01
 -0.996421E+00
 -0.987548E+00
 -0.976960E+00
 -0.965965E+00
 -0.954079E+00
 -0.939392E+00
 -0.921881E+00
 -0.904093E+00
 -0.885775E+00
 -0.861628E+00
 -0.830912E+00
 -0.797278E+00
 -0.759893E+00
 -0.717373E+00
 -0.672559E+00
 -0.625606E+00
 -0.571472E+00
 -0.514061E+00
 -0.459299E+00
 -0.401399E+00
 -0.341925E+00
 -0.285464E+00
 -0.233980E+00
 -0.187908E+00
 -0.139965E+00
 -0.923994E-01
 -0.522499E-01
 -0.197319E-01
  0.101210E-01
  0.370917E-01
  0.582027E-01
  0.750053E-01
  0.899478E-01
  0.103789E+00
  0.114263E+00
  0.120712E+00
  0.122686E+00
  0.120945E+00
  0.114683E+00
  0.105387E+00
  0.939248E-01
  0.850521E-01
  0.776400E-01
  0.621493E-01
  0.487601E-01
  0.388502E-01
  0.285428E-01
  0.169192E-01
  0.288744E-02
 -0.695037E-02
 -0.200855E-01
 -0.332872E-01
 -0.421568E-01
 -0.539292E-01
 -0.656503E-01
 -0.785947E-01
 -0.922441E-01
 -0.105022E+00
 -0.121996E+00
 -0.141084E+00
 -0.155580E+00
 -0.170691E+00
 -0.192573E+00
 -0.215505E+00
 -0.234591E+00
 -0.252078E+00
 -0.271001E+00
 -0.287542E+00
 -0.303081E+00
 -0.314306E+00
 -0.322049E+00
 -0.330381E+00
 -0.335251E+00
 -0.336475E+00
 -0.328399E+00
 -0.323814E+00
 -0.317503E+00
 -0.301738E+00
 -0.291638E+00
 -0.277679E+00
 -0.259556E+00
 -0.241974E+00
 -0.222964E+00
 -0.202741E+00
 -0.181087E+00
 -0.161082E+00
 -0.140841E+00
 -0.119899E+00
 -0.998878E-01
 -0.805905E-01
 -0.617592E-01
 -0.448147E-01
 -0.276408E-01
 -0.880415E-02
  0.743527E-02
  0.222619E-01
  0.413279E-01
  0.608566E-01
  0.775720E-01
  0.938113E-01
  0.113113E+00
  0.137589E+00
  0.158296E+00
  0.177366E+00
  0.201373E+00
  0.225707E+00
  0.248702E+00
  0.270467E+00
  0.291821E+00
  0.314038E+00
  0.337928E+00
  0.357603E+00
  0.374613E+00
  0.395896E+00
  0.414606E+00
  0.428868E+00
  0.441860E+00
  0.452354E+00
  0.460264E+00
  0.467042E+00
  0.473586E+00
  0.477043E+00
  0.477068E+00
  0.478081E+00
  0.477867E+00
  0.476903E+00
  0.475938E+00
  0.471302E+00
  0.470030E+00
  0.473467E+00
  0.475162E+00
  0.478504E+00
  0.482834E+00
  0.484671E+00
  0.484976E+00
  0.484951E+00
  0.485941E+00
  0.487119E+00
  0.491615E+00
  0.492082E+00
  0.486788E+00
  0.484974E+00
  0.479047E+00
  0.470854E+00
  0.463108E+00
  0.453812E+00
  0.443504E+00
  0.429056E+00
  0.414507E+00
  0.397960E+00
  0.380262E+00
  0.365551E+00
  0.347999E+00
  0.330389E+00
  0.313913E+00
  0.295438E+00
  0.279952E+00
  0.264282E+00
  0.246977E+00
  0.233256E+00
  0.218169E+00
  0.202566E+00
  0.188966E+00
  0.172816E+00
  0.158649E+00
  0.147586E+00
  0.135088E+00
  0.122971E+00
  0.111953E+00
  0.102468E+00
  0.930777E-01
  0.843927E-01
  0.785578E-01
  0.714241E-01
  0.676841E-01
  0.673537E-01
  0.675900E-01
  0.659903E-01
  0.579621E-01
  0.545041E-01
  0.521482E-01
  0.470180E-01
  0.431369E-01
  0.400053E-01
  0.399115E-01
  0.369921E-01
  0.320027E-01
  0.250851E-01
  0.155967E-01
  0.102790E-01
  0.637212E-02
  0.319457E-02
  0.444231E-02
  0.564292E-02
  0.597299E-02
  0.350058E-02
  0.112388E-02
  0.514772E-02
  0.122823E-01
  0.214377E-01
  0.288734E-01
  0.368769E-01
  0.477238E-01
  0.537749E-01
  0.549985E-01
  0.576109E-01
  0.612118E-01
  0.638470E-01
  0.672140E-01
  0.694965E-01
  0.683422E-01
  0.643167E-01
  0.604116E-01
  0.573508E-01
  0.558918E-01
  0.564098E-01
  0.581997E-01
  0.613528E-01
  0.603862E-01
  0.574690E-01
  0.596123E-01
  0.620579E-01
  0.629061E-01
  0.667205E-01
  0.715209E-01
  0.749799E-01
  0.786757E-01
  0.781584E-01
  0.768627E-01
  0.816416E-01
  0.842061E-01
  0.845354E-01
  0.827239E-01
  0.808884E-01
  0.819466E-01
  0.760367E-01
  0.691190E-01
  0.639193E-01
  0.597524E-01
  0.624126E-01
  0.652121E-01
  0.643641E-01
  0.647888E-01
  0.689560E-01
  0.736155E-01
  0.796649E-01
  0.880443E-01
  0.976204E-01
  0.107484E+00
  0.115628E+00
  0.124855E+00
  0.131183E+00
  0.135890E+00
  0.145779E+00
  0.153049E+00
  0.157357E+00
  0.163076E+00
  0.163875E+00
  0.162464E+00
  0.161309E+00
  0.153964E+00
  0.146834E+00
  0.140129E+00
  0.131276E+00
  0.125982E+00
  0.118731E+00
  0.111366E+00
  0.103931E+00
  0.961844E-01
  0.933612E-01
  0.875229E-01
  0.842294E-01
  0.861124E-01
  0.860181E-01
  0.872425E-01
  0.856175E-01
  0.819701E-01
  0.802522E-01
  0.801580E-01
  0.819468E-01
  0.822526E-01
  0.830765E-01
  0.822294E-01
  0.800871E-01
  0.797809E-01
  0.777333E-01
  0.781581E-01
  0.787695E-01
  0.758741E-01
  0.746266E-01
  0.725312E-01
  0.682948E-01
  0.651422E-01
  0.647184E-01
  0.609273E-01
  0.519602E-01
  0.461009E-01
  0.385010E-01
  0.278829E-01
  0.194803E-01
  0.907681E-02
 -0.323180E-02
 -0.145965E-01
 -0.228369E-01
 -0.309334E-01
 -0.402062E-01
 -0.447241E-01
 -0.493593E-01
 -0.546798E-01
 -0.594118E-01
 -0.642121E-01
 -0.619272E-01
 -0.583749E-01
 -0.577156E-01
 -0.562323E-01
 -0.551498E-01
 -0.523958E-01
 -0.479018E-01
 -0.450059E-01
 -0.440177E-01
 -0.433114E-01
 -0.391682E-01
 -0.347686E-01
 -0.331440E-01
 -0.327205E-01
 -0.327437E-01
 -0.285531E-01
 -0.288363E-01
 -0.350277E-01
 -0.374512E-01
 -0.391700E-01
 -0.400165E-01
 -0.416403E-01
 -0.449834E-01
 -0.478781E-01
 -0.499252E-01
 -0.492422E-01
 -0.511956E-01
 -0.520426E-01
 -0.502789E-01
 -0.516438E-01
 -0.462982E-01
 -0.411934E-01
 -0.411223E-01
 -0.366028E-01
 -0.341326E-01
 -0.327668E-01
 -0.322734E-01
 -0.328138E-01
 -0.293065E-01
 -0.236579E-01
 -0.185050E-01
 -0.185985E-01
 -0.193276E-01
 -0.186225E-01
 -0.175156E-01
 -0.141739E-01
 -0.829120E-02
  0.866760E-03
  0.707921E-02
  0.150369E-01
  0.257675E-01
  0.364028E-01
  0.476091E-01
  0.584124E-01
  0.710044E-01
  0.799238E-01
  0.870294E-01
  0.921613E-01
  0.967994E-01
  0.100422E+00
  0.984444E-01
  0.984217E-01
  0.990098E-01
  0.100870E+00
  0.986555E-01
  0.907949E-01
  0.895480E-01
  0.898779E-01
  0.873357E-01
  0.891729E-01
  0.919024E-01
  0.893142E-01
  0.904677E-01
  0.890524E-01
  0.831227E-01
  0.826058E-01
  0.819235E-01
  0.815941E-01
  0.802024E-01
  0.786980E-01
  0.772632E-01
  0.710930E-01
  0.649306E-01
  0.601261E-01
  0.539632E-01
  0.521024E-01
  0.518422E-01
  0.458433E-01
  0.401448E-01
  0.293932E-01
  0.169413E-01
  0.938130E-02
 -0.235729E-02
 -0.146967E-01
 -0.229993E-01
 -0.325542E-01
 -0.473920E-01
 -0.633861E-01
 -0.777755E-01
 -0.891114E-01
 -0.981495E-01
 -0.106439E+00
 -0.113236E+00
 -0.121220E+00
 -0.130228E+00
 -0.141102E+00
 -0.148636E+00
 -0.153130E+00
 -0.161067E+00
 -0.166899E+00
 -0.170970E+00
 -0.173253E+00
 -0.176030E+00
 -0.184320E+00
 -0.190128E+00
 -0.194670E+00
 -0.199285E+00
 -0.201708E+00
 -0.208446E+00
 -0.215524E+00
 -0.219477E+00
 -0.224494E+00
 -0.231763E+00
 -0.235459E+00
 -0.235553E+00
 -0.238377E+00
 -0.236562E+00
 -0.230634E+00
 -0.228139E+00
 -0.224633E+00
 -0.219643E+00
 -0.215852E+00
 -0.209829E+00
 -0.203707E+00
 -0.197615E+00
 -0.188788E+00
 -0.181277E+00
 -0.175844E+00
 -0.173065E+00
 -0.167206E+00
 -0.157062E+00
 -0.145945E+00
 -0.133338E+00
 -0.123424E+00
 -0.113733E+00
 -0.102035E+00
 -0.873855E-01
 -0.719099E-01
 -0.588864E-01
 -0.423257E-01
 -0.251907E-01
 -0.139340E-01
 -0.527900E-02
  0.409411E-02
  0.138796E-01
  0.259295E-01
  0.374444E-01
  0.442884E-01
  0.541810E-01
  0.639409E-01
  0.699418E-01
  0.778084E-01
  0.853827E-01
  0.946623E-01
  0.105410E+00
  0.113107E+00
  0.118642E+00
  0.124875E+00
  0.130856E+00
  0.134996E+00
  0.137867E+00
  0.141118E+00
  0.143447E+00
  0.142103E+00
  0.142598E+00
  0.142246E+00
  0.139633E+00
  0.138904E+00
  0.136406E+00
  0.134385E+00
  0.131866E+00
  0.127652E+00
  0.124876E+00
  0.120543E+00
  0.116380E+00
  0.113791E+00
  0.107573E+00
  0.103129E+00
  0.101573E+00
  0.951977E-01
  0.893378E-01
  0.829778E-01
  0.744156E-01
  0.696830E-01
  0.655431E-01
  0.618471E-01
  0.595622E-01
  0.570689E-01
  0.549253E-01
  0.520566E-01
  0.494438E-01
  0.476777E-01
  0.482670E-01
  0.505505E-01
  0.524079E-01
  0.526211E-01
  0.498886E-01
  0.494665E-01
  0.500782E-01
  0.474427E-01
  0.489247E-01
  0.551657E-01
  0.568105E-01
  0.593567E-01
  0.646712E-01
  0.656825E-01
  0.720204E-01
  0.796398E-01
  0.811705E-01
  0.862999E-01
  0.912201E-01
  0.926326E-01
  0.954323E-01
  0.955722E-01
  0.930551E-01
  0.933378E-01
  0.927950E-01
  0.921137E-01
  0.942567E-01
  0.947739E-01
  0.929851E-01
  0.891225E-01
  0.849596E-01
  0.841362E-01
  0.825356E-01
  0.790518E-01
  0.762491E-01
  0.729795E-01
  0.688345E-01
  0.626716E-01
  0.582698E-01
  0.535112E-01
  0.482901E-01
  0.455351E-01
  0.409477E-01
  0.372283E-01
  0.332476E-01
  0.260498E-01
  0.167938E-01
  0.736213E-02
  0.207123E-03
 -0.504442E-02
 -0.107372E-01
 -0.186032E-01
 -0.269061E-01
 -0.345556E-01
 -0.409606E-01
 -0.462765E-01
 -0.526122E-01
 -0.570096E-01
 -0.585627E-01
 -0.611297E-01
 -0.628698E-01
 -0.642601E-01
 -0.684944E-01
 -0.718134E-01
 -0.704233E-01
 -0.702365E-01
 -0.736513E-01
 -0.742855E-01
 -0.726845E-01
 -0.753939E-01
 -0.786159E-01
 -0.755058E-01
 -0.716256E-01
 -0.699781E-01
 -0.691071E-01
 -0.656010E-01
 -0.623054E-01
 -0.611998E-01
 -0.563749E-01
 -0.524195E-01
 -0.493375E-01
 -0.446275E-01
 -0.411940E-01
 -0.387222E-01
 -0.395949E-01
 -0.434288E-01
 -0.406478E-01
 -0.383685E-01
 -0.403929E-01
 -0.370247E-01
 -0.346501E-01
 -0.333303E-01
 -0.369321E-01
 -0.410764E-01
 -0.383922E-01
 -0.363690E-01
 -0.328584E-01
 -0.318720E-01
 -0.293326E-01
 -0.242472E-01
 -0.251186E-01
 -0.248809E-01
 -0.243411E-01
 -0.229299E-01
 -0.184322E-01
 -0.197287E-01
 -0.196789E-01
 -0.161041E-01
 -0.158220E-01
 -0.153265E-01
 -0.164797E-01
 -0.191177E-01
 -0.173049E-01
 -0.124800E-01
 -0.101739E-01
 -0.859674E-02
 -0.711328E-02
 -0.636009E-02
 -0.779492E-02
 -0.948996E-02
 -0.826699E-02
 -0.553447E-02
  0.487788E-03
  0.663110E-02
  0.107985E-01
  0.118096E-01
  0.133659E-01
  0.184931E-01
  0.242588E-01
  0.303587E-01
  0.372510E-01
  0.429253E-01
  0.465485E-01
  0.507376E-01
  0.508761E-01
  0.514908E-01
  0.550700E-01
  0.590450E-01
  0.658701E-01
  0.697786E-01
  0.702254E-01
  0.714269E-01
  0.734502E-01
  0.777331E-01
  0.846327E-01
  0.906306E-01
  0.928203E-01
  0.926315E-01
  0.971730E-01
  0.104073E+00
  0.109648E+00
  0.114333E+00
  0.115038E+00
  0.116285E+00
  0.118639E+00
  0.118521E+00
  0.117462E+00
  0.115650E+00
  0.112826E+00
  0.109223E+00
  0.103835E+00
  0.989854E-01
  0.961626E-01
  0.954793E-01
  0.960211E-01
  0.932678E-01
  0.932697E-01
  0.959503E-01
  0.961384E-01
  0.983060E-01
  0.101646E+00
  0.108312E+00
  0.114167E+00
  0.116708E+00
  0.118662E+00
  0.116874E+00
  0.116263E+00
  0.116544E+00
  0.117603E+00
  0.118097E+00
  0.117133E+00
  0.118546E+00
  0.116827E+00
  0.110026E+00
  0.102726E+00
  0.993397E-01
  0.983737E-01
  0.961864E-01
  0.925150E-01
  0.879221E-01
  0.791940E-01
  0.691396E-01
  0.629066E-01
  0.573285E-01
  0.562472E-01
  0.551634E-01
  0.489694E-01
  0.419130E-01
  0.360287E-01
  0.324489E-01
  0.281675E-01
  0.259080E-01
  0.264018E-01
  0.244252E-01
  0.178773E-01
  0.130099E-01
  0.111722E-01
  0.411459E-02
 -0.478246E-02
 -0.939748E-02
 -0.105029E-01
 -0.120811E-01
 -0.179152E-01
 -0.260118E-01
 -0.298963E-01
 -0.294727E-01
 -0.355747E-01
 -0.415466E-01
 -0.378518E-01
 -0.380429E-01
 -0.426056E-01
 -0.476932E-01
 -0.506785E-01
 -0.503724E-01
 -0.559551E-01
 -0.590106E-01
 -0.593656E-01
 -0.623287E-01
 -0.647759E-01
 -0.691329E-01
 -0.720962E-01
 -0.772788E-01
 -0.811812E-01
 -0.812983E-01
 -0.824519E-01
 -0.797227E-01
 -0.788998E-01
 -0.814161E-01
 -0.832286E-01
 -0.809894E-01
 -0.753209E-01
 -0.713646E-01
 -0.672011E-01
 -0.630588E-01
 -0.576181E-01
 -0.521144E-01
 -0.495715E-01
 -0.465367E-01
 -0.423240E-01
 -0.394509E-01
 -0.338748E-01
 -0.287659E-01
 -0.254721E-01
 -0.216824E-01
 -0.214944E-01
 -0.197767E-01
 -0.153260E-01
 -0.942064E-02
 -0.348909E-02
 -0.145499E-03
  0.105353E-02
  0.239683E-02
  0.420702E-02
  0.583090E-02
  0.802134E-02
  0.115026E-01
  0.171548E-01
  0.186826E-01
  0.214582E-01
  0.257662E-01
  0.281901E-01
  0.311330E-01
  0.318618E-01
  0.371564E-01
  0.412048E-01
  0.431118E-01
  0.474439E-01
  0.520549E-01
  0.558215E-01
  0.532298E-01
  0.546202E-01
  0.614489E-01
  0.630238E-01
  0.635884E-01
  0.660372E-01
  0.645069E-01
  0.591139E-01
  0.513275E-01
  0.470897E-01
  0.460763E-01
  0.436303E-01
  0.440073E-01
  0.392304E-01
  0.336507E-01
  0.281379E-01
  0.221654E-01
  0.206809E-01
  0.155058E-01
  0.105626E-01
  0.662840E-02
  0.441880E-02
  0.248795E-03
  0.205204E-03
  0.526644E-02
  0.250992E-02
  0.105308E-02
  0.178212E-02
  0.404202E-02
  0.698454E-02
  0.955270E-02
  0.121389E-01
  0.144006E-01
  0.178345E-01
  0.200233E-01
  0.238154E-01
  0.248251E-01
  0.268052E-01
  0.292261E-01
  0.273904E-01
  0.269905E-01
  0.238846E-01
  0.188216E-01
  0.151283E-01
  0.908011E-02
 -0.269710E-03
 -0.772448E-02
 -0.162988E-01
 -0.290710E-01
 -0.419682E-01
 -0.553923E-01
 -0.674582E-01
 -0.815191E-01
 -0.956544E-01
 -0.108010E+00
 -0.120750E+00
 -0.131005E+00
 -0.142499E+00
 -0.150776E+00
 -0.159083E+00
 -0.169209E+00
 -0.175842E+00
 -0.183849E+00
 -0.188599E+00
 -0.193517E+00
 -0.199403E+00
 -0.203732E+00
 -0.210656E+00
 -0.216418E+00
 -0.222066E+00
 -0.226563E+00
 -0.229739E+00
 -0.232140E+00
 -0.233717E+00
 -0.238518E+00
 -0.244381E+00
 -0.247509E+00
 -0.248145E+00
 -0.250028E+00
 -0.253087E+00
 -0.251107E+00
 -0.249745E+00
 -0.251440E+00
 -0.252945E+00
 -0.253840E+00
 -0.249342E+00
 -0.245297E+00
 -0.238183E+00
 -0.230941E+00
 -0.226727E+00
 -0.219828E+00
 -0.215831E+00
 -0.207349E+00
 -0.198649E+00
 -0.191189E+00
 -0.182030E+00
 -0.175773E+00
 -0.170969E+00
 -0.170429E+00
 -0.166029E+00
 -0.159248E+00
 -0.155414E+00
 -0.152094E+00
 -0.148777E+00
 -0.141764E+00
 -0.138162E+00
 -0.134044E+00
 -0.125826E+00
 -0.119922E+00
 -0.111049E+00
 -0.994623E-01
 -0.904545E-01
 -0.828953E-01
 -0.726863E-01
 -0.622595E-01
 -0.542993E-01
 -0.475017E-01
 -0.384344E-01
 -0.279905E-01
 -0.191881E-01
 -0.108521E-01
 -0.645420E-02
  0.825109E-03
  0.933733E-02
  0.124447E-01
  0.204302E-01
  0.297903E-01
  0.367845E-01
  0.421941E-01
  0.452305E-01
  0.499403E-01
  0.545975E-01
  0.604389E-01
  0.659883E-01
  0.686485E-01
  0.697547E-01
  0.732843E-01
  0.780644E-01
  0.790986E-01
  0.816398E-01
  0.847951E-01
  0.899944E-01
  0.948207E-01
  0.980214E-01
  0.104446E+00
  0.109579E+00
  0.116096E+00
  0.120640E+00
  0.127323E+00
  0.134879E+00
  0.135278E+00
  0.137420E+00
  0.140411E+00
  0.143233E+00
  0.142058E+00
  0.137868E+00
  0.134738E+00
  0.130287E+00
  0.124572E+00
  0.113557E+00
  0.103102E+00
  0.933398E-01
  0.796334E-01
  0.667909E-01
  0.546470E-01
  0.419286E-01
  0.293445E-01
  0.169342E-01
  0.185645E-02
 -0.120777E-01
 -0.245137E-01
 -0.395209E-01
 -0.525194E-01
 -0.646575E-01
 -0.772022E-01
 -0.901781E-01
 -0.100692E+00
 -0.109760E+00
 -0.124273E+00
 -0.134442E+00
 -0.140684E+00
 -0.148469E+00
 -0.150140E+00
 -0.153458E+00
 -0.159133E+00
 -0.161771E+00
 -0.166380E+00
 -0.167368E+00
 -0.164804E+00
 -0.164380E+00
 -0.165417E+00
 -0.166098E+00
 -0.164850E+00
 -0.166193E+00
 -0.167370E+00
 -0.167535E+00
 -0.170241E+00
 -0.169133E+00
 -0.164946E+00
 -0.161932E+00
 -0.162169E+00
 -0.164286E+00
 -0.162119E+00
 -0.155556E+00
 -0.150259E+00
 -0.143876E+00
 -0.134491E+00
 -0.129642E+00
 -0.122299E+00
 -0.112061E+00
 -0.103512E+00
 -0.916556E-01
 -0.832027E-01
 -0.752280E-01
 -0.653425E-01
 -0.567700E-01
 -0.447966E-01
 -0.362257E-01
 -0.300852E-01
 -0.229307E-01
 -0.165470E-01
 -0.636134E-02
  0.237412E-02
  0.135249E-01
  0.271062E-01
  0.349014E-01
  0.424761E-01
  0.493511E-01
  0.563609E-01
  0.682701E-01
  0.824484E-01
  0.918311E-01
  0.985438E-01
  0.104518E+00
  0.105436E+00
  0.109841E+00
  0.115367E+00
  0.116828E+00
  0.118098E+00
  0.116733E+00
  0.114119E+00
  0.111414E+00
  0.109978E+00
  0.107013E+00
  0.103294E+00
  0.101527E+00
  0.999039E-01
  0.100823E+00
  0.100258E+00
  0.100869E+00
  0.103623E+00
  0.107200E+00
  0.112876E+00
  0.117908E+00
  0.124287E+00
  0.130362E+00
  0.138949E+00
  0.144481E+00
  0.145422E+00
  0.152506E+00
  0.162326E+00
  0.170512E+00
  0.173666E+00
  0.177572E+00
  0.179597E+00
  0.177997E+00
  0.183503E+00
  0.186208E+00
  0.189975E+00
  0.194920E+00
  0.192918E+00
  0.192824E+00
  0.190892E+00
  0.188564E+00
  0.186541E+00
  0.183338E+00
  0.183716E+00
  0.183904E+00
  0.181009E+00
  0.176562E+00
  0.174396E+00
  0.169478E+00
  0.163498E+00
  0.164205E+00
  0.162370E+00
  0.158649E+00
  0.157050E+00
  0.151845E+00
  0.146764E+00
  0.144270E+00
  0.140761E+00
  0.134480E+00
  0.126873E+00
  0.121158E+00
  0.118451E+00
  0.114069E+00
  0.105460E+00
  0.982310E-01
  0.915031E-01
  0.857124E-01
  0.819206E-01
  0.779225E-01
  0.732119E-01
  0.639431E-01
  0.559163E-01
  0.531140E-01
  0.518205E-01
  0.494647E-01
  0.436310E-01
  0.394172E-01
  0.375092E-01
  0.353928E-01
  0.353695E-01
  0.359102E-01
  0.364280E-01
  0.370161E-01
  0.367811E-01
  0.359094E-01
  0.344513E-01
  0.323803E-01
  0.313446E-01
  0.323564E-01
  0.336748E-01
  0.352981E-01
  0.337690E-01
  0.317213E-01
  0.317681E-01
  0.298834E-01
  0.280731E-01
  0.284491E-01
  0.281659E-01
  0.241198E-01
  0.212947E-01
  0.204005E-01
  0.183292E-01
  0.138062E-01
  0.910273E-02
  0.347318E-02
 -0.440583E-02
 -0.796064E-02
 -0.148868E-01
 -0.239643E-01
 -0.292635E-01
 -0.360383E-01
 -0.413109E-01
 -0.434065E-01
 -0.446295E-01
 -0.484926E-01
 -0.523256E-01
 -0.550084E-01
 -0.557847E-01
 -0.540443E-01
 -0.539030E-01
 -0.502321E-01
 -0.479476E-01
 -0.473578E-01
 -0.436419E-01
 -0.429830E-01
 -0.429114E-01
 -0.422997E-01
 -0.397314E-01
 -0.361332E-01
 -0.322231E-01
 -0.307901E-01
 -0.320149E-01
 -0.298242E-01
 -0.303896E-01
 -0.286921E-01
 -0.248833E-01
 -0.246477E-01
 -0.211377E-01
 -0.179867E-01
 -0.166440E-01
 -0.157510E-01
 -0.127393E-01
 -0.567445E-02
  0.644403E-04
  0.397357E-02
  0.639581E-02
  0.103263E-01
  0.162603E-01
  0.207760E-01
  0.216702E-01
  0.214119E-01
  0.220711E-01
  0.205164E-01
  0.216938E-01
  0.211027E-01
  0.168464E-01
  0.161638E-01
  0.121585E-01
  0.474922E-02
  0.770252E-03
 -0.426423E-02
 -0.113493E-01
 -0.160824E-01
 -0.198461E-01
 -0.230485E-01
 -0.270473E-01
 -0.314492E-01
 -0.352647E-01
 -0.372868E-01
 -0.341531E-01
 -0.310025E-01
 -0.313085E-01
 -0.321323E-01
 -0.337558E-01
 -0.355455E-01
 -0.350743E-01
 -0.342736E-01
 -0.314938E-01
 -0.283665E-01
 -0.318531E-01
 -0.359449E-01
 -0.377569E-01
 -0.400175E-01
 -0.410756E-01
 -0.430544E-01
 -0.441122E-01
 -0.434297E-01
 -0.417801E-01
 -0.418046E-01
 -0.440420E-01
 -0.453122E-01
 -0.468417E-01
 -0.431425E-01
 -0.410750E-01
 -0.426285E-01
 -0.383937E-01
 -0.379213E-01
 -0.408875E-01
 -0.432639E-01
 -0.444404E-01
 -0.433825E-01
 -0.450059E-01
 -0.461825E-01
 -0.485830E-01
 -0.482278E-01
 -0.448183E-01
 -0.472883E-01
 -0.484402E-01
 -0.479244E-01
 -0.458035E-01
 -0.399230E-01
 -0.370278E-01
 -0.342951E-01
 -0.321318E-01
 -0.282214E-01
 -0.184827E-01
 -0.121035E-01
 -0.908804E-02
 -0.523082E-02
 -0.346611E-02
 -0.346527E-02
 -0.266464E-02
 -0.280727E-02
 -0.132458E-02
  0.300893E-02
  0.437194E-02
  0.312494E-02
 -0.172727E-03
 -0.527736E-02
 -0.661722E-02
 -0.464251E-02
 -0.221862E-02
  0.338803E-02
  0.100903E-01
  0.156485E-01
  0.241414E-01
  0.335089E-01
  0.390656E-01
  0.487350E-01
  0.617812E-01
  0.720369E-01
  0.841104E-01
  0.943288E-01
  0.102280E+00
  0.108143E+00
  0.113507E+00
  0.119416E+00
  0.123655E+00
  0.130806E+00
  0.133088E+00
  0.134431E+00
  0.136809E+00
  0.133582E+00
  0.132149E+00
  0.128921E+00
  0.127205E+00
  0.128924E+00
  0.124991E+00
  0.119581E+00
  0.115059E+00
  0.107861E+00
  0.992935E-01
  0.928415E-01
  0.875016E-01
  0.809073E-01
  0.718980E-01
  0.641069E-01
  0.580070E-01
  0.484798E-01
  0.400026E-01
  0.350165E-01
  0.279328E-01
  0.202792E-01
  0.177170E-01
  0.135939E-01
  0.580868E-02
  0.159827E-03
 -0.384346E-02
 -0.683088E-02
 -0.103635E-01
 -0.128089E-01
 -0.160094E-01
 -0.204833E-01
 -0.241058E-01
 -0.278739E-01
 -0.277784E-01
 -0.271186E-01
 -0.294503E-01
 -0.289554E-01
 -0.305581E-01
 -0.344621E-01
 -0.350036E-01
 -0.377129E-01
 -0.365578E-01
 -0.346052E-01
 -0.385572E-01
 -0.405346E-01
 -0.421833E-01
 -0.439235E-01
 -0.447479E-01
 -0.461831E-01
 -0.487246E-01
 -0.491471E-01
 -0.478542E-01
 -0.495504E-01
 -0.516433E-01
 -0.529846E-01
 -0.543742E-01
 -0.565622E-01
 -0.565134E-01
 -0.568678E-01
 -0.614812E-01
 -0.616671E-01
 -0.621868E-01
 -0.708311E-01
 -0.762852E-01
 -0.761441E-01
 -0.791834E-01
 -0.849224E-01
 -0.908099E-01
 -0.928785E-01
 -0.922901E-01
 -0.948812E-01
 -0.975150E-01
 -0.995408E-01
 -0.986214E-01
 -0.940554E-01
 -0.897696E-01
 -0.884769E-01
 -0.913031E-01
 -0.907842E-01
 -0.853710E-01
 -0.828289E-01
 -0.825234E-01
 -0.782597E-01
 -0.771554E-01
 -0.777445E-01
 -0.747307E-01
 -0.792735E-01
 -0.830860E-01
 -0.800284E-01
 -0.769680E-01
 -0.715745E-01
 -0.722601E-01
 -0.727990E-01
 -0.675775E-01
 -0.689887E-01
 -0.694339E-01
 -0.693416E-01
 -0.673141E-01
 -0.609166E-01
 -0.597399E-01
 -0.596450E-01
 -0.594571E-01
 -0.585382E-01
 -0.572683E-01
 -0.578096E-01
 -0.576215E-01
 -0.540916E-01
 -0.518085E-01
 -0.529380E-01
 -0.519266E-01
 -0.537412E-01
 -0.579504E-01
 -0.618375E-01
 -0.651762E-01
 -0.624711E-01
 -0.581857E-01
 -0.598094E-01
 -0.633887E-01
 -0.632705E-01
 -0.641640E-01
 -0.667303E-01
 -0.667064E-01
 -0.637152E-01
 -0.583052E-01
 -0.545624E-01
 -0.553627E-01
 -0.596208E-01
 -0.598550E-01
 -0.565861E-01
 -0.561155E-01
 -0.551969E-01
 -0.543737E-01
 -0.562338E-01
 -0.586095E-01
 -0.583522E-01
 -0.600246E-01
 -0.642575E-01
 -0.647048E-01
 -0.670825E-01
 -0.705426E-01
 -0.707080E-01
 -0.741906E-01
 -0.800064E-01
 -0.820520E-01
 -0.823578E-01
 -0.838176E-01
 -0.864049E-01
 -0.878172E-01
 -0.853007E-01
 -0.842405E-01
 -0.827318E-01
 -0.808989E-01
 -0.836781E-01
 -0.827349E-01
 -0.771333E-01
 -0.729184E-01
 -0.708956E-01
 -0.686814E-01
 -0.678363E-01
 -0.681887E-01
 -0.676716E-01
 -0.678366E-01
 -0.681889E-01
 -0.681653E-01
 -0.662604E-01
 -0.661671E-01
 -0.680941E-01
 -0.663746E-01
 -0.638351E-01
 -0.615756E-01
 -0.589861E-01
 -0.580217E-01
 -0.565615E-01
 -0.539745E-01
 -0.521616E-01
 -0.509828E-01
 -0.471012E-01
 -0.407200E-01
 -0.359687E-01
 -0.328856E-01
 -0.323925E-01
 -0.326502E-01
 -0.300356E-01
 -0.279194E-01
 -0.238953E-01
 -0.170184E-01
 -0.133038E-01
 -0.793259E-02
 -0.193567E-02
  0.114726E-02
  0.531580E-02
  0.117850E-01
  0.195799E-01
  0.230358E-01
  0.284008E-01
  0.348522E-01
  0.368513E-01
  0.419866E-01
  0.447366E-01
  0.463354E-01
  0.509984E-01
  0.553739E-01
  0.581992E-01
  0.589289E-01
  0.611633E-01
  0.617274E-01
  0.633528E-01
  0.677096E-01
  0.709550E-01
  0.757553E-01
  0.782738E-01
  0.801099E-01
  0.801323E-01
  0.774512E-01
  0.822748E-01
  0.888685E-01
  0.925601E-01
  0.966342E-01
  0.988220E-01
  0.987279E-01
  0.998820E-01
  0.103011E+00
  0.105978E+00
  0.110165E+00
  0.114285E+00
  0.116451E+00
  0.116498E+00
  0.117087E+00
  0.117086E+00
  0.115156E+00
  0.118714E+00
  0.121558E+00
  0.120451E+00
  0.124380E+00
  0.123160E+00
  0.117485E+00
  0.118685E+00
  0.120097E+00
  0.121157E+00
  0.119982E+00
  0.119913E+00
  0.125746E+00
  0.127605E+00
  0.126358E+00
  0.124595E+00
  0.124926E+00
  0.128147E+00
  0.128830E+00
  0.130760E+00
  0.133090E+00
  0.133396E+00
  0.133678E+00
  0.131581E+00
  0.125960E+00
  0.122452E+00
  0.120143E+00
  0.114615E+00
  0.110589E+00
  0.107390E+00
  0.103835E+00
  0.998076E-01
  0.968684E-01
  0.945358E-01
  0.924201E-01
  0.941144E-01
  0.916630E-01
  0.865127E-01
  0.875975E-01
  0.898779E-01
  0.862309E-01
  0.825350E-01
  0.806761E-01
  0.790754E-01
  0.779690E-01
  0.741330E-01
  0.719915E-01
  0.708615E-01
  0.690954E-01
  0.634015E-01
  0.584813E-01
  0.583865E-01
  0.568337E-01
  0.573763E-01
  0.558695E-01
  0.511619E-01
  0.469699E-01
  0.448304E-01
  0.457725E-01
  0.514426E-01
  0.592098E-01
  0.630717E-01
  0.669773E-01
  0.691425E-01
  0.706487E-01
  0.738735E-01
  0.773121E-01
  0.823930E-01
  0.900008E-01
  0.994090E-01
  0.103152E+00
  0.102376E+00
  0.105129E+00
  0.108213E+00
  0.108471E+00
  0.107059E+00
  0.106943E+00
  0.114142E+00
  0.120805E+00
  0.121628E+00
  0.123628E+00
  0.124216E+00
  0.122617E+00
  0.123630E+00
  0.124453E+00
  0.125205E+00
  0.130010E+00
  0.131796E+00
  0.131727E+00
  0.130714E+00
  0.124100E+00
  0.123444E+00
  0.122665E+00
  0.120736E+00
  0.126570E+00
  0.128689E+00
  0.128879E+00
  0.129419E+00
  0.130008E+00
  0.130737E+00
  0.127066E+00
  0.127491E+00
  0.131066E+00
  0.131678E+00
  0.130595E+00
  0.128360E+00
  0.125251E+00
  0.119722E+00
  0.115485E+00
  0.114003E+00
  0.111367E+00
  0.108141E+00
  0.104753E+00
  0.101009E+00
  0.985865E-01
  0.959744E-01
  0.910521E-01
  0.851244E-01
  0.829122E-01
  0.837823E-01
  0.808412E-01
  0.753542E-01
  0.713558E-01
  0.707445E-01
  0.678258E-01
  0.576590E-01
  0.540591E-01
  0.528804E-01
  0.436954E-01
  0.398405E-01
  0.366174E-01
  0.279983E-01
  0.208481E-01
  0.144895E-01
  0.569145E-02
 -0.617234E-03
 -0.466903E-02
 -0.144787E-01
 -0.213767E-01
 -0.274706E-01
 -0.356853E-01
 -0.418323E-01
 -0.465830E-01
 -0.493384E-01
 -0.561609E-01
 -0.627757E-01
 -0.669681E-01
 -0.736248E-01
 -0.786404E-01
 -0.810162E-01
 -0.837225E-01
 -0.893282E-01
 -0.971137E-01
 -0.103354E+00
 -0.109494E+00
 -0.113308E+00
 -0.117359E+00
 -0.121804E+00
 -0.123853E+00
 -0.131052E+00
 -0.137526E+00
 -0.142355E+00
 -0.145081E+00
 -0.143316E+00
 -0.144163E+00
 -0.143975E+00
 -0.144071E+00
 -0.145316E+00
 -0.145623E+00
 -0.144705E+00
 -0.143739E+00
 -0.145294E+00
 -0.140469E+00
 -0.133406E+00
 -0.132983E+00
 -0.132019E+00
 -0.128769E+00
 -0.124676E+00
 -0.118341E+00
 -0.113379E+00
 -0.109307E+00
 -0.102383E+00
 -0.956092E-01
 -0.909702E-01
 -0.880298E-01
 -0.836531E-01
 -0.763761E-01
 -0.708254E-01
 -0.670337E-01
 -0.620001E-01
 -0.572221E-01
 -0.555505E-01
 -0.518091E-01
 -0.458752E-01
 -0.420645E-01
 -0.379930E-01
 -0.365343E-01
 -0.354274E-01
 -0.339446E-01
 -0.349563E-01
 -0.330039E-01
 -0.326754E-01
 -0.348151E-01
 -0.340853E-01
 -0.361562E-01
 -0.412398E-01
 -0.445835E-01
 -0.468182E-01
 -0.501390E-01
 -0.559732E-01
 -0.615047E-01
 -0.656257E-01
 -0.703773E-01
 -0.729674E-01
 -0.756026E-01
 -0.806389E-01
 -0.838176E-01
 -0.882172E-01
 -0.939863E-01
 -0.958438E-01
 -0.969500E-01
 -0.995877E-01
 -0.103375E+00
 -0.104221E+00
 -0.103611E+00
 -0.105658E+00
 -0.105963E+00
 -0.107588E+00
 -0.108764E+00
 -0.110623E+00
 -0.112860E+00
 -0.110506E+00
 -0.110036E+00
 -0.109729E+00
 -0.108553E+00
 -0.107777E+00
 -0.105704E+00
 -0.104881E+00
 -0.106366E+00
 -0.108812E+00
 -0.108930E+00
 -0.109638E+00
 -0.111684E+00
 -0.111919E+00
 -0.115472E+00
 -0.119426E+00
 -0.124350E+00
 -0.130912E+00
 -0.134303E+00
 -0.141597E+00
 -0.146235E+00
 -0.146683E+00
 -0.150940E+00
 -0.153837E+00
 -0.158684E+00
 -0.163580E+00
 -0.165418E+00
 -0.167487E+00
 -0.165861E+00
 -0.164663E+00
 -0.161886E+00
 -0.157814E+00
 -0.157390E+00
 -0.154445E+00
 -0.150025E+00
 -0.143999E+00
 -0.137830E+00
 -0.131620E+00
 -0.124414E+00
 -0.119286E+00
 -0.114014E+00
 -0.109682E+00
 -0.103423E+00
 -0.993511E-01
 -0.952331E-01
 -0.838661E-01
 -0.777218E-01
 -0.733916E-01
 -0.692717E-01
 -0.672015E-01
 -0.573177E-01
 -0.488412E-01
 -0.394539E-01
 -0.283638E-01
 -0.227889E-01
 -0.179638E-01
 -0.165049E-01
 -0.848083E-02
  0.258580E-02
  0.776046E-02
  0.151509E-01
  0.210842E-01
  0.253882E-01
  0.294149E-01
  0.339094E-01
  0.408756E-01
  0.483647E-01
  0.528794E-01
  0.576143E-01
  0.674004E-01
  0.713320E-01
  0.745612E-01
  0.823696E-01
  0.852414E-01
  0.901595E-01
  0.962325E-01
  0.100778E+00
  0.106000E+00
  0.108473E+00
  0.109836E+00
  0.110802E+00
  0.113392E+00
  0.117179E+00
  0.118969E+00
  0.121533E+00
  0.126641E+00
  0.130927E+00
  0.131419E+00
  0.127226E+00
  0.125841E+00
  0.129277E+00
  0.131632E+00
  0.134620E+00
  0.135489E+00
  0.134079E+00
  0.132079E+00
  0.130831E+00
  0.131137E+00
  0.128994E+00
  0.129253E+00
  0.130172E+00
  0.133188E+00
  0.135091E+00
  0.130122E+00
  0.132124E+00
  0.132997E+00
  0.130314E+00
  0.131984E+00
  0.136295E+00
  0.142574E+00
  0.140976E+00
  0.141238E+00
  0.142976E+00
  0.138172E+00
  0.141914E+00
  0.147917E+00
  0.146151E+00
  0.146976E+00
  0.150272E+00
  0.148201E+00
  0.143728E+00
  0.142152E+00
  0.140857E+00
  0.140316E+00
  0.142410E+00
  0.140834E+00
  0.137397E+00
  0.135444E+00
  0.132571E+00
  0.131701E+00
  0.129725E+00
  0.129209E+00
  0.133960E+00
  0.135772E+00
  0.135303E+00
  0.136079E+00
  0.140060E+00
  0.143493E+00
  0.146108E+00
  0.150907E+00
  0.153566E+00
  0.156958E+00
  0.158392E+00
  0.159028E+00
  0.161568E+00
  0.161710E+00
  0.163312E+00
  0.164911E+00
  0.164275E+00
  0.163711E+00
  0.161946E+00
  0.161428E+00
  0.160651E+00
  0.156647E+00
  0.155684E+00
  0.155238E+00
  0.150692E+00
  0.148012E+00
  0.144949E+00
  0.137375E+00
  0.131090E+00
  0.127275E+00
  0.121605E+00
  0.115365E+00
  0.111767E+00
  0.106731E+00
  0.995010E-01
  0.934798E-01
  0.851893E-01
  0.764870E-01
  0.717557E-01
  0.659379E-01
  0.583173E-01
  0.554924E-01
  0.511627E-01
  0.425485E-01
  0.376509E-01
  0.317926E-01
  0.270136E-01
  0.256490E-01
  0.212481E-01
  0.173866E-01
  0.111753E-01
  0.708003E-02
  0.611438E-02
 -0.616516E-03
 -0.520718E-02
 -0.963071E-02
 -0.142687E-01
 -0.164801E-01
 -0.209282E-01
 -0.252143E-01
 -0.291425E-01
 -0.298947E-01
 -0.293547E-01
 -0.326494E-01
 -0.321765E-01
 -0.286961E-01
 -0.297566E-01
 -0.300141E-01
 -0.276134E-01
 -0.263656E-01
 -0.261775E-01
 -0.219369E-01
 -0.168339E-01
 -0.175630E-01
 -0.175149E-01
 -0.171393E-01
 -0.202954E-01
 -0.226472E-01
 -0.251885E-01
 -0.263413E-01
 -0.257068E-01
 -0.307952E-01
 -0.358506E-01
 -0.405334E-01
 -0.444175E-01
 -0.459000E-01
 -0.497859E-01
 -0.467021E-01
 -0.464172E-01
 -0.505131E-01
 -0.509370E-01
 -0.542581E-01
 -0.547977E-01
 -0.561379E-01
 -0.570546E-01
 -0.559503E-01
 -0.564679E-01
 -0.569624E-01
 -0.598334E-01
 -0.617168E-01
 -0.660935E-01
 -0.700244E-01
 -0.721424E-01
 -0.750146E-01
 -0.757918E-01
 -0.803562E-01
 -0.887637E-01
 -0.966666E-01
 -0.100598E+00
 -0.101917E+00
 -0.101305E+00
 -0.102295E+00
 -0.107964E+00
 -0.112648E+00
 -0.117123E+00
 -0.120415E+00
 -0.123030E+00
 -0.127311E+00
 -0.128089E+00
 -0.127972E+00
 -0.130371E+00
 -0.132985E+00
 -0.138325E+00
 -0.142186E+00
 -0.143623E+00
 -0.144328E+00
 -0.143292E+00
 -0.148845E+00
 -0.152166E+00
 -0.151908E+00
 -0.157860E+00
 -0.159601E+00
 -0.158332E+00
 -0.161909E+00
 -0.167631E+00
 -0.169229E+00
 -0.171162E+00
 -0.175889E+00
 -0.177725E+00
 -0.181259E+00
 -0.182268E+00
 -0.180079E+00
 -0.179820E+00
 -0.178102E+00
 -0.175088E+00
 -0.172901E+00
 -0.173490E+00
 -0.175042E+00
 -0.172831E+00
 -0.170076E+00
 -0.171229E+00
 -0.172076E+00
 -0.170382E+00
 -0.169393E+00
 -0.175071E+00
 -0.180973E+00
 -0.183917E+00
 -0.193775E+00
 -0.201379E+00
 -0.206043E+00
 -0.212770E+00
 -0.218516E+00
 -0.223856E+00
 -0.225386E+00
 -0.229179E+00
 -0.235059E+00
 -0.239180E+00
 -0.242637E+00
 -0.244262E+00
 -0.245580E+00
 -0.243697E+00
 -0.241650E+00
 -0.241649E+00
 -0.240237E+00
 -0.239955E+00
 -0.238189E+00
 -0.233503E+00
 -0.229905E+00
 -0.225739E+00
 -0.221313E+00
 -0.217007E+00
 -0.212463E+00
 -0.209734E+00
 -0.207334E+00
 -0.199254E+00
 -0.190388E+00
 -0.183864E+00
 -0.173113E+00
 -0.166381E+00
 -0.160845E+00
 -0.153319E+00
 -0.148491E+00
 -0.138422E+00
 -0.129077E+00
 -0.122882E+00
 -0.113215E+00
 -0.103089E+00
 -0.940801E-01
 -0.879600E-01
 -0.833906E-01
 -0.757683E-01
 -0.689409E-01
 -0.596951E-01
 -0.479257E-01
 -0.410260E-01
 -0.311219E-01
 -0.207616E-01
 -0.117985E-01
 -0.132418E-02
  0.713019E-02
  0.203975E-01
  0.362455E-01
  0.515360E-01
  0.642944E-01
  0.747505E-01
  0.852873E-01
  0.919994E-01
  0.102586E+00
  0.116755E+00
  0.130791E+00
  0.141751E+00
  0.149005E+00
  0.159002E+00
  0.165004E+00
  0.171836E+00
  0.181480E+00
  0.186448E+00
  0.190658E+00
  0.194024E+00
  0.197275E+00
  0.200097E+00
  0.202947E+00
  0.206309E+00
  0.207558E+00
  0.207652E+00
  0.205182E+00
  0.204477E+00
  0.207792E+00
  0.205158E+00
  0.201486E+00
  0.204144E+00
  0.205462E+00
  0.203580E+00
  0.202686E+00
  0.203888E+00
  0.205016E+00
  0.205180E+00
  0.203180E+00
  0.200380E+00
  0.202218E+00
  0.204169E+00
  0.204735E+00
  0.207981E+00
  0.207934E+00
  0.204544E+00
  0.201439E+00
  0.199249E+00
  0.198638E+00
  0.198214E+00
  0.199721E+00
  0.201509E+00
  0.197857E+00
  0.190707E+00
  0.187740E+00
  0.186374E+00
  0.186658E+00
  0.189035E+00
  0.188659E+00
  0.187576E+00
  0.185244E+00
  0.183928E+00
  0.182725E+00
  0.183268E+00
  0.185316E+00
  0.183762E+00
  0.185881E+00
  0.186114E+00
  0.182398E+00
  0.181480E+00
  0.179077E+00
  0.176655E+00
  0.175713E+00
  0.175078E+00
  0.174748E+00
  0.174702E+00
  0.174396E+00
  0.170792E+00
  0.166488E+00
  0.164157E+00
  0.162085E+00
  0.160274E+00
  0.160416E+00
  0.162981E+00
  0.162440E+00
  0.158413E+00
  0.156320E+00
  0.154177E+00
  0.153095E+00
  0.150343E+00
  0.148649E+00
  0.154106E+00
  0.153986E+00
  0.150860E+00
  0.150319E+00
  0.147728E+00
  0.146717E+00
  0.147659E+00
  0.151471E+00
  0.153990E+00
  0.154203E+00
  0.158626E+00
  0.163382E+00
  0.163852E+00
  0.164816E+00
  0.172401E+00
  0.181762E+00
  0.187437E+00
  0.194565E+00
  0.200756E+00
  0.201723E+00
  0.206144E+00
  0.215463E+00
  0.222234E+00
  0.226386E+00
  0.231275E+00
  0.235269E+00
  0.238554E+00
  0.243146E+00
  0.248524E+00
  0.254560E+00
  0.257598E+00
  0.259423E+00
  0.258551E+00
  0.257049E+00
  0.261359E+00
  0.265501E+00
  0.267083E+00
  0.266662E+00
  0.267579E+00
  0.268223E+00
  0.267376E+00
  0.268207E+00
  0.267575E+00
  0.267454E+00
  0.265053E+00
  0.259613E+00
  0.257155E+00
  0.254338E+00
  0.251942E+00
  0.249635E+00
  0.242813E+00
  0.239429E+00
  0.237190E+00
  0.233840E+00
  0.232851E+00
  0.228385E+00
  0.223424E+00
  0.218573E+00
  0.216148E+00
  0.213556E+00
  0.207911E+00
  0.206923E+00
  0.204546E+00
  0.201015E+00
  0.196209E+00
  0.193836E+00
  0.195130E+00
  0.192354E+00
  0.192236E+00
  0.189619E+00
  0.185387E+00
  0.182607E+00
  0.179432E+00
  0.175926E+00
  0.169709E+00
  0.167806E+00
  0.165189E+00
  0.158957E+00
  0.152532E+00
  0.145302E+00
  0.138787E+00
  0.134690E+00
  0.131396E+00
  0.126477E+00
  0.121461E+00
  0.116215E+00
  0.111058E+00
  0.107672E+00
  0.104141E+00
  0.989606E-01
  0.959271E-01
  0.932885E-01
  0.903490E-01
  0.885135E-01
  0.857812E-01
  0.834061E-01
  0.823461E-01
  0.817580E-01
  0.798995E-01
  0.774742E-01
  0.752859E-01
  0.744153E-01
  0.726506E-01
  0.698256E-01
  0.687893E-01
  0.685078E-01
  0.706982E-01
  0.703907E-01
  0.661076E-01
  0.637528E-01
  0.606001E-01
  0.584822E-01
  0.583869E-01
  0.559868E-01
  0.535852E-01
  0.490440E-01
  0.457013E-01
  0.453720E-01
  0.408303E-01
  0.378409E-01
  0.344989E-01
  0.313453E-01
  0.318387E-01
  0.275797E-01
  0.216927E-01
  0.178113E-01
  0.139962E-01
  0.886841E-02
  0.667814E-02
  0.547599E-02
  0.204277E-02
 -0.665761E-03
 -0.614785E-02
 -0.109494E-01
 -0.161790E-01
 -0.209997E-01
 -0.232378E-01
 -0.268124E-01
 -0.306957E-01
 -0.382566E-01
 -0.492884E-01
 -0.605453E-01
 -0.720239E-01
 -0.837218E-01
 -0.917745E-01
 -0.997260E-01
 -0.112797E+00
 -0.126439E+00
 -0.142701E+00
 -0.160952E+00
 -0.176570E+00
 -0.187944E+00
 -0.196882E+00
 -0.209591E+00
 -0.223109E+00
 -0.235246E+00
 -0.247869E+00
 -0.257535E+00
 -0.266972E+00
 -0.277451E+00
 -0.283801E+00
 -0.289548E+00
 -0.296605E+00
 -0.304913E+00
 -0.313696E+00
 -0.317458E+00
 -0.320356E+00
 -0.323271E+00
 -0.326260E+00
 -0.333043E+00
 -0.337652E+00
 -0.340290E+00
 -0.342634E+00
 -0.344216E+00
 -0.345304E+00
 -0.345198E+00
 -0.347097E+00
 -0.348966E+00
 -0.352467E+00
 -0.356085E+00
 -0.356478E+00
 -0.356591E+00
 -0.352866E+00
 -0.351615E+00
 -0.352694E+00
 -0.350905E+00
 -0.349060E+00
 -0.346660E+00
 -0.346343E+00
 -0.345763E+00
 -0.342906E+00
 -0.338965E+00
 -0.334548E+00
 -0.327566E+00
 -0.322749E+00
 -0.322382E+00
 -0.316267E+00
 -0.311146E+00
 -0.306033E+00
 -0.296505E+00
 -0.290152E+00
 -0.281039E+00
 -0.269728E+00
 -0.261585E+00
 -0.254426E+00
 -0.249910E+00
 -0.242066E+00
 -0.228259E+00
 -0.216443E+00
 -0.205986E+00
 -0.196484E+00
 -0.188265E+00
 -0.181350E+00
 -0.174573E+00
 -0.165152E+00
 -0.155932E+00
 -0.144980E+00
 -0.134585E+00
 -0.127101E+00
 -0.119612E+00
 -0.113967E+00
 -0.106147E+00
 -0.982218E-01
 -0.927614E-01
 -0.850602E-01
 -0.792043E-01
 -0.757656E-01
 -0.735791E-01
 -0.703315E-01
 -0.667767E-01
 -0.641650E-01
 -0.594313E-01
 -0.574096E-01
 -0.551977E-01
 -0.553179E-01
 -0.572923E-01
 -0.570809E-01
 -0.605626E-01
 -0.608467E-01
 -0.636287E-01
 -0.687537E-01
 -0.714634E-01
 -0.775556E-01
 -0.800750E-01
 -0.820073E-01
 -0.864759E-01
 -0.927417E-01
 -0.999857E-01
 -0.105422E+00
 -0.109755E+00
 -0.114083E+00
 -0.120301E+00
 -0.124322E+00
 -0.128370E+00
 -0.135458E+00
 -0.140891E+00
 -0.143270E+00
 -0.144234E+00
 -0.146940E+00
 -0.151132E+00
 -0.152660E+00
 -0.149880E+00
 -0.147623E+00
 -0.148964E+00
 -0.149528E+00
 -0.147835E+00
 -0.144632E+00
 -0.140727E+00
 -0.137950E+00
 -0.135006E+00
 -0.132537E+00
 -0.129262E+00
 -0.126958E+00
 -0.131194E+00
 -0.132157E+00
 -0.127006E+00
 -0.121401E+00
 -0.116768E+00
 -0.115567E+00
 -0.115261E+00
 -0.117873E+00
 -0.118130E+00
 -0.113096E+00
 -0.109048E+00
 -0.103301E+00
 -0.986689E-01
 -0.967839E-01
 -0.970667E-01
 -0.987621E-01
 -0.964065E-01
 -0.903379E-01
 -0.844270E-01
 -0.811336E-01
 -0.776513E-01
 -0.742372E-01
 -0.723080E-01
 -0.686340E-01
 -0.641649E-01
 -0.601634E-01
 -0.587046E-01
 -0.554808E-01
 -0.495001E-01
 -0.458071E-01
 -0.379235E-01
 -0.316147E-01
 -0.323203E-01
 -0.316124E-01
 -0.281784E-01
 -0.244595E-01
 -0.225053E-01
 -0.190469E-01
 -0.175422E-01
 -0.183173E-01
 -0.150451E-01
 -0.131388E-01
 -0.148566E-01
 -0.186014E-01
 -0.200815E-01
 -0.190228E-01
 -0.173504E-01
 -0.150923E-01
 -0.167419E-01
 -0.203872E-01
 -0.249054E-01
 -0.289319E-01
 -0.286019E-01
 -0.274246E-01
 -0.266491E-01
 -0.270248E-01
 -0.319238E-01
 -0.350742E-01
 -0.364174E-01
 -0.388870E-01
 -0.358991E-01
 -0.308591E-01
 -0.305784E-01
 -0.336168E-01
 -0.343211E-01
 -0.341087E-01
 -0.364169E-01
 -0.331225E-01
 -0.299688E-01
 -0.348138E-01
 -0.342508E-01
 -0.307675E-01
 -0.302027E-01
 -0.268575E-01
 -0.279885E-01
 -0.297082E-01
 -0.268832E-01
 -0.259899E-01
 -0.241044E-01
 -0.225529E-01
 -0.195408E-01
 -0.149733E-01
 -0.167631E-01
 -0.172777E-01
 -0.163388E-01
 -0.159635E-01
 -0.105933E-01
 -0.586637E-02
 -0.226259E-02
 -0.162971E-02
 -0.877458E-03
  0.272632E-02
  0.434836E-02
  0.788169E-02
  0.126799E-01
  0.190340E-01
  0.207975E-01
  0.196461E-01
  0.230384E-01
  0.253897E-01
  0.277893E-01
  0.294381E-01
  0.308268E-01
  0.297176E-01
  0.269189E-01
  0.273192E-01
  0.276962E-01
  0.300966E-01
  0.303301E-01
  0.289432E-01
  0.276260E-01
  0.243771E-01
  0.246830E-01
  0.237627E-01
  0.240004E-01
  0.233903E-01
  0.181153E-01
  0.170811E-01
  0.152190E-01
  0.140688E-01
  0.183755E-01
  0.195277E-01
  0.169175E-01
  0.153395E-01
  0.144923E-01
  0.160224E-01
  0.164207E-01
  0.169399E-01
  0.232282E-01
  0.248248E-01
  0.261656E-01
  0.310869E-01
  0.318624E-01
  0.332287E-01
  0.335569E-01
  0.345211E-01
  0.368514E-01
  0.370633E-01
  0.392775E-01
  0.426879E-01
  0.440072E-01
  0.432767E-01
  0.415591E-01
  0.389214E-01
  0.387573E-01
  0.409238E-01
  0.409699E-01
  0.408521E-01
  0.397920E-01
  0.381462E-01
  0.400052E-01
  0.408990E-01
  0.410648E-01
  0.424777E-01
  0.420295E-01
  0.416054E-01
  0.427132E-01
  0.449711E-01
  0.470666E-01
  0.494664E-01
  0.482906E-01
  0.439350E-01
  0.460067E-01
  0.503621E-01
  0.518199E-01
  0.539152E-01
  0.533487E-01
  0.496558E-01
  0.491383E-01
  0.498198E-01
  0.500790E-01
  0.508084E-01
  0.509967E-01
  0.504557E-01
  0.483611E-01
  0.469951E-01
  0.440742E-01
  0.410174E-01
  0.417004E-01
  0.421945E-01
  0.449003E-01
  0.483851E-01
  0.482195E-01
  0.499869E-01
  0.545974E-01
  0.555396E-01
  0.575193E-01
  0.652585E-01
  0.705084E-01
  0.752141E-01
  0.813813E-01
  0.859030E-01
  0.907482E-01
  0.947987E-01
  0.992451E-01
  0.104023E+00
  0.110806E+00
  0.117297E+00
  0.119557E+00
  0.122263E+00
  0.124288E+00
  0.125984E+00
  0.129677E+00
  0.131937E+00
  0.133514E+00
  0.137985E+00
  0.140479E+00
  0.138668E+00
  0.137185E+00
  0.136597E+00
  0.138433E+00
  0.142294E+00
  0.145658E+00
  0.148437E+00
  0.149589E+00
  0.150271E+00
  0.153121E+00
  0.154814E+00
  0.156864E+00
  0.160838E+00
  0.166228E+00
  0.174824E+00
  0.179197E+00
  0.181766E+00
  0.184846E+00
  0.186751E+00
  0.195043E+00
  0.203321E+00
  0.206806E+00
  0.212264E+00
  0.213842E+00
  0.211912E+00
  0.214453E+00
  0.214240E+00
  0.213112E+00
  0.213630E+00
  0.212524E+00
  0.213136E+00
  0.210355E+00
  0.205746E+00
  0.203369E+00
  0.201697E+00
  0.203368E+00
  0.203202E+00
  0.201815E+00
  0.201980E+00
  0.197999E+00
  0.194989E+00
  0.195833E+00
  0.196562E+00
  0.197176E+00
  0.198867E+00
  0.200666E+00
  0.197017E+00
  0.193229E+00
  0.193636E+00
  0.192797E+00
  0.191697E+00
  0.192001E+00
  0.192085E+00
  0.191356E+00
  0.190508E+00
  0.188800E+00
  0.189373E+00
  0.190911E+00
  0.190165E+00
  0.191202E+00
  0.191859E+00
  0.190357E+00
  0.189635E+00
  0.188866E+00
  0.187312E+00
  0.188401E+00
  0.189436E+00
  0.190755E+00
  0.193243E+00
  0.192689E+00
  0.191186E+00
  0.188925E+00
  0.190724E+00
  0.192679E+00
  0.192100E+00
  0.197775E+00
  0.200910E+00
  0.199438E+00
  0.199235E+00
  0.198609E+00
  0.199584E+00
  0.200704E+00
  0.200617E+00
  0.201391E+00
  0.201779E+00
  0.201958E+00
  0.201046E+00
  0.199391E+00
  0.198753E+00
  0.197434E+00
  0.196788E+00
  0.194257E+00
  0.189224E+00
  0.185081E+00
  0.181855E+00
  0.180233E+00
  0.176157E+00
  0.171995E+00
  0.169524E+00
  0.164484E+00
  0.160674E+00
  0.156175E+00
  0.147613E+00
  0.140998E+00
  0.138361E+00
  0.135679E+00
  0.132571E+00
  0.128336E+00
  0.121629E+00
  0.116897E+00
  0.110968E+00
  0.106707E+00
  0.106824E+00
  0.100894E+00
  0.970578E-01
  0.947747E-01
  0.877800E-01
  0.792409E-01
  0.694266E-01
  0.655898E-01
  0.592598E-01
  0.510194E-01
  0.444314E-01
  0.321459E-01
  0.212434E-01
  0.736353E-02
 -0.921481E-02
 -0.207158E-01
 -0.295654E-01
 -0.379495E-01
 -0.490058E-01
 -0.592253E-01
 -0.707525E-01
 -0.828275E-01
 -0.900807E-01
 -0.100173E+00
 -0.109191E+00
 -0.117542E+00
 -0.130017E+00
 -0.138823E+00
 -0.147668E+00
 -0.155533E+00
 -0.161273E+00
 -0.169581E+00
 -0.175727E+00
 -0.183090E+00
 -0.194771E+00
 -0.204602E+00
 -0.210416E+00
 -0.216988E+00
 -0.224255E+00
 -0.228281E+00
 -0.232846E+00
 -0.240730E+00
 -0.247394E+00
 -0.251936E+00
 -0.258170E+00
 -0.262655E+00
 -0.263730E+00
 -0.266048E+00
 -0.268590E+00
 -0.269572E+00
 -0.269892E+00
 -0.270697E+00
 -0.270157E+00
 -0.268619E+00
 -0.265792E+00
 -0.259909E+00
 -0.256964E+00
 -0.254612E+00
 -0.251089E+00
 -0.245827E+00
 -0.237200E+00
 -0.231690E+00
 -0.225475E+00
 -0.219729E+00
 -0.215696E+00
 -0.208775E+00
 -0.202083E+00
 -0.194547E+00
 -0.185917E+00
 -0.178812E+00
 -0.172809E+00
 -0.162081E+00
 -0.150484E+00
 -0.142613E+00
 -0.132215E+00
 -0.124577E+00
 -0.115576E+00
 -0.104992E+00
 -0.961959E-01
 -0.817821E-01
 -0.713976E-01
 -0.651777E-01
 -0.568788E-01
 -0.475284E-01
 -0.390724E-01
 -0.312083E-01
 -0.181913E-01
 -0.495723E-02
  0.298042E-02
  0.773265E-02
  0.114254E-01
  0.166146E-01
  0.273149E-01
  0.355288E-01
  0.417782E-01
  0.526782E-01
  0.552623E-01
  0.571209E-01
  0.662446E-01
  0.671345E-01
  0.650664E-01
  0.698529E-01
  0.737422E-01
  0.770456E-01
  0.793309E-01
  0.760302E-01
  0.749419E-01
  0.757065E-01
  0.725162E-01
  0.687910E-01
  0.654108E-01
  0.625720E-01
  0.610176E-01
  0.554250E-01
  0.499275E-01
  0.484574E-01
  0.422757E-01
  0.381851E-01
  0.383300E-01
  0.326626E-01
  0.272422E-01
  0.246487E-01
  0.223199E-01
  0.198427E-01
  0.141239E-01
  0.880192E-02
  0.738706E-02
  0.622090E-02
  0.141220E-02
  0.715188E-03
  0.343074E-02
 -0.124012E-02
 -0.779807E-02
 -0.115708E-01
 -0.159444E-01
 -0.219590E-01
 -0.236149E-01
 -0.242946E-01
 -0.285447E-01
 -0.311113E-01
 -0.356404E-01
 -0.416754E-01
 -0.453867E-01
 -0.480680E-01
 -0.502629E-01
 -0.501868E-01
 -0.521792E-01
 -0.554398E-01
 -0.538915E-01
 -0.535346E-01
 -0.531830E-01
 -0.518081E-01
 -0.516830E-01
 -0.519869E-01
 -0.516966E-01
 -0.475959E-01
 -0.441332E-01
 -0.410307E-01
 -0.381102E-01
 -0.353328E-01
 -0.333935E-01
 -0.334479E-01
 -0.285174E-01
 -0.234405E-01
 -0.180979E-01
 -0.132282E-01
 -0.126750E-01
 -0.874798E-02
 -0.561645E-02
 -0.350748E-02
  0.152368E-02
  0.409436E-02
  0.622628E-02
  0.863907E-02
  0.919009E-02
  0.933117E-02
  0.103618E-01
  0.131197E-01
  0.149632E-01
  0.154250E-01
  0.147987E-01
  0.140030E-01
  0.149617E-01
  0.163847E-01
  0.181228E-01
  0.192209E-01
  0.194445E-01
  0.196964E-01
  0.199599E-01
  0.214062E-01
  0.242313E-01
  0.271852E-01
  0.286895E-01
  0.291600E-01
  0.305992E-01
  0.317608E-01
  0.325280E-01
  0.349234E-01
  0.371882E-01
  0.378285E-01
  0.374825E-01
  0.369788E-01
  0.376409E-01
  0.392309E-01
  0.397298E-01
  0.397983E-01
  0.397914E-01
  0.386915E-01
  0.384308E-01
  0.385483E-01
  0.386027E-01
  0.389111E-01
  0.382821E-01
  0.370990E-01
  0.363432E-01
  0.361198E-01
  0.360491E-01
  0.361999E-01
  0.356068E-01
  0.351763E-01
  0.345925E-01
  0.331802E-01
  0.326717E-01
  0.318834E-01
  0.308945E-01
  0.304735E-01
  0.299463E-01
  0.289100E-01
  0.278210E-01
  0.269590E-01
  0.258158E-01
  0.251261E-01
  0.243180E-01
  0.231233E-01
  0.224310E-01
  0.217464E-01
  0.207650E-01
  0.199856E-01
  0.192516E-01
  0.182743E-01
  0.175711E-01
  0.167851E-01
  0.159774E-01
  0.156178E-01
  0.151260E-01
  0.144383E-01
  0.138242E-01
  0.133775E-01
  0.130480E-01
  0.126907E-01
  0.123755E-01
  0.120844E-01
  0.117526E-01
  0.113670E-01
  0.110911E-01
  0.109264E-01
  0.107235E-01
  0.104937E-01
  0.102580E-01
  0.100312E-01
  0.976517E-02
  0.950461E-02
  0.925283E-02
  0.900565E-02
  0.885093E-02
  0.861779E-02
  0.833747E-02
  0.815073E-02
  0.795407E-02
  0.773789E-02
  0.753677E-02
  0.731554E-02
  0.707626E-02
  0.686364E-02
  0.666675E-02
  0.644824E-02
  0.622936E-02
  0.599550E-02
  0.575864E-02
  0.553114E-02
  0.529639E-02
  0.506174E-02
  0.482646E-02
  0.458866E-02
  0.435010E-02
  0.410336E-02
  0.385858E-02
  0.361920E-02
  0.337970E-02
  0.313534E-02
  0.289163E-02
  0.265107E-02
  0.241015E-02
  0.216833E-02
  0.192920E-02
  0.169241E-02
  0.145608E-02
  0.121985E-02
  0.986210E-03
  0.754122E-03
  0.523641E-03
  0.294361E-03
  0.671740E-04
 -0.158054E-03
 -0.381757E-03
 -0.603356E-03
 -0.823077E-03
 -0.986868E-03
  0.000000E+00
  0.000000E+00
  0.000000E+00
  0.000000E+00
  0.000000E+00
  0.000000E+00
  0.000000E+00
  0.000000E+00
  0.000000E+00
  0.000000E+00
  0.000000E+00
  0.000000E+00
  0.000000E+00
  0.000000E+00
  0.000000E+00
  0.000000E+00
  0.000000E+00
  0.000000E+00
  0.000000E+00
  0.000000E+00
  0.000000E+00
  0.000000E+00
  0.000000E+00
  0.000000E+00
  0.000000E+00
  0.000000E+00
  0.000000E+00
  0.000000E+00
  0.000000E+00
  0.000000E+00
  0.000000E+00
  0.000000E+00
  0.000000E+00
  0.000000E+00
  0.000000E+00
  0.000000E+00
  0.000000E+00
  0.000000E+00
  0.000000E+00
  0.000000E+00
  0.000000E+00
  0.000000E+00
  0.000000E+00
  0.000000E+00
  0.000000E+00
  0.000000E+00
  0.000000E+00
  0.000000E+00
  0.000000E+00
  0.000000E+00
  0.000000E+00
  0.000000E+00
  0.000000E+00
  0.000000E+00
  0.000000E+00
  0.000000E+00
  0.000000E+00
  0.000000E+00
  0.000000E+00
  0.000000E+00
  0.000000E+00
  0.000000E+00
  0.000000E+00
  0.000000E+00
  0.000000E+00
  0.000000E+00
  0.000000E+00
  0.000000E+00
  0.000000E+00
  0.000000E+00
  0.000000E+00
  0.000000E+00
  0.000000E+00
  0.000000E+00
  0.000000E+00
  0.000000E+00
  0.000000E+00
  0.000000E+00
  0.000000E+00
  0.000000E+00
  0.000000E+00
  0.000000E+00
  0.000000E+00
  0.000000E+00
  0.000000E+00
  0.000000E+00
  0.000000E+00
  0.000000E+00
  0.000000E+00
  0.000000E+00
  0.000000E+00
  0.000000E+00
  0.000000E+00
  0.000000E+00
  0.000000E+00
  0.000000E+00
  0.000000E+00
  0.000000E+00
  0.000000E+00
  0.000000E+00
  0.000000E+00
  0.000000E+00
  0.000000E+00
  0.000000E+00
  0.000000E+00
  0.000000E+00
  0.000000E+00
  0.000000E+00
  0.000000E+00
  0.000000E+00
  0.000000E+00
  0.000000E+00
  0.000000E+00
  0.000000E+00
  0.000000E+00
  0.000000E+00
  0.000000E+00
  0.000000E+00
  0.000000E+00
  0.000000E+00
  0.000000E+00
  0.000000E+00
  0.000000E+00
  0.000000E+00
  0.000000E+00
  0.000000E+00
  0.000000E+00
  0.000000E+00
  0.000000E+00
  0.000000E+00
  0.000000E+00
  0.000000E+00
  0.000000E+00
  0.000000E+00
  0.000000E+00
  0.000000E+00
  0.000000E+00
  0.000000E+00
  0.000000E+00
  0.000000E+00
  0.000000E+00
  0.000000E+00
  0.000000E+00
  0.000000E+00
  0.000000E+00
  0.000000E+00
  0.000000E+00
  0.000000E+00
  0.000000E+00
  0.000000E+00
  0.000000E+00
  0.000000E+00
  0.000000E+00
  0.000000E+00
  0.000000E+00
  0.000000E+00
  0.000000E+00
  0.000000E+00
  0.000000E+00
  0.000000E+00
  0.000000E+00
  0.000000E+00
  0.000000E+00
  0.000000E+00
  0.000000E+00
  0.000000E+00
  0.000000E+00
  0.000000E+00
  0.000000E+00
  0.000000E+00
  0.000000E+00
  0.000000E+00
  0.000000E+00
  0.000000E+00
  0.000000E+00
  0.000000E+00
  0.000000E+00
  0.000000E+00
  0.000000E+00
  0.000000E+00
  0.000000E+00
  0.000000E+00
  0.000000E+00
  0.000000E+00
  0.000000E+00
  0.000000E+00
  0.000000E+00
  0.000000E+00
  0.000000E+00
  0.000000E+00
  0.000000E+00
  0.000000E+00
  0.000000E+00
  0.000000E+00
  0.000000E+00
  0.000000E+00
  0.000000E+00
  0.000000E+00
  0.000000E+00
  0.000000E+00
  0.000000E+00
  0.000000E+00
  0.000000E+00
  0.000000E+00
  0.000000E+00
  0.000000E+00
  0.000000E+00
  0.000000E+00
  0.000000E+00
  0.000000E+00
  0.000000E+00
  0.000000E+00
  0.000000E+00
  0.000000E+00
  0.000000E+00
  0.000000E+00
  0.000000E+00
  0.000000E+00
  0.000000E+00
  0.000000E+00
  0.000000E+00
  0.000000E+00
  0.000000E+00
  0.000000E+00
  0.000000E+00
  0.000000E+00
  0.000000E+00
  0.000000E+00
  0.000000E+00
  0.000000E+00
  0.000000E+00
  0.000000E+00
  0.000000E+00
  0.000000E+00
  0.000000E+00
  0.000000E+00
  0.000000E+00
  0.000000E+00
  0.000000E+00
  0.000000E+00
  0.000000E+00
  0.000000E+00
  0.000000E+00
  0.000000E+00
  0.000000E+00
  0.000000E+00
  0.000000E+00
  0.000000E+00
  0.000000E+00
  0.000000E+00
  0.000000E+00
  0.000000E+00
  0.000000E+00
  0.000000E+00
  0.000000E+00
  0.000000E+00
  0.000000E+00
  0.000000E+00
  0.000000E+00
  0.000000E+00
  0.000000E+00
  0.000000E+00
  0.000000E+00
  0.000000E+00
  0.000000E+00
  0.000000E+00
  0.000000E+00
  0.000000E+00
  0.000000E+00
  0.000000E+00
  0.000000E+00
  0.000000E+00
  0.000000E+00
  0.000000E+00
  0.000000E+00
  0.000000E+00
  0.000000E+00
  0.000000E+00
  0.000000E+00
  0.000000E+00
  0.000000E+00
  0.000000E+00
  0.000000E+00
  0.000000E+00
  0.000000E+00
  0.000000E+00
  0.000000E+00
  0.000000E+00
  0.000000E+00
  0.000000E+00
  0.000000E+00
  0.000000E+00
  0.000000E+00
  0.000000E+00
  0.000000E+00
  0.000000E+00
  0.000000E+00
  0.000000E+00
  0.000000E+00
  0.000000E+00
  0.000000E+00
  0.000000E+00
  0.000000E+00
  0.000000E+00
  0.000000E+00
  0.000000E+00
  0.000000E+00
  0.000000E+00
  0.000000E+00
  0.000000E+00
  0.000000E+00
  0.000000E+00
  0.000000E+00
  0.000000E+00
  0.000000E+00
  0.000000E+00
  0.000000E+00
  0.000000E+00
  0.000000E+00
  0.000000E+00
  0.000000E+00
  0.000000E+00
  0.000000E+00
  0.000000E+00
  0.000000E+00
  0.000000E+00
  0.000000E+00
  0.000000E+00
  0.000000E+00
  0.000000E+00
  0.000000E+00
  0.000000E+00
  0.000000E+00
  0.000000E+00
  0.000000E+00
  0.000000E+00
  0.000000E+00
  0.000000E+00
  0.000000E+00
  0.000000E+00
  0.000000E+00
  0.000000E+00
  0.000000E+00
  0.000000E+00
  0.000000E+00
  0.000000E+00
  0.000000E+00
  0.000000E+00
  0.000000E+00
  0.000000E+00
  0.000000E+00
  0.000000E+00
  0.000000E+00
  0.000000E+00
  0.000000E+00
  0.000000E+00
  0.000000E+00
  0.000000E+00
  0.000000E+00
  0.000000E+00
  0.000000E+00
  0.000000E+00
  0.000000E+00
  0.000000E+00
  0.000000E+00
  0.000000E+00
  0.000000E+00
  0.000000E+00
  0.000000E+00
  0.000000E+00
  0.000000E+00
  0.000000E+00
  0.000000E+00
  0.000000E+00
  0.000000E+00
  0.000000E+00
  0.000000E+00
  0.000000E+00
  0.000000E+00
  0.000000E+00
  0.000000E+00
  0.000000E+00
  0.000000E+00
  0.000000E+00
  0.000000E+00
  0.000000E+00
  0.000000E+00
  0.000000E+00
  0.000000E+00
  0.000000E+00
  0.000000E+00
  0.000000E+00
  0.000000E+00
  0.000000E+00
  0.000000E+00
  0.000000E+00
  0.000000E+00
  0.000000E+00
  0.000000E+00
  0.000000E+00
  0.000000E+00
  0.000000E+00
  0.000000E+00
  0.000000E+00
  0.000000E+00
  0.000000E+00
  0.000000E+00
  0.000000E+00
  0.000000E+00
  0.000000E+00
  0.000000E+00
  0.000000E+00
  0.000000E+00
  0.000000E+00
  0.000000E+00
  0.000000E+00
  0.000000E+00
  0.000000E+00
  0.000000E+00
  0.000000E+00
  0.000000E+00
  0.000000E+00
  0.000000E+00
  0.000000E+00
  0.000000E+00
  0.000000E+00
  0.000000E+00
  0.000000E+00
  0.000000E+00
  0.000000E+00
  0.000000E+00
  0.000000E+00
  0.000000E+00
  0.000000E+00
  0.000000E+00
  0.000000E+00
  0.000000E+00
  0.000000E+00
  0.000000E+00
  0.000000E+00
  0.000000E+00
  0.000000E+00
  0.000000E+00
  0.000000E+00
  0.000000E+00
  0.000000E+00
  0.000000E+00
  0.000000E+00
  0.000000E+00
  0.000000E+00
  0.000000E+00
  0.000000E+00
  0.000000E+00
  0.000000E+00
  0.000000E+00
  0.000000E+00
  0.000000E+00
  0.000000E+00
  0.000000E+00
  0.000000E+00
  0.000000E+00
  0.000000E+00
  0.000000E+00
  0.000000E+00
  0.000000E+00
  0.000000E+00
  0.000000E+00
  0.000000E+00
  0.000000E+00
  0.000000E+00
  0.000000E+00
  0.000000E+00
  0.000000E+00
  0.000000E+00
  0.000000E+00
  0.000000E+00
  0.000000E+00
  0.000000E+00
  0.000000E+00
  0.000000E+00
  0.000000E+00
  0.000000E+00
  0.000000E+00
  0.000000E+00
  0.000000E+00
  0.000000E+00
  0.000000E+00
  0.000000E+00
  0.000000E+00
  0.000000E+00
  0.000000E+00
  0.000000E+00
  0.000000E+00
  0.000000E+00
  0.000000E+00
  0.000000E+00
  0.000000E+00
  0.000000E+00
  0.000000E+00
  0.000000E+00
  0.000000E+00
  0.000000E+00
  0.000000E+00
  0.000000E+00
  0.000000E+00
  0.000000E+00
  0.000000E+00
  0.000000E+00
  0.000000E+00
  0.000000E+00
  0.000000E+00
  0.000000E+00
  0.000000E+00
  0.000000E+00
  0.000000E+00
  0.000000E+00
  0.000000E+00
  0.000000E+00
  0.000000E+00
  0.000000E+00
  0.000000E+00
  0.000000E+00
  0.000000E+00
  0.000000E+00
  0.000000E+00
  0.000000E+00
  0.000000E+00
  0.000000E+00
  0.000000E+00
  0.000000E+00
  0.000000E+00
  0.000000E+00
  0.000000E+00
  0.000000E+00
  0.000000E+00
  0.000000E+00
  0.000000E+00
  0.000000E+00
  0.000000E+00
  0.000000E+00
  0.000000E+00
  0.000000E+00
  0.000000E+00
  0.000000E+00
  0.000000E+00
  0.000000E+00
  0.000000E+00
  0.000000E+00
  0.000000E+00
  0.000000E+00
  0.000000E+00
  0.000000E+00
  0.000000E+00
  0.000000E+00
  0.000000E+00
  0.000000E+00
  0.000000E+00
  0.000000E+00
  0.000000E+00
  0.000000E+00
  0.000000E+00
  0.000000E+00
  0.000000E+00
  0.000000E+00
  0.000000E+00
  0.000000E+00
  0.000000E+00
  0.000000E+00
  0.000000E+00
  0.000000E+00
  0.000000E+00
  0.000000E+00
  0.000000E+00
  0.000000E+00
  0.000000E+00
  0.000000E+00
  0.000000E+00
  0.000000E+00
  0.000000E+00
  0.000000E+00
  0.000000E+00
  0.000000E+00
  0.000000E+00
  0.000000E+00
  0.000000E+00
  0.000000E+00
  0.000000E+00
  0.000000E+00
  0.000000E+00
  0.000000E+00
  0.000000E+00
  0.000000E+00
  0.000000E+00
  0.000000E+00
  0.000000E+00
  0.000000E+00
  0.000000E+00
  0.000000E+00
  0.000000E+00
  0.000000E+00
  0.000000E+00
  0.000000E+00
  0.000000E+00
  0.000000E+00
  0.000000E+00
  0.000000E+00
  0.000000E+00
  0.000000E+00
  0.000000E+00
  0.000000E+00
  0.000000E+00
  0.000000E+00
  0.000000E+00
  0.000000E+00
  0.000000E+00
  0.000000E+00
  0.000000E+00
  0.000000E+00
  0.000000E+00
  0.000000E+00
  0.000000E+00
  0.000000E+00
  0.000000E+00
  0.000000E+00
  0.000000E+00
  0.000000E+00
  0.000000E+00
  0.000000E+00
  0.000000E+00
  0.000000E+00
  0.000000E+00
  0.000000E+00
  0.000000E+00
  0.000000E+00
  0.000000E+00
  0.000000E+00
  0.000000E+00
  0.000000E+00
  0.000000E+00
  0.000000E+00
  0.000000E+00
  0.000000E+00
  0.000000E+00
  0.000000E+00
  0.000000E+00
  0.000000E+00
  0.000000E+00
  0.000000E+00
  0.000000E+00
  0.000000E+00
  0.000000E+00
  0.000000E+00
  0.000000E+00
  0.000000E+00
  0.000000E+00
  0.000000E+00
  0.000000E+00
  0.000000E+00
  0.000000E+00
  0.000000E+00
  0.000000E+00
  0.000000E+00
  0.000000E+00
  0.000000E+00
  0.000000E+00
  0.000000E+00
  0.000000E+00
  0.000000E+00
  0.000000E+00
  0.000000E+00
  0.000000E+00
  0.000000E+00
  0.000000E+00
  0.000000E+00
  0.000000E+00
  0.000000E+00
  0.000000E+00
  0.000000E+00
  0.000000E+00
  0.000000E+00
  0.000000E+00
  0.000000E+00
  0.000000E+00
  0.000000E+00
  0.000000E+00
  0.000000E+00
  0.000000E+00
  0.000000E+00
  0.000000E+00
  0.000000E+00
  0.000000E+00
  0.000000E+00
  0.000000E+00
  0.000000E+00
  0.000000E+00
  0.000000E+00
  0.000000E+00
  0.000000E+00
  0.000000E+00
  0.000000E+00
  0.000000E+00
  0.000000E+00
  0.000000E+00
  0.000000E+00
  0.000000E+00
  0.000000E+00
  0.000000E+00
  0.000000E+00
  0.000000E+00
  0.000000E+00
  0.000000E+00
  0.000000E+00
  0.000000E+00
  0.000000E+00
  0.000000E+00
  0.000000E+00
  0.000000E+00
  0.000000E+00
  0.000000E+00
  0.000000E+00
  0.000000E+00
  0.000000E+00
  0.000000E+00
  0.000000E+00
  0.000000E+00
  0.000000E+00
  0.000000E+00
  0.000000E+00
  0.000000E+00
  0.000000E+00
  0.000000E+00
  0.000000E+00
  0.000000E+00
  0.000000E+00
  0.000000E+00
  0.000000E+00
  0.000000E+00
  0.000000E+00
  0.000000E+00
  0.000000E+00
  0.000000E+00
  0.000000E+00
  0.000000E+00
  0.000000E+00
  0.000000E+00
  0.000000E+00
  0.000000E+00
  0.000000E+00
  0.000000E+00
  0.000000E+00
  0.000000E+00
  0.000000E+00
  0.000000E+00
  0.000000E+00
  0.000000E+00
  0.000000E+00
  0.000000E+00
  0.000000E+00
  0.000000E+00
  0.000000E+00
  0.000000E+00
  0.000000E+00
  0.000000E+00
  0.000000E+00
  0.000000E+00
  0.000000E+00
  0.000000E+00
  0.000000E+00
  0.000000E+00
  0.000000E+00
  0.000000E+00
  0.000000E+00
  0.000000E+00
  0.000000E+00
  0.000000E+00
  0.000000E+00
  0.000000E+00
  0.000000E+00
  0.000000E+00
  0.000000E+00
  0.000000E+00
  0.000000E+00
  0.000000E+00
  0.000000E+00
  0.000000E+00
  0.000000E+00
  0.000000E+00
  0.000000E+00
  0.000000E+00
  0.000000E+00
  0.000000E+00
  0.000000E+00
  0.000000E+00
  0.000000E+00
  0.000000E+00
  0.000000E+00
  0.000000E+00
  0.000000E+00
  0.000000E+00
  0.000000E+00
  0.000000E+00
  0.000000E+00
  0.000000E+00
  0.000000E+00
  0.000000E+00
  0.000000E+00
  0.000000E+00
  0.000000E+00
  0.000000E+00
  0.000000E+00
  0.000000E+00
  0.000000E+00
  0.000000E+00
  0.000000E+00
  0.000000E+00
  0.000000E+00
  0.000000E+00
  0.000000E+00
  0.000000E+00
  0.000000E+00
  0.000000E+00
  0.000000E+00
  0.000000E+00
  0.000000E+00
  0.000000E+00
  0.000000E+00
  0.000000E+00
  0.000000E+00
  0.000000E+00
  0.000000E+00
  0.000000E+00
  0.000000E+00
  0.000000E+00
  0.000000E+00
  0.000000E+00
  0.000000E+00
  0.000000E+00
  0.000000E+00
  0.000000E+00
  0.000000E+00
  0.000000E+00
  0.000000E+00
  0.000000E+00
  0.000000E+00
  0.000000E+00
  0.000000E+00
  0.000000E+00
  0.000000E+00
  0.000000E+00
  0.000000E+00
  0.000000E+00
  0.000000E+00
  0.000000E+00
  0.000000E+00
  0.000000E+00
  0.000000E+00
  0.000000E+00
  0.000000E+00
  0.000000E+00
  0.000000E+00
  0.000000E+00
  0.000000E+00
  0.000000E+00
  0.000000E+00
  0.000000E+00
  0.000000E+00
  0.000000E+00
  0.000000E+00
  0.000000E+00
  0.000000E+00
  0.000000E+00
  0.000000E+00
  0.000000E+00
  0.000000E+00
  0.000000E+00
  0.000000E+00
  0.000000E+00
  0.000000E+00
  0.000000E+00
  0.000000E+00
  0.000000E+00
  0.000000E+00
  0.000000E+00
  0.000000E+00
  0.000000E+00
  0.000000E+00
  0.000000E+00
  0.000000E+00
  0.000000E+00
  0.000000E+00
  0.000000E+00
  0.000000E+00
  0.000000E+00
  0.000000E+00
  0.000000E+00
  0.000000E+00
  0.000000E+00
  0.000000E+00
  0.000000E+00
  0.000000E+00
  0.000000E+00
  0.000000E+00
  0.000000E+00
  0.000000E+00
  0.000000E+00
  0.000000E+00
  0.000000E+00
  0.000000E+00
  0.000000E+00
  0.000000E+00
  0.000000E+00
  0.000000E+00
  0.000000E+00
  0.000000E+00
  0.000000E+00
  0.000000E+00
  0.000000E+00
  0.000000E+00
  0.000000E+00
  0.000000E+00
  0.000000E+00
  0.000000E+00
  0.000000E+00
  0.000000E+00
  0.000000E+00
  0.000000E+00
  0.000000E+00
  0.000000E+00
  0.000000E+00
  0.000000E+00
  0.000000E+00
  0.000000E+00
  0.000000E+00
  0.000000E+00
  0.000000E+00
  0.000000E+00
  0.000000E+00
  0.000000E+00
  0.000000E+00
  0.000000E+00
  0.000000E+00
  0.000000E+00
  0.000000E+00
  0.000000E+00
  0.000000E+00
  0.000000E+00
  0.000000E+00
  0.000000E+00
  0.000000E+00
  0.000000E+00
  0.000000E+00
  0.000000E+00
  0.000000E+00
  0.000000E+00
  0.000000E+00
  0.000000E+00
  0.000000E+00
  0.000000E+00
  0.000000E+00
  0.000000E+00
  0.000000E+00
  0.000000E+00
  0.000000E+00
  0.000000E+00
  0.000000E+00
  0.000000E+00
  0.000000E+00
  0.000000E+00
  0.000000E+00
  0.000000E+00
  0.000000E+00
  0.000000E+00
  0.000000E+00
  0.000000E+00
  0.000000E+00
  0.000000E+00
  0.000000E+00
  0.000000E+00
  0.000000E+00
  0.000000E+00
  0.000000E+00
  0.000000E+00
  0.000000E+00
  0.000000E+00
  0.000000E+00
  0.000000E+00
  0.000000E+00
  0.000000E+00
  0.000000E+00
  0.000000E+00
  0.000000E+00
  0.000000E+00
  0.000000E+00
  0.000000E+00
  0.000000E+00
  0.000000E+00
  0.000000E+00
  0.000000E+00
  0.000000E+00
  0.000000E+00
  0.000000E+00
  0.000000E+00
  0.000000E+00
  0.000000E+00
  0.000000E+00
  0.000000E+00
  0.000000E+00
  0.000000E+00
  0.000000E+00
  0.000000E+00
  0.000000E+00
  0.000000E+00
  0.000000E+00
  0.000000E+00
  0.000000E+00
  0.000000E+00
  0.000000E+00
  0.000000E+00
  0.000000E+00
  0.000000E+00
  0.000000E+00
  0.000000E+00
  0.000000E+00
  0.000000E+00
  0.000000E+00
  0.000000E+00
  0.000000E+00
  0.000000E+00
  0.000000E+00
  0.000000E+00
  0.000000E+00
  0.000000E+00
  0.000000E+00
  0.000000E+00
  0.000000E+00
  0.000000E+00
  0.000000E+00
  0.000000E+00
  0.000000E+00
  0.000000E+00
  0.000000E+00
  0.000000E+00
  0.000000E+00
  0.000000E+00
  0.000000E+00
  0.000000E+00
  0.000000E+00
  0.000000E+00
  0.000000E+00
  0.000000E+00
  0.000000E+00
  0.000000E+00
  0.000000E+00
  0.000000E+00
  0.000000E+00
  0.000000E+00
  0.000000E+00
  0.000000E+00
  0.000000E+00
  0.000000E+00
  0.000000E+00
  0.000000E+00
  0.000000E+00
  0.000000E+00
  0.000000E+00
  0.000000E+00
  0.000000E+00
  0.000000E+00
  0.000000E+00
  0.000000E+00
  0.000000E+00
  0.000000E+00
  0.000000E+00
  0.000000E+00
  0.000000E+00
  0.000000E+00
  0.000000E+00
  0.000000E+00
  0.000000E+00
  0.000000E+00
  0.000000E+00
  0.000000E+00
  0.000000E+00
  0.000000E+00
  0.000000E+00
  0.000000E+00
  0.000000E+00
  0.000000E+00
  0.000000E+00
  0.000000E+00
  0.000000E+00
  0.000000E+00
  0.000000E+00
  0.000000E+00
  0.000000E+00
  0.000000E+00
  0.000000E+00
  0.000000E+00
  0.000000E+00
  0.000000E+00
  0.000000E+00
  0.000000E+00
  0.000000E+00
  0.000000E+00
  0.000000E+00
  0.000000E+00
  0.000000E+00
  0.000000E+00
  0.000000E+00
  0.000000E+00
  0.000000E+00
  0.000000E+00
  0.000000E+00
  0.000000E+00
  0.000000E+00
  0.000000E+00
  0.000000E+00
  0.000000E+00
  0.000000E+00
  0.000000E+00
  0.000000E+00
  0.000000E+00
  0.000000E+00
  0.000000E+00
  0.000000E+00
  0.000000E+00
  0.000000E+00
  0.000000E+00
  0.000000E+00
  0.000000E+00
  0.000000E+00
  0.000000E+00
  0.000000E+00
  0.000000E+00
  0.000000E+00
  0.000000E+00
  0.000000E+00
  0.000000E+00
  0.000000E+00
  0.000000E+00
  0.000000E+00
  0.000000E+00
  0.000000E+00
  0.000000E+00
  0.000000E+00
  0.000000E+00
  0.000000E+00
  0.000000E+00
  0.000000E+00
  0.000000E+00
  0.000000E+00
  0.000000E+00
  0.000000E+00
  0.000000E+00
  0.000000E+00
  0.000000E+00
  0.000000E+00
  0.000000E+00
  0.000000E+00
  0.000000E+00
  0.000000E+00
  0.000000E+00
  0.000000E+00
  0.000000E+00
  0.000000E+00
  0.000000E+00
  0.000000E+00
  0.000000E+00
  0.000000E+00
  0.000000E+00
  0.000000E+00
  0.000000E+00
  0.000000E+00
  0.000000E+00
  0.000000E+00
  0.000000E+00
  0.000000E+00
  0.000000E+00
  0.000000E+00
  0.000000E+00
  0.000000E+00
  0.000000E+00
  0.000000E+00
  0.000000E+00
  0.000000E+00
  0.000000E+00
  0.000000E+00
  0.000000E+00
  0.000000E+00
  0.000000E+00
  0.000000E+00
  0.000000E+00
  0.000000E+00
  0.000000E+00
  0.000000E+00
  0.000000E+00
  0.000000E+00
  0.000000E+00
  0.000000E+00
  0.000000E+00
  0.000000E+00
  0.000000E+00
  0.000000E+00
  0.000000E+00
  0.000000E+00
  0.000000E+00
  0.000000E+00
  0.000000E+00
  0.000000E+00
  0.000000E+00
  0.000000E+00
  0.000000E+00
  0.000000E+00
  0.000000E+00
  0.000000E+00
  0.000000E+00
  0.000000E+00
  0.000000E+00
  0.000000E+00
  0.000000E+00
  0.000000E+00
  0.000000E+00
  0.000000E+00
  0.000000E+00
  0.000000E+00
  0.000000E+00
  0.000000E+00
  0.000000E+00
  0.000000E+00
  0.000000E+00
  0.000000E+00
  0.000000E+00
  0.000000E+00
  0.000000E+00
  0.000000E+00
  0.000000E+00
  0.000000E+00
  0.000000E+00
  0.000000E+00
  0.000000E+00
  0.000000E+00
  0.000000E+00
  0.000000E+00
  0.000000E+00
  0.000000E+00
  0.000000E+00
  0.000000E+00
  0.000000E+00
  0.000000E+00
  0.000000E+00
  0.000000E+00
  0.000000E+00
  0.000000E+00
  0.000000E+00
  0.000000E+00
  0.000000E+00
  0.000000E+00
  0.000000E+00
  0.000000E+00
  0.000000E+00
  0.000000E+00
  0.000000E+00
  0.000000E+00
  0.000000E+00
  0.000000E+00
  0.000000E+00
  0.000000E+00
  0.000000E+00
  0.000000E+00
  0.000000E+00
  0.000000E+00
  0.000000E+00
  0.000000E+00
  0.000000E+00
  0.000000E+00
  0.000000E+00
  0.000000E+00
  0.000000E+00
  0.000000E+00
  0.000000E+00
  0.000000E+00
  0.000000E+00
  0.000000E+00
  0.000000E+00
  0.000000E+00
  0.000000E+00
  0.000000E+00
  0.000000E+00
  0.000000E+00
  0.000000E+00
  0.000000E+00
  0.000000E+00
  0.000000E+00
  0.000000E+00
  0.000000E+00
  0.000000E+00
  0.000000E+00
  0.000000E+00
  0.000000E+00
  0.000000E+00
  0.000000E+00
  0.000000E+00
  0.000000E+00
  0.000000E+00
  0.000000E+00
  0.000000E+00
  0.000000E+00
  0.000000E+00
  0.000000E+00
  0.000000E+00
  0.000000E+00
  0.000000E+00
  0.000000E+00
  0.000000E+00
  0.000000E+00
  0.000000E+00
  0.000000E+00
  0.000000E+00
  0.000000E+00
  0.000000E+00
  0.000000E+00
  0.000000E+00
  0.000000E+00
  0.000000E+00
  0.000000E+00
  0.000000E+00
  0.000000E+00
  0.000000E+00
  0.000000E+00
  0.000000E+00
  0.000000E+00
  0.000000E+00
  0.000000E+00
  0.000000E+00
  0.000000E+00
  0.000000E+00
  0.000000E+00
  0.000000E+00
  0.000000E+00
  0.000000E+00
  0.000000E+00
  0.000000E+00
  0.000000E+00
  0.000000E+00
  0.000000E+00
  0.000000E+00
  0.000000E+00
  0.000000E+00
  0.000000E+00
  0.000000E+00
  0.000000E+00
  0.000000E+00
  0.000000E+00
  0.000000E+00
  0.000000E+00
  0.000000E+00
  0.000000E+00
  0.000000E+00
  0.000000E+00
  0.000000E+00
  0.000000E+00
  0.000000E+00
  0.000000E+00
  0.000000E+00
  0.000000E+00
  0.000000E+00
  0.000000E+00
  0.000000E+00
  0.000000E+00
  0.000000E+00
  0.000000E+00
  0.000000E+00
  0.000000E+00
  0.000000E+00
  0.000000E+00
  0.000000E+00
  0.000000E+00
  0.000000E+00
  0.000000E+00
  0.000000E+00
  0.000000E+00
  0.000000E+00
  0.000000E+00
  0.000000E+00
  0.000000E+00
  0.000000E+00
  0.000000E+00
  0.000000E+00
  0.000000E+00
  0.000000E+00
  0.000000E+00
  0.000000E+00
  0.000000E+00
  0.000000E+00
  0.000000E+00
  0.000000E+00
  0.000000E+00
  0.000000E+00
  0.000000E+00
  0.000000E+00
  0.000000E+00
  0.000000E+00
  0.000000E+00
  0.000000E+00
  0.000000E+00
  0.000000E+00
  0.000000E+00
  0.000000E+00
  0.000000E+00
  0.000000E+00
  0.000000E+00
  0.000000E+00
  0.000000E+00
  0.000000E+00
  0.000000E+00
  0.000000E+00
  0.000000E+00
  0.000000E+00
  0.000000E+00
  0.000000E+00
  0.000000E+00
  0.000000E+00
  0.000000E+00
  0.000000E+00
  0.000000E+00
  0.000000E+00
  0.000000E+00
  0.000000E+00
  0.000000E+00
  0.000000E+00
  0.000000E+00
  0.000000E+00
  0.000000E+00
  0.000000E+00
  0.000000E+00
  0.000000E+00
  0.000000E+00
  0.000000E+00
  0.000000E+00
  0.000000E+00
  0.000000E+00
  0.000000E+00
  0.000000E+00
  0.000000E+00
  0.000000E+00
  0.000000E+00
  0.000000E+00
  0.000000E+00
  0.000000E+00
  0.000000E+00
  0.000000E+00
  0.000000E+00
  0.000000E+00
  0.000000E+00
  0.000000E+00
  0.000000E+00
  0.000000E+00
  0.000000E+00
  0.000000E+00
  0.000000E+00
  0.000000E+00
  0.000000E+00
  0.000000E+00
  0.000000E+00
  0.000000E+00
  0.000000E+00
  0.000000E+00
  0.000000E+00
  0.000000E+00
  0.000000E+00
  0.000000E+00
  0.000000E+00
  0.000000E+00
  0.000000E+00
  0.000000E+00
  0.000000E+00
  0.000000E+00
  0.000000E+00
  0.000000E+00
  0.000000E+00
  0.000000E+00
  0.000000E+00
  0.000000E+00
  0.000000E+00
  0.000000E+00
  0.000000E+00
  0.000000E+00
  0.000000E+00
  0.000000E+00
  0.000000E+00
  0.000000E+00
  0.000000E+00
  0.000000E+00
  0.000000E+00
  0.000000E+00
  0.000000E+00
  0.000000E+00
  0.000000E+00
  0.000000E+00
  0.000000E+00
  0.000000E+00
  0.000000E+00
  0.000000E+00
  0.000000E+00
  0.000000E+00
  0.000000E+00
  0.000000E+00
  0.000000E+00
  0.000000E+00
  0.000000E+00
  0.000000E+00
  0.000000E+00
  0.000000E+00
  0.000000E+00
  0.000000E+00
  0.000000E+00
  0.000000E+00
  0.000000E+00
  0.000000E+00
  0.000000E+00
  0.000000E+00
  0.000000E+00
  0.000000E+00
  0.000000E+00
  0.000000E+00
  0.000000E+00
  0.000000E+00
  0.000000E+00
  0.000000E+00
  0.000000E+00
  0.000000E+00
  0.000000E+00
  0.000000E+00
  0.000000E+00
  0.000000E+00
  0.000000E+00
  0.000000E+00
  0.000000E+00
  0.000000E+00
  0.000000E+00
  0.000000E+00
  0.000000E+00
  0.000000E+00
  0.000000E+00
  0.000000E+00
  0.000000E+00
  0.000000E+00
  0.000000E+00
  0.000000E+00
  0.000000E+00
  0.000000E+00
  0.000000E+00
  0.000000E+00
  0.000000E+00
  0.000000E+00
  0.000000E+00
  0.000000E+00
  0.000000E+00
  0.000000E+00
  0.000000E+00
  0.000000E+00
  0.000000E+00
  0.000000E+00
  0.000000E+00
  0.000000E+00
  0.000000E+00
  0.000000E+00
  0.000000E+00
  0.000000E+00
  0.000000E+00
  0.000000E+00
  0.000000E+00
  0.000000E+00
  0.000000E+00
  0.000000E+00
  0.000000E+00
  0.000000E+00
  0.000000E+00
  0.000000E+00
  0.000000E+00
  0.000000E+00
  0.000000E+00
  0.000000E+00
  0.000000E+00
  0.000000E+00
  0.000000E+00
  0.000000E+00
  0.000000E+00
  0.000000E+00
  0.000000E+00
  0.000000E+00
  0.000000E+00
  0.000000E+00
  0.000000E+00
  0.000000E+00
  0.000000E+00
  0.000000E+00
  0.000000E+00
  0.000000E+00
  0.000000E+00
  0.000000E+00
  0.000000E+00
  0.000000E+00
  0.000000E+00
  0.000000E+00
  0.000000E+00
  0.000000E+00
  0.000000E+00
  0.000000E+00
  0.000000E+00
  0.000000E+00
  0.000000E+00
  0.000000E+00
  0.000000E+00
  0.000000E+00
  0.000000E+00
  0.000000E+00
  0.000000E+00
  0.000000E+00
  0.000000E+00
  0.000000E+00
  0.000000E+00
  0.000000E+00
  0.000000E+00
  0.000000E+00
  0.000000E+00
  0.000000E+00
  0.000000E+00
  0.000000E+00
  0.000000E+00
  0.000000E+00
  0.000000E+00
  0.000000E+00
  0.000000E+00
  0.000000E+00
  0.000000E+00
  0.000000E+00
  0.000000E+00
  0.000000E+00
  0.000000E+00
  0.000000E+00
  0.000000E+00
  0.000000E+00
  0.000000E+00
  0.000000E+00
  0.000000E+00
  0.000000E+00
  0.000000E+00
  0.000000E+00
  0.000000E+00
  0.000000E+00
  0.000000E+00
  0.000000E+00
  0.000000E+00
  0.000000E+00
  0.000000E+00
  0.000000E+00
  0.000000E+00
  0.000000E+00
  0.000000E+00
  0.000000E+00
  0.000000E+00
  0.000000E+00
  0.000000E+00
  0.000000E+00
  0.000000E+00
  0.000000E+00
  0.000000E+00
  0.000000E+00
  0.000000E+00
  0.000000E+00
  0.000000E+00
  0.000000E+00
  0.000000E+00
  0.000000E+00
  0.000000E+00
  0.000000E+00
  0.000000E+00
  0.000000E+00
  0.000000E+00
  0.000000E+00
  0.000000E+00
  0.000000E+00
  0.000000E+00
  0.000000E+00
  0.000000E+00
  0.000000E+00
  0.000000E+00
  0.000000E+00
  0.000000E+00
  0.000000E+00
  0.000000E+00
  0.000000E+00
  0.000000E+00
  0.000000E+00
  0.000000E+00
  0.000000E+00
  0.000000E+00
  0.000000E+00
  0.000000E+00
  0.000000E+00
  0.000000E+00
  0.000000E+00
  0.000000E+00
  0.000000E+00
  0.000000E+00
  0.000000E+00
  0.000000E+00
  0.000000E+00
  0.000000E+00
  0.000000E+00
  0.000000E+00
  0.000000E+00
  0.000000E+00
  0.000000E+00
  0.000000E+00
  0.000000E+00
  0.000000E+00
  0.000000E+00
  0.000000E+00
  0.000000E+00
  0.000000E+00
  0.000000E+00
  0.000000E+00
  0.000000E+00
  0.000000E+00
  0.000000E+00
  0.000000E+00
  0.000000E+00
  0.000000E+00
  0.000000E+00
  0.000000E+00
  0.000000E+00
  0.000000E+00
  0.000000E+00
  0.000000E+00
  0.000000E+00
  0.000000E+00
  0.000000E+00
  0.000000E+00
  0.000000E+00
  0.000000E+00
  0.000000E+00
  0.000000E+00
  0.000000E+00
  0.000000E+00
  0.000000E+00
  0.000000E+00
  0.000000E+00
  0.000000E+00
  0.000000E+00
  0.000000E+00
  0.000000E+00
  0.000000E+00
  0.000000E+00
  0.000000E+00
  0.000000E+00
  0.000000E+00
  0.000000E+00
  0.000000E+00
  0.000000E+00
  0.000000E+00
  0.000000E+00
  0.000000E+00
  0.000000E+00
  0.000000E+00
  0.000000E+00
  0.000000E+00
  0.000000E+00
  0.000000E+00
  0.000000E+00
  0.000000E+00
  0.000000E+00
  0.000000E+00
  0.000000E+00
  0.000000E+00
  0.000000E+00
  0.000000E+00
  0.000000E+00
  0.000000E+00
  0.000000E+00
  0.000000E+00
  0.000000E+00
  0.000000E+00
  0.000000E+00
  0.000000E+00
  0.000000E+00
  0.000000E+00
  0.000000E+00
  0.000000E+00
  0.000000E+00
  0.000000E+00
  0.000000E+00
  0.000000E+00
  0.000000E+00
  0.000000E+00
  0.000000E+00
  0.000000E+00
  0.000000E+00
  0.000000E+00
  0.000000E+00
  0.000000E+00
  0.000000E+00
  0.000000E+00
  0.000000E+00
  0.000000E+00
  0.000000E+00
  0.000000E+00
  0.000000E+00
  0.000000E+00
  0.000000E+00
  0.000000E+00
  0.000000E+00
  0.000000E+00
  0.000000E+00
  0.000000E+00
  0.000000E+00
  0.000000E+00
  0.000000E+00
  0.000000E+00
  0.000000E+00
  0.000000E+00
  0.000000E+00
  0.000000E+00
  0.000000E+00
  0.000000E+00
  0.000000E+00
  0.000000E+00
  0.000000E+00
  0.000000E+00
  0.000000E+00
  0.000000E+00
  0.000000E+00
  0.000000E+00
  0.000000E+00
  0.000000E+00
  0.000000E+00
  0.000000E+00
  0.000000E+00
  0.000000E+00
  0.000000E+00
  0.000000E+00
  0.000000E+00
  0.000000E+00
  0.000000E+00
  0.000000E+00
  0.000000E+00
  0.000000E+00
  0.000000E+00
  0.000000E+00
  0.000000E+00
  0.000000E+00
  0.000000E+00
  0.000000E+00
  0.000000E+00
  0.000000E+00
  0.000000E+00
  0.000000E+00
  0.000000E+00
  0.000000E+00
  0.000000E+00
  0.000000E+00
  0.000000E+00
  0.000000E+00
  0.000000E+00
  0.000000E+00
  0.000000E+00
  0.000000E+00
  0.000000E+00
  0.000000E+00
  0.000000E+00
  0.000000E+00
  0.000000E+00
  0.000000E+00
  0.000000E+00
  0.000000E+00
  0.000000E+00
  0.000000E+00
  0.000000E+00
  0.000000E+00
  0.000000E+00
  0.000000E+00
  0.000000E+00
  0.000000E+00
  0.000000E+00
  0.000000E+00
  0.000000E+00
  0.000000E+00
  0.000000E+00
  0.000000E+00
  0.000000E+00
  0.000000E+00
  0.000000E+00
  0.000000E+00
  0.000000E+00
  0.000000E+00
  0.000000E+00
  0.000000E+00
  0.000000E+00
  0.000000E+00
  0.000000E+00
  0.000000E+00
  0.000000E+00
  0.000000E+00
  0.000000E+00
  0.000000E+00
  0.000000E+00
  0.000000E+00
  0.000000E+00
  0.000000E+00
  0.000000E+00
  0.000000E+00
  0.000000E+00
  0.000000E+00
  0.000000E+00
  0.000000E+00
  0.000000E+00
  0.000000E+00
  0.000000E+00
  0.000000E+00
  0.000000E+00
  0.000000E+00
  0.000000E+00
  0.000000E+00
  0.000000E+00
  0.000000E+00
  0.000000E+00
  0.000000E+00
  0.000000E+00
  0.000000E+00
  0.000000E+00
  0.000000E+00
  0.000000E+00
  0.000000E+00
  0.000000E+00
  0.000000E+00
  0.000000E+00
  0.000000E+00
  0.000000E+00
  0.000000E+00
  0.000000E+00
  0.000000E+00
  0.000000E+00
  0.000000E+00
  0.000000E+00
  0.000000E+00
  0.000000E+00
  0.000000E+00
  0.000000E+00
  0.000000E+00
  0.000000E+00
  0.000000E+00
  0.000000E+00
  0.000000E+00
  0.000000E+00
  0.000000E+00
  0.000000E+00
  0.000000E+00
  0.000000E+00
  0.000000E+00
  0.000000E+00
  0.000000E+00
  0.000000E+00
  0.000000E+00
  0.000000E+00
  0.000000E+00
  0.000000E+00
  0.000000E+00
  0.000000E+00
  0.000000E+00
  0.000000E+00
  0.000000E+00
  0.000000E+00
  0.000000E+00
  0.000000E+00
  0.000000E+00
  0.000000E+00
  0.000000E+00
  0.000000E+00
  0.000000E+00
  0.000000E+00
  0.000000E+00
  0.000000E+00
  0.000000E+00
  0.000000E+00
  0.000000E+00
  0.000000E+00
  0.000000E+00
  0.000000E+00
  0.000000E+00
  0.000000E+00
  0.000000E+00
  0.000000E+00
  0.000000E+00
  0.000000E+00
  0.000000E+00
  0.000000E+00
  0.000000E+00
  0.000000E+00
  0.000000E+00
  0.000000E+00
  0.000000E+00
  0.000000E+00
  0.000000E+00
  0.000000E+00
  0.000000E+00
  0.000000E+00
  0.000000E+00
  0.000000E+00
  0.000000E+00
  0.000000E+00
  0.000000E+00
  0.000000E+00
  0.000000E+00
  0.000000E+00
  0.000000E+00
  0.000000E+00
  0.000000E+00
  0.000000E+00
  0.000000E+00
  0.000000E+00
  0.000000E+00
  0.000000E+00
  0.000000E+00
  0.000000E+00
  0.000000E+00
  0.000000E+00
  0.000000E+00
  0.000000E+00
  0.000000E+00
  0.000000E+00
  0.000000E+00
  0.000000E+00
  0.000000E+00
  0.000000E+00
  0.000000E+00
  0.000000E+00
  0.000000E+00
  0.000000E+00
  0.000000E+00
  0.000000E+00
  0.000000E+00
  0.000000E+00
  0.000000E+00
  0.000000E+00
  0.000000E+00
  0.000000E+00
  0.000000E+00
  0.000000E+00
  0.000000E+00
  0.000000E+00
  0.000000E+00
  0.000000E+00
  0.000000E+00
  0.000000E+00
  0.000000E+00
  0.000000E+00
  0.000000E+00
  0.000000E+00
  0.000000E+00
  0.000000E+00
  0.000000E+00
  0.000000E+00
  0.000000E+00
  0.000000E+00
  0.000000E+00
  0.000000E+00
  0.000000E+00
  0.000000E+00
  0.000000E+00
  0.000000E+00
  0.000000E+00
  0.000000E+00
  0.000000E+00
  0.000000E+00
  0.000000E+00
  0.000000E+00
  0.000000E+00
  0.000000E+00
  0.000000E+00
  0.000000E+00
  0.000000E+00
  0.000000E+00
  0.000000E+00
  0.000000E+00
  0.000000E+00
  0.000000E+00
  0.000000E+00
  0.000000E+00
  0.000000E+00
  0.000000E+00
  0.000000E+00
  0.000000E+00
  0.000000E+00
  0.000000E+00
  0.000000E+00
  0.000000E+00
  0.000000E+00
  0.000000E+00
  0.000000E+00
  0.000000E+00
  0.000000E+00
  0.000000E+00
  0.000000E+00
  0.000000E+00
  0.000000E+00
  0.000000E+00
  0.000000E+00
  0.000000E+00
  0.000000E+00
  0.000000E+00
  0.000000E+00
  0.000000E+00
  0.000000E+00
  0.000000E+00
  0.000000E+00
  0.000000E+00
  0.000000E+00
  0.000000E+00
  0.000000E+00
  0.000000E+00
  0.000000E+00
  0.000000E+00
  0.000000E+00
  0.000000E+00
  0.000000E+00
  0.000000E+00
  0.000000E+00
  0.000000E+00
  0.000000E+00
  0.000000E+00
  0.000000E+00
  0.000000E+00
  0.000000E+00
  0.000000E+00
  0.000000E+00
  0.000000E+00
  0.000000E+00
  0.000000E+00
  0.000000E+00
  0.000000E+00
  0.000000E+00
  0.000000E+00
  0.000000E+00
  0.000000E+00
  0.000000E+00
  0.000000E+00
  0.000000E+00
  0.000000E+00
  0.000000E+00
  0.000000E+00
  0.000000E+00
  0.000000E+00
  0.000000E+00
  0.000000E+00
  0.000000E+00
  0.000000E+00
  0.000000E+00
  0.000000E+00
  0.000000E+00
  0.000000E+00
  0.000000E+00
  0.000000E+00
  0.000000E+00
  0.000000E+00
  0.000000E+00
  0.000000E+00
  0.000000E+00
  0.000000E+00
  0.000000E+00
  0.000000E+00
  0.000000E+00
  0.000000E+00
  0.000000E+00
  0.000000E+00
  0.000000E+00
  0.000000E+00
  0.000000E+00
  0.000000E+00
  0.000000E+00
  0.000000E+00
  0.000000E+00
  0.000000E+00
  0.000000E+00
  0.000000E+00
  0.000000E+00
  0.000000E+00
  0.000000E+00
  0.000000E+00
  0.000000E+00
  0.000000E+00
  0.000000E+00
  0.000000E+00
  0.000000E+00
  0.000000E+00
  0.000000E+00
  0.000000E+00
  0.000000E+00
  0.000000E+00
  0.000000E+00
  0.000000E+00
  0.000000E+00
  0.000000E+00
  0.000000E+00
  0.000000E+00
  0.000000E+00
  0.000000E+00
  0.000000E+00
  0.000000E+00
  0.000000E+00
  0.000000E+00
  0.000000E+00
  0.000000E+00
  0.000000E+00
  0.000000E+00
  0.000000E+00
  0.000000E+00
  0.000000E+00
  0.000000E+00
  0.000000E+00
  0.000000E+00
  0.000000E+00
  0.000000E+00
  0.000000E+00
  0.000000E+00
  0.000000E+00
  0.000000E+00
  0.000000E+00
  0.000000E+00
  0.000000E+00
  0.000000E+00
  0.000000E+00
  0.000000E+00
  0.000000E+00
  0.000000E+00
  0.000000E+00
  0.000000E+00
  0.000000E+00
  0.000000E+00
  0.000000E+00
  0.000000E+00
  0.000000E+00
  0.000000E+00
  0.000000E+00
  0.000000E+00
  0.000000E+00
  0.000000E+00
  0.000000E+00
  0.000000E+00
  0.000000E+00
  0.000000E+00
  0.000000E+00
  0.000000E+00
  0.000000E+00
  0.000000E+00
  0.000000E+00
  0.000000E+00
  0.000000E+00
  0.000000E+00
  0.000000E+00
  0.000000E+00
  0.000000E+00
  0.000000E+00
  0.000000E+00
  0.000000E+00
  0.000000E+00
  0.000000E+00
  0.000000E+00
  0.000000E+00
  0.000000E+00
  0.000000E+00
  0.000000E+00
  0.000000E+00
  0.000000E+00
  0.000000E+00
  0.000000E+00
  0.000000E+00
  0.000000E+00
  0.000000E+00
  0.000000E+00
  0.000000E+00
  0.000000E+00
  0.000000E+00
  0.000000E+00
  0.000000E+00
  0.000000E+00
  0.000000E+00
  0.000000E+00
  0.000000E+00
  0.000000E+00
  0.000000E+00
  0.000000E+00
  0.000000E+00
  0.000000E+00
  0.000000E+00
  0.000000E+00
  0.000000E+00
  0.000000E+00
  0.000000E+00
  0.000000E+00
  0.000000E+00
  0.000000E+00
  0.000000E+00
  0.000000E+00
  0.000000E+00
  0.000000E+00
  0.000000E+00
  0.000000E+00
  0.000000E+00
  0.000000E+00
  0.000000E+00
  0.000000E+00
  0.000000E+00
  0.000000E+00
  0.000000E+00
  0.000000E+00
  0.000000E+00
  0.000000E+00
  0.000000E+00
  0.000000E+00
  0.000000E+00
  0.000000E+00
  0.000000E+00
  0.000000E+00
  0.000000E+00
  0.000000E+00
  0.000000E+00
  0.000000E+00
  0.000000E+00
  0.000000E+00
  0.000000E+00
  0.000000E+00
  0.000000E+00
  0.000000E+00
  0.000000E+00
  0.000000E+00
  0.000000E+00
  0.000000E+00
  0.000000E+00
  0.000000E+00
  0.000000E+00
  0.000000E+00
  0.000000E+00
  0.000000E+00
  0.000000E+00
  0.000000E+00
  0.000000E+00
  0.000000E+00
  0.000000E+00
  0.000000E+00
  0.000000E+00
  0.000000E+00
  0.000000E+00
  0.000000E+00
  0.000000E+00
  0.000000E+00
  0.000000E+00
  0.000000E+00
  0.000000E+00
  0.000000E+00
  0.000000E+00
  0.000000E+00
  0.000000E+00
  0.000000E+00
  0.000000E+00
  0.000000E+00
  0.000000E+00
  0.000000E+00
  0.000000E+00
  0.000000E+00
  0.000000E+00
  0.000000E+00
  0.000000E+00
  0.000000E+00
  0.000000E+00
  0.000000E+00
  0.000000E+00
  0.000000E+00
  0.000000E+00
  0.000000E+00
  0.000000E+00
  0.000000E+00
  0.000000E+00
  0.000000E+00
  0.000000E+00
  0.000000E+00
  0.000000E+00
  0.000000E+00
  0.000000E+00
  0.000000E+00
  0.000000E+00
  0.000000E+00
  0.000000E+00
  0.000000E+00
  0.000000E+00
  0.000000E+00
  0.000000E+00
  0.000000E+00
  0.000000E+00
  0.000000E+00
  0.000000E+00
  0.000000E+00
  0.000000E+00
  0.000000E+00
  0.000000E+00
  0.000000E+00
  0.000000E+00
  0.000000E+00
  0.000000E+00
  0.000000E+00
  0.000000E+00
  0.000000E+00
  0.000000E+00
  0.000000E+00
  0.000000E+00
  0.000000E+00
  0.000000E+00
  0.000000E+00
  0.000000E+00
  0.000000E+00
  0.000000E+00
  0.000000E+00
  0.000000E+00
  0.000000E+00
  0.000000E+00
  0.000000E+00
  0.000000E+00
  0.000000E+00
  0.000000E+00
  0.000000E+00
  0.000000E+00
  0.000000E+00
  0.000000E+00
  0.000000E+00
  0.000000E+00
  0.000000E+00
  0.000000E+00
  0.000000E+00
  0.000000E+00
  0.000000E+00
  0.000000E+00
  0.000000E+00
  0.000000E+00
  0.000000E+00
  0.000000E+00
  0.000000E+00
  0.000000E+00
  0.000000E+00
  0.000000E+00
  0.000000E+00
  0.000000E+00
  0.000000E+00
  0.000000E+00
  0.000000E+00
  0.000000E+00
  0.000000E+00
  0.000000E+00
  0.000000E+00
  0.000000E+00
  0.000000E+00
  0.000000E+00
  0.000000E+00
  0.000000E+00
  0.000000E+00
  0.000000E+00
  0.000000E+00
  0.000000E+00
  0.000000E+00
  0.000000E+00
  0.000000E+00
  0.000000E+00
  0.000000E+00
  0.000000E+00
  0.000000E+00
  0.000000E+00
  0.000000E+00
  0.000000E+00
  0.000000E+00
  0.000000E+00
  0.000000E+00
  0.000000E+00
  0.000000E+00
  0.000000E+00
  0.000000E+00
  0.000000E+00
  0.000000E+00
  0.000000E+00
  0.000000E+00
  0.000000E+00
  0.000000E+00
  0.000000E+00
  0.000000E+00
  0.000000E+00
  0.000000E+00
  0.000000E+00
  0.000000E+00
  0.000000E+00
  0.000000E+00
  0.000000E+00
  0.000000E+00
  0.000000E+00
  0.000000E+00
  0.000000E+00
  0.000000E+00
  0.000000E+00
  0.000000E+00
  0.000000E+00
  0.000000E+00
  0.000000E+00
  0.000000E+00
  0.000000E+00
  0.000000E+00
  0.000000E+00
  0.000000E+00
  0.000000E+00
  0.000000E+00
  0.000000E+00
  0.000000E+00
  0.000000E+00
  0.000000E+00
  0.000000E+00
  0.000000E+00
  0.000000E+00
  0.000000E+00
  0.000000E+00
  0.000000E+00
  0.000000E+00
  0.000000E+00
  0.000000E+00
  0.000000E+00
  0.000000E+00
  0.000000E+00
  0.000000E+00
  0.000000E+00
  0.000000E+00
  0.000000E+00
  0.000000E+00
  0.000000E+00
  0.000000E+00
  0.000000E+00
  0.000000E+00
  0.000000E+00
  0.000000E+00
  0.000000E+00
  0.000000E+00
  0.000000E+00
  0.000000E+00
  0.000000E+00
  0.000000E+00
  0.000000E+00
  0.000000E+00
  0.000000E+00
  0.000000E+00
  0.000000E+00
  0.000000E+00
  0.000000E+00
  0.000000E+00
  0.000000E+00
  0.000000E+00
  0.000000E+00
  0.000000E+00
  0.000000E+00
  0.000000E+00
  0.000000E+00
  0.000000E+00
  0.000000E+00
  0.000000E+00
  0.000000E+00
  0.000000E+00
  0.000000E+00
  0.000000E+00
  0.000000E+00
  0.000000E+00
  0.000000E+00
  0.000000E+00
  0.000000E+00
  0.000000E+00
  0.000000E+00
  0.000000E+00
  0.000000E+00
  0.000000E+00
  0.000000E+00
  0.000000E+00
  0.000000E+00
  0.000000E+00
  0.000000E+00
  0.000000E+00
  0.000000E+00
  0.000000E+00
  0.000000E+00
  0.000000E+00
  0.000000E+00
  0.000000E+00
  0.000000E+00
  0.000000E+00
  0.000000E+00
  0.000000E+00
  0.000000E+00
  0.000000E+00
  0.000000E+00
  0.000000E+00
  0.000000E+00
  0.000000E+00
  0.000000E+00
  0.000000E+00
  0.000000E+00
  0.000000E+00
  0.000000E+00
  0.000000E+00
  0.000000E+00
  0.000000E+00
  0.000000E+00
  0.000000E+00
  0.000000E+00
  0.000000E+00
  0.000000E+00
  0.000000E+00
  0.000000E+00
  0.000000E+00
  0.000000E+00
  0.000000E+00
  0.000000E+00
  0.000000E+00
  0.000000E+00
  0.000000E+00
  0.000000E+00
  0.000000E+00
  0.000000E+00
  0.000000E+00
  0.000000E+00
  0.000000E+00
  0.000000E+00
  0.000000E+00
  0.000000E+00
  0.000000E+00
  0.000000E+00
  0.000000E+00
  0.000000E+00
  0.000000E+00
  0.000000E+00
  0.000000E+00
  0.000000E+00
  0.000000E+00
  0.000000E+00
  0.000000E+00
  0.000000E+00
  0.000000E+00
  0.000000E+00
  0.000000E+00
  0.000000E+00
  0.000000E+00
  0.000000E+00
  0.000000E+00
  0.000000E+00
  0.000000E+00
  0.000000E+00
  0.000000E+00
  0.000000E+00
  0.000000E+00
  0.000000E+00
  0.000000E+00
  0.000000E+00
  0.000000E+00
  0.000000E+00
  0.000000E+00
  0.000000E+00
  0.000000E+00
  0.000000E+00
  0.000000E+00
  0.000000E+00
  0.000000E+00
  0.000000E+00
  0.000000E+00
  0.000000E+00
  0.000000E+00
  0.000000E+00
  0.000000E+00
  0.000000E+00
  0.000000E+00
  0.000000E+00
  0.000000E+00
  0.000000E+00
  0.000000E+00
  0.000000E+00
  0.000000E+00
  0.000000E+00
  0.000000E+00
  0.000000E+00
  0.000000E+00
  0.000000E+00
  0.000000E+00
  0.000000E+00
  0.000000E+00
  0.000000E+00
  0.000000E+00
  0.000000E+00
  0.000000E+00
  0.000000E+00
  0.000000E+00
  0.000000E+00
  0.000000E+00
  0.000000E+00
  0.000000E+00
  0.000000E+00
  0.000000E+00
  0.000000E+00
  0.000000E+00
  0.000000E+00
  0.000000E+00
  0.000000E+00
  0.000000E+00
  0.000000E+00
  0.000000E+00
  0.000000E+00
  0.000000E+00
  0.000000E+00
  0.000000E+00
  0.000000E+00
  0.000000E+00
  0.000000E+00
  0.000000E+00
  0.000000E+00
  0.000000E+00
  0.000000E+00
  0.000000E+00
  0.000000E+00
  0.000000E+00
  0.000000E+00
  0.000000E+00
  0.000000E+00
  0.000000E+00
  0.000000E+00
  0.000000E+00
  0.000000E+00
  0.000000E+00
  0.000000E+00
  0.000000E+00
  0.000000E+00
  0.000000E+00
  0.000000E+00
  0.000000E+00
  0.000000E+00
  0.000000E+00
  0.000000E+00
  0.000000E+00
  0.000000E+00
  0.000000E+00
  0.000000E+00
  0.000000E+00
  0.000000E+00
  0.000000E+00
  0.000000E+00
  0.000000E+00
  0.000000E+00
  0.000000E+00
  0.000000E+00
  0.000000E+00
  0.000000E+00
  0.000000E+00
  0.000000E+00
  0.000000E+00
  0.000000E+00
  0.000000E+00
  0.000000E+00
  0.000000E+00
  0.000000E+00
  0.000000E+00
  0.000000E+00
  0.000000E+00
  0.000000E+00
  0.000000E+00
  0.000000E+00
  0.000000E+00
  0.000000E+00
  0.000000E+00
  0.000000E+00
  0.000000E+00
  0.000000E+00
  0.000000E+00
  0.000000E+00
  0.000000E+00
  0.000000E+00
  0.000000E+00
  0.000000E+00
  0.000000E+00
  0.000000E+00
  0.000000E+00
  0.000000E+00
  0.000000E+00
  0.000000E+00
  0.000000E+00
  0.000000E+00
  0.000000E+00
  0.000000E+00
  0.000000E+00
  0.000000E+00
  0.000000E+00
  0.000000E+00
  0.000000E+00
  0.000000E+00
  0.000000E+00
  0.000000E+00
  0.000000E+00
  0.000000E+00
  0.000000E+00
  0.000000E+00
  0.000000E+00
  0.000000E+00
  0.000000E+00
  0.000000E+00
  0.000000E+00
  0.000000E+00
  0.000000E+00
  0.000000E+00
  0.000000E+00
  0.000000E+00
  0.000000E+00
  0.000000E+00
  0.000000E+00
  0.000000E+00
  0.000000E+00
  0.000000E+00
  0.000000E+00
  0.000000E+00
  0.000000E+00
  0.000000E+00
  0.000000E+00
  0.000000E+00
  0.000000E+00
  0.000000E+00
  0.000000E+00
  0.000000E+00
  0.000000E+00
  0.000000E+00
  0.000000E+00
  0.000000E+00
  0.000000E+00
  0.000000E+00
  0.000000E+00
  0.000000E+00
  0.000000E+00
  0.000000E+00
  0.000000E+00
  0.000000E+00
  0.000000E+00
  0.000000E+00
  0.000000E+00
  0.000000E+00
  0.000000E+00
  0.000000E+00
  0.000000E+00
  0.000000E+00
  0.000000E+00
  0.000000E+00
  0.000000E+00
  0.000000E+00
  0.000000E+00
  0.000000E+00
  0.000000E+00
  0.000000E+00
  0.000000E+00
  0.000000E+00
  0.000000E+00
  0.000000E+00
  0.000000E+00
  0.000000E+00
  0.000000E+00
  0.000000E+00
  0.000000E+00
  0.000000E+00
  0.000000E+00
  0.000000E+00
  0.000000E+00
  0.000000E+00
  0.000000E+00
  0.000000E+00
  0.000000E+00
  0.000000E+00
  0.000000E+00
  0.000000E+00
  0.000000E+00
  0.000000E+00
  0.000000E+00
  0.000000E+00
  0.000000E+00
  0.000000E+00
  0.000000E+00
  0.000000E+00
  0.000000E+00
  0.000000E+00
  0.000000E+00
  0.000000E+00
  0.000000E+00
  0.000000E+00
  0.000000E+00
  0.000000E+00
  0.000000E+00
  0.000000E+00
  0.000000E+00
  0.000000E+00
  0.000000E+00
  0.000000E+00
  0.000000E+00
  0.000000E+00
  0.000000E+00
  0.000000E+00
  0.000000E+00
  0.000000E+00
  0.000000E+00
  0.000000E+00
  0.000000E+00
  0.000000E+00
  0.000000E+00
  0.000000E+00
  0.000000E+00
  0.000000E+00
  0.000000E+00
  0.000000E+00
  0.000000E+00
  0.000000E+00
  0.000000E+00
  0.000000E+00
  0.000000E+00
  0.000000E+00
  0.000000E+00
  0.000000E+00
  0.000000E+00
  0.000000E+00
  0.000000E+00
  0.000000E+00
  0.000000E+00
  0.000000E+00
  0.000000E+00
  0.000000E+00
  0.000000E+00
  0.000000E+00
  0.000000E+00
  0.000000E+00
  0.000000E+00
  0.000000E+00
  0.000000E+00
  0.000000E+00
  0.000000E+00
  0.000000E+00
  0.000000E+00
  0.000000E+00
  0.000000E+00
  0.000000E+00
  0.000000E+00
  0.000000E+00
  0.000000E+00
  0.000000E+00
  0.000000E+00
  0.000000E+00
  0.000000E+00
  0.000000E+00
  0.000000E+00
  0.000000E+00
  0.000000E+00
  0.000000E+00
  0.000000E+00
  0.000000E+00
  0.000000E+00
  0.000000E+00
  0.000000E+00
  0.000000E+00
  0.000000E+00
  0.000000E+00
  0.000000E+00
  0.000000E+00
  0.000000E+00
  0.000000E+00
  0.000000E+00
  0.000000E+00
  0.000000E+00
  0.000000E+00
  0.000000E+00
  0.000000E+00
  0.000000E+00
  0.000000E+00
  0.000000E+00
  0.000000E+00
  0.000000E+00
  0.000000E+00
  0.000000E+00
  0.000000E+00
  0.000000E+00
  0.000000E+00
  0.000000E+00
  0.000000E+00
  0.000000E+00
  0.000000E+00
  0.000000E+00
  0.000000E+00
  0.000000E+00
  0.000000E+00
  0.000000E+00
  0.000000E+00
  0.000000E+00
  0.000000E+00
  0.000000E+00
  0.000000E+00
  0.000000E+00
  0.000000E+00
  0.000000E+00
  0.000000E+00
  0.000000E+00
  0.000000E+00
  0.000000E+00
  0.000000E+00
  0.000000E+00
  0.000000E+00
  0.000000E+00
  0.000000E+00
  0.000000E+00
  0.000000E+00
  0.000000E+00
  0.000000E+00
  0.000000E+00
  0.000000E+00
  0.000000E+00
  0.000000E+00
  0.000000E+00
  0.000000E+00
  0.000000E+00
  0.000000E+00
  0.000000E+00
  0.000000E+00
  0.000000E+00
  0.000000E+00
  0.000000E+00
  0.000000E+00
  0.000000E+00
  0.000000E+00
  0.000000E+00
  0.000000E+00
  0.000000E+00
  0.000000E+00
  0.000000E+00
  0.000000E+00
  0.000000E+00
  0.000000E+00
  0.000000E+00
  0.000000E+00
  0.000000E+00
  0.000000E+00
  0.000000E+00
  0.000000E+00
  0.000000E+00
  0.000000E+00
  0.000000E+00
  0.000000E+00
  0.000000E+00
  0.000000E+00
  0.000000E+00
  0.000000E+00
  0.000000E+00
  0.000000E+00
  0.000000E+00
  0.000000E+00
  0.000000E+00
  0.000000E+00
  0.000000E+00
  0.000000E+00
  0.000000E+00
  0.000000E+00
  0.000000E+00
  0.000000E+00
  0.000000E+00
  0.000000E+00
  0.000000E+00
  0.000000E+00
  0.000000E+00
  0.000000E+00
  0.000000E+00
  0.000000E+00
  0.000000E+00
  0.000000E+00
  0.000000E+00
  0.000000E+00
  0.000000E+00
  0.000000E+00
  0.000000E+00
  0.000000E+00
  0.000000E+00
  0.000000E+00
  0.000000E+00
  0.000000E+00
  0.000000E+00
  0.000000E+00
  0.000000E+00
  0.000000E+00
  0.000000E+00
  0.000000E+00
  0.000000E+00
  0.000000E+00
  0.000000E+00
  0.000000E+00
  0.000000E+00
  0.000000E+00
  0.000000E+00
  0.000000E+00
  0.000000E+00
  0.000000E+00
  0.000000E+00
  0.000000E+00
  0.000000E+00
  0.000000E+00
  0.000000E+00
  0.000000E+00
  0.000000E+00
  0.000000E+00
  0.000000E+00
  0.000000E+00
  0.000000E+00
  0.000000E+00
  0.000000E+00
  0.000000E+00
  0.000000E+00
  0.000000E+00
  0.000000E+00
  0.000000E+00
  0.000000E+00
  0.000000E+00
  0.000000E+00
  0.000000E+00
  0.000000E+00
  0.000000E+00
  0.000000E+00
  0.000000E+00
  0.000000E+00
  0.000000E+00
  0.000000E+00
  0.000000E+00
  0.000000E+00
  0.000000E+00
  0.000000E+00
  0.000000E+00
  0.000000E+00
  0.000000E+00
  0.000000E+00
  0.000000E+00
  0.000000E+00
  0.000000E+00
  0.000000E+00
  0.000000E+00
  0.000000E+00
  0.000000E+00
  0.000000E+00
  0.000000E+00
  0.000000E+00
  0.000000E+00
  0.000000E+00
  0.000000E+00
  0.000000E+00
  0.000000E+00
  0.000000E+00
  0.000000E+00
  0.000000E+00
  0.000000E+00
  0.000000E+00
  0.000000E+00
  0.000000E+00
  0.000000E+00
  0.000000E+00
  0.000000E+00
  0.000000E+00
  0.000000E+00
  0.000000E+00
  0.000000E+00
  0.000000E+00
  0.000000E+00
  0.000000E+00
  0.000000E+00
  0.000000E+00
  0.000000E+00
  0.000000E+00
  0.000000E+00
  0.000000E+00
  0.000000E+00
  0.000000E+00
  0.000000E+00
  0.000000E+00
  0.000000E+00
  0.000000E+00
  0.000000E+00
  0.000000E+00
  0.000000E+00
  0.000000E+00
  0.000000E+00
  0.000000E+00
  0.000000E+00
  0.000000E+00
  0.000000E+00
  0.000000E+00
  0.000000E+00
  0.000000E+00
  0.000000E+00
  0.000000E+00
  0.000000E+00
  0.000000E+00
  0.000000E+00
  0.000000E+00
  0.000000E+00
  0.000000E+00
  0.000000E+00
  0.000000E+00
  0.000000E+00
  0.000000E+00
  0.000000E+00
  0.000000E+00
  0.000000E+00
  0.000000E+00
  0.000000E+00
  0.000000E+00
  0.000000E+00
  0.000000E+00
  0.000000E+00
  0.000000E+00
  0.000000E+00
  0.000000E+00
  0.000000E+00
  0.000000E+00
  0.000000E+00
  0.000000E+00
  0.000000E+00
  0.000000E+00
  0.000000E+00
  0.000000E+00
  0.000000E+00
  0.000000E+00
  0.000000E+00
  0.000000E+00
  0.000000E+00
  0.000000E+00
  0.000000E+00
  0.000000E+00
  0.000000E+00
  0.000000E+00
  0.000000E+00
  0.000000E+00
  0.000000E+00
  0.000000E+00
  0.000000E+00
  0.000000E+00
  0.000000E+00
  0.000000E+00
  0.000000E+00
  0.000000E+00
  0.000000E+00
  0.000000E+00
  0.000000E+00
  0.000000E+00
  0.000000E+00
  0.000000E+00
  0.000000E+00
  0.000000E+00
  0.000000E+00
  0.000000E+00
  0.000000E+00
  0.000000E+00
  0.000000E+00
  0.000000E+00
  0.000000E+00
  0.000000E+00
  0.000000E+00
  0.000000E+00
  0.000000E+00
  0.000000E+00
  0.000000E+00
  0.000000E+00
  0.000000E+00
  0.000000E+00
  0.000000E+00
  0.000000E+00
  0.000000E+00
  0.000000E+00
  0.000000E+00
  0.000000E+00
  0.000000E+00
  0.000000E+00
  0.000000E+00
  0.000000E+00
  0.000000E+00
  0.000000E+00
  0.000000E+00
  0.000000E+00
  0.000000E+00
  0.000000E+00
  0.000000E+00
  0.000000E+00
  0.000000E+00
  0.000000E+00
  0.000000E+00
  0.000000E+00
  0.000000E+00
  0.000000E+00
  0.000000E+00
  0.000000E+00
  0.000000E+00
  0.000000E+00
  0.000000E+00
  0.000000E+00
  0.000000E+00
  0.000000E+00
  0.000000E+00
  0.000000E+00
  0.000000E+00
  0.000000E+00
  0.000000E+00
  0.000000E+00
  0.000000E+00
  0.000000E+00
  0.000000E+00
  0.000000E+00
  0.000000E+00
  0.000000E+00
  0.000000E+00
  0.000000E+00
  0.000000E+00
  0.000000E+00
  0.000000E+00
  0.000000E+00
  0.000000E+00
  0.000000E+00
  0.000000E+00
  0.000000E+00
  0.000000E+00
  0.000000E+00
  0.000000E+00
  0.000000E+00
  0.000000E+00
  0.000000E+00
  0.000000E+00
  0.000000E+00
  0.000000E+00
  0.000000E+00
  0.000000E+00
  0.000000E+00
  0.000000E+00
  0.000000E+00
  0.000000E+00
  0.000000E+00
  0.000000E+00
  0.000000E+00
  0.000000E+00
  0.000000E+00
  0.000000E+00
  0.000000E+00
  0.000000E+00
  0.000000E+00
  0.000000E+00
  0.000000E+00
  0.000000E+00
  0.000000E+00
  0.000000E+00
  0.000000E+00
  0.000000E+00
  0.000000E+00
  0.000000E+00
  0.000000E+00
  0.000000E+00
  0.000000E+00
  0.000000E+00
  0.000000E+00
  0.000000E+00
  0.000000E+00
  0.000000E+00
  0.000000E+00
  0.000000E+00
  0.000000E+00
  0.000000E+00
  0.000000E+00
  0.000000E+00
  0.000000E+00
  0.000000E+00
  0.000000E+00
  0.000000E+00
  0.000000E+00
  0.000000E+00
  0.000000E+00
  0.000000E+00
  0.000000E+00
  0.000000E+00
  0.000000E+00
  0.000000E+00
  0.000000E+00
  0.000000E+00
  0.000000E+00
  0.000000E+00
  0.000000E+00
  0.000000E+00
  0.000000E+00
  0.000000E+00
  0.000000E+00
  0.000000E+00
  0.000000E+00
  0.000000E+00
  0.000000E+00
  0.000000E+00
  0.000000E+00
  0.000000E+00
  0.000000E+00
  0.000000E+00
  0.000000E+00
  0.000000E+00
  0.000000E+00
  0.000000E+00
  0.000000E+00
  0.000000E+00
  0.000000E+00
  0.000000E+00
  0.000000E+00
  0.000000E+00
  0.000000E+00
  0.000000E+00
  0.000000E+00
  0.000000E+00
  0.000000E+00
  0.000000E+00
  0.000000E+00
  0.000000E+00
  0.000000E+00
  0.000000E+00
  0.000000E+00
  0.000000E+00
  0.000000E+00
  0.000000E+00
  0.000000E+00
  0.000000E+00
  0.000000E+00
  0.000000E+00
  0.000000E+00
  0.000000E+00
  0.000000E+00
  0.000000E+00
  0.000000E+00
  0.000000E+00
  0.000000E+00
  0.000000E+00
  0.000000E+00
  0.000000E+00
  0.000000E+00
  0.000000E+00
  0.000000E+00
  0.000000E+00
  0.000000E+00
  0.000000E+00
  0.000000E+00
  0.000000E+00
  0.000000E+00
  0.000000E+00
  0.000000E+00
  0.000000E+00
  0.000000E+00
  0.000000E+00
  0.000000E+00
  0.000000E+00
  0.000000E+00
  0.000000E+00
  0.000000E+00
  0.000000E+00
  0.000000E+00
  0.000000E+00
  0.000000E+00
  0.000000E+00
  0.000000E+00
  0.000000E+00
  0.000000E+00
  0.000000E+00
  0.000000E+00
  0.000000E+00
  0.000000E+00
  0.000000E+00
  0.000000E+00
  0.000000E+00
  0.000000E+00
  0.000000E+00
  0.000000E+00
  0.000000E+00
  0.000000E+00
  0.000000E+00
  0.000000E+00
  0.000000E+00
  0.000000E+00
  0.000000E+00
  0.000000E+00
  0.000000E+00
  0.000000E+00
  0.000000E+00
  0.000000E+00
  0.000000E+00
  0.000000E+00
  0.000000E+00
  0.000000E+00
  0.000000E+00
  0.000000E+00
  0.000000E+00
  0.000000E+00
  0.000000E+00
  0.000000E+00
  0.000000E+00
  0.000000E+00
  0.000000E+00
  0.000000E+00
  0.000000E+00
  0.000000E+00
  0.000000E+00
  0.000000E+00
  0.000000E+00
  0.000000E+00
  0.000000E+00
  0.000000E+00
  0.000000E+00
  0.000000E+00
  0.000000E+00
  0.000000E+00
  0.000000E+00
  0.000000E+00
  0.000000E+00
  0.000000E+00
  0.000000E+00
  0.000000E+00
  0.000000E+00
  0.000000E+00
  0.000000E+00
  0.000000E+00
  0.000000E+00
  0.000000E+00
  0.000000E+00
  0.000000E+00
  0.000000E+00
  0.000000E+00
  0.000000E+00
  0.000000E+00
  0.000000E+00
  0.000000E+00
  0.000000E+00
  0.000000E+00
  0.000000E+00
  0.000000E+00
  0.000000E+00
  0.000000E+00
  0.000000E+00
  0.000000E+00
  0.000000E+00
  0.000000E+00
  0.000000E+00
  0.000000E+00
  0.000000E+00
  0.000000E+00
  0.000000E+00
  0.000000E+00
  0.000000E+00
  0.000000E+00
  0.000000E+00
  0.000000E+00
  0.000000E+00
  0.000000E+00
  0.000000E+00
  0.000000E+00
  0.000000E+00
  0.000000E+00
  0.000000E+00
  0.000000E+00
  0.000000E+00
  0.000000E+00
  0.000000E+00
  0.000000E+00
  0.000000E+00
  0.000000E+00
  0.000000E+00
  0.000000E+00
  0.000000E+00
  0.000000E+00
  0.000000E+00
  0.000000E+00
  0.000000E+00
  0.000000E+00
  0.000000E+00
  0.000000E+00
  0.000000E+00
  0.000000E+00
  0.000000E+00
  0.000000E+00
  0.000000E+00
  0.000000E+00
  0.000000E+00
  0.000000E+00
  0.000000E+00
  0.000000E+00
  0.000000E+00
  0.000000E+00
  0.000000E+00
  0.000000E+00
  0.000000E+00
  0.000000E+00
  0.000000E+00
  0.000000E+00
  0.000000E+00
  0.000000E+00
  0.000000E+00
  0.000000E+00
  0.000000E+00
  0.000000E+00
  0.000000E+00
  0.000000E+00
  0.000000E+00
  0.000000E+00
  0.000000E+00
  0.000000E+00
  0.000000E+00
  0.000000E+00
  0.000000E+00
  0.000000E+00
  0.000000E+00
  0.000000E+00
  0.000000E+00
  0.000000E+00
  0.000000E+00
  0.000000E+00
  0.000000E+00
  0.000000E+00
  0.000000E+00
  0.000000E+00
  0.000000E+00
  0.000000E+00
  0.000000E+00
  0.000000E+00
  0.000000E+00
  0.000000E+00
  0.000000E+00
  0.000000E+00
  0.000000E+00
  0.000000E+00
  0.000000E+00
  0.000000E+00
  0.000000E+00
  0.000000E+00
  0.000000E+00
  0.000000E+00
  0.000000E+00
  0.000000E+00
  0.000000E+00
  0.000000E+00
  0.000000E+00
  0.000000E+00
  0.000000E+00
  0.000000E+00
  0.000000E+00
  0.000000E+00
  0.000000E+00
  0.000000E+00
  0.000000E+00
  0.000000E+00
  0.000000E+00
  0.000000E+00
  0.000000E+00
  0.000000E+00
  0.000000E+00
  0.000000E+00
  0.000000E+00
  0.000000E+00
  0.000000E+00
  0.000000E+00
  0.000000E+00
  0.000000E+00
  0.000000E+00
  0.000000E+00
  0.000000E+00
  0.000000E+00
  0.000000E+00
  0.000000E+00
  0.000000E+00
  0.000000E+00
  0.000000E+00
  0.000000E+00
  0.000000E+00
  0.000000E+00
  0.000000E+00
  0.000000E+00
  0.000000E+00
  0.000000E+00
  0.000000E+00
  0.000000E+00
  0.000000E+00
  0.000000E+00
  0.000000E+00
  0.000000E+00
  0.000000E+00
  0.000000E+00
  0.000000E+00
  0.000000E+00
  0.000000E+00
  0.000000E+00
  0.000000E+00
  0.000000E+00
  0.000000E+00
  0.000000E+00
  0.000000E+00
  0.000000E+00
  0.000000E+00
  0.000000E+00
  0.000000E+00
  0.000000E+00
  0.000000E+00
  0.000000E+00
  0.000000E+00
  0.000000E+00
  0.000000E+00
  0.000000E+00
  0.000000E+00
  0.000000E+00
  0.000000E+00
  0.000000E+00
  0.000000E+00
  0.000000E+00
  0.000000E+00
  0.000000E+00
  0.000000E+00
  0.000000E+00
  0.000000E+00
  0.000000E+00
  0.000000E+00
  0.000000E+00
  0.000000E+00
  0.000000E+00
  0.000000E+00
  0.000000E+00
  0.000000E+00
  0.000000E+00
  0.000000E+00
  0.000000E+00
  0.000000E+00
  0.000000E+00
  0.000000E+00
  0.000000E+00
  0.000000E+00
  0.000000E+00
  0.000000E+00
  0.000000E+00
  0.000000E+00
  0.000000E+00
  0.000000E+00
  0.000000E+00
  0.000000E+00
  0.000000E+00
  0.000000E+00
  0.000000E+00
  0.000000E+00
  0.000000E+00
  0.000000E+00
  0.000000E+00
  0.000000E+00
  0.000000E+00
  0.000000E+00
  0.000000E+00
  0.000000E+00
  0.000000E+00
  0.000000E+00
  0.000000E+00
  0.000000E+00
  0.000000E+00
  0.000000E+00
  0.000000E+00
  0.000000E+00
  0.000000E+00
  0.000000E+00
  0.000000E+00
  0.000000E+00
  0.000000E+00
  0.000000E+00
  0.000000E+00
  0.000000E+00
  0.000000E+00
  0.000000E+00
  0.000000E+00
  0.000000E+00
  0.000000E+00
  0.000000E+00
  0.000000E+00
  0.000000E+00
  0.000000E+00
  0.000000E+00
  0.000000E+00
  0.000000E+00
  0.000000E+00
  0.000000E+00
  0.000000E+00
  0.000000E+00
  0.000000E+00
  0.000000E+00
  0.000000E+00
  0.000000E+00
  0.000000E+00
  0.000000E+00
  0.000000E+00
  0.000000E+00
  0.000000E+00
  0.000000E+00
  0.000000E+00
  0.000000E+00
  0.000000E+00
  0.000000E+00
  0.000000E+00
  0.000000E+00
  0.000000E+00
  0.000000E+00
  0.000000E+00
  0.000000E+00
  0.000000E+00
  0.000000E+00
  0.000000E+00
  0.000000E+00
  0.000000E+00
  0.000000E+00
  0.000000E+00
  0.000000E+00
  0.000000E+00
  0.000000E+00
  0.000000E+00
  0.000000E+00
  0.000000E+00
  0.000000E+00
  0.000000E+00
  0.000000E+00
  0.000000E+00
  0.000000E+00
  0.000000E+00
  0.000000E+00
  0.000000E+00
  0.000000E+00
  0.000000E+00
  0.000000E+00
  0.000000E+00
  0.000000E+00
  0.000000E+00
  0.000000E+00
  0.000000E+00
  0.000000E+00
  0.000000E+00
  0.000000E+00
  0.000000E+00
  0.000000E+00
  0.000000E+00
  0.000000E+00
  0.000000E+00
  0.000000E+00
  0.000000E+00
  0.000000E+00
  0.000000E+00
  0.000000E+00
  0.000000E+00
  0.000000E+00
  0.000000E+00
  0.000000E+00
  0.000000E+00
  0.000000E+00
  0.000000E+00
  0.000000E+00
  0.000000E+00
  0.000000E+00
  0.000000E+00
  0.000000E+00
  0.000000E+00
  0.000000E+00
  0.000000E+00
  0.000000E+00
  0.000000E+00
  0.000000E+00
  0.000000E+00
  0.000000E+00
  0.000000E+00
  0.000000E+00
  0.000000E+00
  0.000000E+00
  0.000000E+00
  0.000000E+00
  0.000000E+00
  0.000000E+00
  0.000000E+00
  0.000000E+00
  0.000000E+00
  0.000000E+00
  0.000000E+00
  0.000000E+00
  0.000000E+00
  0.000000E+00
  0.000000E+00
  0.000000E+00
  0.000000E+00
  0.000000E+00
  0.000000E+00
  0.000000E+00
  0.000000E+00
  0.000000E+00
  0.000000E+00
  0.000000E+00
  0.000000E+00
  0.000000E+00
  0.000000E+00
  0.000000E+00
  0.000000E+00
  0.000000E+00
  0.000000E+00
  0.000000E+00
  0.000000E+00
  0.000000E+00
  0.000000E+00
  0.000000E+00
  0.000000E+00
  0.000000E+00
  0.000000E+00
  0.000000E+00
  0.000000E+00
  0.000000E+00
  0.000000E+00
  0.000000E+00
  0.000000E+00
  0.000000E+00
  0.000000E+00
  0.000000E+00
  0.000000E+00
  0.000000E+00
  0.000000E+00
  0.000000E+00
  0.000000E+00
  0.000000E+00
  0.000000E+00
  0.000000E+00
  0.000000E+00
  0.000000E+00
  0.000000E+00
  0.000000E+00
  0.000000E+00
  0.000000E+00
  0.000000E+00
  0.000000E+00
  0.000000E+00
  0.000000E+00
  0.000000E+00
  0.000000E+00
  0.000000E+00
  0.000000E+00
  0.000000E+00
  0.000000E+00
  0.000000E+00
  0.000000E+00
  0.000000E+00
  0.000000E+00
  0.000000E+00
  0.000000E+00
  0.000000E+00
  0.000000E+00
  0.000000E+00
  0.000000E+00
  0.000000E+00
  0.000000E+00
  0.000000E+00
  0.000000E+00
  0.000000E+00
  0.000000E+00
  0.000000E+00
  0.000000E+00
  0.000000E+00
  0.000000E+00
  0.000000E+00
  0.000000E+00
  0.000000E+00
  0.000000E+00
  0.000000E+00
  0.000000E+00
  0.000000E+00
  0.000000E+00
  0.000000E+00
  0.000000E+00
  0.000000E+00
  0.000000E+00
  0.000000E+00
  0.000000E+00
  0.000000E+00
  0.000000E+00
  0.000000E+00
  0.000000E+00
  0.000000E+00
  0.000000E+00
  0.000000E+00
  0.000000E+00
  0.000000E+00
  0.000000E+00
  0.000000E+00
  0.000000E+00
  0.000000E+00
  0.000000E+00
  0.000000E+00
  0.000000E+00
  0.000000E+00
  0.000000E+00
  0.000000E+00
  0.000000E+00
  0.000000E+00
  0.000000E+00
  0.000000E+00
  0.000000E+00
  0.000000E+00
  0.000000E+00
  0.000000E+00
  0.000000E+00
  0.000000E+00
  0.000000E+00
  0.000000E+00
  0.000000E+00
  0.000000E+00
  0.000000E+00
  0.000000E+00
  0.000000E+00
  0.000000E+00
  0.000000E+00
  0.000000E+00
  0.000000E+00
  0.000000E+00
  0.000000E+00
  0.000000E+00
  0.000000E+00
  0.000000E+00
  0.000000E+00
  0.000000E+00
  0.000000E+00
  0.000000E+00
  0.000000E+00
  0.000000E+00
  0.000000E+00
  0.000000E+00
  0.000000E+00
  0.000000E+00
  0.000000E+00
  0.000000E+00
  0.000000E+00
  0.000000E+00
  0.000000E+00
  0.000000E+00
  0.000000E+00
  0.000000E+00
  0.000000E+00
  0.000000E+00
  0.000000E+00
  0.000000E+00
  0.000000E+00
  0.000000E+00
  0.000000E+00
  0.000000E+00
  0.000000E+00
  0.000000E+00
  0.000000E+00
  0.000000E+00
  0.000000E+00
  0.000000E+00
  0.000000E+00
  0.000000E+00
  0.000000E+00
  0.000000E+00
  0.000000E+00
  0.000000E+00
  0.000000E+00
  0.000000E+00
  0.000000E+00
  0.000000E+00
  0.000000E+00
  0.000000E+00
  0.000000E+00
  0.000000E+00
  0.000000E+00
  0.000000E+00
  0.000000E+00
  0.000000E+00
  0.000000E+00
  0.000000E+00
  0.000000E+00
  0.000000E+00
  0.000000E+00
  0.000000E+00
  0.000000E+00
  0.000000E+00
  0.000000E+00
  0.000000E+00
  0.000000E+00
  0.000000E+00
  0.000000E+00
  0.000000E+00
  0.000000E+00
  0.000000E+00
  0.000000E+00
  0.000000E+00
  0.000000E+00
  0.000000E+00
  0.000000E+00
  0.000000E+00
  0.000000E+00
  0.000000E+00
  0.000000E+00
  0.000000E+00
  0.000000E+00
  0.000000E+00
  0.000000E+00
  0.000000E+00
  0.000000E+00
  0.000000E+00
  0.000000E+00
  0.000000E+00
  0.000000E+00
  0.000000E+00
  0.000000E+00
  0.000000E+00
  0.000000E+00
  0.000000E+00
  0.000000E+00
  0.000000E+00
  0.000000E+00
  0.000000E+00
  0.000000E+00
  0.000000E+00
  0.000000E+00
  0.000000E+00
  0.000000E+00
  0.000000E+00
  0.000000E+00
  0.000000E+00
  0.000000E+00
  0.000000E+00
  0.000000E+00
  0.000000E+00
  0.000000E+00
  0.000000E+00
  0.000000E+00
  0.000000E+00
  0.000000E+00
  0.000000E+00
  0.000000E+00
  0.000000E+00
  0.000000E+00
  0.000000E+00
  0.000000E+00
  0.000000E+00
  0.000000E+00
  0.000000E+00
  0.000000E+00
  0.000000E+00
  0.000000E+00
  0.000000E+00
  0.000000E+00
  0.000000E+00
  0.000000E+00
  0.000000E+00
  0.000000E+00
  0.000000E+00
  0.000000E+00
  0.000000E+00
  0.000000E+00
  0.000000E+00
  0.000000E+00
  0.000000E+00
  0.000000E+00
  0.000000E+00
  0.000000E+00
  0.000000E+00
  0.000000E+00
  0.000000E+00
  0.000000E+00
  0.000000E+00
  0.000000E+00
  0.000000E+00
  0.000000E+00
  0.000000E+00
  0.000000E+00
  0.000000E+00
  0.000000E+00
  0.000000E+00
  0.000000E+00
  0.000000E+00
  0.000000E+00
  0.000000E+00
  0.000000E+00
  0.000000E+00
  0.000000E+00
  0.000000E+00
  0.000000E+00
  0.000000E+00
  0.000000E+00
  0.000000E+00
  0.000000E+00
  0.000000E+00
  0.000000E+00
  0.000000E+00
  0.000000E+00
  0.000000E+00
  0.000000E+00
  0.000000E+00
  0.000000E+00
  0.000000E+00
  0.000000E+00
  0.000000E+00
  0.000000E+00
  0.000000E+00
  0.000000E+00
  0.000000E+00
  0.000000E+00
  0.000000E+00
  0.000000E+00
  0.000000E+00
  0.000000E+00
  0.000000E+00
  0.000000E+00
  0.000000E+00
  0.000000E+00
  0.000000E+00
  0.000000E+00
  0.000000E+00
  0.000000E+00
  0.000000E+00
  0.000000E+00
  0.000000E+00
  0.000000E+00
  0.000000E+00
  0.000000E+00
  0.000000E+00
  0.000000E+00
  0.000000E+00
  0.000000E+00
  0.000000E+00
  0.000000E+00
  0.000000E+00
  0.000000E+00
  0.000000E+00
  0.000000E+00
  0.000000E+00
  0.000000E+00
  0.000000E+00
  0.000000E+00
  0.000000E+00
  0.000000E+00
  0.000000E+00
  0.000000E+00
  0.000000E+00
  0.000000E+00
  0.000000E+00
  0.000000E+00
  0.000000E+00
  0.000000E+00
  0.000000E+00
  0.000000E+00
  0.000000E+00
  0.000000E+00
  0.000000E+00
  0.000000E+00
  0.000000E+00
  0.000000E+00
  0.000000E+00
  0.000000E+00
  0.000000E+00
  0.000000E+00
  0.000000E+00
  0.000000E+00
  0.000000E+00
  0.000000E+00
  0.000000E+00
  0.000000E+00
  0.000000E+00
  0.000000E+00
  0.000000E+00
  0.000000E+00
  0.000000E+00
  0.000000E+00
  0.000000E+00
  0.000000E+00
  0.000000E+00
  0.000000E+00
  0.000000E+00
  0.000000E+00
  0.000000E+00
  0.000000E+00
  0.000000E+00
  0.000000E+00
  0.000000E+00
  0.000000E+00
  0.000000E+00
  0.000000E+00
  0.000000E+00
  0.000000E+00
  0.000000E+00
  0.000000E+00
  0.000000E+00
  0.000000E+00
  0.000000E+00
  0.000000E+00
  0.000000E+00
  0.000000E+00
  0.000000E+00
  0.000000E+00
  0.000000E+00
  0.000000E+00
  0.000000E+00
  0.000000E+00
  0.000000E+00
  0.000000E+00
  0.000000E+00
  0.000000E+00
  0.000000E+00
  0.000000E+00
  0.000000E+00
  0.000000E+00
  0.000000E+00
  0.000000E+00
  0.000000E+00
  0.000000E+00
  0.000000E+00
  0.000000E+00
  0.000000E+00
  0.000000E+00
  0.000000E+00
  0.000000E+00
  0.000000E+00
  0.000000E+00
  0.000000E+00
  0.000000E+00
  0.000000E+00
  0.000000E+00
  0.000000E+00
  0.000000E+00
  0.000000E+00
  0.000000E+00
  0.000000E+00
  0.000000E+00
  0.000000E+00
  0.000000E+00
  0.000000E+00
  0.000000E+00
  0.000000E+00
  0.000000E+00
  0.000000E+00
  0.000000E+00
  0.000000E+00
  0.000000E+00
  0.000000E+00
  0.000000E+00
  0.000000E+00
  0.000000E+00
  0.000000E+00
  0.000000E+00
  0.000000E+00
  0.000000E+00
  0.000000E+00
  0.000000E+00
  0.000000E+00
  0.000000E+00
  0.000000E+00
  0.000000E+00
  0.000000E+00
  0.000000E+00
  0.000000E+00
  0.000000E+00
  0.000000E+00
  0.000000E+00
  0.000000E+00
  0.000000E+00
  0.000000E+00
  0.000000E+00
  0.000000E+00
  0.000000E+00
  0.000000E+00
  0.000000E+00
  0.000000E+00
  0.000000E+00
  0.000000E+00
  0.000000E+00
  0.000000E+00
  0.000000E+00
  0.000000E+00
  0.000000E+00
  0.000000E+00
  0.000000E+00
  0.000000E+00
  0.000000E+00
  0.000000E+00
  0.000000E+00
  0.000000E+00
  0.000000E+00
  0.000000E+00
  0.000000E+00
  0.000000E+00
  0.000000E+00
  0.000000E+00
  0.000000E+00
  0.000000E+00
  0.000000E+00
  0.000000E+00
  0.000000E+00
  0.000000E+00
  0.000000E+00
  0.000000E+00
  0.000000E+00
  0.000000E+00
  0.000000E+00
  0.000000E+00
  0.000000E+00
  0.000000E+00
  0.000000E+00
  0.000000E+00
  0.000000E+00
  0.000000E+00
  0.000000E+00
  0.000000E+00
  0.000000E+00
  0.000000E+00
  0.000000E+00
  0.000000E+00
  0.000000E+00
  0.000000E+00
  0.000000E+00
  0.000000E+00
  0.000000E+00
  0.000000E+00
  0.000000E+00
  0.000000E+00
  0.000000E+00
  0.000000E+00
  0.000000E+00
  0.000000E+00
  0.000000E+00
  0.000000E+00
  0.000000E+00
  0.000000E+00
  0.000000E+00
  0.000000E+00
  0.000000E+00
  0.000000E+00
  0.000000E+00
  0.000000E+00
  0.000000E+00
  0.000000E+00
  0.000000E+00
  0.000000E+00
  0.000000E+00
  0.000000E+00
  0.000000E+00
  0.000000E+00
  0.000000E+00
  0.000000E+00
  0.000000E+00
  0.000000E+00
  0.000000E+00
  0.000000E+00
  0.000000E+00
  0.000000E+00
  0.000000E+00
  0.000000E+00
  0.000000E+00
  0.000000E+00
  0.000000E+00
  0.000000E+00
  0.000000E+00
  0.000000E+00
  0.000000E+00
  0.000000E+00
  0.000000E+00
  0.000000E+00
  0.000000E+00
  0.000000E+00
  0.000000E+00
  0.000000E+00
  0.000000E+00
  0.000000E+00
  0.000000E+00
  0.000000E+00
  0.000000E+00
  0.000000E+00
  0.000000E+00
  0.000000E+00
  0.000000E+00
  0.000000E+00
  0.000000E+00
  0.000000E+00
  0.000000E+00
  0.000000E+00
  0.000000E+00
  0.000000E+00
  0.000000E+00
  0.000000E+00
  0.000000E+00
  0.000000E+00
  0.000000E+00
  0.000000E+00
  0.000000E+00
  0.000000E+00
  0.000000E+00
  0.000000E+00
  0.000000E+00
  0.000000E+00
  0.000000E+00
  0.000000E+00
  0.000000E+00
  0.000000E+00
  0.000000E+00
  0.000000E+00
  0.000000E+00
  0.000000E+00
  0.000000E+00
  0.000000E+00
  0.000000E+00
  0.000000E+00
  0.000000E+00
  0.000000E+00
  0.000000E+00
  0.000000E+00
  0.000000E+00
  0.000000E+00
  0.000000E+00
  0.000000E+00
  0.000000E+00
  0.000000E+00
  0.000000E+00
  0.000000E+00
  0.000000E+00
  0.000000E+00
  0.000000E+00
  0.000000E+00
  0.000000E+00
  0.000000E+00
  0.000000E+00
  0.000000E+00
  0.000000E+00
  0.000000E+00
  0.000000E+00
  0.000000E+00
  0.000000E+00
  0.000000E+00
  0.000000E+00
  0.000000E+00
  0.000000E+00
  0.000000E+00
  0.000000E+00
  0.000000E+00
  0.000000E+00
  0.000000E+00
  0.000000E+00
  0.000000E+00
  0.000000E+00
  0.000000E+00
  0.000000E+00
  0.000000E+00
  0.000000E+00
  0.000000E+00
  0.000000E+00
  0.000000E+00
  0.000000E+00
  0.000000E+00
  0.000000E+00
  0.000000E+00
  0.000000E+00
  0.000000E+00
  0.000000E+00
  0.000000E+00
  0.000000E+00
  0.000000E+00
  0.000000E+00
  0.000000E+00
  0.000000E+00
  0.000000E+00
  0.000000E+00
  0.000000E+00
  0.000000E+00
  0.000000E+00
  0.000000E+00
  0.000000E+00
  0.000000E+00
  0.000000E+00
  0.000000E+00
  0.000000E+00
  0.000000E+00
  0.000000E+00
  0.000000E+00
  0.000000E+00
  0.000000E+00
  0.000000E+00
  0.000000E+00
  0.000000E+00
  0.000000E+00
  0.000000E+00
  0.000000E+00
  0.000000E+00
  0.000000E+00
  0.000000E+00
  0.000000E+00
  0.000000E+00
  0.000000E+00
  0.000000E+00
  0.000000E+00
  0.000000E+00
  0.000000E+00
  0.000000E+00
  0.000000E+00
  0.000000E+00
  0.000000E+00
  0.000000E+00
  0.000000E+00
  0.000000E+00
  0.000000E+00
  0.000000E+00
  0.000000E+00
  0.000000E+00
  0.000000E+00
  0.000000E+00
  0.000000E+00
  0.000000E+00
  0.000000E+00
  0.000000E+00
  0.000000E+00
  0.000000E+00
  0.000000E+00
  0.000000E+00
  0.000000E+00
  0.000000E+00
  0.000000E+00
  0.000000E+00
  0.000000E+00
  0.000000E+00
  0.000000E+00
  0.000000E+00
  0.000000E+00
  0.000000E+00
  0.000000E+00
  0.000000E+00
  0.000000E+00
  0.000000E+00
  0.000000E+00
  0.000000E+00
  0.000000E+00
  0.000000E+00
  0.000000E+00
  0.000000E+00
  0.000000E+00
  0.000000E+00
  0.000000E+00
  0.000000E+00
  0.000000E+00
  0.000000E+00
  0.000000E+00
  0.000000E+00
  0.000000E+00
  0.000000E+00
  0.000000E+00
  0.000000E+00
  0.000000E+00
  0.000000E+00
  0.000000E+00
  0.000000E+00
  0.000000E+00
  0.000000E+00
  0.000000E+00
  0.000000E+00
  0.000000E+00
  0.000000E+00
  0.000000E+00
  0.000000E+00
  0.000000E+00
  0.000000E+00
  0.000000E+00
  0.000000E+00
  0.000000E+00
  0.000000E+00
  0.000000E+00
  0.000000E+00
  0.000000E+00
  0.000000E+00
  0.000000E+00
  0.000000E+00
  0.000000E+00
  0.000000E+00
  0.000000E+00
  0.000000E+00
  0.000000E+00
  0.000000E+00
  0.000000E+00
  0.000000E+00
  0.000000E+00
  0.000000E+00
  0.000000E+00
  0.000000E+00
  0.000000E+00
  0.000000E+00
  0.000000E+00
  0.000000E+00
  0.000000E+00
  0.000000E+00
  0.000000E+00
  0.000000E+00
  0.000000E+00
  0.000000E+00
  0.000000E+00
  0.000000E+00
  0.000000E+00
  0.000000E+00
  0.000000E+00
  0.000000E+00
  0.000000E+00
  0.000000E+00
  0.000000E+00
  0.000000E+00
  0.000000E+00
  0.000000E+00
  0.000000E+00
  0.000000E+00
  0.000000E+00
  0.000000E+00
  0.000000E+00
  0.000000E+00
  0.000000E+00
  0.000000E+00
  0.000000E+00
  0.000000E+00
  0.000000E+00
  0.000000E+00
  0.000000E+00
  0.000000E+00
  0.000000E+00
  0.000000E+00
  0.000000E+00
  0.000000E+00
  0.000000E+00
  0.000000E+00
  0.000000E+00
  0.000000E+00
  0.000000E+00
  0.000000E+00
  0.000000E+00
  0.000000E+00
  0.000000E+00
  0.000000E+00
  0.000000E+00
  0.000000E+00
  0.000000E+00
  0.000000E+00
  0.000000E+00
  0.000000E+00
  0.000000E+00
  0.000000E+00
  0.000000E+00
  0.000000E+00
  0.000000E+00
  0.000000E+00
  0.000000E+00
  0.000000E+00
  0.000000E+00
  0.000000E+00
  0.000000E+00
  0.000000E+00
  0.000000E+00
  0.000000E+00
  0.000000E+00
  0.000000E+00
  0.000000E+00
  0.000000E+00
  0.000000E+00
  0.000000E+00
  0.000000E+00
  0.000000E+00
  0.000000E+00
  0.000000E+00
  0.000000E+00
  0.000000E+00
  0.000000E+00
  0.000000E+00
  0.000000E+00
  0.000000E+00
  0.000000E+00
  0.000000E+00
  0.000000E+00
  0.000000E+00
  0.000000E+00
  0.000000E+00
  0.000000E+00
  0.000000E+00
  0.000000E+00
  0.000000E+00
  0.000000E+00
  0.000000E+00
  0.000000E+00
  0.000000E+00
  0.000000E+00
  0.000000E+00
  0.000000E+00
  0.000000E+00
  0.000000E+00
  0.000000E+00
  0.000000E+00
  0.000000E+00
  0.000000E+00
  0.000000E+00
  0.000000E+00
  0.000000E+00
  0.000000E+00
  0.000000E+00
  0.000000E+00
  0.000000E+00
  0.000000E+00
  0.000000E+00
  0.000000E+00
  0.000000E+00
  0.000000E+00
  0.000000E+00
  0.000000E+00
  0.000000E+00
  0.000000E+00
  0.000000E+00
  0.000000E+00
  0.000000E+00
  0.000000E+00
  0.000000E+00
  0.000000E+00
  0.000000E+00
  0.000000E+00
  0.000000E+00
  0.000000E+00
  0.000000E+00
  0.000000E+00
  0.000000E+00
  0.000000E+00
  0.000000E+00
  0.000000E+00
  0.000000E+00
  0.000000E+00
  0.000000E+00
  0.000000E+00
  0.000000E+00
  0.000000E+00
  0.000000E+00
  0.000000E+00
  0.000000E+00
  0.000000E+00
  0.000000E+00
  0.000000E+00
  0.000000E+00
  0.000000E+00
  0.000000E+00
  0.000000E+00
  0.000000E+00
  0.000000E+00
  0.000000E+00
  0.000000E+00
  0.000000E+00
  0.000000E+00
  0.000000E+00
  0.000000E+00
  0.000000E+00
  0.000000E+00
  0.000000E+00
  0.000000E+00
  0.000000E+00
  0.000000E+00
  0.000000E+00
  0.000000E+00
  0.000000E+00
  0.000000E+00
  0.000000E+00
  0.000000E+00
  0.000000E+00
  0.000000E+00
  0.000000E+00
  0.000000E+00
  0.000000E+00
  0.000000E+00
  0.000000E+00
  0.000000E+00
  0.000000E+00
  0.000000E+00
  0.000000E+00
  0.000000E+00
  0.000000E+00
  0.000000E+00
  0.000000E+00
  0.000000E+00
  0.000000E+00
  0.000000E+00
  0.000000E+00
  0.000000E+00
  0.000000E+00
  0.000000E+00
  0.000000E+00
  0.000000E+00
  0.000000E+00
  0.000000E+00
  0.000000E+00
  0.000000E+00
  0.000000E+00
  0.000000E+00
  0.000000E+00
  0.000000E+00
  0.000000E+00
  0.000000E+00
  0.000000E+00
  0.000000E+00
  0.000000E+00
  0.000000E+00
  0.000000E+00
  0.000000E+00
  0.000000E+00
  0.000000E+00
  0.000000E+00
  0.000000E+00
  0.000000E+00
  0.000000E+00
  0.000000E+00
  0.000000E+00
  0.000000E+00
  0.000000E+00
  0.000000E+00
  0.000000E+00
  0.000000E+00
  0.000000E+00
  0.000000E+00
  0.000000E+00
  0.000000E+00
  0.000000E+00
  0.000000E+00
  0.000000E+00
  0.000000E+00
  0.000000E+00
  0.000000E+00
  0.000000E+00
  0.000000E+00
  0.000000E+00
  0.000000E+00
  0.000000E+00
  0.000000E+00
  0.000000E+00
  0.000000E+00
  0.000000E+00
  0.000000E+00
  0.000000E+00
  0.000000E+00
  0.000000E+00
  0.000000E+00
  0.000000E+00
  0.000000E+00
  0.000000E+00
  0.000000E+00
  0.000000E+00
  0.000000E+00
  0.000000E+00
  0.000000E+00
  0.000000E+00
  0.000000E+00
  0.000000E+00
  0.000000E+00
  0.000000E+00
  0.000000E+00
  0.000000E+00
  0.000000E+00
  0.000000E+00
  0.000000E+00
  0.000000E+00
  0.000000E+00
  0.000000E+00
  0.000000E+00
  0.000000E+00
  0.000000E+00
  0.000000E+00
  0.000000E+00
  0.000000E+00
  0.000000E+00
  0.000000E+00
  0.000000E+00
  0.000000E+00
  0.000000E+00
  0.000000E+00
  0.000000E+00
  0.000000E+00
  0.000000E+00
  0.000000E+00
  0.000000E+00
  0.000000E+00
  0.000000E+00
  0.000000E+00
  0.000000E+00
  0.000000E+00
  0.000000E+00
  0.000000E+00
  0.000000E+00
  0.000000E+00
  0.000000E+00
  0.000000E+00
  0.000000E+00
  0.000000E+00
  0.000000E+00
  0.000000E+00
  0.000000E+00
  0.000000E+00
  0.000000E+00
  0.000000E+00
  0.000000E+00
  0.000000E+00
  0.000000E+00
  0.000000E+00
  0.000000E+00
  0.000000E+00
  0.000000E+00
  0.000000E+00
  0.000000E+00
  0.000000E+00
  0.000000E+00
  0.000000E+00
  0.000000E+00
  0.000000E+00
  0.000000E+00
  0.000000E+00
  0.000000E+00
  0.000000E+00
  0.000000E+00
  0.000000E+00
  0.000000E+00
  0.000000E+00
  0.000000E+00
  0.000000E+00
  0.000000E+00
  0.000000E+00
  0.000000E+00
  0.000000E+00
  0.000000E+00
  0.000000E+00
  0.000000E+00
  0.000000E+00
  0.000000E+00
  0.000000E+00
  0.000000E+00
  0.000000E+00
  0.000000E+00
  0.000000E+00
  0.000000E+00
  0.000000E+00
  0.000000E+00
  0.000000E+00
  0.000000E+00
  0.000000E+00
  0.000000E+00
  0.000000E+00
  0.000000E+00
  0.000000E+00
  0.000000E+00
  0.000000E+00
  0.000000E+00
  0.000000E+00
  0.000000E+00
  0.000000E+00
  0.000000E+00
  0.000000E+00
  0.000000E+00
  0.000000E+00
  0.000000E+00
  0.000000E+00
  0.000000E+00
  0.000000E+00
  0.000000E+00
  0.000000E+00
  0.000000E+00
  0.000000E+00
  0.000000E+00
  0.000000E+00
  0.000000E+00
  0.000000E+00
  0.000000E+00
  0.000000E+00
  0.000000E+00
  0.000000E+00
  0.000000E+00
  0.000000E+00
  0.000000E+00
  0.000000E+00
  0.000000E+00
  0.000000E+00
  0.000000E+00
  0.000000E+00
  0.000000E+00
  0.000000E+00
  0.000000E+00
  0.000000E+00
  0.000000E+00
  0.000000E+00
  0.000000E+00
  0.000000E+00
  0.000000E+00
  0.000000E+00
  0.000000E+00
  0.000000E+00
  0.000000E+00
  0.000000E+00
  0.000000E+00
  0.000000E+00
  0.000000E+00
  0.000000E+00
  0.000000E+00
  0.000000E+00
  0.000000E+00
  0.000000E+00
  0.000000E+00
  0.000000E+00
  0.000000E+00
  0.000000E+00
  0.000000E+00
  0.000000E+00
  0.000000E+00
  0.000000E+00
  0.000000E+00
  0.000000E+00
  0.000000E+00
  0.000000E+00
  0.000000E+00
  0.000000E+00
  0.000000E+00
  0.000000E+00
  0.000000E+00
  0.000000E+00
  0.000000E+00
  0.000000E+00
  0.000000E+00
  0.000000E+00
  0.000000E+00
  0.000000E+00
  0.000000E+00
  0.000000E+00
  0.000000E+00
  0.000000E+00
  0.000000E+00
  0.000000E+00
  0.000000E+00
  0.000000E+00
  0.000000E+00
  0.000000E+00
  0.000000E+00
  0.000000E+00
  0.000000E+00
  0.000000E+00
  0.000000E+00
  0.000000E+00
  0.000000E+00
  0.000000E+00
  0.000000E+00
  0.000000E+00
  0.000000E+00
  0.000000E+00
  0.000000E+00
  0.000000E+00
  0.000000E+00
  0.000000E+00
  0.000000E+00
  0.000000E+00
  0.000000E+00
  0.000000E+00
  0.000000E+00
  0.000000E+00
  0.000000E+00
  0.000000E+00
  0.000000E+00
  0.000000E+00
  0.000000E+00
  0.000000E+00
  0.000000E+00
  0.000000E+00
  0.000000E+00
  0.000000E+00
  0.000000E+00
  0.000000E+00
  0.000000E+00
  0.000000E+00
  0.000000E+00
  0.000000E+00
  0.000000E+00
  0.000000E+00
  0.000000E+00
  0.000000E+00
  0.000000E+00
  0.000000E+00
  0.000000E+00
  0.000000E+00
  0.000000E+00
  0.000000E+00
  0.000000E+00
  0.000000E+00
  0.000000E+00
  0.000000E+00
  0.000000E+00
  0.000000E+00
  0.000000E+00
  0.000000E+00
  0.000000E+00
  0.000000E+00
  0.000000E+00
  0.000000E+00
  0.000000E+00
  0.000000E+00
  0.000000E+00
  0.000000E+00
  0.000000E+00
  0.000000E+00
  0.000000E+00
  0.000000E+00
  0.000000E+00
  0.000000E+00
  0.000000E+00
  0.000000E+00
  0.000000E+00
  0.000000E+00
  0.000000E+00
  0.000000E+00
  0.000000E+00
  0.000000E+00
  0.000000E+00
  0.000000E+00
  0.000000E+00
  0.000000E+00
  0.000000E+00
  0.000000E+00
  0.000000E+00
  0.000000E+00
  0.000000E+00
  0.000000E+00
  0.000000E+00
  0.000000E+00
  0.000000E+00
  0.000000E+00
  0.000000E+00
  0.000000E+00
  0.000000E+00
  0.000000E+00
  0.000000E+00
  0.000000E+00
  0.000000E+00
  0.000000E+00
  0.000000E+00
  0.000000E+00
  0.000000E+00
  0.000000E+00
  0.000000E+00
  0.000000E+00
  0.000000E+00
  0.000000E+00
  0.000000E+00
  0.000000E+00
  0.000000E+00
  0.000000E+00
  0.000000E+00
  0.000000E+00
  0.000000E+00
  0.000000E+00
  0.000000E+00
  0.000000E+00
  0.000000E+00
  0.000000E+00
  0.000000E+00
  0.000000E+00
  0.000000E+00
  0.000000E+00
  0.000000E+00
  0.000000E+00
  0.000000E+00
  0.000000E+00
  0.000000E+00
  0.000000E+00
  0.000000E+00
  0.000000E+00
  0.000000E+00
  0.000000E+00
  0.000000E+00
  0.000000E+00
  0.000000E+00
  0.000000E+00
  0.000000E+00
  0.000000E+00
  0.000000E+00
  0.000000E+00
  0.000000E+00
  0.000000E+00
  0.000000E+00
  0.000000E+00
  0.000000E+00
  0.000000E+00
  0.000000E+00
  0.000000E+00
  0.000000E+00
  0.000000E+00
  0.000000E+00
  0.000000E+00
  0.000000E+00
  0.000000E+00
  0.000000E+00
  0.000000E+00
  0.000000E+00
  0.000000E+00
  0.000000E+00
  0.000000E+00
  0.000000E+00
  0.000000E+00
  0.000000E+00
  0.000000E+00
  0.000000E+00
  0.000000E+00
  0.000000E+00
  0.000000E+00
  0.000000E+00
  0.000000E+00
  0.000000E+00
  0.000000E+00
  0.000000E+00
  0.000000E+00
  0.000000E+00
  0.000000E+00
  0.000000E+00
  0.000000E+00
  0.000000E+00
  0.000000E+00
  0.000000E+00
  0.000000E+00
  0.000000E+00
  0.000000E+00
  0.000000E+00
  0.000000E+00
  0.000000E+00
  0.000000E+00
  0.000000E+00
  0.000000E+00
  0.000000E+00
  0.000000E+00
  0.000000E+00
  0.000000E+00
  0.000000E+00
  0.000000E+00
  0.000000E+00
  0.000000E+00
  0.000000E+00
  0.000000E+00
  0.000000E+00
  0.000000E+00
  0.000000E+00
  0.000000E+00
  0.000000E+00
  0.000000E+00
  0.000000E+00
  0.000000E+00
  0.000000E+00
  0.000000E+00
  0.000000E+00
  0.000000E+00
  0.000000E+00
  0.000000E+00
  0.000000E+00
  0.000000E+00
  0.000000E+00
  0.000000E+00
  0.000000E+00
  0.000000E+00
  0.000000E+00
  0.000000E+00
  0.000000E+00
  0.000000E+00
  0.000000E+00
  0.000000E+00
  0.000000E+00
  0.000000E+00
  0.000000E+00
  0.000000E+00
  0.000000E+00
  0.000000E+00
  0.000000E+00
  0.000000E+00
  0.000000E+00
  0.000000E+00
  0.000000E+00
  0.000000E+00
  0.000000E+00
  0.000000E+00
  0.000000E+00
  0.000000E+00
  0.000000E+00
  0.000000E+00
  0.000000E+00
  0.000000E+00
  0.000000E+00
  0.000000E+00
  0.000000E+00
  0.000000E+00
  0.000000E+00
  0.000000E+00
  0.000000E+00
  0.000000E+00
  0.000000E+00
  0.000000E+00
  0.000000E+00
  0.000000E+00
  0.000000E+00
  0.000000E+00
  0.000000E+00
  0.000000E+00
  0.000000E+00
  0.000000E+00
  0.000000E+00
  0.000000E+00
  0.000000E+00
  0.000000E+00
  0.000000E+00
  0.000000E+00
  0.000000E+00
  0.000000E+00
  0.000000E+00
  0.000000E+00
  0.000000E+00
  0.000000E+00
  0.000000E+00
  0.000000E+00
  0.000000E+00
  0.000000E+00
  0.000000E+00
  0.000000E+00
  0.000000E+00
  0.000000E+00
  0.000000E+00
  0.000000E+00
  0.000000E+00
  0.000000E+00
  0.000000E+00
  0.000000E+00
  0.000000E+00
  0.000000E+00
  0.000000E+00
  0.000000E+00
  0.000000E+00
  0.000000E+00
  0.000000E+00
  0.000000E+00
  0.000000E+00
  0.000000E+00
  0.000000E+00
  0.000000E+00
  0.000000E+00
  0.000000E+00
  0.000000E+00
  0.000000E+00
  0.000000E+00
  0.000000E+00
  0.000000E+00
  0.000000E+00
  0.000000E+00
  0.000000E+00
  0.000000E+00
  0.000000E+00
  0.000000E+00
  0.000000E+00
  0.000000E+00
  0.000000E+00
  0.000000E+00
  0.000000E+00
  0.000000E+00
  0.000000E+00
  0.000000E+00
  0.000000E+00
  0.000000E+00
  0.000000E+00
  0.000000E+00
  0.000000E+00
  0.000000E+00
  0.000000E+00
  0.000000E+00
  0.000000E+00
  0.000000E+00
  0.000000E+00
  0.000000E+00
  0.000000E+00
  0.000000E+00
  0.000000E+00
  0.000000E+00
  0.000000E+00
  0.000000E+00
  0.000000E+00
  0.000000E+00
  0.000000E+00
  0.000000E+00
  0.000000E+00
  0.000000E+00
  0.000000E+00
  0.000000E+00
  0.000000E+00
  0.000000E+00
  0.000000E+00
  0.000000E+00
  0.000000E+00
  0.000000E+00
  0.000000E+00
  0.000000E+00
  0.000000E+00
  0.000000E+00
  0.000000E+00
  0.000000E+00
  0.000000E+00
  0.000000E+00
  0.000000E+00
  0.000000E+00
  0.000000E+00
  0.000000E+00
  0.000000E+00
  0.000000E+00
  0.000000E+00
  0.000000E+00
  0.000000E+00
  0.000000E+00
  0.000000E+00
  0.000000E+00
  0.000000E+00
  0.000000E+00
  0.000000E+00
  0.000000E+00
  0.000000E+00
  0.000000E+00
  0.000000E+00
  0.000000E+00
  0.000000E+00
  0.000000E+00
  0.000000E+00
  0.000000E+00
  0.000000E+00
  0.000000E+00
  0.000000E+00
  0.000000E+00
  0.000000E+00
  0.000000E+00
  0.000000E+00
  0.000000E+00
  0.000000E+00
  0.000000E+00
  0.000000E+00
  0.000000E+00
  0.000000E+00
  0.000000E+00
  0.000000E+00
  0.000000E+00
  0.000000E+00
  0.000000E+00
  0.000000E+00
  0.000000E+00
  0.000000E+00
  0.000000E+00
  0.000000E+00
  0.000000E+00
  0.000000E+00
  0.000000E+00
  0.000000E+00
  0.000000E+00
  0.000000E+00
  0.000000E+00
  0.000000E+00
  0.000000E+00
  0.000000E+00
  0.000000E+00
  0.000000E+00
  0.000000E+00
  0.000000E+00
  0.000000E+00
  0.000000E+00
  0.000000E+00
  0.000000E+00
  0.000000E+00
  0.000000E+00
  0.000000E+00
  0.000000E+00
  0.000000E+00
  0.000000E+00
  0.000000E+00
  0.000000E+00
  0.000000E+00
  0.000000E+00
  0.000000E+00
  0.000000E+00
  0.000000E+00
  0.000000E+00
  0.000000E+00
  0.000000E+00
  0.000000E+00
  0.000000E+00
  0.000000E+00
  0.000000E+00
  0.000000E+00
  0.000000E+00
  0.000000E+00
  0.000000E+00
  0.000000E+00
  0.000000E+00
  0.000000E+00
  0.000000E+00
  0.000000E+00
  0.000000E+00
  0.000000E+00
  0.000000E+00
  0.000000E+00
  0.000000E+00
  0.000000E+00
  0.000000E+00
  0.000000E+00
  0.000000E+00
  0.000000E+00
  0.000000E+00
  0.000000E+00
  0.000000E+00
  0.000000E+00
  0.000000E+00
  0.000000E+00
  0.000000E+00
  0.000000E+00
  0.000000E+00
  0.000000E+00
  0.000000E+00
  0.000000E+00
  0.000000E+00
  0.000000E+00
  0.000000E+00
  0.000000E+00
  0.000000E+00
  0.000000E+00
  0.000000E+00
  0.000000E+00
  0.000000E+00
  0.000000E+00
  0.000000E+00
  0.000000E+00
  0.000000E+00
  0.000000E+00
  0.000000E+00
  0.000000E+00
  0.000000E+00
  0.000000E+00
  0.000000E+00
  0.000000E+00
  0.000000E+00
  0.000000E+00
  0.000000E+00
  0.000000E+00
  0.000000E+00
  0.000000E+00
  0.000000E+00
  0.000000E+00
  0.000000E+00
  0.000000E+00
  0.000000E+00
  0.000000E+00
  0.000000E+00
  0.000000E+00
  0.000000E+00
  0.000000E+00
  0.000000E+00
  0.000000E+00
  0.000000E+00
  0.000000E+00
  0.000000E+00
  0.000000E+00
  0.000000E+00
  0.000000E+00
  0.000000E+00
  0.000000E+00
  0.000000E+00
  0.000000E+00
  0.000000E+00
  0.000000E+00
  0.000000E+00
  0.000000E+00
  0.000000E+00
  0.000000E+00
  0.000000E+00
  0.000000E+00
  0.000000E+00
  0.000000E+00
  0.000000E+00
  0.000000E+00
  0.000000E+00
  0.000000E+00
  0.000000E+00
  0.000000E+00
  0.000000E+00
  0.000000E+00
  0.000000E+00
  0.000000E+00
  0.000000E+00
  0.000000E+00
  0.000000E+00
  0.000000E+00
  0.000000E+00
  0.000000E+00
  0.000000E+00
  0.000000E+00
  0.000000E+00
  0.000000E+00
  0.000000E+00
  0.000000E+00
  0.000000E+00
  0.000000E+00
  0.000000E+00
  0.000000E+00
  0.000000E+00
  0.000000E+00
  0.000000E+00
  0.000000E+00
  0.000000E+00
  0.000000E+00
  0.000000E+00
  0.000000E+00
  0.000000E+00
  0.000000E+00
  0.000000E+00
  0.000000E+00
  0.000000E+00
  0.000000E+00
  0.000000E+00
  0.000000E+00
  0.000000E+00
  0.000000E+00
  0.000000E+00
  0.000000E+00
  0.000000E+00
  0.000000E+00
  0.000000E+00
  0.000000E+00
  0.000000E+00
  0.000000E+00
  0.000000E+00
  0.000000E+00
  0.000000E+00
  0.000000E+00
  0.000000E+00
  0.000000E+00
  0.000000E+00
  0.000000E+00
  0.000000E+00
  0.000000E+00
  0.000000E+00
  0.000000E+00
  0.000000E+00
  0.000000E+00
  0.000000E+00
  0.000000E+00
  0.000000E+00
  0.000000E+00
  0.000000E+00
  0.000000E+00
  0.000000E+00
  0.000000E+00
  0.000000E+00
  0.000000E+00
  0.000000E+00
  0.000000E+00
  0.000000E+00
  0.000000E+00
  0.000000E+00
  0.000000E+00
  0.000000E+00
  0.000000E+00
  0.000000E+00
  0.000000E+00
  0.000000E+00
  0.000000E+00
  0.000000E+00
  0.000000E+00
  0.000000E+00
  0.000000E+00
  0.000000E+00
  0.000000E+00
  0.000000E+00
  0.000000E+00
  0.000000E+00
  0.000000E+00
  0.000000E+00
  0.000000E+00
  0.000000E+00
  0.000000E+00
  0.000000E+00
  0.000000E+00
  0.000000E+00
  0.000000E+00
  0.000000E+00
  0.000000E+00
  0.000000E+00
  0.000000E+00
  0.000000E+00
  0.000000E+00
  0.000000E+00
  0.000000E+00
  0.000000E+00
  0.000000E+00
  0.000000E+00
  0.000000E+00
  0.000000E+00
  0.000000E+00
  0.000000E+00
  0.000000E+00
  0.000000E+00
  0.000000E+00
  0.000000E+00
  0.000000E+00
  0.000000E+00
  0.000000E+00
  0.000000E+00
  0.000000E+00
  0.000000E+00
  0.000000E+00
  0.000000E+00
  0.000000E+00
  0.000000E+00
  0.000000E+00
  0.000000E+00
  0.000000E+00
  0.000000E+00
  0.000000E+00
  0.000000E+00
  0.000000E+00
  0.000000E+00
  0.000000E+00
  0.000000E+00
  0.000000E+00
  0.000000E+00
  0.000000E+00
  0.000000E+00
  0.000000E+00
  0.000000E+00
  0.000000E+00
  0.000000E+00
  0.000000E+00
  0.000000E+00
  0.000000E+00
  0.000000E+00
  0.000000E+00
  0.000000E+00
  0.000000E+00
  0.000000E+00
  0.000000E+00
  0.000000E+00
  0.000000E+00
  0.000000E+00
  0.000000E+00
  0.000000E+00
  0.000000E+00
  0.000000E+00
  0.000000E+00
  0.000000E+00
  0.000000E+00
  0.000000E+00
  0.000000E+00
  0.000000E+00
  0.000000E+00
  0.000000E+00
  0.000000E+00
  0.000000E+00
  0.000000E+00
  0.000000E+00
  0.000000E+00
  0.000000E+00
  0.000000E+00
  0.000000E+00
  0.000000E+00
  0.000000E+00
  0.000000E+00
  0.000000E+00
  0.000000E+00
  0.000000E+00
  0.000000E+00
  0.000000E+00
  0.000000E+00
  0.000000E+00
  0.000000E+00
  0.000000E+00
  0.000000E+00
  0.000000E+00
  0.000000E+00
  0.000000E+00
  0.000000E+00
  0.000000E+00
  0.000000E+00
  0.000000E+00
  0.000000E+00
  0.000000E+00
  0.000000E+00
  0.000000E+00
  0.000000E+00
  0.000000E+00
  0.000000E+00
  0.000000E+00
  0.000000E+00
  0.000000E+00
  0.000000E+00
  0.000000E+00
  0.000000E+00
  0.000000E+00
  0.000000E+00
  0.000000E+00
  0.000000E+00
  0.000000E+00
  0.000000E+00
  0.000000E+00
  0.000000E+00
  0.000000E+00
  0.000000E+00
  0.000000E+00
  0.000000E+00
  0.000000E+00
  0.000000E+00
  0.000000E+00
  0.000000E+00
  0.000000E+00
  0.000000E+00
  0.000000E+00
  0.000000E+00
  0.000000E+00
  0.000000E+00
  0.000000E+00
  0.000000E+00
  0.000000E+00
  0.000000E+00
  0.000000E+00
  0.000000E+00
  0.000000E+00
  0.000000E+00
  0.000000E+00
  0.000000E+00
  0.000000E+00
  0.000000E+00
  0.000000E+00
  0.000000E+00
  0.000000E+00
  0.000000E+00
  0.000000E+00
  0.000000E+00
  0.000000E+00
  0.000000E+00
  0.000000E+00
  0.000000E+00
  0.000000E+00
  0.000000E+00
  0.000000E+00
  0.000000E+00
  0.000000E+00
  0.000000E+00
  0.000000E+00
  0.000000E+00
  0.000000E+00
  0.000000E+00
  0.000000E+00
  0.000000E+00
  0.000000E+00
  0.000000E+00
  0.000000E+00
  0.000000E+00
  0.000000E+00
  0.000000E+00
  0.000000E+00
  0.000000E+00
  0.000000E+00
  0.000000E+00
  0.000000E+00
  0.000000E+00
  0.000000E+00
  0.000000E+00
  0.000000E+00
  0.000000E+00
  0.000000E+00
  0.000000E+00
  0.000000E+00
  0.000000E+00
  0.000000E+00
  0.000000E+00
  0.000000E+00
  0.000000E+00
  0.000000E+00
  0.000000E+00
  0.000000E+00
  0.000000E+00
  0.000000E+00
  0.000000E+00
  0.000000E+00
  0.000000E+00
  0.000000E+00
  0.000000E+00
  0.000000E+00
  0.000000E+00
  0.000000E+00
  0.000000E+00
  0.000000E+00
  0.000000E+00
  0.000000E+00
  0.000000E+00
  0.000000E+00
  0.000000E+00
  0.000000E+00
  0.000000E+00
  0.000000E+00
  0.000000E+00
  0.000000E+00
  0.000000E+00
  0.000000E+00
  0.000000E+00
  0.000000E+00
  0.000000E+00
  0.000000E+00
  0.000000E+00
  0.000000E+00
  0.000000E+00
  0.000000E+00
  0.000000E+00
  0.000000E+00
  0.000000E+00
  0.000000E+00
  0.000000E+00
  0.000000E+00
  0.000000E+00
  0.000000E+00
  0.000000E+00
  0.000000E+00
  0.000000E+00
  0.000000E+00
  0.000000E+00
  0.000000E+00
  0.000000E+00
  0.000000E+00
  0.000000E+00
  0.000000E+00
  0.000000E+00
  0.000000E+00
  0.000000E+00
  0.000000E+00
  0.000000E+00
  0.000000E+00
  0.000000E+00
  0.000000E+00
  0.000000E+00
  0.000000E+00
  0.000000E+00
  0.000000E+00
  0.000000E+00
  0.000000E+00
  0.000000E+00
  0.000000E+00
  0.000000E+00
  0.000000E+00
  0.000000E+00
  0.000000E+00
  0.000000E+00
  0.000000E+00
  0.000000E+00
  0.000000E+00
  0.000000E+00
  0.000000E+00
  0.000000E+00
  0.000000E+00
  0.000000E+00
  0.000000E+00
  0.000000E+00
  0.000000E+00
  0.000000E+00
  0.000000E+00
  0.000000E+00
  0.000000E+00
  0.000000E+00
  0.000000E+00
  0.000000E+00
  0.000000E+00
  0.000000E+00
  0.000000E+00
  0.000000E+00
  0.000000E+00
  0.000000E+00
  0.000000E+00
  0.000000E+00
  0.000000E+00
  0.000000E+00
  0.000000E+00
  0.000000E+00
  0.000000E+00
  0.000000E+00
  0.000000E+00
  0.000000E+00
  0.000000E+00
  0.000000E+00
  0.000000E+00
  0.000000E+00
  0.000000E+00
  0.000000E+00
  0.000000E+00
  0.000000E+00
  0.000000E+00
  0.000000E+00
  0.000000E+00
  0.000000E+00
  0.000000E+00
  0.000000E+00
  0.000000E+00
  0.000000E+00
  0.000000E+00
  0.000000E+00
  0.000000E+00
  0.000000E+00
  0.000000E+00
  0.000000E+00
  0.000000E+00
  0.000000E+00
  0.000000E+00
  0.000000E+00
  0.000000E+00
  0.000000E+00
  0.000000E+00
  0.000000E+00
  0.000000E+00
  0.000000E+00
  0.000000E+00
  0.000000E+00
  0.000000E+00
  0.000000E+00
  0.000000E+00
  0.000000E+00
  0.000000E+00
  0.000000E+00
  0.000000E+00
  0.000000E+00
  0.000000E+00
  0.000000E+00
  0.000000E+00
  0.000000E+00
  0.000000E+00
  0.000000E+00
  0.000000E+00
  0.000000E+00
  0.000000E+00
  0.000000E+00
  0.000000E+00
  0.000000E+00
  0.000000E+00
  0.000000E+00
  0.000000E+00
  0.000000E+00
  0.000000E+00
  0.000000E+00
  0.000000E+00
  0.000000E+00
  0.000000E+00
  0.000000E+00
  0.000000E+00
  0.000000E+00
  0.000000E+00
  0.000000E+00
  0.000000E+00
  0.000000E+00
  0.000000E+00
  0.000000E+00
  0.000000E+00
  0.000000E+00
  0.000000E+00
  0.000000E+00
  0.000000E+00
  0.000000E+00
  0.000000E+00
  0.000000E+00
  0.000000E+00
  0.000000E+00
  0.000000E+00
  0.000000E+00
  0.000000E+00
  0.000000E+00
  0.000000E+00
  0.000000E+00
  0.000000E+00
  0.000000E+00
  0.000000E+00
  0.000000E+00
  0.000000E+00
  0.000000E+00
  0.000000E+00
  0.000000E+00
  0.000000E+00
  0.000000E+00
  0.000000E+00
  0.000000E+00
  0.000000E+00
  0.000000E+00
  0.000000E+00
  0.000000E+00
  0.000000E+00
  0.000000E+00
  0.000000E+00
  0.000000E+00
  0.000000E+00
  0.000000E+00
  0.000000E+00
  0.000000E+00
  0.000000E+00
  0.000000E+00
  0.000000E+00
  0.000000E+00
  0.000000E+00
  0.000000E+00
  0.000000E+00
  0.000000E+00
  0.000000E+00
  0.000000E+00
  0.000000E+00
  0.000000E+00
  0.000000E+00
  0.000000E+00
  0.000000E+00
  0.000000E+00
  0.000000E+00
  0.000000E+00
  0.000000E+00
  0.000000E+00
  0.000000E+00
  0.000000E+00
  0.000000E+00
  0.000000E+00
  0.000000E+00
  0.000000E+00
  0.000000E+00
  0.000000E+00
  0.000000E+00
  0.000000E+00
  0.000000E+00
  0.000000E+00
  0.000000E+00
  0.000000E+00
  0.000000E+00
  0.000000E+00
  0.000000E+00
  0.000000E+00
  0.000000E+00
  0.000000E+00
  0.000000E+00
  0.000000E+00
  0.000000E+00
  0.000000E+00
  0.000000E+00
  0.000000E+00
  0.000000E+00
  0.000000E+00
  0.000000E+00
  0.000000E+00
  0.000000E+00
  0.000000E+00
  0.000000E+00
  0.000000E+00
  0.000000E+00
  0.000000E+00
  0.000000E+00
  0.000000E+00
  0.000000E+00
  0.000000E+00
  0.000000E+00
  0.000000E+00
  0.000000E+00
  0.000000E+00
  0.000000E+00
  0.000000E+00
  0.000000E+00
  0.000000E+00
  0.000000E+00
  0.000000E+00
  0.000000E+00
  0.000000E+00
  0.000000E+00
  0.000000E+00
  0.000000E+00
  0.000000E+00
  0.000000E+00
  0.000000E+00
  0.000000E+00
  0.000000E+00
  0.000000E+00
  0.000000E+00
  0.000000E+00
  0.000000E+00
  0.000000E+00
  0.000000E+00
  0.000000E+00
  0.000000E+00
  0.000000E+00
  0.000000E+00
  0.000000E+00
  0.000000E+00
  0.000000E+00
  0.000000E+00
  0.000000E+00
  0.000000E+00
  0.000000E+00
  0.000000E+00
  0.000000E+00
  0.000000E+00
  0.000000E+00
  0.000000E+00
  0.000000E+00
  0.000000E+00
  0.000000E+00
  0.000000E+00
  0.000000E+00
  0.000000E+00
  0.000000E+00
  0.000000E+00
  0.000000E+00
  0.000000E+00
  0.000000E+00
  0.000000E+00
  0.000000E+00
  0.000000E+00
  0.000000E+00
  0.000000E+00
  0.000000E+00
  0.000000E+00
  0.000000E+00
  0.000000E+00
  0.000000E+00
  0.000000E+00
  0.000000E+00
  0.000000E+00
  0.000000E+00
  0.000000E+00
  0.000000E+00
  0.000000E+00
  0.000000E+00
  0.000000E+00
  0.000000E+00
  0.000000E+00
  0.000000E+00
  0.000000E+00
  0.000000E+00
  0.000000E+00
  0.000000E+00
  0.000000E+00
  0.000000E+00
  0.000000E+00
  0.000000E+00
  0.000000E+00
  0.000000E+00
  0.000000E+00
  0.000000E+00
  0.000000E+00
  0.000000E+00
  0.000000E+00
  0.000000E+00
  0.000000E+00
  0.000000E+00
  0.000000E+00
  0.000000E+00
  0.000000E+00
  0.000000E+00
  0.000000E+00
  0.000000E+00
  0.000000E+00
  0.000000E+00
  0.000000E+00
  0.000000E+00
  0.000000E+00
  0.000000E+00
  0.000000E+00
  0.000000E+00
  0.000000E+00
  0.000000E+00
  0.000000E+00
  0.000000E+00
  0.000000E+00
  0.000000E+00
  0.000000E+00
  0.000000E+00
  0.000000E+00
  0.000000E+00
  0.000000E+00
  0.000000E+00
  0.000000E+00
  0.000000E+00
  0.000000E+00
  0.000000E+00
  0.000000E+00
  0.000000E+00
  0.000000E+00
  0.000000E+00
  0.000000E+00
  0.000000E+00
  0.000000E+00
  0.000000E+00
  0.000000E+00
  0.000000E+00
  0.000000E+00
  0.000000E+00
  0.000000E+00
  0.000000E+00
  0.000000E+00
  0.000000E+00
  0.000000E+00
  0.000000E+00
  0.000000E+00
  0.000000E+00
  0.000000E+00
  0.000000E+00
  0.000000E+00
  0.000000E+00
  0.000000E+00
  0.000000E+00
  0.000000E+00
  0.000000E+00
  0.000000E+00
  0.000000E+00
  0.000000E+00
  0.000000E+00
  0.000000E+00
  0.000000E+00
  0.000000E+00
  0.000000E+00
  0.000000E+00
  0.000000E+00
  0.000000E+00
  0.000000E+00
  0.000000E+00
  0.000000E+00
  0.000000E+00
  0.000000E+00
  0.000000E+00
  0.000000E+00
  0.000000E+00
  0.000000E+00
  0.000000E+00
  0.000000E+00
  0.000000E+00
  0.000000E+00
  0.000000E+00
  0.000000E+00
  0.000000E+00
  0.000000E+00
  0.000000E+00
  0.000000E+00
  0.000000E+00
  0.000000E+00
  0.000000E+00
  0.000000E+00
  0.000000E+00
  0.000000E+00
  0.000000E+00
  0.000000E+00
  0.000000E+00
  0.000000E+00
  0.000000E+00
  0.000000E+00
  0.000000E+00
  0.000000E+00
  0.000000E+00
  0.000000E+00
  0.000000E+00
  0.000000E+00
  0.000000E+00
  0.000000E+00
  0.000000E+00
  0.000000E+00
  0.000000E+00
  0.000000E+00
  0.000000E+00
  0.000000E+00
  0.000000E+00
  0.000000E+00
  0.000000E+00
  0.000000E+00
  0.000000E+00
  0.000000E+00
  0.000000E+00
  0.000000E+00
  0.000000E+00
  0.000000E+00
  0.000000E+00
  0.000000E+00
  0.000000E+00
  0.000000E+00
  0.000000E+00
  0.000000E+00
  0.000000E+00
  0.000000E+00
  0.000000E+00
  0.000000E+00
  0.000000E+00
  0.000000E+00
  0.000000E+00
  0.000000E+00
  0.000000E+00
  0.000000E+00
  0.000000E+00
  0.000000E+00
  0.000000E+00
  0.000000E+00
  0.000000E+00
  0.000000E+00
  0.000000E+00
  0.000000E+00
  0.000000E+00
  0.000000E+00
  0.000000E+00
  0.000000E+00
  0.000000E+00
  0.000000E+00
  0.000000E+00
  0.000000E+00
  0.000000E+00
  0.000000E+00
  0.000000E+00
  0.000000E+00
  0.000000E+00
  0.000000E+00
  0.000000E+00
  0.000000E+00
  0.000000E+00
  0.000000E+00
  0.000000E+00
  0.000000E+00
  0.000000E+00
  0.000000E+00
  0.000000E+00
  0.000000E+00
  0.000000E+00
  0.000000E+00
  0.000000E+00
  0.000000E+00
  0.000000E+00
  0.000000E+00
  0.000000E+00
  0.000000E+00
  0.000000E+00
  0.000000E+00
  0.000000E+00
  0.000000E+00
  0.000000E+00
  0.000000E+00
  0.000000E+00
  0.000000E+00
  0.000000E+00
  0.000000E+00
  0.000000E+00
  0.000000E+00
  0.000000E+00
  0.000000E+00
  0.000000E+00
  0.000000E+00
  0.000000E+00
  0.000000E+00
  0.000000E+00
  0.000000E+00
  0.000000E+00
  0.000000E+00
  0.000000E+00
  0.000000E+00
  0.000000E+00
  0.000000E+00
  0.000000E+00
  0.000000E+00
  0.000000E+00
  0.000000E+00
  0.000000E+00
  0.000000E+00
  0.000000E+00
  0.000000E+00
  0.000000E+00
  0.000000E+00
  0.000000E+00
  0.000000E+00
  0.000000E+00
  0.000000E+00
  0.000000E+00
  0.000000E+00
  0.000000E+00
  0.000000E+00
  0.000000E+00
  0.000000E+00
  0.000000E+00
  0.000000E+00
  0.000000E+00
  0.000000E+00
  0.000000E+00
  0.000000E+00
  0.000000E+00
  0.000000E+00
  0.000000E+00
  0.000000E+00
  0.000000E+00
  0.000000E+00
  0.000000E+00
  0.000000E+00
  0.000000E+00
  0.000000E+00
  0.000000E+00
  0.000000E+00
  0.000000E+00
  0.000000E+00
  0.000000E+00
  0.000000E+00
  0.000000E+00
  0.000000E+00
  0.000000E+00
  0.000000E+00
  0.000000E+00
  0.000000E+00
  0.000000E+00
  0.000000E+00
  0.000000E+00
  0.000000E+00
  0.000000E+00
  0.000000E+00
  0.000000E+00
  0.000000E+00
  0.000000E+00
  0.000000E+00
  0.000000E+00
  0.000000E+00
  0.000000E+00
  0.000000E+00
  0.000000E+00
  0.000000E+00
  0.000000E+00
  0.000000E+00
  0.000000E+00
  0.000000E+00
  0.000000E+00
  0.000000E+00
  0.000000E+00
  0.000000E+00
  0.000000E+00
  0.000000E+00
  0.000000E+00
  0.000000E+00
  0.000000E+00
  0.000000E+00
  0.000000E+00
  0.000000E+00
  0.000000E+00
  0.000000E+00
  0.000000E+00
  0.000000E+00
  0.000000E+00
  0.000000E+00
  0.000000E+00
  0.000000E+00
  0.000000E+00
  0.000000E+00
  0.000000E+00
  0.000000E+00
  0.000000E+00
  0.000000E+00
  0.000000E+00
  0.000000E+00
  0.000000E+00
  0.000000E+00
  0.000000E+00
  0.000000E+00
  0.000000E+00
  0.000000E+00
  0.000000E+00
  0.000000E+00
  0.000000E+00
  0.000000E+00
  0.000000E+00
  0.000000E+00
  0.000000E+00
  0.000000E+00
  0.000000E+00
  0.000000E+00
  0.000000E+00
  0.000000E+00
  0.000000E+00
  0.000000E+00
  0.000000E+00
  0.000000E+00
  0.000000E+00
  0.000000E+00
  0.000000E+00
  0.000000E+00
  0.000000E+00
  0.000000E+00
  0.000000E+00
  0.000000E+00
  0.000000E+00
  0.000000E+00
  0.000000E+00
  0.000000E+00
  0.000000E+00
  0.000000E+00
  0.000000E+00
  0.000000E+00
  0.000000E+00
  0.000000E+00
  0.000000E+00
  0.000000E+00
  0.000000E+00
  0.000000E+00
  0.000000E+00
  0.000000E+00
  0.000000E+00
  0.000000E+00
  0.000000E+00
  0.000000E+00
  0.000000E+00
  0.000000E+00
  0.000000E+00
  0.000000E+00
  0.000000E+00
  0.000000E+00
  0.000000E+00
  0.000000E+00
  0.000000E+00
  0.000000E+00
  0.000000E+00
  0.000000E+00
  0.000000E+00
  0.000000E+00
  0.000000E+00
  0.000000E+00
  0.000000E+00
  0.000000E+00
  0.000000E+00
  0.000000E+00
  0.000000E+00
  0.000000E+00
  0.000000E+00
  0.000000E+00
  0.000000E+00
  0.000000E+00
  0.000000E+00
  0.000000E+00
  0.000000E+00
  0.000000E+00
  0.000000E+00
  0.000000E+00
  0.000000E+00
  0.000000E+00
  0.000000E+00
  0.000000E+00
  0.000000E+00
  0.000000E+00
  0.000000E+00
  0.000000E+00
  0.000000E+00
  0.000000E+00
  0.000000E+00
  0.000000E+00
  0.000000E+00
  0.000000E+00
  0.000000E+00
  0.000000E+00
  0.000000E+00
  0.000000E+00
  0.000000E+00
  0.000000E+00
  0.000000E+00
  0.000000E+00
  0.000000E+00
  0.000000E+00
  0.000000E+00
  0.000000E+00
  0.000000E+00
  0.000000E+00
  0.000000E+00
  0.000000E+00
  0.000000E+00
  0.000000E+00
  0.000000E+00
  0.000000E+00
  0.000000E+00
  0.000000E+00
  0.000000E+00
  0.000000E+00
  0.000000E+00
  0.000000E+00
  0.000000E+00
  0.000000E+00
  0.000000E+00
  0.000000E+00
  0.000000E+00
  0.000000E+00
  0.000000E+00
  0.000000E+00
  0.000000E+00
  0.000000E+00
  0.000000E+00
  0.000000E+00
  0.000000E+00
  0.000000E+00
  0.000000E+00
  0.000000E+00
  0.000000E+00
  0.000000E+00
  0.000000E+00
  0.000000E+00
  0.000000E+00
  0.000000E+00
  0.000000E+00
  0.000000E+00
  0.000000E+00
  0.000000E+00
  0.000000E+00
  0.000000E+00
  0.000000E+00
  0.000000E+00
  0.000000E+00
  0.000000E+00
  0.000000E+00
  0.000000E+00
  0.000000E+00
  0.000000E+00
  0.000000E+00
  0.000000E+00
  0.000000E+00
  0.000000E+00
  0.000000E+00
  0.000000E+00
  0.000000E+00
  0.000000E+00
  0.000000E+00
  0.000000E+00
  0.000000E+00
  0.000000E+00
  0.000000E+00
  0.000000E+00
  0.000000E+00
  0.000000E+00
  0.000000E+00
  0.000000E+00
  0.000000E+00
  0.000000E+00
  0.000000E+00
  0.000000E+00
  0.000000E+00
  0.000000E+00
  0.000000E+00
  0.000000E+00
  0.000000E+00
  0.000000E+00
  0.000000E+00
  0.000000E+00
  0.000000E+00
  0.000000E+00
  0.000000E+00
  0.000000E+00
  0.000000E+00
  0.000000E+00
  0.000000E+00
  0.000000E+00
  0.000000E+00
  0.000000E+00
  0.000000E+00
  0.000000E+00
  0.000000E+00
  0.000000E+00
  0.000000E+00
  0.000000E+00
  0.000000E+00
  0.000000E+00
  0.000000E+00
  0.000000E+00
  0.000000E+00
  0.000000E+00
  0.000000E+00
  0.000000E+00
  0.000000E+00
  0.000000E+00
  0.000000E+00
  0.000000E+00
  0.000000E+00
  0.000000E+00
  0.000000E+00
  0.000000E+00
  0.000000E+00
  0.000000E+00
  0.000000E+00
  0.000000E+00
  0.000000E+00
  0.000000E+00
  0.000000E+00
  0.000000E+00
  0.000000E+00
  0.000000E+00
  0.000000E+00
  0.000000E+00
  0.000000E+00
  0.000000E+00
  0.000000E+00
  0.000000E+00
  0.000000E+00
  0.000000E+00
  0.000000E+00
  0.000000E+00
  0.000000E+00
  0.000000E+00
  0.000000E+00
  0.000000E+00
  0.000000E+00
  0.000000E+00
  0.000000E+00
  0.000000E+00
  0.000000E+00
  0.000000E+00
  0.000000E+00
  0.000000E+00
  0.000000E+00
  0.000000E+00
  0.000000E+00
  0.000000E+00
  0.000000E+00
  0.000000E+00
  0.000000E+00
  0.000000E+00
  0.000000E+00
  0.000000E+00
  0.000000E+00
  0.000000E+00
  0.000000E+00
  0.000000E+00
  0.000000E+00
  0.000000E+00
  0.000000E+00
  0.000000E+00
  0.000000E+00
  0.000000E+00
  0.000000E+00
  0.000000E+00
  0.000000E+00
  0.000000E+00
  0.000000E+00
  0.000000E+00
  0.000000E+00
  0.000000E+00
  0.000000E+00
  0.000000E+00
  0.000000E+00
  0.000000E+00
  0.000000E+00
  0.000000E+00
  0.000000E+00
  0.000000E+00
  0.000000E+00
  0.000000E+00
  0.000000E+00
  0.000000E+00
  0.000000E+00
  0.000000E+00
  0.000000E+00
  0.000000E+00
  0.000000E+00
  0.000000E+00
  0.000000E+00
  0.000000E+00
  0.000000E+00
  0.000000E+00
  0.000000E+00
  0.000000E+00
  0.000000E+00
  0.000000E+00
  0.000000E+00
  0.000000E+00
  0.000000E+00
  0.000000E+00
  0.000000E+00
  0.000000E+00
  0.000000E+00
  0.000000E+00
  0.000000E+00
  0.000000E+00
  0.000000E+00
  0.000000E+00
  0.000000E+00
  0.000000E+00
  0.000000E+00
  0.000000E+00
  0.000000E+00
  0.000000E+00
  0.000000E+00
  0.000000E+00
  0.000000E+00
  0.000000E+00
  0.000000E+00
  0.000000E+00
  0.000000E+00
  0.000000E+00
  0.000000E+00
  0.000000E+00
  0.000000E+00
  0.000000E+00
  0.000000E+00
  0.000000E+00
  0.000000E+00
  0.000000E+00
  0.000000E+00
  0.000000E+00
  0.000000E+00
  0.000000E+00
  0.000000E+00
  0.000000E+00
  0.000000E+00
  0.000000E+00
  0.000000E+00
  0.000000E+00
  0.000000E+00
  0.000000E+00
  0.000000E+00
  0.000000E+00
  0.000000E+00
  0.000000E+00
  0.000000E+00
  0.000000E+00
  0.000000E+00
  0.000000E+00
  0.000000E+00
  0.000000E+00
  0.000000E+00
  0.000000E+00
  0.000000E+00
  0.000000E+00
  0.000000E+00
  0.000000E+00
  0.000000E+00
  0.000000E+00
  0.000000E+00
  0.000000E+00
  0.000000E+00
  0.000000E+00
  0.000000E+00
  0.000000E+00
  0.000000E+00
  0.000000E+00
  0.000000E+00
  0.000000E+00
  0.000000E+00
  0.000000E+00
  0.000000E+00
  0.000000E+00
  0.000000E+00
  0.000000E+00
  0.000000E+00
  0.000000E+00
  0.000000E+00
  0.000000E+00
  0.000000E+00
  0.000000E+00
  0.000000E+00
  0.000000E+00
  0.000000E+00
  0.000000E+00
  0.000000E+00
  0.000000E+00
  0.000000E+00
  0.000000E+00
  0.000000E+00
  0.000000E+00
  0.000000E+00
  0.000000E+00
  0.000000E+00
  0.000000E+00
  0.000000E+00
  0.000000E+00
  0.000000E+00
  0.000000E+00
  0.000000E+00
  0.000000E+00
  0.000000E+00
  0.000000E+00
  0.000000E+00
  0.000000E+00
  0.000000E+00
  0.000000E+00
  0.000000E+00
  0.000000E+00
  0.000000E+00
  0.000000E+00
  0.000000E+00
  0.000000E+00
  0.000000E+00
  0.000000E+00
  0.000000E+00
  0.000000E+00
  0.000000E+00
  0.000000E+00
  0.000000E+00
  0.000000E+00
  0.000000E+00
  0.000000E+00
  0.000000E+00
  0.000000E+00
  0.000000E+00
  0.000000E+00
  0.000000E+00
  0.000000E+00
  0.000000E+00
  0.000000E+00
  0.000000E+00
  0.000000E+00
  0.000000E+00
  0.000000E+00
  0.000000E+00
  0.000000E+00
  0.000000E+00
  0.000000E+00
  0.000000E+00
  0.000000E+00
  0.000000E+00
  0.000000E+00
  0.000000E+00
  0.000000E+00
  0.000000E+00
  0.000000E+00
  0.000000E+00
  0.000000E+00
  0.000000E+00
  0.000000E+00
  0.000000E+00
  0.000000E+00
  0.000000E+00
  0.000000E+00
  0.000000E+00
  0.000000E+00
  0.000000E+00
  0.000000E+00
  0.000000E+00
  0.000000E+00
  0.000000E+00
  0.000000E+00
  0.000000E+00
  0.000000E+00
  0.000000E+00
  0.000000E+00
  0.000000E+00
  0.000000E+00
  0.000000E+00
  0.000000E+00
  0.000000E+00
  0.000000E+00
  0.000000E+00
  0.000000E+00
  0.000000E+00
  0.000000E+00
  0.000000E+00
  0.000000E+00
  0.000000E+00
  0.000000E+00
  0.000000E+00
  0.000000E+00
  0.000000E+00
  0.000000E+00
  0.000000E+00
  0.000000E+00
  0.000000E+00
  0.000000E+00
  0.000000E+00
  0.000000E+00
  0.000000E+00
  0.000000E+00
  0.000000E+00
  0.000000E+00
  0.000000E+00
  0.000000E+00
  0.000000E+00
  0.000000E+00
  0.000000E+00
  0.000000E+00
  0.000000E+00
  0.000000E+00
  0.000000E+00
  0.000000E+00
  0.000000E+00
  0.000000E+00
  0.000000E+00
  0.000000E+00
  0.000000E+00
  0.000000E+00
  0.000000E+00
  0.000000E+00
  0.000000E+00
  0.000000E+00
  0.000000E+00
  0.000000E+00
  0.000000E+00
  0.000000E+00
  0.000000E+00
  0.000000E+00
  0.000000E+00
  0.000000E+00
  0.000000E+00
  0.000000E+00
  0.000000E+00
  0.000000E+00
  0.000000E+00
  0.000000E+00
  0.000000E+00
  0.000000E+00
  0.000000E+00
  0.000000E+00
  0.000000E+00
  0.000000E+00
  0.000000E+00
  0.000000E+00
  0.000000E+00
  0.000000E+00
  0.000000E+00
  0.000000E+00
  0.000000E+00
