    10.00   0.0250    15600    42.64    74.49     125.44      5018      0.042496
  0.000000E+00
 -0.285657E-06
 -0.121555E-05
 -0.288605E-05
 -0.519136E-05
 -0.791181E-05
 -0.110207E-04
 -0.143627E-04
 -0.179181E-04
 -0.207846E-04
 -0.229359E-04
 -0.256054E-04
 -0.289152E-04
 -0.323528E-04
 -0.358620E-04
 -0.391593E-04
 -0.430007E-04
 -0.445577E-04
 -0.442902E-04
 -0.425771E-04
 -0.400103E-04
 -0.354642E-04
 -0.333643E-04
 -0.367758E-04
 -0.347830E-04
 -0.240865E-04
 -0.105711E-04
  0.765579E-05
  0.274947E-04
  0.515415E-04
  0.660030E-04
  0.720950E-04
  0.836009E-04
  0.969324E-04
  0.109915E-03
  0.140944E-03
  0.183758E-03
  0.228300E-03
  0.277483E-03
  0.338553E-03
  0.403886E-03
  0.461334E-03
  0.507872E-03
  0.557332E-03
  0.590987E-03
  0.629694E-03
  0.687604E-03
  0.752412E-03
  0.843718E-03
  0.974309E-03
  0.111923E-02
  0.125808E-02
  0.135707E-02
  0.143405E-02
  0.151071E-02
  0.155674E-02
  0.158685E-02
  0.167623E-02
  0.180802E-02
  0.197192E-02
  0.216552E-02
  0.237509E-02
  0.254340E-02
  0.266880E-02
  0.277207E-02
  0.286188E-02
  0.292906E-02
  0.302197E-02
  0.315850E-02
  0.333764E-02
  0.355315E-02
  0.377968E-02
  0.396463E-02
  0.411360E-02
  0.423471E-02
  0.435802E-02
  0.445379E-02
  0.456259E-02
  0.472368E-02
  0.494803E-02
  0.516930E-02
  0.533368E-02
  0.544629E-02
  0.555948E-02
  0.569191E-02
  0.588768E-02
  0.609357E-02
  0.629592E-02
  0.648772E-02
  0.661311E-02
  0.663897E-02
  0.668760E-02
  0.682932E-02
  0.706123E-02
  0.732615E-02
  0.765720E-02
  0.795145E-02
  0.818957E-02
  0.841435E-02
  0.854623E-02
  0.854030E-02
  0.856653E-02
  0.866784E-02
  0.881865E-02
  0.890639E-02
  0.896772E-02
  0.901924E-02
  0.909563E-02
  0.923080E-02
  0.941704E-02
  0.954827E-02
  0.962409E-02
  0.965381E-02
  0.969710E-02
  0.968526E-02
  0.969371E-02
  0.977064E-02
  0.992378E-02
  0.101596E-01
  0.103459E-01
  0.105269E-01
  0.107148E-01
  0.106976E-01
  0.106099E-01
  0.104723E-01
  0.103570E-01
  0.102638E-01
  0.101761E-01
  0.998407E-02
  0.970692E-02
  0.951015E-02
  0.937190E-02
  0.922625E-02
  0.917550E-02
  0.904643E-02
  0.884521E-02
  0.859552E-02
  0.822128E-02
  0.779754E-02
  0.748897E-02
  0.725197E-02
  0.708684E-02
  0.681495E-02
  0.645116E-02
  0.595393E-02
  0.531751E-02
  0.475323E-02
  0.417987E-02
  0.358977E-02
  0.318169E-02
  0.268741E-02
  0.226239E-02
  0.181240E-02
  0.142608E-02
  0.122581E-02
  0.994620E-03
  0.744804E-03
  0.501215E-03
  0.168406E-06
 -0.710768E-03
 -0.138478E-02
 -0.186300E-02
 -0.237502E-02
 -0.279942E-02
 -0.324515E-02
 -0.382291E-02
 -0.442367E-02
 -0.470278E-02
 -0.479526E-02
 -0.523922E-02
 -0.592461E-02
 -0.639915E-02
 -0.684925E-02
 -0.720172E-02
 -0.755820E-02
 -0.790905E-02
 -0.825235E-02
 -0.859589E-02
 -0.889837E-02
 -0.918842E-02
 -0.956289E-02
 -0.966850E-02
 -0.958666E-02
 -0.959836E-02
 -0.957925E-02
 -0.966712E-02
 -0.998862E-02
 -0.101037E-01
 -0.103849E-01
 -0.110797E-01
 -0.117080E-01
 -0.119261E-01
 -0.121873E-01
 -0.126332E-01
 -0.129107E-01
 -0.128801E-01
 -0.129492E-01
 -0.130953E-01
 -0.132480E-01
 -0.131493E-01
 -0.130277E-01
 -0.130665E-01
 -0.132272E-01
 -0.134395E-01
 -0.134837E-01
 -0.135043E-01
 -0.136877E-01
 -0.136589E-01
 -0.135754E-01
 -0.134744E-01
 -0.132785E-01
 -0.130912E-01
 -0.130625E-01
 -0.129031E-01
 -0.125313E-01
 -0.121287E-01
 -0.118529E-01
 -0.115722E-01
 -0.113610E-01
 -0.112232E-01
 -0.112037E-01
 -0.113580E-01
 -0.115132E-01
 -0.112025E-01
 -0.106354E-01
 -0.100317E-01
 -0.939323E-02
 -0.869558E-02
 -0.801493E-02
 -0.735420E-02
 -0.705772E-02
 -0.686984E-02
 -0.638792E-02
 -0.585501E-02
 -0.544261E-02
 -0.495206E-02
 -0.443264E-02
 -0.374933E-02
 -0.303744E-02
 -0.209110E-02
 -0.108742E-02
 -0.275068E-03
  0.543695E-03
  0.149486E-02
  0.221597E-02
  0.249334E-02
  0.254129E-02
  0.276665E-02
  0.275682E-02
  0.287140E-02
  0.368729E-02
  0.462355E-02
  0.574517E-02
  0.750563E-02
  0.894950E-02
  0.996282E-02
  0.108478E-01
  0.117322E-01
  0.122360E-01
  0.125330E-01
  0.128349E-01
  0.126300E-01
  0.119835E-01
  0.116349E-01
  0.114951E-01
  0.112274E-01
  0.107480E-01
  0.109663E-01
  0.119273E-01
  0.130745E-01
  0.141979E-01
  0.154682E-01
  0.167361E-01
  0.173292E-01
  0.170383E-01
  0.164631E-01
  0.160877E-01
  0.161023E-01
  0.158288E-01
  0.155554E-01
  0.153911E-01
  0.151997E-01
  0.151566E-01
  0.147566E-01
  0.136859E-01
  0.125494E-01
  0.120249E-01
  0.122148E-01
  0.122580E-01
  0.123427E-01
  0.121239E-01
  0.112355E-01
  0.100708E-01
  0.879333E-02
  0.715026E-02
  0.553544E-02
  0.481555E-02
  0.476153E-02
  0.484615E-02
  0.486458E-02
  0.357889E-02
  0.117122E-02
 -0.125443E-02
 -0.348253E-02
 -0.548737E-02
 -0.660330E-02
 -0.710757E-02
 -0.691997E-02
 -0.648524E-02
 -0.652359E-02
 -0.661678E-02
 -0.676870E-02
 -0.781478E-02
 -0.995920E-02
 -0.128010E-01
 -0.152639E-01
 -0.175084E-01
 -0.199102E-01
 -0.216188E-01
 -0.223340E-01
 -0.228899E-01
 -0.233451E-01
 -0.238156E-01
 -0.243121E-01
 -0.249696E-01
 -0.261024E-01
 -0.277920E-01
 -0.295412E-01
 -0.313325E-01
 -0.330832E-01
 -0.344550E-01
 -0.359065E-01
 -0.374310E-01
 -0.380519E-01
 -0.378439E-01
 -0.373324E-01
 -0.373014E-01
 -0.378081E-01
 -0.385670E-01
 -0.398206E-01
 -0.407584E-01
 -0.414924E-01
 -0.433441E-01
 -0.448026E-01
 -0.453870E-01
 -0.463406E-01
 -0.473286E-01
 -0.476923E-01
 -0.473844E-01
 -0.465506E-01
 -0.462258E-01
 -0.464754E-01
 -0.471823E-01
 -0.484974E-01
 -0.504676E-01
 -0.522201E-01
 -0.531550E-01
 -0.534755E-01
 -0.534159E-01
 -0.525733E-01
 -0.515768E-01
 -0.509942E-01
 -0.503072E-01
 -0.496021E-01
 -0.493808E-01
 -0.495237E-01
 -0.500470E-01
 -0.508152E-01
 -0.517665E-01
 -0.522477E-01
 -0.518505E-01
 -0.503323E-01
 -0.485677E-01
 -0.474107E-01
 -0.472936E-01
 -0.479199E-01
 -0.480470E-01
 -0.475450E-01
 -0.467366E-01
 -0.456023E-01
 -0.451133E-01
 -0.450415E-01
 -0.450672E-01
 -0.447409E-01
 -0.436256E-01
 -0.421425E-01
 -0.405087E-01
 -0.387283E-01
 -0.376462E-01
 -0.374230E-01
 -0.376163E-01
 -0.378718E-01
 -0.373607E-01
 -0.360427E-01
 -0.349383E-01
 -0.336280E-01
 -0.327125E-01
 -0.323634E-01
 -0.317683E-01
 -0.307994E-01
 -0.294299E-01
 -0.283961E-01
 -0.274234E-01
 -0.250888E-01
 -0.219321E-01
 -0.176711E-01
 -0.114093E-01
 -0.310659E-02
  0.715399E-02
  0.191264E-01
  0.324159E-01
  0.468421E-01
  0.624471E-01
  0.795808E-01
  0.984902E-01
  0.119027E+00
  0.140655E+00
  0.163520E+00
  0.187642E+00
  0.212707E+00
  0.238951E+00
  0.267299E+00
  0.297248E+00
  0.328597E+00
  0.361906E+00
  0.396417E+00
  0.431562E+00
  0.467651E+00
  0.504607E+00
  0.542942E+00
  0.581858E+00
  0.621159E+00
  0.661441E+00
  0.702339E+00
  0.743774E+00
  0.785943E+00
  0.829082E+00
  0.874058E+00
  0.919807E+00
  0.966202E+00
  0.101359E+01
  0.106141E+01
  0.110970E+01
  0.115903E+01
  0.120892E+01
  0.125897E+01
  0.130925E+01
  0.136032E+01
  0.141189E+01
  0.146410E+01
  0.151759E+01
  0.157253E+01
  0.162822E+01
  0.168482E+01
  0.174236E+01
  0.180148E+01
  0.186226E+01
  0.192425E+01
  0.198798E+01
  0.205494E+01
  0.212550E+01
  0.219968E+01
  0.227772E+01
  0.236037E+01
  0.244777E+01
  0.253968E+01
  0.263615E+01
  0.273783E+01
  0.284407E+01
  0.295483E+01
  0.307048E+01
  0.319147E+01
  0.331780E+01
  0.344937E+01
  0.358536E+01
  0.372475E+01
  0.386607E+01
  0.400911E+01
  0.415197E+01
  0.429450E+01
  0.443716E+01
  0.458005E+01
  0.472397E+01
  0.486955E+01
  0.501587E+01
  0.516303E+01
  0.531044E+01
  0.545780E+01
  0.560391E+01
  0.574900E+01
  0.589316E+01
  0.603706E+01
  0.618101E+01
  0.632566E+01
  0.647138E+01
  0.661968E+01
  0.677098E+01
  0.692541E+01
  0.708289E+01
  0.724444E+01
  0.740861E+01
  0.757465E+01
  0.774214E+01
  0.791155E+01
  0.808273E+01
  0.825587E+01
  0.843021E+01
  0.860572E+01
  0.878136E+01
  0.895789E+01
  0.913490E+01
  0.931423E+01
  0.949725E+01
  0.968440E+01
  0.987613E+01
  0.100737E+02
  0.102761E+02
  0.104830E+02
  0.106932E+02
  0.109067E+02
  0.111213E+02
  0.113354E+02
  0.115479E+02
  0.117596E+02
  0.119692E+02
  0.121777E+02
  0.123849E+02
  0.125923E+02
  0.127999E+02
  0.130072E+02
  0.132139E+02
  0.134205E+02
  0.136253E+02
  0.138301E+02
  0.140347E+02
  0.142405E+02
  0.144483E+02
  0.146588E+02
  0.148718E+02
  0.150892E+02
  0.153098E+02
  0.155338E+02
  0.157593E+02
  0.159872E+02
  0.162160E+02
  0.164451E+02
  0.166751E+02
  0.169086E+02
  0.171451E+02
  0.173863E+02
  0.176322E+02
  0.178844E+02
  0.181420E+02
  0.184040E+02
  0.186694E+02
  0.189398E+02
  0.192131E+02
  0.194898E+02
  0.197689E+02
  0.200522E+02
  0.203393E+02
  0.206304E+02
  0.209264E+02
  0.212296E+02
  0.215396E+02
  0.218580E+02
  0.221835E+02
  0.225178E+02
  0.228583E+02
  0.232029E+02
  0.235500E+02
  0.239005E+02
  0.242519E+02
  0.246052E+02
  0.249590E+02
  0.253154E+02
  0.256734E+02
  0.260321E+02
  0.263917E+02
  0.267552E+02
  0.271213E+02
  0.274914E+02
  0.278633E+02
  0.282404E+02
  0.286230E+02
  0.290116E+02
  0.294070E+02
  0.298139E+02
  0.302310E+02
  0.306607E+02
  0.311014E+02
  0.315573E+02
  0.320294E+02
  0.325170E+02
  0.330197E+02
  0.335406E+02
  0.340776E+02
  0.346331E+02
  0.352047E+02
  0.357953E+02
  0.364033E+02
  0.370269E+02
  0.376637E+02
  0.383152E+02
  0.389771E+02
  0.396508E+02
  0.403327E+02
  0.410254E+02
  0.417291E+02
  0.424451E+02
  0.431741E+02
  0.439215E+02
  0.446847E+02
  0.454657E+02
  0.462598E+02
  0.470687E+02
  0.478892E+02
  0.487190E+02
  0.495556E+02
  0.504038E+02
  0.512617E+02
  0.521326E+02
  0.530138E+02
  0.539111E+02
  0.548245E+02
  0.557524E+02
  0.566929E+02
  0.576497E+02
  0.586175E+02
  0.595963E+02
  0.605798E+02
  0.615721E+02
  0.625692E+02
  0.635681E+02
  0.645659E+02
  0.655682E+02
  0.665710E+02
  0.675772E+02
  0.685833E+02
  0.695961E+02
  0.706143E+02
  0.716384E+02
  0.726681E+02
  0.737105E+02
  0.747611E+02
  0.758233E+02
  0.768907E+02
  0.779672E+02
  0.790479E+02
  0.801279E+02
  0.812029E+02
  0.822792E+02
  0.833510E+02
  0.844248E+02
  0.854981E+02
  0.865814E+02
  0.876749E+02
  0.887774E+02
  0.898868E+02
  0.910095E+02
  0.921377E+02
  0.932732E+02
  0.944069E+02
  0.955451E+02
  0.966830E+02
  0.978191E+02
  0.989525E+02
  0.100095E+03
  0.101242E+03
  0.102400E+03
  0.103565E+03
  0.104746E+03
  0.105937E+03
  0.107133E+03
  0.108328E+03
  0.109528E+03
  0.110722E+03
  0.111912E+03
  0.113089E+03
  0.114260E+03
  0.115423E+03
  0.116575E+03
  0.117715E+03
  0.118853E+03
  0.119981E+03
  0.121106E+03
  0.122219E+03
  0.123329E+03
  0.124430E+03
  0.125519E+03
  0.126591E+03
  0.127656E+03
  0.128706E+03
  0.129746E+03
  0.130767E+03
  0.131780E+03
  0.132778E+03
  0.133763E+03
  0.134732E+03
  0.135698E+03
  0.136654E+03
  0.137611E+03
  0.138560E+03
  0.139513E+03
  0.140466E+03
  0.141417E+03
  0.142357E+03
  0.143298E+03
  0.144227E+03
  0.145151E+03
  0.146058E+03
  0.146962E+03
  0.147859E+03
  0.148748E+03
  0.149625E+03
  0.150502E+03
  0.151370E+03
  0.152235E+03
  0.153087E+03
  0.153937E+03
  0.154780E+03
  0.155609E+03
  0.156420E+03
  0.157225E+03
  0.158010E+03
  0.158782E+03
  0.159527E+03
  0.160260E+03
  0.160972E+03
  0.161661E+03
  0.162322E+03
  0.162968E+03
  0.163592E+03
  0.164204E+03
  0.164795E+03
  0.165380E+03
  0.165953E+03
  0.166513E+03
  0.167051E+03
  0.167578E+03
  0.168081E+03
  0.168564E+03
  0.169016E+03
  0.169447E+03
  0.169852E+03
  0.170230E+03
  0.170576E+03
  0.170908E+03
  0.171213E+03
  0.171503E+03
  0.171763E+03
  0.172004E+03
  0.172219E+03
  0.172401E+03
  0.172542E+03
  0.172653E+03
  0.172719E+03
  0.172749E+03
  0.172729E+03
  0.172676E+03
  0.172585E+03
  0.172459E+03
  0.172292E+03
  0.172101E+03
  0.171877E+03
  0.171630E+03
  0.171348E+03
  0.171046E+03
  0.170713E+03
  0.170346E+03
  0.169935E+03
  0.169495E+03
  0.169014E+03
  0.168504E+03
  0.167956E+03
  0.167386E+03
  0.166791E+03
  0.166170E+03
  0.165518E+03
  0.164851E+03
  0.164157E+03
  0.163447E+03
  0.162711E+03
  0.161965E+03
  0.161208E+03
  0.160438E+03
  0.159653E+03
  0.158867E+03
  0.158066E+03
  0.157258E+03
  0.156428E+03
  0.155589E+03
  0.154734E+03
  0.153862E+03
  0.152969E+03
  0.152067E+03
  0.151150E+03
  0.150227E+03
  0.149288E+03
  0.148349E+03
  0.147406E+03
  0.146457E+03
  0.145495E+03
  0.144529E+03
  0.143548E+03
  0.142559E+03
  0.141550E+03
  0.140536E+03
  0.139513E+03
  0.138483E+03
  0.137442E+03
  0.136403E+03
  0.135354E+03
  0.134303E+03
  0.133236E+03
  0.132162E+03
  0.131076E+03
  0.129975E+03
  0.128856E+03
  0.127730E+03
  0.126590E+03
  0.125445E+03
  0.124287E+03
  0.123125E+03
  0.121950E+03
  0.120756E+03
  0.119535E+03
  0.118293E+03
  0.117018E+03
  0.115719E+03
  0.114389E+03
  0.113045E+03
  0.111688E+03
  0.110324E+03
  0.108954E+03
  0.107589E+03
  0.106221E+03
  0.104853E+03
  0.103474E+03
  0.102087E+03
  0.100683E+03
  0.992606E+02
  0.978153E+02
  0.963565E+02
  0.948783E+02
  0.933900E+02
  0.918889E+02
  0.903853E+02
  0.888774E+02
  0.873646E+02
  0.858453E+02
  0.843278E+02
  0.828054E+02
  0.812825E+02
  0.797507E+02
  0.782143E+02
  0.766674E+02
  0.751078E+02
  0.735320E+02
  0.719462E+02
  0.703466E+02
  0.687414E+02
  0.671292E+02
  0.655207E+02
  0.639164E+02
  0.623183E+02
  0.607228E+02
  0.591333E+02
  0.575435E+02
  0.559553E+02
  0.543641E+02
  0.527763E+02
  0.511919E+02
  0.496154E+02
  0.480492E+02
  0.465030E+02
  0.449772E+02
  0.434774E+02
  0.420000E+02
  0.405460E+02
  0.391093E+02
  0.376861E+02
  0.362710E+02
  0.348623E+02
  0.334526E+02
  0.320423E+02
  0.306273E+02
  0.292117E+02
  0.277955E+02
  0.263811E+02
  0.249683E+02
  0.235614E+02
  0.221596E+02
  0.207655E+02
  0.193769E+02
  0.179944E+02
  0.166143E+02
  0.152324E+02
  0.138421E+02
  0.124390E+02
  0.110168E+02
  0.957585E+01
  0.811613E+01
  0.664306E+01
  0.516046E+01
  0.367418E+01
  0.218938E+01
  0.711461E+00
 -0.757186E+00
 -0.221595E+01
 -0.366761E+01
 -0.511524E+01
 -0.656312E+01
 -0.801337E+01
 -0.946745E+01
 -0.109247E+02
 -0.123839E+02
 -0.138439E+02
 -0.153025E+02
 -0.167583E+02
 -0.182116E+02
 -0.196603E+02
 -0.211033E+02
 -0.225420E+02
 -0.239757E+02
 -0.254054E+02
 -0.268299E+02
 -0.282520E+02
 -0.296747E+02
 -0.310990E+02
 -0.325253E+02
 -0.339555E+02
 -0.353866E+02
 -0.368169E+02
 -0.382414E+02
 -0.396604E+02
 -0.410730E+02
 -0.424780E+02
 -0.438766E+02
 -0.452745E+02
 -0.466712E+02
 -0.480695E+02
 -0.494674E+02
 -0.508689E+02
 -0.522730E+02
 -0.536766E+02
 -0.550774E+02
 -0.564763E+02
 -0.578651E+02
 -0.592443E+02
 -0.606102E+02
 -0.619674E+02
 -0.633137E+02
 -0.646460E+02
 -0.659614E+02
 -0.672610E+02
 -0.685364E+02
 -0.697863E+02
 -0.710045E+02
 -0.721960E+02
 -0.733604E+02
 -0.744994E+02
 -0.756157E+02
 -0.767190E+02
 -0.778090E+02
 -0.788923E+02
 -0.799659E+02
 -0.810370E+02
 -0.821029E+02
 -0.831620E+02
 -0.842124E+02
 -0.852600E+02
 -0.863013E+02
 -0.873429E+02
 -0.883830E+02
 -0.894327E+02
 -0.904945E+02
 -0.915669E+02
 -0.926483E+02
 -0.937464E+02
 -0.948535E+02
 -0.959708E+02
 -0.970906E+02
 -0.982191E+02
 -0.993535E+02
 -0.100490E+03
 -0.101625E+03
 -0.102761E+03
 -0.103891E+03
 -0.105017E+03
 -0.106131E+03
 -0.107242E+03
 -0.108348E+03
 -0.109448E+03
 -0.110544E+03
 -0.111648E+03
 -0.112755E+03
 -0.113873E+03
 -0.114994E+03
 -0.116125E+03
 -0.117262E+03
 -0.118402E+03
 -0.119539E+03
 -0.120685E+03
 -0.121834E+03
 -0.122995E+03
 -0.124163E+03
 -0.125350E+03
 -0.126556E+03
 -0.127778E+03
 -0.129009E+03
 -0.130256E+03
 -0.131507E+03
 -0.132762E+03
 -0.134009E+03
 -0.135257E+03
 -0.136500E+03
 -0.137738E+03
 -0.138969E+03
 -0.140209E+03
 -0.141453E+03
 -0.142710E+03
 -0.143973E+03
 -0.145251E+03
 -0.146541E+03
 -0.147837E+03
 -0.149135E+03
 -0.150443E+03
 -0.151747E+03
 -0.153054E+03
 -0.154348E+03
 -0.155641E+03
 -0.156925E+03
 -0.158198E+03
 -0.159453E+03
 -0.160702E+03
 -0.161936E+03
 -0.163164E+03
 -0.164378E+03
 -0.165594E+03
 -0.166811E+03
 -0.168023E+03
 -0.169227E+03
 -0.170434E+03
 -0.171628E+03
 -0.172810E+03
 -0.173964E+03
 -0.175098E+03
 -0.176205E+03
 -0.177281E+03
 -0.178325E+03
 -0.179354E+03
 -0.180362E+03
 -0.181358E+03
 -0.182333E+03
 -0.183298E+03
 -0.184250E+03
 -0.185185E+03
 -0.186103E+03
 -0.187021E+03
 -0.187933E+03
 -0.188851E+03
 -0.189765E+03
 -0.190689E+03
 -0.191615E+03
 -0.192536E+03
 -0.193443E+03
 -0.194350E+03
 -0.195247E+03
 -0.196146E+03
 -0.197038E+03
 -0.197944E+03
 -0.198857E+03
 -0.199771E+03
 -0.200678E+03
 -0.201586E+03
 -0.202479E+03
 -0.203363E+03
 -0.204222E+03
 -0.205076E+03
 -0.205920E+03
 -0.206757E+03
 -0.207584E+03
 -0.208419E+03
 -0.209251E+03
 -0.210088E+03
 -0.210912E+03
 -0.211738E+03
 -0.212556E+03
 -0.213364E+03
 -0.214157E+03
 -0.214959E+03
 -0.215759E+03
 -0.216576E+03
 -0.217401E+03
 -0.218255E+03
 -0.219135E+03
 -0.220039E+03
 -0.220958E+03
 -0.221907E+03
 -0.222867E+03
 -0.223841E+03
 -0.224811E+03
 -0.225788E+03
 -0.226762E+03
 -0.227721E+03
 -0.228656E+03
 -0.229584E+03
 -0.230490E+03
 -0.231386E+03
 -0.232261E+03
 -0.233136E+03
 -0.234006E+03
 -0.234868E+03
 -0.235716E+03
 -0.236569E+03
 -0.237410E+03
 -0.238254E+03
 -0.239084E+03
 -0.239920E+03
 -0.240755E+03
 -0.241588E+03
 -0.242411E+03
 -0.243243E+03
 -0.244064E+03
 -0.244881E+03
 -0.245674E+03
 -0.246457E+03
 -0.247218E+03
 -0.247953E+03
 -0.248655E+03
 -0.249346E+03
 -0.250012E+03
 -0.250669E+03
 -0.251302E+03
 -0.251933E+03
 -0.252555E+03
 -0.253162E+03
 -0.253747E+03
 -0.254328E+03
 -0.254886E+03
 -0.255432E+03
 -0.255951E+03
 -0.256464E+03
 -0.256966E+03
 -0.257459E+03
 -0.257938E+03
 -0.258427E+03
 -0.258913E+03
 -0.259406E+03
 -0.259886E+03
 -0.260374E+03
 -0.260857E+03
 -0.261332E+03
 -0.261793E+03
 -0.262266E+03
 -0.262735E+03
 -0.263218E+03
 -0.263698E+03
 -0.264199E+03
 -0.264710E+03
 -0.265224E+03
 -0.265730E+03
 -0.266244E+03
 -0.266743E+03
 -0.267238E+03
 -0.267708E+03
 -0.268172E+03
 -0.268623E+03
 -0.269052E+03
 -0.269452E+03
 -0.269846E+03
 -0.270213E+03
 -0.270566E+03
 -0.270887E+03
 -0.271197E+03
 -0.271486E+03
 -0.271753E+03
 -0.271991E+03
 -0.272223E+03
 -0.272429E+03
 -0.272622E+03
 -0.272780E+03
 -0.272924E+03
 -0.273046E+03
 -0.273146E+03
 -0.273220E+03
 -0.273296E+03
 -0.273362E+03
 -0.273437E+03
 -0.273504E+03
 -0.273582E+03
 -0.273658E+03
 -0.273723E+03
 -0.273762E+03
 -0.273791E+03
 -0.273789E+03
 -0.273766E+03
 -0.273703E+03
 -0.273625E+03
 -0.273522E+03
 -0.273391E+03
 -0.273225E+03
 -0.273045E+03
 -0.272834E+03
 -0.272602E+03
 -0.272330E+03
 -0.272039E+03
 -0.271718E+03
 -0.271367E+03
 -0.270977E+03
 -0.270572E+03
 -0.270134E+03
 -0.269677E+03
 -0.269186E+03
 -0.268686E+03
 -0.268170E+03
 -0.267638E+03
 -0.267082E+03
 -0.266522E+03
 -0.265938E+03
 -0.265338E+03
 -0.264704E+03
 -0.264053E+03
 -0.263374E+03
 -0.262664E+03
 -0.261910E+03
 -0.261135E+03
 -0.260320E+03
 -0.259477E+03
 -0.258589E+03
 -0.257675E+03
 -0.256728E+03
 -0.255741E+03
 -0.254707E+03
 -0.253649E+03
 -0.252553E+03
 -0.251436E+03
 -0.250284E+03
 -0.249120E+03
 -0.247934E+03
 -0.246723E+03
 -0.245478E+03
 -0.244219E+03
 -0.242927E+03
 -0.241613E+03
 -0.240261E+03
 -0.238890E+03
 -0.237494E+03
 -0.236071E+03
 -0.234615E+03
 -0.233146E+03
 -0.231649E+03
 -0.230139E+03
 -0.228601E+03
 -0.227053E+03
 -0.225485E+03
 -0.223895E+03
 -0.222274E+03
 -0.220640E+03
 -0.218982E+03
 -0.217313E+03
 -0.215618E+03
 -0.213917E+03
 -0.212198E+03
 -0.210457E+03
 -0.208684E+03
 -0.206899E+03
 -0.205087E+03
 -0.203262E+03
 -0.201414E+03
 -0.199560E+03
 -0.197696E+03
 -0.195821E+03
 -0.193931E+03
 -0.192043E+03
 -0.190143E+03
 -0.188241E+03
 -0.186323E+03
 -0.184405E+03
 -0.182479E+03
 -0.180547E+03
 -0.178605E+03
 -0.176672E+03
 -0.174740E+03
 -0.172819E+03
 -0.170897E+03
 -0.168985E+03
 -0.167069E+03
 -0.165143E+03
 -0.163194E+03
 -0.161230E+03
 -0.159238E+03
 -0.157230E+03
 -0.155195E+03
 -0.153147E+03
 -0.151083E+03
 -0.149000E+03
 -0.146897E+03
 -0.144787E+03
 -0.142664E+03
 -0.140541E+03
 -0.138414E+03
 -0.136300E+03
 -0.134197E+03
 -0.132108E+03
 -0.130031E+03
 -0.127979E+03
 -0.125943E+03
 -0.123930E+03
 -0.121931E+03
 -0.119956E+03
 -0.118002E+03
 -0.116069E+03
 -0.114157E+03
 -0.112279E+03
 -0.110427E+03
 -0.108610E+03
 -0.106816E+03
 -0.105051E+03
 -0.103304E+03
 -0.101568E+03
 -0.998325E+02
 -0.980995E+02
 -0.963609E+02
 -0.946233E+02
 -0.928827E+02
 -0.911507E+02
 -0.894298E+02
 -0.877256E+02
 -0.860394E+02
 -0.843795E+02
 -0.827400E+02
 -0.811223E+02
 -0.795150E+02
 -0.779193E+02
 -0.763280E+02
 -0.747386E+02
 -0.731483E+02
 -0.715656E+02
 -0.699896E+02
 -0.684285E+02
 -0.668800E+02
 -0.653510E+02
 -0.638372E+02
 -0.623342E+02
 -0.608344E+02
 -0.593376E+02
 -0.578357E+02
 -0.563307E+02
 -0.548214E+02
 -0.533158E+02
 -0.518169E+02
 -0.503324E+02
 -0.488662E+02
 -0.474259E+02
 -0.460120E+02
 -0.446296E+02
 -0.432760E+02
 -0.419536E+02
 -0.406586E+02
 -0.393873E+02
 -0.381331E+02
 -0.368941E+02
 -0.356638E+02
 -0.344418E+02
 -0.332255E+02
 -0.320193E+02
 -0.308232E+02
 -0.296375E+02
 -0.284603E+02
 -0.272930E+02
 -0.261321E+02
 -0.249782E+02
 -0.238283E+02
 -0.226827E+02
 -0.215389E+02
 -0.203973E+02
 -0.192585E+02
 -0.181266E+02
 -0.170041E+02
 -0.158978E+02
 -0.148108E+02
 -0.137473E+02
 -0.127081E+02
 -0.116926E+02
 -0.106953E+02
 -0.971091E+01
 -0.873317E+01
 -0.775823E+01
 -0.678186E+01
 -0.580169E+01
 -0.481684E+01
 -0.383052E+01
 -0.284558E+01
 -0.186607E+01
 -0.895013E+00
  0.650101E-01
  0.101427E+01
  0.195577E+01
  0.289300E+01
  0.382873E+01
  0.476592E+01
  0.570570E+01
  0.664759E+01
  0.759045E+01
  0.853297E+01
  0.947540E+01
  0.104175E+02
  0.113587E+02
  0.123001E+02
  0.132450E+02
  0.141947E+02
  0.151521E+02
  0.161186E+02
  0.170973E+02
  0.180890E+02
  0.190923E+02
  0.201062E+02
  0.211314E+02
  0.221651E+02
  0.232071E+02
  0.242547E+02
  0.253096E+02
  0.263706E+02
  0.274341E+02
  0.284983E+02
  0.295639E+02
  0.306271E+02
  0.316873E+02
  0.327410E+02
  0.337893E+02
  0.348296E+02
  0.358592E+02
  0.368762E+02
  0.378843E+02
  0.388816E+02
  0.398687E+02
  0.408430E+02
  0.418084E+02
  0.427642E+02
  0.437095E+02
  0.446442E+02
  0.455734E+02
  0.464942E+02
  0.474086E+02
  0.483139E+02
  0.492138E+02
  0.501075E+02
  0.509947E+02
  0.518744E+02
  0.527513E+02
  0.536223E+02
  0.544891E+02
  0.553471E+02
  0.561989E+02
  0.570403E+02
  0.578682E+02
  0.586800E+02
  0.594816E+02
  0.602727E+02
  0.610612E+02
  0.618495E+02
  0.626489E+02
  0.634629E+02
  0.642927E+02
  0.651366E+02
  0.659992E+02
  0.668739E+02
  0.677602E+02
  0.686497E+02
  0.695461E+02
  0.704464E+02
  0.713477E+02
  0.722485E+02
  0.731558E+02
  0.740658E+02
  0.749825E+02
  0.758993E+02
  0.768200E+02
  0.777389E+02
  0.786505E+02
  0.795482E+02
  0.804353E+02
  0.813059E+02
  0.821632E+02
  0.830019E+02
  0.838311E+02
  0.846495E+02
  0.854543E+02
  0.862438E+02
  0.870261E+02
  0.877954E+02
  0.885548E+02
  0.892983E+02
  0.900328E+02
  0.907558E+02
  0.914659E+02
  0.921601E+02
  0.928476E+02
  0.935228E+02
  0.941917E+02
  0.948498E+02
  0.955062E+02
  0.961593E+02
  0.968070E+02
  0.974463E+02
  0.980846E+02
  0.987149E+02
  0.993414E+02
  0.999542E+02
  0.100560E+03
  0.101152E+03
  0.101726E+03
  0.102275E+03
  0.102804E+03
  0.103303E+03
  0.103781E+03
  0.104231E+03
  0.104666E+03
  0.105086E+03
  0.105489E+03
  0.105872E+03
  0.106242E+03
  0.106588E+03
  0.106914E+03
  0.107207E+03
  0.107475E+03
  0.107712E+03
  0.107918E+03
  0.108093E+03
  0.108251E+03
  0.108391E+03
  0.108524E+03
  0.108646E+03
  0.108767E+03
  0.108887E+03
  0.109001E+03
  0.109103E+03
  0.109199E+03
  0.109282E+03
  0.109354E+03
  0.109409E+03
  0.109458E+03
  0.109498E+03
  0.109531E+03
  0.109554E+03
  0.109577E+03
  0.109592E+03
  0.109603E+03
  0.109601E+03
  0.109594E+03
  0.109578E+03
  0.109549E+03
  0.109504E+03
  0.109454E+03
  0.109393E+03
  0.109331E+03
  0.109262E+03
  0.109199E+03
  0.109136E+03
  0.109072E+03
  0.109001E+03
  0.108929E+03
  0.108849E+03
  0.108763E+03
  0.108662E+03
  0.108552E+03
  0.108429E+03
  0.108291E+03
  0.108134E+03
  0.107970E+03
  0.107792E+03
  0.107607E+03
  0.107408E+03
  0.107204E+03
  0.106990E+03
  0.106766E+03
  0.106529E+03
  0.106289E+03
  0.106040E+03
  0.105790E+03
  0.105531E+03
  0.105276E+03
  0.105023E+03
  0.104771E+03
  0.104518E+03
  0.104273E+03
  0.104032E+03
  0.103799E+03
  0.103570E+03
  0.103353E+03
  0.103146E+03
  0.102950E+03
  0.102762E+03
  0.102590E+03
  0.102427E+03
  0.102275E+03
  0.102122E+03
  0.101970E+03
  0.101809E+03
  0.101633E+03
  0.101435E+03
  0.101223E+03
  0.100992E+03
  0.100749E+03
  0.100490E+03
  0.100225E+03
  0.999493E+02
  0.996608E+02
  0.993538E+02
  0.990350E+02
  0.986946E+02
  0.983357E+02
  0.979512E+02
  0.975499E+02
  0.971322E+02
  0.966984E+02
  0.962490E+02
  0.957962E+02
  0.953371E+02
  0.948787E+02
  0.944147E+02
  0.939528E+02
  0.934897E+02
  0.930228E+02
  0.925481E+02
  0.920733E+02
  0.915940E+02
  0.911170E+02
  0.906370E+02
  0.901623E+02
  0.896902E+02
  0.892182E+02
  0.887403E+02
  0.882609E+02
  0.877719E+02
  0.872758E+02
  0.867649E+02
  0.862470E+02
  0.857207E+02
  0.851857E+02
  0.846404E+02
  0.840938E+02
  0.835423E+02
  0.829919E+02
  0.824379E+02
  0.818880E+02
  0.813410E+02
  0.807969E+02
  0.802560E+02
  0.797279E+02
  0.792098E+02
  0.787075E+02
  0.782153E+02
  0.777384E+02
  0.772733E+02
  0.768199E+02
  0.763762E+02
  0.759504E+02
  0.755407E+02
  0.751548E+02
  0.747895E+02
  0.744516E+02
  0.741372E+02
  0.738405E+02
  0.735527E+02
  0.732745E+02
  0.729951E+02
  0.727129E+02
  0.724180E+02
  0.721126E+02
  0.717907E+02
  0.714501E+02
  0.710887E+02
  0.707130E+02
  0.703188E+02
  0.699107E+02
  0.694848E+02
  0.690467E+02
  0.685940E+02
  0.681255E+02
  0.676405E+02
  0.671471E+02
  0.666439E+02
  0.661374E+02
  0.656263E+02
  0.651179E+02
  0.646117E+02
  0.641069E+02
  0.635994E+02
  0.630934E+02
  0.625822E+02
  0.620672E+02
  0.615429E+02
  0.610129E+02
  0.604755E+02
  0.599322E+02
  0.593840E+02
  0.588375E+02
  0.582908E+02
  0.577486E+02
  0.572078E+02
  0.566736E+02
  0.561436E+02
  0.556168E+02
  0.550899E+02
  0.545673E+02
  0.540457E+02
  0.535287E+02
  0.530146E+02
  0.525109E+02
  0.520197E+02
  0.515428E+02
  0.510809E+02
  0.506401E+02
  0.502184E+02
  0.498195E+02
  0.494417E+02
  0.490896E+02
  0.487617E+02
  0.484566E+02
  0.481705E+02
  0.479045E+02
  0.476533E+02
  0.474183E+02
  0.471953E+02
  0.469882E+02
  0.467946E+02
  0.466133E+02
  0.464417E+02
  0.462819E+02
  0.461292E+02
  0.459849E+02
  0.458460E+02
  0.457151E+02
  0.455897E+02
  0.454681E+02
  0.453479E+02
  0.452328E+02
  0.451205E+02
  0.450143E+02
  0.449122E+02
  0.448189E+02
  0.447332E+02
  0.446543E+02
  0.445827E+02
  0.445232E+02
  0.444729E+02
  0.444341E+02
  0.444046E+02
  0.443880E+02
  0.443833E+02
  0.443917E+02
  0.444122E+02
  0.444489E+02
  0.444991E+02
  0.445643E+02
  0.446412E+02
  0.447322E+02
  0.448330E+02
  0.449407E+02
  0.450516E+02
  0.451670E+02
  0.452811E+02
  0.453947E+02
  0.455045E+02
  0.456134E+02
  0.457183E+02
  0.458181E+02
  0.459119E+02
  0.460050E+02
  0.460963E+02
  0.461912E+02
  0.462898E+02
  0.463999E+02
  0.465237E+02
  0.466616E+02
  0.468121E+02
  0.469782E+02
  0.471551E+02
  0.473434E+02
  0.475374E+02
  0.477387E+02
  0.479436E+02
  0.481497E+02
  0.483530E+02
  0.485566E+02
  0.487565E+02
  0.489542E+02
  0.491467E+02
  0.493384E+02
  0.495285E+02
  0.497167E+02
  0.499016E+02
  0.500878E+02
  0.502725E+02
  0.504595E+02
  0.506456E+02
  0.508358E+02
  0.510299E+02
  0.512278E+02
  0.514276E+02
  0.516343E+02
  0.518444E+02
  0.520597E+02
  0.522767E+02
  0.525010E+02
  0.527316E+02
  0.529678E+02
  0.532087E+02
  0.534581E+02
  0.537105E+02
  0.539661E+02
  0.542190E+02
  0.544714E+02
  0.547193E+02
  0.549611E+02
  0.551935E+02
  0.554207E+02
  0.556380E+02
  0.558472E+02
  0.560435E+02
  0.562306E+02
  0.564052E+02
  0.565658E+02
  0.567128E+02
  0.568535E+02
  0.569865E+02
  0.571171E+02
  0.572425E+02
  0.573687E+02
  0.574936E+02
  0.576157E+02
  0.577317E+02
  0.578455E+02
  0.579517E+02
  0.580511E+02
  0.581383E+02
  0.582175E+02
  0.582867E+02
  0.583456E+02
  0.583920E+02
  0.584306E+02
  0.584570E+02
  0.584732E+02
  0.584739E+02
  0.584633E+02
  0.584408E+02
  0.584068E+02
  0.583612E+02
  0.583121E+02
  0.582583E+02
  0.582058E+02
  0.581525E+02
  0.581053E+02
  0.580634E+02
  0.580255E+02
  0.579880E+02
  0.579546E+02
  0.579207E+02
  0.578888E+02
  0.578541E+02
  0.578225E+02
  0.577929E+02
  0.577652E+02
  0.577365E+02
  0.577097E+02
  0.576794E+02
  0.576476E+02
  0.576090E+02
  0.575674E+02
  0.575215E+02
  0.574708E+02
  0.574160E+02
  0.573626E+02
  0.573072E+02
  0.572539E+02
  0.571982E+02
  0.571437E+02
  0.570865E+02
  0.570234E+02
  0.569506E+02
  0.568721E+02
  0.567836E+02
  0.566895E+02
  0.565874E+02
  0.564814E+02
  0.563693E+02
  0.562502E+02
  0.561215E+02
  0.559871E+02
  0.558439E+02
  0.556972E+02
  0.555460E+02
  0.553975E+02
  0.552514E+02
  0.551091E+02
  0.549693E+02
  0.548364E+02
  0.547065E+02
  0.545813E+02
  0.544551E+02
  0.543307E+02
  0.542054E+02
  0.540778E+02
  0.539468E+02
  0.538182E+02
  0.536911E+02
  0.535714E+02
  0.534573E+02
  0.533541E+02
  0.532598E+02
  0.531728E+02
  0.530894E+02
  0.530118E+02
  0.529348E+02
  0.528594E+02
  0.527804E+02
  0.527022E+02
  0.526224E+02
  0.525399E+02
  0.524523E+02
  0.523629E+02
  0.522674E+02
  0.521682E+02
  0.520608E+02
  0.519496E+02
  0.518339E+02
  0.517146E+02
  0.515909E+02
  0.514683E+02
  0.513438E+02
  0.512200E+02
  0.510922E+02
  0.509629E+02
  0.508297E+02
  0.506914E+02
  0.505460E+02
  0.503984E+02
  0.502468E+02
  0.500951E+02
  0.499402E+02
  0.497862E+02
  0.496307E+02
  0.494719E+02
  0.493077E+02
  0.491418E+02
  0.489694E+02
  0.487929E+02
  0.486085E+02
  0.484198E+02
  0.482264E+02
  0.480291E+02
  0.478279E+02
  0.476291E+02
  0.474317E+02
  0.472387E+02
  0.470456E+02
  0.468565E+02
  0.466678E+02
  0.464764E+02
  0.462804E+02
  0.460833E+02
  0.458821E+02
  0.456797E+02
  0.454732E+02
  0.452667E+02
  0.450588E+02
  0.448482E+02
  0.446325E+02
  0.444151E+02
  0.441913E+02
  0.439620E+02
  0.437239E+02
  0.434813E+02
  0.432339E+02
  0.429830E+02
  0.427289E+02
  0.424770E+02
  0.422261E+02
  0.419791E+02
  0.417322E+02
  0.414895E+02
  0.412500E+02
  0.410120E+02
  0.407724E+02
  0.405344E+02
  0.402947E+02
  0.400545E+02
  0.398094E+02
  0.395616E+02
  0.393093E+02
  0.390525E+02
  0.387892E+02
  0.385236E+02
  0.382526E+02
  0.379790E+02
  0.377004E+02
  0.374200E+02
  0.371369E+02
  0.368512E+02
  0.365620E+02
  0.362712E+02
  0.359748E+02
  0.356739E+02
  0.353662E+02
  0.350551E+02
  0.347407E+02
  0.344245E+02
  0.341078E+02
  0.337969E+02
  0.334922E+02
  0.331966E+02
  0.329091E+02
  0.326339E+02
  0.323706E+02
  0.321187E+02
  0.318758E+02
  0.316434E+02
  0.314177E+02
  0.311987E+02
  0.309816E+02
  0.307674E+02
  0.305526E+02
  0.303346E+02
  0.301118E+02
  0.298863E+02
  0.296550E+02
  0.294201E+02
  0.291804E+02
  0.289390E+02
  0.286945E+02
  0.284452E+02
  0.281897E+02
  0.279307E+02
  0.276656E+02
  0.273951E+02
  0.271160E+02
  0.268300E+02
  0.265362E+02
  0.262354E+02
  0.259269E+02
  0.256134E+02
  0.252927E+02
  0.249665E+02
  0.246333E+02
  0.242950E+02
  0.239521E+02
  0.236070E+02
  0.232601E+02
  0.229156E+02
  0.225736E+02
  0.222352E+02
  0.218985E+02
  0.215652E+02
  0.212337E+02
  0.209035E+02
  0.205733E+02
  0.202460E+02
  0.199204E+02
  0.195979E+02
  0.192791E+02
  0.189675E+02
  0.186613E+02
  0.183587E+02
  0.180568E+02
  0.177549E+02
  0.174496E+02
  0.171398E+02
  0.168234E+02
  0.165025E+02
  0.161773E+02
  0.158495E+02
  0.155197E+02
  0.151909E+02
  0.148636E+02
  0.145388E+02
  0.142141E+02
  0.138887E+02
  0.135599E+02
  0.132257E+02
  0.128834E+02
  0.125342E+02
  0.121785E+02
  0.118185E+02
  0.114546E+02
  0.110894E+02
  0.107239E+02
  0.103585E+02
  0.999280E+01
  0.962763E+01
  0.926166E+01
  0.889526E+01
  0.852888E+01
  0.816539E+01
  0.780541E+01
  0.744866E+01
  0.709404E+01
  0.674174E+01
  0.638980E+01
  0.603722E+01
  0.568252E+01
  0.532651E+01
  0.496995E+01
  0.461311E+01
  0.425640E+01
  0.390146E+01
  0.354826E+01
  0.319780E+01
  0.285008E+01
  0.250572E+01
  0.216462E+01
  0.182645E+01
  0.149190E+01
  0.116251E+01
  0.837661E+00
  0.516237E+00
  0.196589E+00
 -0.122223E+00
 -0.441707E+00
 -0.762521E+00
 -0.108417E+01
 -0.140634E+01
 -0.172905E+01
 -0.205162E+01
 -0.237474E+01
 -0.269927E+01
 -0.302558E+01
 -0.335568E+01
 -0.369132E+01
 -0.403379E+01
 -0.438456E+01
 -0.474362E+01
 -0.510908E+01
 -0.547918E+01
 -0.585207E+01
 -0.622538E+01
 -0.659767E+01
 -0.696958E+01
 -0.734036E+01
 -0.770931E+01
 -0.807766E+01
 -0.844715E+01
 -0.881750E+01
 -0.918893E+01
 -0.956067E+01
 -0.993170E+01
 -0.102996E+02
 -0.106621E+02
 -0.110169E+02
 -0.113630E+02
 -0.116992E+02
 -0.120249E+02
 -0.123395E+02
 -0.126440E+02
 -0.129378E+02
 -0.132210E+02
 -0.134921E+02
 -0.137509E+02
 -0.139965E+02
 -0.142275E+02
 -0.144424E+02
 -0.146417E+02
 -0.148234E+02
 -0.149874E+02
 -0.151332E+02
 -0.152619E+02
 -0.153735E+02
 -0.154678E+02
 -0.155454E+02
 -0.156089E+02
 -0.156587E+02
 -0.156970E+02
 -0.157265E+02
 -0.157523E+02
 -0.157768E+02
 -0.158027E+02
 -0.158310E+02
 -0.158638E+02
 -0.159014E+02
 -0.159443E+02
 -0.159908E+02
 -0.160411E+02
 -0.160938E+02
 -0.161473E+02
 -0.162004E+02
 -0.162541E+02
 -0.163062E+02
 -0.163561E+02
 -0.164013E+02
 -0.164418E+02
 -0.164764E+02
 -0.165040E+02
 -0.165241E+02
 -0.165382E+02
 -0.165456E+02
 -0.165479E+02
 -0.165441E+02
 -0.165356E+02
 -0.165223E+02
 -0.165032E+02
 -0.164764E+02
 -0.164424E+02
 -0.164002E+02
 -0.163512E+02
 -0.162958E+02
 -0.162364E+02
 -0.161742E+02
 -0.161109E+02
 -0.160482E+02
 -0.159887E+02
 -0.159317E+02
 -0.158778E+02
 -0.158251E+02
 -0.157738E+02
 -0.157216E+02
 -0.156661E+02
 -0.156063E+02
 -0.155438E+02
 -0.154774E+02
 -0.154086E+02
 -0.153372E+02
 -0.152640E+02
 -0.151871E+02
 -0.151043E+02
 -0.150137E+02
 -0.149147E+02
 -0.148044E+02
 -0.146817E+02
 -0.145447E+02
 -0.143944E+02
 -0.142300E+02
 -0.140521E+02
 -0.138607E+02
 -0.136576E+02
 -0.134430E+02
 -0.132191E+02
 -0.129861E+02
 -0.127446E+02
 -0.124942E+02
 -0.122353E+02
 -0.119670E+02
 -0.116898E+02
 -0.114035E+02
 -0.111101E+02
 -0.108093E+02
 -0.105032E+02
 -0.101939E+02
 -0.988436E+01
 -0.957765E+01
 -0.927736E+01
 -0.898621E+01
 -0.870684E+01
 -0.844045E+01
 -0.818833E+01
 -0.794893E+01
 -0.772141E+01
 -0.750543E+01
 -0.730151E+01
 -0.710891E+01
 -0.692691E+01
 -0.675443E+01
 -0.658955E+01
 -0.642953E+01
 -0.627266E+01
 -0.611658E+01
 -0.596006E+01
 -0.580227E+01
 -0.564386E+01
 -0.548432E+01
 -0.532307E+01
 -0.516061E+01
 -0.499713E+01
 -0.483201E+01
 -0.466580E+01
 -0.449892E+01
 -0.433259E+01
 -0.416795E+01
 -0.400667E+01
 -0.384923E+01
 -0.369592E+01
 -0.354782E+01
 -0.340428E+01
 -0.326382E+01
 -0.312655E+01
 -0.299118E+01
 -0.285639E+01
 -0.272074E+01
 -0.258267E+01
 -0.244141E+01
 -0.229712E+01
 -0.215025E+01
 -0.200076E+01
 -0.184821E+01
 -0.169204E+01
 -0.153013E+01
 -0.136108E+01
 -0.118460E+01
 -0.998959E+00
 -0.803988E+00
 -0.601806E+00
 -0.394444E+00
 -0.183793E+00
  0.270114E-01
  0.234588E+00
  0.436225E+00
  0.629426E+00
  0.811823E+00
  0.982069E+00
  0.113950E+01
  0.128460E+01
  0.141866E+01
  0.154399E+01
  0.166267E+01
  0.177637E+01
  0.188586E+01
  0.199273E+01
  0.209752E+01
  0.220055E+01
  0.230190E+01
  0.240188E+01
  0.250023E+01
  0.259683E+01
  0.269155E+01
  0.278400E+01
  0.287257E+01
  0.295653E+01
  0.303495E+01
  0.310740E+01
  0.317332E+01
  0.323304E+01
  0.328704E+01
  0.333596E+01
  0.338016E+01
  0.342145E+01
  0.346034E+01
  0.349730E+01
  0.353269E+01
  0.356798E+01
  0.360406E+01
  0.364277E+01
  0.368485E+01
  0.373162E+01
  0.378423E+01
  0.384270E+01
  0.390701E+01
  0.397769E+01
  0.405400E+01
  0.413595E+01
  0.422216E+01
  0.431239E+01
  0.440598E+01
  0.450179E+01
  0.459752E+01
  0.469228E+01
  0.478417E+01
  0.487170E+01
  0.495457E+01
  0.503385E+01
  0.510949E+01
  0.518174E+01
  0.525132E+01
  0.531947E+01
  0.538587E+01
  0.545103E+01
  0.551340E+01
  0.557313E+01
  0.562932E+01
  0.568052E+01
  0.572487E+01
  0.576251E+01
  0.579373E+01
  0.581896E+01
  0.583780E+01
  0.585193E+01
  0.586183E+01
  0.586702E+01
  0.586577E+01
  0.585820E+01
  0.584415E+01
  0.582432E+01
  0.579842E+01
  0.576785E+01
  0.573449E+01
  0.570010E+01
  0.566556E+01
  0.563255E+01
  0.560193E+01
  0.557513E+01
  0.555195E+01
  0.553376E+01
  0.552127E+01
  0.551435E+01
  0.551250E+01
  0.551630E+01
  0.552518E+01
  0.553929E+01
  0.555862E+01
  0.558545E+01
  0.562201E+01
  0.566997E+01
  0.573033E+01
  0.580428E+01
  0.589130E+01
  0.599129E+01
  0.610160E+01
  0.622049E+01
  0.634644E+01
  0.647917E+01
  0.661769E+01
  0.676253E+01
  0.691430E+01
  0.707418E+01
  0.724185E+01
  0.741719E+01
  0.759825E+01
  0.778394E+01
  0.797298E+01
  0.816467E+01
  0.835662E+01
  0.854745E+01
  0.873514E+01
  0.891954E+01
  0.909923E+01
  0.927304E+01
  0.944020E+01
  0.960119E+01
  0.975477E+01
  0.990048E+01
  0.100353E+02
  0.101592E+02
  0.102711E+02
  0.103692E+02
  0.104517E+02
  0.105196E+02
  0.105727E+02
  0.106121E+02
  0.106386E+02
  0.106544E+02
  0.106592E+02
  0.106537E+02
  0.106383E+02
  0.106149E+02
  0.105834E+02
  0.105455E+02
  0.105014E+02
  0.104535E+02
  0.104027E+02
  0.103501E+02
  0.102974E+02
  0.102478E+02
  0.102003E+02
  0.101547E+02
  0.101116E+02
  0.100721E+02
  0.100353E+02
  0.100014E+02
  0.997097E+01
  0.994443E+01
  0.992015E+01
  0.989857E+01
  0.987782E+01
  0.985754E+01
  0.983562E+01
  0.981010E+01
  0.978109E+01
  0.975064E+01
  0.971929E+01
  0.969024E+01
  0.966612E+01
  0.965177E+01
  0.964888E+01
  0.965869E+01
  0.968202E+01
  0.971911E+01
  0.976899E+01
  0.983150E+01
  0.990510E+01
  0.999098E+01
  0.100882E+02
  0.101969E+02
  0.103168E+02
  0.104480E+02
  0.105889E+02
  0.107389E+02
  0.108958E+02
  0.110590E+02
  0.112278E+02
  0.114002E+02
  0.115743E+02
  0.117511E+02
  0.119290E+02
  0.121093E+02
  0.122917E+02
  0.124762E+02
  0.126630E+02
  0.128522E+02
  0.130416E+02
  0.132323E+02
  0.134214E+02
  0.136081E+02
  0.137914E+02
  0.139712E+02
  0.141464E+02
  0.143169E+02
  0.144825E+02
  0.146452E+02
  0.148032E+02
  0.149566E+02
  0.151037E+02
  0.152456E+02
  0.153819E+02
  0.155113E+02
  0.156329E+02
  0.157491E+02
  0.158587E+02
  0.159628E+02
  0.160609E+02
  0.161542E+02
  0.162412E+02
  0.163202E+02
  0.163897E+02
  0.164502E+02
  0.164996E+02
  0.165402E+02
  0.165712E+02
  0.165942E+02
  0.166101E+02
  0.166205E+02
  0.166264E+02
  0.166295E+02
  0.166279E+02
  0.166237E+02
  0.166153E+02
  0.166023E+02
  0.165841E+02
  0.165603E+02
  0.165298E+02
  0.164950E+02
  0.164556E+02
  0.164130E+02
  0.163661E+02
  0.163174E+02
  0.162668E+02
  0.162137E+02
  0.161587E+02
  0.161050E+02
  0.160521E+02
  0.160018E+02
  0.159522E+02
  0.159038E+02
  0.158555E+02
  0.158053E+02
  0.157516E+02
  0.156939E+02
  0.156301E+02
  0.155616E+02
  0.154878E+02
  0.154109E+02
  0.153319E+02
  0.152525E+02
  0.151731E+02
  0.150955E+02
  0.150194E+02
  0.149454E+02
  0.148715E+02
  0.147993E+02
  0.147283E+02
  0.146571E+02
  0.145842E+02
  0.145109E+02
  0.144345E+02
  0.143543E+02
  0.142683E+02
  0.141771E+02
  0.140787E+02
  0.139711E+02
  0.138539E+02
  0.137290E+02
  0.135958E+02
  0.134568E+02
  0.133120E+02
  0.131624E+02
  0.130082E+02
  0.128504E+02
  0.126880E+02
  0.125229E+02
  0.123547E+02
  0.121842E+02
  0.120112E+02
  0.118385E+02
  0.116660E+02
  0.114940E+02
  0.113242E+02
  0.111583E+02
  0.109952E+02
  0.108355E+02
  0.106779E+02
  0.105242E+02
  0.103732E+02
  0.102239E+02
  0.100769E+02
  0.993213E+01
  0.978821E+01
  0.964517E+01
  0.950169E+01
  0.935862E+01
  0.921438E+01
  0.906876E+01
  0.892142E+01
  0.877281E+01
  0.862324E+01
  0.847357E+01
  0.832408E+01
  0.817656E+01
  0.803001E+01
  0.788487E+01
  0.774084E+01
  0.759856E+01
  0.745784E+01
  0.731991E+01
  0.718616E+01
  0.705926E+01
  0.694039E+01
  0.683041E+01
  0.672885E+01
  0.663624E+01
  0.655119E+01
  0.647304E+01
  0.640015E+01
  0.633308E+01
  0.627310E+01
  0.622113E+01
  0.617847E+01
  0.614796E+01
  0.613050E+01
  0.612785E+01
  0.614033E+01
  0.616888E+01
  0.621353E+01
  0.627408E+01
  0.634976E+01
  0.644163E+01
  0.655055E+01
  0.667775E+01
  0.682285E+01
  0.698749E+01
  0.717214E+01
  0.737636E+01
  0.759988E+01
  0.784380E+01
  0.810818E+01
  0.839341E+01
  0.869864E+01
  0.902532E+01
  0.937103E+01
  0.973370E+01
  0.101131E+02
  0.105085E+02
  0.109182E+02
  0.113433E+02
  0.117821E+02
  0.122362E+02
  0.127053E+02
  0.131886E+02
  0.136851E+02
  0.141943E+02
  0.147138E+02
  0.152416E+02
  0.157735E+02
  0.163088E+02
  0.168441E+02
  0.173771E+02
  0.179055E+02
  0.184304E+02
  0.189497E+02
  0.194629E+02
  0.199687E+02
  0.204691E+02
  0.209623E+02
  0.214485E+02
  0.219285E+02
  0.224048E+02
  0.228756E+02
  0.233425E+02
  0.238041E+02
  0.242609E+02
  0.247109E+02
  0.251532E+02
  0.255858E+02
  0.260099E+02
  0.264223E+02
  0.268241E+02
  0.272140E+02
  0.275946E+02
  0.279644E+02
  0.283236E+02
  0.286724E+02
  0.290143E+02
  0.293484E+02
  0.296772E+02
  0.300001E+02
  0.303206E+02
  0.306390E+02
  0.309552E+02
  0.312683E+02
  0.315812E+02
  0.318907E+02
  0.321980E+02
  0.324996E+02
  0.327961E+02
  0.330857E+02
  0.333694E+02
  0.336469E+02
  0.339202E+02
  0.341867E+02
  0.344486E+02
  0.347028E+02
  0.349524E+02
  0.351956E+02
  0.354310E+02
  0.356570E+02
  0.358764E+02
  0.360867E+02
  0.362918E+02
  0.364913E+02
  0.366889E+02
  0.368837E+02
  0.370775E+02
  0.372689E+02
  0.374596E+02
  0.376465E+02
  0.378300E+02
  0.380071E+02
  0.381802E+02
  0.383470E+02
  0.385074E+02
  0.386592E+02
  0.388044E+02
  0.389398E+02
  0.390676E+02
  0.391860E+02
  0.392981E+02
  0.394026E+02
  0.394995E+02
  0.395871E+02
  0.396689E+02
  0.397410E+02
  0.398045E+02
  0.398547E+02
  0.398944E+02
  0.399226E+02
  0.399382E+02
  0.399403E+02
  0.399344E+02
  0.399202E+02
  0.399005E+02
  0.398735E+02
  0.398433E+02
  0.398082E+02
  0.397673E+02
  0.397178E+02
  0.396615E+02
  0.395945E+02
  0.395191E+02
  0.394326E+02
  0.393370E+02
  0.392302E+02
  0.391106E+02
  0.389763E+02
  0.388306E+02
  0.386697E+02
  0.384944E+02
  0.383013E+02
  0.380938E+02
  0.378701E+02
  0.376292E+02
  0.373700E+02
  0.370958E+02
  0.368032E+02
  0.364941E+02
  0.361664E+02
  0.358239E+02
  0.354654E+02
  0.350914E+02
  0.347025E+02
  0.343036E+02
  0.338938E+02
  0.334757E+02
  0.330477E+02
  0.326138E+02
  0.321727E+02
  0.317237E+02
  0.312660E+02
  0.308038E+02
  0.303360E+02
  0.298658E+02
  0.293925E+02
  0.289204E+02
  0.284517E+02
  0.279874E+02
  0.275274E+02
  0.270756E+02
  0.266315E+02
  0.261973E+02
  0.257710E+02
  0.253559E+02
  0.249512E+02
  0.245553E+02
  0.241664E+02
  0.237871E+02
  0.234146E+02
  0.230493E+02
  0.226887E+02
  0.223344E+02
  0.219843E+02
  0.216369E+02
  0.212911E+02
  0.209478E+02
  0.206033E+02
  0.202587E+02
  0.199121E+02
  0.195640E+02
  0.192138E+02
  0.188615E+02
  0.185061E+02
  0.181496E+02
  0.177908E+02
  0.174309E+02
  0.170684E+02
  0.167064E+02
  0.163448E+02
  0.159831E+02
  0.156217E+02
  0.152629E+02
  0.149072E+02
  0.145575E+02
  0.142131E+02
  0.138756E+02
  0.135442E+02
  0.132181E+02
  0.128947E+02
  0.125738E+02
  0.122533E+02
  0.119331E+02
  0.116118E+02
  0.112917E+02
  0.109739E+02
  0.106584E+02
  0.103451E+02
  0.100361E+02
  0.973051E+01
  0.942830E+01
  0.912838E+01
  0.883142E+01
  0.853668E+01
  0.824368E+01
  0.795186E+01
  0.766192E+01
  0.737208E+01
  0.708237E+01
  0.679170E+01
  0.650062E+01
  0.620843E+01
  0.591559E+01
  0.562248E+01
  0.533020E+01
  0.503923E+01
  0.475007E+01
  0.446174E+01
  0.417477E+01
  0.388825E+01
  0.360234E+01
  0.331665E+01
  0.303159E+01
  0.274728E+01
  0.246457E+01
  0.218239E+01
  0.190156E+01
  0.162331E+01
  0.134827E+01
  0.107651E+01
  0.808917E+00
  0.545165E+00
  0.283999E+00
  0.233331E-01
 -0.238322E+00
 -0.503613E+00
 -0.773365E+00
 -0.104858E+01
 -0.133036E+01
 -0.161835E+01
 -0.191184E+01
 -0.220948E+01
 -0.250998E+01
 -0.281364E+01
 -0.312067E+01
 -0.343138E+01
 -0.374647E+01
 -0.406698E+01
 -0.439352E+01
 -0.472784E+01
 -0.507182E+01
 -0.542651E+01
 -0.579172E+01
 -0.616700E+01
 -0.655227E+01
 -0.694579E+01
 -0.734605E+01
 -0.775136E+01
 -0.816061E+01
 -0.857273E+01
 -0.898662E+01
 -0.940176E+01
 -0.981778E+01
 -0.102340E+02
 -0.106513E+02
 -0.110691E+02
 -0.114878E+02
 -0.119070E+02
 -0.123271E+02
 -0.127474E+02
 -0.131684E+02
 -0.135908E+02
 -0.140153E+02
 -0.144414E+02
 -0.148707E+02
 -0.153038E+02
 -0.157398E+02
 -0.161785E+02
 -0.166225E+02
 -0.170708E+02
 -0.175244E+02
 -0.179823E+02
 -0.184451E+02
 -0.189121E+02
 -0.193822E+02
 -0.198544E+02
 -0.203300E+02
 -0.208075E+02
 -0.212883E+02
 -0.217709E+02
 -0.222572E+02
 -0.227482E+02
 -0.232436E+02
 -0.237429E+02
 -0.242489E+02
 -0.247603E+02
 -0.252782E+02
 -0.258005E+02
 -0.263274E+02
 -0.268578E+02
 -0.273902E+02
 -0.279218E+02
 -0.284521E+02
 -0.289789E+02
 -0.295037E+02
 -0.300233E+02
 -0.305403E+02
 -0.310543E+02
 -0.315643E+02
 -0.320708E+02
 -0.325765E+02
 -0.330807E+02
 -0.335867E+02
 -0.340934E+02
 -0.346039E+02
 -0.351175E+02
 -0.356323E+02
 -0.361455E+02
 -0.366581E+02
 -0.371654E+02
 -0.376671E+02
 -0.381594E+02
 -0.386435E+02
 -0.391164E+02
 -0.395759E+02
 -0.400212E+02
 -0.404553E+02
 -0.408758E+02
 -0.412849E+02
 -0.416805E+02
 -0.420655E+02
 -0.424387E+02
 -0.427990E+02
 -0.431452E+02
 -0.434796E+02
 -0.437983E+02
 -0.441025E+02
 -0.443887E+02
 -0.446599E+02
 -0.449142E+02
 -0.451501E+02
 -0.453674E+02
 -0.455686E+02
 -0.457499E+02
 -0.459152E+02
 -0.460615E+02
 -0.461917E+02
 -0.463057E+02
 -0.464033E+02
 -0.464834E+02
 -0.465497E+02
 -0.465996E+02
 -0.466360E+02
 -0.466564E+02
 -0.466653E+02
 -0.466619E+02
 -0.466457E+02
 -0.466154E+02
 -0.465752E+02
 -0.465232E+02
 -0.464624E+02
 -0.463893E+02
 -0.463069E+02
 -0.462132E+02
 -0.461067E+02
 -0.459872E+02
 -0.458589E+02
 -0.457184E+02
 -0.455680E+02
 -0.454061E+02
 -0.452364E+02
 -0.450588E+02
 -0.448726E+02
 -0.446769E+02
 -0.444765E+02
 -0.442699E+02
 -0.440604E+02
 -0.438461E+02
 -0.436297E+02
 -0.434089E+02
 -0.431835E+02
 -0.429520E+02
 -0.427177E+02
 -0.424785E+02
 -0.422387E+02
 -0.419959E+02
 -0.417540E+02
 -0.415142E+02
 -0.412780E+02
 -0.410450E+02
 -0.408198E+02
 -0.406003E+02
 -0.403875E+02
 -0.401790E+02
 -0.399773E+02
 -0.397798E+02
 -0.395849E+02
 -0.393900E+02
 -0.391969E+02
 -0.390030E+02
 -0.388105E+02
 -0.386159E+02
 -0.384212E+02
 -0.382260E+02
 -0.380294E+02
 -0.378293E+02
 -0.376283E+02
 -0.374233E+02
 -0.372155E+02
 -0.370023E+02
 -0.367859E+02
 -0.365649E+02
 -0.363388E+02
 -0.361062E+02
 -0.358698E+02
 -0.356286E+02
 -0.353854E+02
 -0.351388E+02
 -0.348935E+02
 -0.346506E+02
 -0.344116E+02
 -0.341767E+02
 -0.339494E+02
 -0.337279E+02
 -0.335141E+02
 -0.333049E+02
 -0.331025E+02
 -0.329056E+02
 -0.327134E+02
 -0.325242E+02
 -0.323389E+02
 -0.321548E+02
 -0.319734E+02
 -0.317921E+02
 -0.316130E+02
 -0.314344E+02
 -0.312548E+02
 -0.310730E+02
 -0.308921E+02
 -0.307112E+02
 -0.305332E+02
 -0.303575E+02
 -0.301865E+02
 -0.300187E+02
 -0.298540E+02
 -0.296919E+02
 -0.295352E+02
 -0.293830E+02
 -0.292373E+02
 -0.290955E+02
 -0.289587E+02
 -0.288259E+02
 -0.286965E+02
 -0.285692E+02
 -0.284453E+02
 -0.283221E+02
 -0.282001E+02
 -0.280774E+02
 -0.279571E+02
 -0.278394E+02
 -0.277243E+02
 -0.276115E+02
 -0.275039E+02
 -0.274003E+02
 -0.273022E+02
 -0.272079E+02
 -0.271198E+02
 -0.270367E+02
 -0.269571E+02
 -0.268793E+02
 -0.268049E+02
 -0.267326E+02
 -0.266642E+02
 -0.265987E+02
 -0.265378E+02
 -0.264802E+02
 -0.264253E+02
 -0.263713E+02
 -0.263191E+02
 -0.262675E+02
 -0.262172E+02
 -0.261659E+02
 -0.261161E+02
 -0.260663E+02
 -0.260159E+02
 -0.259637E+02
 -0.259118E+02
 -0.258580E+02
 -0.258030E+02
 -0.257453E+02
 -0.256875E+02
 -0.256284E+02
 -0.255676E+02
 -0.255040E+02
 -0.254397E+02
 -0.253733E+02
 -0.253068E+02
 -0.252412E+02
 -0.251797E+02
 -0.251223E+02
 -0.250706E+02
 -0.250249E+02
 -0.249873E+02
 -0.249565E+02
 -0.249344E+02
 -0.249189E+02
 -0.249105E+02
 -0.249067E+02
 -0.249061E+02
 -0.249059E+02
 -0.249058E+02
 -0.249025E+02
 -0.248959E+02
 -0.248838E+02
 -0.248677E+02
 -0.248470E+02
 -0.248224E+02
 -0.247929E+02
 -0.247602E+02
 -0.247224E+02
 -0.246791E+02
 -0.246273E+02
 -0.245684E+02
 -0.245002E+02
 -0.244206E+02
 -0.243287E+02
 -0.242275E+02
 -0.241154E+02
 -0.239939E+02
 -0.238627E+02
 -0.237240E+02
 -0.235773E+02
 -0.234224E+02
 -0.232591E+02
 -0.230894E+02
 -0.229116E+02
 -0.227281E+02
 -0.225370E+02
 -0.223401E+02
 -0.221381E+02
 -0.219316E+02
 -0.217203E+02
 -0.215062E+02
 -0.212883E+02
 -0.210688E+02
 -0.208470E+02
 -0.206255E+02
 -0.204039E+02
 -0.201823E+02
 -0.199599E+02
 -0.197378E+02
 -0.195146E+02
 -0.192912E+02
 -0.190666E+02
 -0.188432E+02
 -0.186209E+02
 -0.184001E+02
 -0.181802E+02
 -0.179626E+02
 -0.177457E+02
 -0.175297E+02
 -0.173130E+02
 -0.170956E+02
 -0.168767E+02
 -0.166557E+02
 -0.164316E+02
 -0.162056E+02
 -0.159772E+02
 -0.157474E+02
 -0.155152E+02
 -0.152813E+02
 -0.150460E+02
 -0.148101E+02
 -0.145735E+02
 -0.143381E+02
 -0.141042E+02
 -0.138728E+02
 -0.136443E+02
 -0.134216E+02
 -0.132039E+02
 -0.129917E+02
 -0.127849E+02
 -0.125842E+02
 -0.123878E+02
 -0.121944E+02
 -0.120026E+02
 -0.118121E+02
 -0.116202E+02
 -0.114253E+02
 -0.112253E+02
 -0.110182E+02
 -0.108013E+02
 -0.105737E+02
 -0.103336E+02
 -0.100810E+02
 -0.981607E+01
 -0.953919E+01
 -0.925047E+01
 -0.895126E+01
 -0.864110E+01
 -0.831978E+01
 -0.798775E+01
 -0.764650E+01
 -0.729588E+01
 -0.693630E+01
 -0.656806E+01
 -0.619279E+01
 -0.581060E+01
 -0.542228E+01
 -0.502973E+01
 -0.463493E+01
 -0.423855E+01
 -0.384208E+01
 -0.344738E+01
 -0.305584E+01
 -0.266764E+01
 -0.228276E+01
 -0.190111E+01
 -0.152168E+01
 -0.114352E+01
 -0.766637E+00
 -0.390826E+00
 -0.168257E-01
  0.354880E+00
  0.723700E+00
  0.108941E+01
  0.145206E+01
  0.180998E+01
  0.216353E+01
  0.251300E+01
  0.285872E+01
  0.320246E+01
  0.354535E+01
  0.388713E+01
  0.422826E+01
  0.456944E+01
  0.491125E+01
  0.525176E+01
  0.559042E+01
  0.592728E+01
  0.626224E+01
  0.659344E+01
  0.692147E+01
  0.724630E+01
  0.756715E+01
  0.788312E+01
  0.819540E+01
  0.850532E+01
  0.881429E+01
  0.912234E+01
  0.943142E+01
  0.974109E+01
  0.100507E+02
  0.103595E+02
  0.106678E+02
  0.109733E+02
  0.112756E+02
  0.115723E+02
  0.118632E+02
  0.121475E+02
  0.124250E+02
  0.126955E+02
  0.129594E+02
  0.132161E+02
  0.134657E+02
  0.137064E+02
  0.139391E+02
  0.141629E+02
  0.143770E+02
  0.145804E+02
  0.147743E+02
  0.149583E+02
  0.151342E+02
  0.153013E+02
  0.154613E+02
  0.156138E+02
  0.157601E+02
  0.159010E+02
  0.160388E+02
  0.161742E+02
  0.163084E+02
  0.164406E+02
  0.165727E+02
  0.167038E+02
  0.168348E+02
  0.169651E+02
  0.170966E+02
  0.172291E+02
  0.173630E+02
  0.174958E+02
  0.176275E+02
  0.177564E+02
  0.178805E+02
  0.179973E+02
  0.181082E+02
  0.182122E+02
  0.183108E+02
  0.184032E+02
  0.184914E+02
  0.185756E+02
  0.186567E+02
  0.187347E+02
  0.188106E+02
  0.188834E+02
  0.189552E+02
  0.190241E+02
  0.190917E+02
  0.191579E+02
  0.192222E+02
  0.192839E+02
  0.193448E+02
  0.194034E+02
  0.194590E+02
  0.195103E+02
  0.195592E+02
  0.196042E+02
  0.196447E+02
  0.196804E+02
  0.197147E+02
  0.197452E+02
  0.197724E+02
  0.197958E+02
  0.198184E+02
  0.198406E+02
  0.198627E+02
  0.198846E+02
  0.199082E+02
  0.199317E+02
  0.199554E+02
  0.199768E+02
  0.199967E+02
  0.200134E+02
  0.200253E+02
  0.200307E+02
  0.200308E+02
  0.200231E+02
  0.200092E+02
  0.199878E+02
  0.199607E+02
  0.199287E+02
  0.198931E+02
  0.198546E+02
  0.198167E+02
  0.197803E+02
  0.197474E+02
  0.197166E+02
  0.196899E+02
  0.196662E+02
  0.196446E+02
  0.196243E+02
  0.196076E+02
  0.195926E+02
  0.195808E+02
  0.195713E+02
  0.195657E+02
  0.195630E+02
  0.195623E+02
  0.195633E+02
  0.195669E+02
  0.195710E+02
  0.195766E+02
  0.195814E+02
  0.195859E+02
  0.195903E+02
  0.195951E+02
  0.195998E+02
  0.196070E+02
  0.196166E+02
  0.196321E+02
  0.196532E+02
  0.196824E+02
  0.197195E+02
  0.197645E+02
  0.198169E+02
  0.198785E+02
  0.199468E+02
  0.200219E+02
  0.201019E+02
  0.201868E+02
  0.202736E+02
  0.203613E+02
  0.204485E+02
  0.205360E+02
  0.206221E+02
  0.207081E+02
  0.207923E+02
  0.208765E+02
  0.209606E+02
  0.210446E+02
  0.211277E+02
  0.212120E+02
  0.212964E+02
  0.213823E+02
  0.214673E+02
  0.215531E+02
  0.216395E+02
  0.217261E+02
  0.218112E+02
  0.218970E+02
  0.219818E+02
  0.220648E+02
  0.221432E+02
  0.222177E+02
  0.222865E+02
  0.223477E+02
  0.223990E+02
  0.224426E+02
  0.224769E+02
  0.225036E+02
  0.225216E+02
  0.225341E+02
  0.225409E+02
  0.225422E+02
  0.225376E+02
  0.225294E+02
  0.225164E+02
  0.225003E+02
  0.224794E+02
  0.224567E+02
  0.224320E+02
  0.224047E+02
  0.223756E+02
  0.223481E+02
  0.223201E+02
  0.222932E+02
  0.222667E+02
  0.222433E+02
  0.222228E+02
  0.222050E+02
  0.221891E+02
  0.221781E+02
  0.221701E+02
  0.221658E+02
  0.221623E+02
  0.221607E+02
  0.221595E+02
  0.221572E+02
  0.221529E+02
  0.221485E+02
  0.221417E+02
  0.221344E+02
  0.221263E+02
  0.221195E+02
  0.221124E+02
  0.221050E+02
  0.220958E+02
  0.220852E+02
  0.220711E+02
  0.220548E+02
  0.220333E+02
  0.220077E+02
  0.219768E+02
  0.219390E+02
  0.218927E+02
  0.218397E+02
  0.217777E+02
  0.217072E+02
  0.216266E+02
  0.215379E+02
  0.214404E+02
  0.213351E+02
  0.212216E+02
  0.211013E+02
  0.209734E+02
  0.208392E+02
  0.206963E+02
  0.205452E+02
  0.203851E+02
  0.202159E+02
  0.200360E+02
  0.198471E+02
  0.196495E+02
  0.194461E+02
  0.192353E+02
  0.190181E+02
  0.187948E+02
  0.185663E+02
  0.183320E+02
  0.180933E+02
  0.178475E+02
  0.175966E+02
  0.173409E+02
  0.170822E+02
  0.168192E+02
  0.165522E+02
  0.162823E+02
  0.160126E+02
  0.157422E+02
  0.154722E+02
  0.152026E+02
  0.149356E+02
  0.146723E+02
  0.144123E+02
  0.141557E+02
  0.139043E+02
  0.136564E+02
  0.134132E+02
  0.131739E+02
  0.129397E+02
  0.127088E+02
  0.124792E+02
  0.122509E+02
  0.120249E+02
  0.117995E+02
  0.115769E+02
  0.113568E+02
  0.111404E+02
  0.109272E+02
  0.107167E+02
  0.105077E+02
  0.103007E+02
  0.100950E+02
  0.988991E+01
  0.968348E+01
  0.947694E+01
  0.927063E+01
  0.906533E+01
  0.886156E+01
  0.866170E+01
  0.846590E+01
  0.827462E+01
  0.808717E+01
  0.790527E+01
  0.772845E+01
  0.755617E+01
  0.738861E+01
  0.722698E+01
  0.707171E+01
  0.692469E+01
  0.678539E+01
  0.665444E+01
  0.653148E+01
  0.641586E+01
  0.630667E+01
  0.620362E+01
  0.610441E+01
  0.600939E+01
  0.591860E+01
  0.583306E+01
  0.575339E+01
  0.568100E+01
  0.561719E+01
  0.556334E+01
  0.551852E+01
  0.548316E+01
  0.545702E+01
  0.544086E+01
  0.543428E+01
  0.543685E+01
  0.544849E+01
  0.546962E+01
  0.549886E+01
  0.553549E+01
  0.557791E+01
  0.562609E+01
  0.568035E+01
  0.574049E+01
  0.580423E+01
  0.587208E+01
  0.594446E+01
  0.602084E+01
  0.609974E+01
  0.618260E+01
  0.627087E+01
  0.636523E+01
  0.646435E+01
  0.656784E+01
  0.667485E+01
  0.678589E+01
  0.689987E+01
  0.701639E+01
  0.713423E+01
  0.725238E+01
  0.736849E+01
  0.748209E+01
  0.759258E+01
  0.769918E+01
  0.780105E+01
  0.789949E+01
  0.799221E+01
  0.807772E+01
  0.815511E+01
  0.822491E+01
  0.828678E+01
  0.834124E+01
  0.838718E+01
  0.842539E+01
  0.845536E+01
  0.847613E+01
  0.848691E+01
  0.848951E+01
  0.848466E+01
  0.847386E+01
  0.845695E+01
  0.843548E+01
  0.840898E+01
  0.837714E+01
  0.833950E+01
  0.829614E+01
  0.824669E+01
  0.819363E+01
  0.813702E+01
  0.807724E+01
  0.801419E+01
  0.794816E+01
  0.787815E+01
  0.780490E+01
  0.772717E+01
  0.764517E+01
  0.755893E+01
  0.746975E+01
  0.737783E+01
  0.728346E+01
  0.718755E+01
  0.709141E+01
  0.699492E+01
  0.689884E+01
  0.680108E+01
  0.670320E+01
  0.660543E+01
  0.650670E+01
  0.640731E+01
  0.630944E+01
  0.621369E+01
  0.611984E+01
  0.602661E+01
  0.593658E+01
  0.584898E+01
  0.576172E+01
  0.567518E+01
  0.559051E+01
  0.550615E+01
  0.542161E+01
  0.533634E+01
  0.525030E+01
  0.516202E+01
  0.507184E+01
  0.498022E+01
  0.488698E+01
  0.479063E+01
  0.469114E+01
  0.458680E+01
  0.447654E+01
  0.435893E+01
  0.423399E+01
  0.410261E+01
  0.396527E+01
  0.382157E+01
  0.367354E+01
  0.352334E+01
  0.337290E+01
  0.322326E+01
  0.307697E+01
  0.293505E+01
  0.279775E+01
  0.266449E+01
  0.253480E+01
  0.240839E+01
  0.228506E+01
  0.216342E+01
  0.204408E+01
  0.192668E+01
  0.181143E+01
  0.169824E+01
  0.158631E+01
  0.147607E+01
  0.136901E+01
  0.126589E+01
  0.116665E+01
  0.107036E+01
  0.978820E+00
  0.892205E+00
  0.809614E+00
  0.731006E+00
  0.656184E+00
  0.585022E+00
  0.517528E+00
  0.453468E+00
  0.393258E+00
  0.335677E+00
  0.281412E+00
  0.230118E+00
  0.180505E+00
  0.133467E+00
  0.889707E-01
  0.460830E-01
  0.503492E-02
 -0.347915E-01
 -0.727458E-01
 -0.108942E+00
 -0.144034E+00
 -0.178189E+00
 -0.211420E+00
 -0.244910E+00
 -0.279645E+00
 -0.315607E+00
 -0.352266E+00
 -0.390006E+00
 -0.427772E+00
 -0.464578E+00
 -0.500648E+00
 -0.536823E+00
 -0.573384E+00
 -0.608895E+00
 -0.642872E+00
 -0.677001E+00
 -0.710627E+00
 -0.743054E+00
 -0.773756E+00
 -0.803365E+00
 -0.832088E+00
 -0.858174E+00
 -0.882109E+00
 -0.905239E+00
 -0.926822E+00
 -0.946286E+00
 -0.963540E+00
 -0.978832E+00
 -0.991126E+00
 -0.999670E+00
 -0.100426E+01
 -0.100475E+01
 -0.100131E+01
 -0.993496E+00
 -0.981389E+00
 -0.965830E+00
 -0.946736E+00
 -0.923744E+00
 -0.896636E+00
 -0.866010E+00
 -0.830793E+00
 -0.791735E+00
 -0.751043E+00
 -0.708831E+00
 -0.664674E+00
 -0.618872E+00
 -0.572884E+00
 -0.526770E+00
 -0.478342E+00
 -0.428581E+00
 -0.377754E+00
 -0.324064E+00
 -0.266906E+00
 -0.206255E+00
 -0.141849E+00
 -0.738034E-01
 -0.176668E-02
  0.738587E-01
  0.152354E+00
  0.234046E+00
  0.320104E+00
  0.410548E+00
  0.506191E+00
  0.607000E+00
  0.713811E+00
  0.827355E+00
  0.947316E+00
  0.107466E+01
  0.120877E+01
  0.134807E+01
  0.149330E+01
  0.164283E+01
  0.179778E+01
  0.195798E+01
  0.212160E+01
  0.228848E+01
  0.245826E+01
  0.263009E+01
  0.280226E+01
  0.297354E+01
  0.314548E+01
  0.331651E+01
  0.348609E+01
  0.365501E+01
  0.382407E+01
  0.399229E+01
  0.415941E+01
  0.432629E+01
  0.449475E+01
  0.466357E+01
  0.483150E+01
  0.499944E+01
  0.516998E+01
  0.534271E+01
  0.551651E+01
  0.569218E+01
  0.587328E+01
  0.605830E+01
  0.624624E+01
  0.643816E+01
  0.663415E+01
  0.683214E+01
  0.703242E+01
  0.723535E+01
  0.743988E+01
  0.764235E+01
  0.784316E+01
  0.804381E+01
  0.824252E+01
  0.843459E+01
  0.862106E+01
  0.880296E+01
  0.897849E+01
  0.914433E+01
  0.930213E+01
  0.945280E+01
  0.959520E+01
  0.972866E+01
  0.985772E+01
  0.998114E+01
  0.100941E+02
  0.101968E+02
  0.102953E+02
  0.103845E+02
  0.104538E+02
  0.105030E+02
  0.105419E+02
  0.105671E+02
  0.105700E+02
  0.105551E+02
  0.105325E+02
  0.104997E+02
  0.104508E+02
  0.103891E+02
  0.103244E+02
  0.102536E+02
  0.101699E+02
  0.100743E+02
  0.997514E+01
  0.987072E+01
  0.975438E+01
  0.962717E+01
  0.949753E+01
  0.936471E+01
  0.922386E+01
  0.907446E+01
  0.892076E+01
  0.876183E+01
  0.859541E+01
  0.842032E+01
  0.823829E+01
  0.804874E+01
  0.785051E+01
  0.764185E+01
  0.742509E+01
  0.720129E+01
  0.696918E+01
  0.672945E+01
  0.648661E+01
  0.623910E+01
  0.598652E+01
  0.573067E+01
  0.547258E+01
  0.521047E+01
  0.494400E+01
  0.467377E+01
  0.440098E+01
  0.412410E+01
  0.384251E+01
  0.355666E+01
  0.326733E+01
  0.297429E+01
  0.267892E+01
  0.238190E+01
  0.208420E+01
  0.178593E+01
  0.148810E+01
  0.119148E+01
  0.896367E+00
  0.601818E+00
  0.308415E+00
  0.178542E-01
 -0.269404E+00
 -0.554929E+00
 -0.837809E+00
 -0.111620E+01
 -0.139061E+01
 -0.166176E+01
 -0.192896E+01
 -0.219111E+01
 -0.244781E+01
 -0.269984E+01
 -0.294655E+01
 -0.318739E+01
 -0.342253E+01
 -0.365266E+01
 -0.387759E+01
 -0.409696E+01
 -0.431190E+01
 -0.452347E+01
 -0.473257E+01
 -0.493855E+01
 -0.514210E+01
 -0.534478E+01
 -0.554544E+01
 -0.574302E+01
 -0.593944E+01
 -0.613497E+01
 -0.632814E+01
 -0.651795E+01
 -0.670537E+01
 -0.689137E+01
 -0.707321E+01
 -0.724901E+01
 -0.742113E+01
 -0.758814E+01
 -0.774932E+01
 -0.790577E+01
 -0.805759E+01
 -0.820482E+01
 -0.834820E+01
 -0.848925E+01
 -0.863013E+01
 -0.876831E+01
 -0.890399E+01
 -0.904009E+01
 -0.917787E+01
 -0.931607E+01
 -0.945328E+01
 -0.958977E+01
 -0.972780E+01
 -0.986634E+01
 -0.100045E+02
 -0.101417E+02
 -0.102792E+02
 -0.104171E+02
 -0.105539E+02
 -0.106886E+02
 -0.108250E+02
 -0.109637E+02
 -0.111019E+02
 -0.112390E+02
 -0.113788E+02
 -0.115207E+02
 -0.116606E+02
 -0.117993E+02
 -0.119427E+02
 -0.120890E+02
 -0.122362E+02
 -0.123862E+02
 -0.125407E+02
 -0.126977E+02
 -0.128558E+02
 -0.130160E+02
 -0.131812E+02
 -0.133478E+02
 -0.135150E+02
 -0.136852E+02
 -0.138575E+02
 -0.140285E+02
 -0.141985E+02
 -0.143679E+02
 -0.145367E+02
 -0.147014E+02
 -0.148641E+02
 -0.150278E+02
 -0.151894E+02
 -0.153463E+02
 -0.155025E+02
 -0.156582E+02
 -0.158120E+02
 -0.159631E+02
 -0.161144E+02
 -0.162660E+02
 -0.164149E+02
 -0.165604E+02
 -0.167062E+02
 -0.168495E+02
 -0.169884E+02
 -0.171232E+02
 -0.172563E+02
 -0.173858E+02
 -0.175107E+02
 -0.176317E+02
 -0.177520E+02
 -0.178700E+02
 -0.179854E+02
 -0.180988E+02
 -0.182132E+02
 -0.183272E+02
 -0.184393E+02
 -0.185501E+02
 -0.186636E+02
 -0.187783E+02
 -0.188932E+02
 -0.190095E+02
 -0.191302E+02
 -0.192530E+02
 -0.193768E+02
 -0.195019E+02
 -0.196300E+02
 -0.197580E+02
 -0.198860E+02
 -0.200154E+02
 -0.201485E+02
 -0.202821E+02
 -0.204135E+02
 -0.205438E+02
 -0.206747E+02
 -0.208020E+02
 -0.209244E+02
 -0.210425E+02
 -0.211603E+02
 -0.212757E+02
 -0.213860E+02
 -0.214926E+02
 -0.216003E+02
 -0.217062E+02
 -0.218073E+02
 -0.219027E+02
 -0.219980E+02
 -0.220904E+02
 -0.221760E+02
 -0.222558E+02
 -0.223337E+02
 -0.224078E+02
 -0.224768E+02
 -0.225413E+02
 -0.226055E+02
 -0.226660E+02
 -0.227217E+02
 -0.227749E+02
 -0.228275E+02
 -0.228761E+02
 -0.229221E+02
 -0.229665E+02
 -0.230084E+02
 -0.230445E+02
 -0.230755E+02
 -0.231014E+02
 -0.231212E+02
 -0.231313E+02
 -0.231346E+02
 -0.231313E+02
 -0.231204E+02
 -0.230999E+02
 -0.230726E+02
 -0.230400E+02
 -0.230019E+02
 -0.229568E+02
 -0.229075E+02
 -0.228525E+02
 -0.227936E+02
 -0.227307E+02
 -0.226652E+02
 -0.225974E+02
 -0.225288E+02
 -0.224603E+02
 -0.223948E+02
 -0.223318E+02
 -0.222733E+02
 -0.222184E+02
 -0.221687E+02
 -0.221242E+02
 -0.220847E+02
 -0.220491E+02
 -0.220182E+02
 -0.219905E+02
 -0.219671E+02
 -0.219462E+02
 -0.219287E+02
 -0.219144E+02
 -0.219030E+02
 -0.218932E+02
 -0.218869E+02
 -0.218832E+02
 -0.218827E+02
 -0.218837E+02
 -0.218870E+02
 -0.218940E+02
 -0.219051E+02
 -0.219180E+02
 -0.219361E+02
 -0.219590E+02
 -0.219872E+02
 -0.220205E+02
 -0.220590E+02
 -0.221026E+02
 -0.221542E+02
 -0.222108E+02
 -0.222725E+02
 -0.223389E+02
 -0.224099E+02
 -0.224840E+02
 -0.225609E+02
 -0.226400E+02
 -0.227243E+02
 -0.228122E+02
 -0.229038E+02
 -0.229973E+02
 -0.230946E+02
 -0.231941E+02
 -0.232925E+02
 -0.233886E+02
 -0.234843E+02
 -0.235767E+02
 -0.236637E+02
 -0.237442E+02
 -0.238225E+02
 -0.238960E+02
 -0.239625E+02
 -0.240235E+02
 -0.240813E+02
 -0.241339E+02
 -0.241811E+02
 -0.242237E+02
 -0.242656E+02
 -0.243042E+02
 -0.243390E+02
 -0.243709E+02
 -0.244029E+02
 -0.244335E+02
 -0.244634E+02
 -0.244909E+02
 -0.245178E+02
 -0.245447E+02
 -0.245717E+02
 -0.245968E+02
 -0.246208E+02
 -0.246429E+02
 -0.246654E+02
 -0.246853E+02
 -0.247040E+02
 -0.247224E+02
 -0.247394E+02
 -0.247533E+02
 -0.247687E+02
 -0.247860E+02
 -0.248044E+02
 -0.248226E+02
 -0.248445E+02
 -0.248691E+02
 -0.248948E+02
 -0.249191E+02
 -0.249444E+02
 -0.249694E+02
 -0.249946E+02
 -0.250193E+02
 -0.250450E+02
 -0.250702E+02
 -0.250952E+02
 -0.251203E+02
 -0.251457E+02
 -0.251689E+02
 -0.251915E+02
 -0.252121E+02
 -0.252320E+02
 -0.252479E+02
 -0.252572E+02
 -0.252613E+02
 -0.252642E+02
 -0.252606E+02
 -0.252501E+02
 -0.252344E+02
 -0.252158E+02
 -0.251943E+02
 -0.251694E+02
 -0.251385E+02
 -0.251054E+02
 -0.250709E+02
 -0.250336E+02
 -0.249920E+02
 -0.249504E+02
 -0.249065E+02
 -0.248579E+02
 -0.248045E+02
 -0.247499E+02
 -0.246912E+02
 -0.246260E+02
 -0.245529E+02
 -0.244770E+02
 -0.243968E+02
 -0.243081E+02
 -0.242104E+02
 -0.241084E+02
 -0.240005E+02
 -0.238844E+02
 -0.237567E+02
 -0.236224E+02
 -0.234821E+02
 -0.233316E+02
 -0.231681E+02
 -0.229977E+02
 -0.228228E+02
 -0.226402E+02
 -0.224465E+02
 -0.222493E+02
 -0.220522E+02
 -0.218523E+02
 -0.216466E+02
 -0.214399E+02
 -0.212345E+02
 -0.210296E+02
 -0.208193E+02
 -0.206045E+02
 -0.203891E+02
 -0.201725E+02
 -0.199501E+02
 -0.197242E+02
 -0.194968E+02
 -0.192695E+02
 -0.190393E+02
 -0.188090E+02
 -0.185821E+02
 -0.183587E+02
 -0.181363E+02
 -0.179159E+02
 -0.176987E+02
 -0.174857E+02
 -0.172727E+02
 -0.170609E+02
 -0.168518E+02
 -0.166437E+02
 -0.164330E+02
 -0.162216E+02
 -0.160119E+02
 -0.158054E+02
 -0.155992E+02
 -0.153931E+02
 -0.151890E+02
 -0.149863E+02
 -0.147817E+02
 -0.145760E+02
 -0.143699E+02
 -0.141657E+02
 -0.139614E+02
 -0.137547E+02
 -0.135456E+02
 -0.133384E+02
 -0.131336E+02
 -0.129287E+02
 -0.127223E+02
 -0.125182E+02
 -0.123174E+02
 -0.121179E+02
 -0.119178E+02
 -0.117199E+02
 -0.115263E+02
 -0.113352E+02
 -0.111440E+02
 -0.109559E+02
 -0.107726E+02
 -0.105933E+02
 -0.104139E+02
 -0.102340E+02
 -0.100576E+02
 -0.988577E+01
 -0.971375E+01
 -0.954263E+01
 -0.937457E+01
 -0.921086E+01
 -0.905066E+01
 -0.889255E+01
 -0.873889E+01
 -0.859137E+01
 -0.844630E+01
 -0.830411E+01
 -0.816785E+01
 -0.803890E+01
 -0.791578E+01
 -0.779700E+01
 -0.768370E+01
 -0.758141E+01
 -0.748891E+01
 -0.740147E+01
 -0.732200E+01
 -0.725305E+01
 -0.719211E+01
 -0.713829E+01
 -0.709243E+01
 -0.705732E+01
 -0.702999E+01
 -0.700829E+01
 -0.699351E+01
 -0.698623E+01
 -0.698537E+01
 -0.699002E+01
 -0.699986E+01
 -0.701500E+01
 -0.703685E+01
 -0.706525E+01
 -0.709841E+01
 -0.713864E+01
 -0.718490E+01
 -0.723626E+01
 -0.729315E+01
 -0.735600E+01
 -0.742456E+01
 -0.749697E+01
 -0.757437E+01
 -0.765872E+01
 -0.774701E+01
 -0.783845E+01
 -0.793445E+01
 -0.803608E+01
 -0.814190E+01
 -0.825100E+01
 -0.836269E+01
 -0.847737E+01
 -0.859443E+01
 -0.871218E+01
 -0.883016E+01
 -0.894930E+01
 -0.906721E+01
 -0.918263E+01
 -0.929545E+01
 -0.940754E+01
 -0.951749E+01
 -0.962321E+01
 -0.972642E+01
 -0.982846E+01
 -0.992657E+01
 -0.100198E+02
 -0.101100E+02
 -0.102001E+02
 -0.102869E+02
 -0.103694E+02
 -0.104510E+02
 -0.105339E+02
 -0.106150E+02
 -0.106932E+02
 -0.107715E+02
 -0.108523E+02
 -0.109323E+02
 -0.110091E+02
 -0.110863E+02
 -0.111675E+02
 -0.112480E+02
 -0.113263E+02
 -0.114039E+02
 -0.114834E+02
 -0.115619E+02
 -0.116349E+02
 -0.117038E+02
 -0.117716E+02
 -0.118353E+02
 -0.118912E+02
 -0.119373E+02
 -0.119777E+02
 -0.120125E+02
 -0.120349E+02
 -0.120450E+02
 -0.120500E+02
 -0.120457E+02
 -0.120287E+02
 -0.120041E+02
 -0.119768E+02
 -0.119430E+02
 -0.118973E+02
 -0.118433E+02
 -0.117865E+02
 -0.117206E+02
 -0.116423E+02
 -0.115552E+02
 -0.114633E+02
 -0.113647E+02
 -0.112581E+02
 -0.111456E+02
 -0.110282E+02
 -0.109053E+02
 -0.107785E+02
 -0.106472E+02
 -0.105125E+02
 -0.103767E+02
 -0.102401E+02
 -0.100994E+02
 -0.995749E+01
 -0.981914E+01
 -0.968327E+01
 -0.954591E+01
 -0.941079E+01
 -0.928103E+01
 -0.915252E+01
 -0.902504E+01
 -0.890396E+01
 -0.878745E+01
 -0.867348E+01
 -0.856328E+01
 -0.845812E+01
 -0.835468E+01
 -0.825176E+01
 -0.815208E+01
 -0.805493E+01
 -0.795560E+01
 -0.785436E+01
 -0.775372E+01
 -0.765346E+01
 -0.754993E+01
 -0.744145E+01
 -0.733121E+01
 -0.722402E+01
 -0.711519E+01
 -0.700170E+01
 -0.689023E+01
 -0.678287E+01
 -0.667347E+01
 -0.656153E+01
 -0.645103E+01
 -0.634071E+01
 -0.622637E+01
 -0.611003E+01
 -0.599435E+01
 -0.587850E+01
 -0.576196E+01
 -0.564692E+01
 -0.553383E+01
 -0.542439E+01
 -0.531815E+01
 -0.521300E+01
 -0.511164E+01
 -0.501673E+01
 -0.492557E+01
 -0.483666E+01
 -0.475261E+01
 -0.467395E+01
 -0.459817E+01
 -0.452628E+01
 -0.445832E+01
 -0.439309E+01
 -0.433019E+01
 -0.426816E+01
 -0.420823E+01
 -0.415228E+01
 -0.409754E+01
 -0.404190E+01
 -0.398726E+01
 -0.393471E+01
 -0.387989E+01
 -0.382193E+01
 -0.376544E+01
 -0.371064E+01
 -0.365425E+01
 -0.359767E+01
 -0.354235E+01
 -0.348637E+01
 -0.343069E+01
 -0.337736E+01
 -0.332507E+01
 -0.327421E+01
 -0.322580E+01
 -0.317838E+01
 -0.313274E+01
 -0.309144E+01
 -0.305240E+01
 -0.301384E+01
 -0.297863E+01
 -0.294847E+01
 -0.292071E+01
 -0.289337E+01
 -0.286942E+01
 -0.285013E+01
 -0.283308E+01
 -0.281985E+01
 -0.281201E+01
 -0.280849E+01
 -0.280957E+01
 -0.281604E+01
 -0.282850E+01
 -0.284767E+01
 -0.287359E+01
 -0.290746E+01
 -0.295062E+01
 -0.300254E+01
 -0.306169E+01
 -0.312770E+01
 -0.320327E+01
 -0.328759E+01
 -0.337579E+01
 -0.346913E+01
 -0.357011E+01
 -0.367636E+01
 -0.378560E+01
 -0.389946E+01
 -0.401898E+01
 -0.414078E+01
 -0.426341E+01
 -0.438935E+01
 -0.451810E+01
 -0.464713E+01
 -0.477558E+01
 -0.490550E+01
 -0.503803E+01
 -0.517210E+01
 -0.530702E+01
 -0.544357E+01
 -0.558324E+01
 -0.572630E+01
 -0.587060E+01
 -0.601600E+01
 -0.616429E+01
 -0.631587E+01
 -0.646827E+01
 -0.662051E+01
 -0.677433E+01
 -0.693200E+01
 -0.709229E+01
 -0.725217E+01
 -0.741166E+01
 -0.757485E+01
 -0.774167E+01
 -0.790814E+01
 -0.807211E+01
 -0.823761E+01
 -0.840714E+01
 -0.857881E+01
 -0.875020E+01
 -0.892099E+01
 -0.909361E+01
 -0.926948E+01
 -0.944437E+01
 -0.961866E+01
 -0.979488E+01
 -0.996970E+01
 -0.101396E+02
 -0.103091E+02
 -0.104783E+02
 -0.106444E+02
 -0.108080E+02
 -0.109708E+02
 -0.111353E+02
 -0.113022E+02
 -0.114664E+02
 -0.116307E+02
 -0.117993E+02
 -0.119698E+02
 -0.121399E+02
 -0.123111E+02
 -0.124858E+02
 -0.126670E+02
 -0.128508E+02
 -0.130382E+02
 -0.132311E+02
 -0.134281E+02
 -0.136282E+02
 -0.138322E+02
 -0.140395E+02
 -0.142488E+02
 -0.144573E+02
 -0.146667E+02
 -0.148741E+02
 -0.150762E+02
 -0.152737E+02
 -0.154685E+02
 -0.156570E+02
 -0.158392E+02
 -0.160166E+02
 -0.161915E+02
 -0.163627E+02
 -0.165283E+02
 -0.166904E+02
 -0.168536E+02
 -0.170141E+02
 -0.171702E+02
 -0.173243E+02
 -0.174798E+02
 -0.176334E+02
 -0.177854E+02
 -0.179361E+02
 -0.180844E+02
 -0.182309E+02
 -0.183803E+02
 -0.185288E+02
 -0.186735E+02
 -0.188167E+02
 -0.189618E+02
 -0.191068E+02
 -0.192527E+02
 -0.193997E+02
 -0.195462E+02
 -0.196905E+02
 -0.198378E+02
 -0.199861E+02
 -0.201287E+02
 -0.202665E+02
 -0.204043E+02
 -0.205386E+02
 -0.206697E+02
 -0.207981E+02
 -0.209242E+02
 -0.210466E+02
 -0.211690E+02
 -0.212912E+02
 -0.214107E+02
 -0.215258E+02
 -0.216396E+02
 -0.217496E+02
 -0.218560E+02
 -0.219603E+02
 -0.220616E+02
 -0.221565E+02
 -0.222503E+02
 -0.223424E+02
 -0.224295E+02
 -0.225115E+02
 -0.225903E+02
 -0.226640E+02
 -0.227332E+02
 -0.227989E+02
 -0.228607E+02
 -0.229148E+02
 -0.229685E+02
 -0.230208E+02
 -0.230684E+02
 -0.231127E+02
 -0.231546E+02
 -0.231941E+02
 -0.232332E+02
 -0.232712E+02
 -0.233123E+02
 -0.233533E+02
 -0.233929E+02
 -0.234334E+02
 -0.234784E+02
 -0.235231E+02
 -0.235639E+02
 -0.236007E+02
 -0.236370E+02
 -0.236731E+02
 -0.237062E+02
 -0.237312E+02
 -0.237546E+02
 -0.237764E+02
 -0.237937E+02
 -0.238064E+02
 -0.238136E+02
 -0.238142E+02
 -0.238122E+02
 -0.238048E+02
 -0.237922E+02
 -0.237736E+02
 -0.237513E+02
 -0.237253E+02
 -0.236955E+02
 -0.236620E+02
 -0.236268E+02
 -0.235873E+02
 -0.235406E+02
 -0.234889E+02
 -0.234387E+02
 -0.233836E+02
 -0.233207E+02
 -0.232527E+02
 -0.231866E+02
 -0.231190E+02
 -0.230429E+02
 -0.229621E+02
 -0.228817E+02
 -0.227944E+02
 -0.227009E+02
 -0.226022E+02
 -0.225003E+02
 -0.223938E+02
 -0.222787E+02
 -0.221564E+02
 -0.220337E+02
 -0.219060E+02
 -0.217715E+02
 -0.216328E+02
 -0.214934E+02
 -0.213508E+02
 -0.212046E+02
 -0.210540E+02
 -0.208997E+02
 -0.207418E+02
 -0.205818E+02
 -0.204166E+02
 -0.202486E+02
 -0.200794E+02
 -0.199086E+02
 -0.197342E+02
 -0.195571E+02
 -0.193795E+02
 -0.192036E+02
 -0.190271E+02
 -0.188526E+02
 -0.186798E+02
 -0.185086E+02
 -0.183407E+02
 -0.181758E+02
 -0.180115E+02
 -0.178472E+02
 -0.176811E+02
 -0.175169E+02
 -0.173534E+02
 -0.171901E+02
 -0.170252E+02
 -0.168584E+02
 -0.166917E+02
 -0.165250E+02
 -0.163540E+02
 -0.161801E+02
 -0.160045E+02
 -0.158262E+02
 -0.156447E+02
 -0.154623E+02
 -0.152776E+02
 -0.150906E+02
 -0.148989E+02
 -0.147052E+02
 -0.145111E+02
 -0.143117E+02
 -0.141063E+02
 -0.139000E+02
 -0.136902E+02
 -0.134739E+02
 -0.132537E+02
 -0.130342E+02
 -0.128108E+02
 -0.125823E+02
 -0.123519E+02
 -0.121186E+02
 -0.118788E+02
 -0.116348E+02
 -0.113886E+02
 -0.111373E+02
 -0.108777E+02
 -0.106164E+02
 -0.103536E+02
 -0.100849E+02
 -0.981169E+01
 -0.954148E+01
 -0.927225E+01
 -0.900056E+01
 -0.873160E+01
 -0.846710E+01
 -0.820465E+01
 -0.794579E+01
 -0.769019E+01
 -0.743918E+01
 -0.719347E+01
 -0.695336E+01
 -0.671826E+01
 -0.649019E+01
 -0.626960E+01
 -0.605249E+01
 -0.583917E+01
 -0.563488E+01
 -0.543951E+01
 -0.524827E+01
 -0.506023E+01
 -0.488058E+01
 -0.470444E+01
 -0.452801E+01
 -0.435739E+01
 -0.419291E+01
 -0.403191E+01
 -0.387694E+01
 -0.372803E+01
 -0.358266E+01
 -0.344204E+01
 -0.330670E+01
 -0.317332E+01
 -0.304411E+01
 -0.292114E+01
 -0.280060E+01
 -0.268052E+01
 -0.256589E+01
 -0.245635E+01
 -0.234556E+01
 -0.223805E+01
 -0.213930E+01
 -0.204108E+01
 -0.194095E+01
 -0.184657E+01
 -0.175733E+01
 -0.166900E+01
 -0.158502E+01
 -0.150789E+01
 -0.143446E+01
 -0.136168E+01
 -0.129023E+01
 -0.122418E+01
 -0.116250E+01
 -0.110093E+01
 -0.104125E+01
 -0.985901E+00
 -0.934479E+00
 -0.885878E+00
 -0.839742E+00
 -0.798642E+00
 -0.762927E+00
 -0.731339E+00
 -0.705693E+00
 -0.687229E+00
 -0.673547E+00
 -0.663826E+00
 -0.661479E+00
 -0.665874E+00
 -0.675625E+00
 -0.692717E+00
 -0.714556E+00
 -0.740588E+00
 -0.771944E+00
 -0.806667E+00
 -0.844587E+00
 -0.883742E+00
 -0.922961E+00
 -0.962392E+00
 -0.999359E+00
 -0.103721E+01
 -0.107403E+01
 -0.110187E+01
 -0.112610E+01
 -0.115106E+01
 -0.117048E+01
 -0.117962E+01
 -0.118296E+01
 -0.118761E+01
 -0.118525E+01
 -0.116952E+01
 -0.115031E+01
 -0.112952E+01
 -0.110011E+01
 -0.106211E+01
 -0.102319E+01
 -0.981938E+00
 -0.930106E+00
 -0.876858E+00
 -0.828283E+00
 -0.771571E+00
 -0.707451E+00
 -0.647625E+00
 -0.587082E+00
 -0.515933E+00
 -0.441856E+00
 -0.373445E+00
 -0.300514E+00
 -0.220197E+00
 -0.144104E+00
 -0.705414E-01
  0.948715E-02
  0.934701E-01
  0.176524E+00
  0.261069E+00
  0.350844E+00
  0.444091E+00
  0.538688E+00
  0.636990E+00
  0.739534E+00
  0.843466E+00
  0.949917E+00
  0.106058E+01
  0.117459E+01
  0.129025E+01
  0.140711E+01
  0.152852E+01
  0.165742E+01
  0.179001E+01
  0.192471E+01
  0.206520E+01
  0.221351E+01
  0.236666E+01
  0.252256E+01
  0.268244E+01
  0.284765E+01
  0.301715E+01
  0.318821E+01
  0.335973E+01
  0.353413E+01
  0.371203E+01
  0.389317E+01
  0.407530E+01
  0.425726E+01
  0.444398E+01
  0.463696E+01
  0.482910E+01
  0.502411E+01
  0.522705E+01
  0.543083E+01
  0.563330E+01
  0.584398E+01
  0.606083E+01
  0.627616E+01
  0.649576E+01
  0.672545E+01
  0.695794E+01
  0.718995E+01
  0.742700E+01
  0.767247E+01
  0.791924E+01
  0.816718E+01
  0.842184E+01
  0.868226E+01
  0.894381E+01
  0.920920E+01
  0.948009E+01
  0.975304E+01
  0.100303E+02
  0.103168E+02
  0.106036E+02
  0.108869E+02
  0.111769E+02
  0.114745E+02
  0.117651E+02
  0.120525E+02
  0.123470E+02
  0.126442E+02
  0.129345E+02
  0.132222E+02
  0.135146E+02
  0.138052E+02
  0.140854E+02
  0.143626E+02
  0.146397E+02
  0.149103E+02
  0.151716E+02
  0.154309E+02
  0.156872E+02
  0.159346E+02
  0.161759E+02
  0.164152E+02
  0.166473E+02
  0.168770E+02
  0.171052E+02
  0.173297E+02
  0.175505E+02
  0.177706E+02
  0.179887E+02
  0.182041E+02
  0.184202E+02
  0.186370E+02
  0.188495E+02
  0.190654E+02
  0.192840E+02
  0.195028E+02
  0.197230E+02
  0.199483E+02
  0.201790E+02
  0.204111E+02
  0.206461E+02
  0.208914E+02
  0.211385E+02
  0.213847E+02
  0.216365E+02
  0.218937E+02
  0.221481E+02
  0.224038E+02
  0.226644E+02
  0.229282E+02
  0.231924E+02
  0.234615E+02
  0.237332E+02
  0.240075E+02
  0.242865E+02
  0.245701E+02
  0.248534E+02
  0.251428E+02
  0.254389E+02
  0.257349E+02
  0.260286E+02
  0.263306E+02
  0.266387E+02
  0.269452E+02
  0.272514E+02
  0.275661E+02
  0.278846E+02
  0.282035E+02
  0.285235E+02
  0.288457E+02
  0.291695E+02
  0.294971E+02
  0.298226E+02
  0.301456E+02
  0.304685E+02
  0.307935E+02
  0.311153E+02
  0.314345E+02
  0.317488E+02
  0.320602E+02
  0.323717E+02
  0.326808E+02
  0.329806E+02
  0.332773E+02
  0.335715E+02
  0.338614E+02
  0.341411E+02
  0.344171E+02
  0.346887E+02
  0.349527E+02
  0.352095E+02
  0.354609E+02
  0.357036E+02
  0.359411E+02
  0.361711E+02
  0.363949E+02
  0.366120E+02
  0.368286E+02
  0.370407E+02
  0.372447E+02
  0.374437E+02
  0.376418E+02
  0.378335E+02
  0.380208E+02
  0.382016E+02
  0.383795E+02
  0.385519E+02
  0.387203E+02
  0.388850E+02
  0.390458E+02
  0.392011E+02
  0.393545E+02
  0.395029E+02
  0.396475E+02
  0.397863E+02
  0.399215E+02
  0.400490E+02
  0.401694E+02
  0.402826E+02
  0.403921E+02
  0.404938E+02
  0.405876E+02
  0.406727E+02
  0.407523E+02
  0.408237E+02
  0.408873E+02
  0.409424E+02
  0.409935E+02
  0.410364E+02
  0.410732E+02
  0.411053E+02
  0.411313E+02
  0.411487E+02
  0.411629E+02
  0.411694E+02
  0.411705E+02
  0.411648E+02
  0.411545E+02
  0.411372E+02
  0.411131E+02
  0.410792E+02
  0.410389E+02
  0.409904E+02
  0.409332E+02
  0.408652E+02
  0.407913E+02
  0.407095E+02
  0.406182E+02
  0.405159E+02
  0.404098E+02
  0.402968E+02
  0.401758E+02
  0.400452E+02
  0.399135E+02
  0.397815E+02
  0.396439E+02
  0.394988E+02
  0.393563E+02
  0.392128E+02
  0.390644E+02
  0.389081E+02
  0.387497E+02
  0.385860E+02
  0.384117E+02
  0.382263E+02
  0.380362E+02
  0.378363E+02
  0.376266E+02
  0.374062E+02
  0.371797E+02
  0.369458E+02
  0.367017E+02
  0.364460E+02
  0.361831E+02
  0.359090E+02
  0.356255E+02
  0.353296E+02
  0.350259E+02
  0.347150E+02
  0.343921E+02
  0.340572E+02
  0.337188E+02
  0.333709E+02
  0.330138E+02
  0.326509E+02
  0.322842E+02
  0.319101E+02
  0.315293E+02
  0.311428E+02
  0.307542E+02
  0.303607E+02
  0.299663E+02
  0.295707E+02
  0.291760E+02
  0.287808E+02
  0.283850E+02
  0.279877E+02
  0.275903E+02
  0.271936E+02
  0.267999E+02
  0.264028E+02
  0.260081E+02
  0.256170E+02
  0.252260E+02
  0.248344E+02
  0.244435E+02
  0.240536E+02
  0.236661E+02
  0.232754E+02
  0.228867E+02
  0.225004E+02
  0.221146E+02
  0.217285E+02
  0.213448E+02
  0.209630E+02
  0.205832E+02
  0.202053E+02
  0.198320E+02
  0.194617E+02
  0.190953E+02
  0.187313E+02
  0.183702E+02
  0.180095E+02
  0.176516E+02
  0.172959E+02
  0.169419E+02
  0.165886E+02
  0.162376E+02
  0.158892E+02
  0.155433E+02
  0.151974E+02
  0.148524E+02
  0.145067E+02
  0.141602E+02
  0.138129E+02
  0.134666E+02
  0.131191E+02
  0.127711E+02
  0.124246E+02
  0.120804E+02
  0.117354E+02
  0.113927E+02
  0.110524E+02
  0.107131E+02
  0.103746E+02
  0.100407E+02
  0.971079E+01
  0.938349E+01
  0.905812E+01
  0.873610E+01
  0.841659E+01
  0.810051E+01
  0.778750E+01
  0.747577E+01
  0.716401E+01
  0.685437E+01
  0.654473E+01
  0.623531E+01
  0.592773E+01
  0.562025E+01
  0.531056E+01
  0.500129E+01
  0.469252E+01
  0.438219E+01
  0.406941E+01
  0.375562E+01
  0.344082E+01
  0.312415E+01
  0.280631E+01
  0.248756E+01
  0.216426E+01
  0.184030E+01
  0.151859E+01
  0.119583E+01
  0.870756E+00
  0.546625E+00
  0.226450E+00
 -0.925298E-01
 -0.410544E+00
 -0.723185E+00
 -0.103073E+01
 -0.133374E+01
 -0.163232E+01
 -0.192453E+01
 -0.220978E+01
 -0.249111E+01
 -0.276660E+01
 -0.303396E+01
 -0.329485E+01
 -0.355109E+01
 -0.380123E+01
 -0.404425E+01
 -0.428277E+01
 -0.451685E+01
 -0.474563E+01
 -0.497070E+01
 -0.519138E+01
 -0.540842E+01
 -0.562439E+01
 -0.584017E+01
 -0.605526E+01
 -0.627040E+01
 -0.648561E+01
 -0.670161E+01
 -0.691986E+01
 -0.714059E+01
 -0.736195E+01
 -0.758331E+01
 -0.780632E+01
 -0.803295E+01
 -0.826031E+01
 -0.848883E+01
 -0.872027E+01
 -0.895321E+01
 -0.918584E+01
 -0.941985E+01
 -0.965660E+01
 -0.989554E+01
 -0.101360E+02
 -0.103803E+02
 -0.106281E+02
 -0.108790E+02
 -0.111316E+02
 -0.113864E+02
 -0.116437E+02
 -0.119048E+02
 -0.121697E+02
 -0.124383E+02
 -0.127119E+02
 -0.129917E+02
 -0.132761E+02
 -0.135655E+02
 -0.138597E+02
 -0.141582E+02
 -0.144606E+02
 -0.147693E+02
 -0.150829E+02
 -0.153996E+02
 -0.157182E+02
 -0.160423E+02
 -0.163718E+02
 -0.167014E+02
 -0.170293E+02
 -0.173603E+02
 -0.176924E+02
 -0.180233E+02
 -0.183508E+02
 -0.186763E+02
 -0.189975E+02
 -0.193115E+02
 -0.196176E+02
 -0.199182E+02
 -0.202108E+02
 -0.204937E+02
 -0.207663E+02
 -0.210301E+02
 -0.212831E+02
 -0.215254E+02
 -0.217566E+02
 -0.219778E+02
 -0.221862E+02
 -0.223848E+02
 -0.225741E+02
 -0.227518E+02
 -0.229163E+02
 -0.230705E+02
 -0.232129E+02
 -0.233429E+02
 -0.234581E+02
 -0.235630E+02
 -0.236558E+02
 -0.237340E+02
 -0.237983E+02
 -0.238516E+02
 -0.238930E+02
 -0.239227E+02
 -0.239373E+02
 -0.239396E+02
 -0.239310E+02
 -0.239090E+02
 -0.238713E+02
 -0.238218E+02
 -0.237581E+02
 -0.236791E+02
 -0.235835E+02
 -0.234743E+02
 -0.233495E+02
 -0.232074E+02
 -0.230486E+02
 -0.228749E+02
 -0.226841E+02
 -0.224781E+02
 -0.222557E+02
 -0.220180E+02
 -0.217637E+02
 -0.214931E+02
 -0.212064E+02
 -0.209043E+02
 -0.205855E+02
 -0.202531E+02
 -0.199057E+02
 -0.195450E+02
 -0.191709E+02
 -0.187838E+02
 -0.183852E+02
 -0.179758E+02
 -0.175535E+02
 -0.171211E+02
 -0.166781E+02
 -0.162249E+02
 -0.157615E+02
 -0.152894E+02
 -0.148079E+02
 -0.143169E+02
 -0.138158E+02
 -0.133069E+02
 -0.127891E+02
 -0.122613E+02
 -0.117231E+02
 -0.111762E+02
 -0.106193E+02
 -0.100515E+02
 -0.947374E+01
 -0.888865E+01
 -0.829366E+01
 -0.768767E+01
 -0.707089E+01
 -0.644339E+01
 -0.580367E+01
 -0.515193E+01
 -0.448765E+01
 -0.381163E+01
 -0.312330E+01
 -0.242211E+01
 -0.170802E+01
 -0.980867E+00
 -0.240985E+00
  0.513413E+00
  0.128290E+01
  0.206592E+01
  0.286414E+01
  0.368020E+01
  0.451403E+01
  0.536453E+01
  0.623371E+01
  0.712424E+01
  0.803334E+01
  0.895951E+01
  0.990492E+01
  0.108711E+02
  0.118557E+02
  0.128575E+02
  0.138772E+02
  0.149167E+02
  0.159733E+02
  0.170474E+02
  0.181385E+02
  0.192475E+02
  0.203729E+02
  0.215135E+02
  0.226682E+02
  0.238382E+02
  0.250226E+02
  0.262208E+02
  0.274279E+02
  0.286488E+02
  0.298839E+02
  0.311275E+02
  0.323764E+02
  0.336361E+02
  0.349048E+02
  0.361800E+02
  0.374586E+02
  0.387463E+02
  0.400406E+02
  0.413373E+02
  0.426349E+02
  0.439390E+02
  0.452463E+02
  0.465565E+02
  0.478664E+02
  0.491815E+02
  0.505001E+02
  0.518193E+02
  0.531386E+02
  0.544635E+02
  0.557879E+02
  0.571133E+02
  0.584372E+02
  0.597645E+02
  0.610904E+02
  0.624137E+02
  0.637341E+02
  0.650552E+02
  0.663699E+02
  0.676826E+02
  0.689897E+02
  0.702937E+02
  0.715899E+02
  0.728792E+02
  0.741592E+02
  0.754324E+02
  0.766942E+02
  0.779505E+02
  0.791936E+02
  0.804293E+02
  0.816566E+02
  0.828727E+02
  0.840727E+02
  0.852640E+02
  0.864407E+02
  0.876052E+02
  0.887511E+02
  0.898878E+02
  0.910134E+02
  0.921227E+02
  0.932138E+02
  0.942976E+02
  0.953677E+02
  0.964272E+02
  0.974696E+02
  0.985036E+02
  0.995246E+02
  0.100532E+03
  0.101523E+03
  0.102506E+03
  0.103470E+03
  0.104423E+03
  0.105359E+03
  0.106285E+03
  0.107195E+03
  0.108090E+03
  0.108968E+03
  0.109836E+03
  0.110685E+03
  0.111524E+03
  0.112346E+03
  0.113158E+03
  0.113956E+03
  0.114740E+03
  0.115506E+03
  0.116260E+03
  0.116997E+03
  0.117723E+03
  0.118429E+03
  0.119125E+03
  0.119808E+03
  0.120473E+03
  0.121118E+03
  0.121751E+03
  0.122365E+03
  0.122964E+03
  0.123541E+03
  0.124105E+03
  0.124654E+03
  0.125183E+03
  0.125688E+03
  0.126181E+03
  0.126652E+03
  0.127106E+03
  0.127538E+03
  0.127958E+03
  0.128360E+03
  0.128744E+03
  0.129106E+03
  0.129456E+03
  0.129787E+03
  0.130105E+03
  0.130401E+03
  0.130685E+03
  0.130954E+03
  0.131205E+03
  0.131433E+03
  0.131651E+03
  0.131849E+03
  0.132035E+03
  0.132196E+03
  0.132346E+03
  0.132482E+03
  0.132598E+03
  0.132691E+03
  0.132772E+03
  0.132835E+03
  0.132887E+03
  0.132918E+03
  0.132942E+03
  0.132953E+03
  0.132949E+03
  0.132925E+03
  0.132892E+03
  0.132841E+03
  0.132777E+03
  0.132691E+03
  0.132594E+03
  0.132482E+03
  0.132353E+03
  0.132206E+03
  0.132049E+03
  0.131876E+03
  0.131694E+03
  0.131495E+03
  0.131290E+03
  0.131075E+03
  0.130851E+03
  0.130612E+03
  0.130370E+03
  0.130116E+03
  0.129859E+03
  0.129588E+03
  0.129314E+03
  0.129033E+03
  0.128744E+03
  0.128442E+03
  0.128136E+03
  0.127818E+03
  0.127497E+03
  0.127162E+03
  0.126824E+03
  0.126479E+03
  0.126123E+03
  0.125752E+03
  0.125377E+03
  0.124989E+03
  0.124593E+03
  0.124181E+03
  0.123765E+03
  0.123340E+03
  0.122904E+03
  0.122452E+03
  0.121996E+03
  0.121527E+03
  0.121048E+03
  0.120550E+03
  0.120044E+03
  0.119523E+03
  0.118987E+03
  0.118430E+03
  0.117864E+03
  0.117279E+03
  0.116681E+03
  0.116063E+03
  0.115434E+03
  0.114789E+03
  0.114126E+03
  0.113443E+03
  0.112749E+03
  0.112036E+03
  0.111314E+03
  0.110575E+03
  0.109827E+03
  0.109069E+03
  0.108299E+03
  0.107515E+03
  0.106724E+03
  0.105920E+03
  0.105110E+03
  0.104286E+03
  0.103457E+03
  0.102622E+03
  0.101779E+03
  0.100925E+03
  0.100067E+03
  0.992000E+02
  0.983281E+02
  0.974437E+02
  0.965556E+02
  0.956597E+02
  0.947549E+02
  0.938378E+02
  0.929164E+02
  0.919839E+02
  0.910464E+02
  0.900981E+02
  0.891464E+02
  0.881887E+02
  0.872249E+02
  0.862512E+02
  0.852743E+02
  0.842905E+02
  0.833058E+02
  0.823136E+02
  0.813205E+02
  0.803238E+02
  0.793236E+02
  0.783156E+02
  0.773070E+02
  0.762923E+02
  0.752752E+02
  0.742508E+02
  0.732269E+02
  0.722013E+02
  0.711726E+02
  0.701380E+02
  0.691037E+02
  0.680642E+02
  0.670239E+02
  0.659782E+02
  0.649341E+02
  0.638906E+02
  0.628487E+02
  0.618063E+02
  0.607696E+02
  0.597351E+02
  0.587063E+02
  0.576781E+02
  0.566553E+02
  0.556367E+02
  0.546225E+02
  0.536113E+02
  0.526077E+02
  0.516085E+02
  0.506175E+02
  0.496305E+02
  0.486514E+02
  0.476782E+02
  0.467117E+02
  0.457502E+02
  0.447977E+02
  0.438517E+02
  0.429159E+02
  0.419875E+02
  0.410702E+02
  0.401617E+02
  0.392627E+02
  0.383721E+02
  0.374923E+02
  0.366192E+02
  0.357563E+02
  0.349018E+02
  0.340584E+02
  0.332249E+02
  0.324015E+02
  0.315862E+02
  0.307815E+02
  0.299854E+02
  0.292001E+02
  0.284221E+02
  0.276541E+02
  0.268954E+02
  0.261455E+02
  0.254029E+02
  0.246695E+02
  0.239431E+02
  0.232255E+02
  0.225134E+02
  0.218087E+02
  0.211100E+02
  0.204167E+02
  0.197280E+02
  0.190459E+02
  0.183670E+02
  0.176927E+02
  0.170212E+02
  0.163536E+02
  0.156884E+02
  0.150253E+02
  0.143636E+02
  0.137049E+02
  0.130484E+02
  0.123952E+02
  0.117431E+02
  0.110946E+02
  0.104493E+02
  0.980688E+01
  0.916620E+01
  0.852847E+01
  0.789215E+01
  0.725740E+01
  0.662330E+01
  0.599097E+01
  0.535920E+01
  0.472752E+01
  0.409573E+01
  0.346519E+01
  0.283505E+01
  0.220528E+01
  0.157543E+01
  0.946802E+00
  0.318994E+00
 -0.308095E+00
 -0.935669E+00
 -0.156428E+01
 -0.219423E+01
 -0.282550E+01
 -0.346027E+01
 -0.409990E+01
 -0.474469E+01
 -0.539414E+01
 -0.604944E+01
 -0.671148E+01
 -0.738031E+01
 -0.805617E+01
 -0.873883E+01
 -0.942715E+01
 -0.101210E+02
 -0.108201E+02
 -0.115245E+02
 -0.122339E+02
 -0.129467E+02
 -0.136636E+02
 -0.143842E+02
 -0.151085E+02
 -0.158371E+02
 -0.165694E+02
 -0.173041E+02
 -0.180402E+02
 -0.187773E+02
 -0.195161E+02
 -0.202543E+02
 -0.209925E+02
 -0.217301E+02
 -0.224680E+02
 -0.232064E+02
 -0.239444E+02
 -0.246807E+02
 -0.254188E+02
 -0.261591E+02
 -0.269012E+02
 -0.276439E+02
 -0.283895E+02
 -0.291388E+02
 -0.298931E+02
 -0.306507E+02
 -0.314140E+02
 -0.321825E+02
 -0.329575E+02
 -0.337374E+02
 -0.345214E+02
 -0.353093E+02
 -0.361035E+02
 -0.369012E+02
 -0.377050E+02
 -0.385133E+02
 -0.393291E+02
 -0.401529E+02
 -0.409835E+02
 -0.418206E+02
 -0.426662E+02
 -0.435173E+02
 -0.443762E+02
 -0.452400E+02
 -0.461118E+02
 -0.469900E+02
 -0.478736E+02
 -0.487618E+02
 -0.496579E+02
 -0.505584E+02
 -0.514647E+02
 -0.523752E+02
 -0.532945E+02
 -0.542199E+02
 -0.551504E+02
 -0.560851E+02
 -0.570292E+02
 -0.579799E+02
 -0.589403E+02
 -0.599072E+02
 -0.608853E+02
 -0.618739E+02
 -0.628717E+02
 -0.638775E+02
 -0.648970E+02
 -0.659263E+02
 -0.669680E+02
 -0.680188E+02
 -0.690838E+02
 -0.701607E+02
 -0.712474E+02
 -0.723431E+02
 -0.734527E+02
 -0.745710E+02
 -0.757021E+02
 -0.768408E+02
 -0.779917E+02
 -0.791532E+02
 -0.803247E+02
 -0.815038E+02
 -0.826969E+02
 -0.838990E+02
 -0.851145E+02
 -0.863383E+02
 -0.875749E+02
 -0.888214E+02
 -0.900781E+02
 -0.913409E+02
 -0.926150E+02
 -0.938957E+02
 -0.951879E+02
 -0.964841E+02
 -0.977911E+02
 -0.991072E+02
 -0.100431E+03
 -0.101759E+03
 -0.103098E+03
 -0.104443E+03
 -0.105796E+03
 -0.107151E+03
 -0.108513E+03
 -0.109882E+03
 -0.111253E+03
 -0.112620E+03
 -0.113991E+03
 -0.115359E+03
 -0.116726E+03
 -0.118086E+03
 -0.119447E+03
 -0.120804E+03
 -0.122154E+03
 -0.123492E+03
 -0.124828E+03
 -0.126153E+03
 -0.127474E+03
 -0.128781E+03
 -0.130084E+03
 -0.131380E+03
 -0.132667E+03
 -0.133940E+03
 -0.135208E+03
 -0.136465E+03
 -0.137714E+03
 -0.138946E+03
 -0.140172E+03
 -0.141387E+03
 -0.142590E+03
 -0.143774E+03
 -0.144951E+03
 -0.146114E+03
 -0.147270E+03
 -0.148409E+03
 -0.149541E+03
 -0.150665E+03
 -0.151777E+03
 -0.152872E+03
 -0.153963E+03
 -0.155042E+03
 -0.156115E+03
 -0.157172E+03
 -0.158227E+03
 -0.159274E+03
 -0.160309E+03
 -0.161329E+03
 -0.162345E+03
 -0.163344E+03
 -0.164334E+03
 -0.165306E+03
 -0.166273E+03
 -0.167228E+03
 -0.168166E+03
 -0.169085E+03
 -0.169996E+03
 -0.170887E+03
 -0.171767E+03
 -0.172627E+03
 -0.173480E+03
 -0.174318E+03
 -0.175139E+03
 -0.175939E+03
 -0.176729E+03
 -0.177497E+03
 -0.178253E+03
 -0.178985E+03
 -0.179706E+03
 -0.180410E+03
 -0.181091E+03
 -0.181745E+03
 -0.182386E+03
 -0.183000E+03
 -0.183597E+03
 -0.184163E+03
 -0.184713E+03
 -0.185240E+03
 -0.185740E+03
 -0.186208E+03
 -0.186657E+03
 -0.187075E+03
 -0.187472E+03
 -0.187836E+03
 -0.188181E+03
 -0.188503E+03
 -0.188799E+03
 -0.189063E+03
 -0.189311E+03
 -0.189532E+03
 -0.189736E+03
 -0.189913E+03
 -0.190077E+03
 -0.190221E+03
 -0.190345E+03
 -0.190443E+03
 -0.190532E+03
 -0.190596E+03
 -0.190649E+03
 -0.190679E+03
 -0.190701E+03
 -0.190708E+03
 -0.190696E+03
 -0.190663E+03
 -0.190624E+03
 -0.190565E+03
 -0.190497E+03
 -0.190408E+03
 -0.190313E+03
 -0.190206E+03
 -0.190085E+03
 -0.189945E+03
 -0.189800E+03
 -0.189637E+03
 -0.189467E+03
 -0.189278E+03
 -0.189087E+03
 -0.188887E+03
 -0.188677E+03
 -0.188451E+03
 -0.188224E+03
 -0.187984E+03
 -0.187739E+03
 -0.187476E+03
 -0.187211E+03
 -0.186937E+03
 -0.186651E+03
 -0.186348E+03
 -0.186041E+03
 -0.185718E+03
 -0.185388E+03
 -0.185039E+03
 -0.184687E+03
 -0.184327E+03
 -0.183954E+03
 -0.183565E+03
 -0.183173E+03
 -0.182767E+03
 -0.182355E+03
 -0.181927E+03
 -0.181497E+03
 -0.181055E+03
 -0.180601E+03
 -0.180130E+03
 -0.179655E+03
 -0.179163E+03
 -0.178663E+03
 -0.178146E+03
 -0.177624E+03
 -0.177089E+03
 -0.176540E+03
 -0.175971E+03
 -0.175397E+03
 -0.174805E+03
 -0.174205E+03
 -0.173587E+03
 -0.172963E+03
 -0.172329E+03
 -0.171682E+03
 -0.171017E+03
 -0.170348E+03
 -0.169662E+03
 -0.168968E+03
 -0.168256E+03
 -0.167540E+03
 -0.166814E+03
 -0.166073E+03
 -0.165313E+03
 -0.164549E+03
 -0.163766E+03
 -0.162975E+03
 -0.162164E+03
 -0.161347E+03
 -0.160518E+03
 -0.159675E+03
 -0.158814E+03
 -0.157947E+03
 -0.157063E+03
 -0.156172E+03
 -0.155264E+03
 -0.154352E+03
 -0.153432E+03
 -0.152502E+03
 -0.151557E+03
 -0.150609E+03
 -0.149650E+03
 -0.148689E+03
 -0.147712E+03
 -0.146732E+03
 -0.145747E+03
 -0.144753E+03
 -0.143746E+03
 -0.142739E+03
 -0.141721E+03
 -0.140699E+03
 -0.139663E+03
 -0.138624E+03
 -0.137577E+03
 -0.136518E+03
 -0.135443E+03
 -0.134364E+03
 -0.133271E+03
 -0.132173E+03
 -0.131060E+03
 -0.129944E+03
 -0.128819E+03
 -0.127685E+03
 -0.126538E+03
 -0.125388E+03
 -0.124228E+03
 -0.123065E+03
 -0.121892E+03
 -0.120718E+03
 -0.119539E+03
 -0.118355E+03
 -0.117160E+03
 -0.115965E+03
 -0.114764E+03
 -0.113562E+03
 -0.112355E+03
 -0.111154E+03
 -0.109955E+03
 -0.108757E+03
 -0.107558E+03
 -0.106367E+03
 -0.105176E+03
 -0.103991E+03
 -0.102804E+03
 -0.101624E+03
 -0.100446E+03
 -0.992672E+02
 -0.980859E+02
 -0.969094E+02
 -0.957311E+02
 -0.945555E+02
 -0.933756E+02
 -0.921970E+02
 -0.910167E+02
 -0.898360E+02
 -0.886525E+02
 -0.874726E+02
 -0.862908E+02
 -0.851138E+02
 -0.839352E+02
 -0.827620E+02
 -0.815930E+02
 -0.804273E+02
 -0.792623E+02
 -0.781051E+02
 -0.769502E+02
 -0.758007E+02
 -0.746503E+02
 -0.735061E+02
 -0.723663E+02
 -0.712289E+02
 -0.700910E+02
 -0.689584E+02
 -0.678252E+02
 -0.666950E+02
 -0.655637E+02
 -0.644357E+02
 -0.633085E+02
 -0.621802E+02
 -0.610487E+02
 -0.599181E+02
 -0.587825E+02
 -0.576463E+02
 -0.565067E+02
 -0.553683E+02
 -0.542296E+02
 -0.530907E+02
 -0.519509E+02
 -0.508158E+02
 -0.496812E+02
 -0.485499E+02
 -0.474193E+02
 -0.462931E+02
 -0.451695E+02
 -0.440490E+02
 -0.429309E+02
 -0.418196E+02
 -0.407118E+02
 -0.396114E+02
 -0.385171E+02
 -0.374320E+02
 -0.363552E+02
 -0.352860E+02
 -0.342220E+02
 -0.331670E+02
 -0.321194E+02
 -0.310804E+02
 -0.300466E+02
 -0.290214E+02
 -0.280040E+02
 -0.269919E+02
 -0.259826E+02
 -0.249797E+02
 -0.239825E+02
 -0.229914E+02
 -0.220050E+02
 -0.210268E+02
 -0.200573E+02
 -0.190967E+02
 -0.181432E+02
 -0.171990E+02
 -0.162632E+02
 -0.153364E+02
 -0.144160E+02
 -0.135021E+02
 -0.125947E+02
 -0.116938E+02
 -0.107976E+02
 -0.990814E+01
 -0.902606E+01
 -0.815121E+01
 -0.728151E+01
 -0.641602E+01
 -0.555467E+01
 -0.469882E+01
 -0.384650E+01
 -0.299714E+01
 -0.215161E+01
 -0.131078E+01
 -0.473284E+00
  0.362193E+00
  0.119542E+01
  0.202601E+01
  0.285458E+01
  0.368136E+01
  0.450463E+01
  0.532363E+01
  0.613825E+01
  0.694867E+01
  0.775427E+01
  0.855390E+01
  0.934756E+01
  0.101367E+02
  0.109201E+02
  0.116972E+02
  0.124668E+02
  0.132305E+02
  0.139881E+02
  0.147385E+02
  0.154802E+02
  0.162152E+02
  0.169421E+02
  0.176598E+02
  0.183666E+02
  0.190646E+02
  0.197530E+02
  0.204302E+02
  0.210954E+02
  0.217512E+02
  0.223960E+02
  0.230311E+02
  0.236543E+02
  0.242673E+02
  0.248700E+02
  0.254611E+02
  0.260388E+02
  0.266046E+02
  0.271568E+02
  0.276971E+02
  0.282234E+02
  0.287387E+02
  0.292422E+02
  0.297328E+02
  0.302110E+02
  0.306796E+02
  0.311358E+02
  0.315824E+02
  0.320176E+02
  0.324436E+02
  0.328596E+02
  0.332646E+02
  0.336578E+02
  0.340417E+02
  0.344136E+02
  0.347754E+02
  0.351239E+02
  0.354617E+02
  0.357874E+02
  0.360990E+02
  0.363943E+02
  0.366765E+02
  0.369430E+02
  0.371954E+02
  0.374310E+02
  0.376543E+02
  0.378653E+02
  0.380632E+02
  0.382479E+02
  0.384228E+02
  0.385856E+02
  0.387395E+02
  0.388830E+02
  0.390207E+02
  0.391525E+02
  0.392774E+02
  0.393937E+02
  0.395061E+02
  0.396130E+02
  0.397161E+02
  0.398119E+02
  0.399045E+02
  0.399931E+02
  0.400760E+02
  0.401509E+02
  0.402219E+02
  0.402860E+02
  0.403446E+02
  0.403943E+02
  0.404391E+02
  0.404781E+02
  0.405101E+02
  0.405334E+02
  0.405525E+02
  0.405648E+02
  0.405723E+02
  0.405708E+02
  0.405643E+02
  0.405524E+02
  0.405327E+02
  0.405035E+02
  0.404691E+02
  0.404269E+02
  0.403799E+02
  0.403252E+02
  0.402662E+02
  0.402031E+02
  0.401354E+02
  0.400616E+02
  0.399847E+02
  0.399023E+02
  0.398184E+02
  0.397292E+02
  0.396369E+02
  0.395411E+02
  0.394412E+02
  0.393354E+02
  0.392275E+02
  0.391143E+02
  0.389969E+02
  0.388736E+02
  0.387476E+02
  0.386163E+02
  0.384786E+02
  0.383346E+02
  0.381862E+02
  0.380280E+02
  0.378636E+02
  0.376919E+02
  0.375143E+02
  0.373290E+02
  0.371359E+02
  0.369339E+02
  0.367243E+02
  0.365035E+02
  0.362733E+02
  0.360324E+02
  0.357851E+02
  0.355289E+02
  0.352633E+02
  0.349888E+02
  0.347091E+02
  0.344211E+02
  0.341256E+02
  0.338215E+02
  0.335125E+02
  0.331968E+02
  0.328739E+02
  0.325427E+02
  0.322062E+02
  0.318633E+02
  0.315152E+02
  0.311579E+02
  0.307950E+02
  0.304270E+02
  0.300538E+02
  0.296741E+02
  0.292916E+02
  0.289053E+02
  0.285158E+02
  0.281204E+02
  0.277225E+02
  0.273206E+02
  0.269138E+02
  0.265018E+02
  0.260884E+02
  0.256729E+02
  0.252555E+02
  0.248341E+02
  0.244113E+02
  0.239873E+02
  0.235623E+02
  0.231340E+02
  0.227046E+02
  0.222740E+02
  0.218441E+02
  0.214139E+02
  0.209849E+02
  0.205574E+02
  0.201315E+02
  0.197049E+02
  0.192789E+02
  0.188533E+02
  0.184290E+02
  0.180042E+02
  0.175808E+02
  0.171584E+02
  0.167374E+02
  0.163177E+02
  0.159007E+02
  0.154860E+02
  0.150759E+02
  0.146700E+02
  0.142686E+02
  0.138716E+02
  0.134795E+02
  0.130916E+02
  0.127091E+02
  0.123320E+02
  0.119608E+02
  0.115939E+02
  0.112324E+02
  0.108751E+02
  0.105212E+02
  0.101721E+02
  0.983009E+01
  0.949301E+01
  0.916031E+01
  0.883173E+01
  0.850835E+01
  0.818921E+01
  0.787450E+01
  0.756375E+01
  0.725765E+01
  0.695524E+01
  0.665663E+01
  0.636172E+01
  0.607254E+01
  0.579007E+01
  0.551293E+01
  0.524055E+01
  0.497500E+01
  0.471480E+01
  0.445976E+01
  0.421022E+01
  0.396647E+01
  0.372823E+01
  0.349514E+01
  0.326714E+01
  0.304415E+01
  0.282474E+01
  0.261020E+01
  0.240058E+01
  0.219490E+01
  0.199349E+01
  0.179732E+01
  0.160630E+01
  0.142054E+01
  0.124013E+01
  0.106571E+01
  0.895839E+00
  0.730541E+00
  0.570798E+00
  0.415741E+00
  0.265130E+00
  0.120609E+00
 -0.176702E-01
 -0.149976E+00
 -0.276248E+00
 -0.396936E+00
 -0.512349E+00
 -0.622331E+00
 -0.726935E+00
 -0.825758E+00
 -0.919744E+00
 -0.100965E+01
 -0.109467E+01
 -0.117443E+01
 -0.124975E+01
 -0.132148E+01
 -0.139005E+01
 -0.145474E+01
 -0.151565E+01
 -0.157308E+01
 -0.162496E+01
 -0.167076E+01
 -0.171109E+01
 -0.174570E+01
 -0.177461E+01
 -0.179729E+01
 -0.181467E+01
 -0.182776E+01
 -0.183572E+01
 -0.183859E+01
 -0.183664E+01
 -0.182981E+01
 -0.181798E+01
 -0.180083E+01
 -0.177858E+01
 -0.175166E+01
 -0.172090E+01
 -0.168643E+01
 -0.164683E+01
 -0.160187E+01
 -0.155162E+01
 -0.149592E+01
 -0.143570E+01
 -0.137131E+01
 -0.130281E+01
 -0.122969E+01
 -0.115164E+01
 -0.106957E+01
 -0.983807E+00
 -0.894499E+00
 -0.802038E+00
 -0.706964E+00
 -0.610184E+00
 -0.511941E+00
 -0.412759E+00
 -0.313764E+00
 -0.215168E+00
 -0.116283E+00
 -0.173206E-01
  0.827012E-01
  0.184495E+00
  0.287313E+00
  0.391796E+00
  0.499733E+00
  0.611634E+00
  0.728089E+00
  0.850134E+00
  0.978718E+00
  0.111336E+01
  0.125394E+01
  0.140024E+01
  0.155143E+01
  0.170751E+01
  0.186912E+01
  0.203499E+01
  0.220446E+01
  0.237742E+01
  0.255377E+01
  0.273290E+01
  0.291446E+01
  0.309845E+01
  0.328451E+01
  0.347159E+01
  0.366018E+01
  0.384895E+01
  0.403793E+01
  0.422768E+01
  0.441730E+01
  0.460638E+01
  0.479574E+01
  0.498477E+01
  0.517338E+01
  0.536015E+01
  0.554648E+01
  0.573258E+01
  0.591707E+01
  0.609992E+01
  0.628204E+01
  0.646309E+01
  0.664365E+01
  0.682283E+01
  0.700103E+01
  0.717762E+01
  0.735242E+01
  0.752530E+01
  0.769696E+01
  0.786725E+01
  0.803588E+01
  0.820153E+01
  0.836574E+01
  0.852831E+01
  0.868808E+01
  0.884467E+01
  0.899941E+01
  0.915226E+01
  0.930384E+01
  0.945331E+01
  0.960272E+01
  0.975231E+01
  0.990230E+01
  0.100533E+02
  0.102063E+02
  0.103611E+02
  0.105187E+02
  0.106787E+02
  0.108423E+02
  0.110094E+02
  0.111799E+02
  0.113535E+02
  0.115301E+02
  0.117088E+02
  0.118909E+02
  0.120744E+02
  0.122600E+02
  0.124479E+02
  0.126370E+02
  0.128272E+02
  0.130192E+02
  0.132118E+02
  0.134057E+02
  0.135998E+02
  0.137956E+02
  0.139922E+02
  0.141894E+02
  0.143872E+02
  0.145862E+02
  0.147849E+02
  0.149844E+02
  0.151837E+02
  0.153837E+02
  0.155845E+02
  0.157868E+02
  0.159903E+02
  0.161965E+02
  0.164047E+02
  0.166164E+02
  0.168313E+02
  0.170502E+02
  0.172711E+02
  0.174938E+02
  0.177190E+02
  0.179475E+02
  0.181770E+02
  0.184087E+02
  0.186410E+02
  0.188758E+02
  0.191117E+02
  0.193482E+02
  0.195851E+02
  0.198241E+02
  0.200636E+02
  0.203049E+02
  0.205476E+02
  0.207937E+02
  0.210434E+02
  0.212966E+02
  0.215518E+02
  0.218110E+02
  0.220727E+02
  0.223386E+02
  0.226073E+02
  0.228808E+02
  0.231585E+02
  0.234402E+02
  0.237248E+02
  0.240139E+02
  0.243058E+02
  0.246024E+02
  0.249019E+02
  0.252051E+02
  0.255109E+02
  0.258185E+02
  0.261271E+02
  0.264394E+02
  0.267524E+02
  0.270672E+02
  0.273820E+02
  0.276997E+02
  0.280188E+02
  0.283379E+02
  0.286557E+02
  0.289747E+02
  0.292927E+02
  0.296109E+02
  0.299267E+02
  0.302426E+02
  0.305586E+02
  0.308731E+02
  0.311852E+02
  0.314978E+02
  0.318085E+02
  0.321183E+02
  0.324245E+02
  0.327306E+02
  0.330360E+02
  0.333392E+02
  0.336389E+02
  0.339391E+02
  0.342375E+02
  0.345358E+02
  0.348315E+02
  0.351278E+02
  0.354239E+02
  0.357178E+02
  0.360084E+02
  0.362988E+02
  0.365862E+02
  0.368726E+02
  0.371539E+02
  0.374322E+02
  0.377064E+02
  0.379768E+02
  0.382405E+02
  0.384995E+02
  0.387511E+02
  0.389978E+02
  0.392375E+02
  0.394731E+02
  0.397034E+02
  0.399282E+02
  0.401459E+02
  0.403600E+02
  0.405681E+02
  0.407723E+02
  0.409692E+02
  0.411630E+02
  0.413529E+02
  0.415369E+02
  0.417141E+02
  0.418882E+02
  0.420559E+02
  0.422188E+02
  0.423729E+02
  0.425210E+02
  0.426617E+02
  0.427943E+02
  0.429161E+02
  0.430306E+02
  0.431360E+02
  0.432348E+02
  0.433232E+02
  0.434053E+02
  0.434809E+02
  0.435490E+02
  0.436077E+02
  0.436611E+02
  0.437062E+02
  0.437457E+02
  0.437761E+02
  0.438009E+02
  0.438187E+02
  0.438274E+02
  0.438263E+02
  0.438195E+02
  0.438031E+02
  0.437791E+02
  0.437441E+02
  0.437017E+02
  0.436499E+02
  0.435876E+02
  0.435134E+02
  0.434309E+02
  0.433373E+02
  0.432356E+02
  0.431234E+02
  0.430054E+02
  0.428806E+02
  0.427489E+02
  0.426087E+02
  0.424638E+02
  0.423110E+02
  0.421524E+02
  0.419851E+02
  0.418120E+02
  0.416320E+02
  0.414462E+02
  0.412533E+02
  0.410565E+02
  0.408525E+02
  0.406455E+02
  0.404322E+02
  0.402148E+02
  0.399925E+02
  0.397638E+02
  0.395269E+02
  0.392856E+02
  0.390370E+02
  0.387836E+02
  0.385218E+02
  0.382552E+02
  0.379831E+02
  0.377042E+02
  0.374166E+02
  0.371238E+02
  0.368233E+02
  0.365168E+02
  0.362014E+02
  0.358805E+02
  0.355525E+02
  0.352172E+02
  0.348733E+02
  0.345237E+02
  0.341657E+02
  0.338024E+02
  0.334310E+02
  0.330541E+02
  0.326716E+02
  0.322827E+02
  0.318859E+02
  0.314849E+02
  0.310775E+02
  0.306658E+02
  0.302468E+02
  0.298240E+02
  0.293970E+02
  0.289645E+02
  0.285255E+02
  0.280822E+02
  0.276336E+02
  0.271802E+02
  0.267186E+02
  0.262506E+02
  0.257746E+02
  0.252895E+02
  0.247941E+02
  0.242910E+02
  0.237782E+02
  0.232567E+02
  0.227249E+02
  0.221860E+02
  0.216395E+02
  0.210863E+02
  0.205264E+02
  0.199612E+02
  0.193896E+02
  0.188136E+02
  0.182326E+02
  0.176495E+02
  0.170643E+02
  0.164769E+02
  0.158863E+02
  0.152948E+02
  0.147026E+02
  0.141107E+02
  0.135184E+02
  0.129280E+02
  0.123387E+02
  0.117509E+02
  0.111640E+02
  0.105797E+02
  0.999884E+01
  0.942135E+01
  0.884656E+01
  0.827588E+01
  0.770819E+01
  0.714317E+01
  0.658046E+01
  0.602266E+01
  0.546935E+01
  0.491956E+01
  0.437286E+01
  0.382925E+01
  0.328860E+01
  0.275098E+01
  0.221616E+01
  0.168487E+01
  0.115583E+01
  0.628279E+00
  0.101863E+00
 -0.422069E+00
 -0.943641E+00
 -0.146317E+01
 -0.198030E+01
 -0.249513E+01
 -0.300776E+01
 -0.351875E+01
 -0.402775E+01
 -0.453388E+01
 -0.503732E+01
 -0.553849E+01
 -0.603785E+01
 -0.653554E+01
 -0.703068E+01
 -0.752374E+01
 -0.801478E+01
 -0.850362E+01
 -0.898895E+01
 -0.947074E+01
 -0.994895E+01
 -0.104237E+02
 -0.108939E+02
 -0.113583E+02
 -0.118169E+02
 -0.122711E+02
 -0.127193E+02
 -0.131612E+02
 -0.135962E+02
 -0.140252E+02
 -0.144467E+02
 -0.148610E+02
 -0.152693E+02
 -0.156739E+02
 -0.160735E+02
 -0.164674E+02
 -0.168546E+02
 -0.172363E+02
 -0.176125E+02
 -0.179845E+02
 -0.183508E+02
 -0.187122E+02
 -0.190686E+02
 -0.194197E+02
 -0.197646E+02
 -0.201049E+02
 -0.204395E+02
 -0.207693E+02
 -0.210935E+02
 -0.214151E+02
 -0.217331E+02
 -0.220463E+02
 -0.223551E+02
 -0.226609E+02
 -0.229617E+02
 -0.232587E+02
 -0.235493E+02
 -0.238355E+02
 -0.241160E+02
 -0.243903E+02
 -0.246588E+02
 -0.249244E+02
 -0.251852E+02
 -0.254423E+02
 -0.256953E+02
 -0.259453E+02
 -0.261900E+02
 -0.264307E+02
 -0.266667E+02
 -0.268995E+02
 -0.271268E+02
 -0.273493E+02
 -0.275655E+02
 -0.277757E+02
 -0.279796E+02
 -0.281783E+02
 -0.283700E+02
 -0.285571E+02
 -0.287385E+02
 -0.289150E+02
 -0.290852E+02
 -0.292506E+02
 -0.294098E+02
 -0.295625E+02
 -0.297061E+02
 -0.298426E+02
 -0.299708E+02
 -0.300928E+02
 -0.302063E+02
 -0.303118E+02
 -0.304084E+02
 -0.304968E+02
 -0.305752E+02
 -0.306445E+02
 -0.307027E+02
 -0.307530E+02
 -0.307926E+02
 -0.308223E+02
 -0.308418E+02
 -0.308516E+02
 -0.308494E+02
 -0.308371E+02
 -0.308151E+02
 -0.307840E+02
 -0.307409E+02
 -0.306902E+02
 -0.306312E+02
 -0.305634E+02
 -0.304856E+02
 -0.303993E+02
 -0.303026E+02
 -0.301971E+02
 -0.300798E+02
 -0.299522E+02
 -0.298147E+02
 -0.296666E+02
 -0.295054E+02
 -0.293331E+02
 -0.291476E+02
 -0.289517E+02
 -0.287433E+02
 -0.285231E+02
 -0.282926E+02
 -0.280529E+02
 -0.278018E+02
 -0.275412E+02
 -0.272703E+02
 -0.269915E+02
 -0.267032E+02
 -0.264081E+02
 -0.261049E+02
 -0.257941E+02
 -0.254762E+02
 -0.251531E+02
 -0.248240E+02
 -0.244898E+02
 -0.241493E+02
 -0.238045E+02
 -0.234542E+02
 -0.230985E+02
 -0.227347E+02
 -0.223649E+02
 -0.219889E+02
 -0.216081E+02
 -0.212216E+02
 -0.208293E+02
 -0.204317E+02
 -0.200306E+02
 -0.196258E+02
 -0.192191E+02
 -0.188070E+02
 -0.183913E+02
 -0.179718E+02
 -0.175481E+02
 -0.171214E+02
 -0.166917E+02
 -0.162579E+02
 -0.158222E+02
 -0.153833E+02
 -0.149433E+02
 -0.145015E+02
 -0.140584E+02
 -0.136128E+02
 -0.131642E+02
 -0.127113E+02
 -0.122542E+02
 -0.117927E+02
 -0.113281E+02
 -0.108605E+02
 -0.103908E+02
 -0.991839E+01
 -0.944327E+01
 -0.896412E+01
 -0.848195E+01
 -0.799752E+01
 -0.751120E+01
 -0.702228E+01
 -0.653192E+01
 -0.603930E+01
 -0.554395E+01
 -0.504691E+01
 -0.454714E+01
 -0.404453E+01
 -0.354022E+01
 -0.303182E+01
 -0.252036E+01
 -0.200603E+01
 -0.148770E+01
 -0.966160E+00
 -0.442748E+00
  0.826418E-01
  0.610970E+00
  0.114242E+01
  0.167758E+01
  0.221617E+01
  0.275766E+01
  0.330212E+01
  0.384975E+01
  0.440043E+01
  0.495405E+01
  0.550972E+01
  0.606729E+01
  0.662568E+01
  0.718518E+01
  0.774495E+01
  0.830411E+01
  0.886231E+01
  0.941828E+01
  0.997062E+01
  0.105204E+02
  0.110666E+02
  0.116091E+02
  0.121454E+02
  0.126760E+02
  0.132003E+02
  0.137172E+02
  0.142273E+02
  0.147331E+02
  0.152323E+02
  0.157242E+02
  0.162083E+02
  0.166859E+02
  0.171549E+02
  0.176176E+02
  0.180745E+02
  0.185271E+02
  0.189748E+02
  0.194172E+02
  0.198537E+02
  0.202860E+02
  0.207125E+02
  0.211353E+02
  0.215528E+02
  0.219664E+02
  0.223767E+02
  0.227829E+02
  0.231840E+02
  0.235821E+02
  0.239754E+02
  0.243648E+02
  0.247486E+02
  0.251278E+02
  0.255012E+02
  0.258683E+02
  0.262270E+02
  0.265801E+02
  0.269258E+02
  0.272634E+02
  0.275902E+02
  0.279079E+02
  0.282162E+02
  0.285155E+02
  0.288041E+02
  0.290849E+02
  0.293561E+02
  0.296190E+02
  0.298719E+02
  0.301168E+02
  0.303531E+02
  0.305804E+02
  0.307967E+02
  0.310046E+02
  0.312029E+02
  0.313926E+02
  0.315708E+02
  0.317413E+02
  0.319024E+02
  0.320534E+02
  0.321944E+02
  0.323274E+02
  0.324493E+02
  0.325626E+02
  0.326667E+02
  0.327631E+02
  0.328513E+02
  0.329316E+02
  0.330021E+02
  0.330670E+02
  0.331252E+02
  0.331787E+02
  0.332255E+02
  0.332692E+02
  0.333095E+02
  0.333454E+02
  0.333750E+02
  0.334030E+02
  0.334280E+02
  0.334506E+02
  0.334688E+02
  0.334866E+02
  0.335014E+02
  0.335132E+02
  0.335210E+02
  0.335262E+02
  0.335270E+02
  0.335261E+02
  0.335215E+02
  0.335158E+02
  0.335077E+02
  0.334987E+02
  0.334868E+02
  0.334743E+02
  0.334605E+02
  0.334458E+02
  0.334278E+02
  0.334109E+02
  0.333931E+02
  0.333738E+02
  0.333508E+02
  0.333278E+02
  0.333039E+02
  0.332799E+02
  0.332532E+02
  0.332284E+02
  0.332035E+02
  0.331780E+02
  0.331510E+02
  0.331244E+02
  0.330960E+02
  0.330665E+02
  0.330334E+02
  0.330009E+02
  0.329658E+02
  0.329279E+02
  0.328862E+02
  0.328433E+02
  0.327965E+02
  0.327473E+02
  0.326950E+02
  0.326408E+02
  0.325822E+02
  0.325194E+02
  0.324522E+02
  0.323834E+02
  0.323102E+02
  0.322348E+02
  0.321547E+02
  0.320724E+02
  0.319860E+02
  0.318956E+02
  0.318003E+02
  0.317025E+02
  0.316006E+02
  0.314964E+02
  0.313882E+02
  0.312795E+02
  0.311688E+02
  0.310566E+02
  0.309413E+02
  0.308244E+02
  0.307053E+02
  0.305871E+02
  0.304680E+02
  0.303516E+02
  0.302388E+02
  0.301298E+02
  0.300235E+02
  0.299233E+02
  0.298271E+02
  0.297365E+02
  0.296496E+02
  0.295697E+02
  0.294962E+02
  0.294275E+02
  0.293623E+02
  0.293035E+02
  0.292487E+02
  0.291985E+02
  0.291505E+02
  0.291072E+02
  0.290679E+02
  0.290322E+02
  0.289980E+02
  0.289691E+02
  0.289436E+02
  0.289214E+02
  0.289001E+02
  0.288823E+02
  0.288656E+02
  0.288486E+02
  0.288313E+02
  0.288161E+02
  0.288003E+02
  0.287853E+02
  0.287687E+02
  0.287524E+02
  0.287351E+02
  0.287152E+02
  0.286916E+02
  0.286677E+02
  0.286407E+02
  0.286119E+02
  0.285805E+02
  0.285491E+02
  0.285168E+02
  0.284827E+02
  0.284463E+02
  0.284092E+02
  0.283698E+02
  0.283309E+02
  0.282897E+02
  0.282474E+02
  0.282027E+02
  0.281563E+02
  0.281060E+02
  0.280537E+02
  0.279982E+02
  0.279396E+02
  0.278756E+02
  0.278103E+02
  0.277427E+02
  0.276716E+02
  0.275955E+02
  0.275178E+02
  0.274370E+02
  0.273547E+02
  0.272691E+02
  0.271833E+02
  0.270972E+02
  0.270109E+02
  0.269234E+02
  0.268374E+02
  0.267499E+02
  0.266629E+02
  0.265766E+02
  0.264932E+02
  0.264111E+02
  0.263309E+02
  0.262530E+02
  0.261796E+02
  0.261079E+02
  0.260403E+02
  0.259737E+02
  0.259093E+02
  0.258473E+02
  0.257869E+02
  0.257271E+02
  0.256697E+02
  0.256129E+02
  0.255576E+02
  0.255019E+02
  0.254491E+02
  0.253977E+02
  0.253464E+02
  0.252955E+02
  0.252474E+02
  0.252006E+02
  0.251562E+02
  0.251120E+02
  0.250720E+02
  0.250338E+02
  0.249956E+02
  0.249580E+02
  0.249242E+02
  0.248915E+02
  0.248599E+02
  0.248290E+02
  0.248020E+02
  0.247769E+02
  0.247522E+02
  0.247273E+02
  0.247040E+02
  0.246809E+02
  0.246599E+02
  0.246386E+02
  0.246188E+02
  0.245993E+02
  0.245807E+02
  0.245623E+02
  0.245450E+02
  0.245268E+02
  0.245084E+02
  0.244892E+02
  0.244728E+02
  0.244568E+02
  0.244406E+02
  0.244242E+02
  0.244097E+02
  0.243947E+02
  0.243795E+02
  0.243640E+02
  0.243506E+02
  0.243380E+02
  0.243271E+02
  0.243182E+02
  0.243124E+02
  0.243062E+02
  0.243009E+02
  0.242963E+02
  0.242948E+02
  0.242945E+02
  0.242956E+02
  0.242973E+02
  0.242997E+02
  0.243017E+02
  0.243062E+02
  0.243108E+02
  0.243174E+02
  0.243243E+02
  0.243325E+02
  0.243414E+02
  0.243516E+02
  0.243595E+02
  0.243673E+02
  0.243748E+02
  0.243824E+02
  0.243889E+02
  0.243950E+02
  0.243993E+02
  0.244039E+02
  0.244071E+02
  0.244096E+02
  0.244096E+02
  0.244093E+02
  0.244073E+02
  0.244022E+02
  0.243932E+02
  0.243835E+02
  0.243711E+02
  0.243568E+02
  0.243390E+02
  0.243200E+02
  0.242997E+02
  0.242773E+02
  0.242508E+02
  0.242230E+02
  0.241933E+02
  0.241624E+02
  0.241298E+02
  0.240989E+02
  0.240680E+02
  0.240365E+02
  0.240047E+02
  0.239746E+02
  0.239439E+02
  0.239144E+02
  0.238840E+02
  0.238543E+02
  0.238234E+02
  0.237906E+02
  0.237543E+02
  0.237158E+02
  0.236736E+02
  0.236282E+02
  0.235794E+02
  0.235299E+02
  0.234767E+02
  0.234205E+02
  0.233603E+02
  0.232980E+02
  0.232326E+02
  0.231649E+02
  0.230938E+02
  0.230226E+02
  0.229504E+02
  0.228775E+02
  0.228042E+02
  0.227317E+02
  0.226579E+02
  0.225852E+02
  0.225119E+02
  0.224392E+02
  0.223657E+02
  0.222929E+02
  0.222195E+02
  0.221459E+02
  0.220713E+02
  0.219985E+02
  0.219255E+02
  0.218531E+02
  0.217813E+02
  0.217104E+02
  0.216389E+02
  0.215686E+02
  0.214978E+02
  0.214286E+02
  0.213592E+02
  0.212904E+02
  0.212218E+02
  0.211530E+02
  0.210824E+02
  0.210121E+02
  0.209413E+02
  0.208725E+02
  0.208040E+02
  0.207369E+02
  0.206712E+02
  0.206059E+02
  0.205404E+02
  0.204769E+02
  0.204131E+02
  0.203503E+02
  0.202886E+02
  0.202300E+02
  0.201738E+02
  0.201206E+02
  0.200699E+02
  0.200234E+02
  0.199803E+02
  0.199420E+02
  0.199070E+02
  0.198772E+02
  0.198521E+02
  0.198315E+02
  0.198142E+02
  0.198022E+02
  0.197940E+02
  0.197905E+02
  0.197899E+02
  0.197939E+02
  0.198015E+02
  0.198115E+02
  0.198234E+02
  0.198378E+02
  0.198521E+02
  0.198673E+02
  0.198818E+02
  0.198980E+02
  0.199154E+02
  0.199333E+02
  0.199516E+02
  0.199719E+02
  0.199930E+02
  0.200149E+02
  0.200355E+02
  0.200580E+02
  0.200813E+02
  0.201047E+02
  0.201283E+02
  0.201556E+02
  0.201843E+02
  0.202147E+02
  0.202457E+02
  0.202800E+02
  0.203176E+02
  0.203579E+02
  0.203994E+02
  0.204451E+02
  0.204940E+02
  0.205465E+02
  0.206001E+02
  0.206572E+02
  0.207162E+02
  0.207760E+02
  0.208364E+02
  0.208992E+02
  0.209618E+02
  0.210267E+02
  0.210934E+02
  0.211622E+02
  0.212315E+02
  0.213013E+02
  0.213711E+02
  0.214411E+02
  0.215101E+02
  0.215806E+02
  0.216509E+02
  0.217225E+02
  0.217953E+02
  0.218685E+02
  0.219395E+02
  0.220109E+02
  0.220817E+02
  0.221527E+02
  0.222224E+02
  0.222934E+02
  0.223653E+02
  0.224357E+02
  0.225028E+02
  0.225694E+02
  0.226325E+02
  0.226933E+02
  0.227506E+02
  0.228061E+02
  0.228599E+02
  0.229122E+02
  0.229614E+02
  0.230097E+02
  0.230560E+02
  0.231016E+02
  0.231457E+02
  0.231903E+02
  0.232352E+02
  0.232797E+02
  0.233222E+02
  0.233647E+02
  0.234055E+02
  0.234458E+02
  0.234837E+02
  0.235210E+02
  0.235580E+02
  0.235950E+02
  0.236306E+02
  0.236667E+02
  0.237019E+02
  0.237370E+02
  0.237691E+02
  0.238004E+02
  0.238299E+02
  0.238573E+02
  0.238822E+02
  0.239064E+02
  0.239272E+02
  0.239468E+02
  0.239633E+02
  0.239784E+02
  0.239912E+02
  0.240014E+02
  0.240092E+02
  0.240176E+02
  0.240247E+02
  0.240313E+02
  0.240349E+02
  0.240381E+02
  0.240399E+02
  0.240394E+02
  0.240357E+02
  0.240316E+02
  0.240256E+02
  0.240190E+02
  0.240106E+02
  0.240015E+02
  0.239912E+02
  0.239791E+02
  0.239634E+02
  0.239466E+02
  0.239265E+02
  0.239048E+02
  0.238794E+02
  0.238526E+02
  0.238229E+02
  0.237886E+02
  0.237491E+02
  0.237054E+02
  0.236553E+02
  0.236008E+02
  0.235404E+02
  0.234770E+02
  0.234086E+02
  0.233348E+02
  0.232548E+02
  0.231698E+02
  0.230776E+02
  0.229785E+02
  0.228716E+02
  0.227586E+02
  0.226390E+02
  0.225131E+02
  0.223794E+02
  0.222410E+02
  0.220964E+02
  0.219466E+02
  0.217897E+02
  0.216267E+02
  0.214566E+02
  0.212792E+02
  0.210923E+02
  0.208983E+02
  0.206956E+02
  0.204847E+02
  0.202651E+02
  0.200388E+02
  0.198034E+02
  0.195590E+02
  0.193057E+02
  0.190464E+02
  0.187796E+02
  0.185060E+02
  0.182253E+02
  0.179392E+02
  0.176474E+02
  0.173502E+02
  0.170461E+02
  0.167377E+02
  0.164252E+02
  0.161102E+02
  0.157905E+02
  0.154674E+02
  0.151407E+02
  0.148102E+02
  0.144758E+02
  0.141390E+02
  0.137985E+02
  0.134541E+02
  0.131047E+02
  0.127530E+02
  0.123979E+02
  0.120385E+02
  0.116744E+02
  0.113066E+02
  0.109347E+02
  0.105592E+02
  0.101780E+02
  0.979299E+01
  0.940469E+01
  0.901440E+01
  0.862139E+01
  0.822628E+01
  0.782845E+01
  0.742780E+01
  0.702401E+01
  0.661801E+01
  0.620925E+01
  0.579904E+01
  0.538804E+01
  0.497739E+01
  0.456578E+01
  0.415282E+01
  0.373800E+01
  0.332227E+01
  0.290623E+01
  0.248965E+01
  0.207197E+01
  0.165450E+01
  0.123783E+01
  0.821959E+00
  0.405859E+00
 -0.926590E-02
 -0.423288E+00
 -0.836670E+00
 -0.124928E+01
 -0.165989E+01
 -0.206775E+01
 -0.247192E+01
 -0.287248E+01
 -0.327111E+01
 -0.366853E+01
 -0.406391E+01
 -0.445698E+01
 -0.484670E+01
 -0.523295E+01
 -0.561735E+01
 -0.599972E+01
 -0.638011E+01
 -0.675811E+01
 -0.713358E+01
 -0.750707E+01
 -0.787899E+01
 -0.824884E+01
 -0.861608E+01
 -0.898021E+01
 -0.934254E+01
 -0.970310E+01
 -0.100610E+02
 -0.104162E+02
 -0.107699E+02
 -0.111214E+02
 -0.114711E+02
 -0.118183E+02
 -0.121640E+02
 -0.125074E+02
 -0.128484E+02
 -0.131871E+02
 -0.135240E+02
 -0.138586E+02
 -0.141914E+02
 -0.145224E+02
 -0.148543E+02
 -0.151863E+02
 -0.155178E+02
 -0.158502E+02
 -0.161842E+02
 -0.165181E+02
 -0.168532E+02
 -0.171884E+02
 -0.175248E+02
 -0.178625E+02
 -0.182014E+02
 -0.185400E+02
 -0.188779E+02
 -0.192149E+02
 -0.195522E+02
 -0.198882E+02
 -0.202243E+02
 -0.205607E+02
 -0.208967E+02
 -0.212311E+02
 -0.215648E+02
 -0.218958E+02
 -0.222253E+02
 -0.225524E+02
 -0.228788E+02
 -0.232031E+02
 -0.235244E+02
 -0.238426E+02
 -0.241585E+02
 -0.244702E+02
 -0.247793E+02
 -0.250837E+02
 -0.253841E+02
 -0.256803E+02
 -0.259721E+02
 -0.262576E+02
 -0.265388E+02
 -0.268140E+02
 -0.270831E+02
 -0.273442E+02
 -0.275992E+02
 -0.278471E+02
 -0.280879E+02
 -0.283209E+02
 -0.285480E+02
 -0.287682E+02
 -0.289833E+02
 -0.291906E+02
 -0.293915E+02
 -0.295853E+02
 -0.297710E+02
 -0.299483E+02
 -0.301192E+02
 -0.302822E+02
 -0.304381E+02
 -0.305841E+02
 -0.307225E+02
 -0.308520E+02
 -0.309718E+02
 -0.310812E+02
 -0.311820E+02
 -0.312731E+02
 -0.313561E+02
 -0.314290E+02
 -0.314936E+02
 -0.315487E+02
 -0.315950E+02
 -0.316310E+02
 -0.316590E+02
 -0.316770E+02
 -0.316870E+02
 -0.316886E+02
 -0.316837E+02
 -0.316718E+02
 -0.316529E+02
 -0.316258E+02
 -0.315933E+02
 -0.315533E+02
 -0.315080E+02
 -0.314563E+02
 -0.314005E+02
 -0.313403E+02
 -0.312747E+02
 -0.312033E+02
 -0.311289E+02
 -0.310492E+02
 -0.309656E+02
 -0.308756E+02
 -0.307825E+02
 -0.306858E+02
 -0.305851E+02
 -0.304797E+02
 -0.303725E+02
 -0.302618E+02
 -0.301491E+02
 -0.300328E+02
 -0.299157E+02
 -0.297969E+02
 -0.296759E+02
 -0.295519E+02
 -0.294283E+02
 -0.293028E+02
 -0.291771E+02
 -0.290503E+02
 -0.289231E+02
 -0.287944E+02
 -0.286649E+02
 -0.285333E+02
 -0.284024E+02
 -0.282703E+02
 -0.281375E+02
 -0.280030E+02
 -0.278697E+02
 -0.277357E+02
 -0.275991E+02
 -0.274594E+02
 -0.273189E+02
 -0.271767E+02
 -0.270337E+02
 -0.268882E+02
 -0.267416E+02
 -0.265923E+02
 -0.264403E+02
 -0.262830E+02
 -0.261221E+02
 -0.259560E+02
 -0.257847E+02
 -0.256076E+02
 -0.254263E+02
 -0.252398E+02
 -0.250472E+02
 -0.248473E+02
 -0.246430E+02
 -0.244327E+02
 -0.242165E+02
 -0.239931E+02
 -0.237665E+02
 -0.235363E+02
 -0.233003E+02
 -0.230586E+02
 -0.228141E+02
 -0.225649E+02
 -0.223119E+02
 -0.220548E+02
 -0.217950E+02
 -0.215320E+02
 -0.212658E+02
 -0.209955E+02
 -0.207227E+02
 -0.204469E+02
 -0.201693E+02
 -0.198888E+02
 -0.196078E+02
 -0.193249E+02
 -0.190398E+02
 -0.187537E+02
 -0.184687E+02
 -0.181834E+02
 -0.178986E+02
 -0.176147E+02
 -0.173335E+02
 -0.170546E+02
 -0.167781E+02
 -0.165033E+02
 -0.162331E+02
 -0.159666E+02
 -0.157041E+02
 -0.154450E+02
 -0.151920E+02
 -0.149441E+02
 -0.146988E+02
 -0.144576E+02
 -0.142225E+02
 -0.139916E+02
 -0.137663E+02
 -0.135460E+02
 -0.133321E+02
 -0.131257E+02
 -0.129245E+02
 -0.127274E+02
 -0.125369E+02
 -0.123520E+02
 -0.121713E+02
 -0.119962E+02
 -0.118292E+02
 -0.116680E+02
 -0.115113E+02
 -0.113603E+02
 -0.112161E+02
 -0.110758E+02
 -0.109391E+02
 -0.108072E+02
 -0.106810E+02
 -0.105596E+02
 -0.104429E+02
 -0.103308E+02
 -0.102255E+02
 -0.101255E+02
 -0.100300E+02
 -0.993883E+01
 -0.985346E+01
 -0.977347E+01
 -0.969814E+01
 -0.962712E+01
 -0.956194E+01
 -0.950140E+01
 -0.944365E+01
 -0.938898E+01
 -0.933884E+01
 -0.929200E+01
 -0.924760E+01
 -0.920529E+01
 -0.916500E+01
 -0.912590E+01
 -0.908865E+01
 -0.905255E+01
 -0.901844E+01
 -0.898697E+01
 -0.895706E+01
 -0.892765E+01
 -0.889996E+01
 -0.887409E+01
 -0.885009E+01
 -0.882698E+01
 -0.880637E+01
 -0.878898E+01
 -0.877388E+01
 -0.876147E+01
 -0.875323E+01
 -0.874835E+01
 -0.874769E+01
 -0.875165E+01
 -0.876119E+01
 -0.877562E+01
 -0.879406E+01
 -0.881791E+01
 -0.884869E+01
 -0.888569E+01
 -0.892878E+01
 -0.897662E+01
 -0.903019E+01
 -0.909010E+01
 -0.915621E+01
 -0.922733E+01
 -0.930361E+01
 -0.938508E+01
 -0.947188E+01
 -0.956378E+01
 -0.966076E+01
 -0.976229E+01
 -0.986843E+01
 -0.997877E+01
 -0.100940E+02
 -0.102128E+02
 -0.103353E+02
 -0.104613E+02
 -0.105920E+02
 -0.107276E+02
 -0.108673E+02
 -0.110093E+02
 -0.111537E+02
 -0.113004E+02
 -0.114507E+02
 -0.116039E+02
 -0.117590E+02
 -0.119151E+02
 -0.120725E+02
 -0.122302E+02
 -0.123895E+02
 -0.125501E+02
 -0.127105E+02
 -0.128689E+02
 -0.130277E+02
 -0.131870E+02
 -0.133456E+02
 -0.135028E+02
 -0.136602E+02
 -0.138177E+02
 -0.139760E+02
 -0.141339E+02
 -0.142915E+02
 -0.144487E+02
 -0.146057E+02
 -0.147621E+02
 -0.149191E+02
 -0.150760E+02
 -0.152337E+02
 -0.153909E+02
 -0.155482E+02
 -0.157047E+02
 -0.158601E+02
 -0.160142E+02
 -0.161680E+02
 -0.163203E+02
 -0.164727E+02
 -0.166238E+02
 -0.167754E+02
 -0.169286E+02
 -0.170818E+02
 -0.172332E+02
 -0.173842E+02
 -0.175343E+02
 -0.176846E+02
 -0.178331E+02
 -0.179810E+02
 -0.181293E+02
 -0.182773E+02
 -0.184232E+02
 -0.185681E+02
 -0.187119E+02
 -0.188563E+02
 -0.189998E+02
 -0.191433E+02
 -0.192867E+02
 -0.194305E+02
 -0.195738E+02
 -0.197169E+02
 -0.198585E+02
 -0.199994E+02
 -0.201389E+02
 -0.202787E+02
 -0.204177E+02
 -0.205552E+02
 -0.206908E+02
 -0.208261E+02
 -0.209595E+02
 -0.210921E+02
 -0.212222E+02
 -0.213498E+02
 -0.214754E+02
 -0.215992E+02
 -0.217191E+02
 -0.218365E+02
 -0.219506E+02
 -0.220627E+02
 -0.221712E+02
 -0.222778E+02
 -0.223826E+02
 -0.224851E+02
 -0.225840E+02
 -0.226820E+02
 -0.227785E+02
 -0.228738E+02
 -0.229668E+02
 -0.230592E+02
 -0.231503E+02
 -0.232400E+02
 -0.233278E+02
 -0.234172E+02
 -0.235065E+02
 -0.235962E+02
 -0.236851E+02
 -0.237739E+02
 -0.238614E+02
 -0.239479E+02
 -0.240332E+02
 -0.241183E+02
 -0.242012E+02
 -0.242830E+02
 -0.243631E+02
 -0.244429E+02
 -0.245206E+02
 -0.245959E+02
 -0.246686E+02
 -0.247404E+02
 -0.248105E+02
 -0.248796E+02
 -0.249455E+02
 -0.250103E+02
 -0.250730E+02
 -0.251328E+02
 -0.251894E+02
 -0.252446E+02
 -0.252971E+02
 -0.253481E+02
 -0.253968E+02
 -0.254453E+02
 -0.254920E+02
 -0.255369E+02
 -0.255796E+02
 -0.256221E+02
 -0.256629E+02
 -0.257046E+02
 -0.257457E+02
 -0.257869E+02
 -0.258276E+02
 -0.258685E+02
 -0.259087E+02
 -0.259510E+02
 -0.259950E+02
 -0.260418E+02
 -0.260894E+02
 -0.261401E+02
 -0.261929E+02
 -0.262477E+02
 -0.263050E+02
 -0.263666E+02
 -0.264304E+02
 -0.264987E+02
 -0.265714E+02
 -0.266499E+02
 -0.267328E+02
 -0.268199E+02
 -0.269110E+02
 -0.270084E+02
 -0.271108E+02
 -0.272192E+02
 -0.273313E+02
 -0.274489E+02
 -0.275719E+02
 -0.276995E+02
 -0.278301E+02
 -0.279662E+02
 -0.281060E+02
 -0.282511E+02
 -0.283995E+02
 -0.285525E+02
 -0.287095E+02
 -0.288708E+02
 -0.290349E+02
 -0.292037E+02
 -0.293760E+02
 -0.295532E+02
 -0.297326E+02
 -0.299157E+02
 -0.301022E+02
 -0.302920E+02
 -0.304837E+02
 -0.306800E+02
 -0.308786E+02
 -0.310803E+02
 -0.312835E+02
 -0.314908E+02
 -0.317005E+02
 -0.319118E+02
 -0.321241E+02
 -0.323408E+02
 -0.325601E+02
 -0.327838E+02
 -0.330100E+02
 -0.332411E+02
 -0.334756E+02
 -0.337133E+02
 -0.339532E+02
 -0.341967E+02
 -0.344411E+02
 -0.346879E+02
 -0.349348E+02
 -0.351834E+02
 -0.354320E+02
 -0.356811E+02
 -0.359296E+02
 -0.361791E+02
 -0.364275E+02
 -0.366761E+02
 -0.369220E+02
 -0.371680E+02
 -0.374127E+02
 -0.376559E+02
 -0.378963E+02
 -0.381367E+02
 -0.383734E+02
 -0.386075E+02
 -0.388369E+02
 -0.390643E+02
 -0.392875E+02
 -0.395062E+02
 -0.397195E+02
 -0.399299E+02
 -0.401346E+02
 -0.403358E+02
 -0.405301E+02
 -0.407198E+02
 -0.409037E+02
 -0.410822E+02
 -0.412538E+02
 -0.414206E+02
 -0.415802E+02
 -0.417356E+02
 -0.418835E+02
 -0.420271E+02
 -0.421655E+02
 -0.422990E+02
 -0.424268E+02
 -0.425523E+02
 -0.426723E+02
 -0.427890E+02
 -0.429000E+02
 -0.430093E+02
 -0.431151E+02
 -0.432164E+02
 -0.433126E+02
 -0.434072E+02
 -0.434971E+02
 -0.435833E+02
 -0.436631E+02
 -0.437411E+02
 -0.438153E+02
 -0.438844E+02
 -0.439472E+02
 -0.440065E+02
 -0.440596E+02
 -0.441087E+02
 -0.441505E+02
 -0.441889E+02
 -0.442234E+02
 -0.442529E+02
 -0.442752E+02
 -0.442931E+02
 -0.443041E+02
 -0.443102E+02
 -0.443079E+02
 -0.443013E+02
 -0.442890E+02
 -0.442699E+02
 -0.442421E+02
 -0.442085E+02
 -0.441661E+02
 -0.441168E+02
 -0.440581E+02
 -0.439948E+02
 -0.439254E+02
 -0.438498E+02
 -0.437663E+02
 -0.436782E+02
 -0.435832E+02
 -0.434835E+02
 -0.433776E+02
 -0.432688E+02
 -0.431546E+02
 -0.430353E+02
 -0.429096E+02
 -0.427800E+02
 -0.426440E+02
 -0.425045E+02
 -0.423587E+02
 -0.422092E+02
 -0.420548E+02
 -0.418946E+02
 -0.417270E+02
 -0.415558E+02
 -0.413780E+02
 -0.411960E+02
 -0.410072E+02
 -0.408144E+02
 -0.406157E+02
 -0.404096E+02
 -0.401937E+02
 -0.399722E+02
 -0.397432E+02
 -0.395072E+02
 -0.392618E+02
 -0.390114E+02
 -0.387535E+02
 -0.384873E+02
 -0.382117E+02
 -0.379307E+02
 -0.376411E+02
 -0.373449E+02
 -0.370399E+02
 -0.367274E+02
 -0.364058E+02
 -0.360748E+02
 -0.357332E+02
 -0.353837E+02
 -0.350238E+02
 -0.346559E+02
 -0.342778E+02
 -0.338918E+02
 -0.334966E+02
 -0.330921E+02
 -0.326769E+02
 -0.322530E+02
 -0.318180E+02
 -0.313729E+02
 -0.309155E+02
 -0.304481E+02
 -0.299691E+02
 -0.294782E+02
 -0.289753E+02
 -0.284634E+02
 -0.279396E+02
 -0.274050E+02
 -0.268584E+02
 -0.263022E+02
 -0.257359E+02
 -0.251597E+02
 -0.245732E+02
 -0.239789E+02
 -0.233748E+02
 -0.227623E+02
 -0.221400E+02
 -0.215092E+02
 -0.208698E+02
 -0.202231E+02
 -0.195685E+02
 -0.189067E+02
 -0.182368E+02
 -0.175608E+02
 -0.168778E+02
 -0.161897E+02
 -0.154960E+02
 -0.147985E+02
 -0.140974E+02
 -0.133934E+02
 -0.126863E+02
 -0.119761E+02
 -0.112625E+02
 -0.105469E+02
 -0.982878E+01
 -0.910803E+01
 -0.838269E+01
 -0.765322E+01
 -0.692019E+01
 -0.618420E+01
 -0.544456E+01
 -0.470260E+01
 -0.395917E+01
 -0.321347E+01
 -0.246471E+01
 -0.171414E+01
 -0.961780E+00
 -0.207699E+00
  0.548193E+00
  0.130585E+01
  0.206471E+01
  0.282431E+01
  0.358465E+01
  0.434606E+01
  0.510863E+01
  0.587243E+01
  0.663648E+01
  0.740150E+01
  0.816872E+01
  0.893831E+01
  0.970952E+01
  0.104840E+02
  0.112612E+02
  0.120415E+02
  0.128241E+02
  0.136104E+02
  0.144010E+02
  0.151952E+02
  0.159924E+02
  0.167938E+02
  0.175974E+02
  0.184041E+02
  0.192133E+02
  0.200263E+02
  0.208428E+02
  0.216621E+02
  0.224835E+02
  0.233086E+02
  0.241363E+02
  0.249675E+02
  0.258009E+02
  0.266393E+02
  0.274809E+02
  0.283242E+02
  0.291684E+02
  0.300161E+02
  0.308660E+02
  0.317193E+02
  0.325739E+02
  0.334317E+02
  0.342909E+02
  0.351520E+02
  0.360139E+02
  0.368786E+02
  0.377426E+02
  0.386076E+02
  0.394711E+02
  0.403348E+02
  0.411974E+02
  0.420590E+02
  0.429180E+02
  0.437769E+02
  0.446330E+02
  0.454883E+02
  0.463381E+02
  0.471858E+02
  0.480301E+02
  0.488696E+02
  0.497018E+02
  0.505315E+02
  0.513562E+02
  0.521783E+02
  0.529940E+02
  0.538082E+02
  0.546189E+02
  0.554244E+02
  0.562240E+02
  0.570218E+02
  0.578133E+02
  0.586014E+02
  0.593829E+02
  0.601628E+02
  0.609385E+02
  0.617090E+02
  0.624723E+02
  0.632325E+02
  0.639851E+02
  0.647329E+02
  0.654715E+02
  0.662072E+02
  0.669374E+02
  0.676604E+02
  0.683743E+02
  0.690842E+02
  0.697850E+02
  0.704806E+02
  0.711662E+02
  0.718461E+02
  0.725183E+02
  0.731837E+02
  0.738381E+02
  0.744873E+02
  0.751286E+02
  0.757667E+02
  0.763963E+02
  0.770238E+02
  0.776483E+02
  0.782679E+02
  0.788791E+02
  0.794897E+02
  0.800947E+02
  0.806969E+02
  0.812926E+02
  0.818887E+02
  0.824819E+02
  0.830720E+02
  0.836558E+02
  0.842405E+02
  0.848189E+02
  0.853951E+02
  0.859650E+02
  0.865342E+02
  0.870994E+02
  0.876604E+02
  0.882144E+02
  0.887691E+02
  0.893182E+02
  0.898660E+02
  0.904062E+02
  0.909458E+02
  0.914823E+02
  0.920137E+02
  0.925355E+02
  0.930552E+02
  0.935666E+02
  0.940745E+02
  0.945716E+02
  0.950655E+02
  0.955535E+02
  0.960326E+02
  0.964997E+02
  0.969622E+02
  0.974137E+02
  0.978594E+02
  0.982920E+02
  0.987198E+02
  0.991383E+02
  0.995462E+02
  0.999397E+02
  0.100326E+03
  0.100698E+03
  0.101062E+03
  0.101410E+03
  0.101750E+03
  0.102079E+03
  0.102396E+03
  0.102699E+03
  0.102995E+03
  0.103276E+03
  0.103549E+03
  0.103805E+03
  0.104054E+03
  0.104292E+03
  0.104518E+03
  0.104728E+03
  0.104932E+03
  0.105123E+03
  0.105307E+03
  0.105476E+03
  0.105639E+03
  0.105792E+03
  0.105934E+03
  0.106061E+03
  0.106183E+03
  0.106293E+03
  0.106396E+03
  0.106485E+03
  0.106568E+03
  0.106641E+03
  0.106704E+03
  0.106752E+03
  0.106794E+03
  0.106824E+03
  0.106846E+03
  0.106855E+03
  0.106860E+03
  0.106856E+03
  0.106843E+03
  0.106819E+03
  0.106789E+03
  0.106749E+03
  0.106703E+03
  0.106644E+03
  0.106582E+03
  0.106513E+03
  0.106437E+03
  0.106349E+03
  0.106256E+03
  0.106155E+03
  0.106049E+03
  0.105931E+03
  0.105811E+03
  0.105684E+03
  0.105551E+03
  0.105406E+03
  0.105258E+03
  0.105100E+03
  0.104938E+03
  0.104765E+03
  0.104590E+03
  0.104409E+03
  0.104221E+03
  0.104022E+03
  0.103821E+03
  0.103610E+03
  0.103394E+03
  0.103167E+03
  0.102938E+03
  0.102702E+03
  0.102457E+03
  0.102201E+03
  0.101941E+03
  0.101671E+03
  0.101398E+03
  0.101113E+03
  0.100825E+03
  0.100531E+03
  0.100230E+03
  0.999186E+02
  0.996038E+02
  0.992797E+02
  0.989522E+02
  0.986152E+02
  0.982766E+02
  0.979324E+02
  0.975809E+02
  0.972190E+02
  0.968548E+02
  0.964822E+02
  0.961067E+02
  0.957205E+02
  0.953318E+02
  0.949375E+02
  0.945368E+02
  0.941269E+02
  0.937158E+02
  0.932965E+02
  0.928742E+02
  0.924427E+02
  0.920098E+02
  0.915712E+02
  0.911248E+02
  0.906685E+02
  0.902105E+02
  0.897438E+02
  0.892729E+02
  0.887922E+02
  0.883099E+02
  0.878228E+02
  0.873295E+02
  0.868273E+02
  0.863239E+02
  0.858123E+02
  0.852979E+02
  0.847750E+02
  0.842504E+02
  0.837219E+02
  0.831870E+02
  0.826427E+02
  0.820959E+02
  0.815413E+02
  0.809831E+02
  0.804144E+02
  0.798429E+02
  0.792657E+02
  0.786816E+02
  0.780880E+02
  0.774923E+02
  0.768888E+02
  0.762812E+02
  0.756643E+02
  0.750436E+02
  0.744172E+02
  0.737839E+02
  0.731398E+02
  0.724919E+02
  0.718348E+02
  0.711737E+02
  0.705021E+02
  0.698259E+02
  0.691448E+02
  0.684565E+02
  0.677576E+02
  0.670549E+02
  0.663429E+02
  0.656243E+02
  0.648948E+02
  0.641599E+02
  0.634174E+02
  0.626655E+02
  0.619021E+02
  0.611342E+02
  0.603557E+02
  0.595705E+02
  0.587756E+02
  0.579761E+02
  0.571695E+02
  0.563542E+02
  0.555301E+02
  0.547037E+02
  0.538690E+02
  0.530306E+02
  0.521851E+02
  0.513364E+02
  0.504835E+02
  0.496255E+02
  0.487620E+02
  0.478963E+02
  0.470239E+02
  0.461496E+02
  0.452690E+02
  0.443867E+02
  0.434995E+02
  0.426074E+02
  0.417103E+02
  0.408102E+02
  0.399056E+02
  0.389990E+02
  0.380866E+02
  0.371730E+02
  0.362570E+02
  0.353376E+02
  0.344128E+02
  0.334873E+02
  0.325583E+02
  0.316258E+02
  0.306874E+02
  0.297463E+02
  0.288013E+02
  0.278521E+02
  0.268975E+02
  0.259411E+02
  0.249813E+02
  0.240194E+02
  0.230543E+02
  0.220882E+02
  0.211204E+02
  0.201516E+02
  0.191802E+02
  0.182080E+02
  0.172328E+02
  0.162559E+02
  0.152770E+02
  0.142965E+02
  0.133136E+02
  0.123300E+02
  0.113451E+02
  0.103591E+02
  0.937069E+01
  0.838196E+01
  0.739122E+01
  0.639925E+01
  0.540557E+01
  0.440964E+01
  0.341087E+01
  0.240925E+01
  0.140529E+01
  0.399422E+00
 -0.609347E+00
 -0.162018E+01
 -0.263299E+01
 -0.364650E+01
 -0.466215E+01
 -0.567946E+01
 -0.669706E+01
 -0.771601E+01
 -0.873569E+01
 -0.975585E+01
 -0.107764E+02
 -0.117961E+02
 -0.128135E+02
 -0.138285E+02
 -0.148411E+02
 -0.158507E+02
 -0.168552E+02
 -0.178566E+02
 -0.188543E+02
 -0.198478E+02
 -0.208371E+02
 -0.218232E+02
 -0.228049E+02
 -0.237830E+02
 -0.247548E+02
 -0.257220E+02
 -0.266847E+02
 -0.276412E+02
 -0.285915E+02
 -0.295367E+02
 -0.304751E+02
 -0.314091E+02
 -0.323353E+02
 -0.332563E+02
 -0.341720E+02
 -0.350811E+02
 -0.359833E+02
 -0.368811E+02
 -0.377717E+02
 -0.386569E+02
 -0.395347E+02
 -0.404088E+02
 -0.412776E+02
 -0.421397E+02
 -0.429950E+02
 -0.438469E+02
 -0.446926E+02
 -0.455339E+02
 -0.463681E+02
 -0.471994E+02
 -0.480269E+02
 -0.488497E+02
 -0.496657E+02
 -0.504794E+02
 -0.512892E+02
 -0.520972E+02
 -0.528996E+02
 -0.536999E+02
 -0.544966E+02
 -0.552879E+02
 -0.560719E+02
 -0.568524E+02
 -0.576263E+02
 -0.583972E+02
 -0.591611E+02
 -0.599221E+02
 -0.606776E+02
 -0.614257E+02
 -0.621645E+02
 -0.628988E+02
 -0.636240E+02
 -0.643428E+02
 -0.650508E+02
 -0.657532E+02
 -0.664476E+02
 -0.671311E+02
 -0.678024E+02
 -0.684677E+02
 -0.691229E+02
 -0.697711E+02
 -0.704075E+02
 -0.710387E+02
 -0.716621E+02
 -0.722758E+02
 -0.728775E+02
 -0.734725E+02
 -0.740564E+02
 -0.746329E+02
 -0.751969E+02
 -0.757535E+02
 -0.763012E+02
 -0.768378E+02
 -0.773616E+02
 -0.778790E+02
 -0.783849E+02
 -0.788836E+02
 -0.793711E+02
 -0.798525E+02
 -0.803258E+02
 -0.807910E+02
 -0.812451E+02
 -0.816955E+02
 -0.821372E+02
 -0.825738E+02
 -0.829989E+02
 -0.834194E+02
 -0.838339E+02
 -0.842413E+02
 -0.846381E+02
 -0.850310E+02
 -0.854148E+02
 -0.857939E+02
 -0.861620E+02
 -0.865250E+02
 -0.868802E+02
 -0.872270E+02
 -0.875629E+02
 -0.878943E+02
 -0.882159E+02
 -0.885312E+02
 -0.888348E+02
 -0.891343E+02
 -0.894261E+02
 -0.897091E+02
 -0.899802E+02
 -0.902460E+02
 -0.905017E+02
 -0.907520E+02
 -0.909908E+02
 -0.912258E+02
 -0.914547E+02
 -0.916762E+02
 -0.918868E+02
 -0.920948E+02
 -0.922946E+02
 -0.924896E+02
 -0.926744E+02
 -0.928575E+02
 -0.930357E+02
 -0.932070E+02
 -0.933685E+02
 -0.935284E+02
 -0.936799E+02
 -0.938271E+02
 -0.939632E+02
 -0.940951E+02
 -0.942203E+02
 -0.943372E+02
 -0.944414E+02
 -0.945408E+02
 -0.946300E+02
 -0.947140E+02
 -0.947859E+02
 -0.948537E+02
 -0.949156E+02
 -0.949677E+02
 -0.950087E+02
 -0.950465E+02
 -0.950739E+02
 -0.950957E+02
 -0.951058E+02
 -0.951115E+02
 -0.951092E+02
 -0.950985E+02
 -0.950766E+02
 -0.950506E+02
 -0.950145E+02
 -0.949741E+02
 -0.949231E+02
 -0.948681E+02
 -0.948062E+02
 -0.947362E+02
 -0.946542E+02
 -0.945680E+02
 -0.944707E+02
 -0.943674E+02
 -0.942528E+02
 -0.941336E+02
 -0.940060E+02
 -0.938692E+02
 -0.937190E+02
 -0.935623E+02
 -0.933938E+02
 -0.932188E+02
 -0.930307E+02
 -0.928363E+02
 -0.926329E+02
 -0.924188E+02
 -0.921905E+02
 -0.919537E+02
 -0.917022E+02
 -0.914423E+02
 -0.911678E+02
 -0.908842E+02
 -0.905887E+02
 -0.902816E+02
 -0.899597E+02
 -0.896303E+02
 -0.892874E+02
 -0.889348E+02
 -0.885675E+02
 -0.881943E+02
 -0.878124E+02
 -0.874210E+02
 -0.870174E+02
 -0.866090E+02
 -0.861906E+02
 -0.857658E+02
 -0.853294E+02
 -0.848887E+02
 -0.844408E+02
 -0.839855E+02
 -0.835189E+02
 -0.830490E+02
 -0.825710E+02
 -0.820880E+02
 -0.815959E+02
 -0.811012E+02
 -0.806014E+02
 -0.800944E+02
 -0.795776E+02
 -0.790582E+02
 -0.785312E+02
 -0.779998E+02
 -0.774590E+02
 -0.769154E+02
 -0.763651E+02
 -0.758063E+02
 -0.752386E+02
 -0.746688E+02
 -0.740909E+02
 -0.735088E+02
 -0.729183E+02
 -0.723256E+02
 -0.717275E+02
 -0.711241E+02
 -0.705129E+02
 -0.698983E+02
 -0.692760E+02
 -0.686505E+02
 -0.680166E+02
 -0.673785E+02
 -0.667345E+02
 -0.660857E+02
 -0.654295E+02
 -0.647706E+02
 -0.641040E+02
 -0.634331E+02
 -0.627550E+02
 -0.620745E+02
 -0.613894E+02
 -0.606994E+02
 -0.600020E+02
 -0.593027E+02
 -0.585990E+02
 -0.578935E+02
 -0.571823E+02
 -0.564708E+02
 -0.557570E+02
 -0.550404E+02
 -0.543182E+02
 -0.535940E+02
 -0.528646E+02
 -0.521328E+02
 -0.513937E+02
 -0.506512E+02
 -0.499042E+02
 -0.491512E+02
 -0.483890E+02
 -0.476219E+02
 -0.468482E+02
 -0.460696E+02
 -0.452819E+02
 -0.444895E+02
 -0.436917E+02
 -0.428882E+02
 -0.420767E+02
 -0.412621E+02
 -0.404437E+02
 -0.396219E+02
 -0.387943E+02
 -0.379654E+02
 -0.371345E+02
 -0.363008E+02
 -0.354627E+02
 -0.346254E+02
 -0.337873E+02
 -0.329497E+02
 -0.321103E+02
 -0.312710E+02
 -0.304322E+02
 -0.295950E+02
 -0.287567E+02
 -0.279208E+02
 -0.270859E+02
 -0.262536E+02
 -0.254224E+02
 -0.245938E+02
 -0.237690E+02
 -0.229473E+02
 -0.221256E+02
 -0.213074E+02
 -0.204919E+02
 -0.196799E+02
 -0.188704E+02
 -0.180641E+02
 -0.172602E+02
 -0.164589E+02
 -0.156616E+02
 -0.148693E+02
 -0.140802E+02
 -0.132953E+02
 -0.125139E+02
 -0.117371E+02
 -0.109639E+02
 -0.101944E+02
 -0.942944E+01
 -0.866897E+01
 -0.791188E+01
 -0.715936E+01
 -0.641081E+01
 -0.566625E+01
 -0.492536E+01
 -0.418903E+01
 -0.345706E+01
 -0.272849E+01
 -0.200365E+01
 -0.128353E+01
 -0.567192E+00
  0.146546E+00
  0.857071E+00
  0.156319E+01
  0.226543E+01
  0.296382E+01
  0.365855E+01
  0.434998E+01
  0.503691E+01
  0.572067E+01
  0.640170E+01
  0.707941E+01
  0.775382E+01
  0.842657E+01
  0.909739E+01
  0.976579E+01
  0.104318E+02
  0.110968E+02
  0.117594E+02
  0.124192E+02
  0.130769E+02
  0.137334E+02
  0.143883E+02
  0.150421E+02
  0.156941E+02
  0.163458E+02
  0.169946E+02
  0.176392E+02
  0.182803E+02
  0.189183E+02
  0.195506E+02
  0.201794E+02
  0.208032E+02
  0.214226E+02
  0.220359E+02
  0.226423E+02
  0.232415E+02
  0.238346E+02
  0.244187E+02
  0.249951E+02
  0.255626E+02
  0.261227E+02
  0.266728E+02
  0.272126E+02
  0.277421E+02
  0.282618E+02
  0.287692E+02
  0.292665E+02
  0.297522E+02
  0.302290E+02
  0.306952E+02
  0.311500E+02
  0.315932E+02
  0.320273E+02
  0.324499E+02
  0.328627E+02
  0.332638E+02
  0.336556E+02
  0.340368E+02
  0.344071E+02
  0.347654E+02
  0.351163E+02
  0.354582E+02
  0.357909E+02
  0.361114E+02
  0.364233E+02
  0.367253E+02
  0.370173E+02
  0.372975E+02
  0.375693E+02
  0.378295E+02
  0.380795E+02
  0.383170E+02
  0.385446E+02
  0.387614E+02
  0.389666E+02
  0.391589E+02
  0.393427E+02
  0.395143E+02
  0.396754E+02
  0.398240E+02
  0.399637E+02
  0.400946E+02
  0.402149E+02
  0.403235E+02
  0.404254E+02
  0.405180E+02
  0.406039E+02
  0.406794E+02
  0.407490E+02
  0.408111E+02
  0.408629E+02
  0.409052E+02
  0.409423E+02
  0.409705E+02
  0.409930E+02
  0.410069E+02
  0.410143E+02
  0.410130E+02
  0.410030E+02
  0.409824E+02
  0.409554E+02
  0.409218E+02
  0.408818E+02
  0.408304E+02
  0.407744E+02
  0.407135E+02
  0.406460E+02
  0.405708E+02
  0.404924E+02
  0.404059E+02
  0.403144E+02
  0.402179E+02
  0.401164E+02
  0.400086E+02
  0.398978E+02
  0.397820E+02
  0.396640E+02
  0.395413E+02
  0.394146E+02
  0.392820E+02
  0.391503E+02
  0.390186E+02
  0.388834E+02
  0.387446E+02
  0.386078E+02
  0.384685E+02
  0.383295E+02
  0.381883E+02
  0.380465E+02
  0.379029E+02
  0.377577E+02
  0.376082E+02
  0.374577E+02
  0.373057E+02
  0.371532E+02
  0.369959E+02
  0.368386E+02
  0.366800E+02
  0.365186E+02
  0.363521E+02
  0.361835E+02
  0.360108E+02
  0.358364E+02
  0.356578E+02
  0.354773E+02
  0.352941E+02
  0.351078E+02
  0.349171E+02
  0.347257E+02
  0.345311E+02
  0.343350E+02
  0.341347E+02
  0.339330E+02
  0.337283E+02
  0.335212E+02
  0.333103E+02
  0.330993E+02
  0.328904E+02
  0.326825E+02
  0.324648E+02
  0.322418E+02
  0.320184E+02
  0.317941E+02
  0.315646E+02
  0.313347E+02
  0.311032E+02
  0.308696E+02
  0.306346E+02
  0.303992E+02
  0.301552E+02
  0.299092E+02
  0.296666E+02
  0.294220E+02
  0.291683E+02
  0.289108E+02
  0.286528E+02
  0.283982E+02
  0.281420E+02
  0.278803E+02
  0.276152E+02
  0.273531E+02
  0.270901E+02
  0.268244E+02
  0.265552E+02
  0.262867E+02
  0.260166E+02
  0.257433E+02
  0.254658E+02
  0.251883E+02
  0.249092E+02
  0.246287E+02
  0.243458E+02
  0.240620E+02
  0.237748E+02
  0.234866E+02
  0.231960E+02
  0.229025E+02
  0.226047E+02
  0.223051E+02
  0.220022E+02
  0.216962E+02
  0.213845E+02
  0.210686E+02
  0.207484E+02
  0.204259E+02
  0.200972E+02
  0.197608E+02
  0.194180E+02
  0.190738E+02
  0.187261E+02
  0.183720E+02
  0.180124E+02
  0.176506E+02
  0.172836E+02
  0.169126E+02
  0.165385E+02
  0.161623E+02
  0.157822E+02
  0.153979E+02
  0.150085E+02
  0.146164E+02
  0.142212E+02
  0.138242E+02
  0.134240E+02
  0.130232E+02
  0.126214E+02
  0.122183E+02
  0.118142E+02
  0.114107E+02
  0.110067E+02
  0.106032E+02
  0.101992E+02
  0.979556E+01
  0.939157E+01
  0.898704E+01
  0.858161E+01
  0.817598E+01
  0.776815E+01
  0.735877E+01
  0.694885E+01
  0.653917E+01
  0.612783E+01
  0.571488E+01
  0.530111E+01
  0.488779E+01
  0.447424E+01
  0.406084E+01
  0.364649E+01
  0.323111E+01
  0.281412E+01
  0.239560E+01
  0.197559E+01
  0.155498E+01
  0.113416E+01
  0.712906E+00
  0.289872E+00
 -0.135238E+00
 -0.561325E+00
 -0.987197E+00
 -0.141320E+01
 -0.183813E+01
 -0.226146E+01
 -0.268285E+01
 -0.310226E+01
 -0.352099E+01
 -0.393894E+01
 -0.435390E+01
 -0.476560E+01
 -0.517583E+01
 -0.558456E+01
 -0.599038E+01
 -0.639288E+01
 -0.679268E+01
 -0.718896E+01
 -0.758044E+01
 -0.796690E+01
 -0.834737E+01
 -0.872054E+01
 -0.908925E+01
 -0.945404E+01
 -0.981216E+01
 -0.101617E+02
 -0.105050E+02
 -0.108438E+02
 -0.111776E+02
 -0.115040E+02
 -0.118236E+02
 -0.121372E+02
 -0.124455E+02
 -0.127468E+02
 -0.130406E+02
 -0.133277E+02
 -0.136089E+02
 -0.138835E+02
 -0.141508E+02
 -0.144095E+02
 -0.146633E+02
 -0.149116E+02
 -0.151533E+02
 -0.153888E+02
 -0.156190E+02
 -0.158448E+02
 -0.160664E+02
 -0.162798E+02
 -0.164866E+02
 -0.166873E+02
 -0.168827E+02
 -0.170721E+02
 -0.172548E+02
 -0.174322E+02
 -0.176043E+02
 -0.177685E+02
 -0.179281E+02
 -0.180827E+02
 -0.182308E+02
 -0.183724E+02
 -0.185095E+02
 -0.186412E+02
 -0.187677E+02
 -0.188894E+02
 -0.190089E+02
 -0.191235E+02
 -0.192326E+02
 -0.193374E+02
 -0.194399E+02
 -0.195398E+02
 -0.196383E+02
 -0.197332E+02
 -0.198264E+02
 -0.199192E+02
 -0.200115E+02
 -0.201014E+02
 -0.201899E+02
 -0.202774E+02
 -0.203663E+02
 -0.204551E+02
 -0.205438E+02
 -0.206320E+02
 -0.207197E+02
 -0.208059E+02
 -0.208916E+02
 -0.209763E+02
 -0.210604E+02
 -0.211436E+02
 -0.212296E+02
 -0.213164E+02
 -0.214013E+02
 -0.214825E+02
 -0.215631E+02
 -0.216423E+02
 -0.217197E+02
 -0.217942E+02
 -0.218674E+02
 -0.219390E+02
 -0.220102E+02
 -0.220782E+02
 -0.221411E+02
 -0.221992E+02
 -0.222559E+02
 -0.223083E+02
 -0.223562E+02
 -0.224001E+02
 -0.224415E+02
 -0.224802E+02
 -0.225166E+02
 -0.225475E+02
 -0.225758E+02
 -0.226010E+02
 -0.226250E+02
 -0.226469E+02
 -0.226640E+02
 -0.226778E+02
 -0.226903E+02
 -0.226981E+02
 -0.227037E+02
 -0.227039E+02
 -0.226987E+02
 -0.226912E+02
 -0.226817E+02
 -0.226669E+02
 -0.226498E+02
 -0.226278E+02
 -0.225983E+02
 -0.225616E+02
 -0.225219E+02
 -0.224793E+02
 -0.224314E+02
 -0.223769E+02
 -0.223197E+02
 -0.222577E+02
 -0.221921E+02
 -0.221217E+02
 -0.220461E+02
 -0.219666E+02
 -0.218849E+02
 -0.217984E+02
 -0.217103E+02
 -0.216212E+02
 -0.215307E+02
 -0.214384E+02
 -0.213458E+02
 -0.212507E+02
 -0.211533E+02
 -0.210535E+02
 -0.209536E+02
 -0.208511E+02
 -0.207476E+02
 -0.206436E+02
 -0.205381E+02
 -0.204300E+02
 -0.203201E+02
 -0.202086E+02
 -0.200973E+02
 -0.199841E+02
 -0.198684E+02
 -0.197479E+02
 -0.196266E+02
 -0.195042E+02
 -0.193781E+02
 -0.192468E+02
 -0.191119E+02
 -0.189732E+02
 -0.188315E+02
 -0.186845E+02
 -0.185336E+02
 -0.183793E+02
 -0.182222E+02
 -0.180615E+02
 -0.178970E+02
 -0.177268E+02
 -0.175545E+02
 -0.173788E+02
 -0.171997E+02
 -0.170171E+02
 -0.168313E+02
 -0.166415E+02
 -0.164468E+02
 -0.162471E+02
 -0.160473E+02
 -0.158463E+02
 -0.156433E+02
 -0.154394E+02
 -0.152358E+02
 -0.150304E+02
 -0.148251E+02
 -0.146196E+02
 -0.144123E+02
 -0.142026E+02
 -0.139937E+02
 -0.137856E+02
 -0.135774E+02
 -0.133702E+02
 -0.131661E+02
 -0.129608E+02
 -0.127551E+02
 -0.125506E+02
 -0.123459E+02
 -0.121387E+02
 -0.119311E+02
 -0.117221E+02
 -0.115122E+02
 -0.113021E+02
 -0.110915E+02
 -0.108779E+02
 -0.106624E+02
 -0.104448E+02
 -0.102240E+02
 -0.999915E+01
 -0.977336E+01
 -0.954602E+01
 -0.931632E+01
 -0.908547E+01
 -0.885545E+01
 -0.862517E+01
 -0.839323E+01
 -0.815817E+01
 -0.792283E+01
 -0.768848E+01
 -0.745217E+01
 -0.721314E+01
 -0.697417E+01
 -0.673514E+01
 -0.649605E+01
 -0.625735E+01
 -0.602002E+01
 -0.578177E+01
 -0.554266E+01
 -0.530370E+01
 -0.506520E+01
 -0.482551E+01
 -0.458353E+01
 -0.434134E+01
 -0.409934E+01
 -0.385606E+01
 -0.361130E+01
 -0.336531E+01
 -0.311905E+01
 -0.287111E+01
 -0.262228E+01
 -0.237294E+01
 -0.212228E+01
 -0.187091E+01
 -0.161843E+01
 -0.136542E+01
 -0.111182E+01
 -0.858009E+00
 -0.606094E+00
 -0.354270E+00
 -0.101654E+00
  0.148102E+00
  0.394982E+00
  0.641839E+00
  0.887223E+00
  0.112826E+01
  0.136661E+01
  0.160502E+01
  0.184253E+01
  0.207642E+01
  0.230824E+01
  0.254047E+01
  0.277182E+01
  0.300187E+01
  0.323098E+01
  0.345663E+01
  0.368244E+01
  0.390879E+01
  0.413290E+01
  0.435378E+01
  0.457116E+01
  0.478912E+01
  0.500788E+01
  0.522176E+01
  0.543082E+01
  0.563747E+01
  0.584186E+01
  0.604158E+01
  0.623743E+01
  0.642982E+01
  0.661999E+01
  0.680724E+01
  0.699169E+01
  0.717413E+01
  0.735359E+01
  0.752953E+01
  0.770574E+01
  0.788123E+01
  0.805428E+01
  0.822342E+01
  0.839038E+01
  0.855678E+01
  0.872146E+01
  0.888564E+01
  0.905076E+01
  0.921171E+01
  0.937100E+01
  0.953036E+01
  0.968665E+01
  0.984109E+01
  0.999522E+01
  0.101454E+02
  0.102937E+02
  0.104406E+02
  0.105864E+02
  0.107287E+02
  0.108669E+02
  0.110051E+02
  0.111439E+02
  0.112783E+02
  0.114119E+02
  0.115472E+02
  0.116826E+02
  0.118165E+02
  0.119510E+02
  0.120852E+02
  0.122194E+02
  0.123508E+02
  0.124835E+02
  0.126200E+02
  0.127540E+02
  0.128843E+02
  0.130164E+02
  0.131485E+02
  0.132797E+02
  0.134080E+02
  0.135334E+02
  0.136560E+02
  0.137777E+02
  0.138957E+02
  0.140077E+02
  0.141151E+02
  0.142213E+02
  0.143227E+02
  0.144160E+02
  0.145037E+02
  0.145886E+02
  0.146649E+02
  0.147347E+02
  0.148018E+02
  0.148657E+02
  0.149239E+02
  0.149799E+02
  0.150345E+02
  0.150847E+02
  0.151301E+02
  0.151762E+02
  0.152204E+02
  0.152601E+02
  0.152968E+02
  0.153341E+02
  0.153681E+02
  0.154023E+02
  0.154384E+02
  0.154709E+02
  0.154989E+02
  0.155293E+02
  0.155586E+02
  0.155824E+02
  0.156055E+02
  0.156311E+02
  0.156520E+02
  0.156701E+02
  0.156894E+02
  0.157088E+02
  0.157210E+02
  0.157315E+02
  0.157462E+02
  0.157563E+02
  0.157583E+02
  0.157637E+02
  0.157714E+02
  0.157746E+02
  0.157725E+02
  0.157712E+02
  0.157695E+02
  0.157643E+02
  0.157567E+02
  0.157483E+02
  0.157362E+02
  0.157236E+02
  0.157108E+02
  0.156955E+02
  0.156764E+02
  0.156579E+02
  0.156382E+02
  0.156127E+02
  0.155845E+02
  0.155581E+02
  0.155275E+02
  0.154929E+02
  0.154550E+02
  0.154124E+02
  0.153627E+02
  0.153106E+02
  0.152571E+02
  0.151975E+02
  0.151295E+02
  0.150615E+02
  0.149921E+02
  0.149125E+02
  0.148273E+02
  0.147441E+02
  0.146549E+02
  0.145608E+02
  0.144644E+02
  0.143663E+02
  0.142673E+02
  0.141663E+02
  0.140640E+02
  0.139608E+02
  0.138536E+02
  0.137451E+02
  0.136356E+02
  0.135279E+02
  0.134192E+02
  0.133077E+02
  0.131952E+02
  0.130854E+02
  0.129732E+02
  0.128564E+02
  0.127395E+02
  0.126246E+02
  0.125094E+02
  0.123947E+02
  0.122814E+02
  0.121704E+02
  0.120593E+02
  0.119503E+02
  0.118407E+02
  0.117300E+02
  0.116188E+02
  0.115090E+02
  0.114011E+02
  0.112938E+02
  0.111849E+02
  0.110768E+02
  0.109679E+02
  0.108568E+02
  0.107455E+02
  0.106339E+02
  0.105192E+02
  0.104052E+02
  0.102924E+02
  0.101801E+02
  0.100675E+02
  0.995396E+01
  0.983723E+01
  0.972079E+01
  0.960508E+01
  0.948654E+01
  0.936515E+01
  0.924463E+01
  0.912387E+01
  0.900082E+01
  0.887587E+01
  0.875118E+01
  0.862524E+01
  0.849764E+01
  0.836775E+01
  0.823917E+01
  0.811239E+01
  0.798373E+01
  0.785437E+01
  0.772871E+01
  0.760233E+01
  0.747304E+01
  0.734425E+01
  0.721763E+01
  0.708986E+01
  0.696188E+01
  0.683394E+01
  0.670476E+01
  0.657621E+01
  0.645088E+01
  0.632325E+01
  0.618980E+01
  0.605454E+01
  0.592455E+01
  0.579787E+01
  0.567020E+01
  0.554542E+01
  0.542595E+01
  0.530689E+01
  0.519058E+01
  0.507990E+01
  0.497147E+01
  0.486131E+01
  0.475399E+01
  0.465426E+01
  0.456045E+01
  0.447009E+01
  0.438434E+01
  0.430352E+01
  0.422923E+01
  0.416189E+01
  0.409929E+01
  0.403986E+01
  0.398714E+01
  0.394254E+01
  0.390434E+01
  0.387215E+01
  0.384756E+01
  0.382920E+01
  0.381501E+01
  0.380372E+01
  0.379942E+01
  0.380385E+01
  0.381348E+01
  0.382838E+01
  0.385238E+01
  0.388468E+01
  0.392376E+01
  0.396829E+01
  0.401871E+01
  0.407517E+01
  0.413745E+01
  0.420616E+01
  0.428254E+01
  0.436476E+01
  0.445301E+01
  0.454870E+01
  0.465094E+01
  0.476010E+01
  0.487762E+01
  0.500105E+01
  0.512976E+01
  0.526279E+01
  0.540117E+01
  0.554618E+01
  0.569629E+01
  0.584984E+01
  0.600665E+01
  0.616650E+01
  0.633154E+01
  0.650090E+01
  0.667299E+01
  0.684675E+01
  0.702465E+01
  0.720691E+01
  0.739178E+01
  0.757842E+01
  0.776940E+01
  0.796380E+01
  0.816121E+01
  0.836197E+01
  0.856606E+01
  0.877145E+01
  0.897821E+01
  0.918717E+01
  0.939869E+01
  0.961103E+01
  0.982551E+01
  0.100429E+02
  0.102631E+02
  0.104857E+02
  0.107128E+02
  0.109412E+02
  0.111718E+02
  0.114084E+02
  0.116479E+02
  0.118860E+02
  0.121264E+02
  0.123699E+02
  0.126161E+02
  0.128619E+02
  0.131074E+02
  0.133525E+02
  0.135954E+02
  0.138353E+02
  0.140733E+02
  0.143073E+02
  0.145393E+02
  0.147697E+02
  0.149991E+02
  0.152263E+02
  0.154517E+02
  0.156735E+02
  0.158919E+02
  0.161056E+02
  0.163164E+02
  0.165215E+02
  0.167223E+02
  0.169221E+02
  0.171201E+02
  0.173149E+02
  0.175077E+02
  0.176984E+02
  0.178894E+02
  0.180765E+02
  0.182606E+02
  0.184421E+02
  0.186186E+02
  0.187882E+02
  0.189552E+02
  0.191173E+02
  0.192731E+02
  0.194223E+02
  0.195691E+02
  0.197137E+02
  0.198529E+02
  0.199863E+02
  0.201174E+02
  0.202445E+02
  0.203688E+02
  0.204868E+02
  0.206009E+02
  0.207126E+02
  0.208221E+02
  0.209272E+02
  0.210287E+02
  0.211272E+02
  0.212247E+02
  0.213182E+02
  0.214097E+02
  0.214993E+02
  0.215862E+02
  0.216695E+02
  0.217523E+02
  0.218329E+02
  0.219132E+02
  0.219922E+02
  0.220718E+02
  0.221507E+02
  0.222280E+02
  0.223024E+02
  0.223744E+02
  0.224432E+02
  0.225107E+02
  0.225756E+02
  0.226417E+02
  0.227079E+02
  0.227747E+02
  0.228409E+02
  0.229080E+02
  0.229753E+02
  0.230427E+02
  0.231077E+02
  0.231737E+02
  0.232396E+02
  0.233043E+02
  0.233683E+02
  0.234350E+02
  0.235012E+02
  0.235669E+02
  0.236314E+02
  0.236975E+02
  0.237632E+02
  0.238290E+02
  0.238954E+02
  0.239642E+02
  0.240331E+02
  0.241044E+02
  0.241749E+02
  0.242463E+02
  0.243191E+02
  0.243925E+02
  0.244642E+02
  0.245365E+02
  0.246083E+02
  0.246820E+02
  0.247567E+02
  0.248332E+02
  0.249091E+02
  0.249838E+02
  0.250587E+02
  0.251355E+02
  0.252104E+02
  0.252888E+02
  0.253698E+02
  0.254526E+02
  0.255367E+02
  0.256217E+02
  0.257051E+02
  0.257899E+02
  0.258747E+02
  0.259572E+02
  0.260358E+02
  0.261169E+02
  0.261975E+02
  0.262742E+02
  0.263473E+02
  0.264198E+02
  0.264893E+02
  0.265567E+02
  0.266198E+02
  0.266806E+02
  0.267389E+02
  0.267941E+02
  0.268454E+02
  0.268949E+02
  0.269404E+02
  0.269854E+02
  0.270294E+02
  0.270730E+02
  0.271154E+02
  0.271580E+02
  0.271973E+02
  0.272354E+02
  0.272733E+02
  0.273121E+02
  0.273470E+02
  0.273793E+02
  0.274090E+02
  0.274374E+02
  0.274644E+02
  0.274916E+02
  0.275154E+02
  0.275377E+02
  0.275570E+02
  0.275759E+02
  0.275897E+02
  0.275979E+02
  0.276014E+02
  0.276021E+02
  0.275991E+02
  0.275925E+02
  0.275801E+02
  0.275645E+02
  0.275465E+02
  0.275245E+02
  0.274941E+02
  0.274598E+02
  0.274204E+02
  0.273770E+02
  0.273281E+02
  0.272757E+02
  0.272195E+02
  0.271581E+02
  0.270912E+02
  0.270223E+02
  0.269487E+02
  0.268719E+02
  0.267881E+02
  0.267019E+02
  0.266143E+02
  0.265236E+02
  0.264287E+02
  0.263303E+02
  0.262282E+02
  0.261261E+02
  0.260201E+02
  0.259115E+02
  0.258000E+02
  0.256869E+02
  0.255729E+02
  0.254595E+02
  0.253407E+02
  0.252182E+02
  0.250927E+02
  0.249649E+02
  0.248342E+02
  0.247017E+02
  0.245662E+02
  0.244322E+02
  0.242983E+02
  0.241636E+02
  0.240262E+02
  0.238883E+02
  0.237492E+02
  0.236083E+02
  0.234620E+02
  0.233125E+02
  0.231593E+02
  0.230032E+02
  0.228443E+02
  0.226859E+02
  0.225249E+02
  0.223611E+02
  0.221940E+02
  0.220243E+02
  0.218505E+02
  0.216743E+02
  0.214952E+02
  0.213155E+02
  0.211325E+02
  0.209466E+02
  0.207581E+02
  0.205679E+02
  0.203750E+02
  0.201820E+02
  0.199887E+02
  0.197969E+02
  0.196068E+02
  0.194171E+02
  0.192264E+02
  0.190381E+02
  0.188489E+02
  0.186594E+02
  0.184708E+02
  0.182820E+02
  0.180910E+02
  0.179009E+02
  0.177096E+02
  0.175178E+02
  0.173258E+02
  0.171356E+02
  0.169440E+02
  0.167505E+02
  0.165558E+02
  0.163637E+02
  0.161711E+02
  0.159743E+02
  0.157758E+02
  0.155808E+02
  0.153850E+02
  0.151887E+02
  0.149927E+02
  0.147961E+02
  0.145976E+02
  0.143983E+02
  0.141953E+02
  0.139896E+02
  0.137807E+02
  0.135697E+02
  0.133567E+02
  0.131414E+02
  0.129232E+02
  0.127044E+02
  0.124857E+02
  0.122665E+02
  0.120436E+02
  0.118203E+02
  0.115973E+02
  0.113728E+02
  0.111453E+02
  0.109184E+02
  0.106920E+02
  0.104639E+02
  0.102324E+02
  0.100006E+02
  0.976799E+01
  0.953276E+01
  0.929336E+01
  0.905189E+01
  0.880954E+01
  0.856739E+01
  0.832474E+01
  0.808289E+01
  0.784134E+01
  0.759978E+01
  0.735762E+01
  0.711553E+01
  0.687287E+01
  0.662992E+01
  0.638482E+01
  0.613959E+01
  0.589726E+01
  0.565807E+01
  0.542148E+01
  0.518935E+01
  0.496191E+01
  0.473939E+01
  0.451967E+01
  0.430416E+01
  0.409265E+01
  0.388383E+01
  0.368040E+01
  0.348350E+01
  0.329223E+01
  0.310821E+01
  0.292908E+01
  0.275519E+01
  0.258759E+01
  0.242497E+01
  0.226567E+01
  0.210996E+01
  0.195929E+01
  0.181417E+01
  0.167256E+01
  0.153614E+01
  0.140709E+01
  0.128416E+01
  0.116624E+01
  0.105302E+01
  0.941844E+00
  0.834122E+00
  0.731642E+00
  0.634100E+00
  0.541235E+00
  0.452553E+00
  0.368456E+00
  0.290234E+00
  0.216759E+00
  0.148804E+00
  0.859265E-01
  0.271783E-01
 -0.272746E-01
 -0.767531E-01
 -0.120452E+00
 -0.158876E+00
 -0.192611E+00
 -0.222038E+00
 -0.248767E+00
 -0.272619E+00
 -0.292680E+00
 -0.308307E+00
 -0.321264E+00
 -0.330570E+00
 -0.333648E+00
 -0.331827E+00
 -0.326549E+00
 -0.317268E+00
 -0.305498E+00
 -0.291492E+00
 -0.274791E+00
 -0.255498E+00
 -0.233402E+00
 -0.207407E+00
 -0.176977E+00
 -0.143245E+00
 -0.106971E+00
 -0.670161E-01
 -0.259948E-01
  0.157514E-01
  0.605836E-01
  0.107573E+00
  0.155249E+00
  0.205000E+00
  0.257819E+00
  0.313166E+00
  0.370331E+00
  0.430356E+00
  0.492226E+00
  0.556227E+00
  0.623631E+00
  0.693907E+00
  0.765839E+00
  0.839676E+00
  0.915745E+00
  0.992629E+00
  0.106877E+01
  0.114690E+01
  0.122649E+01
  0.130606E+01
  0.138705E+01
  0.147069E+01
  0.155594E+01
  0.164131E+01
  0.172670E+01
  0.181296E+01
  0.189858E+01
  0.198262E+01
  0.206552E+01
  0.215019E+01
  0.223560E+01
  0.232020E+01
  0.240332E+01
  0.248597E+01
  0.256928E+01
  0.264988E+01
  0.272763E+01
  0.280524E+01
  0.288016E+01
  0.295243E+01
  0.302267E+01
  0.309102E+01
  0.315426E+01
  0.321272E+01
  0.326879E+01
  0.332137E+01
  0.336823E+01
  0.340767E+01
  0.344006E+01
  0.346761E+01
  0.348832E+01
  0.350160E+01
  0.350820E+01
  0.350965E+01
  0.350516E+01
  0.349475E+01
  0.347778E+01
  0.345507E+01
  0.342622E+01
  0.339072E+01
  0.334946E+01
  0.330259E+01
  0.324885E+01
  0.318856E+01
  0.312255E+01
  0.305201E+01
  0.297516E+01
  0.289062E+01
  0.279978E+01
  0.270458E+01
  0.260366E+01
  0.249738E+01
  0.238544E+01
  0.226719E+01
  0.214219E+01
  0.201166E+01
  0.187515E+01
  0.173158E+01
  0.158147E+01
  0.142633E+01
  0.126607E+01
  0.110064E+01
  0.929675E+00
  0.753542E+00
  0.572550E+00
  0.386367E+00
  0.194581E+00
 -0.416803E-02
 -0.210953E+00
 -0.422030E+00
 -0.637094E+00
 -0.857641E+00
 -0.108322E+01
 -0.131305E+01
 -0.154652E+01
 -0.178235E+01
 -0.201968E+01
 -0.225931E+01
 -0.250165E+01
 -0.274518E+01
 -0.298896E+01
 -0.323178E+01
 -0.347359E+01
 -0.371507E+01
 -0.395407E+01
 -0.418970E+01
 -0.442240E+01
 -0.465055E+01
 -0.487402E+01
 -0.509352E+01
 -0.530839E+01
 -0.551723E+01
 -0.572100E+01
 -0.592111E+01
 -0.611646E+01
 -0.630830E+01
 -0.649746E+01
 -0.668422E+01
 -0.686936E+01
 -0.705278E+01
 -0.723354E+01
 -0.741100E+01
 -0.758530E+01
 -0.775783E+01
 -0.792700E+01
 -0.809215E+01
 -0.825407E+01
 -0.841308E+01
 -0.856945E+01
 -0.872283E+01
 -0.887238E+01
 -0.901884E+01
 -0.916244E+01
 -0.930273E+01
 -0.943850E+01
 -0.957106E+01
 -0.970079E+01
 -0.982872E+01
 -0.995396E+01
 -0.100753E+02
 -0.101925E+02
 -0.103085E+02
 -0.104238E+02
 -0.105371E+02
 -0.106496E+02
 -0.107654E+02
 -0.108841E+02
 -0.110040E+02
 -0.111239E+02
 -0.112447E+02
 -0.113647E+02
 -0.114836E+02
 -0.116009E+02
 -0.117166E+02
 -0.118310E+02
 -0.119450E+02
 -0.120577E+02
 -0.121709E+02
 -0.122847E+02
 -0.123982E+02
 -0.125089E+02
 -0.126163E+02
 -0.127208E+02
 -0.128228E+02
 -0.129210E+02
 -0.130165E+02
 -0.131093E+02
 -0.132007E+02
 -0.132908E+02
 -0.133801E+02
 -0.134682E+02
 -0.135568E+02
 -0.136467E+02
 -0.137367E+02
 -0.138248E+02
 -0.139131E+02
 -0.140016E+02
 -0.140913E+02
 -0.141814E+02
 -0.142722E+02
 -0.143627E+02
 -0.144528E+02
 -0.145441E+02
 -0.146376E+02
 -0.147320E+02
 -0.148282E+02
 -0.149254E+02
 -0.150247E+02
 -0.151249E+02
 -0.152254E+02
 -0.153257E+02
 -0.154258E+02
 -0.155247E+02
 -0.156226E+02
 -0.157178E+02
 -0.158114E+02
 -0.159040E+02
 -0.159944E+02
 -0.160803E+02
 -0.161637E+02
 -0.162432E+02
 -0.163191E+02
 -0.163897E+02
 -0.164570E+02
 -0.165224E+02
 -0.165858E+02
 -0.166460E+02
 -0.167041E+02
 -0.167610E+02
 -0.168182E+02
 -0.168717E+02
 -0.169224E+02
 -0.169723E+02
 -0.170213E+02
 -0.170677E+02
 -0.171117E+02
 -0.171536E+02
 -0.171945E+02
 -0.172335E+02
 -0.172715E+02
 -0.173073E+02
 -0.173411E+02
 -0.173733E+02
 -0.174051E+02
 -0.174356E+02
 -0.174659E+02
 -0.174957E+02
 -0.175252E+02
 -0.175535E+02
 -0.175816E+02
 -0.176084E+02
 -0.176345E+02
 -0.176578E+02
 -0.176795E+02
 -0.176992E+02
 -0.177161E+02
 -0.177292E+02
 -0.177396E+02
 -0.177479E+02
 -0.177552E+02
 -0.177602E+02
 -0.177658E+02
 -0.177717E+02
 -0.177780E+02
 -0.177848E+02
 -0.177926E+02
 -0.177999E+02
 -0.178078E+02
 -0.178170E+02
 -0.178285E+02
 -0.178408E+02
 -0.178557E+02
 -0.178723E+02
 -0.178912E+02
 -0.179123E+02
 -0.179351E+02
 -0.179587E+02
 -0.179840E+02
 -0.180104E+02
 -0.180390E+02
 -0.180692E+02
 -0.181008E+02
 -0.181341E+02
 -0.181705E+02
 -0.182068E+02
 -0.182442E+02
 -0.182833E+02
 -0.183241E+02
 -0.183648E+02
 -0.184051E+02
 -0.184454E+02
 -0.184878E+02
 -0.185308E+02
 -0.185745E+02
 -0.186174E+02
 -0.186631E+02
 -0.187111E+02
 -0.187585E+02
 -0.188065E+02
 -0.188575E+02
 -0.189086E+02
 -0.189595E+02
 -0.190109E+02
 -0.190648E+02
 -0.191186E+02
 -0.191718E+02
 -0.192253E+02
 -0.192817E+02
 -0.193400E+02
 -0.193999E+02
 -0.194594E+02
 -0.195209E+02
 -0.195859E+02
 -0.196537E+02
 -0.197224E+02
 -0.197938E+02
 -0.198670E+02
 -0.199431E+02
 -0.200209E+02
 -0.201019E+02
 -0.201858E+02
 -0.202718E+02
 -0.203581E+02
 -0.204467E+02
 -0.205385E+02
 -0.206330E+02
 -0.207284E+02
 -0.208282E+02
 -0.209322E+02
 -0.210408E+02
 -0.211538E+02
 -0.212714E+02
 -0.213918E+02
 -0.215172E+02
 -0.216468E+02
 -0.217806E+02
 -0.219185E+02
 -0.220596E+02
 -0.222019E+02
 -0.223477E+02
 -0.224960E+02
 -0.226470E+02
 -0.227987E+02
 -0.229524E+02
 -0.231076E+02
 -0.232643E+02
 -0.234212E+02
 -0.235790E+02
 -0.237374E+02
 -0.238987E+02
 -0.240600E+02
 -0.242211E+02
 -0.243837E+02
 -0.245496E+02
 -0.247167E+02
 -0.248857E+02
 -0.250564E+02
 -0.252310E+02
 -0.254074E+02
 -0.255873E+02
 -0.257684E+02
 -0.259497E+02
 -0.261312E+02
 -0.263147E+02
 -0.264981E+02
 -0.266818E+02
 -0.268635E+02
 -0.270452E+02
 -0.272281E+02
 -0.274100E+02
 -0.275877E+02
 -0.277642E+02
 -0.279379E+02
 -0.281094E+02
 -0.282773E+02
 -0.284430E+02
 -0.286046E+02
 -0.287623E+02
 -0.289149E+02
 -0.290644E+02
 -0.292085E+02
 -0.293474E+02
 -0.294804E+02
 -0.296095E+02
 -0.297334E+02
 -0.298528E+02
 -0.299680E+02
 -0.300796E+02
 -0.301855E+02
 -0.302891E+02
 -0.303889E+02
 -0.304863E+02
 -0.305791E+02
 -0.306679E+02
 -0.307521E+02
 -0.308328E+02
 -0.309081E+02
 -0.309798E+02
 -0.310458E+02
 -0.311083E+02
 -0.311666E+02
 -0.312199E+02
 -0.312676E+02
 -0.313123E+02
 -0.313523E+02
 -0.313897E+02
 -0.314227E+02
 -0.314538E+02
 -0.314839E+02
 -0.315129E+02
 -0.315390E+02
 -0.315648E+02
 -0.315884E+02
 -0.316110E+02
 -0.316297E+02
 -0.316478E+02
 -0.316652E+02
 -0.316815E+02
 -0.316964E+02
 -0.317132E+02
 -0.317295E+02
 -0.317451E+02
 -0.317579E+02
 -0.317725E+02
 -0.317867E+02
 -0.317970E+02
 -0.318036E+02
 -0.318117E+02
 -0.318185E+02
 -0.318238E+02
 -0.318270E+02
 -0.318329E+02
 -0.318394E+02
 -0.318440E+02
 -0.318480E+02
 -0.318551E+02
 -0.318606E+02
 -0.318652E+02
 -0.318692E+02
 -0.318744E+02
 -0.318767E+02
 -0.318772E+02
 -0.318763E+02
 -0.318747E+02
 -0.318703E+02
 -0.318650E+02
 -0.318581E+02
 -0.318506E+02
 -0.318402E+02
 -0.318290E+02
 -0.318167E+02
 -0.318020E+02
 -0.317827E+02
 -0.317635E+02
 -0.317429E+02
 -0.317200E+02
 -0.316930E+02
 -0.316642E+02
 -0.316334E+02
 -0.316024E+02
 -0.315678E+02
 -0.315310E+02
 -0.314916E+02
 -0.314520E+02
 -0.314104E+02
 -0.313663E+02
 -0.313202E+02
 -0.312749E+02
 -0.312283E+02
 -0.311824E+02
 -0.311351E+02
 -0.310872E+02
 -0.310377E+02
 -0.309865E+02
 -0.309322E+02
 -0.308770E+02
 -0.308172E+02
 -0.307550E+02
 -0.306897E+02
 -0.306226E+02
 -0.305520E+02
 -0.304772E+02
 -0.303976E+02
 -0.303158E+02
 -0.302302E+02
 -0.301420E+02
 -0.300487E+02
 -0.299522E+02
 -0.298514E+02
 -0.297467E+02
 -0.296381E+02
 -0.295263E+02
 -0.294092E+02
 -0.292895E+02
 -0.291659E+02
 -0.290403E+02
 -0.289115E+02
 -0.287787E+02
 -0.286423E+02
 -0.285054E+02
 -0.283662E+02
 -0.282263E+02
 -0.280848E+02
 -0.279441E+02
 -0.278026E+02
 -0.276609E+02
 -0.275189E+02
 -0.273781E+02
 -0.272362E+02
 -0.270954E+02
 -0.269548E+02
 -0.268158E+02
 -0.266777E+02
 -0.265398E+02
 -0.264006E+02
 -0.262621E+02
 -0.261223E+02
 -0.259809E+02
 -0.258360E+02
 -0.256892E+02
 -0.255400E+02
 -0.253883E+02
 -0.252326E+02
 -0.250749E+02
 -0.249148E+02
 -0.247531E+02
 -0.245884E+02
 -0.244233E+02
 -0.242569E+02
 -0.240888E+02
 -0.239188E+02
 -0.237493E+02
 -0.235799E+02
 -0.234118E+02
 -0.232432E+02
 -0.230758E+02
 -0.229091E+02
 -0.227426E+02
 -0.225767E+02
 -0.224144E+02
 -0.222541E+02
 -0.220957E+02
 -0.219376E+02
 -0.217822E+02
 -0.216293E+02
 -0.214777E+02
 -0.213271E+02
 -0.211807E+02
 -0.210364E+02
 -0.208943E+02
 -0.207536E+02
 -0.206162E+02
 -0.204814E+02
 -0.203471E+02
 -0.202118E+02
 -0.200777E+02
 -0.199422E+02
 -0.198053E+02
 -0.196658E+02
 -0.195246E+02
 -0.193812E+02
 -0.192349E+02
 -0.190852E+02
 -0.189334E+02
 -0.187780E+02
 -0.186210E+02
 -0.184593E+02
 -0.182936E+02
 -0.181244E+02
 -0.179510E+02
 -0.177718E+02
 -0.175875E+02
 -0.173988E+02
 -0.172077E+02
 -0.170107E+02
 -0.168086E+02
 -0.166019E+02
 -0.163911E+02
 -0.161756E+02
 -0.159547E+02
 -0.157281E+02
 -0.154977E+02
 -0.152621E+02
 -0.150217E+02
 -0.147754E+02
 -0.145237E+02
 -0.142666E+02
 -0.140043E+02
 -0.137367E+02
 -0.134650E+02
 -0.131879E+02
 -0.129055E+02
 -0.126181E+02
 -0.123263E+02
 -0.120300E+02
 -0.117311E+02
 -0.114295E+02
 -0.111256E+02
 -0.108188E+02
 -0.105103E+02
 -0.102004E+02
 -0.988824E+01
 -0.957321E+01
 -0.925660E+01
 -0.893872E+01
 -0.861973E+01
 -0.829824E+01
 -0.797467E+01
 -0.764910E+01
 -0.732161E+01
 -0.699229E+01
 -0.666211E+01
 -0.633128E+01
 -0.599963E+01
 -0.566658E+01
 -0.533240E+01
 -0.499597E+01
 -0.465731E+01
 -0.431628E+01
 -0.397242E+01
 -0.362690E+01
 -0.328055E+01
 -0.293299E+01
 -0.258589E+01
 -0.224023E+01
 -0.189595E+01
 -0.155183E+01
 -0.120754E+01
 -0.864716E+00
 -0.522154E+00
 -0.179157E+00
  0.163115E+00
  0.503974E+00
  0.843762E+00
  0.118349E+01
  0.152305E+01
  0.186298E+01
  0.220414E+01
  0.254409E+01
  0.288260E+01
  0.322115E+01
  0.356030E+01
  0.389979E+01
  0.423841E+01
  0.457619E+01
  0.491451E+01
  0.525259E+01
  0.559189E+01
  0.593094E+01
  0.626896E+01
  0.660586E+01
  0.694070E+01
  0.727437E+01
  0.760738E+01
  0.793797E+01
  0.826714E+01
  0.859507E+01
  0.892147E+01
  0.924423E+01
  0.956459E+01
  0.988266E+01
  0.101982E+02
  0.105109E+02
  0.108214E+02
  0.111285E+02
  0.114334E+02
  0.117366E+02
  0.120382E+02
  0.123381E+02
  0.126370E+02
  0.129334E+02
  0.132287E+02
  0.135230E+02
  0.138163E+02
  0.141071E+02
  0.143967E+02
  0.146832E+02
  0.149662E+02
  0.152458E+02
  0.155230E+02
  0.157955E+02
  0.160645E+02
  0.163294E+02
  0.165909E+02
  0.168483E+02
  0.171024E+02
  0.173511E+02
  0.175960E+02
  0.178368E+02
  0.180727E+02
  0.183024E+02
  0.185290E+02
  0.187519E+02
  0.189711E+02
  0.191851E+02
  0.193962E+02
  0.196040E+02
  0.198082E+02
  0.200084E+02
  0.202064E+02
  0.203993E+02
  0.205904E+02
  0.207785E+02
  0.209637E+02
  0.211461E+02
  0.213247E+02
  0.214970E+02
  0.216652E+02
  0.218276E+02
  0.219855E+02
  0.221376E+02
  0.222866E+02
  0.224325E+02
  0.225750E+02
  0.227131E+02
  0.228487E+02
  0.229794E+02
  0.231074E+02
  0.232310E+02
  0.233521E+02
  0.234704E+02
  0.235861E+02
  0.236996E+02
  0.238117E+02
  0.239201E+02
  0.240262E+02
  0.241280E+02
  0.242284E+02
  0.243272E+02
  0.244241E+02
  0.245188E+02
  0.246139E+02
  0.247068E+02
  0.247991E+02
  0.248898E+02
  0.249805E+02
  0.250691E+02
  0.251552E+02
  0.252375E+02
  0.253186E+02
  0.253965E+02
  0.254732E+02
  0.255471E+02
  0.256190E+02
  0.256890E+02
  0.257577E+02
  0.258235E+02
  0.258891E+02
  0.259529E+02
  0.260166E+02
  0.260793E+02
  0.261426E+02
  0.262046E+02
  0.262653E+02
  0.263242E+02
  0.263841E+02
  0.264422E+02
  0.264999E+02
  0.265544E+02
  0.266074E+02
  0.266594E+02
  0.267104E+02
  0.267594E+02
  0.268071E+02
  0.268502E+02
  0.268908E+02
  0.269262E+02
  0.269592E+02
  0.269889E+02
  0.270146E+02
  0.270366E+02
  0.270577E+02
  0.270752E+02
  0.270915E+02
  0.271060E+02
  0.271206E+02
  0.271343E+02
  0.271471E+02
  0.271577E+02
  0.271671E+02
  0.271723E+02
  0.271764E+02
  0.271770E+02
  0.271767E+02
  0.271760E+02
  0.271732E+02
  0.271679E+02
  0.271630E+02
  0.271562E+02
  0.271499E+02
  0.271424E+02
  0.271353E+02
  0.271272E+02
  0.271184E+02
  0.271083E+02
  0.270982E+02
  0.270868E+02
  0.270756E+02
  0.270614E+02
  0.270477E+02
  0.270343E+02
  0.270181E+02
  0.269972E+02
  0.269760E+02
  0.269514E+02
  0.269264E+02
  0.269007E+02
  0.268760E+02
  0.268515E+02
  0.268241E+02
  0.267922E+02
  0.267607E+02
  0.267274E+02
  0.266911E+02
  0.266519E+02
  0.266129E+02
  0.265702E+02
  0.265238E+02
  0.264721E+02
  0.264170E+02
  0.263571E+02
  0.262943E+02
  0.262284E+02
  0.261619E+02
  0.260930E+02
  0.260200E+02
  0.259424E+02
  0.258630E+02
  0.257793E+02
  0.256922E+02
  0.255999E+02
  0.255046E+02
  0.254050E+02
  0.253026E+02
  0.251968E+02
  0.250898E+02
  0.249793E+02
  0.248672E+02
  0.247531E+02
  0.246374E+02
  0.245191E+02
  0.243986E+02
  0.242758E+02
  0.241511E+02
  0.240238E+02
  0.238990E+02
  0.237715E+02
  0.236443E+02
  0.235171E+02
  0.233871E+02
  0.232563E+02
  0.231281E+02
  0.230014E+02
  0.228758E+02
  0.227490E+02
  0.226237E+02
  0.224967E+02
  0.223695E+02
  0.222412E+02
  0.221141E+02
  0.219898E+02
  0.218674E+02
  0.217434E+02
  0.216204E+02
  0.214968E+02
  0.213743E+02
  0.212535E+02
  0.211356E+02
  0.210188E+02
  0.209032E+02
  0.207870E+02
  0.206718E+02
  0.205567E+02
  0.204418E+02
  0.203251E+02
  0.202085E+02
  0.200910E+02
  0.199736E+02
  0.198564E+02
  0.197432E+02
  0.196312E+02
  0.195191E+02
  0.194070E+02
  0.192960E+02
  0.191824E+02
  0.190673E+02
  0.189500E+02
  0.188326E+02
  0.187152E+02
  0.185976E+02
  0.184785E+02
  0.183597E+02
  0.182396E+02
  0.181193E+02
  0.179959E+02
  0.178708E+02
  0.177442E+02
  0.176154E+02
  0.174827E+02
  0.173491E+02
  0.172142E+02
  0.170781E+02
  0.169394E+02
  0.168001E+02
  0.166597E+02
  0.165183E+02
  0.163752E+02
  0.162325E+02
  0.160895E+02
  0.159471E+02
  0.158044E+02
  0.156632E+02
  0.155229E+02
  0.153833E+02
  0.152441E+02
  0.151069E+02
  0.149710E+02
  0.148378E+02
  0.147054E+02
  0.145753E+02
  0.144471E+02
  0.143209E+02
  0.141958E+02
  0.140732E+02
  0.139517E+02
  0.138327E+02
  0.137146E+02
  0.135973E+02
  0.134802E+02
  0.133634E+02
  0.132465E+02
  0.131305E+02
  0.130149E+02
  0.129009E+02
  0.127866E+02
  0.126715E+02
  0.125550E+02
  0.124381E+02
  0.123196E+02
  0.122005E+02
  0.120802E+02
  0.119593E+02
  0.118365E+02
  0.117116E+02
  0.115841E+02
  0.114543E+02
  0.113209E+02
  0.111844E+02
  0.110434E+02
  0.109000E+02
  0.107533E+02
  0.106039E+02
  0.104516E+02
  0.102958E+02
  0.101364E+02
  0.997341E+01
  0.980625E+01
  0.963597E+01
  0.946220E+01
  0.928770E+01
  0.911140E+01
  0.893366E+01
  0.875451E+01
  0.857385E+01
  0.839074E+01
  0.820617E+01
  0.801975E+01
  0.783157E+01
  0.764175E+01
  0.745129E+01
  0.725950E+01
  0.706821E+01
  0.687769E+01
  0.668745E+01
  0.649656E+01
  0.630659E+01
  0.611719E+01
  0.592832E+01
  0.573911E+01
  0.555047E+01
  0.536266E+01
  0.517573E+01
  0.498970E+01
  0.480442E+01
  0.461869E+01
  0.443248E+01
  0.424450E+01
  0.405619E+01
  0.386694E+01
  0.367680E+01
  0.348551E+01
  0.329187E+01
  0.309584E+01
  0.289789E+01
  0.269800E+01
  0.249710E+01
  0.229423E+01
  0.208960E+01
  0.188224E+01
  0.167255E+01
  0.146042E+01
  0.124462E+01
  0.102515E+01
  0.803015E+00
  0.578909E+00
  0.353636E+00
  0.126848E+00
 -0.100821E+00
 -0.330311E+00
 -0.561774E+00
 -0.795251E+00
 -0.103082E+01
 -0.126868E+01
 -0.150921E+01
 -0.175154E+01
 -0.199590E+01
 -0.224227E+01
 -0.248958E+01
 -0.273866E+01
 -0.298951E+01
 -0.324305E+01
 -0.349889E+01
 -0.375578E+01
 -0.401467E+01
 -0.427510E+01
 -0.453656E+01
 -0.479867E+01
 -0.506093E+01
 -0.532348E+01
 -0.558634E+01
 -0.584928E+01
 -0.611245E+01
 -0.637434E+01
 -0.663351E+01
 -0.688952E+01
 -0.714271E+01
 -0.739269E+01
 -0.763879E+01
 -0.788029E+01
 -0.811804E+01
 -0.835185E+01
 -0.858109E+01
 -0.880586E+01
 -0.902692E+01
 -0.924340E+01
 -0.945470E+01
 -0.966164E+01
 -0.986560E+01
 -0.100662E+02
 -0.102638E+02
 -0.104578E+02
 -0.106495E+02
 -0.108386E+02
 -0.110247E+02
 -0.112080E+02
 -0.113903E+02
 -0.115718E+02
 -0.117518E+02
 -0.119307E+02
 -0.121104E+02
 -0.122900E+02
 -0.124699E+02
 -0.126488E+02
 -0.128271E+02
 -0.130055E+02
 -0.131847E+02
 -0.133645E+02
 -0.135450E+02
 -0.137254E+02
 -0.139064E+02
 -0.140862E+02
 -0.142651E+02
 -0.144434E+02
 -0.146206E+02
 -0.147963E+02
 -0.149705E+02
 -0.151421E+02
 -0.153118E+02
 -0.154781E+02
 -0.156421E+02
 -0.158037E+02
 -0.159616E+02
 -0.161149E+02
 -0.162648E+02
 -0.164109E+02
 -0.165543E+02
 -0.166943E+02
 -0.168324E+02
 -0.169675E+02
 -0.170987E+02
 -0.172263E+02
 -0.173516E+02
 -0.174741E+02
 -0.175957E+02
 -0.177154E+02
 -0.178351E+02
 -0.179536E+02
 -0.180701E+02
 -0.181846E+02
 -0.182986E+02
 -0.184109E+02
 -0.185227E+02
 -0.186331E+02
 -0.187435E+02
 -0.188530E+02
 -0.189610E+02
 -0.190677E+02
 -0.191744E+02
 -0.192802E+02
 -0.193860E+02
 -0.194903E+02
 -0.195935E+02
 -0.196956E+02
 -0.197972E+02
 -0.198974E+02
 -0.199971E+02
 -0.200954E+02
 -0.201932E+02
 -0.202880E+02
 -0.203814E+02
 -0.204732E+02
 -0.205628E+02
 -0.206505E+02
 -0.207370E+02
 -0.208207E+02
 -0.209031E+02
 -0.209835E+02
 -0.210631E+02
 -0.211406E+02
 -0.212163E+02
 -0.212897E+02
 -0.213611E+02
 -0.214290E+02
 -0.214947E+02
 -0.215573E+02
 -0.216185E+02
 -0.216779E+02
 -0.217355E+02
 -0.217901E+02
 -0.218429E+02
 -0.218923E+02
 -0.219390E+02
 -0.219827E+02
 -0.220256E+02
 -0.220659E+02
 -0.221029E+02
 -0.221371E+02
 -0.221709E+02
 -0.222015E+02
 -0.222300E+02
 -0.222550E+02
 -0.222776E+02
 -0.222976E+02
 -0.223155E+02
 -0.223307E+02
 -0.223442E+02
 -0.223549E+02
 -0.223646E+02
 -0.223719E+02
 -0.223780E+02
 -0.223816E+02
 -0.223827E+02
 -0.223804E+02
 -0.223757E+02
 -0.223671E+02
 -0.223563E+02
 -0.223418E+02
 -0.223249E+02
 -0.223047E+02
 -0.222807E+02
 -0.222512E+02
 -0.222164E+02
 -0.221751E+02
 -0.221285E+02
 -0.220766E+02
 -0.220216E+02
 -0.219629E+02
 -0.219001E+02
 -0.218323E+02
 -0.217623E+02
 -0.216886E+02
 -0.216115E+02
 -0.215308E+02
 -0.214494E+02
 -0.213679E+02
 -0.212849E+02
 -0.211993E+02
 -0.211140E+02
 -0.210277E+02
 -0.209407E+02
 -0.208512E+02
 -0.207611E+02
 -0.206694E+02
 -0.205762E+02
 -0.204820E+02
 -0.203877E+02
 -0.202916E+02
 -0.201945E+02
 -0.200951E+02
 -0.199946E+02
 -0.198927E+02
 -0.197890E+02
 -0.196831E+02
 -0.195765E+02
 -0.194673E+02
 -0.193569E+02
 -0.192458E+02
 -0.191345E+02
 -0.190221E+02
 -0.189083E+02
 -0.187927E+02
 -0.186770E+02
 -0.185597E+02
 -0.184417E+02
 -0.183220E+02
 -0.182022E+02
 -0.180815E+02
 -0.179592E+02
 -0.178353E+02
 -0.177109E+02
 -0.175838E+02
 -0.174557E+02
 -0.173257E+02
 -0.171948E+02
 -0.170627E+02
 -0.169283E+02
 -0.167904E+02
 -0.166496E+02
 -0.165056E+02
 -0.163589E+02
 -0.162086E+02
 -0.160566E+02
 -0.159025E+02
 -0.157472E+02
 -0.155905E+02
 -0.154332E+02
 -0.152744E+02
 -0.151147E+02
 -0.149535E+02
 -0.147927E+02
 -0.146324E+02
 -0.144718E+02
 -0.143096E+02
 -0.141466E+02
 -0.139815E+02
 -0.138150E+02
 -0.136475E+02
 -0.134797E+02
 -0.133104E+02
 -0.131405E+02
 -0.129699E+02
 -0.127995E+02
 -0.126287E+02
 -0.124580E+02
 -0.122868E+02
 -0.121163E+02
 -0.119453E+02
 -0.117744E+02
 -0.116044E+02
 -0.114362E+02
 -0.112690E+02
 -0.111040E+02
 -0.109415E+02
 -0.107817E+02
 -0.106247E+02
 -0.104713E+02
 -0.103199E+02
 -0.101708E+02
 -0.100248E+02
 -0.988253E+01
 -0.974352E+01
 -0.960810E+01
 -0.947562E+01
 -0.934577E+01
 -0.921770E+01
 -0.909274E+01
 -0.896982E+01
 -0.884880E+01
 -0.872989E+01
 -0.861329E+01
 -0.849919E+01
 -0.838721E+01
 -0.827606E+01
 -0.816622E+01
 -0.805738E+01
 -0.795028E+01
 -0.784464E+01
 -0.773998E+01
 -0.763700E+01
 -0.753630E+01
 -0.743713E+01
 -0.733977E+01
 -0.724390E+01
 -0.715105E+01
 -0.706033E+01
 -0.697111E+01
 -0.688456E+01
 -0.680058E+01
 -0.671965E+01
 -0.664263E+01
 -0.656888E+01
 -0.649893E+01
 -0.643117E+01
 -0.636586E+01
 -0.630485E+01
 -0.624859E+01
 -0.619658E+01
 -0.614838E+01
 -0.610510E+01
 -0.606797E+01
 -0.603476E+01
 -0.600543E+01
 -0.598112E+01
 -0.596184E+01
 -0.594717E+01
 -0.593698E+01
 -0.593172E+01
 -0.593254E+01
 -0.593875E+01
 -0.595026E+01
 -0.596602E+01
 -0.598586E+01
 -0.601010E+01
 -0.603740E+01
 -0.606728E+01
 -0.610109E+01
 -0.613790E+01
 -0.617687E+01
 -0.621853E+01
 -0.626305E+01
 -0.630962E+01
 -0.635770E+01
 -0.640678E+01
 -0.645718E+01
 -0.650893E+01
 -0.656367E+01
 -0.662176E+01
 -0.668138E+01
 -0.674057E+01
 -0.679946E+01
 -0.685817E+01
 -0.691695E+01
 -0.697565E+01
 -0.703453E+01
 -0.709369E+01
 -0.715225E+01
 -0.720824E+01
 -0.726241E+01
 -0.731454E+01
 -0.736413E+01
 -0.741127E+01
 -0.745669E+01
 -0.749941E+01
 -0.753760E+01
 -0.757128E+01
 -0.760211E+01
 -0.762994E+01
 -0.765543E+01
 -0.767835E+01
 -0.769869E+01
 -0.771547E+01
 -0.772887E+01
 -0.774006E+01
 -0.774991E+01
 -0.775832E+01
 -0.776561E+01
 -0.777112E+01
 -0.777549E+01
 -0.777815E+01
 -0.777889E+01
 -0.777809E+01
 -0.777604E+01
 -0.777263E+01
 -0.776814E+01
 -0.776126E+01
 -0.775221E+01
 -0.774125E+01
 -0.772841E+01
 -0.771253E+01
 -0.769380E+01
 -0.767233E+01
 -0.764751E+01
 -0.761873E+01
 -0.758671E+01
 -0.755125E+01
 -0.751197E+01
 -0.746836E+01
 -0.742172E+01
 -0.737211E+01
 -0.731883E+01
 -0.726215E+01
 -0.720297E+01
 -0.714080E+01
 -0.707576E+01
 -0.700841E+01
 -0.693937E+01
 -0.686837E+01
 -0.679587E+01
 -0.672113E+01
 -0.664389E+01
 -0.656371E+01
 -0.648068E+01
 -0.639559E+01
 -0.630978E+01
 -0.622246E+01
 -0.613360E+01
 -0.604359E+01
 -0.595256E+01
 -0.586055E+01
 -0.576764E+01
 -0.567393E+01
 -0.557936E+01
 -0.548262E+01
 -0.538439E+01
 -0.528534E+01
 -0.518588E+01
 -0.508584E+01
 -0.498533E+01
 -0.488421E+01
 -0.478176E+01
 -0.467724E+01
 -0.457087E+01
 -0.446299E+01
 -0.435459E+01
 -0.424601E+01
 -0.413690E+01
 -0.402623E+01
 -0.391305E+01
 -0.379732E+01
 -0.367986E+01
 -0.356175E+01
 -0.344285E+01
 -0.332220E+01
 -0.319961E+01
 -0.307494E+01
 -0.294940E+01
 -0.282378E+01
 -0.269829E+01
 -0.257142E+01
 -0.244078E+01
 -0.230679E+01
 -0.217067E+01
 -0.203342E+01
 -0.189511E+01
 -0.175661E+01
 -0.161901E+01
 -0.148164E+01
 -0.134390E+01
 -0.120587E+01
 -0.106809E+01
 -0.931892E+00
 -0.797504E+00
 -0.664302E+00
 -0.532855E+00
 -0.403809E+00
 -0.275896E+00
 -0.149341E+00
 -0.241494E-01
  0.998483E-01
  0.222658E+00
  0.344451E+00
  0.465449E+00
  0.585740E+00
  0.705125E+00
  0.822656E+00
  0.938759E+00
  0.105289E+01
  0.116551E+01
  0.127612E+01
  0.138443E+01
  0.149132E+01
  0.159723E+01
  0.170099E+01
  0.180213E+01
  0.190055E+01
  0.199610E+01
  0.208730E+01
  0.217417E+01
  0.225681E+01
  0.233646E+01
  0.241373E+01
  0.248851E+01
  0.256006E+01
  0.262842E+01
  0.269378E+01
  0.275639E+01
  0.281583E+01
  0.287293E+01
  0.292693E+01
  0.297792E+01
  0.302542E+01
  0.306984E+01
  0.311114E+01
  0.314882E+01
  0.318307E+01
  0.321454E+01
  0.324283E+01
  0.326809E+01
  0.329012E+01
  0.330983E+01
  0.332657E+01
  0.334074E+01
  0.335224E+01
  0.336150E+01
  0.336808E+01
  0.337199E+01
  0.337363E+01
  0.337298E+01
  0.336870E+01
  0.336136E+01
  0.335062E+01
  0.333612E+01
  0.331741E+01
  0.329475E+01
  0.326812E+01
  0.323845E+01
  0.320586E+01
  0.317082E+01
  0.313239E+01
  0.309066E+01
  0.304538E+01
  0.299666E+01
  0.294463E+01
  0.288994E+01
  0.283224E+01
  0.277142E+01
  0.270697E+01
  0.263995E+01
  0.257092E+01
  0.250020E+01
  0.242703E+01
  0.235227E+01
  0.227653E+01
  0.219988E+01
  0.212153E+01
  0.204240E+01
  0.196264E+01
  0.188221E+01
  0.180120E+01
  0.172013E+01
  0.163811E+01
  0.155553E+01
  0.147338E+01
  0.139176E+01
  0.130939E+01
  0.122636E+01
  0.114306E+01
  0.105979E+01
  0.975426E+00
  0.890027E+00
  0.804012E+00
  0.717189E+00
  0.628902E+00
  0.539182E+00
  0.447754E+00
  0.354954E+00
  0.260101E+00
  0.163486E+00
  0.647731E-01
 -0.363727E-01
 -0.139697E+00
 -0.245379E+00
 -0.353089E+00
 -0.462337E+00
 -0.573577E+00
 -0.686102E+00
 -0.800952E+00
 -0.917730E+00
 -0.103695E+01
 -0.115975E+01
 -0.128517E+01
 -0.141321E+01
 -0.154485E+01
 -0.168066E+01
 -0.181984E+01
 -0.196111E+01
 -0.210598E+01
 -0.225411E+01
 -0.240452E+01
 -0.255678E+01
 -0.271054E+01
 -0.286598E+01
 -0.302167E+01
 -0.317760E+01
 -0.333425E+01
 -0.349138E+01
 -0.364885E+01
 -0.380630E+01
 -0.396387E+01
 -0.412146E+01
 -0.427874E+01
 -0.443570E+01
 -0.459260E+01
 -0.474932E+01
 -0.490524E+01
 -0.506054E+01
 -0.521551E+01
 -0.536992E+01
 -0.552351E+01
 -0.567703E+01
 -0.583103E+01
 -0.598615E+01
 -0.614240E+01
 -0.630012E+01
 -0.645904E+01
 -0.661897E+01
 -0.677985E+01
 -0.694171E+01
 -0.710427E+01
 -0.726743E+01
 -0.743090E+01
 -0.759563E+01
 -0.776143E+01
 -0.792808E+01
 -0.809511E+01
 -0.826269E+01
 -0.843104E+01
 -0.860008E+01
 -0.876913E+01
 -0.893875E+01
 -0.910931E+01
 -0.928093E+01
 -0.945285E+01
 -0.962561E+01
 -0.979874E+01
 -0.997237E+01
 -0.101466E+02
 -0.103219E+02
 -0.104978E+02
 -0.106746E+02
 -0.108519E+02
 -0.110303E+02
 -0.112098E+02
 -0.113913E+02
 -0.115738E+02
 -0.117576E+02
 -0.119427E+02
 -0.121298E+02
 -0.123188E+02
 -0.125105E+02
 -0.127046E+02
 -0.129009E+02
 -0.130988E+02
 -0.132994E+02
 -0.135019E+02
 -0.137056E+02
 -0.139094E+02
 -0.141146E+02
 -0.143211E+02
 -0.145288E+02
 -0.147373E+02
 -0.149474E+02
 -0.151584E+02
 -0.153702E+02
 -0.155812E+02
 -0.157922E+02
 -0.160033E+02
 -0.162139E+02
 -0.164226E+02
 -0.166313E+02
 -0.168383E+02
 -0.170439E+02
 -0.172481E+02
 -0.174519E+02
 -0.176548E+02
 -0.178554E+02
 -0.180526E+02
 -0.182491E+02
 -0.184443E+02
 -0.186384E+02
 -0.188302E+02
 -0.190214E+02
 -0.192123E+02
 -0.194023E+02
 -0.195907E+02
 -0.197791E+02
 -0.199661E+02
 -0.201539E+02
 -0.203417E+02
 -0.205304E+02
 -0.207200E+02
 -0.209098E+02
 -0.210996E+02
 -0.212902E+02
 -0.214808E+02
 -0.216738E+02
 -0.218679E+02
 -0.220643E+02
 -0.222630E+02
 -0.224639E+02
 -0.226670E+02
 -0.228736E+02
 -0.230814E+02
 -0.232912E+02
 -0.235020E+02
 -0.237153E+02
 -0.239296E+02
 -0.241448E+02
 -0.243596E+02
 -0.245748E+02
 -0.247895E+02
 -0.250052E+02
 -0.252195E+02
 -0.254334E+02
 -0.256457E+02
 -0.258564E+02
 -0.260646E+02
 -0.262717E+02
 -0.264764E+02
 -0.266796E+02
 -0.268795E+02
 -0.270773E+02
 -0.272722E+02
 -0.274637E+02
 -0.276508E+02
 -0.278360E+02
 -0.280176E+02
 -0.281959E+02
 -0.283686E+02
 -0.285380E+02
 -0.287040E+02
 -0.288668E+02
 -0.290251E+02
 -0.291808E+02
 -0.293315E+02
 -0.294787E+02
 -0.296211E+02
 -0.297615E+02
 -0.298987E+02
 -0.300314E+02
 -0.301592E+02
 -0.302857E+02
 -0.304086E+02
 -0.305276E+02
 -0.306410E+02
 -0.307529E+02
 -0.308628E+02
 -0.309690E+02
 -0.310700E+02
 -0.311695E+02
 -0.312662E+02
 -0.313609E+02
 -0.314519E+02
 -0.315419E+02
 -0.316303E+02
 -0.317163E+02
 -0.317993E+02
 -0.318814E+02
 -0.319605E+02
 -0.320374E+02
 -0.321106E+02
 -0.321833E+02
 -0.322546E+02
 -0.323235E+02
 -0.323885E+02
 -0.324524E+02
 -0.325129E+02
 -0.325711E+02
 -0.326264E+02
 -0.326820E+02
 -0.327370E+02
 -0.327901E+02
 -0.328391E+02
 -0.328868E+02
 -0.329323E+02
 -0.329774E+02
 -0.330206E+02
 -0.330654E+02
 -0.331107E+02
 -0.331554E+02
 -0.331966E+02
 -0.332370E+02
 -0.332753E+02
 -0.333131E+02
 -0.333489E+02
 -0.333849E+02
 -0.334200E+02
 -0.334517E+02
 -0.334786E+02
 -0.335041E+02
 -0.335262E+02
 -0.335461E+02
 -0.335612E+02
 -0.335743E+02
 -0.335841E+02
 -0.335905E+02
 -0.335930E+02
 -0.335936E+02
 -0.335902E+02
 -0.335841E+02
 -0.335731E+02
 -0.335596E+02
 -0.335428E+02
 -0.335227E+02
 -0.334981E+02
 -0.334732E+02
 -0.334472E+02
 -0.334205E+02
 -0.333901E+02
 -0.333583E+02
 -0.333235E+02
 -0.332853E+02
 -0.332429E+02
 -0.331992E+02
 -0.331527E+02
 -0.331052E+02
 -0.330553E+02
 -0.330052E+02
 -0.329535E+02
 -0.328999E+02
 -0.328436E+02
 -0.327863E+02
 -0.327261E+02
 -0.326642E+02
 -0.325989E+02
 -0.325335E+02
 -0.324670E+02
 -0.323983E+02
 -0.323263E+02
 -0.322542E+02
 -0.321802E+02
 -0.321057E+02
 -0.320287E+02
 -0.319512E+02
 -0.318727E+02
 -0.317929E+02
 -0.317109E+02
 -0.316284E+02
 -0.315437E+02
 -0.314597E+02
 -0.313739E+02
 -0.312881E+02
 -0.312019E+02
 -0.311148E+02
 -0.310252E+02
 -0.309351E+02
 -0.308419E+02
 -0.307469E+02
 -0.306488E+02
 -0.305503E+02
 -0.304497E+02
 -0.303463E+02
 -0.302404E+02
 -0.301350E+02
 -0.300266E+02
 -0.299176E+02
 -0.298066E+02
 -0.296952E+02
 -0.295830E+02
 -0.294698E+02
 -0.293549E+02
 -0.292404E+02
 -0.291242E+02
 -0.290077E+02
 -0.288887E+02
 -0.287688E+02
 -0.286468E+02
 -0.285230E+02
 -0.283969E+02
 -0.282706E+02
 -0.281433E+02
 -0.280163E+02
 -0.278872E+02
 -0.277589E+02
 -0.276303E+02
 -0.274996E+02
 -0.273662E+02
 -0.272332E+02
 -0.270989E+02
 -0.269644E+02
 -0.268279E+02
 -0.266921E+02
 -0.265576E+02
 -0.264233E+02
 -0.262878E+02
 -0.261530E+02
 -0.260183E+02
 -0.258862E+02
 -0.257551E+02
 -0.256266E+02
 -0.254998E+02
 -0.253751E+02
 -0.252517E+02
 -0.251318E+02
 -0.250131E+02
 -0.248965E+02
 -0.247805E+02
 -0.246672E+02
 -0.245564E+02
 -0.244471E+02
 -0.243378E+02
 -0.242301E+02
 -0.241227E+02
 -0.240165E+02
 -0.239098E+02
 -0.238035E+02
 -0.236968E+02
 -0.235898E+02
 -0.234814E+02
 -0.233733E+02
 -0.232644E+02
 -0.231556E+02
 -0.230460E+02
 -0.229384E+02
 -0.228310E+02
 -0.227230E+02
 -0.226152E+02
 -0.225092E+02
 -0.224025E+02
 -0.222962E+02
 -0.221896E+02
 -0.220844E+02
 -0.219794E+02
 -0.218749E+02
 -0.217702E+02
 -0.216666E+02
 -0.215637E+02
 -0.214627E+02
 -0.213619E+02
 -0.212627E+02
 -0.211648E+02
 -0.210680E+02
 -0.209710E+02
 -0.208756E+02
 -0.207808E+02
 -0.206878E+02
 -0.205947E+02
 -0.205032E+02
 -0.204127E+02
 -0.203235E+02
 -0.202349E+02
 -0.201471E+02
 -0.200590E+02
 -0.199715E+02
 -0.198853E+02
 -0.198021E+02
 -0.197197E+02
 -0.196376E+02
 -0.195547E+02
 -0.194734E+02
 -0.193932E+02
 -0.193140E+02
 -0.192352E+02
 -0.191585E+02
 -0.190847E+02
 -0.190136E+02
 -0.189429E+02
 -0.188751E+02
 -0.188086E+02
 -0.187431E+02
 -0.186777E+02
 -0.186137E+02
 -0.185498E+02
 -0.184863E+02
 -0.184231E+02
 -0.183614E+02
 -0.183002E+02
 -0.182400E+02
 -0.181797E+02
 -0.181192E+02
 -0.180576E+02
 -0.179964E+02
 -0.179338E+02
 -0.178704E+02
 -0.178057E+02
 -0.177409E+02
 -0.176754E+02
 -0.176101E+02
 -0.175434E+02
 -0.174754E+02
 -0.174064E+02
 -0.173368E+02
 -0.172655E+02
 -0.171934E+02
 -0.171196E+02
 -0.170454E+02
 -0.169703E+02
 -0.168944E+02
 -0.168166E+02
 -0.167377E+02
 -0.166575E+02
 -0.165773E+02
 -0.164957E+02
 -0.164141E+02
 -0.163328E+02
 -0.162506E+02
 -0.161682E+02
 -0.160869E+02
 -0.160029E+02
 -0.159169E+02
 -0.158295E+02
 -0.157419E+02
 -0.156538E+02
 -0.155658E+02
 -0.154775E+02
 -0.153895E+02
 -0.153000E+02
 -0.152107E+02
 -0.151204E+02
 -0.150285E+02
 -0.149364E+02
 -0.148435E+02
 -0.147498E+02
 -0.146565E+02
 -0.145602E+02
 -0.144638E+02
 -0.143680E+02
 -0.142734E+02
 -0.141802E+02
 -0.140872E+02
 -0.139947E+02
 -0.139046E+02
 -0.138161E+02
 -0.137306E+02
 -0.136464E+02
 -0.135637E+02
 -0.134827E+02
 -0.134030E+02
 -0.133242E+02
 -0.132469E+02
 -0.131703E+02
 -0.130958E+02
 -0.130224E+02
 -0.129510E+02
 -0.128821E+02
 -0.128151E+02
 -0.127488E+02
 -0.126838E+02
 -0.126195E+02
 -0.125568E+02
 -0.124945E+02
 -0.124329E+02
 -0.123724E+02
 -0.123133E+02
 -0.122556E+02
 -0.121997E+02
 -0.121441E+02
 -0.120898E+02
 -0.120363E+02
 -0.119855E+02
 -0.119378E+02
 -0.118919E+02
 -0.118466E+02
 -0.118043E+02
 -0.117653E+02
 -0.117297E+02
 -0.116969E+02
 -0.116667E+02
 -0.116401E+02
 -0.116175E+02
 -0.115973E+02
 -0.115796E+02
 -0.115630E+02
 -0.115488E+02
 -0.115368E+02
 -0.115272E+02
 -0.115194E+02
 -0.115120E+02
 -0.115055E+02
 -0.115015E+02
 -0.114981E+02
 -0.114944E+02
 -0.114899E+02
 -0.114847E+02
 -0.114783E+02
 -0.114710E+02
 -0.114632E+02
 -0.114554E+02
 -0.114455E+02
 -0.114338E+02
 -0.114200E+02
 -0.114064E+02
 -0.113920E+02
 -0.113756E+02
 -0.113592E+02
 -0.113437E+02
 -0.113274E+02
 -0.113117E+02
 -0.112964E+02
 -0.112828E+02
 -0.112696E+02
 -0.112568E+02
 -0.112460E+02
 -0.112364E+02
 -0.112263E+02
 -0.112169E+02
 -0.112084E+02
 -0.112030E+02
 -0.111996E+02
 -0.111966E+02
 -0.111935E+02
 -0.111909E+02
 -0.111885E+02
 -0.111870E+02
 -0.111848E+02
 -0.111822E+02
 -0.111794E+02
 -0.111760E+02
 -0.111704E+02
 -0.111624E+02
 -0.111513E+02
 -0.111373E+02
 -0.111201E+02
 -0.111016E+02
 -0.110814E+02
 -0.110571E+02
 -0.110291E+02
 -0.109997E+02
 -0.109679E+02
 -0.109356E+02
 -0.109012E+02
 -0.108645E+02
 -0.108271E+02
 -0.107889E+02
 -0.107501E+02
 -0.107104E+02
 -0.106680E+02
 -0.106264E+02
 -0.105855E+02
 -0.105442E+02
 -0.105018E+02
 -0.104598E+02
 -0.104182E+02
 -0.103764E+02
 -0.103349E+02
 -0.102942E+02
 -0.102529E+02
 -0.102119E+02
 -0.101705E+02
 -0.101299E+02
 -0.100894E+02
 -0.100472E+02
 -0.100041E+02
 -0.996116E+01
 -0.991756E+01
 -0.987304E+01
 -0.982581E+01
 -0.977615E+01
 -0.972430E+01
 -0.967137E+01
 -0.961580E+01
 -0.955712E+01
 -0.949488E+01
 -0.942912E+01
 -0.936001E+01
 -0.928692E+01
 -0.920851E+01
 -0.912632E+01
 -0.903972E+01
 -0.894847E+01
 -0.885239E+01
 -0.875245E+01
 -0.864804E+01
 -0.853849E+01
 -0.842420E+01
 -0.830614E+01
 -0.818446E+01
 -0.805917E+01
 -0.792946E+01
 -0.779614E+01
 -0.765883E+01
 -0.751876E+01
 -0.737496E+01
 -0.722796E+01
 -0.707844E+01
 -0.692745E+01
 -0.677585E+01
 -0.662275E+01
 -0.646790E+01
 -0.631211E+01
 -0.615520E+01
 -0.599786E+01
 -0.583963E+01
 -0.568115E+01
 -0.552211E+01
 -0.536251E+01
 -0.520274E+01
 -0.504271E+01
 -0.488221E+01
 -0.472134E+01
 -0.455952E+01
 -0.439712E+01
 -0.423448E+01
 -0.407165E+01
 -0.390861E+01
 -0.374616E+01
 -0.358364E+01
 -0.342053E+01
 -0.325710E+01
 -0.309352E+01
 -0.292898E+01
 -0.276321E+01
 -0.259743E+01
 -0.243194E+01
 -0.226596E+01
 -0.209939E+01
 -0.193158E+01
 -0.176292E+01
 -0.159369E+01
 -0.142353E+01
 -0.125242E+01
 -0.107986E+01
 -0.906476E+00
 -0.732945E+00
 -0.558539E+00
 -0.382008E+00
 -0.202993E+00
 -0.221438E-01
  0.160698E+00
  0.345362E+00
  0.531684E+00
  0.719590E+00
  0.908020E+00
  0.109699E+01
  0.128540E+01
  0.147361E+01
  0.166249E+01
  0.185177E+01
  0.204025E+01
  0.222728E+01
  0.241406E+01
  0.260105E+01
  0.278699E+01
  0.297239E+01
  0.315763E+01
  0.334290E+01
  0.352713E+01
  0.371042E+01
  0.389318E+01
  0.407551E+01
  0.425663E+01
  0.443744E+01
  0.461839E+01
  0.479913E+01
  0.497895E+01
  0.515787E+01
  0.533540E+01
  0.551210E+01
  0.568686E+01
  0.586037E+01
  0.603192E+01
  0.620161E+01
  0.637011E+01
  0.653764E+01
  0.670404E+01
  0.686879E+01
  0.703132E+01
  0.719273E+01
  0.735254E+01
  0.751158E+01
  0.766914E+01
  0.782596E+01
  0.798206E+01
  0.813779E+01
  0.829247E+01
  0.844695E+01
  0.860116E+01
  0.875411E+01
  0.890553E+01
  0.905672E+01
  0.920711E+01
  0.935820E+01
  0.950980E+01
  0.966228E+01
  0.981461E+01
  0.996662E+01
  0.101186E+02
  0.102711E+02
  0.104229E+02
  0.105747E+02
  0.107259E+02
  0.108786E+02
  0.110316E+02
  0.111834E+02
  0.113340E+02
  0.114844E+02
  0.116345E+02
  0.117860E+02
  0.119378E+02
  0.120903E+02
  0.122422E+02
  0.123942E+02
  0.125469E+02
  0.127006E+02
  0.128535E+02
  0.130063E+02
  0.131581E+02
  0.133101E+02
  0.134612E+02
  0.136113E+02
  0.137609E+02
  0.139114E+02
  0.140609E+02
  0.142113E+02
  0.143608E+02
  0.145087E+02
  0.146547E+02
  0.147991E+02
  0.149420E+02
  0.150854E+02
  0.152275E+02
  0.153689E+02
  0.155079E+02
  0.156471E+02
  0.157869E+02
  0.159265E+02
  0.160637E+02
  0.162008E+02
  0.163390E+02
  0.164792E+02
  0.166191E+02
  0.167610E+02
  0.169051E+02
  0.170494E+02
  0.171925E+02
  0.173375E+02
  0.174847E+02
  0.176344E+02
  0.177830E+02
  0.179319E+02
  0.180822E+02
  0.182346E+02
  0.183876E+02
  0.185416E+02
  0.186955E+02
  0.188506E+02
  0.190063E+02
  0.191647E+02
  0.193235E+02
  0.194818E+02
  0.196398E+02
  0.197992E+02
  0.199584E+02
  0.201180E+02
  0.202757E+02
  0.204342E+02
  0.205929E+02
  0.207517E+02
  0.209107E+02
  0.210705E+02
  0.212289E+02
  0.213882E+02
  0.215475E+02
  0.217084E+02
  0.218686E+02
  0.220281E+02
  0.221870E+02
  0.223457E+02
  0.225034E+02
  0.226621E+02
  0.228184E+02
  0.229753E+02
  0.231329E+02
  0.232900E+02
  0.234467E+02
  0.236048E+02
  0.237623E+02
  0.239202E+02
  0.240770E+02
  0.242355E+02
  0.243932E+02
  0.245496E+02
  0.247038E+02
  0.248588E+02
  0.250129E+02
  0.251665E+02
  0.253189E+02
  0.254729E+02
  0.256264E+02
  0.257785E+02
  0.259300E+02
  0.260830E+02
  0.262338E+02
  0.263847E+02
  0.265338E+02
  0.266835E+02
  0.268328E+02
  0.269810E+02
  0.271273E+02
  0.272743E+02
  0.274202E+02
  0.275670E+02
  0.277117E+02
  0.278568E+02
  0.280025E+02
  0.281470E+02
  0.282898E+02
  0.284342E+02
  0.285783E+02
  0.287232E+02
  0.288656E+02
  0.290084E+02
  0.291518E+02
  0.292952E+02
  0.294361E+02
  0.295772E+02
  0.297182E+02
  0.298606E+02
  0.300017E+02
  0.301450E+02
  0.302896E+02
  0.304339E+02
  0.305749E+02
  0.307165E+02
  0.308588E+02
  0.310002E+02
  0.311370E+02
  0.312739E+02
  0.314103E+02
  0.315439E+02
  0.316730E+02
  0.318021E+02
  0.319288E+02
  0.320529E+02
  0.321722E+02
  0.322905E+02
  0.324059E+02
  0.325176E+02
  0.326250E+02
  0.327316E+02
  0.328355E+02
  0.329363E+02
  0.330320E+02
  0.331258E+02
  0.332154E+02
  0.333012E+02
  0.333808E+02
  0.334576E+02
  0.335300E+02
  0.335980E+02
  0.336596E+02
  0.337187E+02
  0.337748E+02
  0.338268E+02
  0.338724E+02
  0.339147E+02
  0.339520E+02
  0.339859E+02
  0.340133E+02
  0.340383E+02
  0.340597E+02
  0.340765E+02
  0.340879E+02
  0.340962E+02
  0.340990E+02
  0.340989E+02
  0.340931E+02
  0.340847E+02
  0.340710E+02
  0.340513E+02
  0.340261E+02
  0.339974E+02
  0.339616E+02
  0.339202E+02
  0.338706E+02
  0.338162E+02
  0.337548E+02
  0.336855E+02
  0.336068E+02
  0.335225E+02
  0.334316E+02
  0.333343E+02
  0.332280E+02
  0.331169E+02
  0.329986E+02
  0.328730E+02
  0.327401E+02
  0.326033E+02
  0.324602E+02
  0.323122E+02
  0.321570E+02
  0.319983E+02
  0.318346E+02
  0.316651E+02
  0.314891E+02
  0.313095E+02
  0.311237E+02
  0.309344E+02
  0.307405E+02
  0.305444E+02
  0.303441E+02
  0.301394E+02
  0.299293E+02
  0.297161E+02
  0.294994E+02
  0.292795E+02
  0.290508E+02
  0.288181E+02
  0.285828E+02
  0.283438E+02
  0.280991E+02
  0.278507E+02
  0.275981E+02
  0.273441E+02
  0.270855E+02
  0.268236E+02
  0.265580E+02
  0.262894E+02
  0.260162E+02
  0.257406E+02
  0.254623E+02
  0.251823E+02
  0.248970E+02
  0.246097E+02
  0.243205E+02
  0.240285E+02
  0.237311E+02
  0.234324E+02
  0.231318E+02
  0.228298E+02
  0.225254E+02
  0.222213E+02
  0.219170E+02
  0.216112E+02
  0.213036E+02
  0.209971E+02
  0.206900E+02
  0.203842E+02
  0.200785E+02
  0.197746E+02
  0.194718E+02
  0.191678E+02
  0.188614E+02
  0.185563E+02
  0.182503E+02
  0.179435E+02
  0.176364E+02
  0.173312E+02
  0.170264E+02
  0.167225E+02
  0.164191E+02
  0.161168E+02
  0.158138E+02
  0.155122E+02
  0.152109E+02
  0.149115E+02
  0.146139E+02
  0.143190E+02
  0.140268E+02
  0.137382E+02
  0.134515E+02
  0.131669E+02
  0.128833E+02
  0.126016E+02
  0.123211E+02
  0.120435E+02
  0.117681E+02
  0.114949E+02
  0.112239E+02
  0.109558E+02
  0.106889E+02
  0.104230E+02
  0.101590E+02
  0.989774E+01
  0.963777E+01
  0.938092E+01
  0.912739E+01
  0.887740E+01
  0.862992E+01
  0.838517E+01
  0.814247E+01
  0.790281E+01
  0.766613E+01
  0.743328E+01
  0.720422E+01
  0.697989E+01
  0.675982E+01
  0.654325E+01
  0.632671E+01
  0.611024E+01
  0.589745E+01
  0.568899E+01
  0.548149E+01
  0.527708E+01
  0.507782E+01
  0.488345E+01
  0.469188E+01
  0.450312E+01
  0.431762E+01
  0.413592E+01
  0.395660E+01
  0.378025E+01
  0.360905E+01
  0.344373E+01
  0.328179E+01
  0.312380E+01
  0.296971E+01
  0.281865E+01
  0.267171E+01
  0.253083E+01
  0.239444E+01
  0.226171E+01
  0.213307E+01
  0.200981E+01
  0.188982E+01
  0.177133E+01
  0.165523E+01
  0.154325E+01
  0.143589E+01
  0.133212E+01
  0.123107E+01
  0.113449E+01
  0.104115E+01
  0.949322E+00
  0.859094E+00
  0.771994E+00
  0.687318E+00
  0.604613E+00
  0.524782E+00
  0.448217E+00
  0.374426E+00
  0.302953E+00
  0.232606E+00
  0.163164E+00
  0.940669E-01
  0.265102E-01
 -0.387585E-01
 -0.101630E+00
 -0.162170E+00
 -0.221977E+00
 -0.282108E+00
 -0.340865E+00
 -0.399018E+00
 -0.457830E+00
 -0.517161E+00
 -0.575855E+00
 -0.633174E+00
 -0.691351E+00
 -0.751035E+00
 -0.809085E+00
 -0.866102E+00
 -0.924260E+00
 -0.984221E+00
 -0.104402E+01
 -0.110292E+01
 -0.116178E+01
 -0.122157E+01
 -0.128183E+01
 -0.134148E+01
 -0.140033E+01
 -0.145793E+01
 -0.151465E+01
 -0.157181E+01
 -0.162963E+01
 -0.168850E+01
 -0.174792E+01
 -0.180685E+01
 -0.186444E+01
 -0.192109E+01
 -0.197697E+01
 -0.203292E+01
 -0.208905E+01
 -0.214490E+01
 -0.220211E+01
 -0.226122E+01
 -0.232092E+01
 -0.237988E+01
 -0.243729E+01
 -0.249385E+01
 -0.254979E+01
 -0.260594E+01
 -0.266460E+01
 -0.272568E+01
 -0.278855E+01
 -0.285244E+01
 -0.291599E+01
 -0.298124E+01
 -0.304955E+01
 -0.312031E+01
 -0.319283E+01
 -0.326721E+01
 -0.334569E+01
 -0.342796E+01
 -0.351286E+01
 -0.360059E+01
 -0.368973E+01
 -0.377873E+01
 -0.386754E+01
 -0.395925E+01
 -0.405571E+01
 -0.415393E+01
 -0.425166E+01
 -0.435144E+01
 -0.445617E+01
 -0.456320E+01
 -0.467071E+01
 -0.477872E+01
 -0.488759E+01
 -0.499815E+01
 -0.510962E+01
 -0.522382E+01
 -0.534178E+01
 -0.545947E+01
 -0.557627E+01
 -0.569371E+01
 -0.581286E+01
 -0.593264E+01
 -0.605320E+01
 -0.617548E+01
 -0.629787E+01
 -0.642114E+01
 -0.654660E+01
 -0.667134E+01
 -0.679529E+01
 -0.691913E+01
 -0.704418E+01
 -0.717002E+01
 -0.729462E+01
 -0.741876E+01
 -0.754333E+01
 -0.766798E+01
 -0.779240E+01
 -0.791521E+01
 -0.803743E+01
 -0.815961E+01
 -0.828157E+01
 -0.840158E+01
 -0.852047E+01
 -0.863784E+01
 -0.875254E+01
 -0.886487E+01
 -0.897555E+01
 -0.908528E+01
 -0.919276E+01
 -0.929527E+01
 -0.939467E+01
 -0.949033E+01
 -0.958296E+01
 -0.967337E+01
 -0.976164E+01
 -0.984740E+01
 -0.993068E+01
 -0.100114E+02
 -0.100898E+02
 -0.101664E+02
 -0.102399E+02
 -0.103065E+02
 -0.103693E+02
 -0.104320E+02
 -0.104931E+02
 -0.105478E+02
 -0.105969E+02
 -0.106451E+02
 -0.106921E+02
 -0.107317E+02
 -0.107652E+02
 -0.107983E+02
 -0.108289E+02
 -0.108529E+02
 -0.108727E+02
 -0.108901E+02
 -0.109074E+02
 -0.109202E+02
 -0.109268E+02
 -0.109303E+02
 -0.109314E+02
 -0.109285E+02
 -0.109224E+02
 -0.109152E+02
 -0.109074E+02
 -0.108945E+02
 -0.108781E+02
 -0.108604E+02
 -0.108400E+02
 -0.108161E+02
 -0.107900E+02
 -0.107602E+02
 -0.107272E+02
 -0.106932E+02
 -0.106583E+02
 -0.106206E+02
 -0.105813E+02
 -0.105403E+02
 -0.104947E+02
 -0.104433E+02
 -0.103907E+02
 -0.103394E+02
 -0.102885E+02
 -0.102340E+02
 -0.101793E+02
 -0.101273E+02
 -0.100744E+02
 -0.100174E+02
 -0.995785E+01
 -0.989850E+01
 -0.984045E+01
 -0.978305E+01
 -0.972655E+01
 -0.967165E+01
 -0.961910E+01
 -0.956452E+01
 -0.950885E+01
 -0.945615E+01
 -0.940557E+01
 -0.935334E+01
 -0.930159E+01
 -0.925370E+01
 -0.920790E+01
 -0.916165E+01
 -0.911770E+01
 -0.907682E+01
 -0.903697E+01
 -0.899677E+01
 -0.895863E+01
 -0.892163E+01
 -0.888448E+01
 -0.884972E+01
 -0.882048E+01
 -0.879372E+01
 -0.876594E+01
 -0.873964E+01
 -0.871607E+01
 -0.869136E+01
 -0.866685E+01
 -0.864505E+01
 -0.862723E+01
 -0.861005E+01
 -0.859231E+01
 -0.857947E+01
 -0.857237E+01
 -0.856280E+01
 -0.854975E+01
 -0.854209E+01
 -0.854206E+01
 -0.853969E+01
 -0.853421E+01
 -0.853432E+01
 -0.854339E+01
 -0.855355E+01
 -0.855844E+01
 -0.856505E+01
 -0.858035E+01
 -0.859674E+01
 -0.860878E+01
 -0.862274E+01
 -0.864487E+01
 -0.866818E+01
 -0.868874E+01
 -0.871196E+01
 -0.874002E+01
 -0.876631E+01
 -0.878835E+01
 -0.881509E+01
 -0.884811E+01
 -0.887924E+01
 -0.890836E+01
 -0.893865E+01
 -0.897533E+01
 -0.901120E+01
 -0.904239E+01
 -0.907813E+01
 -0.911347E+01
 -0.914521E+01
 -0.918300E+01
 -0.922206E+01
 -0.925588E+01
 -0.929037E+01
 -0.932952E+01
 -0.936616E+01
 -0.939941E+01
 -0.943424E+01
 -0.947147E+01
 -0.950809E+01
 -0.954538E+01
 -0.958340E+01
 -0.962092E+01
 -0.966100E+01
 -0.970267E+01
 -0.974113E+01
 -0.977954E+01
 -0.981975E+01
 -0.986028E+01
 -0.989922E+01
 -0.994251E+01
 -0.998963E+01
 -0.100313E+02
 -0.100705E+02
 -0.101151E+02
 -0.101583E+02
 -0.101976E+02
 -0.102425E+02
 -0.102908E+02
 -0.103298E+02
 -0.103664E+02
 -0.104064E+02
 -0.104429E+02
 -0.104757E+02
 -0.105103E+02
 -0.105430E+02
 -0.105714E+02
 -0.105992E+02
 -0.106271E+02
 -0.106506E+02
 -0.106726E+02
 -0.106915E+02
 -0.107068E+02
 -0.107226E+02
 -0.107352E+02
 -0.107436E+02
 -0.107504E+02
 -0.107526E+02
 -0.107513E+02
 -0.107471E+02
 -0.107390E+02
 -0.107261E+02
 -0.107124E+02
 -0.106987E+02
 -0.106806E+02
 -0.106573E+02
 -0.106317E+02
 -0.106033E+02
 -0.105717E+02
 -0.105368E+02
 -0.105006E+02
 -0.104604E+02
 -0.104160E+02
 -0.103712E+02
 -0.103269E+02
 -0.102794E+02
 -0.102271E+02
 -0.101721E+02
 -0.101163E+02
 -0.100591E+02
 -0.100014E+02
 -0.993981E+01
 -0.987504E+01
 -0.981063E+01
 -0.974541E+01
 -0.967578E+01
 -0.960394E+01
 -0.953245E+01
 -0.945985E+01
 -0.938393E+01
 -0.930796E+01
 -0.923388E+01
 -0.916084E+01
 -0.908546E+01
 -0.900724E+01
 -0.892811E+01
 -0.884991E+01
 -0.877046E+01
 -0.868910E+01
 -0.860931E+01
 -0.853045E+01
 -0.844734E+01
 -0.836353E+01
 -0.828082E+01
 -0.819384E+01
 -0.810332E+01
 -0.801625E+01
 -0.792727E+01
 -0.783006E+01
 -0.773198E+01
 -0.763737E+01
 -0.754094E+01
 -0.744118E+01
 -0.733775E+01
 -0.723348E+01
 -0.713004E+01
 -0.702315E+01
 -0.691200E+01
 -0.680266E+01
 -0.669433E+01
 -0.658148E+01
 -0.646491E+01
 -0.634844E+01
 -0.623144E+01
 -0.611408E+01
 -0.599389E+01
 -0.586989E+01
 -0.574759E+01
 -0.562709E+01
 -0.550310E+01
 -0.537866E+01
 -0.525619E+01
 -0.513139E+01
 -0.500413E+01
 -0.487795E+01
 -0.474979E+01
 -0.461761E+01
 -0.448674E+01
 -0.435950E+01
 -0.422915E+01
 -0.409266E+01
 -0.395578E+01
 -0.382420E+01
 -0.369354E+01
 -0.355523E+01
 -0.341341E+01
 -0.327665E+01
 -0.314153E+01
 -0.300271E+01
 -0.286210E+01
 -0.272529E+01
 -0.258952E+01
 -0.244891E+01
 -0.230856E+01
 -0.217293E+01
 -0.203999E+01
 -0.190568E+01
 -0.176857E+01
 -0.163385E+01
 -0.150163E+01
 -0.136815E+01
 -0.123447E+01
 -0.110336E+01
 -0.975803E+00
 -0.846997E+00
 -0.714736E+00
 -0.584638E+00
 -0.458121E+00
 -0.329529E+00
 -0.198300E+00
 -0.692215E-01
  0.590482E-01
  0.190843E+00
  0.323641E+00
  0.454162E+00
  0.585152E+00
  0.721597E+00
  0.860837E+00
  0.100026E+01
  0.114236E+01
  0.128688E+01
  0.143271E+01
  0.158173E+01
  0.173231E+01
  0.188397E+01
  0.203684E+01
  0.218986E+01
  0.234397E+01
  0.250055E+01
  0.265742E+01
  0.281260E+01
  0.296720E+01
  0.312341E+01
  0.327864E+01
  0.343398E+01
  0.359123E+01
  0.374663E+01
  0.390034E+01
  0.405480E+01
  0.420714E+01
  0.435672E+01
  0.450471E+01
  0.465340E+01
  0.479931E+01
  0.494292E+01
  0.508819E+01
  0.523123E+01
  0.536889E+01
  0.550843E+01
  0.564909E+01
  0.578492E+01
  0.591703E+01
  0.604824E+01
  0.617863E+01
  0.630891E+01
  0.643782E+01
  0.656425E+01
  0.668836E+01
  0.681431E+01
  0.693691E+01
  0.705431E+01
  0.717311E+01
  0.729217E+01
  0.740608E+01
  0.751695E+01
  0.762765E+01
  0.773758E+01
  0.784209E+01
  0.794503E+01
  0.804845E+01
  0.814747E+01
  0.824119E+01
  0.833383E+01
  0.842599E+01
  0.851688E+01
  0.860373E+01
  0.868884E+01
  0.877196E+01
  0.885239E+01
  0.893045E+01
  0.900621E+01
  0.907835E+01
  0.914762E+01
  0.921391E+01
  0.927852E+01
  0.934071E+01
  0.940054E+01
  0.945862E+01
  0.951415E+01
  0.956501E+01
  0.961600E+01
  0.966635E+01
  0.971423E+01
  0.976055E+01
  0.980693E+01
  0.985161E+01
  0.989400E+01
  0.993655E+01
  0.998036E+01
  0.100206E+02
  0.100609E+02
  0.101020E+02
  0.101398E+02
  0.101749E+02
  0.102120E+02
  0.102496E+02
  0.102852E+02
  0.103187E+02
  0.103539E+02
  0.103885E+02
  0.104228E+02
  0.104581E+02
  0.104942E+02
  0.105285E+02
  0.105634E+02
  0.105999E+02
  0.106375E+02
  0.106753E+02
  0.107126E+02
  0.107487E+02
  0.107871E+02
  0.108262E+02
  0.108644E+02
  0.109023E+02
  0.109421E+02
  0.109817E+02
  0.110209E+02
  0.110614E+02
  0.111024E+02
  0.111426E+02
  0.111867E+02
  0.112315E+02
  0.112744E+02
  0.113183E+02
  0.113660E+02
  0.114144E+02
  0.114616E+02
  0.115104E+02
  0.115640E+02
  0.116161E+02
  0.116680E+02
  0.117227E+02
  0.117791E+02
  0.118357E+02
  0.118931E+02
  0.119505E+02
  0.120102E+02
  0.120711E+02
  0.121330E+02
  0.121943E+02
  0.122551E+02
  0.123160E+02
  0.123773E+02
  0.124379E+02
  0.124998E+02
  0.125602E+02
  0.126200E+02
  0.126816E+02
  0.127441E+02
  0.128039E+02
  0.128623E+02
  0.129199E+02
  0.129782E+02
  0.130362E+02
  0.130928E+02
  0.131480E+02
  0.132031E+02
  0.132568E+02
  0.133107E+02
  0.133652E+02
  0.134209E+02
  0.134744E+02
  0.135283E+02
  0.135826E+02
  0.136364E+02
  0.136909E+02
  0.137460E+02
  0.138004E+02
  0.138557E+02
  0.139102E+02
  0.139651E+02
  0.140200E+02
  0.140759E+02
  0.141307E+02
  0.141837E+02
  0.142373E+02
  0.142956E+02
  0.143536E+02
  0.144087E+02
  0.144637E+02
  0.145217E+02
  0.145789E+02
  0.146344E+02
  0.146907E+02
  0.147488E+02
  0.148053E+02
  0.148626E+02
  0.149207E+02
  0.149791E+02
  0.150353E+02
  0.150896E+02
  0.151428E+02
  0.151961E+02
  0.152475E+02
  0.152984E+02
  0.153482E+02
  0.153972E+02
  0.154451E+02
  0.154913E+02
  0.155338E+02
  0.155763E+02
  0.156158E+02
  0.156513E+02
  0.156842E+02
  0.157148E+02
  0.157417E+02
  0.157670E+02
  0.157892E+02
  0.158078E+02
  0.158248E+02
  0.158438E+02
  0.158607E+02
  0.158732E+02
  0.158821E+02
  0.158914E+02
  0.158998E+02
  0.159058E+02
  0.159065E+02
  0.159074E+02
  0.159087E+02
  0.159070E+02
  0.159019E+02
  0.158961E+02
  0.158880E+02
  0.158777E+02
  0.158649E+02
  0.158525E+02
  0.158395E+02
  0.158243E+02
  0.158057E+02
  0.157876E+02
  0.157692E+02
  0.157485E+02
  0.157254E+02
  0.157030E+02
  0.156798E+02
  0.156548E+02
  0.156267E+02
  0.155992E+02
  0.155707E+02
  0.155397E+02
  0.155058E+02
  0.154721E+02
  0.154363E+02
  0.153975E+02
  0.153565E+02
  0.153147E+02
  0.152672E+02
  0.152149E+02
  0.151601E+02
  0.151022E+02
  0.150382E+02
  0.149702E+02
  0.148977E+02
  0.148210E+02
  0.147380E+02
  0.146498E+02
  0.145560E+02
  0.144576E+02
  0.143541E+02
  0.142451E+02
  0.141287E+02
  0.140076E+02
  0.138805E+02
  0.137465E+02
  0.136041E+02
  0.134556E+02
  0.132995E+02
  0.131337E+02
  0.129589E+02
  0.127771E+02
  0.125863E+02
  0.123882E+02
  0.121817E+02
  0.119691E+02
  0.117493E+02
  0.115195E+02
  0.112794E+02
  0.110326E+02
  0.107785E+02
  0.105152E+02
  0.102428E+02
  0.996572E+01
  0.968100E+01
  0.938599E+01
  0.908356E+01
  0.877744E+01
  0.846406E+01
  0.814257E+01
  0.781331E+01
  0.747832E+01
  0.713823E+01
  0.679291E+01
  0.644163E+01
  0.608612E+01
  0.572598E+01
  0.536090E+01
  0.498888E+01
  0.461150E+01
  0.423075E+01
  0.384453E+01
  0.345053E+01
  0.305300E+01
  0.265220E+01
  0.224562E+01
  0.183265E+01
  0.141593E+01
  0.994689E+00
  0.566600E+00
  0.131280E+00
 -0.310333E+00
 -0.758029E+00
 -0.121172E+01
 -0.167267E+01
 -0.214000E+01
 -0.261299E+01
 -0.309231E+01
 -0.357911E+01
 -0.407191E+01
 -0.457090E+01
 -0.507769E+01
 -0.559000E+01
 -0.610681E+01
 -0.663000E+01
 -0.715907E+01
 -0.769282E+01
 -0.823178E+01
 -0.877577E+01
 -0.932521E+01
 -0.987845E+01
 -0.104344E+02
 -0.109950E+02
 -0.115628E+02
 -0.121358E+02
 -0.127103E+02
 -0.132875E+02
 -0.138709E+02
 -0.144562E+02
 -0.150417E+02
 -0.156311E+02
 -0.162250E+02
 -0.168201E+02
 -0.174181E+02
 -0.180209E+02
 -0.186273E+02
 -0.192337E+02
 -0.198415E+02
 -0.204505E+02
 -0.210601E+02
 -0.216680E+02
 -0.222756E+02
 -0.228828E+02
 -0.234889E+02
 -0.240937E+02
 -0.246976E+02
 -0.252990E+02
 -0.258974E+02
 -0.264904E+02
 -0.270800E+02
 -0.276653E+02
 -0.282470E+02
 -0.288228E+02
 -0.293948E+02
 -0.299635E+02
 -0.305267E+02
 -0.310821E+02
 -0.316323E+02
 -0.321771E+02
 -0.327169E+02
 -0.332490E+02
 -0.337775E+02
 -0.343020E+02
 -0.348216E+02
 -0.353339E+02
 -0.358412E+02
 -0.363435E+02
 -0.368411E+02
 -0.373297E+02
 -0.378138E+02
 -0.382935E+02
 -0.387678E+02
 -0.392339E+02
 -0.396938E+02
 -0.401470E+02
 -0.405956E+02
 -0.410351E+02
 -0.414681E+02
 -0.418941E+02
 -0.423128E+02
 -0.427217E+02
 -0.431249E+02
 -0.435220E+02
 -0.439143E+02
 -0.442972E+02
 -0.446737E+02
 -0.450439E+02
 -0.454057E+02
 -0.457573E+02
 -0.461030E+02
 -0.464420E+02
 -0.467769E+02
 -0.471032E+02
 -0.474239E+02
 -0.477388E+02
 -0.480485E+02
 -0.483513E+02
 -0.486501E+02
 -0.489410E+02
 -0.492279E+02
 -0.495090E+02
 -0.497875E+02
 -0.500627E+02
 -0.503346E+02
 -0.506005E+02
 -0.508628E+02
 -0.511189E+02
 -0.513754E+02
 -0.516296E+02
 -0.518814E+02
 -0.521282E+02
 -0.523734E+02
 -0.526170E+02
 -0.528602E+02
 -0.530979E+02
 -0.533319E+02
 -0.535602E+02
 -0.537893E+02
 -0.540153E+02
 -0.542351E+02
 -0.544497E+02
 -0.546667E+02
 -0.548793E+02
 -0.550866E+02
 -0.552886E+02
 -0.554919E+02
 -0.556921E+02
 -0.558868E+02
 -0.560753E+02
 -0.562628E+02
 -0.564447E+02
 -0.566221E+02
 -0.567939E+02
 -0.569660E+02
 -0.571340E+02
 -0.572962E+02
 -0.574511E+02
 -0.576041E+02
 -0.577517E+02
 -0.578951E+02
 -0.580309E+02
 -0.581661E+02
 -0.583004E+02
 -0.584303E+02
 -0.585518E+02
 -0.586716E+02
 -0.587879E+02
 -0.589000E+02
 -0.590023E+02
 -0.591038E+02
 -0.592043E+02
 -0.593018E+02
 -0.593944E+02
 -0.594856E+02
 -0.595721E+02
 -0.596574E+02
 -0.597371E+02
 -0.598126E+02
 -0.598826E+02
 -0.599514E+02
 -0.600180E+02
 -0.600834E+02
 -0.601427E+02
 -0.602018E+02
 -0.602567E+02
 -0.603083E+02
 -0.603534E+02
 -0.603945E+02
 -0.604310E+02
 -0.604676E+02
 -0.605009E+02
 -0.605335E+02
 -0.605604E+02
 -0.605827E+02
 -0.605983E+02
 -0.606110E+02
 -0.606184E+02
 -0.606242E+02
 -0.606259E+02
 -0.606284E+02
 -0.606284E+02
 -0.606281E+02
 -0.606227E+02
 -0.606119E+02
 -0.605976E+02
 -0.605849E+02
 -0.605658E+02
 -0.605456E+02
 -0.605242E+02
 -0.605061E+02
 -0.604875E+02
 -0.604660E+02
 -0.604407E+02
 -0.604165E+02
 -0.603885E+02
 -0.603575E+02
 -0.603224E+02
 -0.602914E+02
 -0.602589E+02
 -0.602222E+02
 -0.601832E+02
 -0.601477E+02
 -0.601100E+02
 -0.600714E+02
 -0.600273E+02
 -0.599853E+02
 -0.599441E+02
 -0.599005E+02
 -0.598543E+02
 -0.598116E+02
 -0.597661E+02
 -0.597214E+02
 -0.596741E+02
 -0.596271E+02
 -0.595782E+02
 -0.595270E+02
 -0.594732E+02
 -0.594219E+02
 -0.593697E+02
 -0.593202E+02
 -0.592693E+02
 -0.592210E+02
 -0.591731E+02
 -0.591244E+02
 -0.590724E+02
 -0.590225E+02
 -0.589720E+02
 -0.589242E+02
 -0.588760E+02
 -0.588316E+02
 -0.587891E+02
 -0.587491E+02
 -0.587072E+02
 -0.586656E+02
 -0.586216E+02
 -0.585797E+02
 -0.585364E+02
 -0.584944E+02
 -0.584530E+02
 -0.584140E+02
 -0.583739E+02
 -0.583344E+02
 -0.582907E+02
 -0.582452E+02
 -0.581955E+02
 -0.581480E+02
 -0.580989E+02
 -0.580467E+02
 -0.579919E+02
 -0.579395E+02
 -0.578834E+02
 -0.578243E+02
 -0.577608E+02
 -0.576981E+02
 -0.576327E+02
 -0.575627E+02
 -0.574881E+02
 -0.574153E+02
 -0.573388E+02
 -0.572595E+02
 -0.571759E+02
 -0.570943E+02
 -0.570076E+02
 -0.569138E+02
 -0.568162E+02
 -0.567197E+02
 -0.566171E+02
 -0.565120E+02
 -0.564033E+02
 -0.562932E+02
 -0.561780E+02
 -0.560596E+02
 -0.559358E+02
 -0.558091E+02
 -0.556758E+02
 -0.555410E+02
 -0.554025E+02
 -0.552614E+02
 -0.551157E+02
 -0.549663E+02
 -0.548131E+02
 -0.546580E+02
 -0.544960E+02
 -0.543322E+02
 -0.541634E+02
 -0.539935E+02
 -0.538225E+02
 -0.536503E+02
 -0.534753E+02
 -0.533004E+02
 -0.531202E+02
 -0.529368E+02
 -0.527486E+02
 -0.525616E+02
 -0.523726E+02
 -0.521798E+02
 -0.519847E+02
 -0.517950E+02
 -0.516045E+02
 -0.514109E+02
 -0.512119E+02
 -0.510148E+02
 -0.508181E+02
 -0.506192E+02
 -0.504185E+02
 -0.502202E+02
 -0.500197E+02
 -0.498210E+02
 -0.496205E+02
 -0.494192E+02
 -0.492144E+02
 -0.490080E+02
 -0.488015E+02
 -0.485957E+02
 -0.483864E+02
 -0.481783E+02
 -0.479687E+02
 -0.477587E+02
 -0.475452E+02
 -0.473288E+02
 -0.471090E+02
 -0.468902E+02
 -0.466697E+02
 -0.464487E+02
 -0.462230E+02
 -0.459986E+02
 -0.457753E+02
 -0.455494E+02
 -0.453183E+02
 -0.450881E+02
 -0.448575E+02
 -0.446264E+02
 -0.443913E+02
 -0.441576E+02
 -0.439247E+02
 -0.436919E+02
 -0.434570E+02
 -0.432245E+02
 -0.429909E+02
 -0.427567E+02
 -0.425213E+02
 -0.422881E+02
 -0.420560E+02
 -0.418247E+02
 -0.415927E+02
 -0.413646E+02
 -0.411379E+02
 -0.409143E+02
 -0.406877E+02
 -0.404605E+02
 -0.402364E+02
 -0.400166E+02
 -0.397949E+02
 -0.395739E+02
 -0.393563E+02
 -0.391432E+02
 -0.389285E+02
 -0.387162E+02
 -0.385066E+02
 -0.382988E+02
 -0.380897E+02
 -0.378823E+02
 -0.376749E+02
 -0.374698E+02
 -0.372649E+02
 -0.370631E+02
 -0.368632E+02
 -0.366643E+02
 -0.364652E+02
 -0.362675E+02
 -0.360671E+02
 -0.358661E+02
 -0.356622E+02
 -0.354599E+02
 -0.352593E+02
 -0.350590E+02
 -0.348577E+02
 -0.346582E+02
 -0.344587E+02
 -0.342601E+02
 -0.340592E+02
 -0.338587E+02
 -0.336593E+02
 -0.334611E+02
 -0.332624E+02
 -0.330678E+02
 -0.328750E+02
 -0.326826E+02
 -0.324883E+02
 -0.322958E+02
 -0.321049E+02
 -0.319151E+02
 -0.317244E+02
 -0.315355E+02
 -0.313471E+02
 -0.311616E+02
 -0.309758E+02
 -0.307905E+02
 -0.306049E+02
 -0.304185E+02
 -0.302318E+02
 -0.300488E+02
 -0.298656E+02
 -0.296825E+02
 -0.294972E+02
 -0.293133E+02
 -0.291311E+02
 -0.289488E+02
 -0.287668E+02
 -0.285873E+02
 -0.284056E+02
 -0.282241E+02
 -0.280432E+02
 -0.278649E+02
 -0.276880E+02
 -0.275126E+02
 -0.273391E+02
 -0.271683E+02
 -0.269963E+02
 -0.268250E+02
 -0.266533E+02
 -0.264852E+02
 -0.263205E+02
 -0.261597E+02
 -0.260026E+02
 -0.258490E+02
 -0.256945E+02
 -0.255413E+02
 -0.253893E+02
 -0.252418E+02
 -0.250972E+02
 -0.249523E+02
 -0.248070E+02
 -0.246656E+02
 -0.245264E+02
 -0.243869E+02
 -0.242477E+02
 -0.241145E+02
 -0.239818E+02
 -0.238459E+02
 -0.237097E+02
 -0.235775E+02
 -0.234472E+02
 -0.233191E+02
 -0.231915E+02
 -0.230653E+02
 -0.229392E+02
 -0.228118E+02
 -0.226817E+02
 -0.225519E+02
 -0.224230E+02
 -0.222969E+02
 -0.221717E+02
 -0.220485E+02
 -0.219252E+02
 -0.218014E+02
 -0.216750E+02
 -0.215476E+02
 -0.214208E+02
 -0.212965E+02
 -0.211709E+02
 -0.210454E+02
 -0.209210E+02
 -0.207979E+02
 -0.206732E+02
 -0.205464E+02
 -0.204196E+02
 -0.202963E+02
 -0.201701E+02
 -0.200411E+02
 -0.199146E+02
 -0.197907E+02
 -0.196655E+02
 -0.195403E+02
 -0.194139E+02
 -0.192856E+02
 -0.191540E+02
 -0.190240E+02
 -0.188961E+02
 -0.187688E+02
 -0.186421E+02
 -0.185183E+02
 -0.183934E+02
 -0.182656E+02
 -0.181381E+02
 -0.180157E+02
 -0.178947E+02
 -0.177737E+02
 -0.176547E+02
 -0.175393E+02
 -0.174228E+02
 -0.173057E+02
 -0.171921E+02
 -0.170821E+02
 -0.169714E+02
 -0.168609E+02
 -0.167529E+02
 -0.166477E+02
 -0.165408E+02
 -0.164332E+02
 -0.163276E+02
 -0.162249E+02
 -0.161216E+02
 -0.160171E+02
 -0.159121E+02
 -0.158070E+02
 -0.157011E+02
 -0.155958E+02
 -0.154895E+02
 -0.153824E+02
 -0.152737E+02
 -0.151627E+02
 -0.150509E+02
 -0.149397E+02
 -0.148264E+02
 -0.147111E+02
 -0.145931E+02
 -0.144731E+02
 -0.143518E+02
 -0.142314E+02
 -0.141109E+02
 -0.139891E+02
 -0.138652E+02
 -0.137388E+02
 -0.136092E+02
 -0.134784E+02
 -0.133466E+02
 -0.132143E+02
 -0.130818E+02
 -0.129508E+02
 -0.128188E+02
 -0.126843E+02
 -0.125478E+02
 -0.124112E+02
 -0.122733E+02
 -0.121329E+02
 -0.119906E+02
 -0.118475E+02
 -0.117041E+02
 -0.115624E+02
 -0.114209E+02
 -0.112786E+02
 -0.111355E+02
 -0.109918E+02
 -0.108465E+02
 -0.107003E+02
 -0.105523E+02
 -0.104045E+02
 -0.102601E+02
 -0.101187E+02
 -0.997490E+01
 -0.982949E+01
 -0.968617E+01
 -0.954278E+01
 -0.939767E+01
 -0.925440E+01
 -0.911308E+01
 -0.897253E+01
 -0.883077E+01
 -0.868880E+01
 -0.854904E+01
 -0.841209E+01
 -0.827464E+01
 -0.813427E+01
 -0.799112E+01
 -0.784956E+01
 -0.770887E+01
 -0.756736E+01
 -0.742692E+01
 -0.728739E+01
 -0.714785E+01
 -0.700833E+01
 -0.686647E+01
 -0.672436E+01
 -0.658345E+01
 -0.644222E+01
 -0.630036E+01
 -0.615935E+01
 -0.601770E+01
 -0.587500E+01
 -0.573241E+01
 -0.559134E+01
 -0.545238E+01
 -0.531250E+01
 -0.516936E+01
 -0.502625E+01
 -0.488478E+01
 -0.474365E+01
 -0.460128E+01
 -0.446001E+01
 -0.432133E+01
 -0.418275E+01
 -0.404441E+01
 -0.390849E+01
 -0.377344E+01
 -0.363922E+01
 -0.350694E+01
 -0.337485E+01
 -0.324287E+01
 -0.311346E+01
 -0.298750E+01
 -0.286605E+01
 -0.274669E+01
 -0.262732E+01
 -0.250874E+01
 -0.238887E+01
 -0.226913E+01
 -0.215226E+01
 -0.203921E+01
 -0.193162E+01
 -0.182621E+01
 -0.172119E+01
 -0.161750E+01
 -0.151576E+01
 -0.141702E+01
 -0.132153E+01
 -0.122885E+01
 -0.113592E+01
 -0.104447E+01
 -0.957801E+00
 -0.873497E+00
 -0.792449E+00
 -0.715713E+00
 -0.641166E+00
 -0.567253E+00
 -0.491912E+00
 -0.418869E+00
 -0.348472E+00
 -0.278640E+00
 -0.213180E+00
 -0.149635E+00
 -0.862575E-01
 -0.260463E-01
  0.329900E-01
  0.895391E-01
  0.143998E+00
  0.199143E+00
  0.253129E+00
  0.306290E+00
  0.357094E+00
  0.401452E+00
  0.440865E+00
  0.476182E+00
  0.509491E+00
  0.541634E+00
  0.573624E+00
  0.604920E+00
  0.628220E+00
  0.645859E+00
  0.662476E+00
  0.674172E+00
  0.682129E+00
  0.687386E+00
  0.689515E+00
  0.686539E+00
  0.680832E+00
  0.678025E+00
  0.674660E+00
  0.668503E+00
  0.658814E+00
  0.642785E+00
  0.624108E+00
  0.605195E+00
  0.586808E+00
  0.568734E+00
  0.551690E+00
  0.534836E+00
  0.516755E+00
  0.499451E+00
  0.481202E+00
  0.461617E+00
  0.442650E+00
  0.423600E+00
  0.406594E+00
  0.392075E+00
  0.380311E+00
  0.371315E+00
  0.363587E+00
  0.357544E+00
  0.351571E+00
  0.343628E+00
  0.334855E+00
  0.324784E+00
  0.317940E+00
  0.317177E+00
  0.318116E+00
  0.319169E+00
  0.320397E+00
  0.321061E+00
  0.321427E+00
  0.321244E+00
  0.322388E+00
  0.324082E+00
  0.324372E+00
  0.325135E+00
  0.327385E+00
  0.330269E+00
  0.333016E+00
  0.334824E+00
  0.336785E+00
  0.339020E+00
  0.339493E+00
  0.338089E+00
  0.337876E+00
  0.336350E+00
  0.332085E+00
  0.328507E+00
  0.325005E+00
  0.321167E+00
  0.319184E+00
  0.317826E+00
  0.314026E+00
  0.306298E+00
  0.296982E+00
  0.287774E+00
  0.279160E+00
  0.272156E+00
  0.267685E+00
  0.265381E+00
  0.261689E+00
  0.252732E+00
  0.240929E+00
  0.228394E+00
  0.215218E+00
  0.201104E+00
  0.184998E+00
  0.169343E+00
  0.156090E+00
  0.143692E+00
  0.129441E+00
  0.108033E+00
  0.814748E-01
  0.528798E-01
  0.201879E-01
 -0.148540E-01
 -0.491786E-01
 -0.828471E-01
 -0.117477E+00
 -0.155548E+00
 -0.198097E+00
 -0.246810E+00
 -0.300659E+00
 -0.357376E+00
 -0.415451E+00
 -0.471756E+00
 -0.526969E+00
 -0.585723E+00
 -0.645782E+00
 -0.707992E+00
 -0.777389E+00
 -0.852897E+00
 -0.931015E+00
 -0.100675E+01
 -0.108099E+01
 -0.115463E+01
 -0.122830E+01
 -0.130775E+01
 -0.138914E+01
 -0.147218E+01
 -0.155919E+01
 -0.164904E+01
 -0.174071E+01
 -0.182967E+01
 -0.191695E+01
 -0.200291E+01
 -0.208813E+01
 -0.217551E+01
 -0.226430E+01
 -0.235445E+01
 -0.244514E+01
 -0.253529E+01
 -0.262508E+01
 -0.271201E+01
 -0.279478E+01
 -0.287584E+01
 -0.295247E+01
 -0.302565E+01
 -0.310187E+01
 -0.318056E+01
 -0.325795E+01
 -0.333198E+01
 -0.340471E+01
 -0.347646E+01
 -0.354407E+01
 -0.360843E+01
 -0.367224E+01
 -0.373473E+01
 -0.379781E+01
 -0.386376E+01
 -0.392999E+01
 -0.399286E+01
 -0.405331E+01
 -0.411468E+01
 -0.417411E+01
 -0.422832E+01
 -0.428123E+01
 -0.433553E+01
 -0.439022E+01
 -0.444208E+01
 -0.449358E+01
 -0.454511E+01
 -0.459061E+01
 -0.463282E+01
 -0.467341E+01
 -0.471068E+01
 -0.474993E+01
 -0.479120E+01
 -0.483001E+01
 -0.486461E+01
 -0.489918E+01
 -0.493446E+01
 -0.496426E+01
 -0.498759E+01
 -0.500908E+01
 -0.503216E+01
 -0.505623E+01
 -0.507969E+01
 -0.510466E+01
 -0.513000E+01
 -0.515240E+01
 -0.517162E+01
 -0.519146E+01
 -0.520950E+01
 -0.522397E+01
 -0.524209E+01
 -0.526491E+01
 -0.528682E+01
 -0.530680E+01
 -0.532703E+01
 -0.534893E+01
 -0.537117E+01
 -0.539273E+01
 -0.541130E+01
 -0.542819E+01
 -0.544674E+01
 -0.546674E+01
 -0.548785E+01
 -0.551056E+01
 -0.553304E+01
 -0.555508E+01
 -0.557648E+01
 -0.559407E+01
 -0.560623E+01
 -0.561634E+01
 -0.562686E+01
 -0.563840E+01
 -0.564925E+01
 -0.565879E+01
 -0.566734E+01
 -0.567433E+01
 -0.568001E+01
 -0.568267E+01
 -0.568207E+01
 -0.567951E+01
 -0.567374E+01
 -0.566839E+01
 -0.566465E+01
 -0.566250E+01
 -0.565999E+01
 -0.565313E+01
 -0.564185E+01
 -0.562791E+01
 -0.561336E+01
 -0.559897E+01
 -0.558371E+01
 -0.556771E+01
 -0.555204E+01
 -0.553593E+01
 -0.551478E+01
 -0.549122E+01
 -0.547134E+01
 -0.545287E+01
 -0.543239E+01
 -0.541303E+01
 -0.539619E+01
 -0.537964E+01
 -0.536190E+01
 -0.534584E+01
 -0.532860E+01
 -0.530737E+01
 -0.528642E+01
 -0.526837E+01
 -0.525266E+01
 -0.523978E+01
 -0.522955E+01
 -0.521978E+01
 -0.520882E+01
 -0.519746E+01
 -0.518427E+01
 -0.517226E+01
 -0.516412E+01
 -0.515858E+01
 -0.515626E+01
 -0.515538E+01
 -0.515312E+01
 -0.515088E+01
 -0.514830E+01
 -0.514465E+01
 -0.514254E+01
 -0.514367E+01
 -0.514580E+01
 -0.514861E+01
 -0.515535E+01
 -0.516675E+01
 -0.517615E+01
 -0.518276E+01
 -0.518935E+01
 -0.519614E+01
 -0.520527E+01
 -0.521674E+01
 -0.523134E+01
 -0.524608E+01
 -0.525395E+01
 -0.526139E+01
 -0.527150E+01
 -0.527849E+01
 -0.528196E+01
 -0.528579E+01
 -0.529110E+01
 -0.529190E+01
 -0.528555E+01
 -0.527679E+01
 -0.526556E+01
 -0.524819E+01
 -0.522613E+01
 -0.520239E+01
 -0.517134E+01
 -0.513235E+01
 -0.508849E+01
 -0.503869E+01
 -0.498277E+01
 -0.492165E+01
 -0.485570E+01
 -0.478249E+01
 -0.470149E+01
 -0.461709E+01
 -0.452595E+01
 -0.442687E+01
 -0.432589E+01
 -0.422327E+01
 -0.411569E+01
 -0.400239E+01
 -0.388651E+01
 -0.376793E+01
 -0.363966E+01
 -0.350643E+01
 -0.337533E+01
 -0.324394E+01
 -0.310896E+01
 -0.297136E+01
 -0.283635E+01
 -0.270025E+01
 -0.255871E+01
 -0.241795E+01
 -0.227735E+01
 -0.213261E+01
 -0.198506E+01
 -0.183830E+01
 -0.169328E+01
 -0.154908E+01
 -0.140931E+01
 -0.127098E+01
 -0.112865E+01
 -0.987586E+00
 -0.847848E+00
 -0.705469E+00
 -0.561645E+00
 -0.418111E+00
 -0.279388E+00
 -0.144588E+00
 -0.119910E-01
  0.116126E+00
  0.242777E+00
  0.373026E+00
  0.507571E+00
  0.642676E+00
  0.775034E+00
  0.904732E+00
  0.102912E+01
  0.114872E+01
  0.127016E+01
  0.139544E+01
  0.151965E+01
  0.164431E+01
  0.177206E+01
  0.189806E+01
  0.201978E+01
  0.214077E+01
  0.226421E+01
  0.238568E+01
  0.250407E+01
  0.262709E+01
  0.275073E+01
  0.287356E+01
  0.299942E+01
  0.312388E+01
  0.324430E+01
  0.336646E+01
  0.348997E+01
  0.361055E+01
  0.373463E+01
  0.386431E+01
  0.399435E+01
  0.412627E+01
  0.425918E+01
  0.439332E+01
  0.452566E+01
  0.466033E+01
  0.480106E+01
  0.493757E+01
  0.507358E+01
  0.521743E+01
  0.536267E+01
  0.551004E+01
  0.566038E+01
  0.581434E+01
  0.596870E+01
  0.611627E+01
  0.626626E+01
  0.642489E+01
  0.658057E+01
  0.673806E+01
  0.690263E+01
  0.706549E+01
  0.722593E+01
  0.738948E+01
  0.755739E+01
  0.772699E+01
  0.789476E+01
  0.806785E+01
  0.824165E+01
  0.841131E+01
  0.858500E+01
  0.876138E+01
  0.893547E+01
  0.911211E+01
  0.929002E+01
  0.946827E+01
  0.964578E+01
  0.982486E+01
  0.100088E+02
  0.101917E+02
  0.103716E+02
  0.105558E+02
  0.107397E+02
  0.109232E+02
  0.111093E+02
  0.112971E+02
  0.114863E+02
  0.116755E+02
  0.118651E+02
  0.120557E+02
  0.122442E+02
  0.124345E+02
  0.126257E+02
  0.128170E+02
  0.130092E+02
  0.132019E+02
  0.133937E+02
  0.135851E+02
  0.137751E+02
  0.139634E+02
  0.141485E+02
  0.143321E+02
  0.145142E+02
  0.146936E+02
  0.148700E+02
  0.150465E+02
  0.152202E+02
  0.153901E+02
  0.155541E+02
  0.157166E+02
  0.158781E+02
  0.160335E+02
  0.161863E+02
  0.163406E+02
  0.164904E+02
  0.166378E+02
  0.167833E+02
  0.169246E+02
  0.170591E+02
  0.171870E+02
  0.173107E+02
  0.174351E+02
  0.175537E+02
  0.176675E+02
  0.177822E+02
  0.178949E+02
  0.180016E+02
  0.181039E+02
  0.181995E+02
  0.182925E+02
  0.183810E+02
  0.184685E+02
  0.185566E+02
  0.186406E+02
  0.187193E+02
  0.187955E+02
  0.188658E+02
  0.189334E+02
  0.189974E+02
  0.190587E+02
  0.191184E+02
  0.191759E+02
  0.192289E+02
  0.192783E+02
  0.193251E+02
  0.193700E+02
  0.194101E+02
  0.194486E+02
  0.194833E+02
  0.195123E+02
  0.195370E+02
  0.195618E+02
  0.195840E+02
  0.196027E+02
  0.196171E+02
  0.196287E+02
  0.196342E+02
  0.196345E+02
  0.196319E+02
  0.196272E+02
  0.196184E+02
  0.196075E+02
  0.195911E+02
  0.195706E+02
  0.195441E+02
  0.195122E+02
  0.194774E+02
  0.194409E+02
  0.193998E+02
  0.193544E+02
  0.193033E+02
  0.192479E+02
  0.191883E+02
  0.191254E+02
  0.190571E+02
  0.189857E+02
  0.189113E+02
  0.188335E+02
  0.187472E+02
  0.186562E+02
  0.185631E+02
  0.184659E+02
  0.183641E+02
  0.182601E+02
  0.181527E+02
  0.180405E+02
  0.179179E+02
  0.177908E+02
  0.176638E+02
  0.175358E+02
  0.174048E+02
  0.172719E+02
  0.171345E+02
  0.169921E+02
  0.168445E+02
  0.166945E+02
  0.165423E+02
  0.163873E+02
  0.162284E+02
  0.160678E+02
  0.159013E+02
  0.157303E+02
  0.155542E+02
  0.153744E+02
  0.151897E+02
  0.149998E+02
  0.148052E+02
  0.146075E+02
  0.144041E+02
  0.141943E+02
  0.139792E+02
  0.137617E+02
  0.135383E+02
  0.133063E+02
  0.130669E+02
  0.128240E+02
  0.125753E+02
  0.123229E+02
  0.120668E+02
  0.118069E+02
  0.115438E+02
  0.112764E+02
  0.110037E+02
  0.107254E+02
  0.104415E+02
  0.101561E+02
  0.986873E+01
  0.958112E+01
  0.929034E+01
  0.899582E+01
  0.869924E+01
  0.839889E+01
  0.809477E+01
  0.779000E+01
  0.748276E+01
  0.717416E+01
  0.686439E+01
  0.655204E+01
  0.623613E+01
  0.591801E+01
  0.559807E+01
  0.527754E+01
  0.495404E+01
  0.462727E+01
  0.429848E+01
  0.396880E+01
  0.363731E+01
  0.330382E+01
  0.297137E+01
  0.264130E+01
  0.230834E+01
  0.197173E+01
  0.163358E+01
  0.129559E+01
  0.956473E+00
  0.616705E+00
  0.278062E+00
 -0.596900E-01
 -0.396596E+00
 -0.734406E+00
 -0.107634E+01
 -0.142005E+01
 -0.176220E+01
 -0.210233E+01
 -0.244211E+01
 -0.278171E+01
 -0.312073E+01
 -0.345892E+01
 -0.379570E+01
 -0.413208E+01
 -0.446908E+01
 -0.480626E+01
 -0.514350E+01
 -0.548072E+01
 -0.581708E+01
 -0.615305E+01
 -0.648796E+01
 -0.681999E+01
 -0.714982E+01
 -0.747993E+01
 -0.781010E+01
 -0.814165E+01
 -0.847625E+01
 -0.881126E+01
 -0.914436E+01
 -0.947749E+01
 -0.980950E+01
 -0.101395E+02
 -0.104688E+02
 -0.107989E+02
 -0.111296E+02
 -0.114603E+02
 -0.117909E+02
 -0.121222E+02
 -0.124519E+02
 -0.127792E+02
 -0.131039E+02
 -0.134262E+02
 -0.137458E+02
 -0.140633E+02
 -0.143788E+02
 -0.146936E+02
 -0.150065E+02
 -0.153185E+02
 -0.156289E+02
 -0.159352E+02
 -0.162368E+02
 -0.165347E+02
 -0.168271E+02
 -0.171155E+02
 -0.174017E+02
 -0.176869E+02
 -0.179687E+02
 -0.182477E+02
 -0.185222E+02
 -0.187920E+02
 -0.190568E+02
 -0.193177E+02
 -0.195738E+02
 -0.198264E+02
 -0.200761E+02
 -0.203241E+02
 -0.205670E+02
 -0.208053E+02
 -0.210402E+02
 -0.212716E+02
 -0.214971E+02
 -0.217182E+02
 -0.219361E+02
 -0.221502E+02
 -0.223580E+02
 -0.225628E+02
 -0.227634E+02
 -0.229600E+02
 -0.231513E+02
 -0.233384E+02
 -0.235211E+02
 -0.236992E+02
 -0.238707E+02
 -0.240380E+02
 -0.242019E+02
 -0.243623E+02
 -0.245186E+02
 -0.246734E+02
 -0.248241E+02
 -0.249706E+02
 -0.251125E+02
 -0.252516E+02
 -0.253874E+02
 -0.255211E+02
 -0.256523E+02
 -0.257812E+02
 -0.259043E+02
 -0.260241E+02
 -0.261420E+02
 -0.262586E+02
 -0.263726E+02
 -0.264850E+02
 -0.265941E+02
 -0.267017E+02
 -0.268056E+02
 -0.269063E+02
 -0.270031E+02
 -0.270989E+02
 -0.271940E+02
 -0.272881E+02
 -0.273792E+02
 -0.274706E+02
 -0.275601E+02
 -0.276472E+02
 -0.277312E+02
 -0.278156E+02
 -0.279001E+02
 -0.279830E+02
 -0.280634E+02
 -0.281459E+02
 -0.282282E+02
 -0.283094E+02
 -0.283897E+02
 -0.284725E+02
 -0.285552E+02
 -0.286361E+02
 -0.287144E+02
 -0.287929E+02
 -0.288691E+02
 -0.289451E+02
 -0.290205E+02
 -0.290973E+02
 -0.291734E+02
 -0.292475E+02
 -0.293183E+02
 -0.293880E+02
 -0.294543E+02
 -0.295180E+02
 -0.295782E+02
 -0.296381E+02
 -0.296966E+02
 -0.297527E+02
 -0.298048E+02
 -0.298547E+02
 -0.299007E+02
 -0.299431E+02
 -0.299801E+02
 -0.300145E+02
 -0.300455E+02
 -0.300718E+02
 -0.300929E+02
 -0.301108E+02
 -0.301235E+02
 -0.301323E+02
 -0.301355E+02
 -0.301348E+02
 -0.301282E+02
 -0.301167E+02
 -0.300997E+02
 -0.300786E+02
 -0.300521E+02
 -0.300220E+02
 -0.299861E+02
 -0.299465E+02
 -0.299014E+02
 -0.298500E+02
 -0.297903E+02
 -0.297255E+02
 -0.296555E+02
 -0.295811E+02
 -0.295000E+02
 -0.294143E+02
 -0.293230E+02
 -0.292255E+02
 -0.291202E+02
 -0.290096E+02
 -0.288927E+02
 -0.287704E+02
 -0.286402E+02
 -0.285064E+02
 -0.283676E+02
 -0.282218E+02
 -0.280690E+02
 -0.279118E+02
 -0.277478E+02
 -0.275776E+02
 -0.274018E+02
 -0.272219E+02
 -0.270365E+02
 -0.268466E+02
 -0.266508E+02
 -0.264508E+02
 -0.262453E+02
 -0.260356E+02
 -0.258211E+02
 -0.256033E+02
 -0.253818E+02
 -0.251576E+02
 -0.249295E+02
 -0.246992E+02
 -0.244661E+02
 -0.242323E+02
 -0.239954E+02
 -0.237581E+02
 -0.235199E+02
 -0.232802E+02
 -0.230386E+02
 -0.227976E+02
 -0.225557E+02
 -0.223138E+02
 -0.220720E+02
 -0.218325E+02
 -0.215929E+02
 -0.213534E+02
 -0.211150E+02
 -0.208786E+02
 -0.206425E+02
 -0.204087E+02
 -0.201755E+02
 -0.199445E+02
 -0.197148E+02
 -0.194863E+02
 -0.192586E+02
 -0.190326E+02
 -0.188083E+02
 -0.185872E+02
 -0.183683E+02
 -0.181530E+02
 -0.179402E+02
 -0.177293E+02
 -0.175190E+02
 -0.173104E+02
 -0.171031E+02
 -0.168982E+02
 -0.166957E+02
 -0.164969E+02
 -0.163007E+02
 -0.161068E+02
 -0.159140E+02
 -0.157227E+02
 -0.155325E+02
 -0.153444E+02
 -0.151576E+02
 -0.149740E+02
 -0.147931E+02
 -0.146140E+02
 -0.144360E+02
 -0.142603E+02
 -0.140864E+02
 -0.139140E+02
 -0.137417E+02
 -0.135708E+02
 -0.134011E+02
 -0.132325E+02
 -0.130646E+02
 -0.128985E+02
 -0.127335E+02
 -0.125708E+02
 -0.124094E+02
 -0.122485E+02
 -0.120886E+02
 -0.119300E+02
 -0.117713E+02
 -0.116132E+02
 -0.114556E+02
 -0.112992E+02
 -0.111436E+02
 -0.109897E+02
 -0.108370E+02
 -0.106852E+02
 -0.105336E+02
 -0.103827E+02
 -0.102314E+02
 -0.100799E+02
 -0.992799E+01
 -0.977631E+01
 -0.962568E+01
 -0.947585E+01
 -0.932491E+01
 -0.917420E+01
 -0.902321E+01
 -0.887083E+01
 -0.871758E+01
 -0.856402E+01
 -0.840766E+01
 -0.824998E+01
 -0.809193E+01
 -0.793215E+01
 -0.777107E+01
 -0.760941E+01
 -0.744559E+01
 -0.727983E+01
 -0.711135E+01
 -0.694030E+01
 -0.676621E+01
 -0.659028E+01
 -0.641416E+01
 -0.623844E+01
 -0.606193E+01
 -0.588360E+01
 -0.570402E+01
 -0.552399E+01
 -0.534237E+01
 -0.515936E+01
 -0.497574E+01
 -0.479280E+01
 -0.461038E+01
 -0.442884E+01
 -0.424794E+01
 -0.406700E+01
 -0.388655E+01
 -0.370726E+01
 -0.352754E+01
 -0.334703E+01
 -0.316777E+01
 -0.299085E+01
 -0.281498E+01
 -0.263952E+01
 -0.246473E+01
 -0.229094E+01
 -0.211719E+01
 -0.194344E+01
 -0.177118E+01
 -0.160115E+01
 -0.143249E+01
 -0.126470E+01
 -0.109819E+01
 -0.932892E+00
 -0.769237E+00
 -0.607677E+00
 -0.447190E+00
 -0.287763E+00
 -0.130265E+00
  0.260305E-01
  0.181353E+00
  0.335645E+00
  0.487888E+00
  0.638188E+00
  0.786998E+00
  0.933687E+00
  0.107874E+01
  0.122291E+01
  0.136602E+01
  0.150904E+01
  0.165122E+01
  0.179112E+01
  0.192926E+01
  0.206629E+01
  0.220171E+01
  0.233606E+01
  0.246796E+01
  0.259723E+01
  0.272602E+01
  0.285406E+01
  0.297912E+01
  0.310155E+01
  0.322126E+01
  0.333874E+01
  0.345386E+01
  0.356677E+01
  0.367793E+01
  0.378750E+01
  0.389474E+01
  0.400059E+01
  0.410469E+01
  0.420653E+01
  0.430598E+01
  0.440387E+01
  0.450048E+01
  0.459565E+01
  0.468876E+01
  0.478074E+01
  0.487102E+01
  0.495973E+01
  0.504592E+01
  0.512968E+01
  0.521176E+01
  0.529146E+01
  0.536748E+01
  0.544181E+01
  0.551451E+01
  0.558473E+01
  0.565148E+01
  0.571594E+01
  0.577725E+01
  0.583601E+01
  0.589287E+01
  0.594777E+01
  0.600022E+01
  0.604975E+01
  0.609596E+01
  0.614041E+01
  0.618308E+01
  0.622435E+01
  0.626336E+01
  0.630176E+01
  0.633935E+01
  0.637472E+01
  0.640718E+01
  0.643805E+01
  0.646724E+01
  0.649567E+01
  0.652402E+01
  0.655245E+01
  0.657959E+01
  0.660545E+01
  0.662985E+01
  0.665333E+01
  0.667517E+01
  0.669627E+01
  0.671608E+01
  0.673523E+01
  0.675472E+01
  0.677322E+01
  0.678949E+01
  0.680538E+01
  0.681942E+01
  0.683138E+01
  0.684122E+01
  0.684962E+01
  0.685606E+01
  0.686026E+01
  0.686234E+01
  0.686365E+01
  0.686301E+01
  0.685930E+01
  0.685208E+01
  0.684377E+01
  0.683337E+01
  0.681934E+01
  0.680265E+01
  0.678480E+01
  0.676458E+01
  0.674304E+01
  0.672048E+01
  0.669660E+01
  0.667008E+01
  0.664175E+01
  0.661092E+01
  0.657775E+01
  0.654314E+01
  0.650830E+01
  0.647193E+01
  0.643395E+01
  0.639379E+01
  0.635147E+01
  0.630589E+01
  0.625682E+01
  0.620428E+01
  0.615002E+01
  0.609388E+01
  0.603585E+01
  0.597533E+01
  0.591266E+01
  0.584669E+01
  0.577726E+01
  0.570487E+01
  0.563007E+01
  0.555159E+01
  0.547072E+01
  0.538752E+01
  0.530164E+01
  0.521279E+01
  0.512129E+01
  0.502727E+01
  0.493055E+01
  0.482958E+01
  0.472621E+01
  0.462060E+01
  0.451228E+01
  0.440060E+01
  0.428593E+01
  0.416830E+01
  0.404773E+01
  0.392338E+01
  0.379522E+01
  0.366347E+01
  0.352823E+01
  0.338879E+01
  0.324605E+01
  0.310037E+01
  0.295179E+01
  0.279911E+01
  0.264324E+01
  0.248343E+01
  0.231890E+01
  0.215052E+01
  0.197985E+01
  0.180698E+01
  0.163050E+01
  0.145050E+01
  0.126897E+01
  0.108483E+01
  0.896867E+00
  0.705759E+00
  0.513700E+00
  0.319445E+00
  0.122300E+00
 -0.761824E-01
 -0.276202E+00
 -0.479006E+00
 -0.684326E+00
 -0.891096E+00
 -0.109830E+01
 -0.130695E+01
 -0.151622E+01
 -0.172518E+01
 -0.193491E+01
 -0.214579E+01
 -0.235769E+01
 -0.257009E+01
 -0.278280E+01
 -0.299605E+01
 -0.320977E+01
 -0.342334E+01
 -0.363691E+01
 -0.385113E+01
 -0.406521E+01
 -0.427936E+01
 -0.449340E+01
 -0.470584E+01
 -0.491734E+01
 -0.512816E+01
 -0.533859E+01
 -0.554886E+01
 -0.575824E+01
 -0.596527E+01
 -0.616984E+01
 -0.637238E+01
 -0.657309E+01
 -0.677178E+01
 -0.696930E+01
 -0.716625E+01
 -0.736246E+01
 -0.755707E+01
 -0.775038E+01
 -0.794151E+01
 -0.813060E+01
 -0.831770E+01
 -0.850294E+01
 -0.868598E+01
 -0.886705E+01
 -0.904607E+01
 -0.922340E+01
 -0.939856E+01
 -0.957138E+01
 -0.974160E+01
 -0.991107E+01
 -0.100793E+02
 -0.102448E+02
 -0.104082E+02
 -0.105709E+02
 -0.107318E+02
 -0.108909E+02
 -0.110480E+02
 -0.112035E+02
 -0.113575E+02
 -0.115105E+02
 -0.116610E+02
 -0.118091E+02
 -0.119548E+02
 -0.120988E+02
 -0.122399E+02
 -0.123780E+02
 -0.125131E+02
 -0.126455E+02
 -0.127734E+02
 -0.128974E+02
 -0.130181E+02
 -0.131360E+02
 -0.132498E+02
 -0.133609E+02
 -0.134698E+02
 -0.135759E+02
 -0.136772E+02
 -0.137749E+02
 -0.138689E+02
 -0.139591E+02
 -0.140460E+02
 -0.141318E+02
 -0.142165E+02
 -0.142995E+02
 -0.143791E+02
 -0.144560E+02
 -0.145295E+02
 -0.146003E+02
 -0.146674E+02
 -0.147323E+02
 -0.147954E+02
 -0.148563E+02
 -0.149148E+02
 -0.149715E+02
 -0.150243E+02
 -0.150732E+02
 -0.151185E+02
 -0.151611E+02
 -0.152004E+02
 -0.152364E+02
 -0.152686E+02
 -0.152983E+02
 -0.153240E+02
 -0.153468E+02
 -0.153657E+02
 -0.153799E+02
 -0.153900E+02
 -0.153966E+02
 -0.153979E+02
 -0.153954E+02
 -0.153891E+02
 -0.153795E+02
 -0.153650E+02
 -0.153475E+02
 -0.153264E+02
 -0.153002E+02
 -0.152676E+02
 -0.152307E+02
 -0.151889E+02
 -0.151420E+02
 -0.150897E+02
 -0.150342E+02
 -0.149733E+02
 -0.149075E+02
 -0.148372E+02
 -0.147620E+02
 -0.146810E+02
 -0.145954E+02
 -0.145048E+02
 -0.144103E+02
 -0.143117E+02
 -0.142089E+02
 -0.141009E+02
 -0.139888E+02
 -0.138721E+02
 -0.137516E+02
 -0.136267E+02
 -0.134987E+02
 -0.133671E+02
 -0.132319E+02
 -0.130936E+02
 -0.129528E+02
 -0.128082E+02
 -0.126608E+02
 -0.125096E+02
 -0.123558E+02
 -0.121997E+02
 -0.120413E+02
 -0.118789E+02
 -0.117142E+02
 -0.115477E+02
 -0.113794E+02
 -0.112083E+02
 -0.110356E+02
 -0.108613E+02
 -0.106849E+02
 -0.105062E+02
 -0.103264E+02
 -0.101454E+02
 -0.996450E+01
 -0.978244E+01
 -0.960022E+01
 -0.941847E+01
 -0.923639E+01
 -0.905413E+01
 -0.887252E+01
 -0.869198E+01
 -0.851358E+01
 -0.833624E+01
 -0.816097E+01
 -0.798713E+01
 -0.781420E+01
 -0.764264E+01
 -0.747342E+01
 -0.730634E+01
 -0.714191E+01
 -0.698014E+01
 -0.682115E+01
 -0.666440E+01
 -0.650966E+01
 -0.635660E+01
 -0.620605E+01
 -0.605783E+01
 -0.591218E+01
 -0.576864E+01
 -0.562715E+01
 -0.548802E+01
 -0.535122E+01
 -0.521620E+01
 -0.508361E+01
 -0.495355E+01
 -0.482572E+01
 -0.469925E+01
 -0.457475E+01
 -0.445203E+01
 -0.433059E+01
 -0.421050E+01
 -0.409225E+01
 -0.397579E+01
 -0.386103E+01
 -0.374785E+01
 -0.363670E+01
 -0.352679E+01
 -0.341798E+01
 -0.331093E+01
 -0.320588E+01
 -0.310235E+01
 -0.300054E+01
 -0.290060E+01
 -0.280254E+01
 -0.270585E+01
 -0.261046E+01
 -0.251656E+01
 -0.242413E+01
 -0.233334E+01
 -0.224464E+01
 -0.215751E+01
 -0.207215E+01
 -0.198897E+01
 -0.190727E+01
 -0.182688E+01
 -0.174858E+01
 -0.167215E+01
 -0.159718E+01
 -0.152351E+01
 -0.145153E+01
 -0.138171E+01
 -0.131357E+01
 -0.124709E+01
 -0.118253E+01
 -0.111987E+01
 -0.105912E+01
 -0.100015E+01
 -0.943440E+00
 -0.888740E+00
 -0.835457E+00
 -0.784151E+00
 -0.734755E+00
 -0.686884E+00
 -0.640312E+00
 -0.595201E+00
 -0.552149E+00
 -0.510754E+00
 -0.470832E+00
 -0.432809E+00
 -0.396218E+00
 -0.360843E+00
 -0.326549E+00
 -0.293424E+00
 -0.261657E+00
 -0.231125E+00
 -0.201642E+00
 -0.173377E+00
 -0.146330E+00
 -0.120443E+00
 -0.953652E-01
 -0.712368E-01
 -0.482622E-01
 -0.260551E-01
 -0.482143E-02
  0.153786E-01
  0.349043E-01
  0.535144E-01
  0.714755E-01
  0.884628E-01
  0.104493E+00
  0.119833E+00
  0.134325E+00
  0.147935E+00
  0.160745E+00
  0.172648E+00
  0.183780E+00
  0.194170E+00
  0.203953E+00
  0.213179E+00
  0.221661E+00
  0.229268E+00
  0.236289E+00
  0.242437E+00
  0.247737E+00
  0.252379E+00
  0.256540E+00
  0.260146E+00
  0.263015E+00
  0.265234E+00
  0.266903E+00
  0.267830E+00
  0.268312E+00
  0.268280E+00
  0.267843E+00
  0.267213E+00
  0.266177E+00
  0.264613E+00
  0.262785E+00
  0.260748E+00
  0.258558E+00
  0.256086E+00
  0.253413E+00
  0.250454E+00
  0.247197E+00
  0.243711E+00
  0.240153E+00
  0.236515E+00
  0.232853E+00
  0.229030E+00
  0.225085E+00
  0.221066E+00
  0.217002E+00
  0.212785E+00
  0.208535E+00
  0.204224E+00
  0.199803E+00
  0.195230E+00
  0.190624E+00
  0.185894E+00
  0.181011E+00
  0.176028E+00
  0.171116E+00
  0.166202E+00
  0.161232E+00
  0.156196E+00
  0.151168E+00
  0.146095E+00
  0.141053E+00
  0.136048E+00
  0.131110E+00
  0.126183E+00
  0.121284E+00
  0.116454E+00
  0.111771E+00
  0.107237E+00
  0.102865E+00
  0.985450E-01
  0.943105E-01
  0.901207E-01
  0.860226E-01
  0.820690E-01
  0.782826E-01
  0.745966E-01
  0.710313E-01
  0.675889E-01
  0.643027E-01
  0.611389E-01
  0.581254E-01
  0.551901E-01
  0.523798E-01
  0.496912E-01
  0.470984E-01
  0.446028E-01
  0.422285E-01
  0.399486E-01
  0.377738E-01
  0.356542E-01
  0.336402E-01
  0.317215E-01
  0.298985E-01
  0.281841E-01
  0.265810E-01
  0.250480E-01
  0.236123E-01
  0.222415E-01
  0.209519E-01
  0.197333E-01
  0.185931E-01
  0.175129E-01
  0.165211E-01
  0.155859E-01
  0.147128E-01
  0.138820E-01
  0.131101E-01
  0.123922E-01
  0.117188E-01
  0.110857E-01
  0.105185E-01
  0.999021E-02
  0.950575E-02
  0.904300E-02
  0.862344E-02
  0.823675E-02
  0.787705E-02
  0.753656E-02
  0.722824E-02
  0.694231E-02
  0.668174E-02
  0.643654E-02
  0.621693E-02
  0.601216E-02
  0.582059E-02
  0.563337E-02
  0.546310E-02
  0.529956E-02
  0.514483E-02
  0.499082E-02
  0.484795E-02
  0.470920E-02
  0.457026E-02
  0.443152E-02
  0.430190E-02
  0.417169E-02
  0.404654E-02
  0.392094E-02
  0.379915E-02
  0.367821E-02
  0.355543E-02
  0.342881E-02
  0.330695E-02
  0.318464E-02
  0.306492E-02
  0.294298E-02
  0.282507E-02
  0.270886E-02
  0.259237E-02
  0.247474E-02
  0.236045E-02
  0.224619E-02
  0.213473E-02
  0.202265E-02
  0.191392E-02
  0.180768E-02
  0.170277E-02
  0.159836E-02
  0.149754E-02
  0.139817E-02
  0.130194E-02
  0.120709E-02
  0.111624E-02
  0.102832E-02
  0.943376E-03
  0.860754E-03
  0.782351E-03
  0.706965E-03
  0.635342E-03
  0.566885E-03
  0.502563E-03
  0.441961E-03
  0.385171E-03
  0.331860E-03
  0.282785E-03
  0.237485E-03
  0.196232E-03
  0.158778E-03
  0.125407E-03
  0.959991E-04
  0.704982E-04
  0.488918E-04
  0.312747E-04
  0.175764E-04
  0.780730E-05
  0.194839E-05
  0.000000E+00
