    10.00   0.0250    15600   -13.91  -171.78     160.25      6410      0.492862
  0.000000E+00
 -0.795271E-05
 -0.310164E-04
 -0.678703E-04
 -0.117075E-03
 -0.177426E-03
 -0.248993E-03
 -0.329344E-03
 -0.415834E-03
 -0.506862E-03
 -0.602997E-03
 -0.703883E-03
 -0.801953E-03
 -0.894507E-03
 -0.984978E-03
 -0.107135E-02
 -0.115323E-02
 -0.122707E-02
 -0.128611E-02
 -0.133068E-02
 -0.136640E-02
 -0.138396E-02
 -0.138644E-02
 -0.136356E-02
 -0.130917E-02
 -0.123972E-02
 -0.113405E-02
 -0.993922E-03
 -0.833804E-03
 -0.627078E-03
 -0.394923E-03
 -0.130635E-03
  0.177419E-03
  0.541992E-03
  0.959428E-03
  0.140410E-02
  0.189676E-02
  0.244601E-02
  0.305023E-02
  0.371942E-02
  0.439058E-02
  0.508426E-02
  0.584011E-02
  0.665452E-02
  0.751027E-02
  0.837709E-02
  0.928275E-02
  0.102718E-01
  0.113069E-01
  0.123659E-01
  0.133894E-01
  0.144431E-01
  0.155607E-01
  0.166818E-01
  0.177762E-01
  0.188677E-01
  0.200537E-01
  0.213152E-01
  0.224817E-01
  0.236123E-01
  0.247222E-01
  0.258196E-01
  0.269782E-01
  0.281100E-01
  0.290706E-01
  0.299559E-01
  0.309318E-01
  0.319610E-01
  0.328260E-01
  0.335777E-01
  0.342775E-01
  0.349861E-01
  0.357199E-01
  0.363419E-01
  0.367786E-01
  0.371374E-01
  0.374429E-01
  0.377439E-01
  0.379813E-01
  0.382215E-01
  0.384799E-01
  0.386477E-01
  0.388004E-01
  0.389939E-01
  0.391136E-01
  0.392756E-01
  0.394171E-01
  0.395451E-01
  0.396107E-01
  0.394317E-01
  0.391061E-01
  0.389219E-01
  0.387731E-01
  0.384154E-01
  0.377849E-01
  0.371299E-01
  0.365190E-01
  0.359803E-01
  0.353983E-01
  0.344987E-01
  0.332961E-01
  0.320426E-01
  0.308685E-01
  0.299396E-01
  0.285911E-01
  0.267840E-01
  0.253984E-01
  0.242222E-01
  0.227916E-01
  0.213526E-01
  0.196835E-01
  0.181932E-01
  0.169860E-01
  0.154750E-01
  0.137827E-01
  0.121733E-01
  0.104895E-01
  0.894216E-02
  0.802287E-02
  0.730148E-02
  0.550894E-02
  0.365789E-02
  0.277141E-02
  0.179521E-02
  0.568411E-03
 -0.945540E-03
 -0.355730E-02
 -0.601637E-02
 -0.729395E-02
 -0.827105E-02
 -0.103905E-01
 -0.133322E-01
 -0.156667E-01
 -0.172683E-01
 -0.188514E-01
 -0.212939E-01
 -0.243256E-01
 -0.269224E-01
 -0.301577E-01
 -0.333275E-01
 -0.358550E-01
 -0.390855E-01
 -0.425258E-01
 -0.453857E-01
 -0.483751E-01
 -0.517692E-01
 -0.546799E-01
 -0.575554E-01
 -0.614145E-01
 -0.641387E-01
 -0.665806E-01
 -0.705147E-01
 -0.733153E-01
 -0.755719E-01
 -0.790971E-01
 -0.810666E-01
 -0.820915E-01
 -0.845436E-01
 -0.870650E-01
 -0.882229E-01
 -0.893571E-01
 -0.908250E-01
 -0.918704E-01
 -0.936199E-01
 -0.951751E-01
 -0.951571E-01
 -0.963380E-01
 -0.986705E-01
 -0.100765E+00
 -0.102482E+00
 -0.103393E+00
 -0.105005E+00
 -0.107934E+00
 -0.110153E+00
 -0.111363E+00
 -0.112934E+00
 -0.115481E+00
 -0.117239E+00
 -0.120043E+00
 -0.124881E+00
 -0.127889E+00
 -0.130764E+00
 -0.134810E+00
 -0.136718E+00
 -0.139082E+00
 -0.143514E+00
 -0.147734E+00
 -0.151535E+00
 -0.156111E+00
 -0.160650E+00
 -0.165015E+00
 -0.170653E+00
 -0.176012E+00
 -0.180590E+00
 -0.186165E+00
 -0.191806E+00
 -0.197863E+00
 -0.203759E+00
 -0.208571E+00
 -0.213127E+00
 -0.218916E+00
 -0.225560E+00
 -0.231048E+00
 -0.236041E+00
 -0.241615E+00
 -0.247079E+00
 -0.252440E+00
 -0.256386E+00
 -0.259548E+00
 -0.263565E+00
 -0.267481E+00
 -0.271042E+00
 -0.274756E+00
 -0.278249E+00
 -0.282877E+00
 -0.287073E+00
 -0.290006E+00
 -0.293498E+00
 -0.296745E+00
 -0.299637E+00
 -0.301824E+00
 -0.302021E+00
 -0.302873E+00
 -0.305516E+00
 -0.308685E+00
 -0.310728E+00
 -0.311911E+00
 -0.313093E+00
 -0.315044E+00
 -0.317576E+00
 -0.318305E+00
 -0.318260E+00
 -0.320359E+00
 -0.323264E+00
 -0.326555E+00
 -0.330004E+00
 -0.331795E+00
 -0.332420E+00
 -0.334135E+00
 -0.335681E+00
 -0.336930E+00
 -0.338334E+00
 -0.339345E+00
 -0.340098E+00
 -0.340477E+00
 -0.340342E+00
 -0.338960E+00
 -0.336769E+00
 -0.334946E+00
 -0.332415E+00
 -0.329675E+00
 -0.326460E+00
 -0.322824E+00
 -0.318012E+00
 -0.312984E+00
 -0.308357E+00
 -0.301476E+00
 -0.294583E+00
 -0.289334E+00
 -0.283202E+00
 -0.277245E+00
 -0.271716E+00
 -0.266124E+00
 -0.260317E+00
 -0.255025E+00
 -0.249293E+00
 -0.243484E+00
 -0.239125E+00
 -0.234331E+00
 -0.229112E+00
 -0.224537E+00
 -0.218915E+00
 -0.213221E+00
 -0.206998E+00
 -0.199659E+00
 -0.192321E+00
 -0.185218E+00
 -0.177752E+00
 -0.170371E+00
 -0.162746E+00
 -0.154658E+00
 -0.146151E+00
 -0.136421E+00
 -0.125613E+00
 -0.114989E+00
 -0.104574E+00
 -0.949435E-01
 -0.838981E-01
 -0.712452E-01
 -0.582076E-01
 -0.448782E-01
 -0.321951E-01
 -0.182962E-01
 -0.162543E-02
  0.153945E-01
  0.328894E-01
  0.497008E-01
  0.666111E-01
  0.845118E-01
  0.102020E+00
  0.119871E+00
  0.139318E+00
  0.159738E+00
  0.178769E+00
  0.195211E+00
  0.211926E+00
  0.229381E+00
  0.247167E+00
  0.264789E+00
  0.282001E+00
  0.298395E+00
  0.315246E+00
  0.333485E+00
  0.351436E+00
  0.366883E+00
  0.381011E+00
  0.395480E+00
  0.410180E+00
  0.424020E+00
  0.438539E+00
  0.454738E+00
  0.470061E+00
  0.482796E+00
  0.495222E+00
  0.507538E+00
  0.520526E+00
  0.533760E+00
  0.546195E+00
  0.556866E+00
  0.566375E+00
  0.576878E+00
  0.587437E+00
  0.595892E+00
  0.603526E+00
  0.610659E+00
  0.618910E+00
  0.627488E+00
  0.633191E+00
  0.635941E+00
  0.637905E+00
  0.639696E+00
  0.641443E+00
  0.642127E+00
  0.642552E+00
  0.643073E+00
  0.643243E+00
  0.641292E+00
  0.636946E+00
  0.631460E+00
  0.625915E+00
  0.620510E+00
  0.615166E+00
  0.608522E+00
  0.602189E+00
  0.596185E+00
  0.588591E+00
  0.580695E+00
  0.572262E+00
  0.559895E+00
  0.547012E+00
  0.535417E+00
  0.523538E+00
  0.510931E+00
  0.496587E+00
  0.479936E+00
  0.463735E+00
  0.449121E+00
  0.433466E+00
  0.413490E+00
  0.391595E+00
  0.370885E+00
  0.351684E+00
  0.330910E+00
  0.307688E+00
  0.283469E+00
  0.260028E+00
  0.239144E+00
  0.217903E+00
  0.191706E+00
  0.164546E+00
  0.139542E+00
  0.115548E+00
  0.907118E-01
  0.648307E-01
  0.392289E-01
  0.139256E-01
 -0.120547E-01
 -0.370782E-01
 -0.618933E-01
 -0.863800E-01
 -0.110074E+00
 -0.133008E+00
 -0.155941E+00
 -0.180545E+00
 -0.205868E+00
 -0.230028E+00
 -0.254181E+00
 -0.277749E+00
 -0.303013E+00
 -0.329500E+00
 -0.352830E+00
 -0.375922E+00
 -0.402556E+00
 -0.430001E+00
 -0.458037E+00
 -0.486278E+00
 -0.512839E+00
 -0.539014E+00
 -0.569869E+00
 -0.604084E+00
 -0.634604E+00
 -0.662385E+00
 -0.694028E+00
 -0.728303E+00
 -0.762800E+00
 -0.796225E+00
 -0.828753E+00
 -0.862632E+00
 -0.898127E+00
 -0.934296E+00
 -0.969946E+00
 -0.100473E+01
 -0.104183E+01
 -0.108078E+01
 -0.111987E+01
 -0.115756E+01
 -0.119564E+01
 -0.123650E+01
 -0.127713E+01
 -0.131722E+01
 -0.135861E+01
 -0.139853E+01
 -0.143733E+01
 -0.147839E+01
 -0.152307E+01
 -0.156583E+01
 -0.160561E+01
 -0.164828E+01
 -0.169418E+01
 -0.173959E+01
 -0.178214E+01
 -0.182375E+01
 -0.186843E+01
 -0.191399E+01
 -0.195953E+01
 -0.200575E+01
 -0.205071E+01
 -0.209608E+01
 -0.214635E+01
 -0.219498E+01
 -0.223958E+01
 -0.229030E+01
 -0.234265E+01
 -0.239009E+01
 -0.243901E+01
 -0.249058E+01
 -0.254626E+01
 -0.260298E+01
 -0.265182E+01
 -0.270040E+01
 -0.276352E+01
 -0.282846E+01
 -0.288005E+01
 -0.293248E+01
 -0.299274E+01
 -0.305378E+01
 -0.311812E+01
 -0.317913E+01
 -0.323094E+01
 -0.329232E+01
 -0.336794E+01
 -0.343478E+01
 -0.349180E+01
 -0.355723E+01
 -0.363036E+01
 -0.370044E+01
 -0.376766E+01
 -0.383628E+01
 -0.390778E+01
 -0.398116E+01
 -0.405325E+01
 -0.412489E+01
 -0.420092E+01
 -0.428016E+01
 -0.435858E+01
 -0.443534E+01
 -0.451066E+01
 -0.459130E+01
 -0.467781E+01
 -0.475787E+01
 -0.483408E+01
 -0.491807E+01
 -0.500674E+01
 -0.509384E+01
 -0.518008E+01
 -0.526557E+01
 -0.535196E+01
 -0.544284E+01
 -0.553340E+01
 -0.561941E+01
 -0.570740E+01
 -0.579996E+01
 -0.589216E+01
 -0.598332E+01
 -0.607511E+01
 -0.616710E+01
 -0.625975E+01
 -0.635254E+01
 -0.644295E+01
 -0.653639E+01
 -0.663303E+01
 -0.672534E+01
 -0.681796E+01
 -0.691510E+01
 -0.701166E+01
 -0.710756E+01
 -0.720501E+01
 -0.730262E+01
 -0.740153E+01
 -0.750311E+01
 -0.760192E+01
 -0.769939E+01
 -0.780106E+01
 -0.790505E+01
 -0.800902E+01
 -0.811213E+01
 -0.821575E+01
 -0.832383E+01
 -0.843345E+01
 -0.854014E+01
 -0.864554E+01
 -0.875570E+01
 -0.886956E+01
 -0.898148E+01
 -0.909265E+01
 -0.920728E+01
 -0.932296E+01
 -0.943885E+01
 -0.955717E+01
 -0.967614E+01
 -0.979521E+01
 -0.991434E+01
 -0.100340E+02
 -0.101565E+02
 -0.102779E+02
 -0.103995E+02
 -0.105223E+02
 -0.106469E+02
 -0.107733E+02
 -0.109020E+02
 -0.110318E+02
 -0.111582E+02
 -0.112910E+02
 -0.114305E+02
 -0.115620E+02
 -0.116950E+02
 -0.118345E+02
 -0.119719E+02
 -0.121102E+02
 -0.122536E+02
 -0.123945E+02
 -0.125363E+02
 -0.126845E+02
 -0.128313E+02
 -0.129770E+02
 -0.131285E+02
 -0.132779E+02
 -0.134254E+02
 -0.135784E+02
 -0.137340E+02
 -0.138897E+02
 -0.140450E+02
 -0.142015E+02
 -0.143614E+02
 -0.145200E+02
 -0.146806E+02
 -0.148428E+02
 -0.150052E+02
 -0.151697E+02
 -0.153365E+02
 -0.155044E+02
 -0.156773E+02
 -0.158530E+02
 -0.160269E+02
 -0.162042E+02
 -0.163877E+02
 -0.165720E+02
 -0.167613E+02
 -0.169536E+02
 -0.171481E+02
 -0.173486E+02
 -0.175519E+02
 -0.177559E+02
 -0.179658E+02
 -0.181795E+02
 -0.183958E+02
 -0.186160E+02
 -0.188409E+02
 -0.190700E+02
 -0.193048E+02
 -0.195418E+02
 -0.197812E+02
 -0.200260E+02
 -0.202779E+02
 -0.205308E+02
 -0.207857E+02
 -0.210448E+02
 -0.213077E+02
 -0.215756E+02
 -0.218458E+02
 -0.221154E+02
 -0.223914E+02
 -0.226712E+02
 -0.229537E+02
 -0.232389E+02
 -0.235258E+02
 -0.238157E+02
 -0.241107E+02
 -0.244073E+02
 -0.247051E+02
 -0.250039E+02
 -0.253090E+02
 -0.256166E+02
 -0.259250E+02
 -0.262375E+02
 -0.265527E+02
 -0.268694E+02
 -0.271921E+02
 -0.275147E+02
 -0.278384E+02
 -0.281667E+02
 -0.284989E+02
 -0.288350E+02
 -0.291761E+02
 -0.295137E+02
 -0.298546E+02
 -0.302010E+02
 -0.305460E+02
 -0.308932E+02
 -0.312442E+02
 -0.315905E+02
 -0.319428E+02
 -0.323003E+02
 -0.326539E+02
 -0.330015E+02
 -0.333525E+02
 -0.337122E+02
 -0.340725E+02
 -0.344285E+02
 -0.347817E+02
 -0.351347E+02
 -0.355005E+02
 -0.358612E+02
 -0.362126E+02
 -0.365741E+02
 -0.369426E+02
 -0.373010E+02
 -0.376626E+02
 -0.380365E+02
 -0.384018E+02
 -0.387617E+02
 -0.391381E+02
 -0.395093E+02
 -0.398731E+02
 -0.402499E+02
 -0.406311E+02
 -0.409945E+02
 -0.413617E+02
 -0.417437E+02
 -0.421206E+02
 -0.424913E+02
 -0.428670E+02
 -0.432392E+02
 -0.436120E+02
 -0.439828E+02
 -0.443480E+02
 -0.447143E+02
 -0.450899E+02
 -0.454566E+02
 -0.458121E+02
 -0.461721E+02
 -0.465368E+02
 -0.468934E+02
 -0.472484E+02
 -0.475999E+02
 -0.479484E+02
 -0.482930E+02
 -0.486371E+02
 -0.489787E+02
 -0.493135E+02
 -0.496425E+02
 -0.499718E+02
 -0.502919E+02
 -0.506109E+02
 -0.509314E+02
 -0.512459E+02
 -0.515509E+02
 -0.518526E+02
 -0.521473E+02
 -0.524386E+02
 -0.527243E+02
 -0.530059E+02
 -0.532801E+02
 -0.535469E+02
 -0.538083E+02
 -0.540673E+02
 -0.543154E+02
 -0.545566E+02
 -0.547910E+02
 -0.550211E+02
 -0.552435E+02
 -0.554633E+02
 -0.556787E+02
 -0.558858E+02
 -0.560845E+02
 -0.562801E+02
 -0.564608E+02
 -0.566318E+02
 -0.568029E+02
 -0.569764E+02
 -0.571407E+02
 -0.572931E+02
 -0.574381E+02
 -0.575831E+02
 -0.577197E+02
 -0.578500E+02
 -0.579712E+02
 -0.580834E+02
 -0.581858E+02
 -0.582886E+02
 -0.583886E+02
 -0.584754E+02
 -0.585466E+02
 -0.586174E+02
 -0.586841E+02
 -0.587440E+02
 -0.587909E+02
 -0.588308E+02
 -0.588646E+02
 -0.588915E+02
 -0.589107E+02
 -0.589268E+02
 -0.589371E+02
 -0.589441E+02
 -0.589405E+02
 -0.589318E+02
 -0.589162E+02
 -0.588949E+02
 -0.588740E+02
 -0.588519E+02
 -0.588151E+02
 -0.587717E+02
 -0.587231E+02
 -0.586732E+02
 -0.586170E+02
 -0.585512E+02
 -0.584770E+02
 -0.583945E+02
 -0.583009E+02
 -0.582078E+02
 -0.581066E+02
 -0.579972E+02
 -0.578767E+02
 -0.577428E+02
 -0.576012E+02
 -0.574567E+02
 -0.573027E+02
 -0.571489E+02
 -0.569845E+02
 -0.568072E+02
 -0.566207E+02
 -0.564286E+02
 -0.562363E+02
 -0.560395E+02
 -0.558316E+02
 -0.556253E+02
 -0.554106E+02
 -0.551933E+02
 -0.549701E+02
 -0.547395E+02
 -0.545096E+02
 -0.542780E+02
 -0.540415E+02
 -0.538039E+02
 -0.535561E+02
 -0.533089E+02
 -0.530592E+02
 -0.528071E+02
 -0.525520E+02
 -0.522903E+02
 -0.520230E+02
 -0.517527E+02
 -0.514818E+02
 -0.512135E+02
 -0.509305E+02
 -0.506467E+02
 -0.503635E+02
 -0.500711E+02
 -0.497804E+02
 -0.494914E+02
 -0.491984E+02
 -0.489099E+02
 -0.486104E+02
 -0.483133E+02
 -0.480203E+02
 -0.477202E+02
 -0.474246E+02
 -0.471329E+02
 -0.468384E+02
 -0.465531E+02
 -0.462684E+02
 -0.459902E+02
 -0.457158E+02
 -0.454383E+02
 -0.451638E+02
 -0.448964E+02
 -0.446334E+02
 -0.443790E+02
 -0.441229E+02
 -0.438694E+02
 -0.436216E+02
 -0.433777E+02
 -0.431396E+02
 -0.429100E+02
 -0.426811E+02
 -0.424558E+02
 -0.422304E+02
 -0.420074E+02
 -0.417875E+02
 -0.415719E+02
 -0.413638E+02
 -0.411626E+02
 -0.409629E+02
 -0.407683E+02
 -0.405697E+02
 -0.403738E+02
 -0.401786E+02
 -0.399879E+02
 -0.398181E+02
 -0.396521E+02
 -0.394800E+02
 -0.393121E+02
 -0.391360E+02
 -0.389767E+02
 -0.388326E+02
 -0.386891E+02
 -0.385481E+02
 -0.383934E+02
 -0.382451E+02
 -0.381265E+02
 -0.380119E+02
 -0.378977E+02
 -0.377683E+02
 -0.376378E+02
 -0.375359E+02
 -0.374363E+02
 -0.373312E+02
 -0.372303E+02
 -0.371233E+02
 -0.370266E+02
 -0.369346E+02
 -0.368446E+02
 -0.367494E+02
 -0.366490E+02
 -0.365583E+02
 -0.364772E+02
 -0.363914E+02
 -0.362991E+02
 -0.362082E+02
 -0.361193E+02
 -0.360258E+02
 -0.359454E+02
 -0.358646E+02
 -0.357712E+02
 -0.356864E+02
 -0.355994E+02
 -0.355090E+02
 -0.354338E+02
 -0.353549E+02
 -0.352768E+02
 -0.351966E+02
 -0.351080E+02
 -0.350231E+02
 -0.349414E+02
 -0.348601E+02
 -0.347823E+02
 -0.346953E+02
 -0.346107E+02
 -0.345261E+02
 -0.344342E+02
 -0.343442E+02
 -0.342565E+02
 -0.341646E+02
 -0.340730E+02
 -0.339789E+02
 -0.338815E+02
 -0.337819E+02
 -0.336831E+02
 -0.335808E+02
 -0.334788E+02
 -0.333777E+02
 -0.332774E+02
 -0.331719E+02
 -0.330639E+02
 -0.329589E+02
 -0.328563E+02
 -0.327503E+02
 -0.326432E+02
 -0.325339E+02
 -0.324272E+02
 -0.323161E+02
 -0.322060E+02
 -0.321026E+02
 -0.319880E+02
 -0.318666E+02
 -0.317504E+02
 -0.316317E+02
 -0.315104E+02
 -0.313752E+02
 -0.312479E+02
 -0.311302E+02
 -0.309901E+02
 -0.308421E+02
 -0.307017E+02
 -0.305611E+02
 -0.304133E+02
 -0.302517E+02
 -0.301029E+02
 -0.299466E+02
 -0.297691E+02
 -0.296073E+02
 -0.294506E+02
 -0.292834E+02
 -0.291083E+02
 -0.289231E+02
 -0.287550E+02
 -0.285763E+02
 -0.283817E+02
 -0.282090E+02
 -0.280344E+02
 -0.278375E+02
 -0.276357E+02
 -0.274415E+02
 -0.272497E+02
 -0.270438E+02
 -0.268358E+02
 -0.266216E+02
 -0.263996E+02
 -0.261755E+02
 -0.259442E+02
 -0.257058E+02
 -0.254620E+02
 -0.252117E+02
 -0.249572E+02
 -0.246940E+02
 -0.244286E+02
 -0.241599E+02
 -0.238787E+02
 -0.235862E+02
 -0.232962E+02
 -0.230041E+02
 -0.227044E+02
 -0.224035E+02
 -0.221041E+02
 -0.217994E+02
 -0.214896E+02
 -0.211767E+02
 -0.208659E+02
 -0.205542E+02
 -0.202423E+02
 -0.199311E+02
 -0.196140E+02
 -0.192995E+02
 -0.189907E+02
 -0.186783E+02
 -0.183700E+02
 -0.180561E+02
 -0.177415E+02
 -0.174362E+02
 -0.171320E+02
 -0.168328E+02
 -0.165376E+02
 -0.162318E+02
 -0.159267E+02
 -0.156278E+02
 -0.153275E+02
 -0.150355E+02
 -0.147422E+02
 -0.144452E+02
 -0.141560E+02
 -0.138617E+02
 -0.135717E+02
 -0.132875E+02
 -0.130031E+02
 -0.127206E+02
 -0.124387E+02
 -0.121621E+02
 -0.118913E+02
 -0.116247E+02
 -0.113681E+02
 -0.111174E+02
 -0.108706E+02
 -0.106338E+02
 -0.104016E+02
 -0.101770E+02
 -0.996199E+01
 -0.975143E+01
 -0.955085E+01
 -0.935946E+01
 -0.918550E+01
 -0.901476E+01
 -0.884146E+01
 -0.868453E+01
 -0.853244E+01
 -0.838365E+01
 -0.824832E+01
 -0.811409E+01
 -0.798881E+01
 -0.787161E+01
 -0.775768E+01
 -0.766043E+01
 -0.755991E+01
 -0.745214E+01
 -0.735809E+01
 -0.726379E+01
 -0.717200E+01
 -0.708919E+01
 -0.700157E+01
 -0.692058E+01
 -0.684729E+01
 -0.677140E+01
 -0.669825E+01
 -0.662279E+01
 -0.655239E+01
 -0.648808E+01
 -0.642123E+01
 -0.636183E+01
 -0.630386E+01
 -0.624239E+01
 -0.618664E+01
 -0.612849E+01
 -0.606766E+01
 -0.600986E+01
 -0.595167E+01
 -0.589185E+01
 -0.583295E+01
 -0.577127E+01
 -0.570350E+01
 -0.563138E+01
 -0.555862E+01
 -0.547928E+01
 -0.539418E+01
 -0.531010E+01
 -0.521945E+01
 -0.512643E+01
 -0.503104E+01
 -0.493040E+01
 -0.482872E+01
 -0.472205E+01
 -0.461658E+01
 -0.451166E+01
 -0.440234E+01
 -0.429178E+01
 -0.418140E+01
 -0.407089E+01
 -0.396146E+01
 -0.385178E+01
 -0.374272E+01
 -0.363187E+01
 -0.351821E+01
 -0.340695E+01
 -0.329307E+01
 -0.317955E+01
 -0.306821E+01
 -0.295186E+01
 -0.283590E+01
 -0.271899E+01
 -0.259805E+01
 -0.247544E+01
 -0.234940E+01
 -0.221987E+01
 -0.208826E+01
 -0.195423E+01
 -0.181848E+01
 -0.168244E+01
 -0.154097E+01
 -0.139494E+01
 -0.124847E+01
 -0.109656E+01
 -0.939323E+00
 -0.781157E+00
 -0.622617E+00
 -0.461120E+00
 -0.294821E+00
 -0.127846E+00
  0.407171E-01
  0.214896E+00
  0.390147E+00
  0.565511E+00
  0.745976E+00
  0.929945E+00
  0.111317E+01
  0.129733E+01
  0.148663E+01
  0.167716E+01
  0.186828E+01
  0.206366E+01
  0.226238E+01
  0.246227E+01
  0.266242E+01
  0.286533E+01
  0.307241E+01
  0.328037E+01
  0.349239E+01
  0.370885E+01
  0.392786E+01
  0.415195E+01
  0.438144E+01
  0.461645E+01
  0.485723E+01
  0.510111E+01
  0.535187E+01
  0.560925E+01
  0.587372E+01
  0.614730E+01
  0.642502E+01
  0.670712E+01
  0.699684E+01
  0.729051E+01
  0.759032E+01
  0.789444E+01
  0.820166E+01
  0.851346E+01
  0.882775E+01
  0.914521E+01
  0.946691E+01
  0.978967E+01
  0.101159E+02
  0.104427E+02
  0.107707E+02
  0.111034E+02
  0.114397E+02
  0.117796E+02
  0.121229E+02
  0.124692E+02
  0.128207E+02
  0.131747E+02
  0.135353E+02
  0.139005E+02
  0.142695E+02
  0.146452E+02
  0.150245E+02
  0.154069E+02
  0.157911E+02
  0.161734E+02
  0.165590E+02
  0.169436E+02
  0.173278E+02
  0.177091E+02
  0.180827E+02
  0.184535E+02
  0.188209E+02
  0.191790E+02
  0.195312E+02
  0.198743E+02
  0.202120E+02
  0.205399E+02
  0.208591E+02
  0.211756E+02
  0.214822E+02
  0.217806E+02
  0.220762E+02
  0.223636E+02
  0.226470E+02
  0.229214E+02
  0.231928E+02
  0.234634E+02
  0.237242E+02
  0.239805E+02
  0.242364E+02
  0.244858E+02
  0.247339E+02
  0.249768E+02
  0.252153E+02
  0.254491E+02
  0.256769E+02
  0.258996E+02
  0.261177E+02
  0.263280E+02
  0.265345E+02
  0.267343E+02
  0.269283E+02
  0.271143E+02
  0.272908E+02
  0.274578E+02
  0.276199E+02
  0.277740E+02
  0.279183E+02
  0.280520E+02
  0.281792E+02
  0.282994E+02
  0.284132E+02
  0.285183E+02
  0.286168E+02
  0.287086E+02
  0.287925E+02
  0.288680E+02
  0.289414E+02
  0.290078E+02
  0.290694E+02
  0.291251E+02
  0.291724E+02
  0.292133E+02
  0.292501E+02
  0.292796E+02
  0.293036E+02
  0.293178E+02
  0.293251E+02
  0.293245E+02
  0.293186E+02
  0.293043E+02
  0.292781E+02
  0.292458E+02
  0.292122E+02
  0.291694E+02
  0.291203E+02
  0.290647E+02
  0.290041E+02
  0.289352E+02
  0.288627E+02
  0.287888E+02
  0.287119E+02
  0.286319E+02
  0.285555E+02
  0.284771E+02
  0.283919E+02
  0.283075E+02
  0.282242E+02
  0.281308E+02
  0.280392E+02
  0.279490E+02
  0.278547E+02
  0.277579E+02
  0.276595E+02
  0.275583E+02
  0.274555E+02
  0.273489E+02
  0.272439E+02
  0.271358E+02
  0.270262E+02
  0.269181E+02
  0.268092E+02
  0.266989E+02
  0.265915E+02
  0.264817E+02
  0.263724E+02
  0.262641E+02
  0.261566E+02
  0.260484E+02
  0.259417E+02
  0.258360E+02
  0.257286E+02
  0.256164E+02
  0.255060E+02
  0.253928E+02
  0.252750E+02
  0.251530E+02
  0.250275E+02
  0.248990E+02
  0.247672E+02
  0.246282E+02
  0.244868E+02
  0.243404E+02
  0.241904E+02
  0.240386E+02
  0.238856E+02
  0.237299E+02
  0.235732E+02
  0.234152E+02
  0.232582E+02
  0.231014E+02
  0.229475E+02
  0.227923E+02
  0.226377E+02
  0.224859E+02
  0.223348E+02
  0.221805E+02
  0.220267E+02
  0.218711E+02
  0.217129E+02
  0.215515E+02
  0.213870E+02
  0.212163E+02
  0.210413E+02
  0.208610E+02
  0.206760E+02
  0.204850E+02
  0.202882E+02
  0.200835E+02
  0.198749E+02
  0.196627E+02
  0.194462E+02
  0.192238E+02
  0.189988E+02
  0.187732E+02
  0.185476E+02
  0.183185E+02
  0.180902E+02
  0.178636E+02
  0.176397E+02
  0.174177E+02
  0.171971E+02
  0.169769E+02
  0.167579E+02
  0.165425E+02
  0.163336E+02
  0.161222E+02
  0.159118E+02
  0.157062E+02
  0.155020E+02
  0.152981E+02
  0.150936E+02
  0.148853E+02
  0.146775E+02
  0.144718E+02
  0.142687E+02
  0.140624E+02
  0.138562E+02
  0.136551E+02
  0.134549E+02
  0.132526E+02
  0.130529E+02
  0.128546E+02
  0.126588E+02
  0.124661E+02
  0.122764E+02
  0.120886E+02
  0.119028E+02
  0.117191E+02
  0.115403E+02
  0.113631E+02
  0.111886E+02
  0.110170E+02
  0.108479E+02
  0.106813E+02
  0.105161E+02
  0.103537E+02
  0.101954E+02
  0.100377E+02
  0.988296E+01
  0.973036E+01
  0.958227E+01
  0.943802E+01
  0.929509E+01
  0.915518E+01
  0.901839E+01
  0.888452E+01
  0.875575E+01
  0.862873E+01
  0.850573E+01
  0.838701E+01
  0.827079E+01
  0.815707E+01
  0.804703E+01
  0.794025E+01
  0.783644E+01
  0.773568E+01
  0.763967E+01
  0.754739E+01
  0.746047E+01
  0.737910E+01
  0.730268E+01
  0.722969E+01
  0.716430E+01
  0.710634E+01
  0.705347E+01
  0.700705E+01
  0.696663E+01
  0.693167E+01
  0.690214E+01
  0.687466E+01
  0.685369E+01
  0.683886E+01
  0.682771E+01
  0.682011E+01
  0.681565E+01
  0.681352E+01
  0.681437E+01
  0.681867E+01
  0.682431E+01
  0.682839E+01
  0.683549E+01
  0.684527E+01
  0.685548E+01
  0.686348E+01
  0.687075E+01
  0.687876E+01
  0.688663E+01
  0.689423E+01
  0.690123E+01
  0.690683E+01
  0.691289E+01
  0.691839E+01
  0.692442E+01
  0.693083E+01
  0.693846E+01
  0.694639E+01
  0.695553E+01
  0.696691E+01
  0.697933E+01
  0.699260E+01
  0.700798E+01
  0.702345E+01
  0.703985E+01
  0.705617E+01
  0.707377E+01
  0.709113E+01
  0.710739E+01
  0.712265E+01
  0.713495E+01
  0.714606E+01
  0.715705E+01
  0.716443E+01
  0.717171E+01
  0.717655E+01
  0.717780E+01
  0.717928E+01
  0.718154E+01
  0.718333E+01
  0.718533E+01
  0.718861E+01
  0.719607E+01
  0.720497E+01
  0.721604E+01
  0.723095E+01
  0.724988E+01
  0.727423E+01
  0.730413E+01
  0.733656E+01
  0.737303E+01
  0.741274E+01
  0.745792E+01
  0.750824E+01
  0.755988E+01
  0.761538E+01
  0.767525E+01
  0.773351E+01
  0.779441E+01
  0.785963E+01
  0.792619E+01
  0.799125E+01
  0.805647E+01
  0.812487E+01
  0.819349E+01
  0.825611E+01
  0.831928E+01
  0.838702E+01
  0.845453E+01
  0.851920E+01
  0.858278E+01
  0.864984E+01
  0.872082E+01
  0.878978E+01
  0.886142E+01
  0.893041E+01
  0.899700E+01
  0.907188E+01
  0.915204E+01
  0.922865E+01
  0.930100E+01
  0.937785E+01
  0.946448E+01
  0.954891E+01
  0.962657E+01
  0.969856E+01
  0.977396E+01
  0.985824E+01
  0.994166E+01
  0.100169E+02
  0.100891E+02
  0.101628E+02
  0.102398E+02
  0.103137E+02
  0.103808E+02
  0.104437E+02
  0.105054E+02
  0.105667E+02
  0.106289E+02
  0.106885E+02
  0.107435E+02
  0.107934E+02
  0.108408E+02
  0.108872E+02
  0.109313E+02
  0.109686E+02
  0.110023E+02
  0.110333E+02
  0.110611E+02
  0.110854E+02
  0.111042E+02
  0.111181E+02
  0.111307E+02
  0.111384E+02
  0.111437E+02
  0.111489E+02
  0.111497E+02
  0.111457E+02
  0.111427E+02
  0.111400E+02
  0.111366E+02
  0.111306E+02
  0.111257E+02
  0.111216E+02
  0.111156E+02
  0.111104E+02
  0.111081E+02
  0.111020E+02
  0.110936E+02
  0.110844E+02
  0.110744E+02
  0.110620E+02
  0.110461E+02
  0.110257E+02
  0.110028E+02
  0.109749E+02
  0.109414E+02
  0.109013E+02
  0.108563E+02
  0.108065E+02
  0.107507E+02
  0.106870E+02
  0.106167E+02
  0.105397E+02
  0.104586E+02
  0.103706E+02
  0.102772E+02
  0.101806E+02
  0.100805E+02
  0.997572E+01
  0.986589E+01
  0.975244E+01
  0.963623E+01
  0.951509E+01
  0.939304E+01
  0.926612E+01
  0.913398E+01
  0.899995E+01
  0.886299E+01
  0.872375E+01
  0.858228E+01
  0.843537E+01
  0.828565E+01
  0.813179E+01
  0.797490E+01
  0.781553E+01
  0.765361E+01
  0.749005E+01
  0.732336E+01
  0.715374E+01
  0.698706E+01
  0.682015E+01
  0.664974E+01
  0.648057E+01
  0.631460E+01
  0.614761E+01
  0.598215E+01
  0.581646E+01
  0.565346E+01
  0.549628E+01
  0.533892E+01
  0.518426E+01
  0.503338E+01
  0.488393E+01
  0.473994E+01
  0.459421E+01
  0.445063E+01
  0.430932E+01
  0.416591E+01
  0.402776E+01
  0.388902E+01
  0.374838E+01
  0.361230E+01
  0.347660E+01
  0.334436E+01
  0.320821E+01
  0.306689E+01
  0.292829E+01
  0.278962E+01
  0.265139E+01
  0.251076E+01
  0.236652E+01
  0.222415E+01
  0.208155E+01
  0.193968E+01
  0.179565E+01
  0.164912E+01
  0.150211E+01
  0.135431E+01
  0.120835E+01
  0.106238E+01
  0.914386E+00
  0.763878E+00
  0.610720E+00
  0.459980E+00
  0.309295E+00
  0.157529E+00
  0.395155E-02
 -0.151582E+00
 -0.307356E+00
 -0.466138E+00
 -0.626305E+00
 -0.787146E+00
 -0.951015E+00
 -0.111528E+01
 -0.127951E+01
 -0.144403E+01
 -0.161156E+01
 -0.178129E+01
 -0.195067E+01
 -0.212186E+01
 -0.229459E+01
 -0.246830E+01
 -0.264283E+01
 -0.281724E+01
 -0.299059E+01
 -0.316185E+01
 -0.333480E+01
 -0.350957E+01
 -0.368587E+01
 -0.386252E+01
 -0.403500E+01
 -0.420553E+01
 -0.437275E+01
 -0.453654E+01
 -0.469794E+01
 -0.485289E+01
 -0.500543E+01
 -0.515515E+01
 -0.530231E+01
 -0.545034E+01
 -0.559132E+01
 -0.572731E+01
 -0.585891E+01
 -0.598401E+01
 -0.610699E+01
 -0.622304E+01
 -0.633741E+01
 -0.645253E+01
 -0.656048E+01
 -0.666780E+01
 -0.677247E+01
 -0.687213E+01
 -0.697242E+01
 -0.707112E+01
 -0.717024E+01
 -0.726927E+01
 -0.736625E+01
 -0.746674E+01
 -0.756627E+01
 -0.766610E+01
 -0.777051E+01
 -0.787463E+01
 -0.797971E+01
 -0.808665E+01
 -0.819398E+01
 -0.830328E+01
 -0.841132E+01
 -0.852132E+01
 -0.863423E+01
 -0.874587E+01
 -0.885781E+01
 -0.896935E+01
 -0.907845E+01
 -0.918742E+01
 -0.929580E+01
 -0.940354E+01
 -0.951149E+01
 -0.961966E+01
 -0.972692E+01
 -0.983577E+01
 -0.994519E+01
 -0.100528E+02
 -0.101603E+02
 -0.102686E+02
 -0.103779E+02
 -0.104882E+02
 -0.105983E+02
 -0.107116E+02
 -0.108260E+02
 -0.109396E+02
 -0.110535E+02
 -0.111671E+02
 -0.112802E+02
 -0.113918E+02
 -0.115032E+02
 -0.116174E+02
 -0.117293E+02
 -0.118385E+02
 -0.119463E+02
 -0.120520E+02
 -0.121555E+02
 -0.122571E+02
 -0.123566E+02
 -0.124546E+02
 -0.125492E+02
 -0.126415E+02
 -0.127325E+02
 -0.128215E+02
 -0.129073E+02
 -0.129910E+02
 -0.130742E+02
 -0.131571E+02
 -0.132388E+02
 -0.133194E+02
 -0.133980E+02
 -0.134757E+02
 -0.135523E+02
 -0.136285E+02
 -0.137033E+02
 -0.137761E+02
 -0.138477E+02
 -0.139199E+02
 -0.139906E+02
 -0.140598E+02
 -0.141267E+02
 -0.141913E+02
 -0.142538E+02
 -0.143148E+02
 -0.143748E+02
 -0.144347E+02
 -0.144913E+02
 -0.145452E+02
 -0.145966E+02
 -0.146453E+02
 -0.146906E+02
 -0.147341E+02
 -0.147750E+02
 -0.148130E+02
 -0.148475E+02
 -0.148797E+02
 -0.149096E+02
 -0.149376E+02
 -0.149608E+02
 -0.149815E+02
 -0.150010E+02
 -0.150160E+02
 -0.150270E+02
 -0.150366E+02
 -0.150431E+02
 -0.150469E+02
 -0.150485E+02
 -0.150493E+02
 -0.150481E+02
 -0.150459E+02
 -0.150430E+02
 -0.150382E+02
 -0.150313E+02
 -0.150243E+02
 -0.150169E+02
 -0.150099E+02
 -0.150025E+02
 -0.149955E+02
 -0.149874E+02
 -0.149780E+02
 -0.149673E+02
 -0.149566E+02
 -0.149452E+02
 -0.149329E+02
 -0.149197E+02
 -0.149050E+02
 -0.148875E+02
 -0.148696E+02
 -0.148506E+02
 -0.148307E+02
 -0.148085E+02
 -0.147856E+02
 -0.147637E+02
 -0.147415E+02
 -0.147193E+02
 -0.146990E+02
 -0.146795E+02
 -0.146623E+02
 -0.146475E+02
 -0.146364E+02
 -0.146274E+02
 -0.146211E+02
 -0.146195E+02
 -0.146209E+02
 -0.146252E+02
 -0.146342E+02
 -0.146452E+02
 -0.146602E+02
 -0.146779E+02
 -0.146970E+02
 -0.147172E+02
 -0.147386E+02
 -0.147621E+02
 -0.147873E+02
 -0.148119E+02
 -0.148394E+02
 -0.148686E+02
 -0.148979E+02
 -0.149277E+02
 -0.149593E+02
 -0.149922E+02
 -0.150267E+02
 -0.150630E+02
 -0.151026E+02
 -0.151442E+02
 -0.151873E+02
 -0.152312E+02
 -0.152780E+02
 -0.153272E+02
 -0.153766E+02
 -0.154264E+02
 -0.154777E+02
 -0.155290E+02
 -0.155812E+02
 -0.156325E+02
 -0.156824E+02
 -0.157311E+02
 -0.157781E+02
 -0.158206E+02
 -0.158607E+02
 -0.158981E+02
 -0.159306E+02
 -0.159578E+02
 -0.159799E+02
 -0.159947E+02
 -0.160041E+02
 -0.160066E+02
 -0.160016E+02
 -0.159894E+02
 -0.159699E+02
 -0.159418E+02
 -0.159064E+02
 -0.158646E+02
 -0.158166E+02
 -0.157615E+02
 -0.157025E+02
 -0.156386E+02
 -0.155692E+02
 -0.154939E+02
 -0.154122E+02
 -0.153252E+02
 -0.152336E+02
 -0.151348E+02
 -0.150315E+02
 -0.149247E+02
 -0.148141E+02
 -0.146991E+02
 -0.145807E+02
 -0.144576E+02
 -0.143298E+02
 -0.141977E+02
 -0.140621E+02
 -0.139228E+02
 -0.137809E+02
 -0.136355E+02
 -0.134886E+02
 -0.133409E+02
 -0.131926E+02
 -0.130431E+02
 -0.128934E+02
 -0.127436E+02
 -0.125944E+02
 -0.124462E+02
 -0.123000E+02
 -0.121557E+02
 -0.120146E+02
 -0.118767E+02
 -0.117420E+02
 -0.116105E+02
 -0.114819E+02
 -0.113564E+02
 -0.112356E+02
 -0.111176E+02
 -0.110024E+02
 -0.108901E+02
 -0.107810E+02
 -0.106752E+02
 -0.105730E+02
 -0.104734E+02
 -0.103762E+02
 -0.102804E+02
 -0.101875E+02
 -0.100961E+02
 -0.100053E+02
 -0.991493E+01
 -0.982436E+01
 -0.973382E+01
 -0.964493E+01
 -0.955627E+01
 -0.946826E+01
 -0.937926E+01
 -0.928880E+01
 -0.919781E+01
 -0.910624E+01
 -0.901392E+01
 -0.892123E+01
 -0.882714E+01
 -0.873260E+01
 -0.863752E+01
 -0.854095E+01
 -0.844317E+01
 -0.834538E+01
 -0.824590E+01
 -0.814522E+01
 -0.804478E+01
 -0.794445E+01
 -0.784364E+01
 -0.774335E+01
 -0.764292E+01
 -0.754148E+01
 -0.743971E+01
 -0.733872E+01
 -0.723813E+01
 -0.713923E+01
 -0.704237E+01
 -0.694636E+01
 -0.685099E+01
 -0.675794E+01
 -0.666813E+01
 -0.658226E+01
 -0.649915E+01
 -0.641946E+01
 -0.634392E+01
 -0.627125E+01
 -0.620181E+01
 -0.613553E+01
 -0.607121E+01
 -0.601089E+01
 -0.595411E+01
 -0.590066E+01
 -0.585143E+01
 -0.580548E+01
 -0.576194E+01
 -0.571994E+01
 -0.567991E+01
 -0.564477E+01
 -0.561381E+01
 -0.558658E+01
 -0.556507E+01
 -0.554914E+01
 -0.553744E+01
 -0.553038E+01
 -0.552791E+01
 -0.553015E+01
 -0.553798E+01
 -0.555139E+01
 -0.556866E+01
 -0.559063E+01
 -0.561744E+01
 -0.564760E+01
 -0.568119E+01
 -0.571695E+01
 -0.575294E+01
 -0.579035E+01
 -0.582916E+01
 -0.586832E+01
 -0.590638E+01
 -0.594235E+01
 -0.597538E+01
 -0.600581E+01
 -0.603358E+01
 -0.605674E+01
 -0.607490E+01
 -0.608871E+01
 -0.609734E+01
 -0.610182E+01
 -0.610078E+01
 -0.609383E+01
 -0.608245E+01
 -0.606654E+01
 -0.604657E+01
 -0.602244E+01
 -0.599274E+01
 -0.595818E+01
 -0.592005E+01
 -0.587992E+01
 -0.583700E+01
 -0.579091E+01
 -0.574288E+01
 -0.569233E+01
 -0.563913E+01
 -0.558385E+01
 -0.552496E+01
 -0.546431E+01
 -0.540254E+01
 -0.533837E+01
 -0.527194E+01
 -0.520311E+01
 -0.513081E+01
 -0.505469E+01
 -0.497578E+01
 -0.489334E+01
 -0.480584E+01
 -0.471529E+01
 -0.462016E+01
 -0.451917E+01
 -0.441427E+01
 -0.430483E+01
 -0.419019E+01
 -0.407100E+01
 -0.394682E+01
 -0.381787E+01
 -0.368386E+01
 -0.354478E+01
 -0.340195E+01
 -0.325574E+01
 -0.310557E+01
 -0.295207E+01
 -0.279625E+01
 -0.263794E+01
 -0.247722E+01
 -0.231454E+01
 -0.214934E+01
 -0.198263E+01
 -0.181557E+01
 -0.164773E+01
 -0.147950E+01
 -0.130927E+01
 -0.113731E+01
 -0.965412E+00
 -0.792800E+00
 -0.620108E+00
 -0.446817E+00
 -0.270757E+00
 -0.939100E-01
  0.829537E-01
  0.260690E+00
  0.439160E+00
  0.617696E+00
  0.795979E+00
  0.973754E+00
  0.115186E+01
  0.132925E+01
  0.150605E+01
  0.168310E+01
  0.185888E+01
  0.203272E+01
  0.220545E+01
  0.237579E+01
  0.254437E+01
  0.271046E+01
  0.287302E+01
  0.303183E+01
  0.318812E+01
  0.334107E+01
  0.348941E+01
  0.363359E+01
  0.377430E+01
  0.390983E+01
  0.404030E+01
  0.416443E+01
  0.428237E+01
  0.439484E+01
  0.450142E+01
  0.460216E+01
  0.469796E+01
  0.478878E+01
  0.487472E+01
  0.495438E+01
  0.503158E+01
  0.510471E+01
  0.517305E+01
  0.524060E+01
  0.530592E+01
  0.536810E+01
  0.542884E+01
  0.548766E+01
  0.554723E+01
  0.560695E+01
  0.566733E+01
  0.572891E+01
  0.579263E+01
  0.585807E+01
  0.592411E+01
  0.598990E+01
  0.605792E+01
  0.612796E+01
  0.619809E+01
  0.626852E+01
  0.634133E+01
  0.641472E+01
  0.648807E+01
  0.656080E+01
  0.663375E+01
  0.670625E+01
  0.677776E+01
  0.684725E+01
  0.691644E+01
  0.698598E+01
  0.705705E+01
  0.712863E+01
  0.719901E+01
  0.727057E+01
  0.734377E+01
  0.741485E+01
  0.748747E+01
  0.756065E+01
  0.763518E+01
  0.771166E+01
  0.778790E+01
  0.786406E+01
  0.794017E+01
  0.801476E+01
  0.808878E+01
  0.816078E+01
  0.823036E+01
  0.829621E+01
  0.835891E+01
  0.841681E+01
  0.847022E+01
  0.851766E+01
  0.855916E+01
  0.859690E+01
  0.863015E+01
  0.865644E+01
  0.867822E+01
  0.869396E+01
  0.870288E+01
  0.870522E+01
  0.870231E+01
  0.869416E+01
  0.868114E+01
  0.866220E+01
  0.863885E+01
  0.861164E+01
  0.858180E+01
  0.854797E+01
  0.851003E+01
  0.846832E+01
  0.842303E+01
  0.837310E+01
  0.832120E+01
  0.826802E+01
  0.821291E+01
  0.815541E+01
  0.809729E+01
  0.803733E+01
  0.797498E+01
  0.791022E+01
  0.784489E+01
  0.777870E+01
  0.771255E+01
  0.764698E+01
  0.758308E+01
  0.751999E+01
  0.745929E+01
  0.740064E+01
  0.734387E+01
  0.729019E+01
  0.724024E+01
  0.719238E+01
  0.714912E+01
  0.710901E+01
  0.707170E+01
  0.703853E+01
  0.700863E+01
  0.698167E+01
  0.695880E+01
  0.693825E+01
  0.692111E+01
  0.690599E+01
  0.689266E+01
  0.688067E+01
  0.686954E+01
  0.685885E+01
  0.684768E+01
  0.683476E+01
  0.682288E+01
  0.680902E+01
  0.679174E+01
  0.677285E+01
  0.675098E+01
  0.672673E+01
  0.670214E+01
  0.667149E+01
  0.663585E+01
  0.659687E+01
  0.655382E+01
  0.650749E+01
  0.645894E+01
  0.640682E+01
  0.634992E+01
  0.628728E+01
  0.622164E+01
  0.615427E+01
  0.608574E+01
  0.601361E+01
  0.593799E+01
  0.585957E+01
  0.577748E+01
  0.569203E+01
  0.560505E+01
  0.551529E+01
  0.542266E+01
  0.532629E+01
  0.522749E+01
  0.512616E+01
  0.502312E+01
  0.491772E+01
  0.481047E+01
  0.470310E+01
  0.459446E+01
  0.448475E+01
  0.437555E+01
  0.426401E+01
  0.415360E+01
  0.404487E+01
  0.393545E+01
  0.382718E+01
  0.372218E+01
  0.361992E+01
  0.352122E+01
  0.342536E+01
  0.333344E+01
  0.324580E+01
  0.316199E+01
  0.308143E+01
  0.300502E+01
  0.293292E+01
  0.286494E+01
  0.280206E+01
  0.274515E+01
  0.269027E+01
  0.263693E+01
  0.258588E+01
  0.253678E+01
  0.249047E+01
  0.244640E+01
  0.240408E+01
  0.236431E+01
  0.232330E+01
  0.228297E+01
  0.224341E+01
  0.220180E+01
  0.215941E+01
  0.211808E+01
  0.207899E+01
  0.204045E+01
  0.199982E+01
  0.195932E+01
  0.191886E+01
  0.187913E+01
  0.184034E+01
  0.180238E+01
  0.176506E+01
  0.172930E+01
  0.169527E+01
  0.166151E+01
  0.162917E+01
  0.159847E+01
  0.156663E+01
  0.153716E+01
  0.150970E+01
  0.148282E+01
  0.145836E+01
  0.143573E+01
  0.141259E+01
  0.138840E+01
  0.136432E+01
  0.134038E+01
  0.131534E+01
  0.128891E+01
  0.125871E+01
  0.122764E+01
  0.119679E+01
  0.116333E+01
  0.112727E+01
  0.108873E+01
  0.104657E+01
  0.100202E+01
  0.955966E+00
  0.908880E+00
  0.859644E+00
  0.808530E+00
  0.756609E+00
  0.704307E+00
  0.650271E+00
  0.593901E+00
  0.536246E+00
  0.478156E+00
  0.418693E+00
  0.358801E+00
  0.298107E+00
  0.236591E+00
  0.175825E+00
  0.116187E+00
  0.557818E-01
 -0.581264E-02
 -0.686789E-01
 -0.133011E+00
 -0.197802E+00
 -0.262690E+00
 -0.329747E+00
 -0.398292E+00
 -0.467510E+00
 -0.537224E+00
 -0.607409E+00
 -0.679272E+00
 -0.753374E+00
 -0.826941E+00
 -0.899860E+00
 -0.973485E+00
 -0.104508E+01
 -0.111439E+01
 -0.118421E+01
 -0.125210E+01
 -0.131596E+01
 -0.137765E+01
 -0.143809E+01
 -0.149455E+01
 -0.154871E+01
 -0.160064E+01
 -0.164699E+01
 -0.169075E+01
 -0.173308E+01
 -0.177345E+01
 -0.181399E+01
 -0.185236E+01
 -0.188676E+01
 -0.191872E+01
 -0.195063E+01
 -0.198168E+01
 -0.200941E+01
 -0.203484E+01
 -0.205908E+01
 -0.208075E+01
 -0.210123E+01
 -0.211924E+01
 -0.213271E+01
 -0.214483E+01
 -0.215347E+01
 -0.215735E+01
 -0.215903E+01
 -0.215668E+01
 -0.215286E+01
 -0.214918E+01
 -0.214440E+01
 -0.213984E+01
 -0.213447E+01
 -0.212788E+01
 -0.212359E+01
 -0.212193E+01
 -0.212183E+01
 -0.212484E+01
 -0.213222E+01
 -0.214208E+01
 -0.215548E+01
 -0.217503E+01
 -0.219872E+01
 -0.222598E+01
 -0.225709E+01
 -0.229125E+01
 -0.233133E+01
 -0.237628E+01
 -0.242358E+01
 -0.247428E+01
 -0.252799E+01
 -0.258376E+01
 -0.264086E+01
 -0.269849E+01
 -0.275672E+01
 -0.281470E+01
 -0.287169E+01
 -0.292835E+01
 -0.298447E+01
 -0.303773E+01
 -0.308828E+01
 -0.313633E+01
 -0.318108E+01
 -0.322370E+01
 -0.326390E+01
 -0.330074E+01
 -0.333568E+01
 -0.336887E+01
 -0.339869E+01
 -0.342700E+01
 -0.345474E+01
 -0.348019E+01
 -0.350575E+01
 -0.353118E+01
 -0.355531E+01
 -0.358112E+01
 -0.360815E+01
 -0.363618E+01
 -0.366461E+01
 -0.369168E+01
 -0.372079E+01
 -0.375365E+01
 -0.378703E+01
 -0.382212E+01
 -0.386130E+01
 -0.390188E+01
 -0.394389E+01
 -0.398892E+01
 -0.403633E+01
 -0.408779E+01
 -0.414300E+01
 -0.420112E+01
 -0.426365E+01
 -0.433055E+01
 -0.440124E+01
 -0.447449E+01
 -0.455038E+01
 -0.462979E+01
 -0.471196E+01
 -0.479726E+01
 -0.488420E+01
 -0.497288E+01
 -0.506535E+01
 -0.516033E+01
 -0.525672E+01
 -0.535463E+01
 -0.545376E+01
 -0.555433E+01
 -0.565557E+01
 -0.575669E+01
 -0.585711E+01
 -0.595839E+01
 -0.606050E+01
 -0.616168E+01
 -0.626276E+01
 -0.636388E+01
 -0.646342E+01
 -0.656188E+01
 -0.665841E+01
 -0.675288E+01
 -0.684637E+01
 -0.693888E+01
 -0.702852E+01
 -0.711574E+01
 -0.720250E+01
 -0.728733E+01
 -0.736692E+01
 -0.744148E+01
 -0.751162E+01
 -0.757866E+01
 -0.764214E+01
 -0.769891E+01
 -0.774874E+01
 -0.779438E+01
 -0.783439E+01
 -0.786784E+01
 -0.789440E+01
 -0.791379E+01
 -0.792804E+01
 -0.793869E+01
 -0.794321E+01
 -0.794048E+01
 -0.793185E+01
 -0.791925E+01
 -0.790363E+01
 -0.788581E+01
 -0.786367E+01
 -0.783764E+01
 -0.781068E+01
 -0.778287E+01
 -0.775371E+01
 -0.772463E+01
 -0.769592E+01
 -0.766872E+01
 -0.764341E+01
 -0.761992E+01
 -0.759770E+01
 -0.757961E+01
 -0.756730E+01
 -0.756014E+01
 -0.755685E+01
 -0.755586E+01
 -0.755946E+01
 -0.756992E+01
 -0.758483E+01
 -0.760315E+01
 -0.762466E+01
 -0.765072E+01
 -0.768117E+01
 -0.771497E+01
 -0.775034E+01
 -0.778724E+01
 -0.782581E+01
 -0.786611E+01
 -0.790798E+01
 -0.795068E+01
 -0.799397E+01
 -0.803743E+01
 -0.807919E+01
 -0.811947E+01
 -0.815909E+01
 -0.819853E+01
 -0.823475E+01
 -0.826791E+01
 -0.829971E+01
 -0.833022E+01
 -0.835847E+01
 -0.838324E+01
 -0.840490E+01
 -0.842443E+01
 -0.844152E+01
 -0.845779E+01
 -0.847138E+01
 -0.848328E+01
 -0.849501E+01
 -0.850582E+01
 -0.851703E+01
 -0.852679E+01
 -0.853545E+01
 -0.854767E+01
 -0.855957E+01
 -0.857137E+01
 -0.858502E+01
 -0.859826E+01
 -0.861131E+01
 -0.862509E+01
 -0.863964E+01
 -0.865527E+01
 -0.867030E+01
 -0.868571E+01
 -0.870168E+01
 -0.871725E+01
 -0.873041E+01
 -0.874233E+01
 -0.875431E+01
 -0.876554E+01
 -0.877538E+01
 -0.878351E+01
 -0.878863E+01
 -0.879099E+01
 -0.879012E+01
 -0.878461E+01
 -0.877205E+01
 -0.875517E+01
 -0.873655E+01
 -0.871316E+01
 -0.868349E+01
 -0.864925E+01
 -0.861090E+01
 -0.856984E+01
 -0.852378E+01
 -0.847474E+01
 -0.842293E+01
 -0.836645E+01
 -0.830872E+01
 -0.824865E+01
 -0.818514E+01
 -0.812167E+01
 -0.805681E+01
 -0.799160E+01
 -0.792704E+01
 -0.786341E+01
 -0.779971E+01
 -0.773459E+01
 -0.766953E+01
 -0.760532E+01
 -0.754159E+01
 -0.747822E+01
 -0.741336E+01
 -0.734899E+01
 -0.728693E+01
 -0.722593E+01
 -0.716397E+01
 -0.710049E+01
 -0.703585E+01
 -0.697360E+01
 -0.691304E+01
 -0.685128E+01
 -0.678980E+01
 -0.673058E+01
 -0.667340E+01
 -0.661620E+01
 -0.655851E+01
 -0.650231E+01
 -0.644774E+01
 -0.639654E+01
 -0.634638E+01
 -0.629655E+01
 -0.625110E+01
 -0.621016E+01
 -0.617091E+01
 -0.613351E+01
 -0.609968E+01
 -0.606987E+01
 -0.604232E+01
 -0.601544E+01
 -0.598944E+01
 -0.596742E+01
 -0.594845E+01
 -0.592912E+01
 -0.590824E+01
 -0.588633E+01
 -0.586449E+01
 -0.584233E+01
 -0.581739E+01
 -0.578868E+01
 -0.575736E+01
 -0.572531E+01
 -0.569034E+01
 -0.565083E+01
 -0.560834E+01
 -0.556375E+01
 -0.551568E+01
 -0.546446E+01
 -0.541160E+01
 -0.535637E+01
 -0.529766E+01
 -0.523731E+01
 -0.517643E+01
 -0.511474E+01
 -0.505139E+01
 -0.498639E+01
 -0.491973E+01
 -0.485239E+01
 -0.478585E+01
 -0.471819E+01
 -0.464805E+01
 -0.457674E+01
 -0.450363E+01
 -0.443002E+01
 -0.435563E+01
 -0.427910E+01
 -0.420147E+01
 -0.412245E+01
 -0.404267E+01
 -0.396233E+01
 -0.388067E+01
 -0.379783E+01
 -0.371225E+01
 -0.362567E+01
 -0.353743E+01
 -0.344515E+01
 -0.335315E+01
 -0.326145E+01
 -0.316607E+01
 -0.306938E+01
 -0.297401E+01
 -0.287947E+01
 -0.278252E+01
 -0.268104E+01
 -0.257916E+01
 -0.247831E+01
 -0.237452E+01
 -0.226645E+01
 -0.215522E+01
 -0.204093E+01
 -0.192594E+01
 -0.181008E+01
 -0.169104E+01
 -0.157172E+01
 -0.145276E+01
 -0.133415E+01
 -0.121647E+01
 -0.109807E+01
 -0.981906E+00
 -0.867679E+00
 -0.754055E+00
 -0.644107E+00
 -0.537860E+00
 -0.435190E+00
 -0.336026E+00
 -0.239119E+00
 -0.145845E+00
 -0.544868E-01
  0.328386E-01
  0.117151E+00
  0.203055E+00
  0.286583E+00
  0.367622E+00
  0.448857E+00
  0.529393E+00
  0.611869E+00
  0.695764E+00
  0.780189E+00
  0.866225E+00
  0.954013E+00
  0.104397E+01
  0.113671E+01
  0.123101E+01
  0.132740E+01
  0.142627E+01
  0.152783E+01
  0.163100E+01
  0.173560E+01
  0.184273E+01
  0.195233E+01
  0.206393E+01
  0.217737E+01
  0.229040E+01
  0.240244E+01
  0.251546E+01
  0.263244E+01
  0.275103E+01
  0.287015E+01
  0.299118E+01
  0.311415E+01
  0.323890E+01
  0.336680E+01
  0.349456E+01
  0.362108E+01
  0.374901E+01
  0.387914E+01
  0.400953E+01
  0.413873E+01
  0.426649E+01
  0.439299E+01
  0.451775E+01
  0.464076E+01
  0.476129E+01
  0.488202E+01
  0.500001E+01
  0.511350E+01
  0.522316E+01
  0.532942E+01
  0.543312E+01
  0.553285E+01
  0.562683E+01
  0.571862E+01
  0.580776E+01
  0.589152E+01
  0.597057E+01
  0.604787E+01
  0.612283E+01
  0.619437E+01
  0.625863E+01
  0.631796E+01
  0.637594E+01
  0.643109E+01
  0.648122E+01
  0.652814E+01
  0.657068E+01
  0.660825E+01
  0.664358E+01
  0.667623E+01
  0.670424E+01
  0.673087E+01
  0.675420E+01
  0.677497E+01
  0.679533E+01
  0.681432E+01
  0.682947E+01
  0.684483E+01
  0.686023E+01
  0.687311E+01
  0.688666E+01
  0.690096E+01
  0.691454E+01
  0.693154E+01
  0.694915E+01
  0.696577E+01
  0.698358E+01
  0.700433E+01
  0.702550E+01
  0.704793E+01
  0.707112E+01
  0.709392E+01
  0.711790E+01
  0.714484E+01
  0.717137E+01
  0.719741E+01
  0.722390E+01
  0.724952E+01
  0.727377E+01
  0.729875E+01
  0.732042E+01
  0.733991E+01
  0.736180E+01
  0.738340E+01
  0.740024E+01
  0.741614E+01
  0.743041E+01
  0.744214E+01
  0.745286E+01
  0.746047E+01
  0.746395E+01
  0.746829E+01
  0.747071E+01
  0.747047E+01
  0.746905E+01
  0.746499E+01
  0.745825E+01
  0.745032E+01
  0.743991E+01
  0.742764E+01
  0.741212E+01
  0.739501E+01
  0.737495E+01
  0.735263E+01
  0.732944E+01
  0.730402E+01
  0.727603E+01
  0.724834E+01
  0.721909E+01
  0.718736E+01
  0.715648E+01
  0.712669E+01
  0.709373E+01
  0.705827E+01
  0.701932E+01
  0.698054E+01
  0.694203E+01
  0.689865E+01
  0.685114E+01
  0.680210E+01
  0.674799E+01
  0.669043E+01
  0.662881E+01
  0.656333E+01
  0.649679E+01
  0.642720E+01
  0.635351E+01
  0.627832E+01
  0.619900E+01
  0.611707E+01
  0.603430E+01
  0.595155E+01
  0.586777E+01
  0.578224E+01
  0.569547E+01
  0.561024E+01
  0.552731E+01
  0.544754E+01
  0.536907E+01
  0.529125E+01
  0.521782E+01
  0.514906E+01
  0.508211E+01
  0.502127E+01
  0.496369E+01
  0.490964E+01
  0.486280E+01
  0.481900E+01
  0.477931E+01
  0.474661E+01
  0.471555E+01
  0.469108E+01
  0.467293E+01
  0.465653E+01
  0.464733E+01
  0.464400E+01
  0.464341E+01
  0.464854E+01
  0.465501E+01
  0.466475E+01
  0.467850E+01
  0.469319E+01
  0.471082E+01
  0.473273E+01
  0.475698E+01
  0.478332E+01
  0.481040E+01
  0.483717E+01
  0.486461E+01
  0.489559E+01
  0.492475E+01
  0.495335E+01
  0.498335E+01
  0.501016E+01
  0.503661E+01
  0.506192E+01
  0.508299E+01
  0.510562E+01
  0.512573E+01
  0.514452E+01
  0.516425E+01
  0.518053E+01
  0.519584E+01
  0.521132E+01
  0.522383E+01
  0.523573E+01
  0.524786E+01
  0.525997E+01
  0.527111E+01
  0.528255E+01
  0.529148E+01
  0.530144E+01
  0.531370E+01
  0.532178E+01
  0.532906E+01
  0.533867E+01
  0.534658E+01
  0.535519E+01
  0.536194E+01
  0.536672E+01
  0.537238E+01
  0.537782E+01
  0.538121E+01
  0.538248E+01
  0.538044E+01
  0.537724E+01
  0.537328E+01
  0.536939E+01
  0.536502E+01
  0.535835E+01
  0.534961E+01
  0.534021E+01
  0.532826E+01
  0.531568E+01
  0.530220E+01
  0.528683E+01
  0.527085E+01
  0.525436E+01
  0.523647E+01
  0.521760E+01
  0.519564E+01
  0.517180E+01
  0.514519E+01
  0.511639E+01
  0.508549E+01
  0.505139E+01
  0.501544E+01
  0.497705E+01
  0.493373E+01
  0.488771E+01
  0.483765E+01
  0.478486E+01
  0.472827E+01
  0.466469E+01
  0.459677E+01
  0.452657E+01
  0.445117E+01
  0.437190E+01
  0.428841E+01
  0.420141E+01
  0.411151E+01
  0.401618E+01
  0.391586E+01
  0.381385E+01
  0.370845E+01
  0.360131E+01
  0.349307E+01
  0.338257E+01
  0.327007E+01
  0.315631E+01
  0.304169E+01
  0.292853E+01
  0.281549E+01
  0.270302E+01
  0.259289E+01
  0.248282E+01
  0.237253E+01
  0.226557E+01
  0.216047E+01
  0.205818E+01
  0.196016E+01
  0.186508E+01
  0.177182E+01
  0.168338E+01
  0.160021E+01
  0.151981E+01
  0.144152E+01
  0.136700E+01
  0.129702E+01
  0.123182E+01
  0.117061E+01
  0.111418E+01
  0.106104E+01
  0.101172E+01
  0.966734E+00
  0.924628E+00
  0.886032E+00
  0.850628E+00
  0.817609E+00
  0.788351E+00
  0.761828E+00
  0.738121E+00
  0.715313E+00
  0.692900E+00
  0.673452E+00
  0.656735E+00
  0.639881E+00
  0.622750E+00
  0.605606E+00
  0.589636E+00
  0.573669E+00
  0.554851E+00
  0.533344E+00
  0.510828E+00
  0.486998E+00
  0.462482E+00
  0.434955E+00
  0.401545E+00
  0.362625E+00
  0.320289E+00
  0.274902E+00
  0.226039E+00
  0.171554E+00
  0.110796E+00
  0.457256E-01
 -0.238471E-01
 -0.100657E+00
 -0.183590E+00
 -0.272034E+00
 -0.366283E+00
 -0.466173E+00
 -0.571551E+00
 -0.683311E+00
 -0.800477E+00
 -0.922266E+00
 -0.104929E+01
 -0.118149E+01
 -0.131974E+01
 -0.146345E+01
 -0.160814E+01
 -0.175370E+01
 -0.190166E+01
 -0.205208E+01
 -0.220641E+01
 -0.236390E+01
 -0.252175E+01
 -0.268039E+01
 -0.283997E+01
 -0.300081E+01
 -0.316225E+01
 -0.332437E+01
 -0.348746E+01
 -0.364991E+01
 -0.381303E+01
 -0.397632E+01
 -0.413913E+01
 -0.430339E+01
 -0.446715E+01
 -0.462792E+01
 -0.478762E+01
 -0.494873E+01
 -0.511068E+01
 -0.527214E+01
 -0.543251E+01
 -0.559223E+01
 -0.575122E+01
 -0.590815E+01
 -0.606229E+01
 -0.621414E+01
 -0.636560E+01
 -0.651451E+01
 -0.665910E+01
 -0.679950E+01
 -0.693661E+01
 -0.707188E+01
 -0.720392E+01
 -0.733066E+01
 -0.745199E+01
 -0.756891E+01
 -0.768423E+01
 -0.779697E+01
 -0.790509E+01
 -0.800605E+01
 -0.810137E+01
 -0.819593E+01
 -0.828673E+01
 -0.837141E+01
 -0.845513E+01
 -0.853701E+01
 -0.861479E+01
 -0.868899E+01
 -0.876080E+01
 -0.883075E+01
 -0.889811E+01
 -0.896218E+01
 -0.902440E+01
 -0.908306E+01
 -0.913818E+01
 -0.919040E+01
 -0.923934E+01
 -0.928379E+01
 -0.932244E+01
 -0.935703E+01
 -0.938973E+01
 -0.941745E+01
 -0.943868E+01
 -0.945535E+01
 -0.947029E+01
 -0.948167E+01
 -0.948842E+01
 -0.949006E+01
 -0.948804E+01
 -0.948458E+01
 -0.947838E+01
 -0.946783E+01
 -0.945341E+01
 -0.943591E+01
 -0.941910E+01
 -0.940058E+01
 -0.937533E+01
 -0.934637E+01
 -0.931953E+01
 -0.929118E+01
 -0.925865E+01
 -0.922508E+01
 -0.919299E+01
 -0.916059E+01
 -0.912527E+01
 -0.908763E+01
 -0.904848E+01
 -0.900626E+01
 -0.896570E+01
 -0.892490E+01
 -0.887881E+01
 -0.883153E+01
 -0.878374E+01
 -0.873093E+01
 -0.867669E+01
 -0.862315E+01
 -0.856572E+01
 -0.850207E+01
 -0.843535E+01
 -0.836970E+01
 -0.830587E+01
 -0.823447E+01
 -0.815591E+01
 -0.808068E+01
 -0.800760E+01
 -0.793299E+01
 -0.785708E+01
 -0.777475E+01
 -0.768912E+01
 -0.761222E+01
 -0.753982E+01
 -0.745464E+01
 -0.736697E+01
 -0.729011E+01
 -0.721218E+01
 -0.713382E+01
 -0.705885E+01
 -0.698041E+01
 -0.690544E+01
 -0.683487E+01
 -0.676306E+01
 -0.669387E+01
 -0.662854E+01
 -0.656226E+01
 -0.649917E+01
 -0.644298E+01
 -0.638664E+01
 -0.633025E+01
 -0.627800E+01
 -0.622761E+01
 -0.618022E+01
 -0.613597E+01
 -0.609236E+01
 -0.604989E+01
 -0.601186E+01
 -0.597546E+01
 -0.593808E+01
 -0.590261E+01
 -0.586810E+01
 -0.583444E+01
 -0.580289E+01
 -0.576910E+01
 -0.573451E+01
 -0.570403E+01
 -0.567382E+01
 -0.564005E+01
 -0.560974E+01
 -0.558353E+01
 -0.555372E+01
 -0.552358E+01
 -0.549719E+01
 -0.546918E+01
 -0.544021E+01
 -0.541486E+01
 -0.538980E+01
 -0.536009E+01
 -0.533442E+01
 -0.531427E+01
 -0.528748E+01
 -0.525993E+01
 -0.523814E+01
 -0.521521E+01
 -0.519070E+01
 -0.516603E+01
 -0.514336E+01
 -0.512010E+01
 -0.509509E+01
 -0.507122E+01
 -0.504507E+01
 -0.501605E+01
 -0.498701E+01
 -0.495881E+01
 -0.492745E+01
 -0.489475E+01
 -0.486572E+01
 -0.483415E+01
 -0.480019E+01
 -0.476571E+01
 -0.473002E+01
 -0.469553E+01
 -0.466120E+01
 -0.462445E+01
 -0.458626E+01
 -0.455121E+01
 -0.451547E+01
 -0.447546E+01
 -0.443571E+01
 -0.439589E+01
 -0.435628E+01
 -0.431560E+01
 -0.427219E+01
 -0.423049E+01
 -0.419127E+01
 -0.415096E+01
 -0.410914E+01
 -0.406794E+01
 -0.402808E+01
 -0.398941E+01
 -0.395162E+01
 -0.391316E+01
 -0.387581E+01
 -0.384186E+01
 -0.380819E+01
 -0.377715E+01
 -0.375291E+01
 -0.372952E+01
 -0.370654E+01
 -0.368814E+01
 -0.367798E+01
 -0.367233E+01
 -0.366538E+01
 -0.366462E+01
 -0.366951E+01
 -0.367910E+01
 -0.369382E+01
 -0.370597E+01
 -0.372257E+01
 -0.374860E+01
 -0.377495E+01
 -0.380020E+01
 -0.382996E+01
 -0.386623E+01
 -0.390338E+01
 -0.393994E+01
 -0.398139E+01
 -0.402506E+01
 -0.407084E+01
 -0.412016E+01
 -0.417137E+01
 -0.422633E+01
 -0.428390E+01
 -0.434526E+01
 -0.440908E+01
 -0.447534E+01
 -0.454619E+01
 -0.461825E+01
 -0.469888E+01
 -0.478690E+01
 -0.487477E+01
 -0.496675E+01
 -0.506503E+01
 -0.517116E+01
 -0.528185E+01
 -0.539565E+01
 -0.551634E+01
 -0.564329E+01
 -0.577614E+01
 -0.591187E+01
 -0.605278E+01
 -0.620013E+01
 -0.635191E+01
 -0.651092E+01
 -0.667430E+01
 -0.683940E+01
 -0.700894E+01
 -0.718167E+01
 -0.735999E+01
 -0.754390E+01
 -0.772702E+01
 -0.791004E+01
 -0.809668E+01
 -0.828703E+01
 -0.848128E+01
 -0.867469E+01
 -0.886714E+01
 -0.906389E+01
 -0.926521E+01
 -0.946648E+01
 -0.966616E+01
 -0.986616E+01
 -0.100672E+02
 -0.102686E+02
 -0.104709E+02
 -0.106706E+02
 -0.108688E+02
 -0.110667E+02
 -0.112630E+02
 -0.114584E+02
 -0.116523E+02
 -0.118426E+02
 -0.120303E+02
 -0.122151E+02
 -0.123980E+02
 -0.125742E+02
 -0.127464E+02
 -0.129177E+02
 -0.130832E+02
 -0.132447E+02
 -0.134002E+02
 -0.135489E+02
 -0.136979E+02
 -0.138422E+02
 -0.139810E+02
 -0.141142E+02
 -0.142417E+02
 -0.143664E+02
 -0.144868E+02
 -0.146010E+02
 -0.147116E+02
 -0.148152E+02
 -0.149131E+02
 -0.150094E+02
 -0.150995E+02
 -0.151807E+02
 -0.152608E+02
 -0.153388E+02
 -0.154126E+02
 -0.154799E+02
 -0.155448E+02
 -0.156088E+02
 -0.156676E+02
 -0.157252E+02
 -0.157830E+02
 -0.158374E+02
 -0.158917E+02
 -0.159422E+02
 -0.159934E+02
 -0.160466E+02
 -0.160979E+02
 -0.161506E+02
 -0.162018E+02
 -0.162529E+02
 -0.163084E+02
 -0.163591E+02
 -0.164114E+02
 -0.164686E+02
 -0.165237E+02
 -0.165793E+02
 -0.166373E+02
 -0.166947E+02
 -0.167560E+02
 -0.168158E+02
 -0.168717E+02
 -0.169296E+02
 -0.169913E+02
 -0.170457E+02
 -0.170964E+02
 -0.171574E+02
 -0.172182E+02
 -0.172647E+02
 -0.173114E+02
 -0.173619E+02
 -0.174052E+02
 -0.174467E+02
 -0.174922E+02
 -0.175304E+02
 -0.175567E+02
 -0.175820E+02
 -0.176181E+02
 -0.176433E+02
 -0.176566E+02
 -0.176735E+02
 -0.176805E+02
 -0.176848E+02
 -0.176905E+02
 -0.176825E+02
 -0.176712E+02
 -0.176515E+02
 -0.176283E+02
 -0.176079E+02
 -0.175705E+02
 -0.175291E+02
 -0.174947E+02
 -0.174402E+02
 -0.173766E+02
 -0.173173E+02
 -0.172493E+02
 -0.171766E+02
 -0.171003E+02
 -0.170143E+02
 -0.169278E+02
 -0.168348E+02
 -0.167317E+02
 -0.166275E+02
 -0.165219E+02
 -0.164053E+02
 -0.162837E+02
 -0.161621E+02
 -0.160390E+02
 -0.159146E+02
 -0.157797E+02
 -0.156359E+02
 -0.154963E+02
 -0.153550E+02
 -0.152105E+02
 -0.150603E+02
 -0.149034E+02
 -0.147485E+02
 -0.145918E+02
 -0.144273E+02
 -0.142647E+02
 -0.141025E+02
 -0.139361E+02
 -0.137655E+02
 -0.135927E+02
 -0.134193E+02
 -0.132442E+02
 -0.130660E+02
 -0.128855E+02
 -0.127040E+02
 -0.125204E+02
 -0.123316E+02
 -0.121442E+02
 -0.119575E+02
 -0.117672E+02
 -0.115753E+02
 -0.113802E+02
 -0.111844E+02
 -0.109925E+02
 -0.107990E+02
 -0.106045E+02
 -0.104106E+02
 -0.102159E+02
 -0.100243E+02
 -0.983568E+01
 -0.964848E+01
 -0.946332E+01
 -0.927661E+01
 -0.909354E+01
 -0.891451E+01
 -0.874193E+01
 -0.857650E+01
 -0.841183E+01
 -0.824942E+01
 -0.809011E+01
 -0.794083E+01
 -0.780063E+01
 -0.765834E+01
 -0.752570E+01
 -0.739681E+01
 -0.726673E+01
 -0.714957E+01
 -0.703759E+01
 -0.693159E+01
 -0.683259E+01
 -0.673420E+01
 -0.664254E+01
 -0.655504E+01
 -0.647623E+01
 -0.640237E+01
 -0.632902E+01
 -0.626187E+01
 -0.619462E+01
 -0.613275E+01
 -0.607600E+01
 -0.601745E+01
 -0.596604E+01
 -0.591795E+01
 -0.586834E+01
 -0.581900E+01
 -0.577076E+01
 -0.572562E+01
 -0.568314E+01
 -0.564145E+01
 -0.559799E+01
 -0.555534E+01
 -0.551357E+01
 -0.546811E+01
 -0.542248E+01
 -0.537786E+01
 -0.533562E+01
 -0.529118E+01
 -0.524118E+01
 -0.519311E+01
 -0.514498E+01
 -0.509559E+01
 -0.504248E+01
 -0.498406E+01
 -0.493001E+01
 -0.487678E+01
 -0.481991E+01
 -0.475875E+01
 -0.469695E+01
 -0.463848E+01
 -0.457565E+01
 -0.451155E+01
 -0.444613E+01
 -0.437944E+01
 -0.431597E+01
 -0.424717E+01
 -0.418180E+01
 -0.411960E+01
 -0.405354E+01
 -0.399028E+01
 -0.392268E+01
 -0.385745E+01
 -0.379794E+01
 -0.373409E+01
 -0.367250E+01
 -0.361205E+01
 -0.355366E+01
 -0.349963E+01
 -0.344087E+01
 -0.338378E+01
 -0.333255E+01
 -0.328226E+01
 -0.323417E+01
 -0.318528E+01
 -0.314046E+01
 -0.309972E+01
 -0.305572E+01
 -0.301387E+01
 -0.297362E+01
 -0.293564E+01
 -0.290008E+01
 -0.286210E+01
 -0.283011E+01
 -0.280216E+01
 -0.277179E+01
 -0.274430E+01
 -0.271594E+01
 -0.268750E+01
 -0.266181E+01
 -0.263484E+01
 -0.260983E+01
 -0.258545E+01
 -0.256062E+01
 -0.253815E+01
 -0.251558E+01
 -0.249344E+01
 -0.247360E+01
 -0.245573E+01
 -0.243955E+01
 -0.242477E+01
 -0.241200E+01
 -0.240498E+01
 -0.240060E+01
 -0.239603E+01
 -0.239709E+01
 -0.240262E+01
 -0.241080E+01
 -0.242296E+01
 -0.243891E+01
 -0.245747E+01
 -0.247922E+01
 -0.250804E+01
 -0.254089E+01
 -0.257575E+01
 -0.261307E+01
 -0.265368E+01
 -0.269795E+01
 -0.274521E+01
 -0.279647E+01
 -0.284771E+01
 -0.290110E+01
 -0.296012E+01
 -0.302087E+01
 -0.308246E+01
 -0.314278E+01
 -0.320350E+01
 -0.326624E+01
 -0.332802E+01
 -0.339258E+01
 -0.345848E+01
 -0.352268E+01
 -0.358642E+01
 -0.364813E+01
 -0.371312E+01
 -0.377761E+01
 -0.383604E+01
 -0.389490E+01
 -0.395215E+01
 -0.400978E+01
 -0.406799E+01
 -0.412163E+01
 -0.417307E+01
 -0.422220E+01
 -0.427056E+01
 -0.431673E+01
 -0.436295E+01
 -0.440972E+01
 -0.445096E+01
 -0.449580E+01
 -0.453969E+01
 -0.457615E+01
 -0.461289E+01
 -0.465224E+01
 -0.469886E+01
 -0.474726E+01
 -0.479333E+01
 -0.483427E+01
 -0.486979E+01
 -0.491162E+01
 -0.495499E+01
 -0.500308E+01
 -0.505343E+01
 -0.509380E+01
 -0.513276E+01
 -0.517267E+01
 -0.521720E+01
 -0.526535E+01
 -0.531277E+01
 -0.535539E+01
 -0.538651E+01
 -0.542494E+01
 -0.546351E+01
 -0.550192E+01
 -0.555305E+01
 -0.559019E+01
 -0.562385E+01
 -0.565628E+01
 -0.567935E+01
 -0.571742E+01
 -0.575585E+01
 -0.579044E+01
 -0.582440E+01
 -0.585226E+01
 -0.587747E+01
 -0.590136E+01
 -0.593228E+01
 -0.595796E+01
 -0.598233E+01
 -0.600633E+01
 -0.602131E+01
 -0.604045E+01
 -0.605509E+01
 -0.607180E+01
 -0.608660E+01
 -0.608858E+01
 -0.609015E+01
 -0.608635E+01
 -0.608143E+01
 -0.607781E+01
 -0.606810E+01
 -0.605717E+01
 -0.604045E+01
 -0.601496E+01
 -0.598651E+01
 -0.595520E+01
 -0.592223E+01
 -0.588615E+01
 -0.584789E+01
 -0.580879E+01
 -0.576059E+01
 -0.571204E+01
 -0.566365E+01
 -0.560984E+01
 -0.555584E+01
 -0.549763E+01
 -0.543824E+01
 -0.537778E+01
 -0.531562E+01
 -0.525552E+01
 -0.519080E+01
 -0.512608E+01
 -0.506084E+01
 -0.499402E+01
 -0.492968E+01
 -0.485880E+01
 -0.478828E+01
 -0.472171E+01
 -0.465108E+01
 -0.458186E+01
 -0.451157E+01
 -0.443966E+01
 -0.437031E+01
 -0.430178E+01
 -0.423445E+01
 -0.416479E+01
 -0.409170E+01
 -0.402069E+01
 -0.395065E+01
 -0.388326E+01
 -0.381832E+01
 -0.374915E+01
 -0.367860E+01
 -0.360717E+01
 -0.353550E+01
 -0.346660E+01
 -0.339436E+01
 -0.332016E+01
 -0.324715E+01
 -0.317212E+01
 -0.310016E+01
 -0.303127E+01
 -0.295385E+01
 -0.287113E+01
 -0.278821E+01
 -0.270493E+01
 -0.262629E+01
 -0.254453E+01
 -0.246370E+01
 -0.238420E+01
 -0.229174E+01
 -0.219961E+01
 -0.211275E+01
 -0.202503E+01
 -0.193068E+01
 -0.182676E+01
 -0.173298E+01
 -0.163876E+01
 -0.153053E+01
 -0.142462E+01
 -0.131863E+01
 -0.120617E+01
 -0.108955E+01
 -0.972902E+00
 -0.857139E+00
 -0.734928E+00
 -0.605751E+00
 -0.476737E+00
 -0.351975E+00
 -0.218582E+00
 -0.759711E-01
  0.598619E-01
  0.197093E+00
  0.341373E+00
  0.483945E+00
  0.627805E+00
  0.771092E+00
  0.913341E+00
  0.105809E+01
  0.120211E+01
  0.134426E+01
  0.148633E+01
  0.162571E+01
  0.176282E+01
  0.190470E+01
  0.204297E+01
  0.217281E+01
  0.230670E+01
  0.243750E+01
  0.256171E+01
  0.268462E+01
  0.280843E+01
  0.293187E+01
  0.305037E+01
  0.316581E+01
  0.327699E+01
  0.338637E+01
  0.349121E+01
  0.358678E+01
  0.368682E+01
  0.378501E+01
  0.387545E+01
  0.396581E+01
  0.405270E+01
  0.413554E+01
  0.421636E+01
  0.429069E+01
  0.436330E+01
  0.443597E+01
  0.450140E+01
  0.456226E+01
  0.462511E+01
  0.468826E+01
  0.474704E+01
  0.480013E+01
  0.485089E+01
  0.489918E+01
  0.494788E+01
  0.499022E+01
  0.503136E+01
  0.507518E+01
  0.511258E+01
  0.514936E+01
  0.518462E+01
  0.521978E+01
  0.525461E+01
  0.528061E+01
  0.530866E+01
  0.533663E+01
  0.536418E+01
  0.538823E+01
  0.540784E+01
  0.543558E+01
  0.545858E+01
  0.547402E+01
  0.549276E+01
  0.550938E+01
  0.552510E+01
  0.553465E+01
  0.554542E+01
  0.555904E+01
  0.556592E+01
  0.557373E+01
  0.557803E+01
  0.558044E+01
  0.558568E+01
  0.558443E+01
  0.558369E+01
  0.558043E+01
  0.557429E+01
  0.556811E+01
  0.555805E+01
  0.554929E+01
  0.554005E+01
  0.552853E+01
  0.551907E+01
  0.550619E+01
  0.549525E+01
  0.548403E+01
  0.547247E+01
  0.546825E+01
  0.545953E+01
  0.544673E+01
  0.544247E+01
  0.544305E+01
  0.544869E+01
  0.545888E+01
  0.546746E+01
  0.547860E+01
  0.549595E+01
  0.551695E+01
  0.554122E+01
  0.556729E+01
  0.560332E+01
  0.563854E+01
  0.567012E+01
  0.570912E+01
  0.575083E+01
  0.579391E+01
  0.583755E+01
  0.588001E+01
  0.592552E+01
  0.597287E+01
  0.602058E+01
  0.606679E+01
  0.611501E+01
  0.616579E+01
  0.621530E+01
  0.626491E+01
  0.631585E+01
  0.636364E+01
  0.641068E+01
  0.645908E+01
  0.650856E+01
  0.655791E+01
  0.660630E+01
  0.665321E+01
  0.669615E+01
  0.673720E+01
  0.678041E+01
  0.681875E+01
  0.685595E+01
  0.689114E+01
  0.691941E+01
  0.694631E+01
  0.697138E+01
  0.699077E+01
  0.700646E+01
  0.701908E+01
  0.702999E+01
  0.703616E+01
  0.703980E+01
  0.704110E+01
  0.703826E+01
  0.703211E+01
  0.702516E+01
  0.701473E+01
  0.699972E+01
  0.698443E+01
  0.696692E+01
  0.694486E+01
  0.692375E+01
  0.690261E+01
  0.687940E+01
  0.685542E+01
  0.683208E+01
  0.680653E+01
  0.678062E+01
  0.675367E+01
  0.672796E+01
  0.670298E+01
  0.667839E+01
  0.665677E+01
  0.663109E+01
  0.660357E+01
  0.657893E+01
  0.654963E+01
  0.652336E+01
  0.649521E+01
  0.646475E+01
  0.643545E+01
  0.640010E+01
  0.636722E+01
  0.633330E+01
  0.629731E+01
  0.626193E+01
  0.621874E+01
  0.617931E+01
  0.613713E+01
  0.609205E+01
  0.605004E+01
  0.600539E+01
  0.595952E+01
  0.590629E+01
  0.585570E+01
  0.580994E+01
  0.575492E+01
  0.570679E+01
  0.565916E+01
  0.560662E+01
  0.555753E+01
  0.550637E+01
  0.546117E+01
  0.541177E+01
  0.535982E+01
  0.532007E+01
  0.527440E+01
  0.523342E+01
  0.519448E+01
  0.515244E+01
  0.511642E+01
  0.507649E+01
  0.504107E+01
  0.500694E+01
  0.497023E+01
  0.493826E+01
  0.490425E+01
  0.487421E+01
  0.484402E+01
  0.481269E+01
  0.478284E+01
  0.475201E+01
  0.472593E+01
  0.469938E+01
  0.466911E+01
  0.464520E+01
  0.462660E+01
  0.460560E+01
  0.458443E+01
  0.456852E+01
  0.454899E+01
  0.453092E+01
  0.451585E+01
  0.450175E+01
  0.449263E+01
  0.448041E+01
  0.447318E+01
  0.446909E+01
  0.445900E+01
  0.445635E+01
  0.445519E+01
  0.445201E+01
  0.444919E+01
  0.444817E+01
  0.444963E+01
  0.444965E+01
  0.444856E+01
  0.444812E+01
  0.444822E+01
  0.444353E+01
  0.443776E+01
  0.443580E+01
  0.443027E+01
  0.442344E+01
  0.441131E+01
  0.439776E+01
  0.438428E+01
  0.436370E+01
  0.434420E+01
  0.432435E+01
  0.429839E+01
  0.426975E+01
  0.423818E+01
  0.420687E+01
  0.417148E+01
  0.412963E+01
  0.408419E+01
  0.403610E+01
  0.398273E+01
  0.392532E+01
  0.386863E+01
  0.381005E+01
  0.374379E+01
  0.367432E+01
  0.360365E+01
  0.352910E+01
  0.345264E+01
  0.337492E+01
  0.329330E+01
  0.321042E+01
  0.312626E+01
  0.304441E+01
  0.296366E+01
  0.288202E+01
  0.280153E+01
  0.271669E+01
  0.263160E+01
  0.255210E+01
  0.247170E+01
  0.239424E+01
  0.232025E+01
  0.224760E+01
  0.217696E+01
  0.210503E+01
  0.203662E+01
  0.197249E+01
  0.190543E+01
  0.184415E+01
  0.178803E+01
  0.173076E+01
  0.167703E+01
  0.162608E+01
  0.157763E+01
  0.153278E+01
  0.149022E+01
  0.145456E+01
  0.142306E+01
  0.139227E+01
  0.136713E+01
  0.134749E+01
  0.133028E+01
  0.131910E+01
  0.131080E+01
  0.130631E+01
  0.130966E+01
  0.131563E+01
  0.132118E+01
  0.132985E+01
  0.134636E+01
  0.136748E+01
  0.138700E+01
  0.140887E+01
  0.143500E+01
  0.146454E+01
  0.149329E+01
  0.152117E+01
  0.155348E+01
  0.158974E+01
  0.162831E+01
  0.166691E+01
  0.170211E+01
  0.174435E+01
  0.179206E+01
  0.183455E+01
  0.187987E+01
  0.192689E+01
  0.197343E+01
  0.202742E+01
  0.207693E+01
  0.212382E+01
  0.217696E+01
  0.222728E+01
  0.227828E+01
  0.233133E+01
  0.238106E+01
  0.243357E+01
  0.248528E+01
  0.253251E+01
  0.257835E+01
  0.262584E+01
  0.267025E+01
  0.271014E+01
  0.275054E+01
  0.278926E+01
  0.282726E+01
  0.286321E+01
  0.289298E+01
  0.292228E+01
  0.294889E+01
  0.297575E+01
  0.300376E+01
  0.302466E+01
  0.304168E+01
  0.306141E+01
  0.308089E+01
  0.309566E+01
  0.310740E+01
  0.312077E+01
  0.312929E+01
  0.313681E+01
  0.314550E+01
  0.314694E+01
  0.314871E+01
  0.314970E+01
  0.314468E+01
  0.314014E+01
  0.312949E+01
  0.311649E+01
  0.310438E+01
  0.308550E+01
  0.306513E+01
  0.304429E+01
  0.301673E+01
  0.298749E+01
  0.295462E+01
  0.291835E+01
  0.288340E+01
  0.284394E+01
  0.279861E+01
  0.275446E+01
  0.270859E+01
  0.266009E+01
  0.261237E+01
  0.256183E+01
  0.251069E+01
  0.246051E+01
  0.240581E+01
  0.235086E+01
  0.229363E+01
  0.223477E+01
  0.217740E+01
  0.211919E+01
  0.206134E+01
  0.200231E+01
  0.193964E+01
  0.187752E+01
  0.181603E+01
  0.175032E+01
  0.168176E+01
  0.161605E+01
  0.155000E+01
  0.148393E+01
  0.141708E+01
  0.134680E+01
  0.127363E+01
  0.119768E+01
  0.112189E+01
  0.104475E+01
  0.965051E+00
  0.886392E+00
  0.804172E+00
  0.718530E+00
  0.632945E+00
  0.541849E+00
  0.448885E+00
  0.359465E+00
  0.261936E+00
  0.162199E+00
  0.622318E-01
 -0.436039E-01
 -0.146518E+00
 -0.252165E+00
 -0.360393E+00
 -0.468345E+00
 -0.584803E+00
 -0.702226E+00
 -0.818976E+00
 -0.940959E+00
 -0.106324E+01
 -0.118377E+01
 -0.130620E+01
 -0.142907E+01
 -0.155221E+01
 -0.167709E+01
 -0.180295E+01
 -0.193024E+01
 -0.205674E+01
 -0.218234E+01
 -0.231058E+01
 -0.243857E+01
 -0.256613E+01
 -0.269411E+01
 -0.282271E+01
 -0.295352E+01
 -0.308306E+01
 -0.321383E+01
 -0.334866E+01
 -0.348258E+01
 -0.361743E+01
 -0.375451E+01
 -0.389212E+01
 -0.403125E+01
 -0.417020E+01
 -0.431044E+01
 -0.445321E+01
 -0.459607E+01
 -0.474051E+01
 -0.488416E+01
 -0.502665E+01
 -0.517312E+01
 -0.532084E+01
 -0.546862E+01
 -0.561611E+01
 -0.576372E+01
 -0.591131E+01
 -0.605780E+01
 -0.620847E+01
 -0.635711E+01
 -0.649921E+01
 -0.664373E+01
 -0.679018E+01
 -0.693555E+01
 -0.707943E+01
 -0.721992E+01
 -0.735587E+01
 -0.749183E+01
 -0.762685E+01
 -0.775833E+01
 -0.788645E+01
 -0.801268E+01
 -0.814060E+01
 -0.826496E+01
 -0.838667E+01
 -0.850617E+01
 -0.862218E+01
 -0.873994E+01
 -0.885211E+01
 -0.896330E+01
 -0.907406E+01
 -0.918364E+01
 -0.929727E+01
 -0.940550E+01
 -0.951070E+01
 -0.961771E+01
 -0.972243E+01
 -0.982740E+01
 -0.993111E+01
 -0.100339E+02
 -0.101351E+02
 -0.102356E+02
 -0.103382E+02
 -0.104379E+02
 -0.105341E+02
 -0.106322E+02
 -0.107289E+02
 -0.108232E+02
 -0.109166E+02
 -0.110088E+02
 -0.111016E+02
 -0.111931E+02
 -0.112803E+02
 -0.113666E+02
 -0.114486E+02
 -0.115286E+02
 -0.116094E+02
 -0.116878E+02
 -0.117636E+02
 -0.118353E+02
 -0.119021E+02
 -0.119654E+02
 -0.120241E+02
 -0.120813E+02
 -0.121337E+02
 -0.121817E+02
 -0.122271E+02
 -0.122673E+02
 -0.123048E+02
 -0.123413E+02
 -0.123730E+02
 -0.124003E+02
 -0.124227E+02
 -0.124412E+02
 -0.124568E+02
 -0.124698E+02
 -0.124782E+02
 -0.124829E+02
 -0.124856E+02
 -0.124858E+02
 -0.124833E+02
 -0.124758E+02
 -0.124633E+02
 -0.124523E+02
 -0.124370E+02
 -0.124153E+02
 -0.123911E+02
 -0.123638E+02
 -0.123328E+02
 -0.122992E+02
 -0.122623E+02
 -0.122223E+02
 -0.121790E+02
 -0.121330E+02
 -0.120840E+02
 -0.120347E+02
 -0.119829E+02
 -0.119268E+02
 -0.118683E+02
 -0.118089E+02
 -0.117470E+02
 -0.116837E+02
 -0.116178E+02
 -0.115513E+02
 -0.114864E+02
 -0.114191E+02
 -0.113484E+02
 -0.112764E+02
 -0.112019E+02
 -0.111279E+02
 -0.110558E+02
 -0.109823E+02
 -0.109098E+02
 -0.108392E+02
 -0.107651E+02
 -0.106922E+02
 -0.106194E+02
 -0.105462E+02
 -0.104760E+02
 -0.104075E+02
 -0.103402E+02
 -0.102730E+02
 -0.102067E+02
 -0.101416E+02
 -0.100774E+02
 -0.100136E+02
 -0.994980E+01
 -0.989062E+01
 -0.983262E+01
 -0.977551E+01
 -0.971963E+01
 -0.966538E+01
 -0.961391E+01
 -0.956230E+01
 -0.951185E+01
 -0.946597E+01
 -0.941889E+01
 -0.936985E+01
 -0.932491E+01
 -0.927972E+01
 -0.923339E+01
 -0.919134E+01
 -0.914785E+01
 -0.910143E+01
 -0.905373E+01
 -0.900512E+01
 -0.895528E+01
 -0.890454E+01
 -0.885096E+01
 -0.879502E+01
 -0.873539E+01
 -0.867211E+01
 -0.860947E+01
 -0.854123E+01
 -0.846563E+01
 -0.838913E+01
 -0.830989E+01
 -0.822798E+01
 -0.814343E+01
 -0.805659E+01
 -0.796539E+01
 -0.786977E+01
 -0.777449E+01
 -0.767965E+01
 -0.758054E+01
 -0.747988E+01
 -0.738099E+01
 -0.728191E+01
 -0.717971E+01
 -0.707658E+01
 -0.697837E+01
 -0.687936E+01
 -0.677779E+01
 -0.667947E+01
 -0.657944E+01
 -0.647946E+01
 -0.637934E+01
 -0.628214E+01
 -0.618665E+01
 -0.608704E+01
 -0.599309E+01
 -0.589744E+01
 -0.579672E+01
 -0.569967E+01
 -0.560082E+01
 -0.550474E+01
 -0.540794E+01
 -0.530974E+01
 -0.521459E+01
 -0.511647E+01
 -0.502049E+01
 -0.492419E+01
 -0.482715E+01
 -0.473413E+01
 -0.463595E+01
 -0.454082E+01
 -0.445107E+01
 -0.435483E+01
 -0.425855E+01
 -0.416453E+01
 -0.407024E+01
 -0.397289E+01
 -0.387067E+01
 -0.377550E+01
 -0.367884E+01
 -0.357419E+01
 -0.347631E+01
 -0.337744E+01
 -0.327422E+01
 -0.317141E+01
 -0.306405E+01
 -0.295940E+01
 -0.285289E+01
 -0.274195E+01
 -0.263375E+01
 -0.252019E+01
 -0.240601E+01
 -0.229646E+01
 -0.218305E+01
 -0.206577E+01
 -0.194782E+01
 -0.182929E+01
 -0.170978E+01
 -0.159086E+01
 -0.147344E+01
 -0.135331E+01
 -0.123005E+01
 -0.110517E+01
 -0.984302E+00
 -0.865270E+00
 -0.739514E+00
 -0.619733E+00
 -0.498748E+00
 -0.371733E+00
 -0.253799E+00
 -0.129373E+00
 -0.849509E-02
  0.106327E+00
  0.226694E+00
  0.339486E+00
  0.458894E+00
  0.575452E+00
  0.681852E+00
  0.793707E+00
  0.904406E+00
  0.101794E+01
  0.112304E+01
  0.122523E+01
  0.132854E+01
  0.142512E+01
  0.152791E+01
  0.162328E+01
  0.171728E+01
  0.180958E+01
  0.189176E+01
  0.198421E+01
  0.206779E+01
  0.214881E+01
  0.223428E+01
  0.230682E+01
  0.238324E+01
  0.245868E+01
  0.252905E+01
  0.259857E+01
  0.266054E+01
  0.272795E+01
  0.279718E+01
  0.285989E+01
  0.292043E+01
  0.297876E+01
  0.303489E+01
  0.309163E+01
  0.315167E+01
  0.321386E+01
  0.327465E+01
  0.332865E+01
  0.337986E+01
  0.344342E+01
  0.350222E+01
  0.355680E+01
  0.361681E+01
  0.366881E+01
  0.372862E+01
  0.378572E+01
  0.383786E+01
  0.389901E+01
  0.394545E+01
  0.399868E+01
  0.405420E+01
  0.410070E+01
  0.415083E+01
  0.419285E+01
  0.424091E+01
  0.428465E+01
  0.432642E+01
  0.437666E+01
  0.441856E+01
  0.445943E+01
  0.448862E+01
  0.452769E+01
  0.457759E+01
  0.461522E+01
  0.465417E+01
  0.468897E+01
  0.472776E+01
  0.476746E+01
  0.480212E+01
  0.483804E+01
  0.487398E+01
  0.491676E+01
  0.494792E+01
  0.498280E+01
  0.502036E+01
  0.505329E+01
  0.509291E+01
  0.511809E+01
  0.515407E+01
  0.519711E+01
  0.522542E+01
  0.525581E+01
  0.528096E+01
  0.531242E+01
  0.534141E+01
  0.537062E+01
  0.540631E+01
  0.542680E+01
  0.545196E+01
  0.547934E+01
  0.549589E+01
  0.551888E+01
  0.554409E+01
  0.557333E+01
  0.558979E+01
  0.560591E+01
  0.563930E+01
  0.564687E+01
  0.566019E+01
  0.568670E+01
  0.569758E+01
  0.571891E+01
  0.572919E+01
  0.574152E+01
  0.574713E+01
  0.574422E+01
  0.576447E+01
  0.575508E+01
  0.574562E+01
  0.575275E+01
  0.573326E+01
  0.572686E+01
  0.570043E+01
  0.567093E+01
  0.566743E+01
  0.562454E+01
  0.559199E+01
  0.555670E+01
  0.551742E+01
  0.549218E+01
  0.539947E+01
  0.536649E+01
  0.534043E+01
  0.523865E+01
  0.520494E+01
  0.514211E+01
  0.506942E+01
  0.501657E+01
  0.491901E+01
  0.487184E+01
  0.479617E+01
  0.470189E+01
  0.464717E+01
  0.454829E+01
  0.446733E+01
  0.440351E+01
  0.430649E+01
  0.422707E+01
  0.414678E+01
  0.405650E+01
  0.397476E+01
  0.388195E+01
  0.379925E+01
  0.372738E+01
  0.363363E+01
  0.354725E+01
  0.346899E+01
  0.338030E+01
  0.330171E+01
  0.321575E+01
  0.312615E+01
  0.305393E+01
  0.296689E+01
  0.288367E+01
  0.281444E+01
  0.273145E+01
  0.265746E+01
  0.258845E+01
  0.251492E+01
  0.245148E+01
  0.238343E+01
  0.232113E+01
  0.226720E+01
  0.220759E+01
  0.215873E+01
  0.211335E+01
  0.206673E+01
  0.203438E+01
  0.200082E+01
  0.196814E+01
  0.194443E+01
  0.191894E+01
  0.190069E+01
  0.189056E+01
  0.187896E+01
  0.187583E+01
  0.187487E+01
  0.187468E+01
  0.188093E+01
  0.188165E+01
  0.189243E+01
  0.191623E+01
  0.192790E+01
  0.194287E+01
  0.196447E+01
  0.198224E+01
  0.200831E+01
  0.203327E+01
  0.205591E+01
  0.208936E+01
  0.211796E+01
  0.214314E+01
  0.217350E+01
  0.219936E+01
  0.222814E+01
  0.225994E+01
  0.228780E+01
  0.232182E+01
  0.235406E+01
  0.238312E+01
  0.241480E+01
  0.244113E+01
  0.246931E+01
  0.250379E+01
  0.253727E+01
  0.257447E+01
  0.261237E+01
  0.265082E+01
  0.268990E+01
  0.272776E+01
  0.277226E+01
  0.281831E+01
  0.286575E+01
  0.292096E+01
  0.297503E+01
  0.303160E+01
  0.309214E+01
  0.315403E+01
  0.322089E+01
  0.329020E+01
  0.336079E+01
  0.343412E+01
  0.350687E+01
  0.358383E+01
  0.366681E+01
  0.375083E+01
  0.383651E+01
  0.392277E+01
  0.400814E+01
  0.409738E+01
  0.418828E+01
  0.428108E+01
  0.437626E+01
  0.446982E+01
  0.456298E+01
  0.465852E+01
  0.475421E+01
  0.485234E+01
  0.495198E+01
  0.504833E+01
  0.514495E+01
  0.524313E+01
  0.533576E+01
  0.543133E+01
  0.552854E+01
  0.562493E+01
  0.572033E+01
  0.581097E+01
  0.590841E+01
  0.600258E+01
  0.609099E+01
  0.618318E+01
  0.627290E+01
  0.636718E+01
  0.645071E+01
  0.653424E+01
  0.662514E+01
  0.670631E+01
  0.679420E+01
  0.688068E+01
  0.696167E+01
  0.704345E+01
  0.711498E+01
  0.719327E+01
  0.727119E+01
  0.734096E+01
  0.741282E+01
  0.748180E+01
  0.754795E+01
  0.761114E+01
  0.767176E+01
  0.773358E+01
  0.778902E+01
  0.783436E+01
  0.787899E+01
  0.792876E+01
  0.796774E+01
  0.800087E+01
  0.803466E+01
  0.805952E+01
  0.808179E+01
  0.810395E+01
  0.812141E+01
  0.813716E+01
  0.814336E+01
  0.814600E+01
  0.814649E+01
  0.814425E+01
  0.814991E+01
  0.814822E+01
  0.814084E+01
  0.813315E+01
  0.811611E+01
  0.810847E+01
  0.809451E+01
  0.807541E+01
  0.806547E+01
  0.804325E+01
  0.801556E+01
  0.799338E+01
  0.796856E+01
  0.793910E+01
  0.790640E+01
  0.787378E+01
  0.783552E+01
  0.779111E+01
  0.774294E+01
  0.769477E+01
  0.764112E+01
  0.758498E+01
  0.752654E+01
  0.745812E+01
  0.739129E+01
  0.731874E+01
  0.723337E+01
  0.715091E+01
  0.706870E+01
  0.698007E+01
  0.687996E+01
  0.678289E+01
  0.668502E+01
  0.657385E+01
  0.646399E+01
  0.635270E+01
  0.623965E+01
  0.612558E+01
  0.599962E+01
  0.587704E+01
  0.575166E+01
  0.561514E+01
  0.548838E+01
  0.535911E+01
  0.521319E+01
  0.507763E+01
  0.494666E+01
  0.479264E+01
  0.463214E+01
  0.449587E+01
  0.434647E+01
  0.417170E+01
  0.402464E+01
  0.387575E+01
  0.369793E+01
  0.353184E+01
  0.336822E+01
  0.319172E+01
  0.302111E+01
  0.285803E+01
  0.267872E+01
  0.249643E+01
  0.232740E+01
  0.214876E+01
  0.196371E+01
  0.178687E+01
  0.161196E+01
  0.143235E+01
  0.125055E+01
  0.107260E+01
  0.892449E+00
  0.714194E+00
  0.541792E+00
  0.364611E+00
  0.189339E+00
  0.215461E-01
 -0.154893E+00
 -0.330837E+00
 -0.492213E+00
 -0.656538E+00
 -0.829700E+00
 -0.996265E+00
 -0.115971E+01
 -0.132544E+01
 -0.149149E+01
 -0.165337E+01
 -0.180888E+01
 -0.197381E+01
 -0.213972E+01
 -0.229365E+01
 -0.245243E+01
 -0.261005E+01
 -0.276178E+01
 -0.291630E+01
 -0.306761E+01
 -0.321984E+01
 -0.337404E+01
 -0.352294E+01
 -0.366985E+01
 -0.381769E+01
 -0.396588E+01
 -0.411146E+01
 -0.425474E+01
 -0.439967E+01
 -0.454343E+01
 -0.468385E+01
 -0.482460E+01
 -0.496129E+01
 -0.509572E+01
 -0.523518E+01
 -0.537096E+01
 -0.549953E+01
 -0.562763E+01
 -0.575836E+01
 -0.588763E+01
 -0.601060E+01
 -0.613065E+01
 -0.625278E+01
 -0.637326E+01
 -0.649006E+01
 -0.660706E+01
 -0.672150E+01
 -0.682811E+01
 -0.693724E+01
 -0.704931E+01
 -0.714554E+01
 -0.724250E+01
 -0.734845E+01
 -0.743810E+01
 -0.752535E+01
 -0.761133E+01
 -0.768557E+01
 -0.776541E+01
 -0.784247E+01
 -0.790770E+01
 -0.796726E+01
 -0.802564E+01
 -0.808712E+01
 -0.813090E+01
 -0.816840E+01
 -0.821605E+01
 -0.824390E+01
 -0.826963E+01
 -0.830379E+01
 -0.831735E+01
 -0.833112E+01
 -0.834781E+01
 -0.835275E+01
 -0.835509E+01
 -0.835260E+01
 -0.834819E+01
 -0.834112E+01
 -0.832538E+01
 -0.831304E+01
 -0.829649E+01
 -0.826763E+01
 -0.823999E+01
 -0.821312E+01
 -0.817831E+01
 -0.814036E+01
 -0.810292E+01
 -0.805934E+01
 -0.800914E+01
 -0.795944E+01
 -0.790836E+01
 -0.785012E+01
 -0.778757E+01
 -0.772508E+01
 -0.765657E+01
 -0.758668E+01
 -0.751973E+01
 -0.744657E+01
 -0.736838E+01
 -0.729190E+01
 -0.721283E+01
 -0.713247E+01
 -0.705636E+01
 -0.697587E+01
 -0.689145E+01
 -0.681602E+01
 -0.673797E+01
 -0.665670E+01
 -0.658468E+01
 -0.650829E+01
 -0.643184E+01
 -0.636480E+01
 -0.629233E+01
 -0.622732E+01
 -0.617146E+01
 -0.610341E+01
 -0.604159E+01
 -0.599375E+01
 -0.593804E+01
 -0.588565E+01
 -0.584308E+01
 -0.579493E+01
 -0.575131E+01
 -0.571679E+01
 -0.567872E+01
 -0.564294E+01
 -0.561140E+01
 -0.557955E+01
 -0.555320E+01
 -0.552709E+01
 -0.550128E+01
 -0.548758E+01
 -0.546410E+01
 -0.543790E+01
 -0.543986E+01
 -0.543046E+01
 -0.540868E+01
 -0.541717E+01
 -0.541345E+01
 -0.539868E+01
 -0.542115E+01
 -0.543139E+01
 -0.542209E+01
 -0.544353E+01
 -0.546578E+01
 -0.547800E+01
 -0.550311E+01
 -0.552530E+01
 -0.554582E+01
 -0.557740E+01
 -0.560853E+01
 -0.563308E+01
 -0.566116E+01
 -0.569517E+01
 -0.572486E+01
 -0.575475E+01
 -0.578861E+01
 -0.581730E+01
 -0.584218E+01
 -0.587152E+01
 -0.590085E+01
 -0.592580E+01
 -0.595272E+01
 -0.597734E+01
 -0.599820E+01
 -0.602225E+01
 -0.604072E+01
 -0.605556E+01
 -0.607400E+01
 -0.608987E+01
 -0.610384E+01
 -0.611546E+01
 -0.612477E+01
 -0.613834E+01
 -0.614774E+01
 -0.615125E+01
 -0.615995E+01
 -0.616890E+01
 -0.617260E+01
 -0.617804E+01
 -0.618331E+01
 -0.618564E+01
 -0.619018E+01
 -0.619692E+01
 -0.620202E+01
 -0.620388E+01
 -0.620515E+01
 -0.621068E+01
 -0.621468E+01
 -0.621254E+01
 -0.621095E+01
 -0.620855E+01
 -0.620034E+01
 -0.619462E+01
 -0.618991E+01
 -0.617779E+01
 -0.616560E+01
 -0.615550E+01
 -0.613867E+01
 -0.612092E+01
 -0.610522E+01
 -0.608366E+01
 -0.606110E+01
 -0.604142E+01
 -0.601736E+01
 -0.599178E+01
 -0.596756E+01
 -0.594156E+01
 -0.591555E+01
 -0.588868E+01
 -0.585987E+01
 -0.583186E+01
 -0.580113E+01
 -0.577083E+01
 -0.574373E+01
 -0.571238E+01
 -0.567911E+01
 -0.564950E+01
 -0.561835E+01
 -0.558691E+01
 -0.555991E+01
 -0.553057E+01
 -0.549984E+01
 -0.547331E+01
 -0.544397E+01
 -0.541479E+01
 -0.539023E+01
 -0.536442E+01
 -0.533792E+01
 -0.531397E+01
 -0.528993E+01
 -0.526616E+01
 -0.524407E+01
 -0.522075E+01
 -0.519714E+01
 -0.517585E+01
 -0.515501E+01
 -0.513333E+01
 -0.511055E+01
 -0.508677E+01
 -0.506295E+01
 -0.504044E+01
 -0.501760E+01
 -0.499431E+01
 -0.496918E+01
 -0.494212E+01
 -0.491674E+01
 -0.489212E+01
 -0.486776E+01
 -0.484493E+01
 -0.482244E+01
 -0.479987E+01
 -0.477824E+01
 -0.475826E+01
 -0.473964E+01
 -0.472173E+01
 -0.470329E+01
 -0.468550E+01
 -0.466762E+01
 -0.465007E+01
 -0.463615E+01
 -0.462431E+01
 -0.461199E+01
 -0.460002E+01
 -0.458905E+01
 -0.457867E+01
 -0.456956E+01
 -0.456151E+01
 -0.455175E+01
 -0.454164E+01
 -0.453216E+01
 -0.452197E+01
 -0.451211E+01
 -0.450193E+01
 -0.449100E+01
 -0.448096E+01
 -0.447100E+01
 -0.446055E+01
 -0.445001E+01
 -0.443938E+01
 -0.442809E+01
 -0.441761E+01
 -0.440833E+01
 -0.439822E+01
 -0.438795E+01
 -0.437675E+01
 -0.436335E+01
 -0.435060E+01
 -0.433770E+01
 -0.432262E+01
 -0.430691E+01
 -0.429049E+01
 -0.427238E+01
 -0.425379E+01
 -0.423354E+01
 -0.421057E+01
 -0.418622E+01
 -0.415868E+01
 -0.412873E+01
 -0.410019E+01
 -0.406870E+01
 -0.403492E+01
 -0.400296E+01
 -0.396661E+01
 -0.392926E+01
 -0.389512E+01
 -0.385555E+01
 -0.381532E+01
 -0.377868E+01
 -0.373852E+01
 -0.369908E+01
 -0.366246E+01
 -0.362304E+01
 -0.358363E+01
 -0.354489E+01
 -0.350228E+01
 -0.346002E+01
 -0.341986E+01
 -0.337605E+01
 -0.333195E+01
 -0.328926E+01
 -0.324037E+01
 -0.319088E+01
 -0.314487E+01
 -0.308990E+01
 -0.303230E+01
 -0.297738E+01
 -0.291317E+01
 -0.284992E+01
 -0.279182E+01
 -0.272428E+01
 -0.265332E+01
 -0.258463E+01
 -0.250903E+01
 -0.243120E+01
 -0.235682E+01
 -0.227809E+01
 -0.219795E+01
 -0.212205E+01
 -0.204211E+01
 -0.195908E+01
 -0.187980E+01
 -0.179876E+01
 -0.171591E+01
 -0.163567E+01
 -0.155235E+01
 -0.146827E+01
 -0.138871E+01
 -0.130963E+01
 -0.123023E+01
 -0.115154E+01
 -0.107195E+01
 -0.992242E+00
 -0.913670E+00
 -0.836168E+00
 -0.758792E+00
 -0.683122E+00
 -0.609726E+00
 -0.536297E+00
 -0.463586E+00
 -0.394992E+00
 -0.327588E+00
 -0.260910E+00
 -0.198546E+00
 -0.137735E+00
 -0.774355E-01
 -0.213246E-01
  0.319359E-01
  0.831375E-01
  0.131120E+00
  0.175413E+00
  0.217428E+00
  0.258410E+00
  0.296021E+00
  0.328589E+00
  0.361424E+00
  0.392791E+00
  0.420300E+00
  0.448379E+00
  0.473512E+00
  0.495026E+00
  0.518789E+00
  0.541842E+00
  0.562314E+00
  0.581528E+00
  0.601508E+00
  0.622211E+00
  0.640606E+00
  0.658605E+00
  0.677431E+00
  0.692934E+00
  0.711122E+00
  0.731624E+00
  0.748294E+00
  0.766293E+00
  0.783154E+00
  0.797587E+00
  0.817146E+00
  0.835066E+00
  0.849587E+00
  0.866853E+00
  0.884500E+00
  0.901623E+00
  0.919645E+00
  0.936860E+00
  0.954159E+00
  0.970905E+00
  0.988197E+00
  0.100696E+01
  0.102531E+01
  0.104288E+01
  0.106343E+01
  0.108531E+01
  0.110469E+01
  0.112485E+01
  0.114610E+01
  0.116621E+01
  0.118903E+01
  0.121284E+01
  0.123492E+01
  0.125534E+01
  0.127652E+01
  0.129980E+01
  0.132125E+01
  0.134106E+01
  0.136212E+01
  0.138158E+01
  0.140169E+01
  0.142280E+01
  0.144173E+01
  0.146086E+01
  0.148130E+01
  0.149891E+01
  0.151510E+01
  0.153236E+01
  0.154956E+01
  0.156698E+01
  0.158472E+01
  0.160135E+01
  0.161977E+01
  0.163964E+01
  0.165974E+01
  0.168114E+01
  0.170344E+01
  0.172535E+01
  0.174802E+01
  0.177049E+01
  0.179218E+01
  0.181483E+01
  0.184019E+01
  0.186628E+01
  0.189166E+01
  0.191580E+01
  0.193929E+01
  0.196330E+01
  0.198872E+01
  0.201414E+01
  0.203944E+01
  0.206416E+01
  0.208865E+01
  0.211348E+01
  0.213842E+01
  0.216222E+01
  0.218557E+01
  0.220797E+01
  0.222957E+01
  0.225047E+01
  0.226974E+01
  0.228603E+01
  0.230025E+01
  0.231369E+01
  0.232745E+01
  0.233950E+01
  0.234854E+01
  0.235452E+01
  0.235832E+01
  0.236037E+01
  0.236044E+01
  0.235732E+01
  0.235246E+01
  0.234516E+01
  0.233508E+01
  0.232429E+01
  0.231170E+01
  0.229599E+01
  0.228017E+01
  0.226286E+01
  0.224343E+01
  0.222257E+01
  0.219986E+01
  0.217519E+01
  0.214978E+01
  0.212358E+01
  0.209785E+01
  0.207231E+01
  0.204467E+01
  0.201554E+01
  0.198715E+01
  0.195688E+01
  0.192686E+01
  0.189818E+01
  0.186788E+01
  0.183649E+01
  0.180532E+01
  0.177323E+01
  0.173977E+01
  0.170488E+01
  0.166987E+01
  0.163453E+01
  0.159852E+01
  0.156113E+01
  0.152457E+01
  0.148911E+01
  0.145353E+01
  0.141766E+01
  0.138171E+01
  0.134679E+01
  0.131329E+01
  0.128032E+01
  0.124922E+01
  0.121799E+01
  0.118699E+01
  0.115786E+01
  0.112998E+01
  0.110258E+01
  0.107654E+01
  0.105237E+01
  0.102948E+01
  0.100731E+01
  0.986775E+00
  0.966669E+00
  0.948151E+00
  0.931624E+00
  0.914335E+00
  0.896522E+00
  0.880210E+00
  0.864609E+00
  0.851075E+00
  0.837735E+00
  0.822948E+00
  0.809741E+00
  0.798262E+00
  0.786229E+00
  0.775101E+00
  0.764246E+00
  0.752315E+00
  0.739029E+00
  0.725768E+00
  0.713428E+00
  0.702041E+00
  0.690658E+00
  0.678141E+00
  0.665170E+00
  0.653196E+00
  0.640020E+00
  0.625944E+00
  0.611674E+00
  0.597075E+00
  0.582334E+00
  0.567325E+00
  0.551388E+00
  0.534271E+00
  0.515918E+00
  0.497027E+00
  0.476024E+00
  0.453432E+00
  0.430584E+00
  0.406165E+00
  0.379499E+00
  0.351478E+00
  0.320882E+00
  0.287475E+00
  0.251613E+00
  0.214284E+00
  0.174521E+00
  0.131980E+00
  0.866840E-01
  0.378804E-01
 -0.138416E-01
 -0.677981E-01
 -0.125352E+00
 -0.185769E+00
 -0.249299E+00
 -0.316337E+00
 -0.386449E+00
 -0.460270E+00
 -0.537619E+00
 -0.618139E+00
 -0.703242E+00
 -0.790814E+00
 -0.881188E+00
 -0.975727E+00
 -0.107260E+01
 -0.117271E+01
 -0.127703E+01
 -0.138290E+01
 -0.149123E+01
 -0.160209E+01
 -0.171410E+01
 -0.182699E+01
 -0.194089E+01
 -0.205635E+01
 -0.217281E+01
 -0.229001E+01
 -0.240727E+01
 -0.252364E+01
 -0.264151E+01
 -0.275916E+01
 -0.287464E+01
 -0.298911E+01
 -0.310285E+01
 -0.321704E+01
 -0.333020E+01
 -0.344117E+01
 -0.355173E+01
 -0.366118E+01
 -0.376930E+01
 -0.387462E+01
 -0.397737E+01
 -0.407973E+01
 -0.418013E+01
 -0.427955E+01
 -0.437773E+01
 -0.447351E+01
 -0.456797E+01
 -0.465898E+01
 -0.474780E+01
 -0.483413E+01
 -0.491734E+01
 -0.500229E+01
 -0.508580E+01
 -0.516703E+01
 -0.524647E+01
 -0.532294E+01
 -0.540010E+01
 -0.547273E+01
 -0.554243E+01
 -0.561439E+01
 -0.568326E+01
 -0.575353E+01
 -0.582363E+01
 -0.589098E+01
 -0.595973E+01
 -0.602525E+01
 -0.609066E+01
 -0.615601E+01
 -0.621746E+01
 -0.628219E+01
 -0.634623E+01
 -0.640776E+01
 -0.646860E+01
 -0.652678E+01
 -0.658773E+01
 -0.664968E+01
 -0.671084E+01
 -0.677315E+01
 -0.683338E+01
 -0.689493E+01
 -0.695424E+01
 -0.701135E+01
 -0.707152E+01
 -0.712821E+01
 -0.718400E+01
 -0.724363E+01
 -0.730403E+01
 -0.736448E+01
 -0.742114E+01
 -0.747739E+01
 -0.753363E+01
 -0.758804E+01
 -0.764832E+01
 -0.771160E+01
 -0.777020E+01
 -0.782815E+01
 -0.788894E+01
 -0.795396E+01
 -0.802155E+01
 -0.808888E+01
 -0.815552E+01
 -0.822346E+01
 -0.829508E+01
 -0.837230E+01
 -0.845137E+01
 -0.852961E+01
 -0.860826E+01
 -0.868793E+01
 -0.877059E+01
 -0.885841E+01
 -0.894789E+01
 -0.903597E+01
 -0.912421E+01
 -0.921544E+01
 -0.930829E+01
 -0.940146E+01
 -0.949305E+01
 -0.958488E+01
 -0.967718E+01
 -0.976751E+01
 -0.985877E+01
 -0.995147E+01
 -0.100424E+02
 -0.101328E+02
 -0.102224E+02
 -0.103124E+02
 -0.104008E+02
 -0.104867E+02
 -0.105721E+02
 -0.106568E+02
 -0.107423E+02
 -0.108282E+02
 -0.109119E+02
 -0.109929E+02
 -0.110722E+02
 -0.111524E+02
 -0.112306E+02
 -0.113071E+02
 -0.113793E+02
 -0.114488E+02
 -0.115194E+02
 -0.115866E+02
 -0.116526E+02
 -0.117182E+02
 -0.117793E+02
 -0.118386E+02
 -0.118922E+02
 -0.119459E+02
 -0.120003E+02
 -0.120504E+02
 -0.120976E+02
 -0.121416E+02
 -0.121845E+02
 -0.122260E+02
 -0.122645E+02
 -0.123009E+02
 -0.123337E+02
 -0.123641E+02
 -0.123906E+02
 -0.124167E+02
 -0.124434E+02
 -0.124673E+02
 -0.124858E+02
 -0.125002E+02
 -0.125144E+02
 -0.125288E+02
 -0.125406E+02
 -0.125500E+02
 -0.125575E+02
 -0.125646E+02
 -0.125682E+02
 -0.125696E+02
 -0.125713E+02
 -0.125721E+02
 -0.125697E+02
 -0.125665E+02
 -0.125636E+02
 -0.125587E+02
 -0.125519E+02
 -0.125451E+02
 -0.125374E+02
 -0.125282E+02
 -0.125167E+02
 -0.125046E+02
 -0.124915E+02
 -0.124783E+02
 -0.124637E+02
 -0.124483E+02
 -0.124326E+02
 -0.124163E+02
 -0.124003E+02
 -0.123841E+02
 -0.123669E+02
 -0.123496E+02
 -0.123309E+02
 -0.123134E+02
 -0.122972E+02
 -0.122833E+02
 -0.122712E+02
 -0.122582E+02
 -0.122438E+02
 -0.122310E+02
 -0.122189E+02
 -0.122089E+02
 -0.121989E+02
 -0.121896E+02
 -0.121829E+02
 -0.121769E+02
 -0.121701E+02
 -0.121640E+02
 -0.121588E+02
 -0.121547E+02
 -0.121493E+02
 -0.121449E+02
 -0.121408E+02
 -0.121365E+02
 -0.121325E+02
 -0.121288E+02
 -0.121258E+02
 -0.121219E+02
 -0.121142E+02
 -0.121059E+02
 -0.120985E+02
 -0.120912E+02
 -0.120824E+02
 -0.120721E+02
 -0.120587E+02
 -0.120445E+02
 -0.120305E+02
 -0.120154E+02
 -0.119994E+02
 -0.119828E+02
 -0.119650E+02
 -0.119444E+02
 -0.119212E+02
 -0.118956E+02
 -0.118667E+02
 -0.118388E+02
 -0.118094E+02
 -0.117768E+02
 -0.117439E+02
 -0.117088E+02
 -0.116701E+02
 -0.116315E+02
 -0.115906E+02
 -0.115461E+02
 -0.115001E+02
 -0.114531E+02
 -0.114050E+02
 -0.113563E+02
 -0.113046E+02
 -0.112505E+02
 -0.111951E+02
 -0.111396E+02
 -0.110814E+02
 -0.110215E+02
 -0.109608E+02
 -0.108991E+02
 -0.108371E+02
 -0.107726E+02
 -0.107054E+02
 -0.106395E+02
 -0.105706E+02
 -0.104991E+02
 -0.104281E+02
 -0.103562E+02
 -0.102845E+02
 -0.102128E+02
 -0.101371E+02
 -0.100604E+02
 -0.998567E+01
 -0.991197E+01
 -0.983867E+01
 -0.976731E+01
 -0.969419E+01
 -0.961913E+01
 -0.954340E+01
 -0.946765E+01
 -0.939418E+01
 -0.932303E+01
 -0.925099E+01
 -0.917588E+01
 -0.909978E+01
 -0.902612E+01
 -0.895148E+01
 -0.887427E+01
 -0.879664E+01
 -0.872242E+01
 -0.864930E+01
 -0.857379E+01
 -0.849610E+01
 -0.841895E+01
 -0.834535E+01
 -0.827433E+01
 -0.820274E+01
 -0.812953E+01
 -0.805829E+01
 -0.799180E+01
 -0.792401E+01
 -0.785726E+01
 -0.779279E+01
 -0.772926E+01
 -0.766968E+01
 -0.760850E+01
 -0.754641E+01
 -0.748965E+01
 -0.743286E+01
 -0.737935E+01
 -0.732918E+01
 -0.727552E+01
 -0.722358E+01
 -0.717467E+01
 -0.712559E+01
 -0.708136E+01
 -0.703773E+01
 -0.698932E+01
 -0.694249E+01
 -0.689843E+01
 -0.685416E+01
 -0.681229E+01
 -0.676915E+01
 -0.672326E+01
 -0.667841E+01
 -0.663472E+01
 -0.659067E+01
 -0.654539E+01
 -0.649950E+01
 -0.645359E+01
 -0.640680E+01
 -0.635803E+01
 -0.630721E+01
 -0.625825E+01
 -0.620731E+01
 -0.615309E+01
 -0.609856E+01
 -0.603937E+01
 -0.597817E+01
 -0.592036E+01
 -0.585981E+01
 -0.579637E+01
 -0.573247E+01
 -0.566487E+01
 -0.559704E+01
 -0.552962E+01
 -0.546103E+01
 -0.539269E+01
 -0.532079E+01
 -0.524928E+01
 -0.517838E+01
 -0.510554E+01
 -0.503335E+01
 -0.496056E+01
 -0.488781E+01
 -0.481533E+01
 -0.474399E+01
 -0.467281E+01
 -0.460076E+01
 -0.453120E+01
 -0.446143E+01
 -0.439248E+01
 -0.432429E+01
 -0.425423E+01
 -0.418356E+01
 -0.411338E+01
 -0.404425E+01
 -0.397423E+01
 -0.390294E+01
 -0.382981E+01
 -0.375591E+01
 -0.368342E+01
 -0.360982E+01
 -0.353629E+01
 -0.346290E+01
 -0.338777E+01
 -0.331262E+01
 -0.323797E+01
 -0.316340E+01
 -0.308789E+01
 -0.300939E+01
 -0.293004E+01
 -0.285206E+01
 -0.277438E+01
 -0.269676E+01
 -0.261815E+01
 -0.253948E+01
 -0.246124E+01
 -0.238214E+01
 -0.230317E+01
 -0.222370E+01
 -0.214468E+01
 -0.206725E+01
 -0.198930E+01
 -0.191194E+01
 -0.183484E+01
 -0.175624E+01
 -0.167717E+01
 -0.159897E+01
 -0.152322E+01
 -0.144811E+01
 -0.137148E+01
 -0.129688E+01
 -0.122402E+01
 -0.115171E+01
 -0.108141E+01
 -0.101249E+01
 -0.944532E+00
 -0.876770E+00
 -0.808732E+00
 -0.742899E+00
 -0.679459E+00
 -0.617049E+00
 -0.555125E+00
 -0.493518E+00
 -0.432886E+00
 -0.375447E+00
 -0.318752E+00
 -0.260964E+00
 -0.203777E+00
 -0.145971E+00
 -0.885899E-01
 -0.342288E-01
  0.197601E-01
  0.748477E-01
  0.130347E+00
  0.184723E+00
  0.238765E+00
  0.293248E+00
  0.346810E+00
  0.400999E+00
  0.456527E+00
  0.510452E+00
  0.565036E+00
  0.619999E+00
  0.674512E+00
  0.729777E+00
  0.783760E+00
  0.836912E+00
  0.891349E+00
  0.944196E+00
  0.995238E+00
  0.104568E+01
  0.109480E+01
  0.114265E+01
  0.118922E+01
  0.123434E+01
  0.127942E+01
  0.132233E+01
  0.136176E+01
  0.139887E+01
  0.143448E+01
  0.146815E+01
  0.150079E+01
  0.153223E+01
  0.156100E+01
  0.158620E+01
  0.160988E+01
  0.163164E+01
  0.164978E+01
  0.166450E+01
  0.167703E+01
  0.168649E+01
  0.169229E+01
  0.169417E+01
  0.169371E+01
  0.169134E+01
  0.168521E+01
  0.167504E+01
  0.166295E+01
  0.164834E+01
  0.163268E+01
  0.161548E+01
  0.159377E+01
  0.157057E+01
  0.154792E+01
  0.152318E+01
  0.149858E+01
  0.147296E+01
  0.144530E+01
  0.141709E+01
  0.138919E+01
  0.136255E+01
  0.133603E+01
  0.130930E+01
  0.128329E+01
  0.125583E+01
  0.122969E+01
  0.120570E+01
  0.118190E+01
  0.115910E+01
  0.113674E+01
  0.111432E+01
  0.109404E+01
  0.107371E+01
  0.105392E+01
  0.103701E+01
  0.102026E+01
  0.100348E+01
  0.988954E+00
  0.975577E+00
  0.963006E+00
  0.950955E+00
  0.940096E+00
  0.929744E+00
  0.919873E+00
  0.910161E+00
  0.900530E+00
  0.892636E+00
  0.884973E+00
  0.875188E+00
  0.867358E+00
  0.860664E+00
  0.851933E+00
  0.843172E+00
  0.834702E+00
  0.825964E+00
  0.819860E+00
  0.815207E+00
  0.810279E+00
  0.805479E+00
  0.800092E+00
  0.792611E+00
  0.784021E+00
  0.776221E+00
  0.770145E+00
  0.763771E+00
  0.757995E+00
  0.752888E+00
  0.747022E+00
  0.742779E+00
  0.739913E+00
  0.736196E+00
  0.734308E+00
  0.732531E+00
  0.730901E+00
  0.732120E+00
  0.732845E+00
  0.734080E+00
  0.740424E+00
  0.747741E+00
  0.754744E+00
  0.763241E+00
  0.773315E+00
  0.785721E+00
  0.800438E+00
  0.816679E+00
  0.834329E+00
  0.854269E+00
  0.877900E+00
  0.901269E+00
  0.925574E+00
  0.953333E+00
  0.981601E+00
  0.101118E+01
  0.104266E+01
  0.107474E+01
  0.111054E+01
  0.114855E+01
  0.118712E+01
  0.122693E+01
  0.126841E+01
  0.131219E+01
  0.135673E+01
  0.140076E+01
  0.144665E+01
  0.149461E+01
  0.154466E+01
  0.159602E+01
  0.164874E+01
  0.170352E+01
  0.175965E+01
  0.181669E+01
  0.187586E+01
  0.193654E+01
  0.199996E+01
  0.206596E+01
  0.213302E+01
  0.220234E+01
  0.227419E+01
  0.234565E+01
  0.242053E+01
  0.249953E+01
  0.258017E+01
  0.266400E+01
  0.275087E+01
  0.284025E+01
  0.293338E+01
  0.302743E+01
  0.312344E+01
  0.322233E+01
  0.332363E+01
  0.342711E+01
  0.353153E+01
  0.363768E+01
  0.374673E+01
  0.385569E+01
  0.396535E+01
  0.407667E+01
  0.419042E+01
  0.430500E+01
  0.441874E+01
  0.453340E+01
  0.464962E+01
  0.476552E+01
  0.488282E+01
  0.499961E+01
  0.511703E+01
  0.523598E+01
  0.535362E+01
  0.547026E+01
  0.558753E+01
  0.570387E+01
  0.582098E+01
  0.593845E+01
  0.605490E+01
  0.617012E+01
  0.628503E+01
  0.639865E+01
  0.651081E+01
  0.662227E+01
  0.673372E+01
  0.684121E+01
  0.694599E+01
  0.704953E+01
  0.715079E+01
  0.724925E+01
  0.734613E+01
  0.744081E+01
  0.753252E+01
  0.761989E+01
  0.770457E+01
  0.778681E+01
  0.786523E+01
  0.793971E+01
  0.801235E+01
  0.808029E+01
  0.814503E+01
  0.820813E+01
  0.826921E+01
  0.832664E+01
  0.838083E+01
  0.843201E+01
  0.848106E+01
  0.852643E+01
  0.856908E+01
  0.860949E+01
  0.864789E+01
  0.868457E+01
  0.871907E+01
  0.874897E+01
  0.877693E+01
  0.880266E+01
  0.882563E+01
  0.884588E+01
  0.886378E+01
  0.887784E+01
  0.888915E+01
  0.889646E+01
  0.890060E+01
  0.890127E+01
  0.889754E+01
  0.888960E+01
  0.887916E+01
  0.886445E+01
  0.884482E+01
  0.882276E+01
  0.879958E+01
  0.877029E+01
  0.873610E+01
  0.869741E+01
  0.865520E+01
  0.861139E+01
  0.856745E+01
  0.852190E+01
  0.847286E+01
  0.842043E+01
  0.836713E+01
  0.831192E+01
  0.825583E+01
  0.819813E+01
  0.814020E+01
  0.808185E+01
  0.802247E+01
  0.796292E+01
  0.790484E+01
  0.784683E+01
  0.778952E+01
  0.773223E+01
  0.767472E+01
  0.761674E+01
  0.755949E+01
  0.750346E+01
  0.744932E+01
  0.739474E+01
  0.734061E+01
  0.728813E+01
  0.723653E+01
  0.718427E+01
  0.713388E+01
  0.708529E+01
  0.703680E+01
  0.698678E+01
  0.693757E+01
  0.688880E+01
  0.683787E+01
  0.678607E+01
  0.673733E+01
  0.668799E+01
  0.663848E+01
  0.658920E+01
  0.653763E+01
  0.648509E+01
  0.643262E+01
  0.637770E+01
  0.632187E+01
  0.626399E+01
  0.620450E+01
  0.614427E+01
  0.608343E+01
  0.602106E+01
  0.595810E+01
  0.589494E+01
  0.583049E+01
  0.576380E+01
  0.569654E+01
  0.562739E+01
  0.555923E+01
  0.549223E+01
  0.542401E+01
  0.535552E+01
  0.528759E+01
  0.522025E+01
  0.515455E+01
  0.508746E+01
  0.501988E+01
  0.495272E+01
  0.488673E+01
  0.482145E+01
  0.475628E+01
  0.469100E+01
  0.462620E+01
  0.456099E+01
  0.449504E+01
  0.442740E+01
  0.435989E+01
  0.429332E+01
  0.422830E+01
  0.416327E+01
  0.409754E+01
  0.403214E+01
  0.396551E+01
  0.389711E+01
  0.383133E+01
  0.376591E+01
  0.369998E+01
  0.363485E+01
  0.356992E+01
  0.350635E+01
  0.344548E+01
  0.338537E+01
  0.332502E+01
  0.326484E+01
  0.320755E+01
  0.315104E+01
  0.309536E+01
  0.304154E+01
  0.298991E+01
  0.293951E+01
  0.288698E+01
  0.283404E+01
  0.278396E+01
  0.273483E+01
  0.268648E+01
  0.263754E+01
  0.258860E+01
  0.253948E+01
  0.249123E+01
  0.244513E+01
  0.239982E+01
  0.235425E+01
  0.230981E+01
  0.226479E+01
  0.221827E+01
  0.217285E+01
  0.212976E+01
  0.208656E+01
  0.204519E+01
  0.200554E+01
  0.196607E+01
  0.192871E+01
  0.189277E+01
  0.185766E+01
  0.182431E+01
  0.179241E+01
  0.176544E+01
  0.174057E+01
  0.171767E+01
  0.169915E+01
  0.168173E+01
  0.166571E+01
  0.165341E+01
  0.164454E+01
  0.163765E+01
  0.163192E+01
  0.163077E+01
  0.163071E+01
  0.163212E+01
  0.163676E+01
  0.164248E+01
  0.165222E+01
  0.166445E+01
  0.167692E+01
  0.169278E+01
  0.170838E+01
  0.172455E+01
  0.174461E+01
  0.176580E+01
  0.178834E+01
  0.181366E+01
  0.183911E+01
  0.186534E+01
  0.189150E+01
  0.191835E+01
  0.194748E+01
  0.197726E+01
  0.200622E+01
  0.203673E+01
  0.206773E+01
  0.209590E+01
  0.212302E+01
  0.215160E+01
  0.217858E+01
  0.220262E+01
  0.222585E+01
  0.224985E+01
  0.227032E+01
  0.228782E+01
  0.230428E+01
  0.231842E+01
  0.232960E+01
  0.233791E+01
  0.234483E+01
  0.234936E+01
  0.235052E+01
  0.235206E+01
  0.234929E+01
  0.234296E+01
  0.233686E+01
  0.232891E+01
  0.232015E+01
  0.230868E+01
  0.229447E+01
  0.228216E+01
  0.226729E+01
  0.224976E+01
  0.223220E+01
  0.221339E+01
  0.219075E+01
  0.216657E+01
  0.214400E+01
  0.212023E+01
  0.209510E+01
  0.207117E+01
  0.204508E+01
  0.201657E+01
  0.198734E+01
  0.195764E+01
  0.192705E+01
  0.189650E+01
  0.186644E+01
  0.183754E+01
  0.180656E+01
  0.177282E+01
  0.174060E+01
  0.171048E+01
  0.168019E+01
  0.165290E+01
  0.162818E+01
  0.160241E+01
  0.157873E+01
  0.155746E+01
  0.153433E+01
  0.151411E+01
  0.149683E+01
  0.148142E+01
  0.147029E+01
  0.146051E+01
  0.145286E+01
  0.145071E+01
  0.145075E+01
  0.145109E+01
  0.145374E+01
  0.146136E+01
  0.147265E+01
  0.148875E+01
  0.150805E+01
  0.153020E+01
  0.155749E+01
  0.158751E+01
  0.162146E+01
  0.166125E+01
  0.170363E+01
  0.175008E+01
  0.180117E+01
  0.185273E+01
  0.190658E+01
  0.196902E+01
  0.203492E+01
  0.210096E+01
  0.217135E+01
  0.224702E+01
  0.232446E+01
  0.240476E+01
  0.248787E+01
  0.257342E+01
  0.266395E+01
  0.275737E+01
  0.285153E+01
  0.294801E+01
  0.304640E+01
  0.314927E+01
  0.325489E+01
  0.335856E+01
  0.346332E+01
  0.357064E+01
  0.367554E+01
  0.378277E+01
  0.388987E+01
  0.399416E+01
  0.410044E+01
  0.420458E+01
  0.430536E+01
  0.440698E+01
  0.450674E+01
  0.460488E+01
  0.470049E+01
  0.479386E+01
  0.488701E+01
  0.497958E+01
  0.506931E+01
  0.515733E+01
  0.524256E+01
  0.532625E+01
  0.540996E+01
  0.549376E+01
  0.557702E+01
  0.566036E+01
  0.574149E+01
  0.582026E+01
  0.590138E+01
  0.598247E+01
  0.606225E+01
  0.614498E+01
  0.622508E+01
  0.630535E+01
  0.638457E+01
  0.646368E+01
  0.654725E+01
  0.663124E+01
  0.671322E+01
  0.679431E+01
  0.687475E+01
  0.695474E+01
  0.703486E+01
  0.711278E+01
  0.719235E+01
  0.727637E+01
  0.735726E+01
  0.743787E+01
  0.751511E+01
  0.759510E+01
  0.767812E+01
  0.775946E+01
  0.784036E+01
  0.791980E+01
  0.799991E+01
  0.808115E+01
  0.816046E+01
  0.823979E+01
  0.832339E+01
  0.840758E+01
  0.848731E+01
  0.856723E+01
  0.864865E+01
  0.872954E+01
  0.881069E+01
  0.889251E+01
  0.896733E+01
  0.904474E+01
  0.912103E+01
  0.919212E+01
  0.926662E+01
  0.933491E+01
  0.940071E+01
  0.946976E+01
  0.953118E+01
  0.959477E+01
  0.965696E+01
  0.971310E+01
  0.977117E+01
  0.982552E+01
  0.987774E+01
  0.993062E+01
  0.997936E+01
  0.100310E+02
  0.100795E+02
  0.101258E+02
  0.101729E+02
  0.102155E+02
  0.102586E+02
  0.103014E+02
  0.103386E+02
  0.103773E+02
  0.104182E+02
  0.104588E+02
  0.104979E+02
  0.105368E+02
  0.105745E+02
  0.106136E+02
  0.106542E+02
  0.106942E+02
  0.107332E+02
  0.107760E+02
  0.108183E+02
  0.108614E+02
  0.109060E+02
  0.109485E+02
  0.109923E+02
  0.110382E+02
  0.110830E+02
  0.111287E+02
  0.111739E+02
  0.112220E+02
  0.112708E+02
  0.113158E+02
  0.113628E+02
  0.114134E+02
  0.114621E+02
  0.115086E+02
  0.115524E+02
  0.115987E+02
  0.116446E+02
  0.116867E+02
  0.117281E+02
  0.117721E+02
  0.118134E+02
  0.118521E+02
  0.118918E+02
  0.119285E+02
  0.119612E+02
  0.119954E+02
  0.120230E+02
  0.120471E+02
  0.120731E+02
  0.120973E+02
  0.121158E+02
  0.121317E+02
  0.121479E+02
  0.121617E+02
  0.121684E+02
  0.121703E+02
  0.121719E+02
  0.121727E+02
  0.121673E+02
  0.121610E+02
  0.121536E+02
  0.121445E+02
  0.121322E+02
  0.121157E+02
  0.120953E+02
  0.120786E+02
  0.120629E+02
  0.120419E+02
  0.120215E+02
  0.120022E+02
  0.119781E+02
  0.119524E+02
  0.119258E+02
  0.119015E+02
  0.118769E+02
  0.118490E+02
  0.118171E+02
  0.117822E+02
  0.117470E+02
  0.117119E+02
  0.116757E+02
  0.116401E+02
  0.115987E+02
  0.115538E+02
  0.115093E+02
  0.114660E+02
  0.114184E+02
  0.113678E+02
  0.113171E+02
  0.112659E+02
  0.112164E+02
  0.111644E+02
  0.111078E+02
  0.110510E+02
  0.109903E+02
  0.109294E+02
  0.108688E+02
  0.108114E+02
  0.107549E+02
  0.106911E+02
  0.106262E+02
  0.105655E+02
  0.105026E+02
  0.104395E+02
  0.103747E+02
  0.103094E+02
  0.102426E+02
  0.101783E+02
  0.101161E+02
  0.100492E+02
  0.998502E+01
  0.992360E+01
  0.985679E+01
  0.979072E+01
  0.972372E+01
  0.965540E+01
  0.958711E+01
  0.952197E+01
  0.945822E+01
  0.939226E+01
  0.932443E+01
  0.925676E+01
  0.918785E+01
  0.911807E+01
  0.904951E+01
  0.898215E+01
  0.891195E+01
  0.884172E+01
  0.876979E+01
  0.869711E+01
  0.862669E+01
  0.855510E+01
  0.848255E+01
  0.841046E+01
  0.833347E+01
  0.825573E+01
  0.817945E+01
  0.810446E+01
  0.802929E+01
  0.795172E+01
  0.787472E+01
  0.779911E+01
  0.771914E+01
  0.764236E+01
  0.756818E+01
  0.749036E+01
  0.741364E+01
  0.733902E+01
  0.726406E+01
  0.719093E+01
  0.711748E+01
  0.704518E+01
  0.697389E+01
  0.690360E+01
  0.683337E+01
  0.676378E+01
  0.669579E+01
  0.662846E+01
  0.656233E+01
  0.649717E+01
  0.643121E+01
  0.636774E+01
  0.630297E+01
  0.623893E+01
  0.617435E+01
  0.610761E+01
  0.604914E+01
  0.599245E+01
  0.592775E+01
  0.586966E+01
  0.580625E+01
  0.573440E+01
  0.568086E+01
  0.562452E+01
  0.555661E+01
  0.550217E+01
  0.543486E+01
  0.536318E+01
  0.530470E+01
  0.523522E+01
  0.517123E+01
  0.511089E+01
  0.503758E+01
  0.497284E+01
  0.490412E+01
  0.482385E+01
  0.475613E+01
  0.468815E+01
  0.460429E+01
  0.452640E+01
  0.444641E+01
  0.435800E+01
  0.427690E+01
  0.419191E+01
  0.410338E+01
  0.401696E+01
  0.392214E+01
  0.382668E+01
  0.373353E+01
  0.364039E+01
  0.354775E+01
  0.345374E+01
  0.335546E+01
  0.325621E+01
  0.315796E+01
  0.305759E+01
  0.295739E+01
  0.285920E+01
  0.276000E+01
  0.266463E+01
  0.256969E+01
  0.246783E+01
  0.237058E+01
  0.227744E+01
  0.217578E+01
  0.207856E+01
  0.198355E+01
  0.188619E+01
  0.179188E+01
  0.169265E+01
  0.159191E+01
  0.149068E+01
  0.138901E+01
  0.128967E+01
  0.118784E+01
  0.108854E+01
  0.984518E+00
  0.881059E+00
  0.779920E+00
  0.670897E+00
  0.565214E+00
  0.459488E+00
  0.355423E+00
  0.255731E+00
  0.146852E+00
  0.395010E-01
 -0.654092E-01
 -0.170045E+00
 -0.270733E+00
 -0.375071E+00
 -0.477537E+00
 -0.577603E+00
 -0.680130E+00
 -0.780975E+00
 -0.883486E+00
 -0.985836E+00
 -0.108810E+01
 -0.119250E+01
 -0.129448E+01
 -0.139675E+01
 -0.149886E+01
 -0.159878E+01
 -0.170281E+01
 -0.180694E+01
 -0.191068E+01
 -0.201769E+01
 -0.212358E+01
 -0.222896E+01
 -0.233542E+01
 -0.244034E+01
 -0.254504E+01
 -0.265132E+01
 -0.275736E+01
 -0.286229E+01
 -0.296675E+01
 -0.307004E+01
 -0.317368E+01
 -0.327730E+01
 -0.337958E+01
 -0.348238E+01
 -0.358792E+01
 -0.369500E+01
 -0.380101E+01
 -0.390573E+01
 -0.401084E+01
 -0.411809E+01
 -0.422671E+01
 -0.433662E+01
 -0.444829E+01
 -0.455872E+01
 -0.466758E+01
 -0.477760E+01
 -0.488873E+01
 -0.500070E+01
 -0.511138E+01
 -0.522147E+01
 -0.533426E+01
 -0.544570E+01
 -0.555647E+01
 -0.566593E+01
 -0.577353E+01
 -0.588380E+01
 -0.599220E+01
 -0.610150E+01
 -0.621008E+01
 -0.631403E+01
 -0.642118E+01
 -0.653058E+01
 -0.663791E+01
 -0.674549E+01
 -0.685178E+01
 -0.695674E+01
 -0.706442E+01
 -0.717130E+01
 -0.727717E+01
 -0.738346E+01
 -0.748916E+01
 -0.759719E+01
 -0.770460E+01
 -0.781206E+01
 -0.791685E+01
 -0.802205E+01
 -0.812942E+01
 -0.823242E+01
 -0.833582E+01
 -0.843670E+01
 -0.853303E+01
 -0.863125E+01
 -0.872674E+01
 -0.881977E+01
 -0.891126E+01
 -0.899898E+01
 -0.908738E+01
 -0.917430E+01
 -0.925577E+01
 -0.933736E+01
 -0.941553E+01
 -0.949055E+01
 -0.956356E+01
 -0.963176E+01
 -0.969867E+01
 -0.976350E+01
 -0.982501E+01
 -0.988247E+01
 -0.993593E+01
 -0.998966E+01
 -0.100378E+02
 -0.100823E+02
 -0.101261E+02
 -0.101644E+02
 -0.102014E+02
 -0.102365E+02
 -0.102662E+02
 -0.102950E+02
 -0.103177E+02
 -0.103372E+02
 -0.103562E+02
 -0.103697E+02
 -0.103817E+02
 -0.103916E+02
 -0.103990E+02
 -0.104050E+02
 -0.104058E+02
 -0.104056E+02
 -0.104030E+02
 -0.103995E+02
 -0.103961E+02
 -0.103896E+02
 -0.103839E+02
 -0.103745E+02
 -0.103612E+02
 -0.103498E+02
 -0.103376E+02
 -0.103279E+02
 -0.103172E+02
 -0.103042E+02
 -0.102930E+02
 -0.102802E+02
 -0.102685E+02
 -0.102589E+02
 -0.102476E+02
 -0.102398E+02
 -0.102334E+02
 -0.102267E+02
 -0.102217E+02
 -0.102184E+02
 -0.102152E+02
 -0.102112E+02
 -0.102106E+02
 -0.102122E+02
 -0.102135E+02
 -0.102196E+02
 -0.102247E+02
 -0.102302E+02
 -0.102386E+02
 -0.102452E+02
 -0.102527E+02
 -0.102628E+02
 -0.102732E+02
 -0.102850E+02
 -0.102981E+02
 -0.103126E+02
 -0.103260E+02
 -0.103406E+02
 -0.103559E+02
 -0.103711E+02
 -0.103894E+02
 -0.104059E+02
 -0.104188E+02
 -0.104333E+02
 -0.104482E+02
 -0.104651E+02
 -0.104821E+02
 -0.104972E+02
 -0.105134E+02
 -0.105293E+02
 -0.105437E+02
 -0.105573E+02
 -0.105701E+02
 -0.105845E+02
 -0.105974E+02
 -0.106097E+02
 -0.106216E+02
 -0.106295E+02
 -0.106377E+02
 -0.106467E+02
 -0.106550E+02
 -0.106649E+02
 -0.106726E+02
 -0.106784E+02
 -0.106834E+02
 -0.106903E+02
 -0.106997E+02
 -0.107073E+02
 -0.107171E+02
 -0.107276E+02
 -0.107335E+02
 -0.107437E+02
 -0.107528E+02
 -0.107601E+02
 -0.107740E+02
 -0.107875E+02
 -0.108008E+02
 -0.108179E+02
 -0.108318E+02
 -0.108443E+02
 -0.108599E+02
 -0.108790E+02
 -0.108983E+02
 -0.109159E+02
 -0.109372E+02
 -0.109605E+02
 -0.109809E+02
 -0.110042E+02
 -0.110295E+02
 -0.110554E+02
 -0.110824E+02
 -0.111073E+02
 -0.111350E+02
 -0.111661E+02
 -0.111914E+02
 -0.112188E+02
 -0.112508E+02
 -0.112812E+02
 -0.113119E+02
 -0.113422E+02
 -0.113740E+02
 -0.114097E+02
 -0.114435E+02
 -0.114805E+02
 -0.115176E+02
 -0.115492E+02
 -0.115841E+02
 -0.116204E+02
 -0.116549E+02
 -0.116915E+02
 -0.117278E+02
 -0.117649E+02
 -0.117998E+02
 -0.118324E+02
 -0.118663E+02
 -0.119001E+02
 -0.119319E+02
 -0.119629E+02
 -0.119932E+02
 -0.120227E+02
 -0.120496E+02
 -0.120759E+02
 -0.121008E+02
 -0.121234E+02
 -0.121438E+02
 -0.121618E+02
 -0.121808E+02
 -0.122014E+02
 -0.122158E+02
 -0.122274E+02
 -0.122424E+02
 -0.122552E+02
 -0.122621E+02
 -0.122679E+02
 -0.122745E+02
 -0.122789E+02
 -0.122800E+02
 -0.122807E+02
 -0.122806E+02
 -0.122820E+02
 -0.122821E+02
 -0.122773E+02
 -0.122709E+02
 -0.122661E+02
 -0.122605E+02
 -0.122533E+02
 -0.122450E+02
 -0.122370E+02
 -0.122287E+02
 -0.122216E+02
 -0.122157E+02
 -0.122066E+02
 -0.121958E+02
 -0.121880E+02
 -0.121771E+02
 -0.121651E+02
 -0.121577E+02
 -0.121499E+02
 -0.121392E+02
 -0.121296E+02
 -0.121212E+02
 -0.121132E+02
 -0.121031E+02
 -0.120930E+02
 -0.120841E+02
 -0.120746E+02
 -0.120670E+02
 -0.120613E+02
 -0.120540E+02
 -0.120483E+02
 -0.120428E+02
 -0.120374E+02
 -0.120332E+02
 -0.120290E+02
 -0.120267E+02
 -0.120284E+02
 -0.120317E+02
 -0.120330E+02
 -0.120330E+02
 -0.120390E+02
 -0.120463E+02
 -0.120517E+02
 -0.120605E+02
 -0.120719E+02
 -0.120812E+02
 -0.120889E+02
 -0.121008E+02
 -0.121190E+02
 -0.121333E+02
 -0.121471E+02
 -0.121662E+02
 -0.121839E+02
 -0.122018E+02
 -0.122234E+02
 -0.122436E+02
 -0.122640E+02
 -0.122836E+02
 -0.123026E+02
 -0.123229E+02
 -0.123435E+02
 -0.123677E+02
 -0.123916E+02
 -0.124115E+02
 -0.124363E+02
 -0.124614E+02
 -0.124876E+02
 -0.125178E+02
 -0.125430E+02
 -0.125684E+02
 -0.126020E+02
 -0.126386E+02
 -0.126752E+02
 -0.127077E+02
 -0.127419E+02
 -0.127847E+02
 -0.128285E+02
 -0.128700E+02
 -0.129157E+02
 -0.129641E+02
 -0.130156E+02
 -0.130690E+02
 -0.131244E+02
 -0.131849E+02
 -0.132477E+02
 -0.133130E+02
 -0.133844E+02
 -0.134602E+02
 -0.135377E+02
 -0.136132E+02
 -0.136966E+02
 -0.137852E+02
 -0.138668E+02
 -0.139556E+02
 -0.140588E+02
 -0.141589E+02
 -0.142565E+02
 -0.143580E+02
 -0.144626E+02
 -0.145697E+02
 -0.146773E+02
 -0.147889E+02
 -0.149072E+02
 -0.150214E+02
 -0.151345E+02
 -0.152535E+02
 -0.153755E+02
 -0.154993E+02
 -0.156227E+02
 -0.157451E+02
 -0.158735E+02
 -0.160036E+02
 -0.161304E+02
 -0.162591E+02
 -0.163951E+02
 -0.165304E+02
 -0.166614E+02
 -0.167930E+02
 -0.169275E+02
 -0.170652E+02
 -0.172072E+02
 -0.173457E+02
 -0.174791E+02
 -0.176138E+02
 -0.177541E+02
 -0.178928E+02
 -0.180259E+02
 -0.181609E+02
 -0.182994E+02
 -0.184320E+02
 -0.185647E+02
 -0.186980E+02
 -0.188267E+02
 -0.189564E+02
 -0.190863E+02
 -0.192103E+02
 -0.193343E+02
 -0.194561E+02
 -0.195727E+02
 -0.196869E+02
 -0.198004E+02
 -0.199117E+02
 -0.200207E+02
 -0.201240E+02
 -0.202267E+02
 -0.203272E+02
 -0.204215E+02
 -0.205117E+02
 -0.206005E+02
 -0.206855E+02
 -0.207672E+02
 -0.208451E+02
 -0.209202E+02
 -0.209908E+02
 -0.210571E+02
 -0.211195E+02
 -0.211784E+02
 -0.212318E+02
 -0.212807E+02
 -0.213271E+02
 -0.213726E+02
 -0.214116E+02
 -0.214459E+02
 -0.214736E+02
 -0.214921E+02
 -0.215087E+02
 -0.215260E+02
 -0.215359E+02
 -0.215395E+02
 -0.215381E+02
 -0.215315E+02
 -0.215209E+02
 -0.215056E+02
 -0.214835E+02
 -0.214580E+02
 -0.214282E+02
 -0.213961E+02
 -0.213563E+02
 -0.213116E+02
 -0.212664E+02
 -0.212174E+02
 -0.211647E+02
 -0.211085E+02
 -0.210477E+02
 -0.209864E+02
 -0.209215E+02
 -0.208522E+02
 -0.207794E+02
 -0.207065E+02
 -0.206316E+02
 -0.205538E+02
 -0.204729E+02
 -0.203914E+02
 -0.203072E+02
 -0.202214E+02
 -0.201364E+02
 -0.200510E+02
 -0.199640E+02
 -0.198766E+02
 -0.197879E+02
 -0.197024E+02
 -0.196160E+02
 -0.195287E+02
 -0.194448E+02
 -0.193618E+02
 -0.192775E+02
 -0.191955E+02
 -0.191149E+02
 -0.190366E+02
 -0.189611E+02
 -0.188876E+02
 -0.188158E+02
 -0.187468E+02
 -0.186780E+02
 -0.186124E+02
 -0.185505E+02
 -0.184905E+02
 -0.184327E+02
 -0.183802E+02
 -0.183286E+02
 -0.182766E+02
 -0.182297E+02
 -0.181871E+02
 -0.181435E+02
 -0.181032E+02
 -0.180656E+02
 -0.180315E+02
 -0.179994E+02
 -0.179663E+02
 -0.179353E+02
 -0.179091E+02
 -0.178840E+02
 -0.178607E+02
 -0.178371E+02
 -0.178154E+02
 -0.177968E+02
 -0.177784E+02
 -0.177594E+02
 -0.177441E+02
 -0.177303E+02
 -0.177162E+02
 -0.177026E+02
 -0.176906E+02
 -0.176787E+02
 -0.176677E+02
 -0.176561E+02
 -0.176453E+02
 -0.176353E+02
 -0.176252E+02
 -0.176139E+02
 -0.176043E+02
 -0.175952E+02
 -0.175844E+02
 -0.175725E+02
 -0.175627E+02
 -0.175531E+02
 -0.175439E+02
 -0.175331E+02
 -0.175230E+02
 -0.175144E+02
 -0.175041E+02
 -0.174914E+02
 -0.174813E+02
 -0.174725E+02
 -0.174620E+02
 -0.174482E+02
 -0.174361E+02
 -0.174228E+02
 -0.174065E+02
 -0.173899E+02
 -0.173740E+02
 -0.173562E+02
 -0.173357E+02
 -0.173128E+02
 -0.172909E+02
 -0.172688E+02
 -0.172439E+02
 -0.172153E+02
 -0.171879E+02
 -0.171608E+02
 -0.171312E+02
 -0.170984E+02
 -0.170651E+02
 -0.170316E+02
 -0.169976E+02
 -0.169615E+02
 -0.169238E+02
 -0.168844E+02
 -0.168428E+02
 -0.167976E+02
 -0.167516E+02
 -0.167043E+02
 -0.166548E+02
 -0.166017E+02
 -0.165465E+02
 -0.164905E+02
 -0.164314E+02
 -0.163674E+02
 -0.163024E+02
 -0.162346E+02
 -0.161643E+02
 -0.160919E+02
 -0.160166E+02
 -0.159388E+02
 -0.158608E+02
 -0.157811E+02
 -0.156994E+02
 -0.156151E+02
 -0.155307E+02
 -0.154477E+02
 -0.153648E+02
 -0.152785E+02
 -0.151914E+02
 -0.151074E+02
 -0.150250E+02
 -0.149391E+02
 -0.148542E+02
 -0.147723E+02
 -0.146933E+02
 -0.146160E+02
 -0.145380E+02
 -0.144605E+02
 -0.143846E+02
 -0.143103E+02
 -0.142388E+02
 -0.141655E+02
 -0.140943E+02
 -0.140316E+02
 -0.139709E+02
 -0.139050E+02
 -0.138415E+02
 -0.137843E+02
 -0.137301E+02
 -0.136756E+02
 -0.136227E+02
 -0.135723E+02
 -0.135246E+02
 -0.134793E+02
 -0.134372E+02
 -0.133957E+02
 -0.133569E+02
 -0.133237E+02
 -0.132912E+02
 -0.132588E+02
 -0.132313E+02
 -0.132065E+02
 -0.131853E+02
 -0.131644E+02
 -0.131431E+02
 -0.131236E+02
 -0.131052E+02
 -0.130909E+02
 -0.130814E+02
 -0.130715E+02
 -0.130627E+02
 -0.130550E+02
 -0.130486E+02
 -0.130432E+02
 -0.130380E+02
 -0.130349E+02
 -0.130346E+02
 -0.130330E+02
 -0.130308E+02
 -0.130292E+02
 -0.130293E+02
 -0.130296E+02
 -0.130302E+02
 -0.130306E+02
 -0.130291E+02
 -0.130264E+02
 -0.130270E+02
 -0.130280E+02
 -0.130272E+02
 -0.130260E+02
 -0.130255E+02
 -0.130249E+02
 -0.130235E+02
 -0.130210E+02
 -0.130201E+02
 -0.130199E+02
 -0.130175E+02
 -0.130117E+02
 -0.130064E+02
 -0.130042E+02
 -0.130011E+02
 -0.129939E+02
 -0.129882E+02
 -0.129845E+02
 -0.129803E+02
 -0.129757E+02
 -0.129716E+02
 -0.129675E+02
 -0.129664E+02
 -0.129670E+02
 -0.129681E+02
 -0.129711E+02
 -0.129764E+02
 -0.129825E+02
 -0.129903E+02
 -0.130015E+02
 -0.130156E+02
 -0.130292E+02
 -0.130455E+02
 -0.130661E+02
 -0.130894E+02
 -0.131152E+02
 -0.131436E+02
 -0.131721E+02
 -0.132035E+02
 -0.132398E+02
 -0.132761E+02
 -0.133120E+02
 -0.133540E+02
 -0.133992E+02
 -0.134437E+02
 -0.134894E+02
 -0.135390E+02
 -0.135903E+02
 -0.136408E+02
 -0.136896E+02
 -0.137402E+02
 -0.137946E+02
 -0.138488E+02
 -0.138987E+02
 -0.139514E+02
 -0.140064E+02
 -0.140560E+02
 -0.141030E+02
 -0.141531E+02
 -0.142007E+02
 -0.142457E+02
 -0.142901E+02
 -0.143322E+02
 -0.143724E+02
 -0.144107E+02
 -0.144430E+02
 -0.144737E+02
 -0.145029E+02
 -0.145274E+02
 -0.145494E+02
 -0.145714E+02
 -0.145895E+02
 -0.146040E+02
 -0.146166E+02
 -0.146265E+02
 -0.146322E+02
 -0.146352E+02
 -0.146369E+02
 -0.146385E+02
 -0.146373E+02
 -0.146317E+02
 -0.146229E+02
 -0.146157E+02
 -0.146086E+02
 -0.145988E+02
 -0.145875E+02
 -0.145771E+02
 -0.145652E+02
 -0.145537E+02
 -0.145430E+02
 -0.145305E+02
 -0.145152E+02
 -0.144991E+02
 -0.144836E+02
 -0.144711E+02
 -0.144592E+02
 -0.144466E+02
 -0.144311E+02
 -0.144157E+02
 -0.144023E+02
 -0.143868E+02
 -0.143690E+02
 -0.143523E+02
 -0.143370E+02
 -0.143228E+02
 -0.143029E+02
 -0.142843E+02
 -0.142724E+02
 -0.142528E+02
 -0.142271E+02
 -0.142085E+02
 -0.141880E+02
 -0.141646E+02
 -0.141419E+02
 -0.141172E+02
 -0.140935E+02
 -0.140658E+02
 -0.140337E+02
 -0.140100E+02
 -0.139810E+02
 -0.139401E+02
 -0.139039E+02
 -0.138704E+02
 -0.138299E+02
 -0.137881E+02
 -0.137443E+02
 -0.136998E+02
 -0.136566E+02
 -0.136091E+02
 -0.135593E+02
 -0.135092E+02
 -0.134541E+02
 -0.133992E+02
 -0.133447E+02
 -0.132856E+02
 -0.132258E+02
 -0.131690E+02
 -0.131078E+02
 -0.130438E+02
 -0.129802E+02
 -0.129140E+02
 -0.128466E+02
 -0.127778E+02
 -0.127045E+02
 -0.126319E+02
 -0.125587E+02
 -0.124825E+02
 -0.124047E+02
 -0.123246E+02
 -0.122431E+02
 -0.121625E+02
 -0.120774E+02
 -0.119881E+02
 -0.118984E+02
 -0.118080E+02
 -0.117164E+02
 -0.116235E+02
 -0.115267E+02
 -0.114303E+02
 -0.113337E+02
 -0.112344E+02
 -0.111359E+02
 -0.110356E+02
 -0.109309E+02
 -0.108272E+02
 -0.107246E+02
 -0.106197E+02
 -0.105124E+02
 -0.104057E+02
 -0.102985E+02
 -0.101897E+02
 -0.100784E+02
 -0.996801E+01
 -0.985991E+01
 -0.975057E+01
 -0.963893E+01
 -0.952883E+01
 -0.941929E+01
 -0.930787E+01
 -0.919527E+01
 -0.908342E+01
 -0.897152E+01
 -0.885913E+01
 -0.874545E+01
 -0.863182E+01
 -0.851960E+01
 -0.840748E+01
 -0.829365E+01
 -0.817960E+01
 -0.806504E+01
 -0.794986E+01
 -0.783459E+01
 -0.771822E+01
 -0.760008E+01
 -0.748283E+01
 -0.736525E+01
 -0.724403E+01
 -0.712097E+01
 -0.699867E+01
 -0.687461E+01
 -0.674875E+01
 -0.662150E+01
 -0.649154E+01
 -0.636046E+01
 -0.622965E+01
 -0.609685E+01
 -0.596230E+01
 -0.582606E+01
 -0.568742E+01
 -0.554863E+01
 -0.541161E+01
 -0.527343E+01
 -0.513228E+01
 -0.499002E+01
 -0.484782E+01
 -0.470590E+01
 -0.456501E+01
 -0.442252E+01
 -0.427829E+01
 -0.413591E+01
 -0.399404E+01
 -0.385107E+01
 -0.370886E+01
 -0.356578E+01
 -0.342105E+01
 -0.327827E+01
 -0.313664E+01
 -0.299436E+01
 -0.285349E+01
 -0.271375E+01
 -0.257420E+01
 -0.243538E+01
 -0.229631E+01
 -0.215700E+01
 -0.202001E+01
 -0.188565E+01
 -0.175156E+01
 -0.161806E+01
 -0.148565E+01
 -0.135448E+01
 -0.122510E+01
 -0.109573E+01
 -0.966156E+00
 -0.839861E+00
 -0.716176E+00
 -0.593899E+00
 -0.474109E+00
 -0.356601E+00
 -0.240577E+00
 -0.125257E+00
 -0.997925E-02
  0.103328E+00
  0.213593E+00
  0.320918E+00
  0.427269E+00
  0.532173E+00
  0.634197E+00
  0.735523E+00
  0.836548E+00
  0.935109E+00
  0.103159E+01
  0.112501E+01
  0.121779E+01
  0.131095E+01
  0.140144E+01
  0.148810E+01
  0.157215E+01
  0.165531E+01
  0.173778E+01
  0.181700E+01
  0.189393E+01
  0.196898E+01
  0.204167E+01
  0.211053E+01
  0.217611E+01
  0.224052E+01
  0.230379E+01
  0.236282E+01
  0.241798E+01
  0.247134E+01
  0.252275E+01
  0.257172E+01
  0.261871E+01
  0.266145E+01
  0.270147E+01
  0.273906E+01
  0.277319E+01
  0.280552E+01
  0.283645E+01
  0.286413E+01
  0.288921E+01
  0.291068E+01
  0.292913E+01
  0.294507E+01
  0.295821E+01
  0.296831E+01
  0.297578E+01
  0.297896E+01
  0.297776E+01
  0.297377E+01
  0.296760E+01
  0.295667E+01
  0.294228E+01
  0.292528E+01
  0.290540E+01
  0.288345E+01
  0.285883E+01
  0.283031E+01
  0.279928E+01
  0.276454E+01
  0.272684E+01
  0.268758E+01
  0.264680E+01
  0.260365E+01
  0.255887E+01
  0.251131E+01
  0.246178E+01
  0.241129E+01
  0.235974E+01
  0.230752E+01
  0.225491E+01
  0.220038E+01
  0.214481E+01
  0.208817E+01
  0.202995E+01
  0.197110E+01
  0.191308E+01
  0.185397E+01
  0.179459E+01
  0.173622E+01
  0.167652E+01
  0.161459E+01
  0.155332E+01
  0.149167E+01
  0.142855E+01
  0.136422E+01
  0.129823E+01
  0.122980E+01
  0.116073E+01
  0.109008E+01
  0.101675E+01
  0.941868E+00
  0.865374E+00
  0.785643E+00
  0.703613E+00
  0.619576E+00
  0.532876E+00
  0.443234E+00
  0.350965E+00
  0.255352E+00
  0.156904E+00
  0.553524E-01
 -0.490189E-01
 -0.156138E+00
 -0.266743E+00
 -0.381232E+00
 -0.498896E+00
 -0.620320E+00
 -0.745377E+00
 -0.872990E+00
 -0.100265E+01
 -0.113561E+01
 -0.127153E+01
 -0.141018E+01
 -0.155172E+01
 -0.169469E+01
 -0.183903E+01
 -0.198594E+01
 -0.213320E+01
 -0.228141E+01
 -0.243148E+01
 -0.258135E+01
 -0.273180E+01
 -0.288252E+01
 -0.303152E+01
 -0.318020E+01
 -0.332940E+01
 -0.347778E+01
 -0.362352E+01
 -0.376786E+01
 -0.391137E+01
 -0.405246E+01
 -0.419208E+01
 -0.432933E+01
 -0.446310E+01
 -0.459530E+01
 -0.472555E+01
 -0.485348E+01
 -0.498006E+01
 -0.510326E+01
 -0.522245E+01
 -0.533925E+01
 -0.545318E+01
 -0.556419E+01
 -0.567297E+01
 -0.577859E+01
 -0.588167E+01
 -0.598279E+01
 -0.608162E+01
 -0.617778E+01
 -0.627101E+01
 -0.636075E+01
 -0.644773E+01
 -0.653232E+01
 -0.661382E+01
 -0.669268E+01
 -0.677015E+01
 -0.684492E+01
 -0.691680E+01
 -0.698663E+01
 -0.705354E+01
 -0.711745E+01
 -0.718005E+01
 -0.723983E+01
 -0.729661E+01
 -0.735108E+01
 -0.740264E+01
 -0.745145E+01
 -0.749873E+01
 -0.754401E+01
 -0.758666E+01
 -0.762703E+01
 -0.766522E+01
 -0.770026E+01
 -0.773427E+01
 -0.776688E+01
 -0.779620E+01
 -0.782315E+01
 -0.784761E+01
 -0.786901E+01
 -0.788928E+01
 -0.790724E+01
 -0.792248E+01
 -0.793573E+01
 -0.794651E+01
 -0.795412E+01
 -0.795906E+01
 -0.796151E+01
 -0.796186E+01
 -0.795990E+01
 -0.795553E+01
 -0.794795E+01
 -0.793838E+01
 -0.792632E+01
 -0.791061E+01
 -0.789239E+01
 -0.787253E+01
 -0.784952E+01
 -0.782347E+01
 -0.779492E+01
 -0.776363E+01
 -0.772934E+01
 -0.769308E+01
 -0.765367E+01
 -0.761079E+01
 -0.756694E+01
 -0.752169E+01
 -0.747217E+01
 -0.742102E+01
 -0.736786E+01
 -0.731020E+01
 -0.725109E+01
 -0.719172E+01
 -0.712960E+01
 -0.706676E+01
 -0.700366E+01
 -0.693915E+01
 -0.687369E+01
 -0.680626E+01
 -0.673625E+01
 -0.666728E+01
 -0.659974E+01
 -0.653245E+01
 -0.646521E+01
 -0.639685E+01
 -0.632697E+01
 -0.625712E+01
 -0.618817E+01
 -0.612125E+01
 -0.605675E+01
 -0.599278E+01
 -0.592753E+01
 -0.586347E+01
 -0.580251E+01
 -0.574311E+01
 -0.568385E+01
 -0.562532E+01
 -0.556727E+01
 -0.551039E+01
 -0.545717E+01
 -0.540710E+01
 -0.535772E+01
 -0.530914E+01
 -0.526044E+01
 -0.521203E+01
 -0.516654E+01
 -0.512353E+01
 -0.508109E+01
 -0.504001E+01
 -0.500043E+01
 -0.496187E+01
 -0.492504E+01
 -0.488931E+01
 -0.485404E+01
 -0.482086E+01
 -0.478935E+01
 -0.475845E+01
 -0.472924E+01
 -0.470285E+01
 -0.467837E+01
 -0.465596E+01
 -0.463652E+01
 -0.461954E+01
 -0.460500E+01
 -0.459215E+01
 -0.458049E+01
 -0.457103E+01
 -0.456418E+01
 -0.456030E+01
 -0.455916E+01
 -0.456066E+01
 -0.456428E+01
 -0.456951E+01
 -0.457633E+01
 -0.458504E+01
 -0.459626E+01
 -0.460871E+01
 -0.462284E+01
 -0.464149E+01
 -0.466399E+01
 -0.468911E+01
 -0.471596E+01
 -0.474398E+01
 -0.477441E+01
 -0.480759E+01
 -0.484326E+01
 -0.488152E+01
 -0.492148E+01
 -0.496222E+01
 -0.500452E+01
 -0.504914E+01
 -0.509476E+01
 -0.514236E+01
 -0.519218E+01
 -0.524229E+01
 -0.529344E+01
 -0.534673E+01
 -0.540197E+01
 -0.545852E+01
 -0.551542E+01
 -0.557288E+01
 -0.563075E+01
 -0.568950E+01
 -0.575009E+01
 -0.581260E+01
 -0.587633E+01
 -0.594163E+01
 -0.600729E+01
 -0.607286E+01
 -0.613933E+01
 -0.620512E+01
 -0.627045E+01
 -0.633697E+01
 -0.640337E+01
 -0.646948E+01
 -0.653437E+01
 -0.659927E+01
 -0.666398E+01
 -0.672711E+01
 -0.678975E+01
 -0.685203E+01
 -0.691342E+01
 -0.697389E+01
 -0.703348E+01
 -0.709205E+01
 -0.714969E+01
 -0.720811E+01
 -0.726559E+01
 -0.732309E+01
 -0.738214E+01
 -0.744082E+01
 -0.749985E+01
 -0.755997E+01
 -0.761973E+01
 -0.768063E+01
 -0.774147E+01
 -0.780186E+01
 -0.786328E+01
 -0.792531E+01
 -0.798823E+01
 -0.805206E+01
 -0.811560E+01
 -0.817903E+01
 -0.824123E+01
 -0.830415E+01
 -0.836813E+01
 -0.843200E+01
 -0.849613E+01
 -0.855965E+01
 -0.862169E+01
 -0.868389E+01
 -0.874670E+01
 -0.880946E+01
 -0.887012E+01
 -0.892845E+01
 -0.898461E+01
 -0.904045E+01
 -0.909592E+01
 -0.914908E+01
 -0.919971E+01
 -0.924830E+01
 -0.929423E+01
 -0.933798E+01
 -0.937886E+01
 -0.941804E+01
 -0.945492E+01
 -0.948852E+01
 -0.951965E+01
 -0.954948E+01
 -0.957684E+01
 -0.960022E+01
 -0.962012E+01
 -0.963885E+01
 -0.965527E+01
 -0.966984E+01
 -0.968256E+01
 -0.969329E+01
 -0.970286E+01
 -0.971042E+01
 -0.971588E+01
 -0.972118E+01
 -0.972378E+01
 -0.972355E+01
 -0.972300E+01
 -0.972363E+01
 -0.972424E+01
 -0.972357E+01
 -0.972218E+01
 -0.972173E+01
 -0.972010E+01
 -0.971782E+01
 -0.971733E+01
 -0.971793E+01
 -0.971783E+01
 -0.971790E+01
 -0.971867E+01
 -0.972103E+01
 -0.972393E+01
 -0.972767E+01
 -0.973210E+01
 -0.973748E+01
 -0.974404E+01
 -0.975094E+01
 -0.975851E+01
 -0.976832E+01
 -0.977862E+01
 -0.979004E+01
 -0.980243E+01
 -0.981545E+01
 -0.983009E+01
 -0.984647E+01
 -0.986389E+01
 -0.988344E+01
 -0.990447E+01
 -0.992698E+01
 -0.995054E+01
 -0.997591E+01
 -0.100028E+02
 -0.100308E+02
 -0.100595E+02
 -0.100891E+02
 -0.101197E+02
 -0.101525E+02
 -0.101871E+02
 -0.102235E+02
 -0.102608E+02
 -0.102990E+02
 -0.103386E+02
 -0.103798E+02
 -0.104223E+02
 -0.104669E+02
 -0.105125E+02
 -0.105586E+02
 -0.106048E+02
 -0.106526E+02
 -0.107017E+02
 -0.107522E+02
 -0.108044E+02
 -0.108575E+02
 -0.109106E+02
 -0.109653E+02
 -0.110207E+02
 -0.110782E+02
 -0.111378E+02
 -0.111981E+02
 -0.112585E+02
 -0.113207E+02
 -0.113846E+02
 -0.114494E+02
 -0.115151E+02
 -0.115820E+02
 -0.116492E+02
 -0.117175E+02
 -0.117858E+02
 -0.118549E+02
 -0.119249E+02
 -0.119948E+02
 -0.120636E+02
 -0.121320E+02
 -0.121998E+02
 -0.122676E+02
 -0.123346E+02
 -0.124012E+02
 -0.124666E+02
 -0.125303E+02
 -0.125919E+02
 -0.126518E+02
 -0.127099E+02
 -0.127668E+02
 -0.128202E+02
 -0.128709E+02
 -0.129203E+02
 -0.129681E+02
 -0.130136E+02
 -0.130566E+02
 -0.130961E+02
 -0.131335E+02
 -0.131693E+02
 -0.132034E+02
 -0.132351E+02
 -0.132644E+02
 -0.132905E+02
 -0.133155E+02
 -0.133382E+02
 -0.133581E+02
 -0.133755E+02
 -0.133915E+02
 -0.134051E+02
 -0.134157E+02
 -0.134240E+02
 -0.134317E+02
 -0.134366E+02
 -0.134392E+02
 -0.134393E+02
 -0.134378E+02
 -0.134356E+02
 -0.134316E+02
 -0.134256E+02
 -0.134206E+02
 -0.134147E+02
 -0.134071E+02
 -0.133982E+02
 -0.133883E+02
 -0.133771E+02
 -0.133659E+02
 -0.133535E+02
 -0.133400E+02
 -0.133269E+02
 -0.133146E+02
 -0.133006E+02
 -0.132870E+02
 -0.132745E+02
 -0.132608E+02
 -0.132451E+02
 -0.132298E+02
 -0.132142E+02
 -0.131992E+02
 -0.131840E+02
 -0.131679E+02
 -0.131516E+02
 -0.131357E+02
 -0.131179E+02
 -0.130994E+02
 -0.130812E+02
 -0.130624E+02
 -0.130423E+02
 -0.130235E+02
 -0.130049E+02
 -0.129858E+02
 -0.129662E+02
 -0.129462E+02
 -0.129248E+02
 -0.129039E+02
 -0.128820E+02
 -0.128589E+02
 -0.128363E+02
 -0.128142E+02
 -0.127916E+02
 -0.127697E+02
 -0.127474E+02
 -0.127248E+02
 -0.127023E+02
 -0.126800E+02
 -0.126580E+02
 -0.126365E+02
 -0.126129E+02
 -0.125886E+02
 -0.125653E+02
 -0.125423E+02
 -0.125179E+02
 -0.124934E+02
 -0.124691E+02
 -0.124448E+02
 -0.124203E+02
 -0.123957E+02
 -0.123698E+02
 -0.123443E+02
 -0.123182E+02
 -0.122909E+02
 -0.122641E+02
 -0.122388E+02
 -0.122120E+02
 -0.121856E+02
 -0.121598E+02
 -0.121337E+02
 -0.121082E+02
 -0.120832E+02
 -0.120575E+02
 -0.120327E+02
 -0.120079E+02
 -0.119832E+02
 -0.119588E+02
 -0.119352E+02
 -0.119117E+02
 -0.118889E+02
 -0.118657E+02
 -0.118424E+02
 -0.118201E+02
 -0.117985E+02
 -0.117763E+02
 -0.117553E+02
 -0.117351E+02
 -0.117151E+02
 -0.116962E+02
 -0.116782E+02
 -0.116598E+02
 -0.116433E+02
 -0.116280E+02
 -0.116132E+02
 -0.115992E+02
 -0.115858E+02
 -0.115724E+02
 -0.115609E+02
 -0.115510E+02
 -0.115423E+02
 -0.115344E+02
 -0.115273E+02
 -0.115209E+02
 -0.115170E+02
 -0.115147E+02
 -0.115127E+02
 -0.115117E+02
 -0.115122E+02
 -0.115128E+02
 -0.115140E+02
 -0.115156E+02
 -0.115184E+02
 -0.115223E+02
 -0.115268E+02
 -0.115313E+02
 -0.115371E+02
 -0.115435E+02
 -0.115504E+02
 -0.115566E+02
 -0.115637E+02
 -0.115720E+02
 -0.115805E+02
 -0.115893E+02
 -0.115982E+02
 -0.116062E+02
 -0.116142E+02
 -0.116212E+02
 -0.116275E+02
 -0.116338E+02
 -0.116399E+02
 -0.116440E+02
 -0.116470E+02
 -0.116492E+02
 -0.116508E+02
 -0.116511E+02
 -0.116514E+02
 -0.116516E+02
 -0.116511E+02
 -0.116481E+02
 -0.116428E+02
 -0.116370E+02
 -0.116314E+02
 -0.116242E+02
 -0.116169E+02
 -0.116100E+02
 -0.116031E+02
 -0.115953E+02
 -0.115877E+02
 -0.115808E+02
 -0.115755E+02
 -0.115704E+02
 -0.115653E+02
 -0.115603E+02
 -0.115562E+02
 -0.115534E+02
 -0.115524E+02
 -0.115519E+02
 -0.115522E+02
 -0.115535E+02
 -0.115561E+02
 -0.115595E+02
 -0.115647E+02
 -0.115726E+02
 -0.115829E+02
 -0.115945E+02
 -0.116080E+02
 -0.116238E+02
 -0.116432E+02
 -0.116644E+02
 -0.116869E+02
 -0.117115E+02
 -0.117379E+02
 -0.117656E+02
 -0.117962E+02
 -0.118293E+02
 -0.118656E+02
 -0.119036E+02
 -0.119426E+02
 -0.119832E+02
 -0.120257E+02
 -0.120692E+02
 -0.121145E+02
 -0.121610E+02
 -0.122101E+02
 -0.122608E+02
 -0.123122E+02
 -0.123647E+02
 -0.124188E+02
 -0.124740E+02
 -0.125308E+02
 -0.125874E+02
 -0.126453E+02
 -0.127053E+02
 -0.127666E+02
 -0.128285E+02
 -0.128914E+02
 -0.129545E+02
 -0.130188E+02
 -0.130834E+02
 -0.131488E+02
 -0.132160E+02
 -0.132848E+02
 -0.133528E+02
 -0.134215E+02
 -0.134910E+02
 -0.135610E+02
 -0.136305E+02
 -0.137008E+02
 -0.137718E+02
 -0.138432E+02
 -0.139149E+02
 -0.139873E+02
 -0.140595E+02
 -0.141322E+02
 -0.142044E+02
 -0.142771E+02
 -0.143503E+02
 -0.144242E+02
 -0.144979E+02
 -0.145719E+02
 -0.146455E+02
 -0.147194E+02
 -0.147927E+02
 -0.148659E+02
 -0.149390E+02
 -0.150116E+02
 -0.150826E+02
 -0.151534E+02
 -0.152234E+02
 -0.152937E+02
 -0.153627E+02
 -0.154304E+02
 -0.154975E+02
 -0.155638E+02
 -0.156286E+02
 -0.156925E+02
 -0.157544E+02
 -0.158157E+02
 -0.158751E+02
 -0.159332E+02
 -0.159893E+02
 -0.160439E+02
 -0.160958E+02
 -0.161449E+02
 -0.161919E+02
 -0.162375E+02
 -0.162807E+02
 -0.163232E+02
 -0.163643E+02
 -0.164030E+02
 -0.164390E+02
 -0.164726E+02
 -0.165033E+02
 -0.165327E+02
 -0.165601E+02
 -0.165861E+02
 -0.166102E+02
 -0.166332E+02
 -0.166542E+02
 -0.166741E+02
 -0.166925E+02
 -0.167101E+02
 -0.167251E+02
 -0.167391E+02
 -0.167524E+02
 -0.167654E+02
 -0.167775E+02
 -0.167893E+02
 -0.168001E+02
 -0.168115E+02
 -0.168224E+02
 -0.168337E+02
 -0.168445E+02
 -0.168545E+02
 -0.168638E+02
 -0.168743E+02
 -0.168843E+02
 -0.168942E+02
 -0.169040E+02
 -0.169138E+02
 -0.169237E+02
 -0.169342E+02
 -0.169436E+02
 -0.169528E+02
 -0.169617E+02
 -0.169712E+02
 -0.169795E+02
 -0.169869E+02
 -0.169938E+02
 -0.169999E+02
 -0.170043E+02
 -0.170084E+02
 -0.170110E+02
 -0.170132E+02
 -0.170139E+02
 -0.170135E+02
 -0.170123E+02
 -0.170101E+02
 -0.170046E+02
 -0.169975E+02
 -0.169882E+02
 -0.169771E+02
 -0.169636E+02
 -0.169484E+02
 -0.169303E+02
 -0.169096E+02
 -0.168863E+02
 -0.168607E+02
 -0.168315E+02
 -0.167998E+02
 -0.167640E+02
 -0.167262E+02
 -0.166866E+02
 -0.166438E+02
 -0.165973E+02
 -0.165492E+02
 -0.164983E+02
 -0.164444E+02
 -0.163874E+02
 -0.163287E+02
 -0.162677E+02
 -0.162053E+02
 -0.161414E+02
 -0.160763E+02
 -0.160095E+02
 -0.159420E+02
 -0.158731E+02
 -0.158042E+02
 -0.157344E+02
 -0.156628E+02
 -0.155901E+02
 -0.155173E+02
 -0.154430E+02
 -0.153691E+02
 -0.152947E+02
 -0.152205E+02
 -0.151463E+02
 -0.150727E+02
 -0.149990E+02
 -0.149256E+02
 -0.148516E+02
 -0.147779E+02
 -0.147035E+02
 -0.146296E+02
 -0.145555E+02
 -0.144806E+02
 -0.144056E+02
 -0.143312E+02
 -0.142572E+02
 -0.141844E+02
 -0.141107E+02
 -0.140374E+02
 -0.139643E+02
 -0.138901E+02
 -0.138145E+02
 -0.137385E+02
 -0.136617E+02
 -0.135851E+02
 -0.135081E+02
 -0.134313E+02
 -0.133532E+02
 -0.132742E+02
 -0.131937E+02
 -0.131136E+02
 -0.130336E+02
 -0.129517E+02
 -0.128683E+02
 -0.127854E+02
 -0.127010E+02
 -0.126162E+02
 -0.125317E+02
 -0.124469E+02
 -0.123607E+02
 -0.122748E+02
 -0.121883E+02
 -0.121017E+02
 -0.120159E+02
 -0.119295E+02
 -0.118416E+02
 -0.117544E+02
 -0.116666E+02
 -0.115783E+02
 -0.114909E+02
 -0.114041E+02
 -0.113165E+02
 -0.112299E+02
 -0.111428E+02
 -0.110557E+02
 -0.109699E+02
 -0.108848E+02
 -0.107996E+02
 -0.107161E+02
 -0.106329E+02
 -0.105503E+02
 -0.104689E+02
 -0.103877E+02
 -0.103063E+02
 -0.102266E+02
 -0.101481E+02
 -0.100707E+02
 -0.999428E+01
 -0.991912E+01
 -0.984419E+01
 -0.977028E+01
 -0.969711E+01
 -0.962446E+01
 -0.955182E+01
 -0.947980E+01
 -0.940837E+01
 -0.933794E+01
 -0.926745E+01
 -0.919705E+01
 -0.912735E+01
 -0.905760E+01
 -0.898686E+01
 -0.891701E+01
 -0.884809E+01
 -0.878004E+01
 -0.871284E+01
 -0.864653E+01
 -0.858142E+01
 -0.851770E+01
 -0.845385E+01
 -0.839135E+01
 -0.833125E+01
 -0.827281E+01
 -0.821545E+01
 -0.815989E+01
 -0.810598E+01
 -0.805376E+01
 -0.800279E+01
 -0.795428E+01
 -0.790775E+01
 -0.786217E+01
 -0.781850E+01
 -0.777792E+01
 -0.773917E+01
 -0.770259E+01
 -0.766802E+01
 -0.763506E+01
 -0.760413E+01
 -0.757492E+01
 -0.754730E+01
 -0.752269E+01
 -0.750037E+01
 -0.748006E+01
 -0.746153E+01
 -0.744498E+01
 -0.742989E+01
 -0.741649E+01
 -0.740526E+01
 -0.739672E+01
 -0.739080E+01
 -0.738728E+01
 -0.738577E+01
 -0.738627E+01
 -0.738823E+01
 -0.739260E+01
 -0.739881E+01
 -0.740642E+01
 -0.741557E+01
 -0.742668E+01
 -0.744016E+01
 -0.745575E+01
 -0.747216E+01
 -0.748995E+01
 -0.750946E+01
 -0.753007E+01
 -0.755054E+01
 -0.757209E+01
 -0.759511E+01
 -0.761942E+01
 -0.764515E+01
 -0.767169E+01
 -0.769799E+01
 -0.772515E+01
 -0.775285E+01
 -0.778032E+01
 -0.780787E+01
 -0.783596E+01
 -0.786415E+01
 -0.789350E+01
 -0.792337E+01
 -0.795288E+01
 -0.798284E+01
 -0.801343E+01
 -0.804353E+01
 -0.807419E+01
 -0.810454E+01
 -0.813482E+01
 -0.816560E+01
 -0.819596E+01
 -0.822665E+01
 -0.825862E+01
 -0.828959E+01
 -0.832128E+01
 -0.835333E+01
 -0.838397E+01
 -0.841466E+01
 -0.844577E+01
 -0.847706E+01
 -0.850966E+01
 -0.854209E+01
 -0.857507E+01
 -0.860826E+01
 -0.864055E+01
 -0.867232E+01
 -0.870392E+01
 -0.873443E+01
 -0.876378E+01
 -0.879227E+01
 -0.882092E+01
 -0.884814E+01
 -0.887404E+01
 -0.889930E+01
 -0.892294E+01
 -0.894527E+01
 -0.896745E+01
 -0.898672E+01
 -0.900459E+01
 -0.902184E+01
 -0.903691E+01
 -0.905082E+01
 -0.906305E+01
 -0.907195E+01
 -0.907921E+01
 -0.908359E+01
 -0.908564E+01
 -0.908599E+01
 -0.908341E+01
 -0.907854E+01
 -0.907235E+01
 -0.906314E+01
 -0.905060E+01
 -0.903388E+01
 -0.901418E+01
 -0.899175E+01
 -0.896667E+01
 -0.893920E+01
 -0.890927E+01
 -0.887706E+01
 -0.884253E+01
 -0.880431E+01
 -0.876357E+01
 -0.871979E+01
 -0.867273E+01
 -0.862324E+01
 -0.857138E+01
 -0.851657E+01
 -0.845991E+01
 -0.840085E+01
 -0.833950E+01
 -0.827570E+01
 -0.820957E+01
 -0.814178E+01
 -0.807306E+01
 -0.800280E+01
 -0.793142E+01
 -0.785810E+01
 -0.778278E+01
 -0.770570E+01
 -0.762660E+01
 -0.754599E+01
 -0.746444E+01
 -0.738036E+01
 -0.729526E+01
 -0.720983E+01
 -0.712276E+01
 -0.703480E+01
 -0.694654E+01
 -0.685616E+01
 -0.676455E+01
 -0.667279E+01
 -0.657995E+01
 -0.648588E+01
 -0.639120E+01
 -0.629496E+01
 -0.619819E+01
 -0.610135E+01
 -0.600394E+01
 -0.590495E+01
 -0.580445E+01
 -0.570387E+01
 -0.560272E+01
 -0.550012E+01
 -0.539699E+01
 -0.529306E+01
 -0.518868E+01
 -0.508385E+01
 -0.497844E+01
 -0.487236E+01
 -0.476599E+01
 -0.465984E+01
 -0.455336E+01
 -0.444676E+01
 -0.434048E+01
 -0.423393E+01
 -0.412859E+01
 -0.402407E+01
 -0.391915E+01
 -0.381532E+01
 -0.371315E+01
 -0.361174E+01
 -0.351109E+01
 -0.341184E+01
 -0.331352E+01
 -0.321589E+01
 -0.311956E+01
 -0.302429E+01
 -0.293023E+01
 -0.283754E+01
 -0.274685E+01
 -0.265841E+01
 -0.257163E+01
 -0.248696E+01
 -0.240382E+01
 -0.232214E+01
 -0.224215E+01
 -0.216286E+01
 -0.208571E+01
 -0.201121E+01
 -0.193807E+01
 -0.186770E+01
 -0.179922E+01
 -0.173272E+01
 -0.167000E+01
 -0.160902E+01
 -0.155044E+01
 -0.149567E+01
 -0.144244E+01
 -0.139214E+01
 -0.134454E+01
 -0.129849E+01
 -0.125556E+01
 -0.121460E+01
 -0.117564E+01
 -0.113996E+01
 -0.110590E+01
 -0.107486E+01
 -0.104711E+01
 -0.102091E+01
 -0.996744E+00
 -0.974402E+00
 -0.952797E+00
 -0.933065E+00
 -0.915415E+00
 -0.899198E+00
 -0.883912E+00
 -0.869955E+00
 -0.857563E+00
 -0.845986E+00
 -0.835217E+00
 -0.826065E+00
 -0.816648E+00
 -0.807507E+00
 -0.799722E+00
 -0.791644E+00
 -0.783975E+00
 -0.777487E+00
 -0.770355E+00
 -0.763372E+00
 -0.756073E+00
 -0.748062E+00
 -0.740491E+00
 -0.733631E+00
 -0.726782E+00
 -0.719760E+00
 -0.713090E+00
 -0.706454E+00
 -0.698733E+00
 -0.690684E+00
 -0.682332E+00
 -0.674733E+00
 -0.668366E+00
 -0.661327E+00
 -0.653696E+00
 -0.647004E+00
 -0.639892E+00
 -0.632407E+00
 -0.625185E+00
 -0.618561E+00
 -0.612489E+00
 -0.606244E+00
 -0.599195E+00
 -0.592534E+00
 -0.586759E+00
 -0.580456E+00
 -0.573587E+00
 -0.567746E+00
 -0.561950E+00
 -0.555534E+00
 -0.547881E+00
 -0.538783E+00
 -0.529200E+00
 -0.519545E+00
 -0.509447E+00
 -0.499639E+00
 -0.488861E+00
 -0.476384E+00
 -0.463365E+00
 -0.449522E+00
 -0.434047E+00
 -0.418280E+00
 -0.401923E+00
 -0.384858E+00
 -0.367396E+00
 -0.349385E+00
 -0.330917E+00
 -0.312109E+00
 -0.292316E+00
 -0.272294E+00
 -0.252382E+00
 -0.232537E+00
 -0.212673E+00
 -0.193501E+00
 -0.173981E+00
 -0.153209E+00
 -0.132285E+00
 -0.111484E+00
 -0.895572E-01
 -0.680873E-01
 -0.473461E-01
 -0.266528E-01
 -0.653172E-02
  0.134401E-01
  0.334513E-01
  0.527048E-01
  0.728650E-01
  0.939794E-01
  0.114682E+00
  0.134466E+00
  0.154622E+00
  0.174604E+00
  0.193802E+00
  0.213172E+00
  0.232640E+00
  0.250975E+00
  0.269705E+00
  0.289043E+00
  0.307640E+00
  0.325957E+00
  0.344711E+00
  0.361996E+00
  0.378917E+00
  0.396527E+00
  0.413212E+00
  0.428905E+00
  0.445044E+00
  0.460404E+00
  0.474763E+00
  0.488591E+00
  0.502003E+00
  0.515258E+00
  0.529224E+00
  0.542708E+00
  0.555701E+00
  0.568815E+00
  0.581259E+00
  0.592326E+00
  0.602868E+00
  0.612868E+00
  0.622623E+00
  0.631860E+00
  0.640195E+00
  0.647267E+00
  0.654089E+00
  0.660203E+00
  0.665128E+00
  0.668956E+00
  0.671933E+00
  0.673378E+00
  0.672861E+00
  0.670455E+00
  0.667058E+00
  0.662272E+00
  0.656536E+00
  0.649580E+00
  0.640927E+00
  0.630469E+00
  0.618866E+00
  0.605905E+00
  0.591030E+00
  0.573739E+00
  0.553887E+00
  0.530656E+00
  0.505646E+00
  0.479051E+00
  0.449739E+00
  0.418000E+00
  0.384232E+00
  0.347233E+00
  0.307336E+00
  0.264241E+00
  0.217643E+00
  0.168417E+00
  0.116921E+00
  0.616865E-01
  0.341511E-02
 -0.576665E-01
 -0.121735E+00
 -0.188585E+00
 -0.257573E+00
 -0.328668E+00
 -0.401667E+00
 -0.476614E+00
 -0.553808E+00
 -0.633536E+00
 -0.715216E+00
 -0.798618E+00
 -0.883069E+00
 -0.969223E+00
 -0.105713E+01
 -0.114634E+01
 -0.123703E+01
 -0.132914E+01
 -0.142185E+01
 -0.151581E+01
 -0.161126E+01
 -0.170780E+01
 -0.180502E+01
 -0.190174E+01
 -0.199795E+01
 -0.209538E+01
 -0.219370E+01
 -0.229295E+01
 -0.239173E+01
 -0.248864E+01
 -0.258576E+01
 -0.268364E+01
 -0.278150E+01
 -0.287960E+01
 -0.297694E+01
 -0.307346E+01
 -0.316990E+01
 -0.326706E+01
 -0.336443E+01
 -0.346061E+01
 -0.355663E+01
 -0.365268E+01
 -0.374769E+01
 -0.384285E+01
 -0.393824E+01
 -0.403295E+01
 -0.412766E+01
 -0.422225E+01
 -0.431601E+01
 -0.440953E+01
 -0.450342E+01
 -0.459669E+01
 -0.468938E+01
 -0.478235E+01
 -0.487441E+01
 -0.496429E+01
 -0.505291E+01
 -0.514098E+01
 -0.522874E+01
 -0.531500E+01
 -0.539939E+01
 -0.548309E+01
 -0.556617E+01
 -0.564791E+01
 -0.572810E+01
 -0.580703E+01
 -0.588492E+01
 -0.596098E+01
 -0.603615E+01
 -0.611001E+01
 -0.618249E+01
 -0.625411E+01
 -0.632366E+01
 -0.639173E+01
 -0.645970E+01
 -0.652570E+01
 -0.658966E+01
 -0.665346E+01
 -0.671699E+01
 -0.677828E+01
 -0.683824E+01
 -0.689715E+01
 -0.695448E+01
 -0.701125E+01
 -0.706772E+01
 -0.712315E+01
 -0.717910E+01
 -0.723402E+01
 -0.728740E+01
 -0.734074E+01
 -0.739358E+01
 -0.744605E+01
 -0.749860E+01
 -0.754995E+01
 -0.760102E+01
 -0.765261E+01
 -0.770464E+01
 -0.775731E+01
 -0.781153E+01
 -0.786638E+01
 -0.792177E+01
 -0.797790E+01
 -0.803456E+01
 -0.809156E+01
 -0.815006E+01
 -0.820962E+01
 -0.826977E+01
 -0.833057E+01
 -0.839183E+01
 -0.845329E+01
 -0.851633E+01
 -0.858006E+01
 -0.864430E+01
 -0.870969E+01
 -0.877618E+01
 -0.884329E+01
 -0.891097E+01
 -0.897796E+01
 -0.904564E+01
 -0.911480E+01
 -0.918449E+01
 -0.925340E+01
 -0.932209E+01
 -0.939019E+01
 -0.945695E+01
 -0.952261E+01
 -0.958804E+01
 -0.965235E+01
 -0.971612E+01
 -0.977844E+01
 -0.983899E+01
 -0.989837E+01
 -0.995710E+01
 -0.100140E+02
 -0.100695E+02
 -0.101234E+02
 -0.101753E+02
 -0.102248E+02
 -0.102733E+02
 -0.103194E+02
 -0.103635E+02
 -0.104057E+02
 -0.104448E+02
 -0.104812E+02
 -0.105163E+02
 -0.105484E+02
 -0.105787E+02
 -0.106070E+02
 -0.106329E+02
 -0.106561E+02
 -0.106772E+02
 -0.106951E+02
 -0.107099E+02
 -0.107224E+02
 -0.107335E+02
 -0.107412E+02
 -0.107463E+02
 -0.107488E+02
 -0.107480E+02
 -0.107440E+02
 -0.107370E+02
 -0.107265E+02
 -0.107136E+02
 -0.106985E+02
 -0.106813E+02
 -0.106624E+02
 -0.106422E+02
 -0.106190E+02
 -0.105934E+02
 -0.105655E+02
 -0.105367E+02
 -0.105072E+02
 -0.104767E+02
 -0.104449E+02
 -0.104123E+02
 -0.103784E+02
 -0.103444E+02
 -0.103096E+02
 -0.102744E+02
 -0.102382E+02
 -0.102009E+02
 -0.101632E+02
 -0.101262E+02
 -0.100895E+02
 -0.100531E+02
 -0.100163E+02
 -0.998050E+01
 -0.994520E+01
 -0.991003E+01
 -0.987574E+01
 -0.984247E+01
 -0.980919E+01
 -0.977642E+01
 -0.974344E+01
 -0.971141E+01
 -0.968091E+01
 -0.965159E+01
 -0.962332E+01
 -0.959669E+01
 -0.957042E+01
 -0.954403E+01
 -0.951757E+01
 -0.949221E+01
 -0.946704E+01
 -0.944223E+01
 -0.941847E+01
 -0.939571E+01
 -0.937363E+01
 -0.935285E+01
 -0.933228E+01
 -0.931189E+01
 -0.929140E+01
 -0.927040E+01
 -0.924882E+01
 -0.922784E+01
 -0.920650E+01
 -0.918556E+01
 -0.916577E+01
 -0.914681E+01
 -0.912799E+01
 -0.910898E+01
 -0.908928E+01
 -0.907001E+01
 -0.905167E+01
 -0.903363E+01
 -0.901523E+01
 -0.899825E+01
 -0.898203E+01
 -0.896604E+01
 -0.895065E+01
 -0.893591E+01
 -0.892084E+01
 -0.890568E+01
 -0.889005E+01
 -0.887433E+01
 -0.885870E+01
 -0.884328E+01
 -0.882803E+01
 -0.881360E+01
 -0.879880E+01
 -0.878304E+01
 -0.876729E+01
 -0.875266E+01
 -0.873741E+01
 -0.872162E+01
 -0.870549E+01
 -0.868875E+01
 -0.867179E+01
 -0.865506E+01
 -0.863722E+01
 -0.861965E+01
 -0.860130E+01
 -0.858081E+01
 -0.856008E+01
 -0.853877E+01
 -0.851595E+01
 -0.849332E+01
 -0.846953E+01
 -0.844500E+01
 -0.841995E+01
 -0.839374E+01
 -0.836657E+01
 -0.833887E+01
 -0.831028E+01
 -0.828118E+01
 -0.825174E+01
 -0.822286E+01
 -0.819310E+01
 -0.816254E+01
 -0.813207E+01
 -0.810180E+01
 -0.807169E+01
 -0.804157E+01
 -0.801035E+01
 -0.797945E+01
 -0.794881E+01
 -0.791704E+01
 -0.788455E+01
 -0.785226E+01
 -0.781896E+01
 -0.778552E+01
 -0.775159E+01
 -0.771587E+01
 -0.767827E+01
 -0.763929E+01
 -0.759904E+01
 -0.755809E+01
 -0.751529E+01
 -0.747047E+01
 -0.742490E+01
 -0.737923E+01
 -0.733274E+01
 -0.728563E+01
 -0.723727E+01
 -0.718879E+01
 -0.714059E+01
 -0.709151E+01
 -0.704182E+01
 -0.699292E+01
 -0.694395E+01
 -0.689513E+01
 -0.684771E+01
 -0.680158E+01
 -0.675567E+01
 -0.671057E+01
 -0.666587E+01
 -0.662147E+01
 -0.657766E+01
 -0.653456E+01
 -0.649225E+01
 -0.645108E+01
 -0.641046E+01
 -0.637049E+01
 -0.633103E+01
 -0.629256E+01
 -0.625521E+01
 -0.621881E+01
 -0.618339E+01
 -0.614879E+01
 -0.611500E+01
 -0.608241E+01
 -0.604965E+01
 -0.601809E+01
 -0.598843E+01
 -0.595868E+01
 -0.592905E+01
 -0.590068E+01
 -0.587262E+01
 -0.584458E+01
 -0.581671E+01
 -0.578860E+01
 -0.575966E+01
 -0.573185E+01
 -0.570493E+01
 -0.567754E+01
 -0.565037E+01
 -0.562340E+01
 -0.559617E+01
 -0.556922E+01
 -0.554174E+01
 -0.551358E+01
 -0.548609E+01
 -0.545938E+01
 -0.543243E+01
 -0.540641E+01
 -0.538136E+01
 -0.535692E+01
 -0.533323E+01
 -0.530943E+01
 -0.528558E+01
 -0.526274E+01
 -0.524123E+01
 -0.522133E+01
 -0.520217E+01
 -0.518393E+01
 -0.516648E+01
 -0.514878E+01
 -0.513122E+01
 -0.511442E+01
 -0.509828E+01
 -0.508345E+01
 -0.506913E+01
 -0.505443E+01
 -0.503970E+01
 -0.502610E+01
 -0.501332E+01
 -0.500044E+01
 -0.498816E+01
 -0.497701E+01
 -0.496551E+01
 -0.495350E+01
 -0.494117E+01
 -0.492918E+01
 -0.491845E+01
 -0.490863E+01
 -0.489914E+01
 -0.489041E+01
 -0.488259E+01
 -0.487597E+01
 -0.487023E+01
 -0.486521E+01
 -0.486104E+01
 -0.485767E+01
 -0.485505E+01
 -0.485353E+01
 -0.485431E+01
 -0.485704E+01
 -0.486037E+01
 -0.486524E+01
 -0.487135E+01
 -0.487870E+01
 -0.488839E+01
 -0.490088E+01
 -0.491529E+01
 -0.493091E+01
 -0.494791E+01
 -0.496590E+01
 -0.498501E+01
 -0.500559E+01
 -0.502754E+01
 -0.505069E+01
 -0.507444E+01
 -0.509975E+01
 -0.512632E+01
 -0.515366E+01
 -0.518186E+01
 -0.521072E+01
 -0.524095E+01
 -0.527262E+01
 -0.530495E+01
 -0.533834E+01
 -0.537231E+01
 -0.540608E+01
 -0.543975E+01
 -0.547396E+01
 -0.550813E+01
 -0.554260E+01
 -0.557819E+01
 -0.561456E+01
 -0.565023E+01
 -0.568433E+01
 -0.571710E+01
 -0.574856E+01
 -0.577848E+01
 -0.580789E+01
 -0.583631E+01
 -0.586399E+01
 -0.589115E+01
 -0.591674E+01
 -0.593979E+01
 -0.596038E+01
 -0.597925E+01
 -0.599727E+01
 -0.601413E+01
 -0.602988E+01
 -0.604381E+01
 -0.605496E+01
 -0.606304E+01
 -0.606847E+01
 -0.607155E+01
 -0.607226E+01
 -0.607010E+01
 -0.606693E+01
 -0.606250E+01
 -0.605534E+01
 -0.604643E+01
 -0.603518E+01
 -0.602008E+01
 -0.600331E+01
 -0.598477E+01
 -0.596384E+01
 -0.594222E+01
 -0.592009E+01
 -0.589612E+01
 -0.587094E+01
 -0.584446E+01
 -0.581584E+01
 -0.578597E+01
 -0.575545E+01
 -0.572314E+01
 -0.569020E+01
 -0.565698E+01
 -0.562270E+01
 -0.558777E+01
 -0.555230E+01
 -0.551521E+01
 -0.547711E+01
 -0.543822E+01
 -0.539825E+01
 -0.535846E+01
 -0.531955E+01
 -0.528016E+01
 -0.524102E+01
 -0.520188E+01
 -0.516109E+01
 -0.511967E+01
 -0.507850E+01
 -0.503679E+01
 -0.499613E+01
 -0.495683E+01
 -0.491774E+01
 -0.487924E+01
 -0.484108E+01
 -0.480192E+01
 -0.476278E+01
 -0.472480E+01
 -0.468776E+01
 -0.465161E+01
 -0.461673E+01
 -0.458286E+01
 -0.455042E+01
 -0.451977E+01
 -0.449057E+01
 -0.446301E+01
 -0.443631E+01
 -0.440966E+01
 -0.438480E+01
 -0.436173E+01
 -0.433991E+01
 -0.431981E+01
 -0.430097E+01
 -0.428318E+01
 -0.426684E+01
 -0.425148E+01
 -0.423737E+01
 -0.422525E+01
 -0.421502E+01
 -0.420655E+01
 -0.419970E+01
 -0.419412E+01
 -0.418980E+01
 -0.418700E+01
 -0.418556E+01
 -0.418420E+01
 -0.418392E+01
 -0.418564E+01
 -0.418804E+01
 -0.419130E+01
 -0.419537E+01
 -0.419906E+01
 -0.420310E+01
 -0.420772E+01
 -0.421172E+01
 -0.421588E+01
 -0.422200E+01
 -0.422873E+01
 -0.423511E+01
 -0.424176E+01
 -0.424783E+01
 -0.425319E+01
 -0.425841E+01
 -0.426270E+01
 -0.426674E+01
 -0.427198E+01
 -0.427813E+01
 -0.428445E+01
 -0.429092E+01
 -0.429621E+01
 -0.429997E+01
 -0.430379E+01
 -0.430768E+01
 -0.431181E+01
 -0.431726E+01
 -0.432241E+01
 -0.432637E+01
 -0.432998E+01
 -0.433262E+01
 -0.433448E+01
 -0.433680E+01
 -0.433903E+01
 -0.434123E+01
 -0.434389E+01
 -0.434649E+01
 -0.434837E+01
 -0.434994E+01
 -0.435103E+01
 -0.435163E+01
 -0.435284E+01
 -0.435527E+01
 -0.435893E+01
 -0.436281E+01
 -0.436641E+01
 -0.437056E+01
 -0.437440E+01
 -0.437792E+01
 -0.438265E+01
 -0.438913E+01
 -0.439696E+01
 -0.440588E+01
 -0.441509E+01
 -0.442413E+01
 -0.443353E+01
 -0.444318E+01
 -0.445376E+01
 -0.446695E+01
 -0.448193E+01
 -0.449859E+01
 -0.451790E+01
 -0.453874E+01
 -0.456052E+01
 -0.458414E+01
 -0.460920E+01
 -0.463623E+01
 -0.466623E+01
 -0.469844E+01
 -0.473261E+01
 -0.476894E+01
 -0.480678E+01
 -0.484637E+01
 -0.488772E+01
 -0.493039E+01
 -0.497514E+01
 -0.502288E+01
 -0.507292E+01
 -0.512529E+01
 -0.517935E+01
 -0.523420E+01
 -0.529047E+01
 -0.534837E+01
 -0.540734E+01
 -0.546849E+01
 -0.553173E+01
 -0.559604E+01
 -0.566186E+01
 -0.572884E+01
 -0.579561E+01
 -0.586311E+01
 -0.593175E+01
 -0.600111E+01
 -0.607153E+01
 -0.614356E+01
 -0.621658E+01
 -0.629095E+01
 -0.636654E+01
 -0.644185E+01
 -0.651679E+01
 -0.659242E+01
 -0.666764E+01
 -0.674341E+01
 -0.682043E+01
 -0.689736E+01
 -0.697411E+01
 -0.705172E+01
 -0.712902E+01
 -0.720606E+01
 -0.728351E+01
 -0.736097E+01
 -0.743846E+01
 -0.751666E+01
 -0.759475E+01
 -0.767334E+01
 -0.775226E+01
 -0.783077E+01
 -0.790828E+01
 -0.798625E+01
 -0.806521E+01
 -0.814422E+01
 -0.822404E+01
 -0.830519E+01
 -0.838604E+01
 -0.846790E+01
 -0.855006E+01
 -0.863162E+01
 -0.871397E+01
 -0.879681E+01
 -0.887912E+01
 -0.896271E+01
 -0.904664E+01
 -0.913008E+01
 -0.921343E+01
 -0.929662E+01
 -0.937897E+01
 -0.946213E+01
 -0.954548E+01
 -0.962753E+01
 -0.970893E+01
 -0.979043E+01
 -0.987044E+01
 -0.995047E+01
 -0.100308E+02
 -0.101100E+02
 -0.101879E+02
 -0.102654E+02
 -0.103410E+02
 -0.104158E+02
 -0.104895E+02
 -0.105616E+02
 -0.106330E+02
 -0.107032E+02
 -0.107710E+02
 -0.108380E+02
 -0.109035E+02
 -0.109663E+02
 -0.110267E+02
 -0.110854E+02
 -0.111420E+02
 -0.111975E+02
 -0.112513E+02
 -0.113036E+02
 -0.113544E+02
 -0.114048E+02
 -0.114539E+02
 -0.115021E+02
 -0.115494E+02
 -0.115946E+02
 -0.116385E+02
 -0.116829E+02
 -0.117259E+02
 -0.117691E+02
 -0.118125E+02
 -0.118552E+02
 -0.118981E+02
 -0.119405E+02
 -0.119811E+02
 -0.120212E+02
 -0.120610E+02
 -0.121005E+02
 -0.121399E+02
 -0.121808E+02
 -0.122223E+02
 -0.122635E+02
 -0.123044E+02
 -0.123460E+02
 -0.123876E+02
 -0.124308E+02
 -0.124744E+02
 -0.125187E+02
 -0.125641E+02
 -0.126106E+02
 -0.126579E+02
 -0.127060E+02
 -0.127536E+02
 -0.128022E+02
 -0.128519E+02
 -0.129024E+02
 -0.129537E+02
 -0.130058E+02
 -0.130577E+02
 -0.131101E+02
 -0.131628E+02
 -0.132161E+02
 -0.132686E+02
 -0.133220E+02
 -0.133754E+02
 -0.134286E+02
 -0.134822E+02
 -0.135359E+02
 -0.135886E+02
 -0.136415E+02
 -0.136935E+02
 -0.137456E+02
 -0.137977E+02
 -0.138489E+02
 -0.138995E+02
 -0.139506E+02
 -0.140006E+02
 -0.140510E+02
 -0.141013E+02
 -0.141516E+02
 -0.142017E+02
 -0.142521E+02
 -0.143020E+02
 -0.143521E+02
 -0.144024E+02
 -0.144529E+02
 -0.145029E+02
 -0.145551E+02
 -0.146082E+02
 -0.146607E+02
 -0.147134E+02
 -0.147668E+02
 -0.148197E+02
 -0.148734E+02
 -0.149266E+02
 -0.149803E+02
 -0.150344E+02
 -0.150887E+02
 -0.151434E+02
 -0.151985E+02
 -0.152530E+02
 -0.153071E+02
 -0.153599E+02
 -0.154132E+02
 -0.154658E+02
 -0.155176E+02
 -0.155693E+02
 -0.156204E+02
 -0.156699E+02
 -0.157190E+02
 -0.157656E+02
 -0.158108E+02
 -0.158559E+02
 -0.158998E+02
 -0.159422E+02
 -0.159848E+02
 -0.160258E+02
 -0.160661E+02
 -0.161047E+02
 -0.161417E+02
 -0.161762E+02
 -0.162090E+02
 -0.162409E+02
 -0.162725E+02
 -0.163026E+02
 -0.163308E+02
 -0.163559E+02
 -0.163795E+02
 -0.164007E+02
 -0.164199E+02
 -0.164367E+02
 -0.164518E+02
 -0.164645E+02
 -0.164753E+02
 -0.164830E+02
 -0.164882E+02
 -0.164908E+02
 -0.164903E+02
 -0.164866E+02
 -0.164806E+02
 -0.164716E+02
 -0.164607E+02
 -0.164466E+02
 -0.164294E+02
 -0.164087E+02
 -0.163851E+02
 -0.163583E+02
 -0.163302E+02
 -0.163004E+02
 -0.162689E+02
 -0.162341E+02
 -0.161976E+02
 -0.161583E+02
 -0.161168E+02
 -0.160742E+02
 -0.160306E+02
 -0.159851E+02
 -0.159390E+02
 -0.158899E+02
 -0.158399E+02
 -0.157892E+02
 -0.157356E+02
 -0.156803E+02
 -0.156254E+02
 -0.155699E+02
 -0.155159E+02
 -0.154616E+02
 -0.154062E+02
 -0.153511E+02
 -0.152964E+02
 -0.152397E+02
 -0.151839E+02
 -0.151288E+02
 -0.150738E+02
 -0.150198E+02
 -0.149676E+02
 -0.149147E+02
 -0.148616E+02
 -0.148082E+02
 -0.147543E+02
 -0.146997E+02
 -0.146466E+02
 -0.145937E+02
 -0.145417E+02
 -0.144901E+02
 -0.144372E+02
 -0.143828E+02
 -0.143291E+02
 -0.142755E+02
 -0.142225E+02
 -0.141693E+02
 -0.141169E+02
 -0.140636E+02
 -0.140095E+02
 -0.139550E+02
 -0.139000E+02
 -0.138458E+02
 -0.137933E+02
 -0.137400E+02
 -0.136871E+02
 -0.136341E+02
 -0.135805E+02
 -0.135269E+02
 -0.134746E+02
 -0.134222E+02
 -0.133697E+02
 -0.133173E+02
 -0.132653E+02
 -0.132125E+02
 -0.131605E+02
 -0.131093E+02
 -0.130589E+02
 -0.130087E+02
 -0.129589E+02
 -0.129090E+02
 -0.128593E+02
 -0.128092E+02
 -0.127601E+02
 -0.127118E+02
 -0.126638E+02
 -0.126161E+02
 -0.125690E+02
 -0.125207E+02
 -0.124732E+02
 -0.124266E+02
 -0.123799E+02
 -0.123339E+02
 -0.122887E+02
 -0.122421E+02
 -0.121960E+02
 -0.121504E+02
 -0.121049E+02
 -0.120591E+02
 -0.120127E+02
 -0.119649E+02
 -0.119161E+02
 -0.118657E+02
 -0.118142E+02
 -0.117612E+02
 -0.117087E+02
 -0.116566E+02
 -0.116025E+02
 -0.115453E+02
 -0.114875E+02
 -0.114284E+02
 -0.113681E+02
 -0.113070E+02
 -0.112449E+02
 -0.111809E+02
 -0.111166E+02
 -0.110515E+02
 -0.109846E+02
 -0.109156E+02
 -0.108454E+02
 -0.107744E+02
 -0.107038E+02
 -0.106324E+02
 -0.105591E+02
 -0.104843E+02
 -0.104095E+02
 -0.103339E+02
 -0.102584E+02
 -0.101822E+02
 -0.101054E+02
 -0.100283E+02
 -0.995059E+01
 -0.987254E+01
 -0.979592E+01
 -0.971959E+01
 -0.964306E+01
 -0.956712E+01
 -0.949209E+01
 -0.941670E+01
 -0.934181E+01
 -0.926797E+01
 -0.919609E+01
 -0.912576E+01
 -0.905579E+01
 -0.898552E+01
 -0.891732E+01
 -0.885099E+01
 -0.878517E+01
 -0.871991E+01
 -0.865576E+01
 -0.859256E+01
 -0.853107E+01
 -0.847031E+01
 -0.841100E+01
 -0.835325E+01
 -0.829619E+01
 -0.824018E+01
 -0.818588E+01
 -0.813141E+01
 -0.807754E+01
 -0.802555E+01
 -0.797473E+01
 -0.792447E+01
 -0.787583E+01
 -0.782793E+01
 -0.778002E+01
 -0.773192E+01
 -0.768432E+01
 -0.763669E+01
 -0.758995E+01
 -0.754412E+01
 -0.749784E+01
 -0.745137E+01
 -0.740507E+01
 -0.735808E+01
 -0.731114E+01
 -0.726302E+01
 -0.721363E+01
 -0.716355E+01
 -0.711318E+01
 -0.706266E+01
 -0.701178E+01
 -0.695934E+01
 -0.690563E+01
 -0.685153E+01
 -0.679684E+01
 -0.674098E+01
 -0.668553E+01
 -0.662984E+01
 -0.657338E+01
 -0.651695E+01
 -0.645999E+01
 -0.640209E+01
 -0.634460E+01
 -0.628673E+01
 -0.622875E+01
 -0.617119E+01
 -0.611346E+01
 -0.605533E+01
 -0.599702E+01
 -0.593723E+01
 -0.587607E+01
 -0.581465E+01
 -0.575191E+01
 -0.568748E+01
 -0.562387E+01
 -0.555942E+01
 -0.549288E+01
 -0.542612E+01
 -0.535884E+01
 -0.529025E+01
 -0.522137E+01
 -0.515173E+01
 -0.508067E+01
 -0.500896E+01
 -0.493731E+01
 -0.486525E+01
 -0.479370E+01
 -0.472240E+01
 -0.465021E+01
 -0.457784E+01
 -0.450634E+01
 -0.443479E+01
 -0.436345E+01
 -0.429320E+01
 -0.422356E+01
 -0.415449E+01
 -0.408626E+01
 -0.401845E+01
 -0.395108E+01
 -0.388441E+01
 -0.381848E+01
 -0.375326E+01
 -0.368942E+01
 -0.362578E+01
 -0.356211E+01
 -0.349908E+01
 -0.343586E+01
 -0.337309E+01
 -0.331161E+01
 -0.325124E+01
 -0.319181E+01
 -0.313344E+01
 -0.307572E+01
 -0.301806E+01
 -0.296114E+01
 -0.290486E+01
 -0.284942E+01
 -0.279599E+01
 -0.274404E+01
 -0.269293E+01
 -0.264289E+01
 -0.259434E+01
 -0.254757E+01
 -0.250216E+01
 -0.245807E+01
 -0.241609E+01
 -0.237614E+01
 -0.233750E+01
 -0.229986E+01
 -0.226351E+01
 -0.222820E+01
 -0.219417E+01
 -0.216126E+01
 -0.212910E+01
 -0.209789E+01
 -0.206736E+01
 -0.203735E+01
 -0.200795E+01
 -0.197896E+01
 -0.194991E+01
 -0.192053E+01
 -0.189199E+01
 -0.186388E+01
 -0.183546E+01
 -0.180768E+01
 -0.178073E+01
 -0.175409E+01
 -0.172823E+01
 -0.170242E+01
 -0.167581E+01
 -0.164991E+01
 -0.162568E+01
 -0.160196E+01
 -0.157937E+01
 -0.155741E+01
 -0.153476E+01
 -0.151298E+01
 -0.149265E+01
 -0.147217E+01
 -0.145204E+01
 -0.143268E+01
 -0.141383E+01
 -0.139574E+01
 -0.137814E+01
 -0.136002E+01
 -0.134194E+01
 -0.132410E+01
 -0.130598E+01
 -0.128761E+01
 -0.126889E+01
 -0.124953E+01
 -0.123013E+01
 -0.121054E+01
 -0.119006E+01
 -0.116842E+01
 -0.114631E+01
 -0.112355E+01
 -0.110021E+01
 -0.107594E+01
 -0.105039E+01
 -0.102437E+01
 -0.998091E+00
 -0.970216E+00
 -0.940710E+00
 -0.910066E+00
 -0.878531E+00
 -0.846541E+00
 -0.814936E+00
 -0.782675E+00
 -0.748794E+00
 -0.714129E+00
 -0.678913E+00
 -0.641846E+00
 -0.603440E+00
 -0.564288E+00
 -0.523956E+00
 -0.482152E+00
 -0.439648E+00
 -0.396327E+00
 -0.351670E+00
 -0.305450E+00
 -0.258442E+00
 -0.210638E+00
 -0.161912E+00
 -0.112443E+00
 -0.628021E-01
 -0.125356E-01
  0.386899E-01
  0.898023E-01
  0.140396E+00
  0.192032E+00
  0.243122E+00
  0.293062E+00
  0.342733E+00
  0.392260E+00
  0.441709E+00
  0.490954E+00
  0.539680E+00
  0.588527E+00
  0.637269E+00
  0.685330E+00
  0.731669E+00
  0.777172E+00
  0.821792E+00
  0.865138E+00
  0.908155E+00
  0.951422E+00
  0.993709E+00
  0.103538E+01
  0.107566E+01
  0.111411E+01
  0.115154E+01
  0.118787E+01
  0.122202E+01
  0.125525E+01
  0.128764E+01
  0.131797E+01
  0.134677E+01
  0.137534E+01
  0.140252E+01
  0.142818E+01
  0.145205E+01
  0.147446E+01
  0.149630E+01
  0.151778E+01
  0.153778E+01
  0.155746E+01
  0.157684E+01
  0.159513E+01
  0.161237E+01
  0.162899E+01
  0.164418E+01
  0.165886E+01
  0.167319E+01
  0.168729E+01
  0.170159E+01
  0.171595E+01
  0.172968E+01
  0.174306E+01
  0.175581E+01
  0.176822E+01
  0.178025E+01
  0.179291E+01
  0.180647E+01
  0.182093E+01
  0.183520E+01
  0.184916E+01
  0.186301E+01
  0.187742E+01
  0.189114E+01
  0.190457E+01
  0.191859E+01
  0.193186E+01
  0.194446E+01
  0.195781E+01
  0.197047E+01
  0.198295E+01
  0.199429E+01
  0.200433E+01
  0.201350E+01
  0.202132E+01
  0.202827E+01
  0.203499E+01
  0.204039E+01
  0.204434E+01
  0.204637E+01
  0.204723E+01
  0.204612E+01
  0.204382E+01
  0.204201E+01
  0.204016E+01
  0.203662E+01
  0.203222E+01
  0.202746E+01
  0.202280E+01
  0.201749E+01
  0.201148E+01
  0.200551E+01
  0.200028E+01
  0.199509E+01
  0.199042E+01
  0.198540E+01
  0.197963E+01
  0.197382E+01
  0.196814E+01
  0.196117E+01
  0.195382E+01
  0.194687E+01
  0.193973E+01
  0.193228E+01
  0.192529E+01
  0.191674E+01
  0.190744E+01
  0.189805E+01
  0.188820E+01
  0.187816E+01
  0.186809E+01
  0.185751E+01
  0.184674E+01
  0.183547E+01
  0.182383E+01
  0.181259E+01
  0.180280E+01
  0.179313E+01
  0.178407E+01
  0.177600E+01
  0.176910E+01
  0.176354E+01
  0.175918E+01
  0.175671E+01
  0.175712E+01
  0.175835E+01
  0.176080E+01
  0.176580E+01
  0.177349E+01
  0.178287E+01
  0.179422E+01
  0.180695E+01
  0.181981E+01
  0.183421E+01
  0.185165E+01
  0.186990E+01
  0.188960E+01
  0.191027E+01
  0.193155E+01
  0.195473E+01
  0.197997E+01
  0.200582E+01
  0.203245E+01
  0.205976E+01
  0.208787E+01
  0.211658E+01
  0.214638E+01
  0.217660E+01
  0.220748E+01
  0.223916E+01
  0.227103E+01
  0.230278E+01
  0.233602E+01
  0.236923E+01
  0.240217E+01
  0.243619E+01
  0.246958E+01
  0.250236E+01
  0.253722E+01
  0.257097E+01
  0.260403E+01
  0.263784E+01
  0.267029E+01
  0.270221E+01
  0.273552E+01
  0.276808E+01
  0.280090E+01
  0.283434E+01
  0.286733E+01
  0.289972E+01
  0.293157E+01
  0.296260E+01
  0.299347E+01
  0.302361E+01
  0.305392E+01
  0.308287E+01
  0.311067E+01
  0.313831E+01
  0.316489E+01
  0.319037E+01
  0.321479E+01
  0.323761E+01
  0.326018E+01
  0.328110E+01
  0.330109E+01
  0.332046E+01
  0.333890E+01
  0.335607E+01
  0.337227E+01
  0.338686E+01
  0.339906E+01
  0.340924E+01
  0.341855E+01
  0.342531E+01
  0.343003E+01
  0.343279E+01
  0.343382E+01
  0.343353E+01
  0.343246E+01
  0.342939E+01
  0.342414E+01
  0.341730E+01
  0.340875E+01
  0.339755E+01
  0.338516E+01
  0.337072E+01
  0.335424E+01
  0.333654E+01
  0.331768E+01
  0.329674E+01
  0.327418E+01
  0.324964E+01
  0.322338E+01
  0.319545E+01
  0.316614E+01
  0.313487E+01
  0.310232E+01
  0.306757E+01
  0.303012E+01
  0.299069E+01
  0.295055E+01
  0.290873E+01
  0.286491E+01
  0.281892E+01
  0.277108E+01
  0.272102E+01
  0.266950E+01
  0.261591E+01
  0.256076E+01
  0.250317E+01
  0.244249E+01
  0.237999E+01
  0.231596E+01
  0.225025E+01
  0.218424E+01
  0.211600E+01
  0.204601E+01
  0.197515E+01
  0.190279E+01
  0.182897E+01
  0.175487E+01
  0.167956E+01
  0.160292E+01
  0.152572E+01
  0.144818E+01
  0.136999E+01
  0.129206E+01
  0.121317E+01
  0.113374E+01
  0.105434E+01
  0.974112E+00
  0.893850E+00
  0.814262E+00
  0.733965E+00
  0.653809E+00
  0.573393E+00
  0.492927E+00
  0.413474E+00
  0.335195E+00
  0.257796E+00
  0.180775E+00
  0.103305E+00
  0.266843E-01
 -0.490944E-01
 -0.123860E+00
 -0.197219E+00
 -0.269105E+00
 -0.338681E+00
 -0.405788E+00
 -0.471547E+00
 -0.534666E+00
 -0.595218E+00
 -0.653610E+00
 -0.708850E+00
 -0.761014E+00
 -0.811045E+00
 -0.857869E+00
 -0.901142E+00
 -0.941777E+00
 -0.979488E+00
 -0.101350E+01
 -0.104470E+01
 -0.107239E+01
 -0.109592E+01
 -0.111596E+01
 -0.113260E+01
 -0.114586E+01
 -0.115672E+01
 -0.116479E+01
 -0.116994E+01
 -0.117275E+01
 -0.117322E+01
 -0.117068E+01
 -0.116595E+01
 -0.115930E+01
 -0.115034E+01
 -0.113989E+01
 -0.112837E+01
 -0.111466E+01
 -0.109822E+01
 -0.107868E+01
 -0.105702E+01
 -0.103290E+01
 -0.100611E+01
 -0.977741E+00
 -0.947694E+00
 -0.915832E+00
 -0.882861E+00
 -0.848339E+00
 -0.812566E+00
 -0.775810E+00
 -0.738194E+00
 -0.700332E+00
 -0.662635E+00
 -0.624278E+00
 -0.585504E+00
 -0.546273E+00
 -0.506498E+00
 -0.467105E+00
 -0.429099E+00
 -0.391554E+00
 -0.354163E+00
 -0.317563E+00
 -0.281960E+00
 -0.246475E+00
 -0.211648E+00
 -0.177773E+00
 -0.144465E+00
 -0.111042E+00
 -0.778956E-01
 -0.454078E-01
 -0.133526E-01
  0.182621E-01
  0.486381E-01
  0.786350E-01
  0.107783E+00
  0.135552E+00
  0.163454E+00
  0.192422E+00
  0.221489E+00
  0.251633E+00
  0.282290E+00
  0.312347E+00
  0.342955E+00
  0.374919E+00
  0.407337E+00
  0.440430E+00
  0.474566E+00
  0.509779E+00
  0.545028E+00
  0.581069E+00
  0.617967E+00
  0.655716E+00
  0.694386E+00
  0.733599E+00
  0.773057E+00
  0.812615E+00
  0.851509E+00
  0.890456E+00
  0.929152E+00
  0.968410E+00
  0.100876E+01
  0.104938E+01
  0.109021E+01
  0.113188E+01
  0.117292E+01
  0.121442E+01
  0.125699E+01
  0.129911E+01
  0.134161E+01
  0.138548E+01
  0.142874E+01
  0.147237E+01
  0.151665E+01
  0.156106E+01
  0.160587E+01
  0.165152E+01
  0.169766E+01
  0.174441E+01
  0.179135E+01
  0.183870E+01
  0.188597E+01
  0.193325E+01
  0.197982E+01
  0.202607E+01
  0.207215E+01
  0.211768E+01
  0.216264E+01
  0.220739E+01
  0.225084E+01
  0.229369E+01
  0.233537E+01
  0.237510E+01
  0.241344E+01
  0.245101E+01
  0.248653E+01
  0.252128E+01
  0.255522E+01
  0.258751E+01
  0.261845E+01
  0.264802E+01
  0.267541E+01
  0.270262E+01
  0.272935E+01
  0.275404E+01
  0.277713E+01
  0.279858E+01
  0.281645E+01
  0.283363E+01
  0.285034E+01
  0.286441E+01
  0.287634E+01
  0.288739E+01
  0.289656E+01
  0.290406E+01
  0.290986E+01
  0.291426E+01
  0.291694E+01
  0.291818E+01
  0.291725E+01
  0.291439E+01
  0.290998E+01
  0.290475E+01
  0.289771E+01
  0.288887E+01
  0.287762E+01
  0.286442E+01
  0.285052E+01
  0.283569E+01
  0.281878E+01
  0.280053E+01
  0.278006E+01
  0.275887E+01
  0.273739E+01
  0.271415E+01
  0.268904E+01
  0.266306E+01
  0.263562E+01
  0.260781E+01
  0.257989E+01
  0.255094E+01
  0.252022E+01
  0.248899E+01
  0.245629E+01
  0.242241E+01
  0.238891E+01
  0.235551E+01
  0.232122E+01
  0.228684E+01
  0.225106E+01
  0.221374E+01
  0.217538E+01
  0.213699E+01
  0.209856E+01
  0.205901E+01
  0.201666E+01
  0.197352E+01
  0.193047E+01
  0.188544E+01
  0.183772E+01
  0.178928E+01
  0.173999E+01
  0.169020E+01
  0.163974E+01
  0.158823E+01
  0.153578E+01
  0.148235E+01
  0.142736E+01
  0.137198E+01
  0.131679E+01
  0.126215E+01
  0.120653E+01
  0.115093E+01
  0.109563E+01
  0.103879E+01
  0.980984E+00
  0.922920E+00
  0.863625E+00
  0.804131E+00
  0.744059E+00
  0.683779E+00
  0.623083E+00
  0.561138E+00
  0.497530E+00
  0.431824E+00
  0.364748E+00
  0.297815E+00
  0.229277E+00
  0.159214E+00
  0.880661E-01
  0.153382E-01
 -0.591407E-01
 -0.135400E+00
 -0.213524E+00
 -0.292656E+00
 -0.373195E+00
 -0.455600E+00
 -0.538892E+00
 -0.621754E+00
 -0.706206E+00
 -0.792856E+00
 -0.879327E+00
 -0.964709E+00
 -0.105112E+01
 -0.113903E+01
 -0.122719E+01
 -0.131548E+01
 -0.140513E+01
 -0.149451E+01
 -0.158237E+01
 -0.167031E+01
 -0.175798E+01
 -0.184587E+01
 -0.193567E+01
 -0.202472E+01
 -0.211252E+01
 -0.219989E+01
 -0.228684E+01
 -0.237342E+01
 -0.245921E+01
 -0.254531E+01
 -0.263205E+01
 -0.271763E+01
 -0.280152E+01
 -0.288426E+01
 -0.296602E+01
 -0.304658E+01
 -0.312651E+01
 -0.320621E+01
 -0.328550E+01
 -0.336445E+01
 -0.344275E+01
 -0.351987E+01
 -0.359684E+01
 -0.367301E+01
 -0.374669E+01
 -0.382031E+01
 -0.389603E+01
 -0.397195E+01
 -0.404619E+01
 -0.411921E+01
 -0.419135E+01
 -0.426290E+01
 -0.433400E+01
 -0.440378E+01
 -0.447284E+01
 -0.454160E+01
 -0.460907E+01
 -0.467657E+01
 -0.474343E+01
 -0.480730E+01
 -0.486875E+01
 -0.492900E+01
 -0.498895E+01
 -0.504907E+01
 -0.510753E+01
 -0.516402E+01
 -0.522021E+01
 -0.527627E+01
 -0.532996E+01
 -0.538155E+01
 -0.543229E+01
 -0.548193E+01
 -0.553083E+01
 -0.557828E+01
 -0.562329E+01
 -0.566752E+01
 -0.571098E+01
 -0.575231E+01
 -0.579124E+01
 -0.582940E+01
 -0.586682E+01
 -0.590321E+01
 -0.593913E+01
 -0.597384E+01
 -0.600732E+01
 -0.604027E+01
 -0.607252E+01
 -0.610554E+01
 -0.613794E+01
 -0.616807E+01
 -0.619839E+01
 -0.623078E+01
 -0.626322E+01
 -0.629496E+01
 -0.632591E+01
 -0.635614E+01
 -0.638623E+01
 -0.641631E+01
 -0.644502E+01
 -0.647232E+01
 -0.650000E+01
 -0.652850E+01
 -0.655558E+01
 -0.658145E+01
 -0.660655E+01
 -0.663100E+01
 -0.665542E+01
 -0.667910E+01
 -0.670092E+01
 -0.672194E+01
 -0.674199E+01
 -0.676107E+01
 -0.678018E+01
 -0.679867E+01
 -0.681456E+01
 -0.682957E+01
 -0.684430E+01
 -0.685744E+01
 -0.686924E+01
 -0.688001E+01
 -0.688880E+01
 -0.689620E+01
 -0.690231E+01
 -0.690665E+01
 -0.690923E+01
 -0.691060E+01
 -0.690952E+01
 -0.690615E+01
 -0.690096E+01
 -0.689353E+01
 -0.688354E+01
 -0.687124E+01
 -0.685673E+01
 -0.684016E+01
 -0.682089E+01
 -0.679976E+01
 -0.677714E+01
 -0.675224E+01
 -0.672447E+01
 -0.669509E+01
 -0.666417E+01
 -0.663161E+01
 -0.659731E+01
 -0.656121E+01
 -0.652345E+01
 -0.648472E+01
 -0.644477E+01
 -0.640418E+01
 -0.636324E+01
 -0.632216E+01
 -0.628081E+01
 -0.623872E+01
 -0.619615E+01
 -0.615374E+01
 -0.611076E+01
 -0.606875E+01
 -0.602804E+01
 -0.598646E+01
 -0.594437E+01
 -0.590294E+01
 -0.586099E+01
 -0.581966E+01
 -0.577909E+01
 -0.573803E+01
 -0.569760E+01
 -0.565848E+01
 -0.561923E+01
 -0.558060E+01
 -0.554242E+01
 -0.550352E+01
 -0.546511E+01
 -0.542755E+01
 -0.538937E+01
 -0.535185E+01
 -0.531506E+01
 -0.527816E+01
 -0.524262E+01
 -0.520910E+01
 -0.517593E+01
 -0.514369E+01
 -0.511348E+01
 -0.508453E+01
 -0.505682E+01
 -0.503140E+01
 -0.500734E+01
 -0.498454E+01
 -0.496324E+01
 -0.494279E+01
 -0.492344E+01
 -0.490578E+01
 -0.488941E+01
 -0.487463E+01
 -0.486109E+01
 -0.484837E+01
 -0.483682E+01
 -0.482647E+01
 -0.481717E+01
 -0.480941E+01
 -0.480219E+01
 -0.479531E+01
 -0.478951E+01
 -0.478470E+01
 -0.478030E+01
 -0.477666E+01
 -0.477429E+01
 -0.477299E+01
 -0.477273E+01
 -0.477356E+01
 -0.477489E+01
 -0.477821E+01
 -0.478382E+01
 -0.479057E+01
 -0.479861E+01
 -0.480805E+01
 -0.481848E+01
 -0.483016E+01
 -0.484382E+01
 -0.485977E+01
 -0.487686E+01
 -0.489531E+01
 -0.491511E+01
 -0.493648E+01
 -0.495973E+01
 -0.498394E+01
 -0.500948E+01
 -0.503712E+01
 -0.506537E+01
 -0.509405E+01
 -0.512401E+01
 -0.515554E+01
 -0.518841E+01
 -0.522223E+01
 -0.525615E+01
 -0.529027E+01
 -0.532489E+01
 -0.536068E+01
 -0.539741E+01
 -0.543431E+01
 -0.547108E+01
 -0.550799E+01
 -0.554540E+01
 -0.558331E+01
 -0.562045E+01
 -0.565676E+01
 -0.569240E+01
 -0.572704E+01
 -0.576020E+01
 -0.579234E+01
 -0.582319E+01
 -0.585213E+01
 -0.587920E+01
 -0.590485E+01
 -0.592900E+01
 -0.595172E+01
 -0.597235E+01
 -0.599053E+01
 -0.600559E+01
 -0.601800E+01
 -0.602866E+01
 -0.603825E+01
 -0.604657E+01
 -0.605323E+01
 -0.605779E+01
 -0.606048E+01
 -0.606072E+01
 -0.605876E+01
 -0.605476E+01
 -0.604816E+01
 -0.603905E+01
 -0.602860E+01
 -0.601674E+01
 -0.600311E+01
 -0.598726E+01
 -0.596981E+01
 -0.595045E+01
 -0.592891E+01
 -0.590609E+01
 -0.588205E+01
 -0.585591E+01
 -0.582810E+01
 -0.579829E+01
 -0.576716E+01
 -0.573536E+01
 -0.570150E+01
 -0.566527E+01
 -0.562852E+01
 -0.559054E+01
 -0.555083E+01
 -0.551007E+01
 -0.546822E+01
 -0.542442E+01
 -0.537860E+01
 -0.533053E+01
 -0.528053E+01
 -0.522914E+01
 -0.517677E+01
 -0.512324E+01
 -0.506804E+01
 -0.501073E+01
 -0.495238E+01
 -0.489236E+01
 -0.482997E+01
 -0.476634E+01
 -0.470139E+01
 -0.463487E+01
 -0.456746E+01
 -0.449871E+01
 -0.442858E+01
 -0.435660E+01
 -0.428223E+01
 -0.420570E+01
 -0.412762E+01
 -0.404830E+01
 -0.396764E+01
 -0.388572E+01
 -0.380254E+01
 -0.371777E+01
 -0.363211E+01
 -0.354539E+01
 -0.345785E+01
 -0.337008E+01
 -0.328137E+01
 -0.319209E+01
 -0.310244E+01
 -0.301178E+01
 -0.291997E+01
 -0.282720E+01
 -0.273418E+01
 -0.264123E+01
 -0.254791E+01
 -0.245409E+01
 -0.236034E+01
 -0.226713E+01
 -0.217402E+01
 -0.208062E+01
 -0.198669E+01
 -0.189265E+01
 -0.179905E+01
 -0.170603E+01
 -0.161350E+01
 -0.152186E+01
 -0.143087E+01
 -0.134008E+01
 -0.124919E+01
 -0.115826E+01
 -0.106793E+01
 -0.978131E+00
 -0.887417E+00
 -0.796494E+00
 -0.706038E+00
 -0.615411E+00
 -0.525051E+00
 -0.435961E+00
 -0.346690E+00
 -0.257044E+00
 -0.168136E+00
 -0.792871E-01
  0.102100E-01
  0.994635E-01
  0.188890E+00
  0.277465E+00
  0.364581E+00
  0.451374E+00
  0.537622E+00
  0.622630E+00
  0.708415E+00
  0.794600E+00
  0.879878E+00
  0.964695E+00
  0.104925E+01
  0.113262E+01
  0.121565E+01
  0.129792E+01
  0.137952E+01
  0.146083E+01
  0.154183E+01
  0.162214E+01
  0.170155E+01
  0.177924E+01
  0.185609E+01
  0.193219E+01
  0.200810E+01
  0.208404E+01
  0.215987E+01
  0.223556E+01
  0.231163E+01
  0.238726E+01
  0.246307E+01
  0.253902E+01
  0.261509E+01
  0.269032E+01
  0.276448E+01
  0.283891E+01
  0.291385E+01
  0.298736E+01
  0.306026E+01
  0.313228E+01
  0.320353E+01
  0.327391E+01
  0.334376E+01
  0.341347E+01
  0.348266E+01
  0.355021E+01
  0.361707E+01
  0.368274E+01
  0.374856E+01
  0.381400E+01
  0.387783E+01
  0.394113E+01
  0.400461E+01
  0.406690E+01
  0.412864E+01
  0.418932E+01
  0.425003E+01
  0.431088E+01
  0.437112E+01
  0.443041E+01
  0.448975E+01
  0.454854E+01
  0.460677E+01
  0.466400E+01
  0.472092E+01
  0.477728E+01
  0.483402E+01
  0.489110E+01
  0.494818E+01
  0.500454E+01
  0.506043E+01
  0.511504E+01
  0.516875E+01
  0.522196E+01
  0.527508E+01
  0.532677E+01
  0.537822E+01
  0.542936E+01
  0.548024E+01
  0.553035E+01
  0.558027E+01
  0.563009E+01
  0.567988E+01
  0.572928E+01
  0.577939E+01
  0.582963E+01
  0.588059E+01
  0.593189E+01
  0.598388E+01
  0.603623E+01
  0.608917E+01
  0.614206E+01
  0.619628E+01
  0.625170E+01
  0.630798E+01
  0.636412E+01
  0.642074E+01
  0.647742E+01
  0.653349E+01
  0.658859E+01
  0.664412E+01
  0.670011E+01
  0.675673E+01
  0.681215E+01
  0.686768E+01
  0.692309E+01
  0.697775E+01
  0.703140E+01
  0.708522E+01
  0.713916E+01
  0.719314E+01
  0.724655E+01
  0.730134E+01
  0.735638E+01
  0.740998E+01
  0.746260E+01
  0.751610E+01
  0.756936E+01
  0.762352E+01
  0.767772E+01
  0.773281E+01
  0.778878E+01
  0.784506E+01
  0.790093E+01
  0.795721E+01
  0.801384E+01
  0.807118E+01
  0.812827E+01
  0.818669E+01
  0.824562E+01
  0.830475E+01
  0.836368E+01
  0.842197E+01
  0.847903E+01
  0.853685E+01
  0.859418E+01
  0.865190E+01
  0.870964E+01
  0.876648E+01
  0.882207E+01
  0.887750E+01
  0.893163E+01
  0.898493E+01
  0.903668E+01
  0.908715E+01
  0.913569E+01
  0.918274E+01
  0.922753E+01
  0.927135E+01
  0.931377E+01
  0.935530E+01
  0.939431E+01
  0.943068E+01
  0.946449E+01
  0.949570E+01
  0.952390E+01
  0.955053E+01
  0.957418E+01
  0.959618E+01
  0.961562E+01
  0.963264E+01
  0.964732E+01
  0.965926E+01
  0.966794E+01
  0.967547E+01
  0.968046E+01
  0.968249E+01
  0.968133E+01
  0.967782E+01
  0.967116E+01
  0.966244E+01
  0.965167E+01
  0.963953E+01
  0.962423E+01
  0.960575E+01
  0.958434E+01
  0.956236E+01
  0.953869E+01
  0.951314E+01
  0.948581E+01
  0.945723E+01
  0.942689E+01
  0.939555E+01
  0.936160E+01
  0.932627E+01
  0.928913E+01
  0.925029E+01
  0.920914E+01
  0.916720E+01
  0.912433E+01
  0.908004E+01
  0.903344E+01
  0.898640E+01
  0.893745E+01
  0.888681E+01
  0.883526E+01
  0.878240E+01
  0.872753E+01
  0.867239E+01
  0.861510E+01
  0.855722E+01
  0.849869E+01
  0.843793E+01
  0.837490E+01
  0.831109E+01
  0.824582E+01
  0.818051E+01
  0.811317E+01
  0.804381E+01
  0.797282E+01
  0.789993E+01
  0.782446E+01
  0.774805E+01
  0.767019E+01
  0.759073E+01
  0.750975E+01
  0.742878E+01
  0.734571E+01
  0.726100E+01
  0.717475E+01
  0.708690E+01
  0.699806E+01
  0.690859E+01
  0.681655E+01
  0.672411E+01
  0.663090E+01
  0.653572E+01
  0.643916E+01
  0.634231E+01
  0.624343E+01
  0.614322E+01
  0.604177E+01
  0.593976E+01
  0.583674E+01
  0.573277E+01
  0.562727E+01
  0.552126E+01
  0.541415E+01
  0.530515E+01
  0.519404E+01
  0.508291E+01
  0.497087E+01
  0.485779E+01
  0.474366E+01
  0.462822E+01
  0.451094E+01
  0.439301E+01
  0.427339E+01
  0.415227E+01
  0.402946E+01
  0.390496E+01
  0.377891E+01
  0.365198E+01
  0.352246E+01
  0.339140E+01
  0.325851E+01
  0.312344E+01
  0.298757E+01
  0.285049E+01
  0.271193E+01
  0.257334E+01
  0.243249E+01
  0.229049E+01
  0.214731E+01
  0.200239E+01
  0.185645E+01
  0.170949E+01
  0.156096E+01
  0.141162E+01
  0.126167E+01
  0.111127E+01
  0.959147E+00
  0.805956E+00
  0.651467E+00
  0.495505E+00
  0.338303E+00
  0.180163E+00
  0.205746E-01
 -0.140941E+00
 -0.304252E+00
 -0.468287E+00
 -0.634253E+00
 -0.802456E+00
 -0.972259E+00
 -0.114335E+01
 -0.131594E+01
 -0.149012E+01
 -0.166572E+01
 -0.184173E+01
 -0.201857E+01
 -0.219611E+01
 -0.237359E+01
 -0.255052E+01
 -0.272659E+01
 -0.290208E+01
 -0.307754E+01
 -0.325222E+01
 -0.342573E+01
 -0.359827E+01
 -0.376973E+01
 -0.394053E+01
 -0.411101E+01
 -0.428070E+01
 -0.444928E+01
 -0.461668E+01
 -0.478324E+01
 -0.494941E+01
 -0.511468E+01
 -0.527953E+01
 -0.544436E+01
 -0.560836E+01
 -0.577163E+01
 -0.593508E+01
 -0.609843E+01
 -0.626152E+01
 -0.642513E+01
 -0.658864E+01
 -0.675090E+01
 -0.691375E+01
 -0.707628E+01
 -0.723775E+01
 -0.739945E+01
 -0.756066E+01
 -0.772125E+01
 -0.788205E+01
 -0.804276E+01
 -0.820382E+01
 -0.836425E+01
 -0.852509E+01
 -0.868652E+01
 -0.884710E+01
 -0.900623E+01
 -0.916572E+01
 -0.932576E+01
 -0.948471E+01
 -0.964274E+01
 -0.980129E+01
 -0.995922E+01
 -0.101173E+02
 -0.102753E+02
 -0.104328E+02
 -0.105898E+02
 -0.107467E+02
 -0.109025E+02
 -0.110579E+02
 -0.112126E+02
 -0.113657E+02
 -0.115170E+02
 -0.116680E+02
 -0.118178E+02
 -0.119665E+02
 -0.121135E+02
 -0.122586E+02
 -0.124022E+02
 -0.125442E+02
 -0.126836E+02
 -0.128214E+02
 -0.129572E+02
 -0.130900E+02
 -0.132201E+02
 -0.133484E+02
 -0.134729E+02
 -0.135943E+02
 -0.137129E+02
 -0.138281E+02
 -0.139399E+02
 -0.140490E+02
 -0.141537E+02
 -0.142557E+02
 -0.143549E+02
 -0.144500E+02
 -0.145409E+02
 -0.146292E+02
 -0.147130E+02
 -0.147934E+02
 -0.148699E+02
 -0.149422E+02
 -0.150105E+02
 -0.150756E+02
 -0.151367E+02
 -0.151943E+02
 -0.152481E+02
 -0.152989E+02
 -0.153453E+02
 -0.153882E+02
 -0.154277E+02
 -0.154634E+02
 -0.154946E+02
 -0.155223E+02
 -0.155466E+02
 -0.155674E+02
 -0.155835E+02
 -0.155956E+02
 -0.156032E+02
 -0.156068E+02
 -0.156055E+02
 -0.156006E+02
 -0.155915E+02
 -0.155780E+02
 -0.155597E+02
 -0.155372E+02
 -0.155114E+02
 -0.154826E+02
 -0.154494E+02
 -0.154133E+02
 -0.153733E+02
 -0.153291E+02
 -0.152809E+02
 -0.152307E+02
 -0.151781E+02
 -0.151231E+02
 -0.150656E+02
 -0.150060E+02
 -0.149436E+02
 -0.148796E+02
 -0.148135E+02
 -0.147467E+02
 -0.146788E+02
 -0.146082E+02
 -0.145357E+02
 -0.144630E+02
 -0.143886E+02
 -0.143139E+02
 -0.142382E+02
 -0.141618E+02
 -0.140852E+02
 -0.140079E+02
 -0.139295E+02
 -0.138517E+02
 -0.137734E+02
 -0.136953E+02
 -0.136175E+02
 -0.135400E+02
 -0.134626E+02
 -0.133859E+02
 -0.133094E+02
 -0.132343E+02
 -0.131601E+02
 -0.130876E+02
 -0.130160E+02
 -0.129459E+02
 -0.128776E+02
 -0.128117E+02
 -0.127476E+02
 -0.126853E+02
 -0.126244E+02
 -0.125665E+02
 -0.125109E+02
 -0.124578E+02
 -0.124069E+02
 -0.123576E+02
 -0.123103E+02
 -0.122655E+02
 -0.122228E+02
 -0.121830E+02
 -0.121461E+02
 -0.121123E+02
 -0.120810E+02
 -0.120523E+02
 -0.120254E+02
 -0.120013E+02
 -0.119799E+02
 -0.119612E+02
 -0.119445E+02
 -0.119302E+02
 -0.119180E+02
 -0.119081E+02
 -0.118996E+02
 -0.118937E+02
 -0.118898E+02
 -0.118874E+02
 -0.118862E+02
 -0.118864E+02
 -0.118872E+02
 -0.118895E+02
 -0.118926E+02
 -0.118965E+02
 -0.119008E+02
 -0.119057E+02
 -0.119099E+02
 -0.119144E+02
 -0.119195E+02
 -0.119242E+02
 -0.119282E+02
 -0.119329E+02
 -0.119369E+02
 -0.119405E+02
 -0.119437E+02
 -0.119469E+02
 -0.119490E+02
 -0.119510E+02
 -0.119533E+02
 -0.119563E+02
 -0.119592E+02
 -0.119627E+02
 -0.119658E+02
 -0.119689E+02
 -0.119716E+02
 -0.119738E+02
 -0.119754E+02
 -0.119772E+02
 -0.119784E+02
 -0.119795E+02
 -0.119796E+02
 -0.119785E+02
 -0.119766E+02
 -0.119736E+02
 -0.119695E+02
 -0.119658E+02
 -0.119608E+02
 -0.119546E+02
 -0.119471E+02
 -0.119383E+02
 -0.119284E+02
 -0.119182E+02
 -0.119064E+02
 -0.118935E+02
 -0.118792E+02
 -0.118627E+02
 -0.118441E+02
 -0.118252E+02
 -0.118053E+02
 -0.117841E+02
 -0.117612E+02
 -0.117376E+02
 -0.117131E+02
 -0.116878E+02
 -0.116612E+02
 -0.116340E+02
 -0.116060E+02
 -0.115779E+02
 -0.115491E+02
 -0.115194E+02
 -0.114888E+02
 -0.114582E+02
 -0.114261E+02
 -0.113933E+02
 -0.113601E+02
 -0.113259E+02
 -0.112906E+02
 -0.112552E+02
 -0.112186E+02
 -0.111818E+02
 -0.111444E+02
 -0.111056E+02
 -0.110658E+02
 -0.110253E+02
 -0.109830E+02
 -0.109397E+02
 -0.108954E+02
 -0.108505E+02
 -0.108041E+02
 -0.107564E+02
 -0.107077E+02
 -0.106575E+02
 -0.106058E+02
 -0.105530E+02
 -0.104982E+02
 -0.104424E+02
 -0.103849E+02
 -0.103262E+02
 -0.102668E+02
 -0.102065E+02
 -0.101450E+02
 -0.100830E+02
 -0.100202E+02
 -0.995667E+01
 -0.989190E+01
 -0.982586E+01
 -0.975811E+01
 -0.968936E+01
 -0.961967E+01
 -0.954919E+01
 -0.947846E+01
 -0.940772E+01
 -0.933591E+01
 -0.926414E+01
 -0.919141E+01
 -0.911711E+01
 -0.904255E+01
 -0.896800E+01
 -0.889270E+01
 -0.881820E+01
 -0.874375E+01
 -0.866973E+01
 -0.859644E+01
 -0.852256E+01
 -0.844849E+01
 -0.837577E+01
 -0.830353E+01
 -0.823217E+01
 -0.816173E+01
 -0.809230E+01
 -0.802370E+01
 -0.795604E+01
 -0.788888E+01
 -0.782325E+01
 -0.775920E+01
 -0.769521E+01
 -0.763117E+01
 -0.756913E+01
 -0.750875E+01
 -0.744940E+01
 -0.739103E+01
 -0.733430E+01
 -0.727898E+01
 -0.722512E+01
 -0.717235E+01
 -0.712085E+01
 -0.707074E+01
 -0.702127E+01
 -0.697225E+01
 -0.692446E+01
 -0.687714E+01
 -0.683147E+01
 -0.678794E+01
 -0.674532E+01
 -0.670337E+01
 -0.666238E+01
 -0.662229E+01
 -0.658425E+01
 -0.654698E+01
 -0.650967E+01
 -0.647376E+01
 -0.643968E+01
 -0.640637E+01
 -0.637427E+01
 -0.634376E+01
 -0.631492E+01
 -0.628729E+01
 -0.626062E+01
 -0.623440E+01
 -0.620959E+01
 -0.618682E+01
 -0.616517E+01
 -0.614433E+01
 -0.612532E+01
 -0.610762E+01
 -0.609079E+01
 -0.607486E+01
 -0.606009E+01
 -0.604681E+01
 -0.603583E+01
 -0.602595E+01
 -0.601639E+01
 -0.600849E+01
 -0.600243E+01
 -0.599725E+01
 -0.599337E+01
 -0.599061E+01
 -0.598869E+01
 -0.598765E+01
 -0.598910E+01
 -0.599329E+01
 -0.599843E+01
 -0.600466E+01
 -0.601297E+01
 -0.602243E+01
 -0.603340E+01
 -0.604581E+01
 -0.606014E+01
 -0.607663E+01
 -0.609420E+01
 -0.611337E+01
 -0.613558E+01
 -0.615990E+01
 -0.618665E+01
 -0.621697E+01
 -0.624972E+01
 -0.628373E+01
 -0.632093E+01
 -0.636057E+01
 -0.640150E+01
 -0.644599E+01
 -0.649342E+01
 -0.654180E+01
 -0.659294E+01
 -0.664600E+01
 -0.670016E+01
 -0.675676E+01
 -0.681545E+01
 -0.687599E+01
 -0.693972E+01
 -0.700518E+01
 -0.707135E+01
 -0.713926E+01
 -0.720884E+01
 -0.727896E+01
 -0.735131E+01
 -0.742620E+01
 -0.750276E+01
 -0.758203E+01
 -0.766397E+01
 -0.774687E+01
 -0.783216E+01
 -0.791945E+01
 -0.800803E+01
 -0.809886E+01
 -0.819125E+01
 -0.828461E+01
 -0.838083E+01
 -0.847879E+01
 -0.857773E+01
 -0.867751E+01
 -0.877807E+01
 -0.887900E+01
 -0.898059E+01
 -0.908245E+01
 -0.918453E+01
 -0.928755E+01
 -0.939153E+01
 -0.949512E+01
 -0.959954E+01
 -0.970390E+01
 -0.980761E+01
 -0.991092E+01
 -0.100143E+02
 -0.101178E+02
 -0.102218E+02
 -0.103259E+02
 -0.104303E+02
 -0.105339E+02
 -0.106367E+02
 -0.107387E+02
 -0.108403E+02
 -0.109408E+02
 -0.110403E+02
 -0.111382E+02
 -0.112356E+02
 -0.113321E+02
 -0.114274E+02
 -0.115215E+02
 -0.116153E+02
 -0.117077E+02
 -0.117986E+02
 -0.118882E+02
 -0.119771E+02
 -0.120642E+02
 -0.121500E+02
 -0.122347E+02
 -0.123191E+02
 -0.124024E+02
 -0.124854E+02
 -0.125677E+02
 -0.126495E+02
 -0.127304E+02
 -0.128110E+02
 -0.128905E+02
 -0.129697E+02
 -0.130487E+02
 -0.131284E+02
 -0.132076E+02
 -0.132868E+02
 -0.133668E+02
 -0.134470E+02
 -0.135270E+02
 -0.136084E+02
 -0.136901E+02
 -0.137727E+02
 -0.138558E+02
 -0.139391E+02
 -0.140220E+02
 -0.141051E+02
 -0.141879E+02
 -0.142723E+02
 -0.143578E+02
 -0.144431E+02
 -0.145276E+02
 -0.146127E+02
 -0.146976E+02
 -0.147830E+02
 -0.148674E+02
 -0.149517E+02
 -0.150362E+02
 -0.151205E+02
 -0.152035E+02
 -0.152869E+02
 -0.153686E+02
 -0.154482E+02
 -0.155273E+02
 -0.156065E+02
 -0.156847E+02
 -0.157631E+02
 -0.158398E+02
 -0.159160E+02
 -0.159914E+02
 -0.160658E+02
 -0.161394E+02
 -0.162128E+02
 -0.162846E+02
 -0.163563E+02
 -0.164271E+02
 -0.164975E+02
 -0.165663E+02
 -0.166331E+02
 -0.166978E+02
 -0.167619E+02
 -0.168248E+02
 -0.168868E+02
 -0.169465E+02
 -0.170048E+02
 -0.170609E+02
 -0.171152E+02
 -0.171671E+02
 -0.172172E+02
 -0.172655E+02
 -0.173127E+02
 -0.173573E+02
 -0.174000E+02
 -0.174402E+02
 -0.174788E+02
 -0.175151E+02
 -0.175496E+02
 -0.175825E+02
 -0.176151E+02
 -0.176458E+02
 -0.176757E+02
 -0.177052E+02
 -0.177338E+02
 -0.177602E+02
 -0.177857E+02
 -0.178105E+02
 -0.178348E+02
 -0.178578E+02
 -0.178812E+02
 -0.179041E+02
 -0.179260E+02
 -0.179460E+02
 -0.179654E+02
 -0.179835E+02
 -0.180023E+02
 -0.180208E+02
 -0.180400E+02
 -0.180592E+02
 -0.180782E+02
 -0.180970E+02
 -0.181171E+02
 -0.181362E+02
 -0.181551E+02
 -0.181740E+02
 -0.181947E+02
 -0.182165E+02
 -0.182387E+02
 -0.182613E+02
 -0.182855E+02
 -0.183096E+02
 -0.183350E+02
 -0.183611E+02
 -0.183881E+02
 -0.184164E+02
 -0.184459E+02
 -0.184756E+02
 -0.185075E+02
 -0.185403E+02
 -0.185747E+02
 -0.186103E+02
 -0.186481E+02
 -0.186865E+02
 -0.187260E+02
 -0.187674E+02
 -0.188109E+02
 -0.188551E+02
 -0.189017E+02
 -0.189486E+02
 -0.189968E+02
 -0.190471E+02
 -0.190986E+02
 -0.191514E+02
 -0.192068E+02
 -0.192627E+02
 -0.193201E+02
 -0.193788E+02
 -0.194395E+02
 -0.195003E+02
 -0.195618E+02
 -0.196241E+02
 -0.196885E+02
 -0.197540E+02
 -0.198212E+02
 -0.198887E+02
 -0.199582E+02
 -0.200294E+02
 -0.201019E+02
 -0.201746E+02
 -0.202489E+02
 -0.203235E+02
 -0.203989E+02
 -0.204747E+02
 -0.205521E+02
 -0.206302E+02
 -0.207090E+02
 -0.207873E+02
 -0.208660E+02
 -0.209441E+02
 -0.210224E+02
 -0.210994E+02
 -0.211768E+02
 -0.212537E+02
 -0.213297E+02
 -0.214038E+02
 -0.214772E+02
 -0.215496E+02
 -0.216216E+02
 -0.216912E+02
 -0.217605E+02
 -0.218291E+02
 -0.218959E+02
 -0.219603E+02
 -0.220242E+02
 -0.220860E+02
 -0.221461E+02
 -0.222041E+02
 -0.222609E+02
 -0.223155E+02
 -0.223688E+02
 -0.224197E+02
 -0.224693E+02
 -0.225166E+02
 -0.225621E+02
 -0.226050E+02
 -0.226468E+02
 -0.226855E+02
 -0.227223E+02
 -0.227569E+02
 -0.227891E+02
 -0.228185E+02
 -0.228464E+02
 -0.228706E+02
 -0.228938E+02
 -0.229151E+02
 -0.229335E+02
 -0.229486E+02
 -0.229617E+02
 -0.229709E+02
 -0.229787E+02
 -0.229843E+02
 -0.229880E+02
 -0.229902E+02
 -0.229908E+02
 -0.229877E+02
 -0.229834E+02
 -0.229771E+02
 -0.229697E+02
 -0.229604E+02
 -0.229501E+02
 -0.229383E+02
 -0.229255E+02
 -0.229108E+02
 -0.228958E+02
 -0.228787E+02
 -0.228599E+02
 -0.228388E+02
 -0.228173E+02
 -0.227948E+02
 -0.227713E+02
 -0.227460E+02
 -0.227198E+02
 -0.226913E+02
 -0.226625E+02
 -0.226313E+02
 -0.225979E+02
 -0.225634E+02
 -0.225281E+02
 -0.224893E+02
 -0.224501E+02
 -0.224098E+02
 -0.223677E+02
 -0.223223E+02
 -0.222749E+02
 -0.222243E+02
 -0.221726E+02
 -0.221198E+02
 -0.220662E+02
 -0.220108E+02
 -0.219543E+02
 -0.218939E+02
 -0.218321E+02
 -0.217694E+02
 -0.217049E+02
 -0.216385E+02
 -0.215723E+02
 -0.215042E+02
 -0.214357E+02
 -0.213667E+02
 -0.212977E+02
 -0.212277E+02
 -0.211576E+02
 -0.210866E+02
 -0.210160E+02
 -0.209457E+02
 -0.208759E+02
 -0.208052E+02
 -0.207355E+02
 -0.206664E+02
 -0.205970E+02
 -0.205266E+02
 -0.204576E+02
 -0.203895E+02
 -0.203220E+02
 -0.202540E+02
 -0.201876E+02
 -0.201215E+02
 -0.200555E+02
 -0.199895E+02
 -0.199253E+02
 -0.198607E+02
 -0.197962E+02
 -0.197321E+02
 -0.196694E+02
 -0.196068E+02
 -0.195459E+02
 -0.194855E+02
 -0.194252E+02
 -0.193657E+02
 -0.193080E+02
 -0.192496E+02
 -0.191929E+02
 -0.191373E+02
 -0.190822E+02
 -0.190282E+02
 -0.189762E+02
 -0.189241E+02
 -0.188731E+02
 -0.188225E+02
 -0.187732E+02
 -0.187254E+02
 -0.186796E+02
 -0.186343E+02
 -0.185904E+02
 -0.185471E+02
 -0.185050E+02
 -0.184633E+02
 -0.184232E+02
 -0.183837E+02
 -0.183446E+02
 -0.183058E+02
 -0.182689E+02
 -0.182328E+02
 -0.181979E+02
 -0.181633E+02
 -0.181308E+02
 -0.180992E+02
 -0.180676E+02
 -0.180370E+02
 -0.180079E+02
 -0.179793E+02
 -0.179530E+02
 -0.179269E+02
 -0.179014E+02
 -0.178756E+02
 -0.178494E+02
 -0.178236E+02
 -0.177986E+02
 -0.177733E+02
 -0.177495E+02
 -0.177254E+02
 -0.177019E+02
 -0.176792E+02
 -0.176556E+02
 -0.176301E+02
 -0.176054E+02
 -0.175803E+02
 -0.175543E+02
 -0.175275E+02
 -0.175017E+02
 -0.174754E+02
 -0.174491E+02
 -0.174221E+02
 -0.173934E+02
 -0.173633E+02
 -0.173338E+02
 -0.173025E+02
 -0.172712E+02
 -0.172404E+02
 -0.172086E+02
 -0.171746E+02
 -0.171407E+02
 -0.171064E+02
 -0.170717E+02
 -0.170354E+02
 -0.169991E+02
 -0.169630E+02
 -0.169269E+02
 -0.168901E+02
 -0.168538E+02
 -0.168168E+02
 -0.167784E+02
 -0.167377E+02
 -0.166974E+02
 -0.166568E+02
 -0.166154E+02
 -0.165718E+02
 -0.165271E+02
 -0.164816E+02
 -0.164356E+02
 -0.163873E+02
 -0.163380E+02
 -0.162879E+02
 -0.162370E+02
 -0.161840E+02
 -0.161304E+02
 -0.160749E+02
 -0.160184E+02
 -0.159607E+02
 -0.159021E+02
 -0.158418E+02
 -0.157803E+02
 -0.157157E+02
 -0.156488E+02
 -0.155802E+02
 -0.155093E+02
 -0.154354E+02
 -0.153611E+02
 -0.152839E+02
 -0.152038E+02
 -0.151214E+02
 -0.150371E+02
 -0.149502E+02
 -0.148620E+02
 -0.147710E+02
 -0.146782E+02
 -0.145832E+02
 -0.144844E+02
 -0.143817E+02
 -0.142773E+02
 -0.141702E+02
 -0.140597E+02
 -0.139454E+02
 -0.138283E+02
 -0.137083E+02
 -0.135865E+02
 -0.134617E+02
 -0.133344E+02
 -0.132038E+02
 -0.130695E+02
 -0.129326E+02
 -0.127944E+02
 -0.126521E+02
 -0.125065E+02
 -0.123578E+02
 -0.122057E+02
 -0.120508E+02
 -0.118939E+02
 -0.117332E+02
 -0.115697E+02
 -0.114029E+02
 -0.112329E+02
 -0.110602E+02
 -0.108852E+02
 -0.107067E+02
 -0.105254E+02
 -0.103411E+02
 -0.101541E+02
 -0.996387E+01
 -0.977089E+01
 -0.957540E+01
 -0.937820E+01
 -0.917938E+01
 -0.897936E+01
 -0.877737E+01
 -0.857483E+01
 -0.837150E+01
 -0.816582E+01
 -0.795788E+01
 -0.774882E+01
 -0.753708E+01
 -0.732373E+01
 -0.711006E+01
 -0.689592E+01
 -0.668164E+01
 -0.646736E+01
 -0.625177E+01
 -0.603580E+01
 -0.581952E+01
 -0.560136E+01
 -0.538214E+01
 -0.516417E+01
 -0.494579E+01
 -0.472760E+01
 -0.451106E+01
 -0.429409E+01
 -0.407551E+01
 -0.385690E+01
 -0.363773E+01
 -0.341818E+01
 -0.319988E+01
 -0.298156E+01
 -0.276281E+01
 -0.254499E+01
 -0.232712E+01
 -0.210908E+01
 -0.189115E+01
 -0.167291E+01
 -0.145484E+01
 -0.123752E+01
 -0.102131E+01
 -0.806006E+00
 -0.591414E+00
 -0.377334E+00
 -0.163718E+00
  0.499179E-01
  0.262692E+00
  0.473270E+00
  0.681899E+00
  0.889214E+00
  0.109401E+01
  0.129690E+01
  0.149908E+01
  0.170015E+01
  0.190002E+01
  0.209910E+01
  0.229547E+01
  0.248943E+01
  0.268171E+01
  0.287150E+01
  0.305812E+01
  0.324297E+01
  0.342657E+01
  0.360944E+01
  0.379143E+01
  0.397188E+01
  0.414888E+01
  0.432294E+01
  0.449446E+01
  0.466391E+01
  0.483164E+01
  0.499864E+01
  0.516403E+01
  0.532806E+01
  0.549102E+01
  0.565242E+01
  0.581103E+01
  0.596882E+01
  0.612583E+01
  0.628109E+01
  0.643490E+01
  0.658782E+01
  0.673812E+01
  0.688701E+01
  0.703383E+01
  0.717859E+01
  0.732183E+01
  0.746389E+01
  0.760358E+01
  0.774139E+01
  0.787734E+01
  0.801186E+01
  0.814390E+01
  0.827517E+01
  0.840492E+01
  0.853179E+01
  0.865579E+01
  0.877794E+01
  0.889780E+01
  0.901663E+01
  0.913342E+01
  0.924827E+01
  0.936063E+01
  0.947097E+01
  0.957816E+01
  0.968271E+01
  0.978544E+01
  0.988720E+01
  0.998633E+01
  0.100842E+02
  0.101804E+02
  0.102742E+02
  0.103648E+02
  0.104536E+02
  0.105403E+02
  0.106246E+02
  0.107059E+02
  0.107863E+02
  0.108644E+02
  0.109403E+02
  0.110142E+02
  0.110867E+02
  0.111564E+02
  0.112233E+02
  0.112865E+02
  0.113481E+02
  0.114077E+02
  0.114656E+02
  0.115217E+02
  0.115770E+02
  0.116298E+02
  0.116805E+02
  0.117288E+02
  0.117757E+02
  0.118209E+02
  0.118643E+02
  0.119049E+02
  0.119453E+02
  0.119849E+02
  0.120237E+02
  0.120605E+02
  0.120965E+02
  0.121313E+02
  0.121647E+02
  0.121965E+02
  0.122278E+02
  0.122579E+02
  0.122883E+02
  0.123171E+02
  0.123451E+02
  0.123725E+02
  0.123989E+02
  0.124242E+02
  0.124493E+02
  0.124728E+02
  0.124966E+02
  0.125197E+02
  0.125436E+02
  0.125683E+02
  0.125926E+02
  0.126160E+02
  0.126407E+02
  0.126660E+02
  0.126926E+02
  0.127191E+02
  0.127465E+02
  0.127741E+02
  0.128019E+02
  0.128300E+02
  0.128594E+02
  0.128890E+02
  0.129202E+02
  0.129523E+02
  0.129859E+02
  0.130204E+02
  0.130557E+02
  0.130908E+02
  0.131267E+02
  0.131630E+02
  0.132007E+02
  0.132392E+02
  0.132794E+02
  0.133209E+02
  0.133638E+02
  0.134063E+02
  0.134502E+02
  0.134952E+02
  0.135409E+02
  0.135861E+02
  0.136334E+02
  0.136818E+02
  0.137310E+02
  0.137804E+02
  0.138315E+02
  0.138827E+02
  0.139348E+02
  0.139864E+02
  0.140386E+02
  0.140908E+02
  0.141434E+02
  0.141953E+02
  0.142478E+02
  0.142999E+02
  0.143517E+02
  0.144027E+02
  0.144541E+02
  0.145042E+02
  0.145538E+02
  0.146019E+02
  0.146503E+02
  0.146988E+02
  0.147472E+02
  0.147949E+02
  0.148438E+02
  0.148920E+02
  0.149393E+02
  0.149851E+02
  0.150304E+02
  0.150747E+02
  0.151191E+02
  0.151627E+02
  0.152070E+02
  0.152518E+02
  0.152962E+02
  0.153384E+02
  0.153806E+02
  0.154224E+02
  0.154642E+02
  0.155047E+02
  0.155442E+02
  0.155826E+02
  0.156207E+02
  0.156577E+02
  0.156949E+02
  0.157299E+02
  0.157643E+02
  0.157976E+02
  0.158298E+02
  0.158601E+02
  0.158892E+02
  0.159157E+02
  0.159418E+02
  0.159678E+02
  0.159931E+02
  0.160164E+02
  0.160392E+02
  0.160595E+02
  0.160776E+02
  0.160936E+02
  0.161082E+02
  0.161204E+02
  0.161322E+02
  0.161413E+02
  0.161497E+02
  0.161575E+02
  0.161626E+02
  0.161647E+02
  0.161658E+02
  0.161635E+02
  0.161602E+02
  0.161546E+02
  0.161474E+02
  0.161396E+02
  0.161307E+02
  0.161181E+02
  0.161046E+02
  0.160891E+02
  0.160717E+02
  0.160519E+02
  0.160315E+02
  0.160092E+02
  0.159855E+02
  0.159593E+02
  0.159319E+02
  0.159038E+02
  0.158757E+02
  0.158449E+02
  0.158136E+02
  0.157806E+02
  0.157455E+02
  0.157091E+02
  0.156729E+02
  0.156360E+02
  0.155993E+02
  0.155604E+02
  0.155216E+02
  0.154829E+02
  0.154428E+02
  0.154022E+02
  0.153629E+02
  0.153222E+02
  0.152819E+02
  0.152423E+02
  0.152041E+02
  0.151659E+02
  0.151278E+02
  0.150890E+02
  0.150515E+02
  0.150136E+02
  0.149760E+02
  0.149379E+02
  0.149010E+02
  0.148643E+02
  0.148277E+02
  0.147893E+02
  0.147504E+02
  0.147103E+02
  0.146706E+02
  0.146306E+02
  0.145906E+02
  0.145493E+02
  0.145075E+02
  0.144653E+02
  0.144237E+02
  0.143813E+02
  0.143382E+02
  0.142938E+02
  0.142505E+02
  0.142068E+02
  0.141625E+02
  0.141171E+02
  0.140716E+02
  0.140254E+02
  0.139798E+02
  0.139331E+02
  0.138856E+02
  0.138368E+02
  0.137872E+02
  0.137363E+02
  0.136861E+02
  0.136346E+02
  0.135824E+02
  0.135286E+02
  0.134739E+02
  0.134181E+02
  0.133616E+02
  0.133032E+02
  0.132440E+02
  0.131841E+02
  0.131240E+02
  0.130620E+02
  0.129995E+02
  0.129362E+02
  0.128720E+02
  0.128076E+02
  0.127437E+02
  0.126783E+02
  0.126127E+02
  0.125452E+02
  0.124775E+02
  0.124099E+02
  0.123417E+02
  0.122724E+02
  0.122036E+02
  0.121346E+02
  0.120662E+02
  0.119970E+02
  0.119283E+02
  0.118592E+02
  0.117895E+02
  0.117187E+02
  0.116480E+02
  0.115772E+02
  0.115068E+02
  0.114354E+02
  0.113649E+02
  0.112940E+02
  0.112224E+02
  0.111495E+02
  0.110765E+02
  0.110026E+02
  0.109290E+02
  0.108545E+02
  0.107800E+02
  0.107054E+02
  0.106303E+02
  0.105533E+02
  0.104765E+02
  0.103989E+02
  0.103204E+02
  0.102413E+02
  0.101631E+02
  0.100853E+02
  0.100077E+02
  0.992900E+01
  0.984994E+01
  0.976993E+01
  0.969028E+01
  0.960992E+01
  0.952928E+01
  0.944851E+01
  0.936778E+01
  0.928664E+01
  0.920572E+01
  0.912391E+01
  0.904243E+01
  0.895950E+01
  0.887603E+01
  0.879340E+01
  0.871082E+01
  0.862731E+01
  0.854519E+01
  0.846259E+01
  0.837921E+01
  0.829558E+01
  0.821234E+01
  0.812851E+01
  0.804484E+01
  0.796033E+01
  0.787476E+01
  0.778864E+01
  0.770322E+01
  0.761665E+01
  0.753016E+01
  0.744429E+01
  0.735810E+01
  0.727142E+01
  0.718582E+01
  0.709899E+01
  0.701141E+01
  0.692389E+01
  0.683707E+01
  0.675011E+01
  0.666348E+01
  0.657751E+01
  0.649184E+01
  0.640560E+01
  0.632016E+01
  0.623487E+01
  0.615087E+01
  0.606720E+01
  0.598409E+01
  0.590125E+01
  0.581911E+01
  0.573824E+01
  0.565748E+01
  0.557523E+01
  0.549323E+01
  0.541181E+01
  0.533145E+01
  0.525122E+01
  0.517168E+01
  0.509249E+01
  0.501371E+01
  0.493491E+01
  0.485676E+01
  0.477887E+01
  0.470228E+01
  0.462691E+01
  0.455164E+01
  0.447590E+01
  0.440126E+01
  0.432666E+01
  0.425225E+01
  0.417832E+01
  0.410437E+01
  0.403049E+01
  0.395754E+01
  0.388363E+01
  0.380970E+01
  0.373575E+01
  0.366162E+01
  0.358804E+01
  0.351592E+01
  0.344316E+01
  0.336936E+01
  0.329583E+01
  0.322251E+01
  0.314824E+01
  0.307496E+01
  0.300160E+01
  0.292747E+01
  0.285353E+01
  0.277968E+01
  0.270485E+01
  0.262998E+01
  0.255441E+01
  0.247825E+01
  0.240161E+01
  0.232441E+01
  0.224662E+01
  0.216915E+01
  0.209130E+01
  0.201225E+01
  0.193171E+01
  0.185074E+01
  0.176861E+01
  0.168506E+01
  0.160030E+01
  0.151502E+01
  0.142934E+01
  0.134363E+01
  0.125692E+01
  0.116963E+01
  0.108223E+01
  0.993695E+00
  0.903976E+00
  0.814668E+00
  0.724602E+00
  0.633980E+00
  0.543543E+00
  0.453330E+00
  0.363106E+00
  0.272956E+00
  0.182430E+00
  0.917702E-01
  0.135326E-02
 -0.886705E-01
 -0.178874E+00
 -0.268360E+00
 -0.357342E+00
 -0.445926E+00
 -0.533456E+00
 -0.620708E+00
 -0.708379E+00
 -0.795183E+00
 -0.881688E+00
 -0.967519E+00
 -0.105170E+01
 -0.113498E+01
 -0.121786E+01
 -0.129908E+01
 -0.137905E+01
 -0.145847E+01
 -0.153640E+01
 -0.161286E+01
 -0.168867E+01
 -0.176293E+01
 -0.183570E+01
 -0.190729E+01
 -0.197762E+01
 -0.204711E+01
 -0.211635E+01
 -0.218408E+01
 -0.225031E+01
 -0.231604E+01
 -0.238028E+01
 -0.244325E+01
 -0.250588E+01
 -0.256703E+01
 -0.262744E+01
 -0.268730E+01
 -0.274573E+01
 -0.280337E+01
 -0.286038E+01
 -0.291655E+01
 -0.297142E+01
 -0.302516E+01
 -0.307818E+01
 -0.312994E+01
 -0.318137E+01
 -0.323199E+01
 -0.328138E+01
 -0.333068E+01
 -0.337831E+01
 -0.342399E+01
 -0.346932E+01
 -0.351421E+01
 -0.355858E+01
 -0.360285E+01
 -0.364686E+01
 -0.368997E+01
 -0.373231E+01
 -0.377477E+01
 -0.381729E+01
 -0.385895E+01
 -0.389965E+01
 -0.394044E+01
 -0.398129E+01
 -0.402136E+01
 -0.406102E+01
 -0.410067E+01
 -0.413978E+01
 -0.417852E+01
 -0.421696E+01
 -0.425512E+01
 -0.429296E+01
 -0.433040E+01
 -0.436723E+01
 -0.440310E+01
 -0.443763E+01
 -0.447093E+01
 -0.450301E+01
 -0.453420E+01
 -0.456466E+01
 -0.459378E+01
 -0.462147E+01
 -0.464866E+01
 -0.467479E+01
 -0.469953E+01
 -0.472313E+01
 -0.474499E+01
 -0.476536E+01
 -0.478498E+01
 -0.480301E+01
 -0.481957E+01
 -0.483486E+01
 -0.484836E+01
 -0.485938E+01
 -0.486833E+01
 -0.487551E+01
 -0.488021E+01
 -0.488283E+01
 -0.488345E+01
 -0.488061E+01
 -0.487525E+01
 -0.486750E+01
 -0.485656E+01
 -0.484309E+01
 -0.482730E+01
 -0.480874E+01
 -0.478817E+01
 -0.476520E+01
 -0.473920E+01
 -0.471015E+01
 -0.467823E+01
 -0.464379E+01
 -0.460730E+01
 -0.456867E+01
 -0.452827E+01
 -0.448617E+01
 -0.444247E+01
 -0.439656E+01
 -0.434798E+01
 -0.429722E+01
 -0.424452E+01
 -0.419035E+01
 -0.413499E+01
 -0.407783E+01
 -0.401897E+01
 -0.395823E+01
 -0.389542E+01
 -0.383079E+01
 -0.376481E+01
 -0.369660E+01
 -0.362635E+01
 -0.355513E+01
 -0.348224E+01
 -0.340777E+01
 -0.333143E+01
 -0.325243E+01
 -0.317189E+01
 -0.309013E+01
 -0.300633E+01
 -0.292043E+01
 -0.283329E+01
 -0.274515E+01
 -0.265563E+01
 -0.256483E+01
 -0.247263E+01
 -0.237973E+01
 -0.228637E+01
 -0.219187E+01
 -0.209697E+01
 -0.200239E+01
 -0.190749E+01
 -0.181273E+01
 -0.171819E+01
 -0.162283E+01
 -0.152680E+01
 -0.143059E+01
 -0.133376E+01
 -0.123687E+01
 -0.113974E+01
 -0.104225E+01
 -0.945523E+00
 -0.849843E+00
 -0.754306E+00
 -0.659731E+00
 -0.566016E+00
 -0.472859E+00
 -0.380581E+00
 -0.289124E+00
 -0.199156E+00
 -0.110773E+00
 -0.226917E-01
  0.632148E-01
  0.146547E+00
  0.228984E+00
  0.310361E+00
  0.389375E+00
  0.466306E+00
  0.541570E+00
  0.615728E+00
  0.688550E+00
  0.759473E+00
  0.827759E+00
  0.894451E+00
  0.960065E+00
  0.102412E+01
  0.108619E+01
  0.114690E+01
  0.120530E+01
  0.126195E+01
  0.131728E+01
  0.137020E+01
  0.142076E+01
  0.147027E+01
  0.151747E+01
  0.156298E+01
  0.160766E+01
  0.165075E+01
  0.169183E+01
  0.173140E+01
  0.176913E+01
  0.180537E+01
  0.184013E+01
  0.187354E+01
  0.190502E+01
  0.193559E+01
  0.196479E+01
  0.199223E+01
  0.201895E+01
  0.204541E+01
  0.207038E+01
  0.209400E+01
  0.211644E+01
  0.213811E+01
  0.215813E+01
  0.217689E+01
  0.219468E+01
  0.221207E+01
  0.222893E+01
  0.224462E+01
  0.225965E+01
  0.227532E+01
  0.229031E+01
  0.230526E+01
  0.232010E+01
  0.233461E+01
  0.234910E+01
  0.236350E+01
  0.237721E+01
  0.239164E+01
  0.240659E+01
  0.242047E+01
  0.243358E+01
  0.244714E+01
  0.245990E+01
  0.247242E+01
  0.248408E+01
  0.249462E+01
  0.250468E+01
  0.251474E+01
  0.252353E+01
  0.253188E+01
  0.254021E+01
  0.254701E+01
  0.255226E+01
  0.255766E+01
  0.256152E+01
  0.256428E+01
  0.256654E+01
  0.256781E+01
  0.256786E+01
  0.256733E+01
  0.256525E+01
  0.256190E+01
  0.255753E+01
  0.255242E+01
  0.254583E+01
  0.253705E+01
  0.252564E+01
  0.251380E+01
  0.250135E+01
  0.248709E+01
  0.247144E+01
  0.245476E+01
  0.243612E+01
  0.241617E+01
  0.239456E+01
  0.237137E+01
  0.234598E+01
  0.231943E+01
  0.229214E+01
  0.226368E+01
  0.223375E+01
  0.220261E+01
  0.217008E+01
  0.213682E+01
  0.210217E+01
  0.206630E+01
  0.202920E+01
  0.199130E+01
  0.195276E+01
  0.191437E+01
  0.187511E+01
  0.183418E+01
  0.179185E+01
  0.174863E+01
  0.170501E+01
  0.166166E+01
  0.161724E+01
  0.157270E+01
  0.152830E+01
  0.148390E+01
  0.143932E+01
  0.139443E+01
  0.134923E+01
  0.130439E+01
  0.125978E+01
  0.121496E+01
  0.116935E+01
  0.112397E+01
  0.107829E+01
  0.103220E+01
  0.986793E+00
  0.941855E+00
  0.896776E+00
  0.852812E+00
  0.809231E+00
  0.766398E+00
  0.724556E+00
  0.683556E+00
  0.643099E+00
  0.603534E+00
  0.564843E+00
  0.527061E+00
  0.490183E+00
  0.454205E+00
  0.418383E+00
  0.383782E+00
  0.350564E+00
  0.317932E+00
  0.286498E+00
  0.257263E+00
  0.229069E+00
  0.201986E+00
  0.176047E+00
  0.151377E+00
  0.128378E+00
  0.107205E+00
  0.871806E-01
  0.684185E-01
  0.509551E-01
  0.348766E-01
  0.199571E-01
  0.637770E-02
 -0.572729E-02
 -0.158150E-01
 -0.251527E-01
 -0.333436E-01
 -0.393801E-01
 -0.438061E-01
 -0.469127E-01
 -0.485277E-01
 -0.493245E-01
 -0.490308E-01
 -0.485716E-01
 -0.478141E-01
 -0.461383E-01
 -0.440111E-01
 -0.411372E-01
 -0.369136E-01
 -0.327845E-01
 -0.285664E-01
 -0.242510E-01
 -0.198238E-01
 -0.153646E-01
 -0.112686E-01
 -0.722504E-02
 -0.261807E-02
  0.172234E-02
  0.599813E-02
  0.106599E-01
  0.158129E-01
  0.206008E-01
  0.253482E-01
  0.298524E-01
  0.342388E-01
  0.391870E-01
  0.435495E-01
  0.472009E-01
  0.516403E-01
  0.556421E-01
  0.601983E-01
  0.655193E-01
  0.705597E-01
  0.756178E-01
  0.806692E-01
  0.847771E-01
  0.887175E-01
  0.921817E-01
  0.951247E-01
  0.980959E-01
  0.100792E+00
  0.103314E+00
  0.105740E+00
  0.106763E+00
  0.107562E+00
  0.108348E+00
  0.108497E+00
  0.107994E+00
  0.107101E+00
  0.105261E+00
  0.102829E+00
  0.100413E+00
  0.976136E-01
  0.936675E-01
  0.900993E-01
  0.859971E-01
  0.809426E-01
  0.768909E-01
  0.726972E-01
  0.672569E-01
  0.621858E-01
  0.563188E-01
  0.496135E-01
  0.428209E-01
  0.356400E-01
  0.273018E-01
  0.182724E-01
  0.857401E-02
 -0.211763E-02
 -0.137413E-01
 -0.263453E-01
 -0.413117E-01
 -0.572166E-01
 -0.734253E-01
 -0.911026E-01
 -0.109935E+00
 -0.129312E+00
 -0.149565E+00
 -0.169476E+00
 -0.189659E+00
 -0.211216E+00
 -0.233085E+00
 -0.255237E+00
 -0.279140E+00
 -0.303806E+00
 -0.328865E+00
 -0.353988E+00
 -0.379332E+00
 -0.405008E+00
 -0.430912E+00
 -0.456788E+00
 -0.482694E+00
 -0.508663E+00
 -0.534426E+00
 -0.559806E+00
 -0.585536E+00
 -0.610303E+00
 -0.634262E+00
 -0.658480E+00
 -0.681594E+00
 -0.702854E+00
 -0.724074E+00
 -0.744980E+00
 -0.765250E+00
 -0.784941E+00
 -0.803313E+00
 -0.820941E+00
 -0.839255E+00
 -0.856964E+00
 -0.873761E+00
 -0.890300E+00
 -0.906331E+00
 -0.921598E+00
 -0.937094E+00
 -0.953012E+00
 -0.969147E+00
 -0.985960E+00
 -0.100353E+01
 -0.102025E+01
 -0.103680E+01
 -0.105373E+01
 -0.107026E+01
 -0.108695E+01
 -0.110442E+01
 -0.112214E+01
 -0.114022E+01
 -0.115869E+01
 -0.117750E+01
 -0.119604E+01
 -0.121523E+01
 -0.123495E+01
 -0.125421E+01
 -0.127353E+01
 -0.129336E+01
 -0.131305E+01
 -0.133325E+01
 -0.135404E+01
 -0.137472E+01
 -0.139532E+01
 -0.141649E+01
 -0.143739E+01
 -0.145846E+01
 -0.148061E+01
 -0.150287E+01
 -0.152490E+01
 -0.154760E+01
 -0.157015E+01
 -0.159280E+01
 -0.161644E+01
 -0.164031E+01
 -0.166367E+01
 -0.168736E+01
 -0.171128E+01
 -0.173514E+01
 -0.175911E+01
 -0.178293E+01
 -0.180710E+01
 -0.183264E+01
 -0.185825E+01
 -0.188367E+01
 -0.190962E+01
 -0.193579E+01
 -0.196233E+01
 -0.198997E+01
 -0.201813E+01
 -0.204697E+01
 -0.207711E+01
 -0.210817E+01
 -0.213944E+01
 -0.217162E+01
 -0.220423E+01
 -0.223692E+01
 -0.227113E+01
 -0.230586E+01
 -0.234048E+01
 -0.237642E+01
 -0.241234E+01
 -0.244850E+01
 -0.248592E+01
 -0.252315E+01
 -0.256036E+01
 -0.259862E+01
 -0.263658E+01
 -0.267455E+01
 -0.271374E+01
 -0.275363E+01
 -0.279358E+01
 -0.283351E+01
 -0.287326E+01
 -0.291273E+01
 -0.295246E+01
 -0.299262E+01
 -0.303232E+01
 -0.307189E+01
 -0.311136E+01
 -0.314990E+01
 -0.318780E+01
 -0.322521E+01
 -0.326220E+01
 -0.329949E+01
 -0.333640E+01
 -0.337247E+01
 -0.340791E+01
 -0.344211E+01
 -0.347502E+01
 -0.350704E+01
 -0.353813E+01
 -0.356840E+01
 -0.359788E+01
 -0.362618E+01
 -0.365321E+01
 -0.367882E+01
 -0.370187E+01
 -0.372276E+01
 -0.374292E+01
 -0.376144E+01
 -0.377798E+01
 -0.379325E+01
 -0.380706E+01
 -0.381915E+01
 -0.382997E+01
 -0.383967E+01
 -0.384778E+01
 -0.385427E+01
 -0.385950E+01
 -0.386366E+01
 -0.386665E+01
 -0.386842E+01
 -0.386936E+01
 -0.386942E+01
 -0.386879E+01
 -0.386694E+01
 -0.386384E+01
 -0.386004E+01
 -0.385500E+01
 -0.384904E+01
 -0.384265E+01
 -0.383542E+01
 -0.382771E+01
 -0.381955E+01
 -0.381033E+01
 -0.380013E+01
 -0.378914E+01
 -0.377772E+01
 -0.376596E+01
 -0.375275E+01
 -0.373856E+01
 -0.372410E+01
 -0.370961E+01
 -0.369583E+01
 -0.368185E+01
 -0.366713E+01
 -0.365267E+01
 -0.363839E+01
 -0.362402E+01
 -0.360976E+01
 -0.359592E+01
 -0.358263E+01
 -0.357026E+01
 -0.355897E+01
 -0.354855E+01
 -0.353903E+01
 -0.352974E+01
 -0.352081E+01
 -0.351279E+01
 -0.350501E+01
 -0.349771E+01
 -0.349127E+01
 -0.348548E+01
 -0.348030E+01
 -0.347513E+01
 -0.346984E+01
 -0.346545E+01
 -0.346253E+01
 -0.346014E+01
 -0.345778E+01
 -0.345642E+01
 -0.345570E+01
 -0.345588E+01
 -0.345754E+01
 -0.345947E+01
 -0.346215E+01
 -0.346568E+01
 -0.346932E+01
 -0.347398E+01
 -0.347859E+01
 -0.348292E+01
 -0.348821E+01
 -0.349373E+01
 -0.349943E+01
 -0.350586E+01
 -0.351301E+01
 -0.352040E+01
 -0.352761E+01
 -0.353487E+01
 -0.354179E+01
 -0.354839E+01
 -0.355500E+01
 -0.356110E+01
 -0.356673E+01
 -0.357308E+01
 -0.358047E+01
 -0.358812E+01
 -0.359525E+01
 -0.360161E+01
 -0.360765E+01
 -0.361351E+01
 -0.361922E+01
 -0.362516E+01
 -0.363098E+01
 -0.363721E+01
 -0.364365E+01
 -0.364908E+01
 -0.365478E+01
 -0.366082E+01
 -0.366571E+01
 -0.367042E+01
 -0.367451E+01
 -0.367752E+01
 -0.368058E+01
 -0.368359E+01
 -0.368581E+01
 -0.368733E+01
 -0.368864E+01
 -0.368898E+01
 -0.368878E+01
 -0.368881E+01
 -0.368701E+01
 -0.368410E+01
 -0.368240E+01
 -0.368086E+01
 -0.367874E+01
 -0.367643E+01
 -0.367328E+01
 -0.366903E+01
 -0.366405E+01
 -0.365840E+01
 -0.365218E+01
 -0.364580E+01
 -0.363915E+01
 -0.363217E+01
 -0.362483E+01
 -0.361691E+01
 -0.360896E+01
 -0.360144E+01
 -0.359341E+01
 -0.358456E+01
 -0.357593E+01
 -0.356798E+01
 -0.356048E+01
 -0.355312E+01
 -0.354566E+01
 -0.353811E+01
 -0.353079E+01
 -0.352368E+01
 -0.351607E+01
 -0.350817E+01
 -0.349993E+01
 -0.349156E+01
 -0.348443E+01
 -0.347751E+01
 -0.346949E+01
 -0.346162E+01
 -0.345376E+01
 -0.344532E+01
 -0.343714E+01
 -0.342892E+01
 -0.342040E+01
 -0.341228E+01
 -0.340422E+01
 -0.339554E+01
 -0.338691E+01
 -0.337776E+01
 -0.336789E+01
 -0.335886E+01
 -0.334965E+01
 -0.333990E+01
 -0.333014E+01
 -0.331906E+01
 -0.330747E+01
 -0.329612E+01
 -0.328369E+01
 -0.327047E+01
 -0.325694E+01
 -0.324223E+01
 -0.322619E+01
 -0.320925E+01
 -0.319151E+01
 -0.317311E+01
 -0.315421E+01
 -0.313441E+01
 -0.311367E+01
 -0.309214E+01
 -0.306954E+01
 -0.304626E+01
 -0.302257E+01
 -0.299761E+01
 -0.297167E+01
 -0.294492E+01
 -0.291646E+01
 -0.288712E+01
 -0.285731E+01
 -0.282681E+01
 -0.279607E+01
 -0.276410E+01
 -0.273084E+01
 -0.269700E+01
 -0.266251E+01
 -0.262750E+01
 -0.259196E+01
 -0.255577E+01
 -0.251863E+01
 -0.248054E+01
 -0.244155E+01
 -0.240119E+01
 -0.236064E+01
 -0.232031E+01
 -0.227901E+01
 -0.223703E+01
 -0.219467E+01
 -0.215105E+01
 -0.210709E+01
 -0.206338E+01
 -0.201926E+01
 -0.197470E+01
 -0.192994E+01
 -0.188465E+01
 -0.183888E+01
 -0.179255E+01
 -0.174563E+01
 -0.169791E+01
 -0.164947E+01
 -0.159985E+01
 -0.154938E+01
 -0.149902E+01
 -0.144830E+01
 -0.139584E+01
 -0.134250E+01
 -0.128868E+01
 -0.123400E+01
 -0.117929E+01
 -0.112438E+01
 -0.106867E+01
 -0.101385E+01
 -0.958866E+00
 -0.902970E+00
 -0.847462E+00
 -0.791268E+00
 -0.734086E+00
 -0.678120E+00
 -0.623308E+00
 -0.568924E+00
 -0.514785E+00
 -0.461064E+00
 -0.407270E+00
 -0.353745E+00
 -0.300784E+00
 -0.247731E+00
 -0.194314E+00
 -0.141315E+00
 -0.881352E-01
 -0.350380E-01
  0.180640E-01
  0.715947E-01
  0.125367E+00
  0.179660E+00
  0.235355E+00
  0.291309E+00
  0.347287E+00
  0.403335E+00
  0.459501E+00
  0.516167E+00
  0.573056E+00
  0.629379E+00
  0.686011E+00
  0.742571E+00
  0.799053E+00
  0.855537E+00
  0.912034E+00
  0.968461E+00
  0.102460E+01
  0.107939E+01
  0.113329E+01
  0.118673E+01
  0.123994E+01
  0.129220E+01
  0.134350E+01
  0.139374E+01
  0.144329E+01
  0.149190E+01
  0.153977E+01
  0.158670E+01
  0.163255E+01
  0.167757E+01
  0.172237E+01
  0.176559E+01
  0.180841E+01
  0.185129E+01
  0.189243E+01
  0.193159E+01
  0.197033E+01
  0.200807E+01
  0.204445E+01
  0.207939E+01
  0.211363E+01
  0.214700E+01
  0.217929E+01
  0.220983E+01
  0.223959E+01
  0.226886E+01
  0.229676E+01
  0.232250E+01
  0.234823E+01
  0.237404E+01
  0.239900E+01
  0.242350E+01
  0.244817E+01
  0.247201E+01
  0.249551E+01
  0.251885E+01
  0.254180E+01
  0.256323E+01
  0.258392E+01
  0.260414E+01
  0.262477E+01
  0.264613E+01
  0.266770E+01
  0.268919E+01
  0.271137E+01
  0.273287E+01
  0.275388E+01
  0.277486E+01
  0.279577E+01
  0.281674E+01
  0.283818E+01
  0.285916E+01
  0.287986E+01
  0.289971E+01
  0.291938E+01
  0.293844E+01
  0.295658E+01
  0.297388E+01
  0.299098E+01
  0.300769E+01
  0.302433E+01
  0.304017E+01
  0.305559E+01
  0.307073E+01
  0.308569E+01
  0.309994E+01
  0.311410E+01
  0.312768E+01
  0.314083E+01
  0.315376E+01
  0.316667E+01
  0.317902E+01
  0.319205E+01
  0.320487E+01
  0.321710E+01
  0.322934E+01
  0.324111E+01
  0.325190E+01
  0.326271E+01
  0.327217E+01
  0.328076E+01
  0.328915E+01
  0.329764E+01
  0.330560E+01
  0.331289E+01
  0.331834E+01
  0.332199E+01
  0.332464E+01
  0.332634E+01
  0.332593E+01
  0.332521E+01
  0.332362E+01
  0.332028E+01
  0.331580E+01
  0.331010E+01
  0.330147E+01
  0.329142E+01
  0.327971E+01
  0.326588E+01
  0.325038E+01
  0.323336E+01
  0.321460E+01
  0.319462E+01
  0.317226E+01
  0.314776E+01
  0.312109E+01
  0.309294E+01
  0.306264E+01
  0.303109E+01
  0.299908E+01
  0.296627E+01
  0.293257E+01
  0.289829E+01
  0.286184E+01
  0.282422E+01
  0.278619E+01
  0.274712E+01
  0.270664E+01
  0.266603E+01
  0.262427E+01
  0.258247E+01
  0.254113E+01
  0.249876E+01
  0.245555E+01
  0.241259E+01
  0.236909E+01
  0.232616E+01
  0.228346E+01
  0.224128E+01
  0.219995E+01
  0.215974E+01
  0.212022E+01
  0.208120E+01
  0.204287E+01
  0.200592E+01
  0.196964E+01
  0.193502E+01
  0.190171E+01
  0.186904E+01
  0.183728E+01
  0.180695E+01
  0.177796E+01
  0.175108E+01
  0.172531E+01
  0.170099E+01
  0.167921E+01
  0.165938E+01
  0.164068E+01
  0.162450E+01
  0.160928E+01
  0.159471E+01
  0.158241E+01
  0.157164E+01
  0.156084E+01
  0.155178E+01
  0.154401E+01
  0.153712E+01
  0.153191E+01
  0.152775E+01
  0.152390E+01
  0.152227E+01
  0.152170E+01
  0.152088E+01
  0.152069E+01
  0.152128E+01
  0.152204E+01
  0.152451E+01
  0.152733E+01
  0.152978E+01
  0.153352E+01
  0.153807E+01
  0.154178E+01
  0.154696E+01
  0.155311E+01
  0.155853E+01
  0.156447E+01
  0.157069E+01
  0.157557E+01
  0.158060E+01
  0.158547E+01
  0.158970E+01
  0.159320E+01
  0.159605E+01
  0.159672E+01
  0.159565E+01
  0.159384E+01
  0.159006E+01
  0.158399E+01
  0.157822E+01
  0.157182E+01
  0.156379E+01
  0.155393E+01
  0.154128E+01
  0.152549E+01
  0.150891E+01
  0.149159E+01
  0.147260E+01
  0.145188E+01
  0.142975E+01
  0.140629E+01
  0.138264E+01
  0.135768E+01
  0.133082E+01
  0.130293E+01
  0.127482E+01
  0.124521E+01
  0.121416E+01
  0.118207E+01
  0.114893E+01
  0.111528E+01
  0.108124E+01
  0.104592E+01
  0.101018E+01
  0.973176E+00
  0.935430E+00
  0.897187E+00
  0.857940E+00
  0.818144E+00
  0.778013E+00
  0.736693E+00
  0.695094E+00
  0.653164E+00
  0.610536E+00
  0.567459E+00
  0.524558E+00
  0.480937E+00
  0.436871E+00
  0.392633E+00
  0.347691E+00
  0.301720E+00
  0.256210E+00
  0.211029E+00
  0.165791E+00
  0.121361E+00
  0.778670E-01
  0.338860E-01
 -0.102582E-01
 -0.545938E-01
 -0.984936E-01
 -0.141148E+00
 -0.183253E+00
 -0.225511E+00
 -0.266347E+00
 -0.305771E+00
 -0.344357E+00
 -0.382061E+00
 -0.419055E+00
 -0.455322E+00
 -0.490417E+00
 -0.524786E+00
 -0.557293E+00
 -0.588506E+00
 -0.618974E+00
 -0.647757E+00
 -0.675278E+00
 -0.702262E+00
 -0.727813E+00
 -0.751886E+00
 -0.774500E+00
 -0.795943E+00
 -0.815744E+00
 -0.834291E+00
 -0.851551E+00
 -0.867588E+00
 -0.883480E+00
 -0.899328E+00
 -0.914732E+00
 -0.930141E+00
 -0.944148E+00
 -0.956450E+00
 -0.968759E+00
 -0.981376E+00
 -0.992963E+00
 -0.100438E+01
 -0.101602E+01
 -0.102760E+01
 -0.103938E+01
 -0.105147E+01
 -0.106384E+01
 -0.107694E+01
 -0.108988E+01
 -0.110323E+01
 -0.111818E+01
 -0.113410E+01
 -0.115092E+01
 -0.116941E+01
 -0.118905E+01
 -0.121006E+01
 -0.123179E+01
 -0.125445E+01
 -0.127960E+01
 -0.130741E+01
 -0.133698E+01
 -0.136814E+01
 -0.140105E+01
 -0.143571E+01
 -0.147209E+01
 -0.151114E+01
 -0.155202E+01
 -0.159416E+01
 -0.163832E+01
 -0.168456E+01
 -0.173208E+01
 -0.178098E+01
 -0.183130E+01
 -0.188248E+01
 -0.193521E+01
 -0.198966E+01
 -0.204490E+01
 -0.210189E+01
 -0.215971E+01
 -0.221798E+01
 -0.227767E+01
 -0.233795E+01
 -0.239860E+01
 -0.246048E+01
 -0.252402E+01
 -0.258866E+01
 -0.265365E+01
 -0.271934E+01
 -0.278543E+01
 -0.285207E+01
 -0.291889E+01
 -0.298565E+01
 -0.305372E+01
 -0.312255E+01
 -0.319086E+01
 -0.326012E+01
 -0.332983E+01
 -0.339827E+01
 -0.346687E+01
 -0.353622E+01
 -0.360556E+01
 -0.367530E+01
 -0.374543E+01
 -0.381580E+01
 -0.388659E+01
 -0.395715E+01
 -0.402735E+01
 -0.409848E+01
 -0.417023E+01
 -0.424073E+01
 -0.431115E+01
 -0.438194E+01
 -0.445131E+01
 -0.452013E+01
 -0.458904E+01
 -0.465672E+01
 -0.472425E+01
 -0.479231E+01
 -0.485944E+01
 -0.492522E+01
 -0.499049E+01
 -0.505456E+01
 -0.511715E+01
 -0.517925E+01
 -0.523991E+01
 -0.529885E+01
 -0.535786E+01
 -0.541525E+01
 -0.547086E+01
 -0.552588E+01
 -0.557913E+01
 -0.563058E+01
 -0.568142E+01
 -0.573075E+01
 -0.577902E+01
 -0.582657E+01
 -0.587220E+01
 -0.591656E+01
 -0.596071E+01
 -0.600291E+01
 -0.604297E+01
 -0.608258E+01
 -0.612115E+01
 -0.615762E+01
 -0.619345E+01
 -0.622792E+01
 -0.626023E+01
 -0.629122E+01
 -0.632165E+01
 -0.635040E+01
 -0.637833E+01
 -0.640555E+01
 -0.643120E+01
 -0.645632E+01
 -0.648022E+01
 -0.650167E+01
 -0.652279E+01
 -0.654340E+01
 -0.656244E+01
 -0.658058E+01
 -0.659765E+01
 -0.661315E+01
 -0.662896E+01
 -0.664520E+01
 -0.666087E+01
 -0.667557E+01
 -0.668972E+01
 -0.670255E+01
 -0.671477E+01
 -0.672718E+01
 -0.673900E+01
 -0.675042E+01
 -0.676211E+01
 -0.677350E+01
 -0.678517E+01
 -0.679617E+01
 -0.680624E+01
 -0.681550E+01
 -0.682431E+01
 -0.683271E+01
 -0.684118E+01
 -0.685016E+01
 -0.685853E+01
 -0.686567E+01
 -0.687345E+01
 -0.688102E+01
 -0.688735E+01
 -0.689256E+01
 -0.689733E+01
 -0.690203E+01
 -0.690687E+01
 -0.691114E+01
 -0.691488E+01
 -0.691857E+01
 -0.692303E+01
 -0.692751E+01
 -0.693145E+01
 -0.693433E+01
 -0.693655E+01
 -0.693929E+01
 -0.694245E+01
 -0.694467E+01
 -0.694633E+01
 -0.694751E+01
 -0.694886E+01
 -0.695052E+01
 -0.695173E+01
 -0.695152E+01
 -0.695055E+01
 -0.694921E+01
 -0.694751E+01
 -0.694533E+01
 -0.694258E+01
 -0.693854E+01
 -0.693383E+01
 -0.692843E+01
 -0.692211E+01
 -0.691443E+01
 -0.690598E+01
 -0.689607E+01
 -0.688453E+01
 -0.687238E+01
 -0.685920E+01
 -0.684458E+01
 -0.682945E+01
 -0.681346E+01
 -0.679701E+01
 -0.677950E+01
 -0.676121E+01
 -0.674168E+01
 -0.672022E+01
 -0.669711E+01
 -0.667255E+01
 -0.664748E+01
 -0.662219E+01
 -0.659490E+01
 -0.656621E+01
 -0.653682E+01
 -0.650700E+01
 -0.647523E+01
 -0.644160E+01
 -0.640752E+01
 -0.637219E+01
 -0.633480E+01
 -0.629663E+01
 -0.625690E+01
 -0.621475E+01
 -0.617139E+01
 -0.612765E+01
 -0.608258E+01
 -0.603733E+01
 -0.599126E+01
 -0.594336E+01
 -0.589439E+01
 -0.584370E+01
 -0.579123E+01
 -0.573818E+01
 -0.568425E+01
 -0.562890E+01
 -0.557097E+01
 -0.551206E+01
 -0.545241E+01
 -0.539119E+01
 -0.532930E+01
 -0.526667E+01
 -0.520356E+01
 -0.514024E+01
 -0.507569E+01
 -0.501059E+01
 -0.494466E+01
 -0.487734E+01
 -0.480908E+01
 -0.474055E+01
 -0.467181E+01
 -0.460299E+01
 -0.453406E+01
 -0.446462E+01
 -0.439413E+01
 -0.432289E+01
 -0.425070E+01
 -0.417737E+01
 -0.410309E+01
 -0.402808E+01
 -0.395209E+01
 -0.387520E+01
 -0.379810E+01
 -0.372049E+01
 -0.364223E+01
 -0.356460E+01
 -0.348733E+01
 -0.340997E+01
 -0.333271E+01
 -0.325513E+01
 -0.317710E+01
 -0.309916E+01
 -0.302162E+01
 -0.294408E+01
 -0.286721E+01
 -0.279170E+01
 -0.271650E+01
 -0.264191E+01
 -0.256906E+01
 -0.249717E+01
 -0.242508E+01
 -0.235348E+01
 -0.228368E+01
 -0.221424E+01
 -0.214561E+01
 -0.207899E+01
 -0.201350E+01
 -0.194974E+01
 -0.188690E+01
 -0.182429E+01
 -0.176403E+01
 -0.170605E+01
 -0.164965E+01
 -0.159540E+01
 -0.154268E+01
 -0.149012E+01
 -0.143940E+01
 -0.139102E+01
 -0.134341E+01
 -0.129721E+01
 -0.125227E+01
 -0.120823E+01
 -0.116674E+01
 -0.112615E+01
 -0.108559E+01
 -0.104695E+01
 -0.100975E+01
 -0.973680E+00
 -0.939717E+00
 -0.905852E+00
 -0.871323E+00
 -0.838677E+00
 -0.808946E+00
 -0.778768E+00
 -0.748648E+00
 -0.720341E+00
 -0.692434E+00
 -0.666098E+00
 -0.640821E+00
 -0.614944E+00
 -0.590673E+00
 -0.567031E+00
 -0.543087E+00
 -0.519235E+00
 -0.496063E+00
 -0.473790E+00
 -0.452755E+00
 -0.432841E+00
 -0.411470E+00
 -0.388806E+00
 -0.367573E+00
 -0.347350E+00
 -0.328392E+00
 -0.308953E+00
 -0.288665E+00
 -0.269430E+00
 -0.250362E+00
 -0.230485E+00
 -0.211350E+00
 -0.193102E+00
 -0.175979E+00
 -0.160153E+00
 -0.144449E+00
 -0.128725E+00
 -0.114264E+00
 -0.101055E+00
 -0.898657E-01
 -0.791960E-01
 -0.682979E-01
 -0.592327E-01
 -0.521693E-01
 -0.462723E-01
 -0.420015E-01
 -0.382125E-01
 -0.358930E-01
 -0.352473E-01
 -0.351267E-01
 -0.364799E-01
 -0.390344E-01
 -0.418475E-01
 -0.462887E-01
 -0.505340E-01
 -0.538242E-01
 -0.582998E-01
 -0.648100E-01
 -0.718424E-01
 -0.791736E-01
 -0.866833E-01
 -0.939906E-01
 -0.101806E+00
 -0.109631E+00
 -0.116254E+00
 -0.124038E+00
 -0.133202E+00
 -0.142465E+00
 -0.152877E+00
 -0.164046E+00
 -0.173207E+00
 -0.182580E+00
 -0.193760E+00
 -0.204795E+00
 -0.215554E+00
 -0.226748E+00
 -0.238240E+00
 -0.251116E+00
 -0.264343E+00
 -0.276783E+00
 -0.289329E+00
 -0.303430E+00
 -0.317990E+00
 -0.332156E+00
 -0.347255E+00
 -0.363522E+00
 -0.379285E+00
 -0.395320E+00
 -0.411073E+00
 -0.425757E+00
 -0.441076E+00
 -0.457433E+00
 -0.473689E+00
 -0.489954E+00
 -0.505890E+00
 -0.522588E+00
 -0.539741E+00
 -0.555574E+00
 -0.570283E+00
 -0.585097E+00
 -0.599020E+00
 -0.612187E+00
 -0.625322E+00
 -0.637640E+00
 -0.649186E+00
 -0.660833E+00
 -0.671772E+00
 -0.682895E+00
 -0.694537E+00
 -0.706000E+00
 -0.717473E+00
 -0.729225E+00
 -0.741142E+00
 -0.752561E+00
 -0.763356E+00
 -0.775517E+00
 -0.787948E+00
 -0.800175E+00
 -0.813365E+00
 -0.826715E+00
 -0.839602E+00
 -0.852885E+00
 -0.866507E+00
 -0.880390E+00
 -0.894580E+00
 -0.909484E+00
 -0.924871E+00
 -0.940557E+00
 -0.956326E+00
 -0.972164E+00
 -0.988380E+00
 -0.100562E+01
 -0.102276E+01
 -0.103966E+01
 -0.105750E+01
 -0.107589E+01
 -0.109403E+01
 -0.111278E+01
 -0.113245E+01
 -0.115199E+01
 -0.117040E+01
 -0.118929E+01
 -0.120971E+01
 -0.123105E+01
 -0.125308E+01
 -0.127580E+01
 -0.129729E+01
 -0.131763E+01
 -0.133907E+01
 -0.136157E+01
 -0.138506E+01
 -0.141056E+01
 -0.143657E+01
 -0.146277E+01
 -0.148933E+01
 -0.151495E+01
 -0.154010E+01
 -0.156632E+01
 -0.159231E+01
 -0.161745E+01
 -0.164268E+01
 -0.166797E+01
 -0.169243E+01
 -0.171561E+01
 -0.173722E+01
 -0.175803E+01
 -0.177849E+01
 -0.179783E+01
 -0.181614E+01
 -0.183360E+01
 -0.184915E+01
 -0.186351E+01
 -0.187675E+01
 -0.188764E+01
 -0.189672E+01
 -0.190596E+01
 -0.191508E+01
 -0.192250E+01
 -0.192850E+01
 -0.193384E+01
 -0.193786E+01
 -0.194087E+01
 -0.194241E+01
 -0.194228E+01
 -0.194159E+01
 -0.194003E+01
 -0.193750E+01
 -0.193451E+01
 -0.193056E+01
 -0.192617E+01
 -0.192053E+01
 -0.191254E+01
 -0.190360E+01
 -0.189445E+01
 -0.188478E+01
 -0.187545E+01
 -0.186466E+01
 -0.185160E+01
 -0.183865E+01
 -0.182488E+01
 -0.180890E+01
 -0.179252E+01
 -0.177553E+01
 -0.175797E+01
 -0.174135E+01
 -0.172487E+01
 -0.170671E+01
 -0.168699E+01
 -0.166651E+01
 -0.164572E+01
 -0.162425E+01
 -0.160266E+01
 -0.158139E+01
 -0.155956E+01
 -0.153660E+01
 -0.151302E+01
 -0.148798E+01
 -0.146101E+01
 -0.143411E+01
 -0.140795E+01
 -0.138024E+01
 -0.135237E+01
 -0.132571E+01
 -0.129684E+01
 -0.126604E+01
 -0.123671E+01
 -0.120644E+01
 -0.117425E+01
 -0.114303E+01
 -0.111293E+01
 -0.108147E+01
 -0.104885E+01
 -0.101578E+01
 -0.980676E+00
 -0.944718E+00
 -0.910813E+00
 -0.876181E+00
 -0.839897E+00
 -0.804608E+00
 -0.769244E+00
 -0.731826E+00
 -0.693703E+00
 -0.655745E+00
 -0.616717E+00
 -0.576444E+00
 -0.537061E+00
 -0.497227E+00
 -0.456368E+00
 -0.416339E+00
 -0.376262E+00
 -0.334356E+00
 -0.292454E+00
 -0.250805E+00
 -0.208346E+00
 -0.166956E+00
 -0.127280E+00
 -0.871954E-01
 -0.472102E-01
 -0.778913E-02
  0.314999E-01
  0.709677E-01
  0.109154E+00
  0.145514E+00
  0.181530E+00
  0.217404E+00
  0.251934E+00
  0.287445E+00
  0.324363E+00
  0.360546E+00
  0.395746E+00
  0.430783E+00
  0.465005E+00
  0.498651E+00
  0.532668E+00
  0.567927E+00
  0.603809E+00
  0.640436E+00
  0.676891E+00
  0.712811E+00
  0.748259E+00
  0.783294E+00
  0.818354E+00
  0.853128E+00
  0.886799E+00
  0.921058E+00
  0.955326E+00
  0.988428E+00
  0.102046E+01
  0.105155E+01
  0.108144E+01
  0.111053E+01
  0.113928E+01
  0.116870E+01
  0.119653E+01
  0.122255E+01
  0.124920E+01
  0.127545E+01
  0.129939E+01
  0.132393E+01
  0.134899E+01
  0.137325E+01
  0.139799E+01
  0.142246E+01
  0.144468E+01
  0.146642E+01
  0.148767E+01
  0.150840E+01
  0.152907E+01
  0.154927E+01
  0.156825E+01
  0.158631E+01
  0.160345E+01
  0.161990E+01
  0.163489E+01
  0.164854E+01
  0.166135E+01
  0.167426E+01
  0.168644E+01
  0.169788E+01
  0.170836E+01
  0.171739E+01
  0.172503E+01
  0.173131E+01
  0.173562E+01
  0.173910E+01
  0.174120E+01
  0.174241E+01
  0.174364E+01
  0.174394E+01
  0.174250E+01
  0.174093E+01
  0.173817E+01
  0.173368E+01
  0.172897E+01
  0.172470E+01
  0.171953E+01
  0.171455E+01
  0.170957E+01
  0.170410E+01
  0.169858E+01
  0.169249E+01
  0.168524E+01
  0.167761E+01
  0.166933E+01
  0.166149E+01
  0.165334E+01
  0.164440E+01
  0.163455E+01
  0.162365E+01
  0.161178E+01
  0.159897E+01
  0.158503E+01
  0.157068E+01
  0.155450E+01
  0.153772E+01
  0.152151E+01
  0.150427E+01
  0.148513E+01
  0.146460E+01
  0.144274E+01
  0.142029E+01
  0.139678E+01
  0.137339E+01
  0.134980E+01
  0.132479E+01
  0.129869E+01
  0.127216E+01
  0.124527E+01
  0.121802E+01
  0.118962E+01
  0.116160E+01
  0.113404E+01
  0.110688E+01
  0.107978E+01
  0.105287E+01
  0.102614E+01
  0.998596E+00
  0.970608E+00
  0.943999E+00
  0.918504E+00
  0.894094E+00
  0.869997E+00
  0.846628E+00
  0.823693E+00
  0.800887E+00
  0.779481E+00
  0.759624E+00
  0.739840E+00
  0.720513E+00
  0.702473E+00
  0.687458E+00
  0.674747E+00
  0.662326E+00
  0.650363E+00
  0.640435E+00
  0.631965E+00
  0.624771E+00
  0.619736E+00
  0.617124E+00
  0.615836E+00
  0.617332E+00
  0.620920E+00
  0.624880E+00
  0.629661E+00
  0.635038E+00
  0.641722E+00
  0.652100E+00
  0.663687E+00
  0.675470E+00
  0.690945E+00
  0.709966E+00
  0.727049E+00
  0.742652E+00
  0.760325E+00
  0.779022E+00
  0.797750E+00
  0.819027E+00
  0.842448E+00
  0.866604E+00
  0.891267E+00
  0.916677E+00
  0.941805E+00
  0.967088E+00
  0.992153E+00
  0.101613E+01
  0.103997E+01
  0.106588E+01
  0.109369E+01
  0.112053E+01
  0.114436E+01
  0.116769E+01
  0.119243E+01
  0.121854E+01
  0.124318E+01
  0.126607E+01
  0.129022E+01
  0.131535E+01
  0.133836E+01
  0.136062E+01
  0.138386E+01
  0.140671E+01
  0.142731E+01
  0.144800E+01
  0.146943E+01
  0.148997E+01
  0.150976E+01
  0.153063E+01
  0.155215E+01
  0.157209E+01
  0.159103E+01
  0.161202E+01
  0.163259E+01
  0.165148E+01
  0.167053E+01
  0.169012E+01
  0.170861E+01
  0.172674E+01
  0.174597E+01
  0.176653E+01
  0.178666E+01
  0.180613E+01
  0.182578E+01
  0.184691E+01
  0.186802E+01
  0.188772E+01
  0.190765E+01
  0.192807E+01
  0.194677E+01
  0.196682E+01
  0.198835E+01
  0.200784E+01
  0.202618E+01
  0.204501E+01
  0.206181E+01
  0.207782E+01
  0.209385E+01
  0.210764E+01
  0.211919E+01
  0.213044E+01
  0.214084E+01
  0.215143E+01
  0.216201E+01
  0.217100E+01
  0.217770E+01
  0.218246E+01
  0.218526E+01
  0.218753E+01
  0.218984E+01
  0.219215E+01
  0.219409E+01
  0.219648E+01
  0.219784E+01
  0.219787E+01
  0.219647E+01
  0.219309E+01
  0.218883E+01
  0.218492E+01
  0.218054E+01
  0.217621E+01
  0.217147E+01
  0.216609E+01
  0.215932E+01
  0.215169E+01
  0.214379E+01
  0.213571E+01
  0.212663E+01
  0.211757E+01
  0.210921E+01
  0.210064E+01
  0.209122E+01
  0.208261E+01
  0.207427E+01
  0.206576E+01
  0.205746E+01
  0.204953E+01
  0.204125E+01
  0.203414E+01
  0.202796E+01
  0.202129E+01
  0.201524E+01
  0.201081E+01
  0.200633E+01
  0.200341E+01
  0.200171E+01
  0.199992E+01
  0.199865E+01
  0.199850E+01
  0.199888E+01
  0.200049E+01
  0.200391E+01
  0.200931E+01
  0.201539E+01
  0.202216E+01
  0.202912E+01
  0.203698E+01
  0.204611E+01
  0.205605E+01
  0.206704E+01
  0.207963E+01
  0.209263E+01
  0.210682E+01
  0.212228E+01
  0.213815E+01
  0.215413E+01
  0.217083E+01
  0.218759E+01
  0.220531E+01
  0.222427E+01
  0.224400E+01
  0.226347E+01
  0.228402E+01
  0.230653E+01
  0.232973E+01
  0.235301E+01
  0.237808E+01
  0.240395E+01
  0.243061E+01
  0.245843E+01
  0.248694E+01
  0.251592E+01
  0.254670E+01
  0.257831E+01
  0.261099E+01
  0.264533E+01
  0.268048E+01
  0.271630E+01
  0.275391E+01
  0.279093E+01
  0.282757E+01
  0.286607E+01
  0.290666E+01
  0.294748E+01
  0.298881E+01
  0.303013E+01
  0.307117E+01
  0.311200E+01
  0.315261E+01
  0.319263E+01
  0.323362E+01
  0.327554E+01
  0.331762E+01
  0.335956E+01
  0.340227E+01
  0.344471E+01
  0.348680E+01
  0.352789E+01
  0.356850E+01
  0.360961E+01
  0.365100E+01
  0.369233E+01
  0.373490E+01
  0.377673E+01
  0.381788E+01
  0.385877E+01
  0.389885E+01
  0.393791E+01
  0.397726E+01
  0.401631E+01
  0.405580E+01
  0.409547E+01
  0.413443E+01
  0.417251E+01
  0.421114E+01
  0.424858E+01
  0.428443E+01
  0.432067E+01
  0.435734E+01
  0.439271E+01
  0.442846E+01
  0.446304E+01
  0.449635E+01
  0.452992E+01
  0.456293E+01
  0.459467E+01
  0.462708E+01
  0.465930E+01
  0.469156E+01
  0.472359E+01
  0.475481E+01
  0.478462E+01
  0.481463E+01
  0.484477E+01
  0.487462E+01
  0.490399E+01
  0.493366E+01
  0.496279E+01
  0.499185E+01
  0.502072E+01
  0.504901E+01
  0.507639E+01
  0.510408E+01
  0.513192E+01
  0.516100E+01
  0.518998E+01
  0.521850E+01
  0.524740E+01
  0.527600E+01
  0.530257E+01
  0.532954E+01
  0.535702E+01
  0.538434E+01
  0.541171E+01
  0.543987E+01
  0.546794E+01
  0.549581E+01
  0.552277E+01
  0.554924E+01
  0.557545E+01
  0.560216E+01
  0.562776E+01
  0.565325E+01
  0.567874E+01
  0.570378E+01
  0.572829E+01
  0.575250E+01
  0.577564E+01
  0.579895E+01
  0.582176E+01
  0.584408E+01
  0.586558E+01
  0.588685E+01
  0.590784E+01
  0.592894E+01
  0.594868E+01
  0.596795E+01
  0.598706E+01
  0.600617E+01
  0.602580E+01
  0.604631E+01
  0.606449E+01
  0.608118E+01
  0.609813E+01
  0.611414E+01
  0.612764E+01
  0.614050E+01
  0.615277E+01
  0.616436E+01
  0.617367E+01
  0.618070E+01
  0.618543E+01
  0.618935E+01
  0.619309E+01
  0.619618E+01
  0.619573E+01
  0.619189E+01
  0.618669E+01
  0.618248E+01
  0.617673E+01
  0.616803E+01
  0.615786E+01
  0.614779E+01
  0.613669E+01
  0.612396E+01
  0.610809E+01
  0.609105E+01
  0.607422E+01
  0.605734E+01
  0.603803E+01
  0.601698E+01
  0.599591E+01
  0.597528E+01
  0.595386E+01
  0.593180E+01
  0.590757E+01
  0.588192E+01
  0.585615E+01
  0.583129E+01
  0.580498E+01
  0.577640E+01
  0.574765E+01
  0.572010E+01
  0.569207E+01
  0.566411E+01
  0.563521E+01
  0.560650E+01
  0.557796E+01
  0.554834E+01
  0.551771E+01
  0.548683E+01
  0.545544E+01
  0.542616E+01
  0.539702E+01
  0.536616E+01
  0.533428E+01
  0.530207E+01
  0.526815E+01
  0.523330E+01
  0.519862E+01
  0.516456E+01
  0.512962E+01
  0.509459E+01
  0.505815E+01
  0.502004E+01
  0.498103E+01
  0.494139E+01
  0.490103E+01
  0.486086E+01
  0.481974E+01
  0.477868E+01
  0.473779E+01
  0.469648E+01
  0.465474E+01
  0.461366E+01
  0.457170E+01
  0.452962E+01
  0.448735E+01
  0.444506E+01
  0.440422E+01
  0.436460E+01
  0.432431E+01
  0.428511E+01
  0.424632E+01
  0.420716E+01
  0.416804E+01
  0.412963E+01
  0.409078E+01
  0.405220E+01
  0.401424E+01
  0.397699E+01
  0.393957E+01
  0.390230E+01
  0.386533E+01
  0.382957E+01
  0.379408E+01
  0.375860E+01
  0.372251E+01
  0.368580E+01
  0.364948E+01
  0.361450E+01
  0.357933E+01
  0.354454E+01
  0.351000E+01
  0.347546E+01
  0.344065E+01
  0.340548E+01
  0.336883E+01
  0.333222E+01
  0.329642E+01
  0.326034E+01
  0.322313E+01
  0.318606E+01
  0.314801E+01
  0.310901E+01
  0.306888E+01
  0.302717E+01
  0.298457E+01
  0.294269E+01
  0.290064E+01
  0.285832E+01
  0.281510E+01
  0.277093E+01
  0.272538E+01
  0.267902E+01
  0.263135E+01
  0.258208E+01
  0.253068E+01
  0.247715E+01
  0.242285E+01
  0.236864E+01
  0.231208E+01
  0.225397E+01
  0.219465E+01
  0.213461E+01
  0.207431E+01
  0.201214E+01
  0.194645E+01
  0.187899E+01
  0.181080E+01
  0.174137E+01
  0.167065E+01
  0.159923E+01
  0.152560E+01
  0.145117E+01
  0.137600E+01
  0.129897E+01
  0.121963E+01
  0.113867E+01
  0.105693E+01
  0.974779E+00
  0.892365E+00
  0.809849E+00
  0.725682E+00
  0.641075E+00
  0.556358E+00
  0.470578E+00
  0.383849E+00
  0.296849E+00
  0.209157E+00
  0.122147E+00
  0.362372E-01
 -0.494328E-01
 -0.134836E+00
 -0.220431E+00
 -0.306770E+00
 -0.392154E+00
 -0.477167E+00
 -0.562449E+00
 -0.646869E+00
 -0.729957E+00
 -0.812474E+00
 -0.894042E+00
 -0.975282E+00
 -0.105567E+01
 -0.113341E+01
 -0.120944E+01
 -0.128577E+01
 -0.136103E+01
 -0.143433E+01
 -0.150676E+01
 -0.157785E+01
 -0.164785E+01
 -0.171887E+01
 -0.178888E+01
 -0.185679E+01
 -0.192275E+01
 -0.198713E+01
 -0.205117E+01
 -0.211439E+01
 -0.217664E+01
 -0.223788E+01
 -0.229786E+01
 -0.235637E+01
 -0.241296E+01
 -0.246826E+01
 -0.252114E+01
 -0.257130E+01
 -0.261958E+01
 -0.266542E+01
 -0.270989E+01
 -0.275340E+01
 -0.279267E+01
 -0.282822E+01
 -0.286372E+01
 -0.289839E+01
 -0.293024E+01
 -0.295914E+01
 -0.298488E+01
 -0.300872E+01
 -0.303112E+01
 -0.305135E+01
 -0.306966E+01
 -0.308637E+01
 -0.310124E+01
 -0.311377E+01
 -0.312482E+01
 -0.313424E+01
 -0.314075E+01
 -0.314579E+01
 -0.315001E+01
 -0.315295E+01
 -0.315543E+01
 -0.315706E+01
 -0.315671E+01
 -0.315456E+01
 -0.315127E+01
 -0.314733E+01
 -0.314191E+01
 -0.313464E+01
 -0.312655E+01
 -0.311721E+01
 -0.310651E+01
 -0.309435E+01
 -0.308008E+01
 -0.306523E+01
 -0.305041E+01
 -0.303487E+01
 -0.301881E+01
 -0.300227E+01
 -0.298485E+01
 -0.296572E+01
 -0.294553E+01
 -0.292591E+01
 -0.290587E+01
 -0.288422E+01
 -0.286315E+01
 -0.284342E+01
 -0.282212E+01
 -0.279952E+01
 -0.277734E+01
 -0.275445E+01
 -0.273119E+01
 -0.270848E+01
 -0.268494E+01
 -0.266034E+01
 -0.263634E+01
 -0.261285E+01
 -0.258841E+01
 -0.256307E+01
 -0.253650E+01
 -0.250956E+01
 -0.248402E+01
 -0.245891E+01
 -0.243291E+01
 -0.240673E+01
 -0.238083E+01
 -0.235451E+01
 -0.232828E+01
 -0.230264E+01
 -0.227598E+01
 -0.224919E+01
 -0.222301E+01
 -0.219574E+01
 -0.216753E+01
 -0.213891E+01
 -0.210959E+01
 -0.207931E+01
 -0.204809E+01
 -0.201782E+01
 -0.198750E+01
 -0.195559E+01
 -0.192401E+01
 -0.189270E+01
 -0.186031E+01
 -0.182675E+01
 -0.179223E+01
 -0.175833E+01
 -0.172367E+01
 -0.168771E+01
 -0.165189E+01
 -0.161508E+01
 -0.157684E+01
 -0.153775E+01
 -0.149770E+01
 -0.145681E+01
 -0.141562E+01
 -0.137472E+01
 -0.133258E+01
 -0.128941E+01
 -0.124501E+01
 -0.119911E+01
 -0.115279E+01
 -0.110464E+01
 -0.105397E+01
 -0.100178E+01
 -0.948316E+00
 -0.894474E+00
 -0.839832E+00
 -0.784037E+00
 -0.726109E+00
 -0.666088E+00
 -0.604826E+00
 -0.542230E+00
 -0.477792E+00
 -0.412345E+00
 -0.346699E+00
 -0.279100E+00
 -0.208578E+00
 -0.137553E+00
 -0.654421E-01
  0.846624E-02
  0.832465E-01
  0.158950E+00
  0.235461E+00
  0.311751E+00
  0.389113E+00
  0.467228E+00
  0.545216E+00
  0.624256E+00
  0.704302E+00
  0.783396E+00
  0.862592E+00
  0.942348E+00
  0.102203E+01
  0.110126E+01
  0.118101E+01
  0.126104E+01
  0.134065E+01
  0.141947E+01
  0.149727E+01
  0.157448E+01
  0.165264E+01
  0.173048E+01
  0.180682E+01
  0.188161E+01
  0.195592E+01
  0.202982E+01
  0.210386E+01
  0.217708E+01
  0.224973E+01
  0.232183E+01
  0.239222E+01
  0.246121E+01
  0.252943E+01
  0.259664E+01
  0.266421E+01
  0.273149E+01
  0.279815E+01
  0.286380E+01
  0.292764E+01
  0.298879E+01
  0.304946E+01
  0.310919E+01
  0.316722E+01
  0.322452E+01
  0.328231E+01
  0.334057E+01
  0.339856E+01
  0.345507E+01
  0.351092E+01
  0.356572E+01
  0.362052E+01
  0.367448E+01
  0.372857E+01
  0.378446E+01
  0.384066E+01
  0.389563E+01
  0.395063E+01
  0.400468E+01
  0.405842E+01
  0.411194E+01
  0.416485E+01
  0.421730E+01
  0.427016E+01
  0.432345E+01
  0.437733E+01
  0.443024E+01
  0.448368E+01
  0.453653E+01
  0.458844E+01
  0.464115E+01
  0.469384E+01
  0.474560E+01
  0.479756E+01
  0.484909E+01
  0.490131E+01
  0.495274E+01
  0.500365E+01
  0.505440E+01
  0.510491E+01
  0.515490E+01
  0.520532E+01
  0.525598E+01
  0.530694E+01
  0.535759E+01
  0.540844E+01
  0.545837E+01
  0.550773E+01
  0.555745E+01
  0.560722E+01
  0.565617E+01
  0.570670E+01
  0.575611E+01
  0.580434E+01
  0.585380E+01
  0.590266E+01
  0.594952E+01
  0.599636E+01
  0.604221E+01
  0.608728E+01
  0.613229E+01
  0.617821E+01
  0.622284E+01
  0.626638E+01
  0.630992E+01
  0.635350E+01
  0.639597E+01
  0.643828E+01
  0.647926E+01
  0.651963E+01
  0.656080E+01
  0.660241E+01
  0.664301E+01
  0.668331E+01
  0.672216E+01
  0.676085E+01
  0.679832E+01
  0.683462E+01
  0.687097E+01
  0.690741E+01
  0.694269E+01
  0.697790E+01
  0.701198E+01
  0.704447E+01
  0.707604E+01
  0.710831E+01
  0.713857E+01
  0.716679E+01
  0.719479E+01
  0.722280E+01
  0.724909E+01
  0.727401E+01
  0.729619E+01
  0.731665E+01
  0.733569E+01
  0.735270E+01
  0.736737E+01
  0.738134E+01
  0.739303E+01
  0.740304E+01
  0.741097E+01
  0.741636E+01
  0.741952E+01
  0.742143E+01
  0.742126E+01
  0.742089E+01
  0.741946E+01
  0.741594E+01
  0.741020E+01
  0.740319E+01
  0.739336E+01
  0.738125E+01
  0.736791E+01
  0.735377E+01
  0.733728E+01
  0.731960E+01
  0.730041E+01
  0.727994E+01
  0.725733E+01
  0.723192E+01
  0.720393E+01
  0.717511E+01
  0.714487E+01
  0.711384E+01
  0.708165E+01
  0.704927E+01
  0.701569E+01
  0.698032E+01
  0.694259E+01
  0.690388E+01
  0.686400E+01
  0.682341E+01
  0.678188E+01
  0.673921E+01
  0.669461E+01
  0.664918E+01
  0.660189E+01
  0.655369E+01
  0.650446E+01
  0.645424E+01
  0.640287E+01
  0.635032E+01
  0.629621E+01
  0.624280E+01
  0.618904E+01
  0.613425E+01
  0.607919E+01
  0.602445E+01
  0.596791E+01
  0.591184E+01
  0.585727E+01
  0.580199E+01
  0.574635E+01
  0.569141E+01
  0.563539E+01
  0.558027E+01
  0.552416E+01
  0.546675E+01
  0.540899E+01
  0.535121E+01
  0.529332E+01
  0.523556E+01
  0.517754E+01
  0.511945E+01
  0.506089E+01
  0.500275E+01
  0.494363E+01
  0.488395E+01
  0.482277E+01
  0.476114E+01
  0.470042E+01
  0.463940E+01
  0.457705E+01
  0.451676E+01
  0.445733E+01
  0.439643E+01
  0.433495E+01
  0.427347E+01
  0.421113E+01
  0.414850E+01
  0.408455E+01
  0.402099E+01
  0.395706E+01
  0.389222E+01
  0.382727E+01
  0.376214E+01
  0.369629E+01
  0.362925E+01
  0.356047E+01
  0.349197E+01
  0.342285E+01
  0.335284E+01
  0.328273E+01
  0.321334E+01
  0.314309E+01
  0.307149E+01
  0.299917E+01
  0.292702E+01
  0.285467E+01
  0.278245E+01
  0.270957E+01
  0.263743E+01
  0.256573E+01
  0.249287E+01
  0.241971E+01
  0.234753E+01
  0.227457E+01
  0.220131E+01
  0.212827E+01
  0.205502E+01
  0.198173E+01
  0.191026E+01
  0.183830E+01
  0.176548E+01
  0.169440E+01
  0.162393E+01
  0.155285E+01
  0.148322E+01
  0.141368E+01
  0.134474E+01
  0.127728E+01
  0.121017E+01
  0.114359E+01
  0.107840E+01
  0.101337E+01
  0.949008E+00
  0.885648E+00
  0.822663E+00
  0.760358E+00
  0.699325E+00
  0.638190E+00
  0.578299E+00
  0.519163E+00
  0.459227E+00
  0.399786E+00
  0.341979E+00
  0.284641E+00
  0.228425E+00
  0.173070E+00
  0.117732E+00
  0.637116E-01
  0.115414E-01
 -0.411606E-01
 -0.936041E-01
 -0.145133E+00
 -0.196121E+00
 -0.245836E+00
 -0.294164E+00
 -0.342091E+00
 -0.389351E+00
 -0.436395E+00
 -0.483009E+00
 -0.529069E+00
 -0.575193E+00
 -0.621832E+00
 -0.668119E+00
 -0.713545E+00
 -0.758104E+00
 -0.802021E+00
 -0.844967E+00
 -0.886560E+00
 -0.926690E+00
 -0.966819E+00
 -0.100553E+01
 -0.104269E+01
 -0.108000E+01
 -0.111588E+01
 -0.114930E+01
 -0.118138E+01
 -0.121205E+01
 -0.124142E+01
 -0.126965E+01
 -0.129703E+01
 -0.132359E+01
 -0.134928E+01
 -0.137349E+01
 -0.139660E+01
 -0.141891E+01
 -0.144055E+01
 -0.146142E+01
 -0.148145E+01
 -0.150103E+01
 -0.152085E+01
 -0.154101E+01
 -0.156114E+01
 -0.158086E+01
 -0.160128E+01
 -0.162149E+01
 -0.164079E+01
 -0.166023E+01
 -0.167920E+01
 -0.169754E+01
 -0.171707E+01
 -0.173711E+01
 -0.175638E+01
 -0.177427E+01
 -0.179198E+01
 -0.181122E+01
 -0.183128E+01
 -0.185139E+01
 -0.187249E+01
 -0.189322E+01
 -0.191372E+01
 -0.193581E+01
 -0.195813E+01
 -0.198008E+01
 -0.200304E+01
 -0.202623E+01
 -0.204976E+01
 -0.207444E+01
 -0.209960E+01
 -0.212441E+01
 -0.215037E+01
 -0.217728E+01
 -0.220304E+01
 -0.222829E+01
 -0.225392E+01
 -0.227919E+01
 -0.230502E+01
 -0.233168E+01
 -0.235803E+01
 -0.238424E+01
 -0.241087E+01
 -0.243651E+01
 -0.246185E+01
 -0.248855E+01
 -0.251517E+01
 -0.254086E+01
 -0.256654E+01
 -0.259138E+01
 -0.261558E+01
 -0.263977E+01
 -0.266253E+01
 -0.268402E+01
 -0.270597E+01
 -0.272750E+01
 -0.274806E+01
 -0.276868E+01
 -0.278872E+01
 -0.280759E+01
 -0.282595E+01
 -0.284333E+01
 -0.285971E+01
 -0.287506E+01
 -0.288946E+01
 -0.290367E+01
 -0.291779E+01
 -0.293151E+01
 -0.294450E+01
 -0.295653E+01
 -0.296769E+01
 -0.297769E+01
 -0.298663E+01
 -0.299432E+01
 -0.300070E+01
 -0.300588E+01
 -0.301003E+01
 -0.301336E+01
 -0.301561E+01
 -0.301660E+01
 -0.301664E+01
 -0.301618E+01
 -0.301533E+01
 -0.301356E+01
 -0.301121E+01
 -0.300847E+01
 -0.300474E+01
 -0.300064E+01
 -0.299614E+01
 -0.298979E+01
 -0.298270E+01
 -0.297569E+01
 -0.296794E+01
 -0.295974E+01
 -0.295078E+01
 -0.294062E+01
 -0.292962E+01
 -0.291756E+01
 -0.290483E+01
 -0.289174E+01
 -0.287829E+01
 -0.286442E+01
 -0.285017E+01
 -0.283573E+01
 -0.282051E+01
 -0.280424E+01
 -0.278798E+01
 -0.277184E+01
 -0.275550E+01
 -0.273909E+01
 -0.272242E+01
 -0.270565E+01
 -0.268940E+01
 -0.267325E+01
 -0.265673E+01
 -0.263995E+01
 -0.262298E+01
 -0.260667E+01
 -0.259160E+01
 -0.257611E+01
 -0.255974E+01
 -0.254390E+01
 -0.252892E+01
 -0.251466E+01
 -0.250119E+01
 -0.248830E+01
 -0.247699E+01
 -0.246689E+01
 -0.245652E+01
 -0.244649E+01
 -0.243731E+01
 -0.242802E+01
 -0.241904E+01
 -0.241127E+01
 -0.240469E+01
 -0.239917E+01
 -0.239443E+01
 -0.238950E+01
 -0.238444E+01
 -0.237911E+01
 -0.237332E+01
 -0.236823E+01
 -0.236400E+01
 -0.235936E+01
 -0.235505E+01
 -0.235180E+01
 -0.234866E+01
 -0.234514E+01
 -0.234098E+01
 -0.233588E+01
 -0.233105E+01
 -0.232686E+01
 -0.232238E+01
 -0.231733E+01
 -0.231267E+01
 -0.230808E+01
 -0.230317E+01
 -0.229860E+01
 -0.229363E+01
 -0.228755E+01
 -0.228152E+01
 -0.227544E+01
 -0.226763E+01
 -0.225813E+01
 -0.224881E+01
 -0.223917E+01
 -0.222882E+01
 -0.221781E+01
 -0.220499E+01
 -0.219164E+01
 -0.217900E+01
 -0.216537E+01
 -0.215043E+01
 -0.213425E+01
 -0.211750E+01
 -0.210061E+01
 -0.208296E+01
 -0.206491E+01
 -0.204700E+01
 -0.202899E+01
 -0.201019E+01
 -0.199007E+01
 -0.196889E+01
 -0.194692E+01
 -0.192533E+01
 -0.190434E+01
 -0.188320E+01
 -0.186189E+01
 -0.184078E+01
 -0.181860E+01
 -0.179451E+01
 -0.176976E+01
 -0.174493E+01
 -0.171939E+01
 -0.169444E+01
 -0.166957E+01
 -0.164368E+01
 -0.161756E+01
 -0.159101E+01
 -0.156339E+01
 -0.153500E+01
 -0.150627E+01
 -0.147778E+01
 -0.144923E+01
 -0.142118E+01
 -0.139359E+01
 -0.136616E+01
 -0.133965E+01
 -0.131422E+01
 -0.128920E+01
 -0.126528E+01
 -0.124264E+01
 -0.122076E+01
 -0.119933E+01
 -0.117908E+01
 -0.115984E+01
 -0.114105E+01
 -0.112333E+01
 -0.110723E+01
 -0.109199E+01
 -0.107709E+01
 -0.106222E+01
 -0.104805E+01
 -0.103514E+01
 -0.102314E+01
 -0.101147E+01
 -0.100019E+01
 -0.989386E+00
 -0.979835E+00
 -0.971220E+00
 -0.962977E+00
 -0.955503E+00
 -0.948877E+00
 -0.942816E+00
 -0.937791E+00
 -0.933722E+00
 -0.930695E+00
 -0.928714E+00
 -0.927937E+00
 -0.927844E+00
 -0.928023E+00
 -0.928792E+00
 -0.930378E+00
 -0.932439E+00
 -0.935490E+00
 -0.939466E+00
 -0.943921E+00
 -0.948779E+00
 -0.953687E+00
 -0.958353E+00
 -0.963290E+00
 -0.968338E+00
 -0.973826E+00
 -0.979575E+00
 -0.985379E+00
 -0.991724E+00
 -0.998287E+00
 -0.100426E+01
 -0.100993E+01
 -0.101532E+01
 -0.102055E+01
 -0.102593E+01
 -0.103146E+01
 -0.103683E+01
 -0.104199E+01
 -0.104678E+01
 -0.105096E+01
 -0.105422E+01
 -0.105716E+01
 -0.105974E+01
 -0.106179E+01
 -0.106376E+01
 -0.106549E+01
 -0.106655E+01
 -0.106748E+01
 -0.106797E+01
 -0.106793E+01
 -0.106781E+01
 -0.106772E+01
 -0.106738E+01
 -0.106673E+01
 -0.106593E+01
 -0.106486E+01
 -0.106307E+01
 -0.106076E+01
 -0.105802E+01
 -0.105514E+01
 -0.105211E+01
 -0.104878E+01
 -0.104511E+01
 -0.104096E+01
 -0.103625E+01
 -0.103121E+01
 -0.102560E+01
 -0.101929E+01
 -0.101265E+01
 -0.100586E+01
 -0.998592E+00
 -0.991191E+00
 -0.983708E+00
 -0.975612E+00
 -0.966760E+00
 -0.957484E+00
 -0.947815E+00
 -0.937879E+00
 -0.927783E+00
 -0.917462E+00
 -0.906733E+00
 -0.895828E+00
 -0.884622E+00
 -0.873026E+00
 -0.861226E+00
 -0.849162E+00
 -0.836782E+00
 -0.824435E+00
 -0.811936E+00
 -0.799334E+00
 -0.786741E+00
 -0.774013E+00
 -0.761129E+00
 -0.748353E+00
 -0.735624E+00
 -0.722959E+00
 -0.710428E+00
 -0.697872E+00
 -0.685106E+00
 -0.672503E+00
 -0.659962E+00
 -0.647317E+00
 -0.634797E+00
 -0.622477E+00
 -0.610197E+00
 -0.598181E+00
 -0.586235E+00
 -0.574275E+00
 -0.562461E+00
 -0.550735E+00
 -0.539159E+00
 -0.527977E+00
 -0.516933E+00
 -0.506134E+00
 -0.495558E+00
 -0.485045E+00
 -0.474704E+00
 -0.464589E+00
 -0.454439E+00
 -0.444515E+00
 -0.434938E+00
 -0.425545E+00
 -0.416363E+00
 -0.407470E+00
 -0.398630E+00
 -0.389927E+00
 -0.381418E+00
 -0.373118E+00
 -0.365119E+00
 -0.357543E+00
 -0.350142E+00
 -0.342876E+00
 -0.335771E+00
 -0.328734E+00
 -0.321743E+00
 -0.315001E+00
 -0.308367E+00
 -0.301828E+00
 -0.295471E+00
 -0.289270E+00
 -0.283072E+00
 -0.276983E+00
 -0.270999E+00
 -0.265125E+00
 -0.259387E+00
 -0.253853E+00
 -0.248447E+00
 -0.243106E+00
 -0.237813E+00
 -0.232665E+00
 -0.227512E+00
 -0.222360E+00
 -0.217255E+00
 -0.212236E+00
 -0.207282E+00
 -0.202400E+00
 -0.197559E+00
 -0.192795E+00
 -0.188048E+00
 -0.183356E+00
 -0.178672E+00
 -0.174035E+00
 -0.169463E+00
 -0.164961E+00
 -0.160537E+00
 -0.156258E+00
 -0.152015E+00
 -0.147818E+00
 -0.143700E+00
 -0.139667E+00
 -0.135673E+00
 -0.131795E+00
 -0.128004E+00
 -0.124284E+00
 -0.120642E+00
 -0.117105E+00
 -0.113627E+00
 -0.110265E+00
 -0.106962E+00
 -0.103727E+00
 -0.100615E+00
 -0.976222E-01
 -0.946841E-01
 -0.918675E-01
 -0.891344E-01
 -0.864732E-01
 -0.838721E-01
 -0.813370E-01
 -0.788503E-01
 -0.764614E-01
 -0.741475E-01
 -0.719031E-01
 -0.697242E-01
 -0.676233E-01
 -0.655680E-01
 -0.635925E-01
 -0.616834E-01
 -0.598526E-01
 -0.580830E-01
 -0.563879E-01
 -0.547472E-01
 -0.531810E-01
 -0.516692E-01
 -0.502130E-01
 -0.488012E-01
 -0.474458E-01
 -0.461226E-01
 -0.448455E-01
 -0.436013E-01
 -0.423983E-01
 -0.412169E-01
 -0.400704E-01
 -0.389510E-01
 -0.378624E-01
 -0.367901E-01
 -0.357432E-01
 -0.347136E-01
 -0.337207E-01
 -0.327376E-01
 -0.317662E-01
 -0.308180E-01
 -0.298968E-01
 -0.289839E-01
 -0.280895E-01
 -0.272028E-01
 -0.263360E-01
 -0.254773E-01
 -0.246293E-01
 -0.237945E-01
 -0.229784E-01
 -0.221686E-01
 -0.213744E-01
 -0.205890E-01
 -0.198188E-01
 -0.190562E-01
 -0.183066E-01
 -0.175707E-01
 -0.168506E-01
 -0.161395E-01
 -0.154447E-01
 -0.147605E-01
 -0.140927E-01
 -0.134350E-01
 -0.127900E-01
 -0.121589E-01
 -0.115451E-01
 -0.109432E-01
 -0.103572E-01
 -0.978418E-02
 -0.922817E-02
 -0.868530E-02
 -0.815726E-02
 -0.764524E-02
 -0.715070E-02
 -0.667051E-02
 -0.620724E-02
 -0.575902E-02
 -0.532837E-02
 -0.491284E-02
 -0.451364E-02
 -0.413113E-02
 -0.376600E-02
 -0.341663E-02
 -0.308449E-02
 -0.276876E-02
 -0.247044E-02
 -0.218844E-02
 -0.192337E-02
 -0.167539E-02
 -0.144481E-02
 -0.123093E-02
 -0.103431E-02
 -0.854649E-03
 -0.692270E-03
 -0.546831E-03
 -0.418555E-03
 -0.307420E-03
 -0.213461E-03
 -0.136564E-03
 -0.768105E-04
 -0.341191E-04
 -0.852438E-05
  0.000000E+00
