    10.00   0.0500     7800     1.30    97.58     135.64      2713      0.207071
  0.000000E+00
 -0.713758E-04
 -0.281860E-03
 -0.623934E-03
 -0.109058E-02
 -0.167888E-02
 -0.238626E-02
 -0.319462E-02
 -0.407395E-02
 -0.504312E-02
 -0.606596E-02
 -0.711819E-02
 -0.826331E-02
 -0.946367E-02
 -0.105848E-01
 -0.117419E-01
 -0.128746E-01
 -0.138925E-01
 -0.149833E-01
 -0.160278E-01
 -0.168652E-01
 -0.177935E-01
 -0.185119E-01
 -0.190319E-01
 -0.194474E-01
 -0.197677E-01
 -0.202369E-01
 -0.206081E-01
 -0.206832E-01
 -0.206937E-01
 -0.205096E-01
 -0.204944E-01
 -0.203839E-01
 -0.201274E-01
 -0.200333E-01
 -0.199235E-01
 -0.193461E-01
 -0.187404E-01
 -0.181399E-01
 -0.174327E-01
 -0.164846E-01
 -0.153413E-01
 -0.138281E-01
 -0.121319E-01
 -0.100970E-01
 -0.821903E-02
 -0.601587E-02
 -0.343109E-02
 -0.430164E-03
  0.283118E-02
  0.594960E-02
  0.887462E-02
  0.121928E-01
  0.155407E-01
  0.188215E-01
  0.215385E-01
  0.248890E-01
  0.275798E-01
  0.291197E-01
  0.309062E-01
  0.326097E-01
  0.335903E-01
  0.344174E-01
  0.345570E-01
  0.350352E-01
  0.351043E-01
  0.354158E-01
  0.356286E-01
  0.350934E-01
  0.341537E-01
  0.334554E-01
  0.326380E-01
  0.321879E-01
  0.310330E-01
  0.296451E-01
  0.280383E-01
  0.270752E-01
  0.256503E-01
  0.240887E-01
  0.221770E-01
  0.201258E-01
  0.182366E-01
  0.160766E-01
  0.135933E-01
  0.130028E-01
  0.127453E-01
  0.132165E-01
  0.123718E-01
  0.107469E-01
  0.952525E-02
  0.785714E-02
  0.665086E-02
  0.654829E-02
  0.461847E-02
  0.311285E-02
  0.100222E-02
 -0.138943E-02
 -0.278405E-02
 -0.386177E-02
 -0.678917E-02
 -0.832053E-02
 -0.916552E-02
 -0.973354E-02
 -0.895230E-02
 -0.801607E-02
 -0.787471E-02
 -0.772253E-02
 -0.790998E-02
 -0.584972E-02
 -0.666546E-02
 -0.549099E-02
 -0.159658E-02
  0.186266E-02
  0.689707E-02
  0.105236E-01
  0.136004E-01
  0.180112E-01
  0.206144E-01
  0.267909E-01
  0.316997E-01
  0.385501E-01
  0.471463E-01
  0.510679E-01
  0.557530E-01
  0.611848E-01
  0.628715E-01
  0.663971E-01
  0.692802E-01
  0.735263E-01
  0.786983E-01
  0.841927E-01
  0.879420E-01
  0.886346E-01
  0.911796E-01
  0.982991E-01
  0.101783E+00
  0.108285E+00
  0.115770E+00
  0.120169E+00
  0.126836E+00
  0.133001E+00
  0.136997E+00
  0.140856E+00
  0.141980E+00
  0.147616E+00
  0.152294E+00
  0.156507E+00
  0.161441E+00
  0.166397E+00
  0.172952E+00
  0.180226E+00
  0.188261E+00
  0.198144E+00
  0.205366E+00
  0.213558E+00
  0.221227E+00
  0.230502E+00
  0.239719E+00
  0.246592E+00
  0.252246E+00
  0.260083E+00
  0.265768E+00
  0.274225E+00
  0.283900E+00
  0.288750E+00
  0.293648E+00
  0.302125E+00
  0.306867E+00
  0.314554E+00
  0.325484E+00
  0.335568E+00
  0.344871E+00
  0.356897E+00
  0.370052E+00
  0.381360E+00
  0.390532E+00
  0.403386E+00
  0.411687E+00
  0.418470E+00
  0.426528E+00
  0.434136E+00
  0.440729E+00
  0.448863E+00
  0.455036E+00
  0.459129E+00
  0.464165E+00
  0.470952E+00
  0.480849E+00
  0.498138E+00
  0.512437E+00
  0.526460E+00
  0.540266E+00
  0.553687E+00
  0.567382E+00
  0.581995E+00
  0.601038E+00
  0.621048E+00
  0.634954E+00
  0.650410E+00
  0.666063E+00
  0.679619E+00
  0.688213E+00
  0.698687E+00
  0.711130E+00
  0.724070E+00
  0.739897E+00
  0.757853E+00
  0.775852E+00
  0.803011E+00
  0.834929E+00
  0.872326E+00
  0.919792E+00
  0.979837E+00
  0.104845E+01
  0.112508E+01
  0.122064E+01
  0.133468E+01
  0.145337E+01
  0.158779E+01
  0.174331E+01
  0.192142E+01
  0.210904E+01
  0.230294E+01
  0.251430E+01
  0.273923E+01
  0.296765E+01
  0.320218E+01
  0.344637E+01
  0.370190E+01
  0.395963E+01
  0.422512E+01
  0.449735E+01
  0.477820E+01
  0.507085E+01
  0.537427E+01
  0.568962E+01
  0.601826E+01
  0.635703E+01
  0.671289E+01
  0.708440E+01
  0.747577E+01
  0.788386E+01
  0.830662E+01
  0.874564E+01
  0.920747E+01
  0.968927E+01
  0.101875E+02
  0.106969E+02
  0.112168E+02
  0.117430E+02
  0.122782E+02
  0.128190E+02
  0.133659E+02
  0.139143E+02
  0.144677E+02
  0.150290E+02
  0.156013E+02
  0.161830E+02
  0.167732E+02
  0.173662E+02
  0.179653E+02
  0.185642E+02
  0.191670E+02
  0.197680E+02
  0.203674E+02
  0.209655E+02
  0.215624E+02
  0.221574E+02
  0.227561E+02
  0.233530E+02
  0.239456E+02
  0.245323E+02
  0.251202E+02
  0.257029E+02
  0.262821E+02
  0.268529E+02
  0.274176E+02
  0.279787E+02
  0.285495E+02
  0.291346E+02
  0.297403E+02
  0.303675E+02
  0.310209E+02
  0.317078E+02
  0.324421E+02
  0.332185E+02
  0.340473E+02
  0.349297E+02
  0.358785E+02
  0.369059E+02
  0.380117E+02
  0.391902E+02
  0.404461E+02
  0.417695E+02
  0.431652E+02
  0.446241E+02
  0.461360E+02
  0.476904E+02
  0.492952E+02
  0.509515E+02
  0.526731E+02
  0.544637E+02
  0.563322E+02
  0.582733E+02
  0.602933E+02
  0.623861E+02
  0.645638E+02
  0.668339E+02
  0.691933E+02
  0.716318E+02
  0.741704E+02
  0.768082E+02
  0.795589E+02
  0.824150E+02
  0.853688E+02
  0.884219E+02
  0.915804E+02
  0.948314E+02
  0.981932E+02
  0.101647E+03
  0.105181E+03
  0.108766E+03
  0.112393E+03
  0.116046E+03
  0.119715E+03
  0.123362E+03
  0.126977E+03
  0.130551E+03
  0.134085E+03
  0.137552E+03
  0.140964E+03
  0.144305E+03
  0.147577E+03
  0.150761E+03
  0.153833E+03
  0.156751E+03
  0.159496E+03
  0.162020E+03
  0.164334E+03
  0.166427E+03
  0.168303E+03
  0.169934E+03
  0.171310E+03
  0.172429E+03
  0.173318E+03
  0.173997E+03
  0.174521E+03
  0.174894E+03
  0.175145E+03
  0.175277E+03
  0.175328E+03
  0.175318E+03
  0.175246E+03
  0.175074E+03
  0.174813E+03
  0.174455E+03
  0.174011E+03
  0.173445E+03
  0.172755E+03
  0.171931E+03
  0.170971E+03
  0.169847E+03
  0.168555E+03
  0.167071E+03
  0.165414E+03
  0.163565E+03
  0.161518E+03
  0.159259E+03
  0.156784E+03
  0.154072E+03
  0.151156E+03
  0.148046E+03
  0.144763E+03
  0.141298E+03
  0.137671E+03
  0.133909E+03
  0.130069E+03
  0.126168E+03
  0.122220E+03
  0.118247E+03
  0.114288E+03
  0.110373E+03
  0.106529E+03
  0.102707E+03
  0.988813E+02
  0.950377E+02
  0.912017E+02
  0.874167E+02
  0.837133E+02
  0.800811E+02
  0.765235E+02
  0.730387E+02
  0.696592E+02
  0.663975E+02
  0.632702E+02
  0.602924E+02
  0.574655E+02
  0.547842E+02
  0.522725E+02
  0.499322E+02
  0.477568E+02
  0.457173E+02
  0.438107E+02
  0.420384E+02
  0.403837E+02
  0.388250E+02
  0.373305E+02
  0.358548E+02
  0.343922E+02
  0.329157E+02
  0.314101E+02
  0.298438E+02
  0.281839E+02
  0.264334E+02
  0.245783E+02
  0.226136E+02
  0.205597E+02
  0.184121E+02
  0.162070E+02
  0.139879E+02
  0.117885E+02
  0.961873E+01
  0.747932E+01
  0.537393E+01
  0.329482E+01
  0.123546E+01
 -0.787670E+00
 -0.276552E+01
 -0.470501E+01
 -0.663412E+01
 -0.858795E+01
 -0.105705E+02
 -0.125740E+02
 -0.146118E+02
 -0.166794E+02
 -0.187697E+02
 -0.208631E+02
 -0.229258E+02
 -0.249607E+02
 -0.269812E+02
 -0.289979E+02
 -0.309960E+02
 -0.329398E+02
 -0.348065E+02
 -0.365713E+02
 -0.382410E+02
 -0.398542E+02
 -0.414220E+02
 -0.429486E+02
 -0.444270E+02
 -0.458640E+02
 -0.472730E+02
 -0.486735E+02
 -0.500909E+02
 -0.515195E+02
 -0.529440E+02
 -0.543951E+02
 -0.558875E+02
 -0.574190E+02
 -0.589824E+02
 -0.605529E+02
 -0.621136E+02
 -0.636754E+02
 -0.652413E+02
 -0.668078E+02
 -0.683242E+02
 -0.697604E+02
 -0.711051E+02
 -0.723717E+02
 -0.736026E+02
 -0.748317E+02
 -0.760627E+02
 -0.773022E+02
 -0.785588E+02
 -0.798472E+02
 -0.811760E+02
 -0.825700E+02
 -0.840182E+02
 -0.855151E+02
 -0.870763E+02
 -0.887177E+02
 -0.904263E+02
 -0.922100E+02
 -0.940695E+02
 -0.959862E+02
 -0.979392E+02
 -0.999333E+02
 -0.101966E+03
 -0.104047E+03
 -0.106133E+03
 -0.108195E+03
 -0.110215E+03
 -0.112183E+03
 -0.114106E+03
 -0.115986E+03
 -0.117807E+03
 -0.119586E+03
 -0.121293E+03
 -0.122894E+03
 -0.124360E+03
 -0.125693E+03
 -0.126893E+03
 -0.128007E+03
 -0.129051E+03
 -0.130015E+03
 -0.130869E+03
 -0.131586E+03
 -0.132152E+03
 -0.132564E+03
 -0.132811E+03
 -0.132925E+03
 -0.132903E+03
 -0.132755E+03
 -0.132463E+03
 -0.132034E+03
 -0.131482E+03
 -0.130806E+03
 -0.130020E+03
 -0.129163E+03
 -0.128237E+03
 -0.127276E+03
 -0.126258E+03
 -0.125194E+03
 -0.124100E+03
 -0.122991E+03
 -0.121886E+03
 -0.120788E+03
 -0.119686E+03
 -0.118588E+03
 -0.117469E+03
 -0.116354E+03
 -0.115251E+03
 -0.114175E+03
 -0.113151E+03
 -0.112199E+03
 -0.111341E+03
 -0.110596E+03
 -0.109943E+03
 -0.109394E+03
 -0.108940E+03
 -0.108602E+03
 -0.108368E+03
 -0.108214E+03
 -0.108105E+03
 -0.108018E+03
 -0.107944E+03
 -0.107864E+03
 -0.107735E+03
 -0.107543E+03
 -0.107295E+03
 -0.107050E+03
 -0.106831E+03
 -0.106637E+03
 -0.106438E+03
 -0.106223E+03
 -0.106006E+03
 -0.105844E+03
 -0.105784E+03
 -0.105861E+03
 -0.106082E+03
 -0.106425E+03
 -0.106870E+03
 -0.107440E+03
 -0.108123E+03
 -0.108883E+03
 -0.109646E+03
 -0.110400E+03
 -0.111185E+03
 -0.112034E+03
 -0.112939E+03
 -0.113881E+03
 -0.114852E+03
 -0.115886E+03
 -0.117009E+03
 -0.118225E+03
 -0.119508E+03
 -0.120857E+03
 -0.122244E+03
 -0.123686E+03
 -0.125175E+03
 -0.126682E+03
 -0.128174E+03
 -0.129620E+03
 -0.130992E+03
 -0.132277E+03
 -0.133419E+03
 -0.134380E+03
 -0.135112E+03
 -0.135610E+03
 -0.135877E+03
 -0.135946E+03
 -0.135842E+03
 -0.135577E+03
 -0.135129E+03
 -0.134507E+03
 -0.133743E+03
 -0.132878E+03
 -0.131921E+03
 -0.130903E+03
 -0.129846E+03
 -0.128792E+03
 -0.127713E+03
 -0.126569E+03
 -0.125336E+03
 -0.124004E+03
 -0.122553E+03
 -0.120979E+03
 -0.119270E+03
 -0.117432E+03
 -0.115435E+03
 -0.113244E+03
 -0.110830E+03
 -0.108215E+03
 -0.105428E+03
 -0.102488E+03
 -0.993917E+02
 -0.961624E+02
 -0.928128E+02
 -0.893815E+02
 -0.859136E+02
 -0.824495E+02
 -0.790111E+02
 -0.755940E+02
 -0.721690E+02
 -0.687278E+02
 -0.652521E+02
 -0.617507E+02
 -0.582225E+02
 -0.546585E+02
 -0.510861E+02
 -0.475362E+02
 -0.440377E+02
 -0.406029E+02
 -0.371943E+02
 -0.338112E+02
 -0.305000E+02
 -0.273091E+02
 -0.242612E+02
 -0.213634E+02
 -0.186005E+02
 -0.159501E+02
 -0.134139E+02
 -0.109970E+02
 -0.869279E+01
 -0.647314E+01
 -0.431129E+01
 -0.217556E+01
 -0.578785E-01
  0.201720E+01
  0.404078E+01
  0.602225E+01
  0.796343E+01
  0.985785E+01
  0.116784E+02
  0.133924E+02
  0.149757E+02
  0.164307E+02
  0.177578E+02
  0.189718E+02
  0.200645E+02
  0.210016E+02
  0.217644E+02
  0.223792E+02
  0.228844E+02
  0.233451E+02
  0.238201E+02
  0.243366E+02
  0.248716E+02
  0.253828E+02
  0.258176E+02
  0.261332E+02
  0.263448E+02
  0.265296E+02
  0.267174E+02
  0.269050E+02
  0.270699E+02
  0.271883E+02
  0.272436E+02
  0.272555E+02
  0.272314E+02
  0.271619E+02
  0.270471E+02
  0.268768E+02
  0.266155E+02
  0.262322E+02
  0.256919E+02
  0.249847E+02
  0.241082E+02
  0.230926E+02
  0.219435E+02
  0.206525E+02
  0.192233E+02
  0.176447E+02
  0.159050E+02
  0.140246E+02
  0.120149E+02
  0.989324E+01
  0.770006E+01
  0.549636E+01
  0.332372E+01
  0.120418E+01
 -0.859442E+00
 -0.284448E+01
 -0.471545E+01
 -0.644136E+01
 -0.800077E+01
 -0.942295E+01
 -0.107339E+02
 -0.119191E+02
 -0.129804E+02
 -0.139332E+02
 -0.148162E+02
 -0.156538E+02
 -0.164494E+02
 -0.171800E+02
 -0.177876E+02
 -0.182447E+02
 -0.185717E+02
 -0.187865E+02
 -0.188673E+02
 -0.187737E+02
 -0.184915E+02
 -0.180309E+02
 -0.174396E+02
 -0.167726E+02
 -0.160332E+02
 -0.152151E+02
 -0.143210E+02
 -0.133431E+02
 -0.123049E+02
 -0.112515E+02
 -0.102170E+02
 -0.919679E+01
 -0.814889E+01
 -0.702865E+01
 -0.582634E+01
 -0.457450E+01
 -0.330180E+01
 -0.200645E+01
 -0.682449E+00
  0.690445E+00
  0.212755E+01
  0.364490E+01
  0.524981E+01
  0.693257E+01
  0.865567E+01
  0.103680E+02
  0.120390E+02
  0.136401E+02
  0.151170E+02
  0.164472E+02
  0.176317E+02
  0.186880E+02
  0.196415E+02
  0.205338E+02
  0.213709E+02
  0.221449E+02
  0.228633E+02
  0.235413E+02
  0.241990E+02
  0.248594E+02
  0.255176E+02
  0.261696E+02
  0.268144E+02
  0.274733E+02
  0.281551E+02
  0.288633E+02
  0.295688E+02
  0.302193E+02
  0.307771E+02
  0.312573E+02
  0.316856E+02
  0.320537E+02
  0.323231E+02
  0.324924E+02
  0.325582E+02
  0.325381E+02
  0.324602E+02
  0.323343E+02
  0.321417E+02
  0.318459E+02
  0.313965E+02
  0.307890E+02
  0.300586E+02
  0.292713E+02
  0.284540E+02
  0.276100E+02
  0.267460E+02
  0.258780E+02
  0.250271E+02
  0.242356E+02
  0.235385E+02
  0.229507E+02
  0.224479E+02
  0.219961E+02
  0.215647E+02
  0.211503E+02
  0.207517E+02
  0.203647E+02
  0.199624E+02
  0.195207E+02
  0.190271E+02
  0.184796E+02
  0.178786E+02
  0.172314E+02
  0.165207E+02
  0.157385E+02
  0.149048E+02
  0.140582E+02
  0.132303E+02
  0.124517E+02
  0.117266E+02
  0.110350E+02
  0.103520E+02
  0.967201E+01
  0.899665E+01
  0.835120E+01
  0.774660E+01
  0.715848E+01
  0.654652E+01
  0.588074E+01
  0.515332E+01
  0.439150E+01
  0.361938E+01
  0.285547E+01
  0.211239E+01
  0.139759E+01
  0.725101E+00
  0.138781E+00
 -0.324656E+00
 -0.640509E+00
 -0.782751E+00
 -0.748356E+00
 -0.567720E+00
 -0.278780E+00
  0.814114E-01
  0.511652E+00
  0.103220E+01
  0.165044E+01
  0.233708E+01
  0.305037E+01
  0.376593E+01
  0.449640E+01
  0.524847E+01
  0.600247E+01
  0.672483E+01
  0.737621E+01
  0.791741E+01
  0.834053E+01
  0.865265E+01
  0.888807E+01
  0.909904E+01
  0.932374E+01
  0.956534E+01
  0.984044E+01
  0.101807E+02
  0.106080E+02
  0.111270E+02
  0.117328E+02
  0.123993E+02
  0.131056E+02
  0.138232E+02
  0.145251E+02
  0.151997E+02
  0.158523E+02
  0.164780E+02
  0.170627E+02
  0.175838E+02
  0.180328E+02
  0.184031E+02
  0.187096E+02
  0.189625E+02
  0.191665E+02
  0.193203E+02
  0.194265E+02
  0.194862E+02
  0.194997E+02
  0.194646E+02
  0.193858E+02
  0.192546E+02
  0.190714E+02
  0.188306E+02
  0.185373E+02
  0.181959E+02
  0.178061E+02
  0.173581E+02
  0.168451E+02
  0.162524E+02
  0.155601E+02
  0.147636E+02
  0.138949E+02
  0.129750E+02
  0.120215E+02
  0.110479E+02
  0.100492E+02
  0.899874E+01
  0.788962E+01
  0.672328E+01
  0.552125E+01
  0.431265E+01
  0.308828E+01
  0.181673E+01
  0.483027E+00
 -0.934347E+00
 -0.243372E+01
 -0.397126E+01
 -0.549031E+01
 -0.695031E+01
 -0.831110E+01
 -0.955582E+01
 -0.106822E+02
 -0.116734E+02
 -0.125047E+02
 -0.131554E+02
 -0.136125E+02
 -0.138709E+02
 -0.139224E+02
 -0.137622E+02
 -0.133976E+02
 -0.128695E+02
 -0.122464E+02
 -0.115906E+02
 -0.109492E+02
 -0.103483E+02
 -0.977506E+01
 -0.921174E+01
 -0.865424E+01
 -0.811001E+01
 -0.759334E+01
 -0.711512E+01
 -0.667494E+01
 -0.626712E+01
 -0.589145E+01
 -0.555998E+01
 -0.527987E+01
 -0.506019E+01
 -0.489979E+01
 -0.479046E+01
 -0.471973E+01
 -0.469484E+01
 -0.473244E+01
 -0.483946E+01
 -0.502506E+01
 -0.530706E+01
 -0.568699E+01
 -0.613273E+01
 -0.660621E+01
 -0.708441E+01
 -0.756803E+01
 -0.808285E+01
 -0.860905E+01
 -0.910808E+01
 -0.951972E+01
 -0.978250E+01
 -0.988082E+01
 -0.981573E+01
 -0.961293E+01
 -0.930201E+01
 -0.890778E+01
 -0.845873E+01
 -0.796643E+01
 -0.745769E+01
 -0.695123E+01
 -0.646171E+01
 -0.601790E+01
 -0.565435E+01
 -0.537697E+01
 -0.515646E+01
 -0.495322E+01
 -0.474425E+01
 -0.452651E+01
 -0.429689E+01
 -0.404430E+01
 -0.375836E+01
 -0.341259E+01
 -0.300121E+01
 -0.254752E+01
 -0.208618E+01
 -0.166257E+01
 -0.132892E+01
 -0.110971E+01
 -0.100839E+01
 -0.102301E+01
 -0.114483E+01
 -0.137147E+01
 -0.171880E+01
 -0.218657E+01
 -0.277978E+01
 -0.350289E+01
 -0.434955E+01
 -0.531058E+01
 -0.636405E+01
 -0.747307E+01
 -0.860793E+01
 -0.973067E+01
 -0.108044E+02
 -0.117998E+02
 -0.127111E+02
 -0.135528E+02
 -0.143304E+02
 -0.150552E+02
 -0.157313E+02
 -0.163509E+02
 -0.169183E+02
 -0.174195E+02
 -0.178502E+02
 -0.182329E+02
 -0.185824E+02
 -0.188805E+02
 -0.191067E+02
 -0.192510E+02
 -0.193095E+02
 -0.193189E+02
 -0.193100E+02
 -0.192946E+02
 -0.192869E+02
 -0.192911E+02
 -0.193022E+02
 -0.193218E+02
 -0.193870E+02
 -0.195070E+02
 -0.196795E+02
 -0.199178E+02
 -0.202094E+02
 -0.205511E+02
 -0.209362E+02
 -0.213541E+02
 -0.217996E+02
 -0.222646E+02
 -0.227524E+02
 -0.232426E+02
 -0.237180E+02
 -0.241849E+02
 -0.246343E+02
 -0.250513E+02
 -0.254195E+02
 -0.257452E+02
 -0.260448E+02
 -0.263172E+02
 -0.265664E+02
 -0.267893E+02
 -0.269859E+02
 -0.271707E+02
 -0.273509E+02
 -0.275461E+02
 -0.277757E+02
 -0.280694E+02
 -0.284602E+02
 -0.289381E+02
 -0.294784E+02
 -0.300590E+02
 -0.306561E+02
 -0.312649E+02
 -0.318869E+02
 -0.325266E+02
 -0.331848E+02
 -0.338645E+02
 -0.345618E+02
 -0.352650E+02
 -0.359796E+02
 -0.367290E+02
 -0.375189E+02
 -0.383407E+02
 -0.391679E+02
 -0.399696E+02
 -0.407345E+02
 -0.414516E+02
 -0.420951E+02
 -0.426434E+02
 -0.430629E+02
 -0.433405E+02
 -0.434842E+02
 -0.435058E+02
 -0.434190E+02
 -0.432437E+02
 -0.429939E+02
 -0.426853E+02
 -0.423182E+02
 -0.418880E+02
 -0.413837E+02
 -0.407923E+02
 -0.401003E+02
 -0.392980E+02
 -0.383862E+02
 -0.373775E+02
 -0.362811E+02
 -0.351003E+02
 -0.338232E+02
 -0.324289E+02
 -0.308898E+02
 -0.291990E+02
 -0.273610E+02
 -0.253827E+02
 -0.232862E+02
 -0.210963E+02
 -0.188262E+02
 -0.164935E+02
 -0.141182E+02
 -0.117180E+02
 -0.931711E+01
 -0.693862E+01
 -0.460655E+01
 -0.233589E+01
 -0.140499E+00
  0.197733E+01
  0.402136E+01
  0.598303E+01
  0.785017E+01
  0.962206E+01
  0.113067E+02
  0.129366E+02
  0.145256E+02
  0.160598E+02
  0.174976E+02
  0.188028E+02
  0.199640E+02
  0.209975E+02
  0.219237E+02
  0.227622E+02
  0.235086E+02
  0.241551E+02
  0.246800E+02
  0.250696E+02
  0.253224E+02
  0.254518E+02
  0.254780E+02
  0.254390E+02
  0.253597E+02
  0.252701E+02
  0.251828E+02
  0.250990E+02
  0.250142E+02
  0.249324E+02
  0.248565E+02
  0.248091E+02
  0.248203E+02
  0.249136E+02
  0.250937E+02
  0.253750E+02
  0.257512E+02
  0.262068E+02
  0.267116E+02
  0.272449E+02
  0.277936E+02
  0.283447E+02
  0.288758E+02
  0.293713E+02
  0.298084E+02
  0.301879E+02
  0.305091E+02
  0.307727E+02
  0.309745E+02
  0.311030E+02
  0.311403E+02
  0.310845E+02
  0.309342E+02
  0.307100E+02
  0.304229E+02
  0.300775E+02
  0.296762E+02
  0.292374E+02
  0.287540E+02
  0.282282E+02
  0.276591E+02
  0.270323E+02
  0.263411E+02
  0.256084E+02
  0.248687E+02
  0.241625E+02
  0.235146E+02
  0.229452E+02
  0.224501E+02
  0.220213E+02
  0.216495E+02
  0.213365E+02
  0.210667E+02
  0.208245E+02
  0.205972E+02
  0.203757E+02
  0.201421E+02
  0.198788E+02
  0.195601E+02
  0.191742E+02
  0.187174E+02
  0.181948E+02
  0.176099E+02
  0.169811E+02
  0.163236E+02
  0.156519E+02
  0.149719E+02
  0.142916E+02
  0.136134E+02
  0.129389E+02
  0.122644E+02
  0.115822E+02
  0.108752E+02
  0.101434E+02
  0.936620E+01
  0.853115E+01
  0.763484E+01
  0.666281E+01
  0.561291E+01
  0.449454E+01
  0.331286E+01
  0.208007E+01
  0.810484E+00
 -0.452394E+00
 -0.166455E+01
 -0.278795E+01
 -0.379914E+01
 -0.470453E+01
 -0.551557E+01
 -0.623870E+01
 -0.688196E+01
 -0.743539E+01
 -0.787944E+01
 -0.818263E+01
 -0.832444E+01
 -0.829874E+01
 -0.812388E+01
 -0.783736E+01
 -0.747563E+01
 -0.706509E+01
 -0.661687E+01
 -0.614813E+01
 -0.568761E+01
 -0.525500E+01
 -0.487784E+01
 -0.456555E+01
 -0.432016E+01
 -0.414703E+01
 -0.404665E+01
 -0.403377E+01
 -0.412365E+01
 -0.431058E+01
 -0.459243E+01
 -0.495737E+01
 -0.539987E+01
 -0.591540E+01
 -0.649924E+01
 -0.714657E+01
 -0.784321E+01
 -0.857579E+01
 -0.933380E+01
 -0.100952E+02
 -0.108238E+02
 -0.114727E+02
 -0.120081E+02
 -0.124056E+02
 -0.126590E+02
 -0.127623E+02
 -0.127044E+02
 -0.124836E+02
 -0.120968E+02
 -0.115471E+02
 -0.108427E+02
 -0.999133E+01
 -0.901635E+01
 -0.793485E+01
 -0.676145E+01
 -0.551439E+01
 -0.421742E+01
 -0.288770E+01
 -0.153979E+01
 -0.191565E+00
  0.113631E+01
  0.243499E+01
  0.370769E+01
  0.496279E+01
  0.619843E+01
  0.741319E+01
  0.859492E+01
  0.973360E+01
  0.108148E+02
  0.118235E+02
  0.127581E+02
  0.136402E+02
  0.144881E+02
  0.153224E+02
  0.161416E+02
  0.169446E+02
  0.177325E+02
  0.185155E+02
  0.193047E+02
  0.201062E+02
  0.209245E+02
  0.217775E+02
  0.226696E+02
  0.236001E+02
  0.245527E+02
  0.255258E+02
  0.265154E+02
  0.275100E+02
  0.284816E+02
  0.294015E+02
  0.302386E+02
  0.309788E+02
  0.316224E+02
  0.321941E+02
  0.327108E+02
  0.331904E+02
  0.336307E+02
  0.340335E+02
  0.344103E+02
  0.347819E+02
  0.351453E+02
  0.354914E+02
  0.358014E+02
  0.360584E+02
  0.362459E+02
  0.363642E+02
  0.364031E+02
  0.363542E+02
  0.361919E+02
  0.359048E+02
  0.354942E+02
  0.349902E+02
  0.344250E+02
  0.338248E+02
  0.331959E+02
  0.325351E+02
  0.318270E+02
  0.310770E+02
  0.302897E+02
  0.294805E+02
  0.286633E+02
  0.278612E+02
  0.270912E+02
  0.263737E+02
  0.257219E+02
  0.251503E+02
  0.246600E+02
  0.242483E+02
  0.239023E+02
  0.236135E+02
  0.233629E+02
  0.231333E+02
  0.229073E+02
  0.226849E+02
  0.224604E+02
  0.222371E+02
  0.220162E+02
  0.218034E+02
  0.216072E+02
  0.214377E+02
  0.212840E+02
  0.211247E+02
  0.209248E+02
  0.206675E+02
  0.203489E+02
  0.199839E+02
  0.195851E+02
  0.191519E+02
  0.186656E+02
  0.181203E+02
  0.175096E+02
  0.168261E+02
  0.160564E+02
  0.151963E+02
  0.142409E+02
  0.131979E+02
  0.120714E+02
  0.108687E+02
  0.959830E+01
  0.827276E+01
  0.691302E+01
  0.554903E+01
  0.420076E+01
  0.288824E+01
  0.161418E+01
  0.388186E+00
 -0.784750E+00
 -0.190716E+01
 -0.297266E+01
 -0.397913E+01
 -0.493530E+01
 -0.584894E+01
 -0.672491E+01
 -0.755340E+01
 -0.832083E+01
 -0.901157E+01
 -0.962857E+01
 -0.101848E+02
 -0.106949E+02
 -0.111771E+02
 -0.116420E+02
 -0.120944E+02
 -0.125364E+02
 -0.129625E+02
 -0.133676E+02
 -0.137460E+02
 -0.141010E+02
 -0.144299E+02
 -0.147240E+02
 -0.149828E+02
 -0.152080E+02
 -0.154021E+02
 -0.155702E+02
 -0.157132E+02
 -0.158352E+02
 -0.159423E+02
 -0.160401E+02
 -0.161279E+02
 -0.162024E+02
 -0.162507E+02
 -0.162510E+02
 -0.161875E+02
 -0.160471E+02
 -0.158213E+02
 -0.155101E+02
 -0.151118E+02
 -0.146311E+02
 -0.140637E+02
 -0.133983E+02
 -0.126377E+02
 -0.117937E+02
 -0.108873E+02
 -0.994246E+01
 -0.896957E+01
 -0.798399E+01
 -0.698977E+01
 -0.598627E+01
 -0.496899E+01
 -0.391545E+01
 -0.283257E+01
 -0.174590E+01
 -0.672331E+00
  0.355112E+00
  0.133256E+01
  0.224669E+01
  0.308161E+01
  0.383394E+01
  0.449019E+01
  0.504244E+01
  0.547865E+01
  0.578683E+01
  0.597250E+01
  0.603080E+01
  0.596881E+01
  0.578741E+01
  0.549585E+01
  0.511821E+01
  0.467962E+01
  0.419720E+01
  0.369710E+01
  0.319409E+01
  0.269590E+01
  0.221967E+01
  0.177579E+01
  0.136985E+01
  0.101309E+01
  0.697460E+00
  0.427137E+00
  0.197996E+00
  0.708580E-02
 -0.148014E+00
 -0.286400E+00
 -0.423655E+00
 -0.572071E+00
 -0.747751E+00
 -0.950541E+00
 -0.118151E+01
 -0.143605E+01
 -0.170387E+01
 -0.197459E+01
 -0.224872E+01
 -0.251744E+01
 -0.277110E+01
 -0.300067E+01
 -0.319159E+01
 -0.333316E+01
 -0.341726E+01
 -0.342706E+01
 -0.335991E+01
 -0.321314E+01
 -0.298207E+01
 -0.266804E+01
 -0.228042E+01
 -0.183259E+01
 -0.134012E+01
 -0.810194E+00
 -0.248344E+00
  0.348753E+00
  0.972504E+00
  0.161936E+01
  0.228940E+01
  0.298441E+01
  0.370231E+01
  0.442588E+01
  0.513784E+01
  0.583541E+01
  0.650519E+01
  0.713780E+01
  0.772977E+01
  0.828695E+01
  0.881981E+01
  0.934410E+01
  0.986086E+01
  0.103705E+02
  0.108716E+02
  0.113712E+02
  0.118581E+02
  0.123287E+02
  0.127876E+02
  0.132191E+02
  0.136074E+02
  0.139441E+02
  0.142156E+02
  0.144257E+02
  0.145705E+02
  0.146556E+02
  0.146833E+02
  0.146618E+02
  0.145775E+02
  0.144070E+02
  0.141424E+02
  0.137804E+02
  0.133179E+02
  0.127635E+02
  0.121145E+02
  0.113724E+02
  0.105373E+02
  0.962014E+01
  0.863179E+01
  0.758230E+01
  0.646639E+01
  0.528281E+01
  0.404444E+01
  0.276718E+01
  0.147125E+01
  0.183792E+00
 -0.107972E+01
 -0.229748E+01
 -0.345894E+01
 -0.455825E+01
 -0.559480E+01
 -0.656342E+01
 -0.746522E+01
 -0.830634E+01
 -0.906728E+01
 -0.973993E+01
 -0.103359E+02
 -0.108625E+02
 -0.113523E+02
 -0.118268E+02
 -0.122909E+02
 -0.127501E+02
 -0.132000E+02
 -0.136214E+02
 -0.140074E+02
 -0.143638E+02
 -0.146908E+02
 -0.149942E+02
 -0.152756E+02
 -0.155330E+02
 -0.157734E+02
 -0.160029E+02
 -0.162295E+02
 -0.164445E+02
 -0.166360E+02
 -0.168015E+02
 -0.169408E+02
 -0.170627E+02
 -0.171759E+02
 -0.172873E+02
 -0.174086E+02
 -0.175475E+02
 -0.177059E+02
 -0.178789E+02
 -0.180643E+02
 -0.182636E+02
 -0.184705E+02
 -0.186820E+02
 -0.189041E+02
 -0.191455E+02
 -0.194130E+02
 -0.197051E+02
 -0.200183E+02
 -0.203456E+02
 -0.206758E+02
 -0.210097E+02
 -0.213446E+02
 -0.216754E+02
 -0.220071E+02
 -0.223280E+02
 -0.226308E+02
 -0.229228E+02
 -0.232101E+02
 -0.235083E+02
 -0.238258E+02
 -0.241805E+02
 -0.245759E+02
 -0.250060E+02
 -0.254825E+02
 -0.259956E+02
 -0.265459E+02
 -0.271387E+02
 -0.277632E+02
 -0.284083E+02
 -0.290583E+02
 -0.297119E+02
 -0.303509E+02
 -0.309715E+02
 -0.315724E+02
 -0.321431E+02
 -0.326910E+02
 -0.332218E+02
 -0.337481E+02
 -0.342669E+02
 -0.347703E+02
 -0.352546E+02
 -0.357023E+02
 -0.361176E+02
 -0.364926E+02
 -0.368299E+02
 -0.371354E+02
 -0.374050E+02
 -0.376432E+02
 -0.378404E+02
 -0.379881E+02
 -0.380834E+02
 -0.381175E+02
 -0.381028E+02
 -0.380537E+02
 -0.379890E+02
 -0.379221E+02
 -0.378607E+02
 -0.378083E+02
 -0.377685E+02
 -0.377436E+02
 -0.377295E+02
 -0.377137E+02
 -0.376903E+02
 -0.376508E+02
 -0.375930E+02
 -0.375140E+02
 -0.374082E+02
 -0.372789E+02
 -0.371280E+02
 -0.369634E+02
 -0.368128E+02
 -0.366867E+02
 -0.366018E+02
 -0.365663E+02
 -0.365779E+02
 -0.366324E+02
 -0.367167E+02
 -0.368170E+02
 -0.369266E+02
 -0.370358E+02
 -0.371411E+02
 -0.372472E+02
 -0.373477E+02
 -0.374331E+02
 -0.374958E+02
 -0.375184E+02
 -0.375013E+02
 -0.374299E+02
 -0.372924E+02
 -0.370858E+02
 -0.367964E+02
 -0.364221E+02
 -0.359625E+02
 -0.354097E+02
 -0.347649E+02
 -0.340259E+02
 -0.332066E+02
 -0.323145E+02
 -0.313544E+02
 -0.303479E+02
 -0.293185E+02
 -0.282927E+02
 -0.272973E+02
 -0.263397E+02
 -0.254272E+02
 -0.245562E+02
 -0.237096E+02
 -0.228870E+02
 -0.220903E+02
 -0.213126E+02
 -0.205529E+02
 -0.198122E+02
 -0.190954E+02
 -0.183943E+02
 -0.176980E+02
 -0.170042E+02
 -0.163022E+02
 -0.155933E+02
 -0.148730E+02
 -0.141244E+02
 -0.133424E+02
 -0.125188E+02
 -0.116516E+02
 -0.107506E+02
 -0.981839E+01
 -0.885622E+01
 -0.785655E+01
 -0.681001E+01
 -0.571934E+01
 -0.459393E+01
 -0.344030E+01
 -0.227450E+01
 -0.110735E+01
  0.528488E-01
  0.120055E+01
  0.232154E+01
  0.340380E+01
  0.443424E+01
  0.539811E+01
  0.628915E+01
  0.711300E+01
  0.787124E+01
  0.857039E+01
  0.919874E+01
  0.975226E+01
  0.102275E+02
  0.106168E+02
  0.109262E+02
  0.111696E+02
  0.113542E+02
  0.114972E+02
  0.116113E+02
  0.117112E+02
  0.118029E+02
  0.118948E+02
  0.119832E+02
  0.120697E+02
  0.121491E+02
  0.122175E+02
  0.122576E+02
  0.122621E+02
  0.122372E+02
  0.121781E+02
  0.120901E+02
  0.119892E+02
  0.118804E+02
  0.117732E+02
  0.116637E+02
  0.115509E+02
  0.114159E+02
  0.112533E+02
  0.110585E+02
  0.108292E+02
  0.105685E+02
  0.102815E+02
  0.997161E+01
  0.963783E+01
  0.928093E+01
  0.890695E+01
  0.851411E+01
  0.811032E+01
  0.768689E+01
  0.724681E+01
  0.679073E+01
  0.631894E+01
  0.582804E+01
  0.530623E+01
  0.475505E+01
  0.417613E+01
  0.357178E+01
  0.295455E+01
  0.231933E+01
  0.167307E+01
  0.102267E+01
  0.384764E+00
 -0.230635E+00
 -0.826731E+00
 -0.142120E+01
 -0.203533E+01
 -0.268215E+01
 -0.336428E+01
 -0.407139E+01
 -0.478784E+01
 -0.549754E+01
 -0.617370E+01
 -0.680064E+01
 -0.736452E+01
 -0.786112E+01
 -0.828794E+01
 -0.864138E+01
 -0.892327E+01
 -0.913257E+01
 -0.927131E+01
 -0.935510E+01
 -0.939432E+01
 -0.939786E+01
 -0.937028E+01
 -0.931083E+01
 -0.921556E+01
 -0.908291E+01
 -0.890639E+01
 -0.867517E+01
 -0.838067E+01
 -0.801874E+01
 -0.758200E+01
 -0.707459E+01
 -0.650742E+01
 -0.589212E+01
 -0.523876E+01
 -0.455527E+01
 -0.385169E+01
 -0.314687E+01
 -0.245433E+01
 -0.179438E+01
 -0.118136E+01
 -0.614126E+00
 -0.809364E-01
  0.428188E+00
  0.923349E+00
  0.139580E+01
  0.183221E+01
  0.222598E+01
  0.257021E+01
  0.285888E+01
  0.309991E+01
  0.329609E+01
  0.345513E+01
  0.358931E+01
  0.371421E+01
  0.383944E+01
  0.398330E+01
  0.416259E+01
  0.439065E+01
  0.467315E+01
  0.500961E+01
  0.538281E+01
  0.578298E+01
  0.620397E+01
  0.663498E+01
  0.706554E+01
  0.748763E+01
  0.788529E+01
  0.825321E+01
  0.857590E+01
  0.884273E+01
  0.903857E+01
  0.914658E+01
  0.915676E+01
  0.906713E+01
  0.888183E+01
  0.862034E+01
  0.829480E+01
  0.791645E+01
  0.749115E+01
  0.702512E+01
  0.651750E+01
  0.598047E+01
  0.542886E+01
  0.487710E+01
  0.433002E+01
  0.378633E+01
  0.324555E+01
  0.271482E+01
  0.220183E+01
  0.172101E+01
  0.127918E+01
  0.884916E+00
  0.542028E+00
  0.255053E+00
  0.274029E-01
 -0.138523E+00
 -0.243475E+00
 -0.281958E+00
 -0.254688E+00
 -0.167910E+00
 -0.369816E-01
  0.127489E+00
  0.310970E+00
  0.489149E+00
  0.638784E+00
  0.743893E+00
  0.784721E+00
  0.755058E+00
  0.647516E+00
  0.461948E+00
  0.199547E+00
 -0.144194E+00
 -0.569536E+00
 -0.106732E+01
 -0.162883E+01
 -0.224496E+01
 -0.291579E+01
 -0.363841E+01
 -0.441472E+01
 -0.524662E+01
 -0.613620E+01
 -0.707808E+01
 -0.806120E+01
 -0.907496E+01
 -0.101076E+02
 -0.111469E+02
 -0.121911E+02
 -0.132298E+02
 -0.142526E+02
 -0.152533E+02
 -0.162199E+02
 -0.171443E+02
 -0.180181E+02
 -0.188360E+02
 -0.196007E+02
 -0.203090E+02
 -0.209646E+02
 -0.215739E+02
 -0.221413E+02
 -0.226760E+02
 -0.231840E+02
 -0.236693E+02
 -0.241293E+02
 -0.245633E+02
 -0.249739E+02
 -0.253542E+02
 -0.256960E+02
 -0.259940E+02
 -0.262443E+02
 -0.264400E+02
 -0.265650E+02
 -0.266090E+02
 -0.265625E+02
 -0.264214E+02
 -0.261845E+02
 -0.258506E+02
 -0.254265E+02
 -0.249258E+02
 -0.243617E+02
 -0.237412E+02
 -0.230656E+02
 -0.223395E+02
 -0.215660E+02
 -0.207524E+02
 -0.199166E+02
 -0.190752E+02
 -0.182414E+02
 -0.174288E+02
 -0.166464E+02
 -0.158963E+02
 -0.151832E+02
 -0.145082E+02
 -0.138697E+02
 -0.132759E+02
 -0.127319E+02
 -0.122444E+02
 -0.118229E+02
 -0.114621E+02
 -0.111641E+02
 -0.109328E+02
 -0.107749E+02
 -0.107014E+02
 -0.107154E+02
 -0.108213E+02
 -0.110237E+02
 -0.113247E+02
 -0.117327E+02
 -0.122430E+02
 -0.128478E+02
 -0.135406E+02
 -0.143055E+02
 -0.151263E+02
 -0.159896E+02
 -0.168761E+02
 -0.177715E+02
 -0.186620E+02
 -0.195363E+02
 -0.203863E+02
 -0.211926E+02
 -0.219403E+02
 -0.226200E+02
 -0.232174E+02
 -0.237295E+02
 -0.241579E+02
 -0.245063E+02
 -0.247871E+02
 -0.250065E+02
 -0.251758E+02
 -0.253097E+02
 -0.254172E+02
 -0.255034E+02
 -0.255631E+02
 -0.255964E+02
 -0.256134E+02
 -0.256236E+02
 -0.256439E+02
 -0.256837E+02
 -0.257447E+02
 -0.258249E+02
 -0.259124E+02
 -0.259946E+02
 -0.260663E+02
 -0.261231E+02
 -0.261684E+02
 -0.262159E+02
 -0.262726E+02
 -0.263404E+02
 -0.264230E+02
 -0.265162E+02
 -0.266246E+02
 -0.267494E+02
 -0.268917E+02
 -0.270622E+02
 -0.272636E+02
 -0.275060E+02
 -0.277981E+02
 -0.281413E+02
 -0.285521E+02
 -0.290321E+02
 -0.295815E+02
 -0.302049E+02
 -0.308969E+02
 -0.316612E+02
 -0.325024E+02
 -0.334164E+02
 -0.344063E+02
 -0.354702E+02
 -0.366072E+02
 -0.378133E+02
 -0.390838E+02
 -0.404089E+02
 -0.417729E+02
 -0.431536E+02
 -0.445323E+02
 -0.458996E+02
 -0.472516E+02
 -0.485799E+02
 -0.498832E+02
 -0.511480E+02
 -0.523613E+02
 -0.535043E+02
 -0.545662E+02
 -0.555378E+02
 -0.564137E+02
 -0.571892E+02
 -0.578576E+02
 -0.584088E+02
 -0.588391E+02
 -0.591243E+02
 -0.592523E+02
 -0.592153E+02
 -0.590107E+02
 -0.586383E+02
 -0.581083E+02
 -0.574327E+02
 -0.566227E+02
 -0.556836E+02
 -0.546294E+02
 -0.534669E+02
 -0.522047E+02
 -0.508393E+02
 -0.493733E+02
 -0.478101E+02
 -0.461624E+02
 -0.444404E+02
 -0.426551E+02
 -0.408195E+02
 -0.389413E+02
 -0.370242E+02
 -0.350786E+02
 -0.331128E+02
 -0.311444E+02
 -0.291855E+02
 -0.272486E+02
 -0.253507E+02
 -0.235080E+02
 -0.217402E+02
 -0.200645E+02
 -0.184917E+02
 -0.170380E+02
 -0.157092E+02
 -0.144954E+02
 -0.133958E+02
 -0.124028E+02
 -0.115117E+02
 -0.107313E+02
 -0.100703E+02
 -0.954418E+01
 -0.916346E+01
 -0.892362E+01
 -0.882073E+01
 -0.884322E+01
 -0.897715E+01
 -0.920186E+01
 -0.949406E+01
 -0.983168E+01
 -0.101967E+02
 -0.105704E+02
 -0.109413E+02
 -0.113045E+02
 -0.116560E+02
 -0.119909E+02
 -0.123044E+02
 -0.125902E+02
 -0.128419E+02
 -0.130470E+02
 -0.131943E+02
 -0.132695E+02
 -0.132653E+02
 -0.131788E+02
 -0.130091E+02
 -0.127576E+02
 -0.124278E+02
 -0.120303E+02
 -0.115769E+02
 -0.110751E+02
 -0.105335E+02
 -0.995582E+01
 -0.935021E+01
 -0.872001E+01
 -0.806923E+01
 -0.740692E+01
 -0.674374E+01
 -0.608461E+01
 -0.543557E+01
 -0.480299E+01
 -0.419471E+01
 -0.361828E+01
 -0.308173E+01
 -0.258619E+01
 -0.213453E+01
 -0.172117E+01
 -0.134443E+01
 -0.100092E+01
 -0.685282E+00
 -0.395178E+00
 -0.128977E+00
  0.121683E+00
  0.362864E+00
  0.600557E+00
  0.830999E+00
  0.105277E+01
  0.125781E+01
  0.143948E+01
  0.159044E+01
  0.171224E+01
  0.181033E+01
  0.188664E+01
  0.193785E+01
  0.196244E+01
  0.195225E+01
  0.190162E+01
  0.180164E+01
  0.165803E+01
  0.148088E+01
  0.128162E+01
  0.107152E+01
  0.860849E+00
  0.658430E+00
  0.473356E+00
  0.303995E+00
  0.155313E+00
  0.299854E-01
 -0.612164E-01
 -0.108583E+00
 -0.103003E+00
 -0.362263E-01
  0.922661E-01
  0.276896E+00
  0.512541E+00
  0.787149E+00
  0.109645E+01
  0.142874E+01
  0.178151E+01
  0.215616E+01
  0.254732E+01
  0.295004E+01
  0.336260E+01
  0.377389E+01
  0.418295E+01
  0.458759E+01
  0.498451E+01
  0.536999E+01
  0.574060E+01
  0.608322E+01
  0.639375E+01
  0.666804E+01
  0.690617E+01
  0.710068E+01
  0.724473E+01
  0.733589E+01
  0.737154E+01
  0.734500E+01
  0.725276E+01
  0.709037E+01
  0.686810E+01
  0.658815E+01
  0.625660E+01
  0.587564E+01
  0.545032E+01
  0.498900E+01
  0.449829E+01
  0.398451E+01
  0.346186E+01
  0.293218E+01
  0.239427E+01
  0.185205E+01
  0.130860E+01
  0.762114E+00
  0.224447E+00
 -0.302464E+00
 -0.810312E+00
 -0.129447E+01
 -0.175419E+01
 -0.218897E+01
 -0.259722E+01
 -0.297533E+01
 -0.332217E+01
 -0.363371E+01
 -0.390450E+01
 -0.414016E+01
 -0.433774E+01
 -0.449380E+01
 -0.460693E+01
 -0.467556E+01
 -0.469920E+01
 -0.468898E+01
 -0.464656E+01
 -0.458836E+01
 -0.453032E+01
 -0.447584E+01
 -0.443191E+01
 -0.439463E+01
 -0.435844E+01
 -0.432071E+01
 -0.427355E+01
 -0.421825E+01
 -0.414490E+01
 -0.405608E+01
 -0.395593E+01
 -0.384704E+01
 -0.374033E+01
 -0.363386E+01
 -0.351944E+01
 -0.339930E+01
 -0.326459E+01
 -0.311524E+01
 -0.294869E+01
 -0.276476E+01
 -0.257506E+01
 -0.238523E+01
 -0.220396E+01
 -0.204128E+01
 -0.188967E+01
 -0.175715E+01
 -0.164442E+01
 -0.153837E+01
 -0.143429E+01
 -0.132700E+01
 -0.119751E+01
 -0.104248E+01
 -0.857752E+00
 -0.644285E+00
 -0.412630E+00
 -0.168467E+00
  0.875530E-01
  0.353256E+00
  0.624762E+00
  0.892317E+00
  0.115923E+01
  0.142077E+01
  0.167866E+01
  0.193659E+01
  0.219054E+01
  0.243478E+01
  0.266735E+01
  0.288031E+01
  0.306695E+01
  0.322949E+01
  0.337515E+01
  0.349693E+01
  0.360293E+01
  0.369744E+01
  0.377782E+01
  0.383887E+01
  0.388138E+01
  0.390049E+01
  0.388866E+01
  0.384319E+01
  0.375889E+01
  0.363300E+01
  0.347691E+01
  0.329288E+01
  0.309644E+01
  0.289748E+01
  0.269529E+01
  0.248725E+01
  0.227376E+01
  0.205133E+01
  0.182342E+01
  0.159279E+01
  0.136682E+01
  0.114474E+01
  0.930437E+00
  0.730412E+00
  0.543495E+00
  0.367117E+00
  0.196554E+00
  0.216007E-01
 -0.159029E+00
 -0.355471E+00
 -0.566286E+00
 -0.788931E+00
 -0.102052E+01
 -0.125944E+01
 -0.150719E+01
 -0.176568E+01
 -0.203875E+01
 -0.233241E+01
 -0.264737E+01
 -0.298967E+01
 -0.335715E+01
 -0.375469E+01
 -0.418319E+01
 -0.463738E+01
 -0.511775E+01
 -0.561568E+01
 -0.612143E+01
 -0.663840E+01
 -0.715384E+01
 -0.766572E+01
 -0.817821E+01
 -0.868768E+01
 -0.919462E+01
 -0.969137E+01
 -0.101646E+02
 -0.106139E+02
 -0.110418E+02
 -0.114533E+02
 -0.118505E+02
 -0.122379E+02
 -0.126131E+02
 -0.129757E+02
 -0.133299E+02
 -0.136769E+02
 -0.140211E+02
 -0.143590E+02
 -0.146763E+02
 -0.149681E+02
 -0.152308E+02
 -0.154559E+02
 -0.156444E+02
 -0.158037E+02
 -0.159327E+02
 -0.160340E+02
 -0.161098E+02
 -0.161606E+02
 -0.161813E+02
 -0.161653E+02
 -0.161058E+02
 -0.159925E+02
 -0.158248E+02
 -0.156060E+02
 -0.153342E+02
 -0.150151E+02
 -0.146597E+02
 -0.142732E+02
 -0.138636E+02
 -0.134456E+02
 -0.130263E+02
 -0.126123E+02
 -0.122073E+02
 -0.118135E+02
 -0.114281E+02
 -0.110472E+02
 -0.106718E+02
 -0.103004E+02
 -0.993750E+01
 -0.959883E+01
 -0.928870E+01
 -0.900925E+01
 -0.875860E+01
 -0.853379E+01
 -0.833718E+01
 -0.817035E+01
 -0.803046E+01
 -0.791737E+01
 -0.782953E+01
 -0.776977E+01
 -0.773969E+01
 -0.774415E+01
 -0.778290E+01
 -0.785418E+01
 -0.796181E+01
 -0.810403E+01
 -0.827324E+01
 -0.847283E+01
 -0.869255E+01
 -0.892315E+01
 -0.916315E+01
 -0.940443E+01
 -0.964412E+01
 -0.988345E+01
 -0.101198E+02
 -0.103582E+02
 -0.105958E+02
 -0.108260E+02
 -0.110420E+02
 -0.112401E+02
 -0.114206E+02
 -0.115840E+02
 -0.117308E+02
 -0.118663E+02
 -0.119860E+02
 -0.120890E+02
 -0.121800E+02
 -0.122584E+02
 -0.123201E+02
 -0.123612E+02
 -0.123752E+02
 -0.123587E+02
 -0.123081E+02
 -0.122188E+02
 -0.120840E+02
 -0.119004E+02
 -0.116661E+02
 -0.113798E+02
 -0.110460E+02
 -0.106728E+02
 -0.102653E+02
 -0.983680E+01
 -0.939342E+01
 -0.894282E+01
 -0.849940E+01
 -0.807354E+01
 -0.768075E+01
 -0.733644E+01
 -0.705026E+01
 -0.683374E+01
 -0.668203E+01
 -0.659109E+01
 -0.655897E+01
 -0.658323E+01
 -0.666168E+01
 -0.679719E+01
 -0.699237E+01
 -0.724897E+01
 -0.756844E+01
 -0.795341E+01
 -0.840170E+01
 -0.891176E+01
 -0.948176E+01
 -0.101094E+02
 -0.107846E+02
 -0.114991E+02
 -0.122437E+02
 -0.130083E+02
 -0.137872E+02
 -0.145760E+02
 -0.153633E+02
 -0.161411E+02
 -0.169028E+02
 -0.176403E+02
 -0.183505E+02
 -0.190289E+02
 -0.196633E+02
 -0.202462E+02
 -0.207777E+02
 -0.212581E+02
 -0.216867E+02
 -0.220649E+02
 -0.223889E+02
 -0.226537E+02
 -0.228586E+02
 -0.230059E+02
 -0.230996E+02
 -0.231423E+02
 -0.231385E+02
 -0.230880E+02
 -0.229936E+02
 -0.228614E+02
 -0.226936E+02
 -0.225001E+02
 -0.222918E+02
 -0.220766E+02
 -0.218685E+02
 -0.216777E+02
 -0.215094E+02
 -0.213674E+02
 -0.212520E+02
 -0.211645E+02
 -0.211103E+02
 -0.210949E+02
 -0.211259E+02
 -0.212138E+02
 -0.213657E+02
 -0.215831E+02
 -0.218648E+02
 -0.222063E+02
 -0.226007E+02
 -0.230417E+02
 -0.235224E+02
 -0.240359E+02
 -0.245793E+02
 -0.251441E+02
 -0.257286E+02
 -0.263276E+02
 -0.269285E+02
 -0.275255E+02
 -0.281084E+02
 -0.286655E+02
 -0.291950E+02
 -0.296932E+02
 -0.301450E+02
 -0.305465E+02
 -0.309024E+02
 -0.311957E+02
 -0.314275E+02
 -0.315903E+02
 -0.316784E+02
 -0.317035E+02
 -0.316583E+02
 -0.315482E+02
 -0.313794E+02
 -0.311451E+02
 -0.308597E+02
 -0.305318E+02
 -0.301715E+02
 -0.297931E+02
 -0.294066E+02
 -0.290226E+02
 -0.286463E+02
 -0.282765E+02
 -0.279120E+02
 -0.275423E+02
 -0.271638E+02
 -0.267738E+02
 -0.263621E+02
 -0.259308E+02
 -0.254848E+02
 -0.250278E+02
 -0.245677E+02
 -0.241099E+02
 -0.236656E+02
 -0.232375E+02
 -0.228336E+02
 -0.224665E+02
 -0.221351E+02
 -0.218451E+02
 -0.216005E+02
 -0.214000E+02
 -0.212461E+02
 -0.211377E+02
 -0.210747E+02
 -0.210513E+02
 -0.210594E+02
 -0.210909E+02
 -0.211369E+02
 -0.211955E+02
 -0.212601E+02
 -0.213243E+02
 -0.213911E+02
 -0.214611E+02
 -0.215309E+02
 -0.216008E+02
 -0.216759E+02
 -0.217566E+02
 -0.218415E+02
 -0.219320E+02
 -0.220247E+02
 -0.221155E+02
 -0.222043E+02
 -0.222949E+02
 -0.223865E+02
 -0.224743E+02
 -0.225585E+02
 -0.226377E+02
 -0.227151E+02
 -0.227959E+02
 -0.228815E+02
 -0.229718E+02
 -0.230643E+02
 -0.231597E+02
 -0.232636E+02
 -0.233778E+02
 -0.235024E+02
 -0.236439E+02
 -0.238122E+02
 -0.240086E+02
 -0.242348E+02
 -0.244917E+02
 -0.247760E+02
 -0.250879E+02
 -0.254283E+02
 -0.257946E+02
 -0.261816E+02
 -0.265821E+02
 -0.269899E+02
 -0.274006E+02
 -0.278139E+02
 -0.282253E+02
 -0.286305E+02
 -0.290216E+02
 -0.293947E+02
 -0.297494E+02
 -0.300830E+02
 -0.303968E+02
 -0.306919E+02
 -0.309665E+02
 -0.312238E+02
 -0.314647E+02
 -0.316922E+02
 -0.319026E+02
 -0.320977E+02
 -0.322775E+02
 -0.324407E+02
 -0.325926E+02
 -0.327344E+02
 -0.328666E+02
 -0.329950E+02
 -0.331164E+02
 -0.332252E+02
 -0.333151E+02
 -0.333854E+02
 -0.334365E+02
 -0.334668E+02
 -0.334693E+02
 -0.334474E+02
 -0.333976E+02
 -0.333136E+02
 -0.331989E+02
 -0.330529E+02
 -0.328789E+02
 -0.326898E+02
 -0.324866E+02
 -0.322722E+02
 -0.320474E+02
 -0.318092E+02
 -0.315494E+02
 -0.312629E+02
 -0.309478E+02
 -0.306014E+02
 -0.302329E+02
 -0.298550E+02
 -0.294696E+02
 -0.290928E+02
 -0.287299E+02
 -0.283778E+02
 -0.280397E+02
 -0.277081E+02
 -0.273821E+02
 -0.270627E+02
 -0.267417E+02
 -0.264193E+02
 -0.260958E+02
 -0.257763E+02
 -0.254606E+02
 -0.251477E+02
 -0.248373E+02
 -0.245210E+02
 -0.241932E+02
 -0.238477E+02
 -0.234797E+02
 -0.230848E+02
 -0.226548E+02
 -0.221868E+02
 -0.216817E+02
 -0.211416E+02
 -0.205670E+02
 -0.199612E+02
 -0.193254E+02
 -0.186585E+02
 -0.179644E+02
 -0.172413E+02
 -0.164858E+02
 -0.156982E+02
 -0.148785E+02
 -0.140283E+02
 -0.131569E+02
 -0.122741E+02
 -0.113810E+02
 -0.104819E+02
 -0.958171E+01
 -0.867239E+01
 -0.776266E+01
 -0.686122E+01
 -0.597060E+01
 -0.510225E+01
 -0.426719E+01
 -0.347212E+01
 -0.273277E+01
 -0.205039E+01
 -0.143057E+01
 -0.869814E+00
 -0.350603E+00
  0.118942E+00
  0.545839E+00
  0.943914E+00
  0.129158E+01
  0.159965E+01
  0.186770E+01
  0.208590E+01
  0.226040E+01
  0.239250E+01
  0.248806E+01
  0.255676E+01
  0.260307E+01
  0.263709E+01
  0.265568E+01
  0.266223E+01
  0.265880E+01
  0.265133E+01
  0.264267E+01
  0.263500E+01
  0.263461E+01
  0.263873E+01
  0.264055E+01
  0.264663E+01
  0.264781E+01
  0.264812E+01
  0.265324E+01
  0.266158E+01
  0.267513E+01
  0.269325E+01
  0.271168E+01
  0.272899E+01
  0.273998E+01
  0.274475E+01
  0.273349E+01
  0.270866E+01
  0.267036E+01
  0.261848E+01
  0.255617E+01
  0.248358E+01
  0.239893E+01
  0.230529E+01
  0.220048E+01
  0.208239E+01
  0.194800E+01
  0.180151E+01
  0.164289E+01
  0.147755E+01
  0.130858E+01
  0.114056E+01
  0.968805E+00
  0.789286E+00
  0.601492E+00
  0.405842E+00
  0.201731E+00
 -0.911140E-02
 -0.228952E+00
 -0.452469E+00
 -0.682297E+00
 -0.921312E+00
 -0.117172E+01
 -0.144076E+01
 -0.173777E+01
 -0.206234E+01
 -0.241981E+01
 -0.281140E+01
 -0.324126E+01
 -0.371561E+01
 -0.423467E+01
 -0.479936E+01
 -0.541258E+01
 -0.606963E+01
 -0.677306E+01
 -0.751983E+01
 -0.830952E+01
 -0.914370E+01
 -0.100174E+02
 -0.109252E+02
 -0.118650E+02
 -0.128285E+02
 -0.138080E+02
 -0.148005E+02
 -0.157999E+02
 -0.167983E+02
 -0.177919E+02
 -0.187677E+02
 -0.197162E+02
 -0.206306E+02
 -0.214968E+02
 -0.223113E+02
 -0.230716E+02
 -0.237699E+02
 -0.244069E+02
 -0.249831E+02
 -0.254995E+02
 -0.259625E+02
 -0.263704E+02
 -0.267199E+02
 -0.270062E+02
 -0.272264E+02
 -0.273776E+02
 -0.274594E+02
 -0.274701E+02
 -0.274031E+02
 -0.272598E+02
 -0.270452E+02
 -0.267574E+02
 -0.264035E+02
 -0.259940E+02
 -0.255385E+02
 -0.250490E+02
 -0.245332E+02
 -0.240029E+02
 -0.234735E+02
 -0.229398E+02
 -0.224103E+02
 -0.218950E+02
 -0.213831E+02
 -0.208868E+02
 -0.204085E+02
 -0.199400E+02
 -0.194890E+02
 -0.190524E+02
 -0.186333E+02
 -0.182319E+02
 -0.178508E+02
 -0.174919E+02
 -0.171439E+02
 -0.168148E+02
 -0.165001E+02
 -0.162046E+02
 -0.159405E+02
 -0.157042E+02
 -0.155074E+02
 -0.153559E+02
 -0.152569E+02
 -0.152098E+02
 -0.152078E+02
 -0.152609E+02
 -0.153585E+02
 -0.154922E+02
 -0.156653E+02
 -0.158694E+02
 -0.160967E+02
 -0.163465E+02
 -0.166096E+02
 -0.168817E+02
 -0.171645E+02
 -0.174503E+02
 -0.177425E+02
 -0.180427E+02
 -0.183445E+02
 -0.186586E+02
 -0.189750E+02
 -0.192923E+02
 -0.196138E+02
 -0.199214E+02
 -0.202282E+02
 -0.205199E+02
 -0.207885E+02
 -0.210482E+02
 -0.212705E+02
 -0.214696E+02
 -0.216474E+02
 -0.217906E+02
 -0.219200E+02
 -0.220257E+02
 -0.221175E+02
 -0.222000E+02
 -0.222674E+02
 -0.223394E+02
 -0.224017E+02
 -0.224627E+02
 -0.225377E+02
 -0.226003E+02
 -0.226770E+02
 -0.227656E+02
 -0.228390E+02
 -0.229254E+02
 -0.230053E+02
 -0.230650E+02
 -0.231178E+02
 -0.231554E+02
 -0.231837E+02
 -0.232029E+02
 -0.232142E+02
 -0.232130E+02
 -0.231997E+02
 -0.231805E+02
 -0.231512E+02
 -0.231198E+02
 -0.230890E+02
 -0.230543E+02
 -0.230235E+02
 -0.229975E+02
 -0.229741E+02
 -0.229554E+02
 -0.229348E+02
 -0.229085E+02
 -0.228736E+02
 -0.228262E+02
 -0.227633E+02
 -0.226768E+02
 -0.225643E+02
 -0.224150E+02
 -0.222239E+02
 -0.219935E+02
 -0.217145E+02
 -0.213881E+02
 -0.210153E+02
 -0.205900E+02
 -0.201080E+02
 -0.195643E+02
 -0.189576E+02
 -0.182860E+02
 -0.175498E+02
 -0.167522E+02
 -0.158930E+02
 -0.149771E+02
 -0.140103E+02
 -0.129980E+02
 -0.119511E+02
 -0.108773E+02
 -0.978179E+01
 -0.867995E+01
 -0.758090E+01
 -0.649366E+01
 -0.542640E+01
 -0.438571E+01
 -0.337517E+01
 -0.239715E+01
 -0.145370E+01
 -0.544035E+00
  0.333492E+00
  0.117382E+01
  0.198018E+01
  0.274607E+01
  0.347296E+01
  0.416594E+01
  0.481915E+01
  0.542406E+01
  0.598770E+01
  0.649915E+01
  0.695145E+01
  0.735300E+01
  0.770323E+01
  0.800048E+01
  0.825121E+01
  0.845518E+01
  0.862199E+01
  0.874515E+01
  0.882746E+01
  0.887272E+01
  0.888519E+01
  0.887158E+01
  0.883733E+01
  0.878811E+01
  0.873535E+01
  0.868006E+01
  0.862892E+01
  0.858743E+01
  0.856206E+01
  0.854911E+01
  0.855197E+01
  0.857736E+01
  0.863052E+01
  0.870687E+01
  0.880388E+01
  0.891941E+01
  0.904773E+01
  0.917920E+01
  0.932242E+01
  0.947180E+01
  0.962779E+01
  0.979144E+01
  0.995806E+01
  0.101266E+02
  0.102970E+02
  0.104599E+02
  0.106150E+02
  0.107603E+02
  0.108974E+02
  0.110203E+02
  0.111280E+02
  0.112144E+02
  0.112781E+02
  0.113126E+02
  0.113154E+02
  0.112836E+02
  0.112214E+02
  0.111302E+02
  0.110154E+02
  0.108853E+02
  0.107504E+02
  0.106131E+02
  0.104866E+02
  0.103759E+02
  0.102871E+02
  0.102237E+02
  0.101867E+02
  0.101746E+02
  0.101872E+02
  0.102179E+02
  0.102659E+02
  0.103231E+02
  0.103847E+02
  0.104391E+02
  0.104815E+02
  0.105076E+02
  0.105151E+02
  0.104987E+02
  0.104531E+02
  0.103748E+02
  0.102671E+02
  0.101222E+02
  0.993918E+01
  0.971495E+01
  0.945437E+01
  0.916357E+01
  0.884585E+01
  0.850138E+01
  0.813379E+01
  0.773370E+01
  0.729829E+01
  0.682598E+01
  0.631907E+01
  0.578306E+01
  0.522758E+01
  0.466051E+01
  0.408888E+01
  0.351081E+01
  0.293468E+01
  0.236502E+01
  0.180452E+01
  0.125302E+01
  0.713745E+00
  0.188890E+00
 -0.321764E+00
 -0.820097E+00
 -0.130242E+01
 -0.176668E+01
 -0.221010E+01
 -0.263437E+01
 -0.303745E+01
 -0.342891E+01
 -0.381549E+01
 -0.420470E+01
 -0.461037E+01
 -0.504029E+01
 -0.550205E+01
 -0.600529E+01
 -0.655127E+01
 -0.714678E+01
 -0.779369E+01
 -0.849441E+01
 -0.924873E+01
 -0.100553E+02
 -0.109124E+02
 -0.118139E+02
 -0.127519E+02
 -0.137231E+02
 -0.147205E+02
 -0.157388E+02
 -0.167739E+02
 -0.178183E+02
 -0.188660E+02
 -0.199148E+02
 -0.209599E+02
 -0.219941E+02
 -0.230100E+02
 -0.239974E+02
 -0.249515E+02
 -0.258702E+02
 -0.267492E+02
 -0.275866E+02
 -0.283812E+02
 -0.291305E+02
 -0.298372E+02
 -0.304977E+02
 -0.311101E+02
 -0.316730E+02
 -0.321828E+02
 -0.326403E+02
 -0.330498E+02
 -0.334124E+02
 -0.337338E+02
 -0.340095E+02
 -0.342388E+02
 -0.344273E+02
 -0.345773E+02
 -0.346921E+02
 -0.347775E+02
 -0.348360E+02
 -0.348729E+02
 -0.348889E+02
 -0.348877E+02
 -0.348669E+02
 -0.348310E+02
 -0.347840E+02
 -0.347299E+02
 -0.346765E+02
 -0.346264E+02
 -0.345855E+02
 -0.345631E+02
 -0.345624E+02
 -0.345906E+02
 -0.346476E+02
 -0.347408E+02
 -0.348712E+02
 -0.350351E+02
 -0.352338E+02
 -0.354647E+02
 -0.357208E+02
 -0.359996E+02
 -0.362939E+02
 -0.365970E+02
 -0.369023E+02
 -0.372024E+02
 -0.374842E+02
 -0.377400E+02
 -0.379585E+02
 -0.381318E+02
 -0.382501E+02
 -0.383047E+02
 -0.382929E+02
 -0.382108E+02
 -0.380496E+02
 -0.378125E+02
 -0.375053E+02
 -0.371326E+02
 -0.366957E+02
 -0.361980E+02
 -0.356430E+02
 -0.350408E+02
 -0.343987E+02
 -0.337275E+02
 -0.330361E+02
 -0.323350E+02
 -0.316373E+02
 -0.309580E+02
 -0.303104E+02
 -0.297050E+02
 -0.291499E+02
 -0.286509E+02
 -0.282117E+02
 -0.278421E+02
 -0.275409E+02
 -0.273057E+02
 -0.271387E+02
 -0.270399E+02
 -0.270073E+02
 -0.270348E+02
 -0.271140E+02
 -0.272413E+02
 -0.274127E+02
 -0.276199E+02
 -0.278573E+02
 -0.281229E+02
 -0.284046E+02
 -0.286890E+02
 -0.289709E+02
 -0.292545E+02
 -0.295347E+02
 -0.298131E+02
 -0.300918E+02
 -0.303656E+02
 -0.306406E+02
 -0.309207E+02
 -0.312060E+02
 -0.315035E+02
 -0.318127E+02
 -0.321372E+02
 -0.324788E+02
 -0.328420E+02
 -0.332211E+02
 -0.336118E+02
 -0.340183E+02
 -0.344378E+02
 -0.348665E+02
 -0.352990E+02
 -0.357299E+02
 -0.361660E+02
 -0.365960E+02
 -0.370175E+02
 -0.374352E+02
 -0.378512E+02
 -0.382616E+02
 -0.386679E+02
 -0.390704E+02
 -0.394636E+02
 -0.398479E+02
 -0.402173E+02
 -0.405635E+02
 -0.408970E+02
 -0.412135E+02
 -0.415125E+02
 -0.417898E+02
 -0.420484E+02
 -0.422932E+02
 -0.425251E+02
 -0.427535E+02
 -0.429769E+02
 -0.431925E+02
 -0.434056E+02
 -0.436123E+02
 -0.438262E+02
 -0.440387E+02
 -0.442530E+02
 -0.444662E+02
 -0.446649E+02
 -0.448553E+02
 -0.450306E+02
 -0.451838E+02
 -0.453097E+02
 -0.454048E+02
 -0.454644E+02
 -0.454752E+02
 -0.454531E+02
 -0.453765E+02
 -0.452540E+02
 -0.450986E+02
 -0.448905E+02
 -0.446417E+02
 -0.443509E+02
 -0.440177E+02
 -0.436492E+02
 -0.432355E+02
 -0.427886E+02
 -0.423062E+02
 -0.417921E+02
 -0.412509E+02
 -0.406831E+02
 -0.400878E+02
 -0.394657E+02
 -0.388208E+02
 -0.381578E+02
 -0.374820E+02
 -0.368003E+02
 -0.361098E+02
 -0.354116E+02
 -0.347113E+02
 -0.340198E+02
 -0.333448E+02
 -0.326976E+02
 -0.320876E+02
 -0.315221E+02
 -0.310071E+02
 -0.305460E+02
 -0.301424E+02
 -0.297998E+02
 -0.295187E+02
 -0.293034E+02
 -0.291474E+02
 -0.290528E+02
 -0.290200E+02
 -0.290434E+02
 -0.291237E+02
 -0.292494E+02
 -0.294120E+02
 -0.296031E+02
 -0.298133E+02
 -0.300485E+02
 -0.303017E+02
 -0.305766E+02
 -0.308723E+02
 -0.311851E+02
 -0.315151E+02
 -0.318460E+02
 -0.321802E+02
 -0.325127E+02
 -0.328273E+02
 -0.331357E+02
 -0.334278E+02
 -0.336971E+02
 -0.339431E+02
 -0.341575E+02
 -0.343434E+02
 -0.344984E+02
 -0.346191E+02
 -0.347158E+02
 -0.347769E+02
 -0.348047E+02
 -0.348131E+02
 -0.347991E+02
 -0.347649E+02
 -0.347203E+02
 -0.346677E+02
 -0.346137E+02
 -0.345618E+02
 -0.345152E+02
 -0.344782E+02
 -0.344482E+02
 -0.344241E+02
 -0.344077E+02
 -0.343850E+02
 -0.343605E+02
 -0.343325E+02
 -0.342943E+02
 -0.342472E+02
 -0.341821E+02
 -0.341017E+02
 -0.340098E+02
 -0.338987E+02
 -0.337780E+02
 -0.336479E+02
 -0.335087E+02
 -0.333621E+02
 -0.332082E+02
 -0.330512E+02
 -0.328935E+02
 -0.327314E+02
 -0.325643E+02
 -0.323948E+02
 -0.322228E+02
 -0.320427E+02
 -0.318597E+02
 -0.316706E+02
 -0.314723E+02
 -0.312653E+02
 -0.310425E+02
 -0.308040E+02
 -0.305491E+02
 -0.302721E+02
 -0.299753E+02
 -0.296555E+02
 -0.293116E+02
 -0.289433E+02
 -0.285555E+02
 -0.281485E+02
 -0.277252E+02
 -0.272930E+02
 -0.268564E+02
 -0.264276E+02
 -0.260112E+02
 -0.256116E+02
 -0.252408E+02
 -0.248992E+02
 -0.245914E+02
 -0.243232E+02
 -0.241042E+02
 -0.239368E+02
 -0.238224E+02
 -0.237687E+02
 -0.237735E+02
 -0.238392E+02
 -0.239668E+02
 -0.241519E+02
 -0.243963E+02
 -0.246938E+02
 -0.250451E+02
 -0.254497E+02
 -0.258971E+02
 -0.263841E+02
 -0.269038E+02
 -0.274500E+02
 -0.280262E+02
 -0.286307E+02
 -0.292646E+02
 -0.299219E+02
 -0.305991E+02
 -0.312957E+02
 -0.320065E+02
 -0.327287E+02
 -0.334566E+02
 -0.341894E+02
 -0.349275E+02
 -0.356605E+02
 -0.363938E+02
 -0.371218E+02
 -0.378379E+02
 -0.385404E+02
 -0.392250E+02
 -0.398878E+02
 -0.405253E+02
 -0.411329E+02
 -0.417070E+02
 -0.422446E+02
 -0.427525E+02
 -0.432304E+02
 -0.436840E+02
 -0.441146E+02
 -0.445236E+02
 -0.449123E+02
 -0.452834E+02
 -0.456348E+02
 -0.459671E+02
 -0.462740E+02
 -0.465545E+02
 -0.468068E+02
 -0.470296E+02
 -0.472167E+02
 -0.473666E+02
 -0.474785E+02
 -0.475494E+02
 -0.475692E+02
 -0.475408E+02
 -0.474625E+02
 -0.473321E+02
 -0.471446E+02
 -0.468993E+02
 -0.465988E+02
 -0.462454E+02
 -0.458379E+02
 -0.453811E+02
 -0.448713E+02
 -0.443140E+02
 -0.437122E+02
 -0.430735E+02
 -0.424099E+02
 -0.417254E+02
 -0.410235E+02
 -0.403170E+02
 -0.396106E+02
 -0.389160E+02
 -0.382421E+02
 -0.375965E+02
 -0.369842E+02
 -0.364108E+02
 -0.358753E+02
 -0.353755E+02
 -0.349086E+02
 -0.344744E+02
 -0.340728E+02
 -0.337056E+02
 -0.333723E+02
 -0.330709E+02
 -0.327955E+02
 -0.325470E+02
 -0.323226E+02
 -0.321194E+02
 -0.319373E+02
 -0.317771E+02
 -0.316376E+02
 -0.315166E+02
 -0.314110E+02
 -0.313174E+02
 -0.312332E+02
 -0.311582E+02
 -0.310884E+02
 -0.310244E+02
 -0.309671E+02
 -0.309174E+02
 -0.308687E+02
 -0.308193E+02
 -0.307697E+02
 -0.307200E+02
 -0.306739E+02
 -0.306362E+02
 -0.306078E+02
 -0.305927E+02
 -0.305941E+02
 -0.306091E+02
 -0.306367E+02
 -0.306812E+02
 -0.307355E+02
 -0.307995E+02
 -0.308724E+02
 -0.309508E+02
 -0.310339E+02
 -0.311178E+02
 -0.311987E+02
 -0.312769E+02
 -0.313497E+02
 -0.314164E+02
 -0.314772E+02
 -0.315361E+02
 -0.315948E+02
 -0.316520E+02
 -0.317079E+02
 -0.317661E+02
 -0.318214E+02
 -0.318731E+02
 -0.319246E+02
 -0.319738E+02
 -0.320174E+02
 -0.320597E+02
 -0.321026E+02
 -0.321420E+02
 -0.321786E+02
 -0.322175E+02
 -0.322542E+02
 -0.322888E+02
 -0.323179E+02
 -0.323388E+02
 -0.323527E+02
 -0.323639E+02
 -0.323719E+02
 -0.323784E+02
 -0.323856E+02
 -0.323936E+02
 -0.324081E+02
 -0.324354E+02
 -0.324754E+02
 -0.325348E+02
 -0.326142E+02
 -0.327161E+02
 -0.328449E+02
 -0.330042E+02
 -0.331930E+02
 -0.334088E+02
 -0.336512E+02
 -0.339182E+02
 -0.342060E+02
 -0.345133E+02
 -0.348331E+02
 -0.351662E+02
 -0.355115E+02
 -0.358662E+02
 -0.362304E+02
 -0.366044E+02
 -0.369811E+02
 -0.373573E+02
 -0.377290E+02
 -0.380932E+02
 -0.384489E+02
 -0.387968E+02
 -0.391317E+02
 -0.394557E+02
 -0.397638E+02
 -0.400530E+02
 -0.403244E+02
 -0.405770E+02
 -0.408090E+02
 -0.410252E+02
 -0.412289E+02
 -0.414222E+02
 -0.416012E+02
 -0.417704E+02
 -0.419251E+02
 -0.420689E+02
 -0.422052E+02
 -0.423347E+02
 -0.424620E+02
 -0.425849E+02
 -0.427028E+02
 -0.428252E+02
 -0.429509E+02
 -0.430832E+02
 -0.432227E+02
 -0.433694E+02
 -0.435242E+02
 -0.436876E+02
 -0.438493E+02
 -0.440140E+02
 -0.441819E+02
 -0.443439E+02
 -0.444993E+02
 -0.446464E+02
 -0.447750E+02
 -0.448835E+02
 -0.449655E+02
 -0.450202E+02
 -0.450474E+02
 -0.450472E+02
 -0.450174E+02
 -0.449589E+02
 -0.448688E+02
 -0.447515E+02
 -0.446058E+02
 -0.444329E+02
 -0.442335E+02
 -0.440113E+02
 -0.437731E+02
 -0.435257E+02
 -0.432718E+02
 -0.430205E+02
 -0.427754E+02
 -0.425410E+02
 -0.423169E+02
 -0.421073E+02
 -0.419145E+02
 -0.417412E+02
 -0.415881E+02
 -0.414532E+02
 -0.413342E+02
 -0.412362E+02
 -0.411550E+02
 -0.410883E+02
 -0.410394E+02
 -0.410109E+02
 -0.410006E+02
 -0.410102E+02
 -0.410324E+02
 -0.410661E+02
 -0.411106E+02
 -0.411648E+02
 -0.412247E+02
 -0.412879E+02
 -0.413552E+02
 -0.414282E+02
 -0.415016E+02
 -0.415762E+02
 -0.416494E+02
 -0.417232E+02
 -0.417974E+02
 -0.418761E+02
 -0.419633E+02
 -0.420615E+02
 -0.421689E+02
 -0.422830E+02
 -0.424042E+02
 -0.425381E+02
 -0.426816E+02
 -0.428414E+02
 -0.430202E+02
 -0.432194E+02
 -0.434415E+02
 -0.436870E+02
 -0.439514E+02
 -0.442358E+02
 -0.445421E+02
 -0.448734E+02
 -0.452288E+02
 -0.456097E+02
 -0.460084E+02
 -0.464228E+02
 -0.468435E+02
 -0.472634E+02
 -0.476779E+02
 -0.480850E+02
 -0.484825E+02
 -0.488697E+02
 -0.492366E+02
 -0.495781E+02
 -0.498867E+02
 -0.501586E+02
 -0.503886E+02
 -0.505732E+02
 -0.507062E+02
 -0.507892E+02
 -0.508143E+02
 -0.507798E+02
 -0.506848E+02
 -0.505302E+02
 -0.503149E+02
 -0.500406E+02
 -0.497084E+02
 -0.493313E+02
 -0.489094E+02
 -0.484412E+02
 -0.479301E+02
 -0.473797E+02
 -0.467902E+02
 -0.461661E+02
 -0.455130E+02
 -0.448391E+02
 -0.441429E+02
 -0.434374E+02
 -0.427251E+02
 -0.420051E+02
 -0.412837E+02
 -0.405647E+02
 -0.398503E+02
 -0.391469E+02
 -0.384564E+02
 -0.377868E+02
 -0.371417E+02
 -0.365241E+02
 -0.359355E+02
 -0.353767E+02
 -0.348530E+02
 -0.343721E+02
 -0.339289E+02
 -0.335216E+02
 -0.331538E+02
 -0.328225E+02
 -0.325257E+02
 -0.322631E+02
 -0.320308E+02
 -0.318378E+02
 -0.316813E+02
 -0.315571E+02
 -0.314686E+02
 -0.314166E+02
 -0.313978E+02
 -0.314073E+02
 -0.314474E+02
 -0.315181E+02
 -0.316134E+02
 -0.317366E+02
 -0.318787E+02
 -0.320349E+02
 -0.321994E+02
 -0.323656E+02
 -0.325324E+02
 -0.326948E+02
 -0.328521E+02
 -0.330028E+02
 -0.331416E+02
 -0.332713E+02
 -0.333887E+02
 -0.334949E+02
 -0.335892E+02
 -0.336735E+02
 -0.337521E+02
 -0.338280E+02
 -0.338983E+02
 -0.339615E+02
 -0.340154E+02
 -0.340569E+02
 -0.340803E+02
 -0.340856E+02
 -0.340711E+02
 -0.340384E+02
 -0.339861E+02
 -0.339103E+02
 -0.338081E+02
 -0.336812E+02
 -0.335323E+02
 -0.333642E+02
 -0.331766E+02
 -0.329761E+02
 -0.327669E+02
 -0.325500E+02
 -0.323244E+02
 -0.320906E+02
 -0.318489E+02
 -0.316043E+02
 -0.313558E+02
 -0.310991E+02
 -0.308352E+02
 -0.305665E+02
 -0.302881E+02
 -0.300043E+02
 -0.297152E+02
 -0.294191E+02
 -0.291185E+02
 -0.288129E+02
 -0.285059E+02
 -0.281981E+02
 -0.278901E+02
 -0.275888E+02
 -0.272949E+02
 -0.270147E+02
 -0.267483E+02
 -0.264999E+02
 -0.262760E+02
 -0.260759E+02
 -0.258979E+02
 -0.257421E+02
 -0.256104E+02
 -0.255024E+02
 -0.254141E+02
 -0.253414E+02
 -0.252837E+02
 -0.252396E+02
 -0.252045E+02
 -0.251784E+02
 -0.251629E+02
 -0.251567E+02
 -0.251578E+02
 -0.251696E+02
 -0.251869E+02
 -0.252133E+02
 -0.252527E+02
 -0.253000E+02
 -0.253572E+02
 -0.254244E+02
 -0.254930E+02
 -0.255618E+02
 -0.256312E+02
 -0.256929E+02
 -0.257451E+02
 -0.257899E+02
 -0.258184E+02
 -0.258306E+02
 -0.258280E+02
 -0.258088E+02
 -0.257752E+02
 -0.257324E+02
 -0.256773E+02
 -0.256102E+02
 -0.255380E+02
 -0.254581E+02
 -0.253745E+02
 -0.252938E+02
 -0.252139E+02
 -0.251369E+02
 -0.250617E+02
 -0.249853E+02
 -0.249036E+02
 -0.248170E+02
 -0.247222E+02
 -0.246175E+02
 -0.245094E+02
 -0.243945E+02
 -0.242754E+02
 -0.241557E+02
 -0.240313E+02
 -0.239082E+02
 -0.237894E+02
 -0.236824E+02
 -0.235951E+02
 -0.235281E+02
 -0.234849E+02
 -0.234715E+02
 -0.234901E+02
 -0.235410E+02
 -0.236250E+02
 -0.237416E+02
 -0.238964E+02
 -0.240891E+02
 -0.243131E+02
 -0.245727E+02
 -0.248629E+02
 -0.251770E+02
 -0.255144E+02
 -0.258740E+02
 -0.262516E+02
 -0.266422E+02
 -0.270434E+02
 -0.274514E+02
 -0.278577E+02
 -0.282621E+02
 -0.286624E+02
 -0.290543E+02
 -0.294373E+02
 -0.298161E+02
 -0.301887E+02
 -0.305485E+02
 -0.308965E+02
 -0.312362E+02
 -0.315654E+02
 -0.318854E+02
 -0.321960E+02
 -0.324981E+02
 -0.327895E+02
 -0.330732E+02
 -0.333526E+02
 -0.336290E+02
 -0.339004E+02
 -0.341683E+02
 -0.344349E+02
 -0.347001E+02
 -0.349608E+02
 -0.352176E+02
 -0.354693E+02
 -0.357149E+02
 -0.359521E+02
 -0.361822E+02
 -0.364036E+02
 -0.366139E+02
 -0.368135E+02
 -0.370067E+02
 -0.371873E+02
 -0.373566E+02
 -0.375127E+02
 -0.376544E+02
 -0.377827E+02
 -0.378953E+02
 -0.379947E+02
 -0.380823E+02
 -0.381508E+02
 -0.382038E+02
 -0.382405E+02
 -0.382598E+02
 -0.382605E+02
 -0.382409E+02
 -0.381990E+02
 -0.381388E+02
 -0.380593E+02
 -0.379630E+02
 -0.378514E+02
 -0.377248E+02
 -0.375839E+02
 -0.374315E+02
 -0.372669E+02
 -0.370955E+02
 -0.369175E+02
 -0.367288E+02
 -0.365260E+02
 -0.363113E+02
 -0.360892E+02
 -0.358663E+02
 -0.356396E+02
 -0.354133E+02
 -0.351911E+02
 -0.349722E+02
 -0.347583E+02
 -0.345475E+02
 -0.343332E+02
 -0.341184E+02
 -0.339014E+02
 -0.336840E+02
 -0.334724E+02
 -0.332644E+02
 -0.330562E+02
 -0.328521E+02
 -0.326500E+02
 -0.324549E+02
 -0.322777E+02
 -0.321188E+02
 -0.319734E+02
 -0.318453E+02
 -0.317370E+02
 -0.316527E+02
 -0.315895E+02
 -0.315479E+02
 -0.315314E+02
 -0.315393E+02
 -0.315745E+02
 -0.316395E+02
 -0.317323E+02
 -0.318513E+02
 -0.319966E+02
 -0.321768E+02
 -0.323910E+02
 -0.326327E+02
 -0.329020E+02
 -0.331983E+02
 -0.335098E+02
 -0.338363E+02
 -0.341768E+02
 -0.345270E+02
 -0.348865E+02
 -0.352528E+02
 -0.356166E+02
 -0.359794E+02
 -0.363383E+02
 -0.366845E+02
 -0.370161E+02
 -0.373303E+02
 -0.376282E+02
 -0.379107E+02
 -0.381814E+02
 -0.384459E+02
 -0.386944E+02
 -0.389319E+02
 -0.391512E+02
 -0.393523E+02
 -0.395386E+02
 -0.397067E+02
 -0.398550E+02
 -0.399836E+02
 -0.400952E+02
 -0.401931E+02
 -0.402826E+02
 -0.403597E+02
 -0.404235E+02
 -0.404874E+02
 -0.405469E+02
 -0.406098E+02
 -0.406790E+02
 -0.407521E+02
 -0.408199E+02
 -0.408774E+02
 -0.409290E+02
 -0.409722E+02
 -0.409986E+02
 -0.410094E+02
 -0.410026E+02
 -0.409753E+02
 -0.409262E+02
 -0.408492E+02
 -0.407410E+02
 -0.406031E+02
 -0.404320E+02
 -0.402334E+02
 -0.400006E+02
 -0.397397E+02
 -0.394547E+02
 -0.391447E+02
 -0.388130E+02
 -0.384616E+02
 -0.380926E+02
 -0.377129E+02
 -0.373215E+02
 -0.369246E+02
 -0.365317E+02
 -0.361414E+02
 -0.357504E+02
 -0.353656E+02
 -0.349866E+02
 -0.346166E+02
 -0.342569E+02
 -0.339103E+02
 -0.335829E+02
 -0.332827E+02
 -0.330092E+02
 -0.327565E+02
 -0.325261E+02
 -0.323233E+02
 -0.321449E+02
 -0.319943E+02
 -0.318702E+02
 -0.317706E+02
 -0.316980E+02
 -0.316467E+02
 -0.316129E+02
 -0.316056E+02
 -0.316180E+02
 -0.316517E+02
 -0.317162E+02
 -0.317988E+02
 -0.318968E+02
 -0.320224E+02
 -0.321691E+02
 -0.323393E+02
 -0.325326E+02
 -0.327392E+02
 -0.329672E+02
 -0.332153E+02
 -0.334733E+02
 -0.337524E+02
 -0.340429E+02
 -0.343453E+02
 -0.346732E+02
 -0.350162E+02
 -0.353686E+02
 -0.357335E+02
 -0.361059E+02
 -0.364867E+02
 -0.368720E+02
 -0.372582E+02
 -0.376467E+02
 -0.380414E+02
 -0.384379E+02
 -0.388368E+02
 -0.392412E+02
 -0.396485E+02
 -0.400547E+02
 -0.404681E+02
 -0.408888E+02
 -0.413208E+02
 -0.417618E+02
 -0.422125E+02
 -0.426827E+02
 -0.431688E+02
 -0.436707E+02
 -0.441954E+02
 -0.447306E+02
 -0.452751E+02
 -0.458288E+02
 -0.463922E+02
 -0.469608E+02
 -0.475310E+02
 -0.480975E+02
 -0.486626E+02
 -0.492248E+02
 -0.497862E+02
 -0.503443E+02
 -0.508898E+02
 -0.514137E+02
 -0.519228E+02
 -0.524186E+02
 -0.529031E+02
 -0.533671E+02
 -0.538101E+02
 -0.542350E+02
 -0.546403E+02
 -0.550194E+02
 -0.553761E+02
 -0.557054E+02
 -0.560063E+02
 -0.562820E+02
 -0.565390E+02
 -0.567744E+02
 -0.569940E+02
 -0.571927E+02
 -0.573679E+02
 -0.575239E+02
 -0.576675E+02
 -0.577975E+02
 -0.579206E+02
 -0.580350E+02
 -0.581441E+02
 -0.582506E+02
 -0.583580E+02
 -0.584608E+02
 -0.585597E+02
 -0.586549E+02
 -0.587493E+02
 -0.588411E+02
 -0.589334E+02
 -0.590210E+02
 -0.591062E+02
 -0.591873E+02
 -0.592633E+02
 -0.593337E+02
 -0.594019E+02
 -0.594613E+02
 -0.595158E+02
 -0.595618E+02
 -0.596028E+02
 -0.596419E+02
 -0.596751E+02
 -0.597002E+02
 -0.597243E+02
 -0.597459E+02
 -0.597719E+02
 -0.597932E+02
 -0.598111E+02
 -0.598298E+02
 -0.598463E+02
 -0.598540E+02
 -0.598588E+02
 -0.598564E+02
 -0.598467E+02
 -0.598232E+02
 -0.597854E+02
 -0.597281E+02
 -0.596468E+02
 -0.595416E+02
 -0.594157E+02
 -0.592656E+02
 -0.590960E+02
 -0.588993E+02
 -0.586816E+02
 -0.584478E+02
 -0.581954E+02
 -0.579213E+02
 -0.576352E+02
 -0.573353E+02
 -0.570216E+02
 -0.566947E+02
 -0.563593E+02
 -0.560207E+02
 -0.556824E+02
 -0.553349E+02
 -0.549871E+02
 -0.546368E+02
 -0.542822E+02
 -0.539247E+02
 -0.535567E+02
 -0.531722E+02
 -0.527796E+02
 -0.523755E+02
 -0.519575E+02
 -0.515237E+02
 -0.510821E+02
 -0.506322E+02
 -0.501759E+02
 -0.497151E+02
 -0.492517E+02
 -0.487791E+02
 -0.482914E+02
 -0.477887E+02
 -0.472762E+02
 -0.467481E+02
 -0.462078E+02
 -0.456551E+02
 -0.450918E+02
 -0.445201E+02
 -0.439460E+02
 -0.433741E+02
 -0.428028E+02
 -0.422319E+02
 -0.416696E+02
 -0.411142E+02
 -0.405729E+02
 -0.400462E+02
 -0.395342E+02
 -0.390417E+02
 -0.385682E+02
 -0.381134E+02
 -0.376783E+02
 -0.372680E+02
 -0.368917E+02
 -0.365433E+02
 -0.362279E+02
 -0.359439E+02
 -0.356954E+02
 -0.354843E+02
 -0.353044E+02
 -0.351653E+02
 -0.350583E+02
 -0.349805E+02
 -0.349399E+02
 -0.349199E+02
 -0.349320E+02
 -0.349717E+02
 -0.350219E+02
 -0.350910E+02
 -0.351674E+02
 -0.352410E+02
 -0.353185E+02
 -0.353898E+02
 -0.354565E+02
 -0.355168E+02
 -0.355696E+02
 -0.356147E+02
 -0.356483E+02
 -0.356710E+02
 -0.356825E+02
 -0.356840E+02
 -0.356779E+02
 -0.356582E+02
 -0.356264E+02
 -0.355812E+02
 -0.355264E+02
 -0.354576E+02
 -0.353695E+02
 -0.352626E+02
 -0.351389E+02
 -0.350017E+02
 -0.348554E+02
 -0.346937E+02
 -0.345119E+02
 -0.343126E+02
 -0.341000E+02
 -0.338702E+02
 -0.336247E+02
 -0.333649E+02
 -0.330895E+02
 -0.328003E+02
 -0.325005E+02
 -0.321879E+02
 -0.318680E+02
 -0.315417E+02
 -0.312053E+02
 -0.308566E+02
 -0.304967E+02
 -0.301250E+02
 -0.297411E+02
 -0.293499E+02
 -0.289561E+02
 -0.285580E+02
 -0.281557E+02
 -0.277481E+02
 -0.273361E+02
 -0.269131E+02
 -0.264777E+02
 -0.260335E+02
 -0.255763E+02
 -0.251061E+02
 -0.246256E+02
 -0.241348E+02
 -0.236366E+02
 -0.231299E+02
 -0.226172E+02
 -0.221005E+02
 -0.215796E+02
 -0.210549E+02
 -0.205243E+02
 -0.199906E+02
 -0.194514E+02
 -0.189057E+02
 -0.183560E+02
 -0.178012E+02
 -0.172456E+02
 -0.166879E+02
 -0.161295E+02
 -0.155731E+02
 -0.150147E+02
 -0.144609E+02
 -0.139154E+02
 -0.133803E+02
 -0.128624E+02
 -0.123687E+02
 -0.118954E+02
 -0.114438E+02
 -0.110209E+02
 -0.106247E+02
 -0.102587E+02
 -0.992804E+01
 -0.963237E+01
 -0.937241E+01
 -0.914794E+01
 -0.896548E+01
 -0.882246E+01
 -0.871957E+01
 -0.865367E+01
 -0.862587E+01
 -0.863777E+01
 -0.868937E+01
 -0.878337E+01
 -0.891657E+01
 -0.908766E+01
 -0.929389E+01
 -0.953071E+01
 -0.979838E+01
 -0.100903E+02
 -0.104100E+02
 -0.107545E+02
 -0.111207E+02
 -0.115112E+02
 -0.119183E+02
 -0.123405E+02
 -0.127835E+02
 -0.132426E+02
 -0.137194E+02
 -0.142228E+02
 -0.147585E+02
 -0.153244E+02
 -0.159240E+02
 -0.165635E+02
 -0.172403E+02
 -0.179531E+02
 -0.187046E+02
 -0.194966E+02
 -0.203324E+02
 -0.212103E+02
 -0.221266E+02
 -0.230805E+02
 -0.240676E+02
 -0.250833E+02
 -0.261289E+02
 -0.272028E+02
 -0.283027E+02
 -0.294326E+02
 -0.305825E+02
 -0.317478E+02
 -0.329319E+02
 -0.341273E+02
 -0.353302E+02
 -0.365398E+02
 -0.377484E+02
 -0.389553E+02
 -0.401492E+02
 -0.413262E+02
 -0.424769E+02
 -0.435893E+02
 -0.446629E+02
 -0.456936E+02
 -0.466721E+02
 -0.475970E+02
 -0.484648E+02
 -0.492760E+02
 -0.500281E+02
 -0.507229E+02
 -0.513539E+02
 -0.519262E+02
 -0.524379E+02
 -0.528913E+02
 -0.532970E+02
 -0.536572E+02
 -0.539655E+02
 -0.542287E+02
 -0.544485E+02
 -0.546303E+02
 -0.547694E+02
 -0.548674E+02
 -0.549270E+02
 -0.549460E+02
 -0.549271E+02
 -0.548748E+02
 -0.547824E+02
 -0.546614E+02
 -0.545094E+02
 -0.543317E+02
 -0.541320E+02
 -0.539081E+02
 -0.536625E+02
 -0.533980E+02
 -0.531192E+02
 -0.528289E+02
 -0.525212E+02
 -0.522069E+02
 -0.518849E+02
 -0.515575E+02
 -0.512189E+02
 -0.508716E+02
 -0.505237E+02
 -0.501718E+02
 -0.498098E+02
 -0.494457E+02
 -0.490768E+02
 -0.487083E+02
 -0.483425E+02
 -0.479770E+02
 -0.476103E+02
 -0.472465E+02
 -0.468836E+02
 -0.465189E+02
 -0.461505E+02
 -0.457776E+02
 -0.453912E+02
 -0.449941E+02
 -0.445835E+02
 -0.441606E+02
 -0.437240E+02
 -0.432712E+02
 -0.428037E+02
 -0.423236E+02
 -0.418302E+02
 -0.413260E+02
 -0.408046E+02
 -0.402622E+02
 -0.396969E+02
 -0.391046E+02
 -0.384771E+02
 -0.378210E+02
 -0.371373E+02
 -0.364217E+02
 -0.356724E+02
 -0.348913E+02
 -0.340682E+02
 -0.332049E+02
 -0.323093E+02
 -0.313722E+02
 -0.304024E+02
 -0.294031E+02
 -0.283664E+02
 -0.273051E+02
 -0.262153E+02
 -0.251039E+02
 -0.239771E+02
 -0.228326E+02
 -0.216837E+02
 -0.205343E+02
 -0.193888E+02
 -0.182521E+02
 -0.171244E+02
 -0.160113E+02
 -0.149121E+02
 -0.138288E+02
 -0.127714E+02
 -0.117329E+02
 -0.107162E+02
 -0.973346E+01
 -0.877025E+01
 -0.782787E+01
 -0.691745E+01
 -0.602788E+01
 -0.516652E+01
 -0.433922E+01
 -0.354939E+01
 -0.279526E+01
 -0.207280E+01
 -0.138529E+01
 -0.733852E+00
 -0.116886E+00
  0.453419E+00
  0.983881E+00
  0.147934E+01
  0.193446E+01
  0.235550E+01
  0.274348E+01
  0.309603E+01
  0.342186E+01
  0.371692E+01
  0.398501E+01
  0.422314E+01
  0.443593E+01
  0.462634E+01
  0.478981E+01
  0.493123E+01
  0.504990E+01
  0.514055E+01
  0.521666E+01
  0.526806E+01
  0.529998E+01
  0.531885E+01
  0.531682E+01
  0.530159E+01
  0.527764E+01
  0.523865E+01
  0.519087E+01
  0.513048E+01
  0.506113E+01
  0.498572E+01
  0.490666E+01
  0.482326E+01
  0.473440E+01
  0.464153E+01
  0.454821E+01
  0.445528E+01
  0.436765E+01
  0.427758E+01
  0.419254E+01
  0.411265E+01
  0.403423E+01
  0.396163E+01
  0.389393E+01
  0.382653E+01
  0.376355E+01
  0.369536E+01
  0.362113E+01
  0.354333E+01
  0.345695E+01
  0.336188E+01
  0.326313E+01
  0.315700E+01
  0.304498E+01
  0.292309E+01
  0.279136E+01
  0.264302E+01
  0.247845E+01
  0.229906E+01
  0.209826E+01
  0.187771E+01
  0.164483E+01
  0.138975E+01
  0.112070E+01
  0.838598E+00
  0.542059E+00
  0.238401E+00
 -0.746632E-01
 -0.396349E+00
 -0.725916E+00
 -0.106944E+01
 -0.142343E+01
 -0.179227E+01
 -0.217291E+01
 -0.256700E+01
 -0.297022E+01
 -0.338161E+01
 -0.380136E+01
 -0.422685E+01
 -0.466327E+01
 -0.511048E+01
 -0.556814E+01
 -0.603857E+01
 -0.651775E+01
 -0.701026E+01
 -0.751193E+01
 -0.802758E+01
 -0.855881E+01
 -0.910437E+01
 -0.966745E+01
 -0.102526E+02
 -0.108659E+02
 -0.115033E+02
 -0.121627E+02
 -0.128433E+02
 -0.135384E+02
 -0.142528E+02
 -0.149828E+02
 -0.157260E+02
 -0.164904E+02
 -0.172724E+02
 -0.180679E+02
 -0.188773E+02
 -0.196942E+02
 -0.205190E+02
 -0.213548E+02
 -0.222001E+02
 -0.230529E+02
 -0.239117E+02
 -0.247816E+02
 -0.256641E+02
 -0.265595E+02
 -0.274691E+02
 -0.283934E+02
 -0.293316E+02
 -0.302834E+02
 -0.312494E+02
 -0.322291E+02
 -0.332205E+02
 -0.342184E+02
 -0.352228E+02
 -0.362345E+02
 -0.372504E+02
 -0.382784E+02
 -0.393007E+02
 -0.403165E+02
 -0.413388E+02
 -0.423539E+02
 -0.433580E+02
 -0.443642E+02
 -0.453618E+02
 -0.463542E+02
 -0.473425E+02
 -0.483114E+02
 -0.492716E+02
 -0.502293E+02
 -0.511725E+02
 -0.521142E+02
 -0.530443E+02
 -0.539663E+02
 -0.548889E+02
 -0.558092E+02
 -0.567292E+02
 -0.576484E+02
 -0.585683E+02
 -0.594926E+02
 -0.604118E+02
 -0.613331E+02
 -0.622504E+02
 -0.631676E+02
 -0.640831E+02
 -0.649947E+02
 -0.659027E+02
 -0.668089E+02
 -0.677072E+02
 -0.686034E+02
 -0.694967E+02
 -0.703924E+02
 -0.712866E+02
 -0.721772E+02
 -0.730681E+02
 -0.739669E+02
 -0.748597E+02
 -0.757576E+02
 -0.766598E+02
 -0.775639E+02
 -0.784726E+02
 -0.793880E+02
 -0.803023E+02
 -0.812222E+02
 -0.821443E+02
 -0.830701E+02
 -0.840036E+02
 -0.849512E+02
 -0.859019E+02
 -0.868661E+02
 -0.878419E+02
 -0.888289E+02
 -0.898232E+02
 -0.908293E+02
 -0.918457E+02
 -0.928789E+02
 -0.939202E+02
 -0.949703E+02
 -0.960291E+02
 -0.971071E+02
 -0.981926E+02
 -0.992833E+02
 -0.100374E+03
 -0.101465E+03
 -0.102543E+03
 -0.103612E+03
 -0.104666E+03
 -0.105707E+03
 -0.106721E+03
 -0.107710E+03
 -0.108665E+03
 -0.109587E+03
 -0.110471E+03
 -0.111317E+03
 -0.112125E+03
 -0.112898E+03
 -0.113622E+03
 -0.114306E+03
 -0.114940E+03
 -0.115533E+03
 -0.116079E+03
 -0.116579E+03
 -0.117030E+03
 -0.117435E+03
 -0.117781E+03
 -0.118077E+03
 -0.118318E+03
 -0.118508E+03
 -0.118642E+03
 -0.118722E+03
 -0.118748E+03
 -0.118730E+03
 -0.118656E+03
 -0.118535E+03
 -0.118366E+03
 -0.118152E+03
 -0.117887E+03
 -0.117577E+03
 -0.117219E+03
 -0.116825E+03
 -0.116385E+03
 -0.115909E+03
 -0.115397E+03
 -0.114851E+03
 -0.114267E+03
 -0.113647E+03
 -0.112988E+03
 -0.112295E+03
 -0.111561E+03
 -0.110789E+03
 -0.109978E+03
 -0.109135E+03
 -0.108247E+03
 -0.107319E+03
 -0.106347E+03
 -0.105344E+03
 -0.104299E+03
 -0.103226E+03
 -0.102129E+03
 -0.100997E+03
 -0.998330E+02
 -0.986431E+02
 -0.974180E+02
 -0.961726E+02
 -0.949032E+02
 -0.936193E+02
 -0.923226E+02
 -0.910201E+02
 -0.897012E+02
 -0.883684E+02
 -0.870260E+02
 -0.856811E+02
 -0.843312E+02
 -0.829793E+02
 -0.816221E+02
 -0.802702E+02
 -0.789221E+02
 -0.775760E+02
 -0.762334E+02
 -0.748999E+02
 -0.735656E+02
 -0.722389E+02
 -0.709158E+02
 -0.695955E+02
 -0.682752E+02
 -0.669545E+02
 -0.656368E+02
 -0.643275E+02
 -0.630211E+02
 -0.617222E+02
 -0.604249E+02
 -0.591312E+02
 -0.578418E+02
 -0.565566E+02
 -0.552782E+02
 -0.540103E+02
 -0.527452E+02
 -0.514872E+02
 -0.502420E+02
 -0.490083E+02
 -0.477790E+02
 -0.465616E+02
 -0.453593E+02
 -0.441717E+02
 -0.429961E+02
 -0.418342E+02
 -0.406845E+02
 -0.395448E+02
 -0.384122E+02
 -0.372898E+02
 -0.361765E+02
 -0.350702E+02
 -0.339635E+02
 -0.328538E+02
 -0.317414E+02
 -0.306280E+02
 -0.295148E+02
 -0.284021E+02
 -0.272943E+02
 -0.261979E+02
 -0.251096E+02
 -0.240307E+02
 -0.229657E+02
 -0.219148E+02
 -0.208791E+02
 -0.198605E+02
 -0.188582E+02
 -0.178723E+02
 -0.169051E+02
 -0.159570E+02
 -0.150291E+02
 -0.141225E+02
 -0.132416E+02
 -0.123885E+02
 -0.115675E+02
 -0.107797E+02
 -0.100227E+02
 -0.929568E+01
 -0.859518E+01
 -0.791965E+01
 -0.727299E+01
 -0.665148E+01
 -0.605675E+01
 -0.548278E+01
 -0.492411E+01
 -0.437976E+01
 -0.384770E+01
 -0.332453E+01
 -0.281463E+01
 -0.231573E+01
 -0.182135E+01
 -0.132849E+01
 -0.838390E+00
 -0.345999E+00
  0.148336E+00
  0.646641E+00
  0.114945E+01
  0.165963E+01
  0.217648E+01
  0.270217E+01
  0.323376E+01
  0.377272E+01
  0.431510E+01
  0.486235E+01
  0.541103E+01
  0.595287E+01
  0.648651E+01
  0.701470E+01
  0.753258E+01
  0.804178E+01
  0.853718E+01
  0.901988E+01
  0.948310E+01
  0.993245E+01
  0.103728E+02
  0.108025E+02
  0.112246E+02
  0.116447E+02
  0.120608E+02
  0.124756E+02
  0.128803E+02
  0.132789E+02
  0.136713E+02
  0.140581E+02
  0.144372E+02
  0.148083E+02
  0.151694E+02
  0.155240E+02
  0.158666E+02
  0.161986E+02
  0.165212E+02
  0.168382E+02
  0.171500E+02
  0.174625E+02
  0.177784E+02
  0.181086E+02
  0.184523E+02
  0.188151E+02
  0.192022E+02
  0.196203E+02
  0.200661E+02
  0.205439E+02
  0.210472E+02
  0.215754E+02
  0.221303E+02
  0.227077E+02
  0.233070E+02
  0.239342E+02
  0.245747E+02
  0.252301E+02
  0.258974E+02
  0.265726E+02
  0.272455E+02
  0.279137E+02
  0.285725E+02
  0.292198E+02
  0.298456E+02
  0.304509E+02
  0.310287E+02
  0.315774E+02
  0.320911E+02
  0.325700E+02
  0.330054E+02
  0.333960E+02
  0.337308E+02
  0.340070E+02
  0.342215E+02
  0.343720E+02
  0.344507E+02
  0.344629E+02
  0.344009E+02
  0.342667E+02
  0.340502E+02
  0.337524E+02
  0.333774E+02
  0.329287E+02
  0.324049E+02
  0.318112E+02
  0.311468E+02
  0.304192E+02
  0.296298E+02
  0.287922E+02
  0.279107E+02
  0.269937E+02
  0.260415E+02
  0.250628E+02
  0.240606E+02
  0.230375E+02
  0.219930E+02
  0.209309E+02
  0.198517E+02
  0.187664E+02
  0.176756E+02
  0.165794E+02
  0.154745E+02
  0.143653E+02
  0.132499E+02
  0.121336E+02
  0.110160E+02
  0.989801E+01
  0.878096E+01
  0.766782E+01
  0.656006E+01
  0.546298E+01
  0.437052E+01
  0.328806E+01
  0.221945E+01
  0.116221E+01
  0.110956E+00
 -0.936766E+00
 -0.198528E+01
 -0.303972E+01
 -0.410485E+01
 -0.517501E+01
 -0.624967E+01
 -0.733259E+01
 -0.842707E+01
 -0.953285E+01
 -0.106511E+02
 -0.117768E+02
 -0.129127E+02
 -0.140650E+02
 -0.152296E+02
 -0.164086E+02
 -0.176051E+02
 -0.188152E+02
 -0.200422E+02
 -0.212826E+02
 -0.225321E+02
 -0.237977E+02
 -0.250778E+02
 -0.263714E+02
 -0.276816E+02
 -0.290035E+02
 -0.303347E+02
 -0.316741E+02
 -0.330166E+02
 -0.343628E+02
 -0.357040E+02
 -0.370389E+02
 -0.383694E+02
 -0.396924E+02
 -0.410079E+02
 -0.423177E+02
 -0.436154E+02
 -0.448976E+02
 -0.461625E+02
 -0.474114E+02
 -0.486345E+02
 -0.498306E+02
 -0.509965E+02
 -0.521300E+02
 -0.532267E+02
 -0.542852E+02
 -0.553012E+02
 -0.562779E+02
 -0.572160E+02
 -0.581139E+02
 -0.589638E+02
 -0.597711E+02
 -0.605400E+02
 -0.612762E+02
 -0.619745E+02
 -0.626386E+02
 -0.632660E+02
 -0.638615E+02
 -0.644308E+02
 -0.649738E+02
 -0.654844E+02
 -0.659636E+02
 -0.664057E+02
 -0.668220E+02
 -0.672075E+02
 -0.675646E+02
 -0.678957E+02
 -0.682044E+02
 -0.684959E+02
 -0.687773E+02
 -0.690554E+02
 -0.693351E+02
 -0.696026E+02
 -0.698714E+02
 -0.701376E+02
 -0.704020E+02
 -0.706687E+02
 -0.709346E+02
 -0.711993E+02
 -0.714647E+02
 -0.717262E+02
 -0.719916E+02
 -0.722520E+02
 -0.725127E+02
 -0.727664E+02
 -0.730121E+02
 -0.732517E+02
 -0.734846E+02
 -0.737009E+02
 -0.739029E+02
 -0.740836E+02
 -0.742437E+02
 -0.743832E+02
 -0.744989E+02
 -0.745849E+02
 -0.746456E+02
 -0.746690E+02
 -0.746645E+02
 -0.746301E+02
 -0.745715E+02
 -0.744874E+02
 -0.743737E+02
 -0.742448E+02
 -0.741030E+02
 -0.739360E+02
 -0.737630E+02
 -0.735741E+02
 -0.733717E+02
 -0.731577E+02
 -0.729309E+02
 -0.726982E+02
 -0.724643E+02
 -0.722240E+02
 -0.719848E+02
 -0.717425E+02
 -0.715082E+02
 -0.712753E+02
 -0.710445E+02
 -0.708245E+02
 -0.706185E+02
 -0.704239E+02
 -0.702414E+02
 -0.700687E+02
 -0.699176E+02
 -0.697790E+02
 -0.696602E+02
 -0.695589E+02
 -0.694743E+02
 -0.694083E+02
 -0.693593E+02
 -0.693316E+02
 -0.693217E+02
 -0.693147E+02
 -0.693198E+02
 -0.693336E+02
 -0.693674E+02
 -0.694061E+02
 -0.694447E+02
 -0.694848E+02
 -0.695177E+02
 -0.695489E+02
 -0.695742E+02
 -0.695873E+02
 -0.695978E+02
 -0.695961E+02
 -0.695986E+02
 -0.695962E+02
 -0.695850E+02
 -0.695700E+02
 -0.695521E+02
 -0.695328E+02
 -0.695173E+02
 -0.694997E+02
 -0.694845E+02
 -0.694700E+02
 -0.694618E+02
 -0.694554E+02
 -0.694527E+02
 -0.694587E+02
 -0.694790E+02
 -0.695040E+02
 -0.695397E+02
 -0.695885E+02
 -0.696485E+02
 -0.697146E+02
 -0.697924E+02
 -0.698785E+02
 -0.699768E+02
 -0.700786E+02
 -0.701837E+02
 -0.702919E+02
 -0.704103E+02
 -0.705365E+02
 -0.706723E+02
 -0.708179E+02
 -0.709723E+02
 -0.711306E+02
 -0.712973E+02
 -0.714694E+02
 -0.716550E+02
 -0.718451E+02
 -0.720423E+02
 -0.722487E+02
 -0.724621E+02
 -0.726744E+02
 -0.728883E+02
 -0.731040E+02
 -0.733176E+02
 -0.735185E+02
 -0.737125E+02
 -0.738931E+02
 -0.740697E+02
 -0.742433E+02
 -0.744121E+02
 -0.745726E+02
 -0.747281E+02
 -0.748743E+02
 -0.750097E+02
 -0.751323E+02
 -0.752467E+02
 -0.753462E+02
 -0.754364E+02
 -0.755122E+02
 -0.755804E+02
 -0.756382E+02
 -0.756871E+02
 -0.757299E+02
 -0.757681E+02
 -0.757957E+02
 -0.758193E+02
 -0.758362E+02
 -0.758520E+02
 -0.758614E+02
 -0.758680E+02
 -0.758698E+02
 -0.758725E+02
 -0.758763E+02
 -0.758816E+02
 -0.758880E+02
 -0.758973E+02
 -0.759024E+02
 -0.759127E+02
 -0.759246E+02
 -0.759416E+02
 -0.759535E+02
 -0.759575E+02
 -0.759572E+02
 -0.759551E+02
 -0.759408E+02
 -0.759137E+02
 -0.758681E+02
 -0.758084E+02
 -0.757265E+02
 -0.756260E+02
 -0.755058E+02
 -0.753565E+02
 -0.751682E+02
 -0.749487E+02
 -0.746931E+02
 -0.744076E+02
 -0.740887E+02
 -0.737309E+02
 -0.733352E+02
 -0.729024E+02
 -0.724244E+02
 -0.719143E+02
 -0.713650E+02
 -0.707822E+02
 -0.701645E+02
 -0.695080E+02
 -0.688206E+02
 -0.681039E+02
 -0.673526E+02
 -0.665747E+02
 -0.657693E+02
 -0.649504E+02
 -0.641088E+02
 -0.632418E+02
 -0.623514E+02
 -0.614331E+02
 -0.604856E+02
 -0.595095E+02
 -0.585019E+02
 -0.574674E+02
 -0.564003E+02
 -0.553098E+02
 -0.541976E+02
 -0.530678E+02
 -0.519226E+02
 -0.507621E+02
 -0.495907E+02
 -0.484150E+02
 -0.472314E+02
 -0.460470E+02
 -0.448617E+02
 -0.436793E+02
 -0.425020E+02
 -0.413275E+02
 -0.401628E+02
 -0.390105E+02
 -0.378629E+02
 -0.367232E+02
 -0.355885E+02
 -0.344601E+02
 -0.333332E+02
 -0.321997E+02
 -0.310533E+02
 -0.298908E+02
 -0.287110E+02
 -0.275134E+02
 -0.263025E+02
 -0.250795E+02
 -0.238423E+02
 -0.225907E+02
 -0.213198E+02
 -0.200325E+02
 -0.187297E+02
 -0.174135E+02
 -0.160868E+02
 -0.147464E+02
 -0.133999E+02
 -0.120476E+02
 -0.106873E+02
 -0.931837E+01
 -0.793853E+01
 -0.655170E+01
 -0.515877E+01
 -0.376195E+01
 -0.237007E+01
 -0.981739E+00
  0.393929E+00
  0.175398E+01
  0.309675E+01
  0.441901E+01
  0.572104E+01
  0.699805E+01
  0.823353E+01
  0.943015E+01
  0.105865E+02
  0.116952E+02
  0.127521E+02
  0.137550E+02
  0.146944E+02
  0.155764E+02
  0.163946E+02
  0.171509E+02
  0.178510E+02
  0.184974E+02
  0.190893E+02
  0.196260E+02
  0.201091E+02
  0.205426E+02
  0.209157E+02
  0.212351E+02
  0.214952E+02
  0.216980E+02
  0.218447E+02
  0.219341E+02
  0.219645E+02
  0.219408E+02
  0.218606E+02
  0.217356E+02
  0.215697E+02
  0.213667E+02
  0.211298E+02
  0.208593E+02
  0.205509E+02
  0.202133E+02
  0.198397E+02
  0.194391E+02
  0.190195E+02
  0.185841E+02
  0.181346E+02
  0.176725E+02
  0.171970E+02
  0.167101E+02
  0.161982E+02
  0.156635E+02
  0.151056E+02
  0.145204E+02
  0.139113E+02
  0.132790E+02
  0.126173E+02
  0.119356E+02
  0.112260E+02
  0.104918E+02
  0.973960E+01
  0.896556E+01
  0.816917E+01
  0.735615E+01
  0.652178E+01
  0.567126E+01
  0.480304E+01
  0.391992E+01
  0.302446E+01
  0.211256E+01
  0.118322E+01
  0.236847E+00
 -0.730560E+00
 -0.171464E+01
 -0.271828E+01
 -0.374150E+01
 -0.478628E+01
 -0.585039E+01
 -0.693622E+01
 -0.804507E+01
 -0.917160E+01
 -0.103096E+02
 -0.114603E+02
 -0.126239E+02
 -0.137953E+02
 -0.149716E+02
 -0.161519E+02
 -0.173299E+02
 -0.185096E+02
 -0.196904E+02
 -0.208654E+02
 -0.220384E+02
 -0.232042E+02
 -0.243551E+02
 -0.254896E+02
 -0.265967E+02
 -0.276760E+02
 -0.287299E+02
 -0.297580E+02
 -0.307670E+02
 -0.317462E+02
 -0.326940E+02
 -0.336082E+02
 -0.344856E+02
 -0.353337E+02
 -0.361455E+02
 -0.369138E+02
 -0.376456E+02
 -0.383425E+02
 -0.390080E+02
 -0.396435E+02
 -0.402545E+02
 -0.408453E+02
 -0.414164E+02
 -0.419662E+02
 -0.425073E+02
 -0.430346E+02
 -0.435468E+02
 -0.440555E+02
 -0.445600E+02
 -0.450589E+02
 -0.455606E+02
 -0.460556E+02
 -0.465461E+02
 -0.470360E+02
 -0.475249E+02
 -0.480135E+02
 -0.485030E+02
 -0.489971E+02
 -0.494980E+02
 -0.499923E+02
 -0.504876E+02
 -0.509834E+02
 -0.514813E+02
 -0.519830E+02
 -0.524830E+02
 -0.529807E+02
 -0.534780E+02
 -0.539704E+02
 -0.544633E+02
 -0.549524E+02
 -0.554434E+02
 -0.559369E+02
 -0.564325E+02
 -0.569319E+02
 -0.574375E+02
 -0.579416E+02
 -0.584476E+02
 -0.589559E+02
 -0.594650E+02
 -0.599671E+02
 -0.604643E+02
 -0.609543E+02
 -0.614371E+02
 -0.619090E+02
 -0.623713E+02
 -0.628211E+02
 -0.632602E+02
 -0.636764E+02
 -0.640705E+02
 -0.644399E+02
 -0.647832E+02
 -0.650926E+02
 -0.653658E+02
 -0.656042E+02
 -0.658102E+02
 -0.659823E+02
 -0.661293E+02
 -0.662491E+02
 -0.663502E+02
 -0.664253E+02
 -0.664745E+02
 -0.664971E+02
 -0.664900E+02
 -0.664548E+02
 -0.663983E+02
 -0.663152E+02
 -0.662160E+02
 -0.660981E+02
 -0.659577E+02
 -0.657956E+02
 -0.656111E+02
 -0.654011E+02
 -0.651765E+02
 -0.649351E+02
 -0.646817E+02
 -0.644143E+02
 -0.641427E+02
 -0.638692E+02
 -0.635965E+02
 -0.633253E+02
 -0.630553E+02
 -0.627883E+02
 -0.625275E+02
 -0.622669E+02
 -0.620137E+02
 -0.617642E+02
 -0.615215E+02
 -0.612845E+02
 -0.610530E+02
 -0.608238E+02
 -0.606013E+02
 -0.603817E+02
 -0.601652E+02
 -0.599555E+02
 -0.597569E+02
 -0.595613E+02
 -0.593754E+02
 -0.592029E+02
 -0.590465E+02
 -0.589055E+02
 -0.587821E+02
 -0.586796E+02
 -0.586080E+02
 -0.585636E+02
 -0.585492E+02
 -0.585613E+02
 -0.585969E+02
 -0.586500E+02
 -0.587162E+02
 -0.587918E+02
 -0.588780E+02
 -0.589656E+02
 -0.590534E+02
 -0.591383E+02
 -0.592210E+02
 -0.592957E+02
 -0.593623E+02
 -0.594147E+02
 -0.594515E+02
 -0.594684E+02
 -0.594732E+02
 -0.594604E+02
 -0.594253E+02
 -0.593696E+02
 -0.592921E+02
 -0.591968E+02
 -0.590858E+02
 -0.589531E+02
 -0.588090E+02
 -0.586443E+02
 -0.584666E+02
 -0.582704E+02
 -0.580534E+02
 -0.578216E+02
 -0.575746E+02
 -0.573142E+02
 -0.570372E+02
 -0.567408E+02
 -0.564254E+02
 -0.560772E+02
 -0.557072E+02
 -0.553148E+02
 -0.548972E+02
 -0.544557E+02
 -0.539867E+02
 -0.534864E+02
 -0.529645E+02
 -0.524110E+02
 -0.518276E+02
 -0.512155E+02
 -0.505642E+02
 -0.498758E+02
 -0.491518E+02
 -0.483907E+02
 -0.476014E+02
 -0.467780E+02
 -0.459276E+02
 -0.450570E+02
 -0.441746E+02
 -0.432798E+02
 -0.423729E+02
 -0.414526E+02
 -0.405176E+02
 -0.395742E+02
 -0.386250E+02
 -0.376682E+02
 -0.367091E+02
 -0.357468E+02
 -0.347828E+02
 -0.338203E+02
 -0.328638E+02
 -0.319147E+02
 -0.309811E+02
 -0.300596E+02
 -0.291511E+02
 -0.282613E+02
 -0.273894E+02
 -0.265424E+02
 -0.257200E+02
 -0.249253E+02
 -0.241634E+02
 -0.234329E+02
 -0.227365E+02
 -0.220680E+02
 -0.214308E+02
 -0.208289E+02
 -0.202626E+02
 -0.197361E+02
 -0.192447E+02
 -0.187901E+02
 -0.183698E+02
 -0.179865E+02
 -0.176523E+02
 -0.173643E+02
 -0.171237E+02
 -0.169355E+02
 -0.168051E+02
 -0.167361E+02
 -0.167234E+02
 -0.167749E+02
 -0.168896E+02
 -0.170666E+02
 -0.173129E+02
 -0.176299E+02
 -0.180172E+02
 -0.184654E+02
 -0.189695E+02
 -0.195321E+02
 -0.201499E+02
 -0.208151E+02
 -0.215237E+02
 -0.222725E+02
 -0.230517E+02
 -0.238640E+02
 -0.247065E+02
 -0.255709E+02
 -0.264625E+02
 -0.273795E+02
 -0.283234E+02
 -0.292930E+02
 -0.302802E+02
 -0.312860E+02
 -0.323064E+02
 -0.333357E+02
 -0.343749E+02
 -0.354120E+02
 -0.364479E+02
 -0.374848E+02
 -0.385181E+02
 -0.395487E+02
 -0.405791E+02
 -0.416083E+02
 -0.426321E+02
 -0.436455E+02
 -0.446580E+02
 -0.456651E+02
 -0.466663E+02
 -0.476629E+02
 -0.486493E+02
 -0.496258E+02
 -0.505943E+02
 -0.515484E+02
 -0.524930E+02
 -0.534216E+02
 -0.543334E+02
 -0.552244E+02
 -0.560888E+02
 -0.569217E+02
 -0.577332E+02
 -0.585158E+02
 -0.592692E+02
 -0.600011E+02
 -0.607045E+02
 -0.613784E+02
 -0.620290E+02
 -0.626478E+02
 -0.632402E+02
 -0.637996E+02
 -0.643293E+02
 -0.648292E+02
 -0.652944E+02
 -0.657228E+02
 -0.661206E+02
 -0.664794E+02
 -0.668053E+02
 -0.670999E+02
 -0.673614E+02
 -0.675801E+02
 -0.677592E+02
 -0.679026E+02
 -0.680062E+02
 -0.680650E+02
 -0.680831E+02
 -0.680552E+02
 -0.679934E+02
 -0.678891E+02
 -0.677434E+02
 -0.675634E+02
 -0.673492E+02
 -0.670940E+02
 -0.668031E+02
 -0.664725E+02
 -0.661008E+02
 -0.656886E+02
 -0.652421E+02
 -0.647595E+02
 -0.642527E+02
 -0.637249E+02
 -0.631700E+02
 -0.625917E+02
 -0.620034E+02
 -0.613949E+02
 -0.607789E+02
 -0.601597E+02
 -0.595318E+02
 -0.588996E+02
 -0.582683E+02
 -0.576394E+02
 -0.570186E+02
 -0.563978E+02
 -0.557786E+02
 -0.551599E+02
 -0.545492E+02
 -0.539413E+02
 -0.533349E+02
 -0.527366E+02
 -0.521456E+02
 -0.515626E+02
 -0.509908E+02
 -0.504271E+02
 -0.498811E+02
 -0.493483E+02
 -0.488312E+02
 -0.483323E+02
 -0.478519E+02
 -0.473886E+02
 -0.469405E+02
 -0.465051E+02
 -0.460813E+02
 -0.456602E+02
 -0.452449E+02
 -0.448364E+02
 -0.444327E+02
 -0.440316E+02
 -0.436318E+02
 -0.432290E+02
 -0.428224E+02
 -0.424113E+02
 -0.420003E+02
 -0.415867E+02
 -0.411782E+02
 -0.407734E+02
 -0.403685E+02
 -0.399674E+02
 -0.395711E+02
 -0.391782E+02
 -0.387890E+02
 -0.384037E+02
 -0.380225E+02
 -0.376350E+02
 -0.372451E+02
 -0.368557E+02
 -0.364656E+02
 -0.360787E+02
 -0.356974E+02
 -0.353170E+02
 -0.349426E+02
 -0.345767E+02
 -0.342188E+02
 -0.338654E+02
 -0.335169E+02
 -0.331769E+02
 -0.328444E+02
 -0.325144E+02
 -0.321875E+02
 -0.318625E+02
 -0.315399E+02
 -0.312216E+02
 -0.309059E+02
 -0.305873E+02
 -0.302691E+02
 -0.299532E+02
 -0.296407E+02
 -0.293339E+02
 -0.290325E+02
 -0.287309E+02
 -0.284313E+02
 -0.281316E+02
 -0.278276E+02
 -0.275266E+02
 -0.272265E+02
 -0.269267E+02
 -0.266289E+02
 -0.263309E+02
 -0.260405E+02
 -0.257495E+02
 -0.254592E+02
 -0.251732E+02
 -0.248843E+02
 -0.245979E+02
 -0.243054E+02
 -0.240004E+02
 -0.236915E+02
 -0.233767E+02
 -0.230545E+02
 -0.227241E+02
 -0.223888E+02
 -0.220516E+02
 -0.217152E+02
 -0.213817E+02
 -0.210460E+02
 -0.207125E+02
 -0.203890E+02
 -0.200780E+02
 -0.197826E+02
 -0.195009E+02
 -0.192349E+02
 -0.189880E+02
 -0.187590E+02
 -0.185513E+02
 -0.183648E+02
 -0.181964E+02
 -0.180530E+02
 -0.179353E+02
 -0.178381E+02
 -0.177669E+02
 -0.177189E+02
 -0.176930E+02
 -0.176989E+02
 -0.177392E+02
 -0.178138E+02
 -0.179260E+02
 -0.180714E+02
 -0.182547E+02
 -0.184782E+02
 -0.187360E+02
 -0.190269E+02
 -0.193438E+02
 -0.196854E+02
 -0.200498E+02
 -0.204302E+02
 -0.208262E+02
 -0.212326E+02
 -0.216450E+02
 -0.220628E+02
 -0.224875E+02
 -0.229163E+02
 -0.233443E+02
 -0.237694E+02
 -0.241868E+02
 -0.245969E+02
 -0.249979E+02
 -0.253902E+02
 -0.257734E+02
 -0.261457E+02
 -0.265058E+02
 -0.268476E+02
 -0.271740E+02
 -0.274868E+02
 -0.277817E+02
 -0.280641E+02
 -0.283356E+02
 -0.285957E+02
 -0.288455E+02
 -0.290902E+02
 -0.293338E+02
 -0.295739E+02
 -0.298136E+02
 -0.300534E+02
 -0.302905E+02
 -0.305364E+02
 -0.307836E+02
 -0.310190E+02
 -0.312472E+02
 -0.314694E+02
 -0.316790E+02
 -0.318742E+02
 -0.320542E+02
 -0.322135E+02
 -0.323502E+02
 -0.324677E+02
 -0.325578E+02
 -0.326208E+02
 -0.326560E+02
 -0.326634E+02
 -0.326466E+02
 -0.325990E+02
 -0.325236E+02
 -0.324253E+02
 -0.322976E+02
 -0.321507E+02
 -0.319841E+02
 -0.317996E+02
 -0.316026E+02
 -0.313918E+02
 -0.311707E+02
 -0.309467E+02
 -0.307242E+02
 -0.305004E+02
 -0.302760E+02
 -0.300582E+02
 -0.298521E+02
 -0.296596E+02
 -0.294824E+02
 -0.293213E+02
 -0.291724E+02
 -0.290446E+02
 -0.289283E+02
 -0.288175E+02
 -0.287219E+02
 -0.286397E+02
 -0.285658E+02
 -0.284964E+02
 -0.284281E+02
 -0.283615E+02
 -0.282972E+02
 -0.282315E+02
 -0.281626E+02
 -0.280936E+02
 -0.280219E+02
 -0.279512E+02
 -0.278825E+02
 -0.278101E+02
 -0.277355E+02
 -0.276654E+02
 -0.275963E+02
 -0.275343E+02
 -0.274846E+02
 -0.274433E+02
 -0.274138E+02
 -0.273946E+02
 -0.273861E+02
 -0.273955E+02
 -0.274206E+02
 -0.274574E+02
 -0.275114E+02
 -0.275855E+02
 -0.276735E+02
 -0.277801E+02
 -0.279055E+02
 -0.280471E+02
 -0.282090E+02
 -0.283989E+02
 -0.286054E+02
 -0.288293E+02
 -0.290829E+02
 -0.293496E+02
 -0.296368E+02
 -0.299470E+02
 -0.302627E+02
 -0.305964E+02
 -0.309390E+02
 -0.312892E+02
 -0.316465E+02
 -0.319999E+02
 -0.323559E+02
 -0.327155E+02
 -0.330749E+02
 -0.334358E+02
 -0.337977E+02
 -0.341538E+02
 -0.345084E+02
 -0.348632E+02
 -0.352010E+02
 -0.355387E+02
 -0.358762E+02
 -0.361999E+02
 -0.365232E+02
 -0.368433E+02
 -0.371550E+02
 -0.374702E+02
 -0.377819E+02
 -0.380914E+02
 -0.383989E+02
 -0.386994E+02
 -0.390015E+02
 -0.393032E+02
 -0.395907E+02
 -0.398763E+02
 -0.401549E+02
 -0.404208E+02
 -0.406824E+02
 -0.409358E+02
 -0.411734E+02
 -0.413999E+02
 -0.416155E+02
 -0.418192E+02
 -0.420087E+02
 -0.421942E+02
 -0.423779E+02
 -0.425558E+02
 -0.427308E+02
 -0.429058E+02
 -0.430761E+02
 -0.432508E+02
 -0.434300E+02
 -0.436110E+02
 -0.437953E+02
 -0.439879E+02
 -0.441763E+02
 -0.443576E+02
 -0.445356E+02
 -0.447058E+02
 -0.448736E+02
 -0.450368E+02
 -0.451875E+02
 -0.453331E+02
 -0.454631E+02
 -0.455823E+02
 -0.456916E+02
 -0.457867E+02
 -0.458684E+02
 -0.459376E+02
 -0.459900E+02
 -0.460306E+02
 -0.460613E+02
 -0.460807E+02
 -0.460891E+02
 -0.460879E+02
 -0.460683E+02
 -0.460313E+02
 -0.459783E+02
 -0.459066E+02
 -0.458109E+02
 -0.456950E+02
 -0.455618E+02
 -0.454139E+02
 -0.452521E+02
 -0.450816E+02
 -0.448970E+02
 -0.447070E+02
 -0.445124E+02
 -0.443092E+02
 -0.441027E+02
 -0.438939E+02
 -0.436777E+02
 -0.434566E+02
 -0.432327E+02
 -0.430054E+02
 -0.427734E+02
 -0.425444E+02
 -0.423108E+02
 -0.420691E+02
 -0.418179E+02
 -0.415576E+02
 -0.412890E+02
 -0.410153E+02
 -0.407388E+02
 -0.404624E+02
 -0.401834E+02
 -0.399012E+02
 -0.396172E+02
 -0.393367E+02
 -0.390579E+02
 -0.387815E+02
 -0.385076E+02
 -0.382398E+02
 -0.379829E+02
 -0.377377E+02
 -0.374989E+02
 -0.372655E+02
 -0.370400E+02
 -0.368294E+02
 -0.366264E+02
 -0.364341E+02
 -0.362599E+02
 -0.361060E+02
 -0.359741E+02
 -0.358619E+02
 -0.357617E+02
 -0.356743E+02
 -0.356033E+02
 -0.355409E+02
 -0.354834E+02
 -0.354380E+02
 -0.353913E+02
 -0.353422E+02
 -0.352933E+02
 -0.352384E+02
 -0.351805E+02
 -0.351218E+02
 -0.350536E+02
 -0.349794E+02
 -0.349041E+02
 -0.348257E+02
 -0.347427E+02
 -0.346571E+02
 -0.345720E+02
 -0.344876E+02
 -0.343995E+02
 -0.343190E+02
 -0.342451E+02
 -0.341743E+02
 -0.341168E+02
 -0.340732E+02
 -0.340372E+02
 -0.340115E+02
 -0.339952E+02
 -0.339958E+02
 -0.340131E+02
 -0.340392E+02
 -0.340761E+02
 -0.341264E+02
 -0.341865E+02
 -0.342641E+02
 -0.343564E+02
 -0.344668E+02
 -0.346101E+02
 -0.347740E+02
 -0.349580E+02
 -0.351723E+02
 -0.354056E+02
 -0.356599E+02
 -0.359318E+02
 -0.362248E+02
 -0.365357E+02
 -0.368632E+02
 -0.372071E+02
 -0.375585E+02
 -0.379196E+02
 -0.382907E+02
 -0.386689E+02
 -0.390506E+02
 -0.394301E+02
 -0.398130E+02
 -0.401917E+02
 -0.405667E+02
 -0.409377E+02
 -0.413057E+02
 -0.416760E+02
 -0.420498E+02
 -0.424251E+02
 -0.428065E+02
 -0.431884E+02
 -0.435701E+02
 -0.439479E+02
 -0.443203E+02
 -0.446963E+02
 -0.450676E+02
 -0.454329E+02
 -0.458120E+02
 -0.461926E+02
 -0.465790E+02
 -0.469732E+02
 -0.473736E+02
 -0.477845E+02
 -0.481983E+02
 -0.486156E+02
 -0.490395E+02
 -0.494647E+02
 -0.498979E+02
 -0.503266E+02
 -0.507550E+02
 -0.511849E+02
 -0.516079E+02
 -0.520250E+02
 -0.524338E+02
 -0.528309E+02
 -0.532191E+02
 -0.535893E+02
 -0.539412E+02
 -0.542732E+02
 -0.545941E+02
 -0.548973E+02
 -0.551856E+02
 -0.554617E+02
 -0.557176E+02
 -0.559590E+02
 -0.561898E+02
 -0.564045E+02
 -0.566086E+02
 -0.567985E+02
 -0.569812E+02
 -0.571470E+02
 -0.572995E+02
 -0.574363E+02
 -0.575571E+02
 -0.576708E+02
 -0.577733E+02
 -0.578550E+02
 -0.579168E+02
 -0.579568E+02
 -0.579777E+02
 -0.579759E+02
 -0.579598E+02
 -0.579214E+02
 -0.578596E+02
 -0.577818E+02
 -0.576847E+02
 -0.575534E+02
 -0.573987E+02
 -0.572187E+02
 -0.570070E+02
 -0.567713E+02
 -0.565071E+02
 -0.562085E+02
 -0.558818E+02
 -0.555188E+02
 -0.551308E+02
 -0.547159E+02
 -0.542655E+02
 -0.537812E+02
 -0.532791E+02
 -0.527447E+02
 -0.521767E+02
 -0.515927E+02
 -0.509766E+02
 -0.503373E+02
 -0.496818E+02
 -0.489900E+02
 -0.482935E+02
 -0.475861E+02
 -0.468594E+02
 -0.461330E+02
 -0.453979E+02
 -0.446480E+02
 -0.438952E+02
 -0.431317E+02
 -0.423580E+02
 -0.415733E+02
 -0.407718E+02
 -0.399581E+02
 -0.391346E+02
 -0.382993E+02
 -0.374553E+02
 -0.365981E+02
 -0.357357E+02
 -0.348663E+02
 -0.339841E+02
 -0.330947E+02
 -0.321997E+02
 -0.313000E+02
 -0.304004E+02
 -0.294992E+02
 -0.286041E+02
 -0.277147E+02
 -0.268345E+02
 -0.259700E+02
 -0.251254E+02
 -0.243054E+02
 -0.235043E+02
 -0.227390E+02
 -0.220076E+02
 -0.213079E+02
 -0.206523E+02
 -0.200288E+02
 -0.194442E+02
 -0.188916E+02
 -0.183786E+02
 -0.179018E+02
 -0.174490E+02
 -0.170428E+02
 -0.166665E+02
 -0.163201E+02
 -0.160064E+02
 -0.157193E+02
 -0.154693E+02
 -0.152411E+02
 -0.150418E+02
 -0.148822E+02
 -0.147425E+02
 -0.146270E+02
 -0.145347E+02
 -0.144559E+02
 -0.144007E+02
 -0.143690E+02
 -0.143540E+02
 -0.143570E+02
 -0.143780E+02
 -0.144186E+02
 -0.144771E+02
 -0.145536E+02
 -0.146493E+02
 -0.147630E+02
 -0.148861E+02
 -0.150229E+02
 -0.151680E+02
 -0.153153E+02
 -0.154755E+02
 -0.156346E+02
 -0.157930E+02
 -0.159563E+02
 -0.161151E+02
 -0.162803E+02
 -0.164478E+02
 -0.166148E+02
 -0.167809E+02
 -0.169473E+02
 -0.171136E+02
 -0.172730E+02
 -0.174297E+02
 -0.175795E+02
 -0.177239E+02
 -0.178643E+02
 -0.179972E+02
 -0.181252E+02
 -0.182390E+02
 -0.183412E+02
 -0.184335E+02
 -0.185136E+02
 -0.185825E+02
 -0.186359E+02
 -0.186760E+02
 -0.187026E+02
 -0.187151E+02
 -0.187140E+02
 -0.187009E+02
 -0.186771E+02
 -0.186363E+02
 -0.185845E+02
 -0.185251E+02
 -0.184506E+02
 -0.183643E+02
 -0.182703E+02
 -0.181662E+02
 -0.180635E+02
 -0.179602E+02
 -0.178549E+02
 -0.177598E+02
 -0.176604E+02
 -0.175626E+02
 -0.174729E+02
 -0.173815E+02
 -0.173022E+02
 -0.172298E+02
 -0.171628E+02
 -0.171076E+02
 -0.170568E+02
 -0.170119E+02
 -0.169696E+02
 -0.169287E+02
 -0.168900E+02
 -0.168494E+02
 -0.168115E+02
 -0.167721E+02
 -0.167373E+02
 -0.167067E+02
 -0.166765E+02
 -0.166605E+02
 -0.166536E+02
 -0.166572E+02
 -0.166763E+02
 -0.166966E+02
 -0.167237E+02
 -0.167648E+02
 -0.168157E+02
 -0.168763E+02
 -0.169422E+02
 -0.170095E+02
 -0.170914E+02
 -0.171809E+02
 -0.172705E+02
 -0.173704E+02
 -0.174737E+02
 -0.175818E+02
 -0.176997E+02
 -0.178226E+02
 -0.179559E+02
 -0.181015E+02
 -0.182603E+02
 -0.184337E+02
 -0.186183E+02
 -0.188186E+02
 -0.190303E+02
 -0.192418E+02
 -0.194614E+02
 -0.196826E+02
 -0.199035E+02
 -0.201330E+02
 -0.203611E+02
 -0.205899E+02
 -0.208139E+02
 -0.210324E+02
 -0.212508E+02
 -0.214616E+02
 -0.216684E+02
 -0.218681E+02
 -0.220584E+02
 -0.222369E+02
 -0.224088E+02
 -0.225775E+02
 -0.227334E+02
 -0.228925E+02
 -0.230405E+02
 -0.231749E+02
 -0.233201E+02
 -0.234586E+02
 -0.235952E+02
 -0.237343E+02
 -0.238660E+02
 -0.239975E+02
 -0.241293E+02
 -0.242602E+02
 -0.243876E+02
 -0.245150E+02
 -0.246368E+02
 -0.247491E+02
 -0.248506E+02
 -0.249387E+02
 -0.250205E+02
 -0.250905E+02
 -0.251501E+02
 -0.252058E+02
 -0.252584E+02
 -0.253127E+02
 -0.253649E+02
 -0.254303E+02
 -0.255078E+02
 -0.255936E+02
 -0.257140E+02
 -0.258625E+02
 -0.260328E+02
 -0.262399E+02
 -0.264761E+02
 -0.267457E+02
 -0.270513E+02
 -0.273906E+02
 -0.277729E+02
 -0.281927E+02
 -0.286435E+02
 -0.291327E+02
 -0.296532E+02
 -0.301910E+02
 -0.307574E+02
 -0.313469E+02
 -0.319472E+02
 -0.325960E+02
 -0.332670E+02
 -0.339376E+02
 -0.346459E+02
 -0.353603E+02
 -0.360814E+02
 -0.368436E+02
 -0.375988E+02
 -0.383520E+02
 -0.391261E+02
 -0.398963E+02
 -0.406745E+02
 -0.414604E+02
 -0.422377E+02
 -0.430251E+02
 -0.438085E+02
 -0.445906E+02
 -0.453784E+02
 -0.461610E+02
 -0.469367E+02
 -0.476989E+02
 -0.484523E+02
 -0.492027E+02
 -0.499307E+02
 -0.506403E+02
 -0.513316E+02
 -0.519961E+02
 -0.526400E+02
 -0.532651E+02
 -0.538541E+02
 -0.544190E+02
 -0.549633E+02
 -0.554772E+02
 -0.559640E+02
 -0.564291E+02
 -0.568537E+02
 -0.572499E+02
 -0.576294E+02
 -0.579832E+02
 -0.583082E+02
 -0.586040E+02
 -0.588699E+02
 -0.591133E+02
 -0.593258E+02
 -0.595069E+02
 -0.596468E+02
 -0.597545E+02
 -0.598319E+02
 -0.598739E+02
 -0.598849E+02
 -0.598644E+02
 -0.598106E+02
 -0.597322E+02
 -0.596143E+02
 -0.594608E+02
 -0.592770E+02
 -0.590661E+02
 -0.588185E+02
 -0.585330E+02
 -0.582236E+02
 -0.578848E+02
 -0.575133E+02
 -0.571221E+02
 -0.566983E+02
 -0.562538E+02
 -0.557838E+02
 -0.552849E+02
 -0.547688E+02
 -0.542292E+02
 -0.536628E+02
 -0.530808E+02
 -0.524773E+02
 -0.518626E+02
 -0.512372E+02
 -0.505880E+02
 -0.499281E+02
 -0.492640E+02
 -0.485815E+02
 -0.478933E+02
 -0.471957E+02
 -0.464893E+02
 -0.457780E+02
 -0.450607E+02
 -0.443395E+02
 -0.436157E+02
 -0.428892E+02
 -0.421682E+02
 -0.414479E+02
 -0.407297E+02
 -0.400195E+02
 -0.393138E+02
 -0.386157E+02
 -0.379352E+02
 -0.372664E+02
 -0.366147E+02
 -0.359888E+02
 -0.353812E+02
 -0.347904E+02
 -0.342273E+02
 -0.336860E+02
 -0.331688E+02
 -0.326785E+02
 -0.322118E+02
 -0.317682E+02
 -0.313495E+02
 -0.309586E+02
 -0.305891E+02
 -0.302413E+02
 -0.299208E+02
 -0.296185E+02
 -0.293383E+02
 -0.290770E+02
 -0.288336E+02
 -0.286096E+02
 -0.283972E+02
 -0.282001E+02
 -0.280154E+02
 -0.278427E+02
 -0.276846E+02
 -0.275314E+02
 -0.273886E+02
 -0.272544E+02
 -0.271238E+02
 -0.270006E+02
 -0.268870E+02
 -0.267871E+02
 -0.266969E+02
 -0.266121E+02
 -0.265423E+02
 -0.264879E+02
 -0.264400E+02
 -0.264067E+02
 -0.263855E+02
 -0.263690E+02
 -0.263688E+02
 -0.263792E+02
 -0.264004E+02
 -0.264352E+02
 -0.264773E+02
 -0.265278E+02
 -0.265871E+02
 -0.266541E+02
 -0.267298E+02
 -0.268206E+02
 -0.269295E+02
 -0.270513E+02
 -0.271898E+02
 -0.273522E+02
 -0.275260E+02
 -0.277135E+02
 -0.279264E+02
 -0.281508E+02
 -0.283971E+02
 -0.286618E+02
 -0.289342E+02
 -0.292332E+02
 -0.295546E+02
 -0.298863E+02
 -0.302297E+02
 -0.305925E+02
 -0.309773E+02
 -0.313715E+02
 -0.317833E+02
 -0.322110E+02
 -0.326460E+02
 -0.331004E+02
 -0.335735E+02
 -0.340527E+02
 -0.345433E+02
 -0.350429E+02
 -0.355488E+02
 -0.360610E+02
 -0.365840E+02
 -0.371258E+02
 -0.376758E+02
 -0.382343E+02
 -0.388157E+02
 -0.394051E+02
 -0.400044E+02
 -0.406226E+02
 -0.412551E+02
 -0.418966E+02
 -0.425562E+02
 -0.432298E+02
 -0.439171E+02
 -0.446192E+02
 -0.453321E+02
 -0.460612E+02
 -0.467930E+02
 -0.475245E+02
 -0.482701E+02
 -0.490155E+02
 -0.497571E+02
 -0.504986E+02
 -0.512444E+02
 -0.519790E+02
 -0.527127E+02
 -0.534410E+02
 -0.541516E+02
 -0.548542E+02
 -0.555477E+02
 -0.562281E+02
 -0.568947E+02
 -0.575436E+02
 -0.581816E+02
 -0.588047E+02
 -0.594123E+02
 -0.600028E+02
 -0.605817E+02
 -0.611329E+02
 -0.616669E+02
 -0.621873E+02
 -0.626842E+02
 -0.631626E+02
 -0.636153E+02
 -0.640425E+02
 -0.644480E+02
 -0.648226E+02
 -0.651755E+02
 -0.654876E+02
 -0.657725E+02
 -0.660301E+02
 -0.662503E+02
 -0.664388E+02
 -0.665900E+02
 -0.667027E+02
 -0.667796E+02
 -0.668151E+02
 -0.668159E+02
 -0.667704E+02
 -0.666868E+02
 -0.665617E+02
 -0.664016E+02
 -0.662143E+02
 -0.659765E+02
 -0.656860E+02
 -0.653659E+02
 -0.650127E+02
 -0.646280E+02
 -0.641991E+02
 -0.637471E+02
 -0.632769E+02
 -0.627702E+02
 -0.622385E+02
 -0.616951E+02
 -0.611210E+02
 -0.605201E+02
 -0.599089E+02
 -0.592828E+02
 -0.586350E+02
 -0.579793E+02
 -0.573086E+02
 -0.566220E+02
 -0.559166E+02
 -0.551991E+02
 -0.544735E+02
 -0.537370E+02
 -0.529862E+02
 -0.522227E+02
 -0.514553E+02
 -0.506852E+02
 -0.498948E+02
 -0.490902E+02
 -0.482765E+02
 -0.474675E+02
 -0.466593E+02
 -0.458479E+02
 -0.450410E+02
 -0.442373E+02
 -0.434507E+02
 -0.426784E+02
 -0.419106E+02
 -0.411672E+02
 -0.404317E+02
 -0.397102E+02
 -0.390221E+02
 -0.383549E+02
 -0.377050E+02
 -0.370817E+02
 -0.364815E+02
 -0.359003E+02
 -0.353506E+02
 -0.348349E+02
 -0.343364E+02
 -0.338722E+02
 -0.334395E+02
 -0.330353E+02
 -0.326661E+02
 -0.323110E+02
 -0.319901E+02
 -0.317000E+02
 -0.314190E+02
 -0.311696E+02
 -0.309316E+02
 -0.307075E+02
 -0.305118E+02
 -0.303315E+02
 -0.301664E+02
 -0.300110E+02
 -0.298678E+02
 -0.297340E+02
 -0.296042E+02
 -0.294847E+02
 -0.293634E+02
 -0.292521E+02
 -0.291500E+02
 -0.290418E+02
 -0.289406E+02
 -0.288393E+02
 -0.287445E+02
 -0.286659E+02
 -0.285835E+02
 -0.284934E+02
 -0.284145E+02
 -0.283559E+02
 -0.282871E+02
 -0.282280E+02
 -0.281814E+02
 -0.281251E+02
 -0.280837E+02
 -0.280435E+02
 -0.280120E+02
 -0.279904E+02
 -0.279581E+02
 -0.279373E+02
 -0.279218E+02
 -0.279113E+02
 -0.279037E+02
 -0.278851E+02
 -0.278617E+02
 -0.278455E+02
 -0.278354E+02
 -0.278191E+02
 -0.278034E+02
 -0.277960E+02
 -0.277937E+02
 -0.277906E+02
 -0.277916E+02
 -0.278023E+02
 -0.278126E+02
 -0.278342E+02
 -0.278658E+02
 -0.279004E+02
 -0.279490E+02
 -0.280049E+02
 -0.280628E+02
 -0.281371E+02
 -0.282202E+02
 -0.283046E+02
 -0.284037E+02
 -0.285146E+02
 -0.286290E+02
 -0.287506E+02
 -0.288754E+02
 -0.289977E+02
 -0.291331E+02
 -0.292879E+02
 -0.294406E+02
 -0.296007E+02
 -0.297683E+02
 -0.299352E+02
 -0.301162E+02
 -0.302972E+02
 -0.304767E+02
 -0.306661E+02
 -0.308435E+02
 -0.310234E+02
 -0.312062E+02
 -0.313689E+02
 -0.315336E+02
 -0.316904E+02
 -0.318242E+02
 -0.319622E+02
 -0.320947E+02
 -0.322163E+02
 -0.323307E+02
 -0.324312E+02
 -0.325310E+02
 -0.326352E+02
 -0.327286E+02
 -0.328171E+02
 -0.329113E+02
 -0.330057E+02
 -0.330913E+02
 -0.331699E+02
 -0.332484E+02
 -0.333381E+02
 -0.334249E+02
 -0.335092E+02
 -0.336095E+02
 -0.337152E+02
 -0.338209E+02
 -0.339329E+02
 -0.340506E+02
 -0.341672E+02
 -0.342818E+02
 -0.344017E+02
 -0.345199E+02
 -0.346371E+02
 -0.347391E+02
 -0.348295E+02
 -0.349205E+02
 -0.349935E+02
 -0.350455E+02
 -0.350882E+02
 -0.351119E+02
 -0.351135E+02
 -0.350973E+02
 -0.350712E+02
 -0.350235E+02
 -0.349583E+02
 -0.348903E+02
 -0.348067E+02
 -0.347207E+02
 -0.346253E+02
 -0.345133E+02
 -0.344134E+02
 -0.343015E+02
 -0.341674E+02
 -0.340300E+02
 -0.338900E+02
 -0.337474E+02
 -0.336014E+02
 -0.334426E+02
 -0.332751E+02
 -0.331008E+02
 -0.329231E+02
 -0.327438E+02
 -0.325556E+02
 -0.323584E+02
 -0.321688E+02
 -0.319821E+02
 -0.317829E+02
 -0.315783E+02
 -0.313824E+02
 -0.311889E+02
 -0.309840E+02
 -0.307808E+02
 -0.305813E+02
 -0.303835E+02
 -0.301931E+02
 -0.299913E+02
 -0.297945E+02
 -0.296039E+02
 -0.294018E+02
 -0.291903E+02
 -0.289762E+02
 -0.287616E+02
 -0.285392E+02
 -0.283096E+02
 -0.280717E+02
 -0.278330E+02
 -0.275870E+02
 -0.273292E+02
 -0.270787E+02
 -0.268370E+02
 -0.265941E+02
 -0.263450E+02
 -0.261112E+02
 -0.258889E+02
 -0.256728E+02
 -0.254667E+02
 -0.252566E+02
 -0.250643E+02
 -0.248843E+02
 -0.247038E+02
 -0.245453E+02
 -0.244067E+02
 -0.242889E+02
 -0.241769E+02
 -0.240839E+02
 -0.240321E+02
 -0.239718E+02
 -0.239283E+02
 -0.239300E+02
 -0.239342E+02
 -0.239654E+02
 -0.239966E+02
 -0.240214E+02
 -0.240884E+02
 -0.241530E+02
 -0.242375E+02
 -0.243454E+02
 -0.244462E+02
 -0.245746E+02
 -0.246949E+02
 -0.248255E+02
 -0.249850E+02
 -0.251293E+02
 -0.252840E+02
 -0.254449E+02
 -0.256034E+02
 -0.257771E+02
 -0.259448E+02
 -0.261140E+02
 -0.262785E+02
 -0.264283E+02
 -0.265948E+02
 -0.267485E+02
 -0.268734E+02
 -0.270102E+02
 -0.271370E+02
 -0.272461E+02
 -0.273526E+02
 -0.274453E+02
 -0.275313E+02
 -0.276047E+02
 -0.276632E+02
 -0.277038E+02
 -0.277210E+02
 -0.277326E+02
 -0.277210E+02
 -0.276887E+02
 -0.276469E+02
 -0.275838E+02
 -0.275015E+02
 -0.273997E+02
 -0.272804E+02
 -0.271415E+02
 -0.269793E+02
 -0.267966E+02
 -0.265964E+02
 -0.263764E+02
 -0.261323E+02
 -0.258749E+02
 -0.256061E+02
 -0.253188E+02
 -0.250153E+02
 -0.247015E+02
 -0.243807E+02
 -0.240567E+02
 -0.237256E+02
 -0.233946E+02
 -0.230603E+02
 -0.227218E+02
 -0.223939E+02
 -0.220723E+02
 -0.217481E+02
 -0.214220E+02
 -0.211138E+02
 -0.208135E+02
 -0.205131E+02
 -0.202307E+02
 -0.199573E+02
 -0.196946E+02
 -0.194393E+02
 -0.191895E+02
 -0.189582E+02
 -0.187378E+02
 -0.185249E+02
 -0.183203E+02
 -0.181172E+02
 -0.179206E+02
 -0.177282E+02
 -0.175401E+02
 -0.173617E+02
 -0.171832E+02
 -0.170093E+02
 -0.168374E+02
 -0.166653E+02
 -0.164951E+02
 -0.163281E+02
 -0.161634E+02
 -0.159978E+02
 -0.158403E+02
 -0.156929E+02
 -0.155494E+02
 -0.154159E+02
 -0.153071E+02
 -0.151972E+02
 -0.150872E+02
 -0.150141E+02
 -0.149436E+02
 -0.148854E+02
 -0.148654E+02
 -0.148539E+02
 -0.148593E+02
 -0.148945E+02
 -0.149469E+02
 -0.150119E+02
 -0.150954E+02
 -0.151964E+02
 -0.153114E+02
 -0.154398E+02
 -0.155885E+02
 -0.157617E+02
 -0.159363E+02
 -0.161214E+02
 -0.163257E+02
 -0.165473E+02
 -0.167846E+02
 -0.170314E+02
 -0.173015E+02
 -0.175830E+02
 -0.178766E+02
 -0.181896E+02
 -0.185101E+02
 -0.188464E+02
 -0.191929E+02
 -0.195572E+02
 -0.199264E+02
 -0.202904E+02
 -0.206725E+02
 -0.210552E+02
 -0.214368E+02
 -0.218243E+02
 -0.222120E+02
 -0.226041E+02
 -0.229939E+02
 -0.233851E+02
 -0.237677E+02
 -0.241423E+02
 -0.245128E+02
 -0.248760E+02
 -0.252447E+02
 -0.256003E+02
 -0.259469E+02
 -0.262921E+02
 -0.266192E+02
 -0.269368E+02
 -0.272512E+02
 -0.275658E+02
 -0.278735E+02
 -0.281783E+02
 -0.284902E+02
 -0.287931E+02
 -0.290918E+02
 -0.293933E+02
 -0.296918E+02
 -0.299847E+02
 -0.302776E+02
 -0.305696E+02
 -0.308579E+02
 -0.311432E+02
 -0.314223E+02
 -0.316911E+02
 -0.319507E+02
 -0.322074E+02
 -0.324615E+02
 -0.327062E+02
 -0.329503E+02
 -0.331905E+02
 -0.334185E+02
 -0.336440E+02
 -0.338643E+02
 -0.340808E+02
 -0.343017E+02
 -0.345118E+02
 -0.347210E+02
 -0.349333E+02
 -0.351398E+02
 -0.353448E+02
 -0.355492E+02
 -0.357506E+02
 -0.359517E+02
 -0.361559E+02
 -0.363504E+02
 -0.365308E+02
 -0.367131E+02
 -0.368870E+02
 -0.370600E+02
 -0.372231E+02
 -0.373720E+02
 -0.375225E+02
 -0.376597E+02
 -0.377868E+02
 -0.379035E+02
 -0.380081E+02
 -0.381149E+02
 -0.382073E+02
 -0.382967E+02
 -0.383814E+02
 -0.384482E+02
 -0.385073E+02
 -0.385581E+02
 -0.386067E+02
 -0.386537E+02
 -0.386880E+02
 -0.387313E+02
 -0.387855E+02
 -0.388429E+02
 -0.389066E+02
 -0.389704E+02
 -0.390454E+02
 -0.391429E+02
 -0.392446E+02
 -0.393561E+02
 -0.394797E+02
 -0.396171E+02
 -0.397723E+02
 -0.399361E+02
 -0.401134E+02
 -0.403023E+02
 -0.405042E+02
 -0.407277E+02
 -0.409542E+02
 -0.411913E+02
 -0.414335E+02
 -0.416793E+02
 -0.419337E+02
 -0.421898E+02
 -0.424520E+02
 -0.427082E+02
 -0.429468E+02
 -0.431766E+02
 -0.433999E+02
 -0.436240E+02
 -0.438411E+02
 -0.440366E+02
 -0.442022E+02
 -0.443539E+02
 -0.445037E+02
 -0.446415E+02
 -0.447386E+02
 -0.447991E+02
 -0.448574E+02
 -0.449176E+02
 -0.449481E+02
 -0.449314E+02
 -0.448819E+02
 -0.448231E+02
 -0.447467E+02
 -0.446506E+02
 -0.445284E+02
 -0.443809E+02
 -0.441916E+02
 -0.439610E+02
 -0.437410E+02
 -0.435045E+02
 -0.432089E+02
 -0.428908E+02
 -0.425513E+02
 -0.421895E+02
 -0.418171E+02
 -0.414229E+02
 -0.409971E+02
 -0.405582E+02
 -0.400830E+02
 -0.395919E+02
 -0.391457E+02
 -0.386414E+02
 -0.380770E+02
 -0.375724E+02
 -0.370431E+02
 -0.364545E+02
 -0.358850E+02
 -0.353228E+02
 -0.347387E+02
 -0.341644E+02
 -0.335669E+02
 -0.329228E+02
 -0.322888E+02
 -0.316696E+02
 -0.310559E+02
 -0.304367E+02
 -0.297956E+02
 -0.291427E+02
 -0.284837E+02
 -0.278218E+02
 -0.271447E+02
 -0.264622E+02
 -0.257737E+02
 -0.250578E+02
 -0.243453E+02
 -0.236411E+02
 -0.228942E+02
 -0.221340E+02
 -0.213946E+02
 -0.206479E+02
 -0.199070E+02
 -0.191444E+02
 -0.183382E+02
 -0.175558E+02
 -0.168016E+02
 -0.160415E+02
 -0.152820E+02
 -0.145229E+02
 -0.137552E+02
 -0.129952E+02
 -0.122545E+02
 -0.115114E+02
 -0.107883E+02
 -0.100743E+02
 -0.935198E+01
 -0.867443E+01
 -0.802118E+01
 -0.735880E+01
 -0.671457E+01
 -0.608677E+01
 -0.547604E+01
 -0.489295E+01
 -0.433395E+01
 -0.377798E+01
 -0.324067E+01
 -0.273734E+01
 -0.224302E+01
 -0.175328E+01
 -0.126972E+01
 -0.797234E+00
 -0.356121E+00
  0.798035E-01
  0.518274E+00
  0.948645E+00
  0.137241E+01
  0.178699E+01
  0.219590E+01
  0.260524E+01
  0.301348E+01
  0.342616E+01
  0.383901E+01
  0.424843E+01
  0.465535E+01
  0.506294E+01
  0.546563E+01
  0.586942E+01
  0.626568E+01
  0.664871E+01
  0.702141E+01
  0.737953E+01
  0.772069E+01
  0.804928E+01
  0.835500E+01
  0.864022E+01
  0.890285E+01
  0.914801E+01
  0.936683E+01
  0.954797E+01
  0.970570E+01
  0.983492E+01
  0.992514E+01
  0.999386E+01
  0.100247E+02
  0.100297E+02
  0.100160E+02
  0.996173E+01
  0.989489E+01
  0.981552E+01
  0.968974E+01
  0.955123E+01
  0.939429E+01
  0.921681E+01
  0.902321E+01
  0.880540E+01
  0.857704E+01
  0.833507E+01
  0.807937E+01
  0.781288E+01
  0.753228E+01
  0.724234E+01
  0.694411E+01
  0.664380E+01
  0.632808E+01
  0.601782E+01
  0.570186E+01
  0.536725E+01
  0.502389E+01
  0.468613E+01
  0.433961E+01
  0.395750E+01
  0.360171E+01
  0.325587E+01
  0.286111E+01
  0.248055E+01
  0.212097E+01
  0.174979E+01
  0.136812E+01
  0.100543E+01
  0.648504E+00
  0.277899E+00
 -0.682106E-01
 -0.403553E+00
 -0.746792E+00
 -0.106686E+01
 -0.138626E+01
 -0.169302E+01
 -0.197188E+01
 -0.225447E+01
 -0.251889E+01
 -0.276211E+01
 -0.300670E+01
 -0.323746E+01
 -0.345527E+01
 -0.364711E+01
 -0.383371E+01
 -0.402113E+01
 -0.418717E+01
 -0.434868E+01
 -0.449511E+01
 -0.462902E+01
 -0.477478E+01
 -0.489671E+01
 -0.501526E+01
 -0.514421E+01
 -0.525448E+01
 -0.536895E+01
 -0.547227E+01
 -0.556438E+01
 -0.566634E+01
 -0.575695E+01
 -0.584446E+01
 -0.593265E+01
 -0.602717E+01
 -0.610753E+01
 -0.618627E+01
 -0.626794E+01
 -0.633384E+01
 -0.641444E+01
 -0.647691E+01
 -0.652083E+01
 -0.658570E+01
 -0.663432E+01
 -0.668033E+01
 -0.673308E+01
 -0.677368E+01
 -0.684629E+01
 -0.688861E+01
 -0.687064E+01
 -0.693421E+01
 -0.697943E+01
 -0.697254E+01
 -0.705393E+01
 -0.710066E+01
 -0.710600E+01
 -0.715399E+01
 -0.718344E+01
 -0.723103E+01
 -0.726216E+01
 -0.726469E+01
 -0.729999E+01
 -0.733197E+01
 -0.736907E+01
 -0.740766E+01
 -0.743387E+01
 -0.747698E+01
 -0.752504E+01
 -0.757359E+01
 -0.763253E+01
 -0.769869E+01
 -0.776163E+01
 -0.783506E+01
 -0.792051E+01
 -0.801136E+01
 -0.811167E+01
 -0.821261E+01
 -0.831210E+01
 -0.843271E+01
 -0.856049E+01
 -0.866574E+01
 -0.876841E+01
 -0.888057E+01
 -0.898953E+01
 -0.909886E+01
 -0.919348E+01
 -0.929077E+01
 -0.938810E+01
 -0.947003E+01
 -0.955293E+01
 -0.962235E+01
 -0.969699E+01
 -0.976721E+01
 -0.982600E+01
 -0.989445E+01
 -0.994878E+01
 -0.100101E+02
 -0.100562E+02
 -0.101006E+02
 -0.101523E+02
 -0.101821E+02
 -0.102303E+02
 -0.102782E+02
 -0.103209E+02
 -0.103733E+02
 -0.104291E+02
 -0.104912E+02
 -0.105444E+02
 -0.106087E+02
 -0.106761E+02
 -0.107385E+02
 -0.108151E+02
 -0.109035E+02
 -0.109892E+02
 -0.110810E+02
 -0.111960E+02
 -0.113142E+02
 -0.114361E+02
 -0.115805E+02
 -0.117379E+02
 -0.119113E+02
 -0.121006E+02
 -0.123065E+02
 -0.125297E+02
 -0.127666E+02
 -0.130182E+02
 -0.132799E+02
 -0.135548E+02
 -0.138428E+02
 -0.141416E+02
 -0.144606E+02
 -0.147793E+02
 -0.150967E+02
 -0.154347E+02
 -0.157727E+02
 -0.161101E+02
 -0.164608E+02
 -0.168105E+02
 -0.171641E+02
 -0.175196E+02
 -0.178776E+02
 -0.182351E+02
 -0.185905E+02
 -0.189512E+02
 -0.193068E+02
 -0.196661E+02
 -0.200265E+02
 -0.203832E+02
 -0.207473E+02
 -0.211076E+02
 -0.214622E+02
 -0.218156E+02
 -0.221692E+02
 -0.225136E+02
 -0.228536E+02
 -0.231957E+02
 -0.235274E+02
 -0.238584E+02
 -0.241828E+02
 -0.244989E+02
 -0.248131E+02
 -0.251183E+02
 -0.254217E+02
 -0.257188E+02
 -0.260023E+02
 -0.262789E+02
 -0.265452E+02
 -0.268014E+02
 -0.270484E+02
 -0.272817E+02
 -0.275084E+02
 -0.277241E+02
 -0.279217E+02
 -0.281094E+02
 -0.282820E+02
 -0.284434E+02
 -0.285907E+02
 -0.287194E+02
 -0.288350E+02
 -0.289331E+02
 -0.290163E+02
 -0.290826E+02
 -0.291239E+02
 -0.291480E+02
 -0.291570E+02
 -0.291417E+02
 -0.291059E+02
 -0.290554E+02
 -0.289815E+02
 -0.288948E+02
 -0.287909E+02
 -0.286661E+02
 -0.285343E+02
 -0.283831E+02
 -0.282189E+02
 -0.280498E+02
 -0.278676E+02
 -0.276835E+02
 -0.274827E+02
 -0.272725E+02
 -0.270554E+02
 -0.268174E+02
 -0.265715E+02
 -0.263152E+02
 -0.260434E+02
 -0.257572E+02
 -0.254630E+02
 -0.251569E+02
 -0.248374E+02
 -0.245056E+02
 -0.241592E+02
 -0.238072E+02
 -0.234399E+02
 -0.230697E+02
 -0.227043E+02
 -0.223365E+02
 -0.219637E+02
 -0.215902E+02
 -0.212130E+02
 -0.208318E+02
 -0.204684E+02
 -0.201001E+02
 -0.197366E+02
 -0.193812E+02
 -0.190280E+02
 -0.186950E+02
 -0.183524E+02
 -0.180234E+02
 -0.177100E+02
 -0.174005E+02
 -0.171222E+02
 -0.168539E+02
 -0.166073E+02
 -0.163801E+02
 -0.161671E+02
 -0.159820E+02
 -0.158136E+02
 -0.156696E+02
 -0.155420E+02
 -0.154434E+02
 -0.153660E+02
 -0.152981E+02
 -0.152698E+02
 -0.152477E+02
 -0.152476E+02
 -0.152715E+02
 -0.152904E+02
 -0.153405E+02
 -0.154016E+02
 -0.154752E+02
 -0.155688E+02
 -0.156542E+02
 -0.157585E+02
 -0.158736E+02
 -0.159881E+02
 -0.161222E+02
 -0.162624E+02
 -0.164060E+02
 -0.165567E+02
 -0.167041E+02
 -0.168536E+02
 -0.169943E+02
 -0.171290E+02
 -0.172662E+02
 -0.173946E+02
 -0.175136E+02
 -0.176219E+02
 -0.177228E+02
 -0.178115E+02
 -0.178795E+02
 -0.179373E+02
 -0.179849E+02
 -0.180112E+02
 -0.180257E+02
 -0.180287E+02
 -0.180000E+02
 -0.179641E+02
 -0.179181E+02
 -0.178410E+02
 -0.177572E+02
 -0.176497E+02
 -0.175173E+02
 -0.173849E+02
 -0.172289E+02
 -0.170482E+02
 -0.168641E+02
 -0.166701E+02
 -0.164507E+02
 -0.162249E+02
 -0.159876E+02
 -0.157341E+02
 -0.154820E+02
 -0.152074E+02
 -0.149275E+02
 -0.146487E+02
 -0.143462E+02
 -0.140449E+02
 -0.137431E+02
 -0.134267E+02
 -0.131027E+02
 -0.127780E+02
 -0.124475E+02
 -0.121091E+02
 -0.117679E+02
 -0.114222E+02
 -0.110695E+02
 -0.107094E+02
 -0.103456E+02
 -0.998120E+01
 -0.961230E+01
 -0.924427E+01
 -0.886791E+01
 -0.849129E+01
 -0.812055E+01
 -0.774221E+01
 -0.736758E+01
 -0.699559E+01
 -0.661736E+01
 -0.624704E+01
 -0.588288E+01
 -0.551350E+01
 -0.514001E+01
 -0.477962E+01
 -0.441838E+01
 -0.405020E+01
 -0.369070E+01
 -0.333303E+01
 -0.297258E+01
 -0.261860E+01
 -0.226544E+01
 -0.191590E+01
 -0.156392E+01
 -0.121455E+01
 -0.882032E+00
 -0.554174E+00
 -0.228487E+00
  0.817184E-01
  0.390863E+00
  0.698349E+00
  0.998756E+00
  0.129313E+01
  0.158361E+01
  0.186873E+01
  0.215332E+01
  0.244222E+01
  0.272678E+01
  0.301029E+01
  0.330141E+01
  0.358619E+01
  0.388096E+01
  0.417129E+01
  0.444877E+01
  0.473417E+01
  0.501341E+01
  0.528220E+01
  0.555466E+01
  0.581909E+01
  0.607740E+01
  0.633188E+01
  0.657557E+01
  0.681082E+01
  0.704319E+01
  0.725858E+01
  0.746455E+01
  0.766660E+01
  0.785862E+01
  0.802751E+01
  0.818274E+01
  0.833620E+01
  0.846823E+01
  0.857925E+01
  0.868715E+01
  0.877781E+01
  0.885940E+01
  0.891871E+01
  0.896390E+01
  0.900920E+01
  0.902618E+01
  0.902088E+01
  0.900531E+01
  0.897152E+01
  0.893126E+01
  0.887896E+01
  0.881263E+01
  0.873549E+01
  0.865747E+01
  0.857094E+01
  0.848432E+01
  0.839631E+01
  0.830227E+01
  0.821635E+01
  0.813769E+01
  0.805617E+01
  0.798213E+01
  0.791835E+01
  0.786231E+01
  0.780878E+01
  0.776093E+01
  0.772003E+01
  0.768451E+01
  0.765206E+01
  0.762157E+01
  0.758419E+01
  0.755523E+01
  0.752873E+01
  0.750062E+01
  0.747993E+01
  0.746219E+01
  0.744611E+01
  0.743280E+01
  0.741267E+01
  0.739113E+01
  0.736680E+01
  0.734475E+01
  0.732282E+01
  0.728837E+01
  0.724969E+01
  0.721965E+01
  0.718109E+01
  0.713619E+01
  0.708354E+01
  0.702254E+01
  0.695851E+01
  0.688087E+01
  0.679684E+01
  0.671586E+01
  0.660955E+01
  0.649438E+01
  0.637701E+01
  0.624633E+01
  0.610187E+01
  0.594896E+01
  0.579202E+01
  0.562028E+01
  0.544161E+01
  0.525794E+01
  0.505643E+01
  0.484710E+01
  0.462307E+01
  0.439358E+01
  0.415144E+01
  0.389472E+01
  0.363365E+01
  0.336366E+01
  0.308244E+01
  0.279615E+01
  0.250429E+01
  0.219628E+01
  0.188123E+01
  0.157499E+01
  0.124912E+01
  0.911600E+00
  0.578987E+00
  0.236513E+00
 -0.115931E+00
 -0.472906E+00
 -0.835459E+00
 -0.120033E+01
 -0.157514E+01
 -0.194581E+01
 -0.231666E+01
 -0.269810E+01
 -0.307411E+01
 -0.344745E+01
 -0.382682E+01
 -0.420117E+01
 -0.457446E+01
 -0.494836E+01
 -0.532014E+01
 -0.568266E+01
 -0.604136E+01
 -0.640299E+01
 -0.676039E+01
 -0.711140E+01
 -0.745303E+01
 -0.779515E+01
 -0.813228E+01
 -0.844474E+01
 -0.877266E+01
 -0.908608E+01
 -0.937264E+01
 -0.967586E+01
 -0.995584E+01
 -0.102177E+02
 -0.104788E+02
 -0.107205E+02
 -0.109517E+02
 -0.111629E+02
 -0.113543E+02
 -0.115290E+02
 -0.116850E+02
 -0.118200E+02
 -0.119377E+02
 -0.120406E+02
 -0.121249E+02
 -0.121866E+02
 -0.122240E+02
 -0.122448E+02
 -0.122490E+02
 -0.122268E+02
 -0.121796E+02
 -0.121138E+02
 -0.120304E+02
 -0.119224E+02
 -0.117914E+02
 -0.116424E+02
 -0.114736E+02
 -0.112865E+02
 -0.110854E+02
 -0.108657E+02
 -0.106322E+02
 -0.103865E+02
 -0.101258E+02
 -0.985195E+01
 -0.957038E+01
 -0.928318E+01
 -0.899122E+01
 -0.869782E+01
 -0.840019E+01
 -0.809898E+01
 -0.780269E+01
 -0.750816E+01
 -0.721663E+01
 -0.693167E+01
 -0.665181E+01
 -0.637393E+01
 -0.610677E+01
 -0.585027E+01
 -0.559699E+01
 -0.535296E+01
 -0.512092E+01
 -0.489496E+01
 -0.467832E+01
 -0.447323E+01
 -0.427788E+01
 -0.408968E+01
 -0.391420E+01
 -0.374974E+01
 -0.359265E+01
 -0.344602E+01
 -0.331026E+01
 -0.318239E+01
 -0.306652E+01
 -0.296179E+01
 -0.286587E+01
 -0.277702E+01
 -0.269660E+01
 -0.262365E+01
 -0.255616E+01
 -0.249307E+01
 -0.243473E+01
 -0.238103E+01
 -0.233338E+01
 -0.228950E+01
 -0.224999E+01
 -0.221547E+01
 -0.218466E+01
 -0.215458E+01
 -0.212863E+01
 -0.210596E+01
 -0.208468E+01
 -0.206618E+01
 -0.205047E+01
 -0.203586E+01
 -0.202318E+01
 -0.201094E+01
 -0.199919E+01
 -0.198762E+01
 -0.197653E+01
 -0.196514E+01
 -0.195349E+01
 -0.194071E+01
 -0.192730E+01
 -0.191277E+01
 -0.189699E+01
 -0.188011E+01
 -0.186231E+01
 -0.184236E+01
 -0.182166E+01
 -0.179950E+01
 -0.177564E+01
 -0.175025E+01
 -0.172320E+01
 -0.169449E+01
 -0.166476E+01
 -0.163350E+01
 -0.160156E+01
 -0.156847E+01
 -0.153429E+01
 -0.149899E+01
 -0.146291E+01
 -0.142622E+01
 -0.138913E+01
 -0.135135E+01
 -0.131367E+01
 -0.127545E+01
 -0.123705E+01
 -0.119867E+01
 -0.116035E+01
 -0.112209E+01
 -0.108402E+01
 -0.104594E+01
 -0.100829E+01
 -0.970971E+00
 -0.934050E+00
 -0.897349E+00
 -0.861291E+00
 -0.825621E+00
 -0.790491E+00
 -0.755839E+00
 -0.721951E+00
 -0.688813E+00
 -0.656340E+00
 -0.624502E+00
 -0.593601E+00
 -0.563399E+00
 -0.534048E+00
 -0.505475E+00
 -0.477811E+00
 -0.450991E+00
 -0.425043E+00
 -0.399908E+00
 -0.375695E+00
 -0.352322E+00
 -0.329826E+00
 -0.308112E+00
 -0.287288E+00
 -0.267274E+00
 -0.248086E+00
 -0.229672E+00
 -0.212084E+00
 -0.195267E+00
 -0.179237E+00
 -0.163934E+00
 -0.149407E+00
 -0.135613E+00
 -0.122549E+00
 -0.110183E+00
 -0.985423E-01
 -0.875892E-01
 -0.773271E-01
 -0.677272E-01
 -0.588085E-01
 -0.505451E-01
 -0.429354E-01
 -0.359624E-01
 -0.296324E-01
 -0.239301E-01
 -0.188529E-01
 -0.143899E-01
 -0.105419E-01
 -0.729935E-02
 -0.465809E-02
 -0.261222E-02
 -0.115754E-02
 -0.288499E-03
  0.000000E+00
