    10.00   0.0250    15600    68.31  -133.52     126.88      5075      0.089937
  0.000000E+00
 -0.191158E-04
 -0.760284E-04
 -0.169842E-03
 -0.299947E-03
 -0.465308E-03
 -0.666094E-03
 -0.900195E-03
 -0.116719E-02
 -0.146689E-02
 -0.180074E-02
 -0.216390E-02
 -0.255968E-02
 -0.298369E-02
 -0.344163E-02
 -0.392446E-02
 -0.443330E-02
 -0.497191E-02
 -0.554524E-02
 -0.613866E-02
 -0.676423E-02
 -0.741036E-02
 -0.809323E-02
 -0.879100E-02
 -0.951086E-02
 -0.102573E-01
 -0.110437E-01
 -0.118388E-01
 -0.126686E-01
 -0.135113E-01
 -0.143978E-01
 -0.152872E-01
 -0.161939E-01
 -0.171280E-01
 -0.181106E-01
 -0.190899E-01
 -0.201099E-01
 -0.211338E-01
 -0.222131E-01
 -0.232817E-01
 -0.243651E-01
 -0.254762E-01
 -0.266491E-01
 -0.278046E-01
 -0.290085E-01
 -0.302067E-01
 -0.314754E-01
 -0.327168E-01
 -0.339650E-01
 -0.352469E-01
 -0.366074E-01
 -0.379317E-01
 -0.393156E-01
 -0.406815E-01
 -0.421341E-01
 -0.435416E-01
 -0.449543E-01
 -0.463997E-01
 -0.479409E-01
 -0.494239E-01
 -0.509768E-01
 -0.524974E-01
 -0.541217E-01
 -0.556764E-01
 -0.572275E-01
 -0.588121E-01
 -0.605098E-01
 -0.621244E-01
 -0.638177E-01
 -0.654580E-01
 -0.672214E-01
 -0.688845E-01
 -0.705355E-01
 -0.722155E-01
 -0.740242E-01
 -0.757185E-01
 -0.774992E-01
 -0.792019E-01
 -0.810433E-01
 -0.827478E-01
 -0.843950E-01
 -0.860904E-01
 -0.879323E-01
 -0.896165E-01
 -0.913920E-01
 -0.930567E-01
 -0.948741E-01
 -0.965122E-01
 -0.980999E-01
 -0.996992E-01
 -0.101457E+00
 -0.103011E+00
 -0.104658E+00
 -0.106160E+00
 -0.107828E+00
 -0.109269E+00
 -0.110633E+00
 -0.111999E+00
 -0.113543E+00
 -0.114836E+00
 -0.116223E+00
 -0.117432E+00
 -0.118821E+00
 -0.119940E+00
 -0.120965E+00
 -0.121982E+00
 -0.123193E+00
 -0.124107E+00
 -0.125126E+00
 -0.125927E+00
 -0.126941E+00
 -0.127626E+00
 -0.128179E+00
 -0.128739E+00
 -0.129525E+00
 -0.129969E+00
 -0.130530E+00
 -0.130848E+00
 -0.131404E+00
 -0.131591E+00
 -0.131653E+00
 -0.131705E+00
 -0.132014E+00
 -0.131931E+00
 -0.131989E+00
 -0.131771E+00
 -0.131825E+00
 -0.131472E+00
 -0.130969E+00
 -0.130472E+00
 -0.130265E+00
 -0.129627E+00
 -0.129149E+00
 -0.128368E+00
 -0.127895E+00
 -0.126971E+00
 -0.125906E+00
 -0.124834E+00
 -0.124095E+00
 -0.122884E+00
 -0.121864E+00
 -0.120511E+00
 -0.119516E+00
 -0.118026E+00
 -0.116295E+00
 -0.114665E+00
 -0.113420E+00
 -0.111664E+00
 -0.110136E+00
 -0.108261E+00
 -0.106802E+00
 -0.104814E+00
 -0.102680E+00
 -0.100578E+00
 -0.989243E-01
 -0.967283E-01
 -0.948024E-01
 -0.925154E-01
 -0.907046E-01
 -0.883320E-01
 -0.858022E-01
 -0.833446E-01
 -0.813796E-01
 -0.788392E-01
 -0.766070E-01
 -0.739910E-01
 -0.719074E-01
 -0.692163E-01
 -0.663929E-01
 -0.636344E-01
 -0.614207E-01
 -0.585956E-01
 -0.561073E-01
 -0.532131E-01
 -0.509006E-01
 -0.479440E-01
 -0.447869E-01
 -0.417665E-01
 -0.393543E-01
 -0.362775E-01
 -0.335841E-01
 -0.304500E-01
 -0.279510E-01
 -0.247667E-01
 -0.214278E-01
 -0.181859E-01
 -0.156043E-01
 -0.123114E-01
 -0.941684E-02
 -0.607547E-02
 -0.341397E-02
 -0.258426E-04
  0.353825E-02
  0.698291E-02
  0.971156E-02
  0.131817E-01
  0.162046E-01
  0.197083E-01
  0.224704E-01
  0.259999E-01
  0.296849E-01
  0.332437E-01
  0.360314E-01
  0.396108E-01
  0.427020E-01
  0.463047E-01
  0.491027E-01
  0.527271E-01
  0.566645E-01
  0.603049E-01
  0.631216E-01
  0.667770E-01
  0.699179E-01
  0.735978E-01
  0.764357E-01
  0.801417E-01
  0.840131E-01
  0.877673E-01
  0.906285E-01
  0.944059E-01
  0.976477E-01
  0.101457E+00
  0.104393E+00
  0.108245E+00
  0.112323E+00
  0.116235E+00
  0.119235E+00
  0.123193E+00
  0.126589E+00
  0.130598E+00
  0.133691E+00
  0.137756E+00
  0.142034E+00
  0.146172E+00
  0.149366E+00
  0.153566E+00
  0.157169E+00
  0.161436E+00
  0.164719E+00
  0.169058E+00
  0.173687E+00
  0.178096E+00
  0.181532E+00
  0.186008E+00
  0.189885E+00
  0.194447E+00
  0.197997E+00
  0.202644E+00
  0.207529E+00
  0.212261E+00
  0.215968E+00
  0.220799E+00
  0.224998E+00
  0.229919E+00
  0.233793E+00
  0.238809E+00
  0.244104E+00
  0.249223E+00
  0.253300E+00
  0.258533E+00
  0.263123E+00
  0.268482E+00
  0.272766E+00
  0.278257E+00
  0.284035E+00
  0.289670E+00
  0.294251E+00
  0.300067E+00
  0.305248E+00
  0.311251E+00
  0.316195E+00
  0.322418E+00
  0.329217E+00
  0.335687E+00
  0.341071E+00
  0.347763E+00
  0.353826E+00
  0.360786E+00
  0.366678E+00
  0.373901E+00
  0.381499E+00
  0.389025E+00
  0.395452E+00
  0.403253E+00
  0.410428E+00
  0.418512E+00
  0.425487E+00
  0.433861E+00
  0.442624E+00
  0.451266E+00
  0.458770E+00
  0.467676E+00
  0.475915E+00
  0.485065E+00
  0.493055E+00
  0.502446E+00
  0.512190E+00
  0.521787E+00
  0.530184E+00
  0.539965E+00
  0.549008E+00
  0.558963E+00
  0.567661E+00
  0.577755E+00
  0.588264E+00
  0.598488E+00
  0.607398E+00
  0.617696E+00
  0.627184E+00
  0.637543E+00
  0.646575E+00
  0.656984E+00
  0.667668E+00
  0.678099E+00
  0.687154E+00
  0.697576E+00
  0.707156E+00
  0.717548E+00
  0.726538E+00
  0.736872E+00
  0.747458E+00
  0.757710E+00
  0.766504E+00
  0.776636E+00
  0.785834E+00
  0.795839E+00
  0.804357E+00
  0.814206E+00
  0.824219E+00
  0.833882E+00
  0.842034E+00
  0.851483E+00
  0.859944E+00
  0.869186E+00
  0.876857E+00
  0.885856E+00
  0.895291E+00
  0.904038E+00
  0.911201E+00
  0.919679E+00
  0.927101E+00
  0.935312E+00
  0.941922E+00
  0.949839E+00
  0.957902E+00
  0.965545E+00
  0.971579E+00
  0.978965E+00
  0.985289E+00
  0.992408E+00
  0.997902E+00
  0.100474E+01
  0.101181E+01
  0.101842E+01
  0.102341E+01
  0.102978E+01
  0.103510E+01
  0.104125E+01
  0.104579E+01
  0.105174E+01
  0.105788E+01
  0.106365E+01
  0.106784E+01
  0.107345E+01
  0.107804E+01
  0.108351E+01
  0.108739E+01
  0.109272E+01
  0.109840E+01
  0.110360E+01
  0.110723E+01
  0.111231E+01
  0.111639E+01
  0.112136E+01
  0.112479E+01
  0.112964E+01
  0.113475E+01
  0.113953E+01
  0.114272E+01
  0.114742E+01
  0.115111E+01
  0.115570E+01
  0.115873E+01
  0.116323E+01
  0.116800E+01
  0.117242E+01
  0.117529E+01
  0.117963E+01
  0.118300E+01
  0.118729E+01
  0.118999E+01
  0.119422E+01
  0.119875E+01
  0.120298E+01
  0.120568E+01
  0.120993E+01
  0.121322E+01
  0.121747E+01
  0.122020E+01
  0.122445E+01
  0.122931E+01
  0.123360E+01
  0.123639E+01
  0.124078E+01
  0.124430E+01
  0.124891E+01
  0.125219E+01
  0.125719E+01
  0.126276E+01
  0.126841E+01
  0.127287E+01
  0.127933E+01
  0.128532E+01
  0.129272E+01
  0.129907E+01
  0.130739E+01
  0.131644E+01
  0.132556E+01
  0.133347E+01
  0.134321E+01
  0.135230E+01
  0.136260E+01
  0.137162E+01
  0.138238E+01
  0.139363E+01
  0.140477E+01
  0.141449E+01
  0.142585E+01
  0.143629E+01
  0.144770E+01
  0.145759E+01
  0.146909E+01
  0.148103E+01
  0.149262E+01
  0.150275E+01
  0.151453E+01
  0.152542E+01
  0.153733E+01
  0.154775E+01
  0.155970E+01
  0.157193E+01
  0.158387E+01
  0.159433E+01
  0.160648E+01
  0.161795E+01
  0.163074E+01
  0.164248E+01
  0.165631E+01
  0.167110E+01
  0.168619E+01
  0.170034E+01
  0.171659E+01
  0.173241E+01
  0.174968E+01
  0.176588E+01
  0.178413E+01
  0.180317E+01
  0.182246E+01
  0.184076E+01
  0.186120E+01
  0.188131E+01
  0.190305E+01
  0.192397E+01
  0.194725E+01
  0.197203E+01
  0.199723E+01
  0.202204E+01
  0.204972E+01
  0.207790E+01
  0.210870E+01
  0.213973E+01
  0.217425E+01
  0.221105E+01
  0.224954E+01
  0.228836E+01
  0.233049E+01
  0.237313E+01
  0.241793E+01
  0.246206E+01
  0.250839E+01
  0.255547E+01
  0.260246E+01
  0.264800E+01
  0.269530E+01
  0.274184E+01
  0.278971E+01
  0.283646E+01
  0.288530E+01
  0.293491E+01
  0.298456E+01
  0.303267E+01
  0.308203E+01
  0.312962E+01
  0.317694E+01
  0.322093E+01
  0.326448E+01
  0.330618E+01
  0.334519E+01
  0.338052E+01
  0.341581E+01
  0.344900E+01
  0.348275E+01
  0.351513E+01
  0.354992E+01
  0.358616E+01
  0.362342E+01
  0.366036E+01
  0.370004E+01
  0.373959E+01
  0.378094E+01
  0.382134E+01
  0.386412E+01
  0.390805E+01
  0.395255E+01
  0.399636E+01
  0.404265E+01
  0.408862E+01
  0.413600E+01
  0.418182E+01
  0.422902E+01
  0.427606E+01
  0.432235E+01
  0.436668E+01
  0.441264E+01
  0.445797E+01
  0.450510E+01
  0.455162E+01
  0.460103E+01
  0.465226E+01
  0.470378E+01
  0.475413E+01
  0.480613E+01
  0.485653E+01
  0.490706E+01
  0.495486E+01
  0.500333E+01
  0.505130E+01
  0.509840E+01
  0.514351E+01
  0.519024E+01
  0.523598E+01
  0.528282E+01
  0.532786E+01
  0.537424E+01
  0.542031E+01
  0.546510E+01
  0.550714E+01
  0.554983E+01
  0.559057E+01
  0.563165E+01
  0.567057E+01
  0.571098E+01
  0.575172E+01
  0.579243E+01
  0.583187E+01
  0.587361E+01
  0.591492E+01
  0.595803E+01
  0.600027E+01
  0.604531E+01
  0.609214E+01
  0.614012E+01
  0.618824E+01
  0.624009E+01
  0.629278E+01
  0.634826E+01
  0.640334E+01
  0.646103E+01
  0.651947E+01
  0.657768E+01
  0.663401E+01
  0.669201E+01
  0.674899E+01
  0.680755E+01
  0.686523E+01
  0.692590E+01
  0.698848E+01
  0.705233E+01
  0.711596E+01
  0.718267E+01
  0.724928E+01
  0.731762E+01
  0.738454E+01
  0.745340E+01
  0.752272E+01
  0.759198E+01
  0.765988E+01
  0.773022E+01
  0.780032E+01
  0.787261E+01
  0.794439E+01
  0.801938E+01
  0.809651E+01
  0.817444E+01
  0.825205E+01
  0.833293E+01
  0.841413E+01
  0.849791E+01
  0.858119E+01
  0.866736E+01
  0.875461E+01
  0.884183E+01
  0.892698E+01
  0.901319E+01
  0.909684E+01
  0.917971E+01
  0.925848E+01
  0.933681E+01
  0.941360E+01
  0.948875E+01
  0.956152E+01
  0.963645E+01
  0.971118E+01
  0.978854E+01
  0.986580E+01
  0.994684E+01
  0.100301E+02
  0.101147E+02
  0.101990E+02
  0.102868E+02
  0.103753E+02
  0.104672E+02
  0.105599E+02
  0.106574E+02
  0.107584E+02
  0.108615E+02
  0.109649E+02
  0.110716E+02
  0.111776E+02
  0.112845E+02
  0.113881E+02
  0.114919E+02
  0.115938E+02
  0.116933E+02
  0.117889E+02
  0.118848E+02
  0.119780E+02
  0.120716E+02
  0.121631E+02
  0.122572E+02
  0.123530E+02
  0.124501E+02
  0.125467E+02
  0.126466E+02
  0.127460E+02
  0.128468E+02
  0.129452E+02
  0.130446E+02
  0.131431E+02
  0.132401E+02
  0.133342E+02
  0.134303E+02
  0.135259E+02
  0.136247E+02
  0.137244E+02
  0.138298E+02
  0.139403E+02
  0.140544E+02
  0.141707E+02
  0.142929E+02
  0.144169E+02
  0.145448E+02
  0.146730E+02
  0.148054E+02
  0.149405E+02
  0.150781E+02
  0.152169E+02
  0.153615E+02
  0.155090E+02
  0.156627E+02
  0.158199E+02
  0.159850E+02
  0.161567E+02
  0.163341E+02
  0.165153E+02
  0.167043E+02
  0.168970E+02
  0.170954E+02
  0.172953E+02
  0.175001E+02
  0.177073E+02
  0.179155E+02
  0.181223E+02
  0.183316E+02
  0.185397E+02
  0.187494E+02
  0.189573E+02
  0.191683E+02
  0.193815E+02
  0.195964E+02
  0.198118E+02
  0.200326E+02
  0.202551E+02
  0.204817E+02
  0.207084E+02
  0.209394E+02
  0.211723E+02
  0.214064E+02
  0.216396E+02
  0.218770E+02
  0.221150E+02
  0.223575E+02
  0.226012E+02
  0.228514E+02
  0.231063E+02
  0.233649E+02
  0.236247E+02
  0.238901E+02
  0.241566E+02
  0.244267E+02
  0.246961E+02
  0.249691E+02
  0.252436E+02
  0.255188E+02
  0.257930E+02
  0.260717E+02
  0.263511E+02
  0.266343E+02
  0.269171E+02
  0.272040E+02
  0.274928E+02
  0.277807E+02
  0.280652E+02
  0.283508E+02
  0.286328E+02
  0.289144E+02
  0.291916E+02
  0.294704E+02
  0.297489E+02
  0.300270E+02
  0.303025E+02
  0.305813E+02
  0.308588E+02
  0.311382E+02
  0.314145E+02
  0.316921E+02
  0.319680E+02
  0.322405E+02
  0.325073E+02
  0.327744E+02
  0.330376E+02
  0.333011E+02
  0.335606E+02
  0.338216E+02
  0.340814E+02
  0.343385E+02
  0.345895E+02
  0.348394E+02
  0.350831E+02
  0.353244E+02
  0.355589E+02
  0.357929E+02
  0.360247E+02
  0.362532E+02
  0.364759E+02
  0.366987E+02
  0.369164E+02
  0.371322E+02
  0.373408E+02
  0.375476E+02
  0.377494E+02
  0.379452E+02
  0.381322E+02
  0.383171E+02
  0.384956E+02
  0.386726E+02
  0.388438E+02
  0.390157E+02
  0.391855E+02
  0.393512E+02
  0.395088E+02
  0.396628E+02
  0.398066E+02
  0.399427E+02
  0.400651E+02
  0.401797E+02
  0.402843E+02
  0.403793E+02
  0.404638E+02
  0.405464E+02
  0.406242E+02
  0.407028E+02
  0.407775E+02
  0.408541E+02
  0.409292E+02
  0.409984E+02
  0.410572E+02
  0.411096E+02
  0.411489E+02
  0.411785E+02
  0.411931E+02
  0.411998E+02
  0.411964E+02
  0.411826E+02
  0.411562E+02
  0.411244E+02
  0.410826E+02
  0.410356E+02
  0.409789E+02
  0.409194E+02
  0.408550E+02
  0.407848E+02
  0.407063E+02
  0.406258E+02
  0.405378E+02
  0.404461E+02
  0.403457E+02
  0.402429E+02
  0.401352E+02
  0.400219E+02
  0.399005E+02
  0.397773E+02
  0.396474E+02
  0.395151E+02
  0.393755E+02
  0.392347E+02
  0.390904E+02
  0.389412E+02
  0.387850E+02
  0.386288E+02
  0.384680E+02
  0.383073E+02
  0.381421E+02
  0.379789E+02
  0.378150E+02
  0.376493E+02
  0.374790E+02
  0.373098E+02
  0.371365E+02
  0.369632E+02
  0.367850E+02
  0.366084E+02
  0.364310E+02
  0.362521E+02
  0.360690E+02
  0.358877E+02
  0.357027E+02
  0.355172E+02
  0.353254E+02
  0.351319E+02
  0.349326E+02
  0.347253E+02
  0.345060E+02
  0.342799E+02
  0.340418E+02
  0.337953E+02
  0.335361E+02
  0.332708E+02
  0.329991E+02
  0.327205E+02
  0.324349E+02
  0.321495E+02
  0.318604E+02
  0.315720E+02
  0.312796E+02
  0.309888E+02
  0.306968E+02
  0.304019E+02
  0.301009E+02
  0.297983E+02
  0.294888E+02
  0.291757E+02
  0.288548E+02
  0.285325E+02
  0.282083E+02
  0.278832E+02
  0.275569E+02
  0.272365E+02
  0.269193E+02
  0.266098E+02
  0.263039E+02
  0.260068E+02
  0.257154E+02
  0.254277E+02
  0.251399E+02
  0.248555E+02
  0.245685E+02
  0.242810E+02
  0.239879E+02
  0.236939E+02
  0.233968E+02
  0.230960E+02
  0.227903E+02
  0.224852E+02
  0.221775E+02
  0.218713E+02
  0.215635E+02
  0.212598E+02
  0.209587E+02
  0.206597E+02
  0.203607E+02
  0.200656E+02
  0.197691E+02
  0.194727E+02
  0.191709E+02
  0.188671E+02
  0.185584E+02
  0.182440E+02
  0.179223E+02
  0.175983E+02
  0.172691E+02
  0.169387E+02
  0.166045E+02
  0.162722E+02
  0.159411E+02
  0.156117E+02
  0.152824E+02
  0.149572E+02
  0.146319E+02
  0.143085E+02
  0.139828E+02
  0.136584E+02
  0.133329E+02
  0.130042E+02
  0.126703E+02
  0.123349E+02
  0.119947E+02
  0.116523E+02
  0.113046E+02
  0.109556E+02
  0.106043E+02
  0.102513E+02
  0.989647E+01
  0.954541E+01
  0.919645E+01
  0.885304E+01
  0.851240E+01
  0.817822E+01
  0.784862E+01
  0.752282E+01
  0.719897E+01
  0.688046E+01
  0.656404E+01
  0.625194E+01
  0.594117E+01
  0.563528E+01
  0.533271E+01
  0.503312E+01
  0.473503E+01
  0.444193E+01
  0.415097E+01
  0.386405E+01
  0.357761E+01
  0.329379E+01
  0.300970E+01
  0.272344E+01
  0.243289E+01
  0.214100E+01
  0.184520E+01
  0.154790E+01
  0.124697E+01
  0.946030E+00
  0.644211E+00
  0.341927E+00
  0.385246E-01
 -0.262356E+00
 -0.563011E+00
 -0.861645E+00
 -0.116125E+01
 -0.145980E+01
 -0.175954E+01
 -0.206160E+01
 -0.236763E+01
 -0.267467E+01
 -0.298460E+01
 -0.329496E+01
 -0.360778E+01
 -0.392051E+01
 -0.423507E+01
 -0.455251E+01
 -0.487473E+01
 -0.519943E+01
 -0.552890E+01
 -0.586121E+01
 -0.619783E+01
 -0.653511E+01
 -0.687247E+01
 -0.720889E+01
 -0.754359E+01
 -0.787298E+01
 -0.819866E+01
 -0.851925E+01
 -0.883745E+01
 -0.915207E+01
 -0.946531E+01
 -0.977839E+01
 -0.100931E+02
 -0.104080E+02
 -0.107256E+02
 -0.110449E+02
 -0.113680E+02
 -0.116930E+02
 -0.120205E+02
 -0.123501E+02
 -0.126819E+02
 -0.130128E+02
 -0.133437E+02
 -0.136730E+02
 -0.140022E+02
 -0.143296E+02
 -0.146565E+02
 -0.149834E+02
 -0.153122E+02
 -0.156421E+02
 -0.159751E+02
 -0.163102E+02
 -0.166480E+02
 -0.169854E+02
 -0.173212E+02
 -0.176537E+02
 -0.179816E+02
 -0.183018E+02
 -0.186142E+02
 -0.189169E+02
 -0.192109E+02
 -0.194954E+02
 -0.197725E+02
 -0.200439E+02
 -0.203119E+02
 -0.205766E+02
 -0.208401E+02
 -0.211020E+02
 -0.213632E+02
 -0.216215E+02
 -0.218763E+02
 -0.221265E+02
 -0.223716E+02
 -0.226096E+02
 -0.228410E+02
 -0.230645E+02
 -0.232805E+02
 -0.234873E+02
 -0.236850E+02
 -0.238741E+02
 -0.240558E+02
 -0.242312E+02
 -0.244034E+02
 -0.245739E+02
 -0.247456E+02
 -0.249189E+02
 -0.250951E+02
 -0.252751E+02
 -0.254595E+02
 -0.256472E+02
 -0.258383E+02
 -0.260314E+02
 -0.262261E+02
 -0.264208E+02
 -0.266152E+02
 -0.268091E+02
 -0.270023E+02
 -0.271943E+02
 -0.273871E+02
 -0.275820E+02
 -0.277823E+02
 -0.279893E+02
 -0.282048E+02
 -0.284293E+02
 -0.286628E+02
 -0.289039E+02
 -0.291519E+02
 -0.294044E+02
 -0.296591E+02
 -0.299116E+02
 -0.301583E+02
 -0.303955E+02
 -0.306208E+02
 -0.308328E+02
 -0.310323E+02
 -0.312208E+02
 -0.314014E+02
 -0.315771E+02
 -0.317520E+02
 -0.319305E+02
 -0.321158E+02
 -0.323096E+02
 -0.325122E+02
 -0.327218E+02
 -0.329364E+02
 -0.331531E+02
 -0.333702E+02
 -0.335857E+02
 -0.337981E+02
 -0.340060E+02
 -0.342086E+02
 -0.344056E+02
 -0.345975E+02
 -0.347850E+02
 -0.349686E+02
 -0.351485E+02
 -0.353251E+02
 -0.354990E+02
 -0.356718E+02
 -0.358450E+02
 -0.360203E+02
 -0.361982E+02
 -0.363784E+02
 -0.365601E+02
 -0.367428E+02
 -0.369260E+02
 -0.371096E+02
 -0.372936E+02
 -0.374783E+02
 -0.376641E+02
 -0.378518E+02
 -0.380421E+02
 -0.382363E+02
 -0.384354E+02
 -0.386403E+02
 -0.388510E+02
 -0.390672E+02
 -0.392889E+02
 -0.395158E+02
 -0.397483E+02
 -0.399870E+02
 -0.402330E+02
 -0.404870E+02
 -0.407496E+02
 -0.410204E+02
 -0.412990E+02
 -0.415839E+02
 -0.418734E+02
 -0.421654E+02
 -0.424580E+02
 -0.427488E+02
 -0.430355E+02
 -0.433157E+02
 -0.435876E+02
 -0.438498E+02
 -0.441025E+02
 -0.443467E+02
 -0.445858E+02
 -0.448223E+02
 -0.450600E+02
 -0.453012E+02
 -0.455495E+02
 -0.458066E+02
 -0.460732E+02
 -0.463491E+02
 -0.466335E+02
 -0.469231E+02
 -0.472152E+02
 -0.475059E+02
 -0.477931E+02
 -0.480735E+02
 -0.483451E+02
 -0.486062E+02
 -0.488574E+02
 -0.490988E+02
 -0.493322E+02
 -0.495587E+02
 -0.497815E+02
 -0.500023E+02
 -0.502223E+02
 -0.504421E+02
 -0.506631E+02
 -0.508836E+02
 -0.511028E+02
 -0.513186E+02
 -0.515311E+02
 -0.517399E+02
 -0.519456E+02
 -0.521492E+02
 -0.523533E+02
 -0.525579E+02
 -0.527640E+02
 -0.529700E+02
 -0.531767E+02
 -0.533838E+02
 -0.535915E+02
 -0.537999E+02
 -0.540106E+02
 -0.542216E+02
 -0.544333E+02
 -0.546441E+02
 -0.548566E+02
 -0.550717E+02
 -0.552907E+02
 -0.555134E+02
 -0.557406E+02
 -0.559699E+02
 -0.562015E+02
 -0.564344E+02
 -0.566710E+02
 -0.569112E+02
 -0.571547E+02
 -0.574000E+02
 -0.576470E+02
 -0.578917E+02
 -0.581318E+02
 -0.583623E+02
 -0.585821E+02
 -0.587881E+02
 -0.589784E+02
 -0.591511E+02
 -0.593081E+02
 -0.594480E+02
 -0.595729E+02
 -0.596828E+02
 -0.597817E+02
 -0.598714E+02
 -0.599539E+02
 -0.600302E+02
 -0.601030E+02
 -0.601706E+02
 -0.602330E+02
 -0.602870E+02
 -0.603327E+02
 -0.603676E+02
 -0.603907E+02
 -0.604015E+02
 -0.604033E+02
 -0.603968E+02
 -0.603857E+02
 -0.603705E+02
 -0.603547E+02
 -0.603385E+02
 -0.603222E+02
 -0.603052E+02
 -0.602903E+02
 -0.602761E+02
 -0.602639E+02
 -0.602518E+02
 -0.602411E+02
 -0.602300E+02
 -0.602176E+02
 -0.602023E+02
 -0.601854E+02
 -0.601646E+02
 -0.601405E+02
 -0.601107E+02
 -0.600764E+02
 -0.600361E+02
 -0.599894E+02
 -0.599368E+02
 -0.598820E+02
 -0.598256E+02
 -0.597701E+02
 -0.597142E+02
 -0.596588E+02
 -0.596017E+02
 -0.595410E+02
 -0.594739E+02
 -0.594009E+02
 -0.593190E+02
 -0.592284E+02
 -0.591270E+02
 -0.590170E+02
 -0.588985E+02
 -0.587723E+02
 -0.586384E+02
 -0.584993E+02
 -0.583538E+02
 -0.582035E+02
 -0.580469E+02
 -0.578863E+02
 -0.577215E+02
 -0.575531E+02
 -0.573803E+02
 -0.572043E+02
 -0.570225E+02
 -0.568349E+02
 -0.566388E+02
 -0.564352E+02
 -0.562235E+02
 -0.560049E+02
 -0.557812E+02
 -0.555566E+02
 -0.553318E+02
 -0.551087E+02
 -0.548862E+02
 -0.546655E+02
 -0.544455E+02
 -0.542260E+02
 -0.540060E+02
 -0.537860E+02
 -0.535639E+02
 -0.533391E+02
 -0.531093E+02
 -0.528749E+02
 -0.526349E+02
 -0.523892E+02
 -0.521378E+02
 -0.518833E+02
 -0.516258E+02
 -0.513674E+02
 -0.511075E+02
 -0.508474E+02
 -0.505855E+02
 -0.503213E+02
 -0.500542E+02
 -0.497855E+02
 -0.495144E+02
 -0.492403E+02
 -0.489599E+02
 -0.486713E+02
 -0.483715E+02
 -0.480585E+02
 -0.477311E+02
 -0.473901E+02
 -0.470350E+02
 -0.466670E+02
 -0.462857E+02
 -0.458930E+02
 -0.454894E+02
 -0.450774E+02
 -0.446596E+02
 -0.442399E+02
 -0.438203E+02
 -0.434023E+02
 -0.429849E+02
 -0.425675E+02
 -0.421484E+02
 -0.417269E+02
 -0.413023E+02
 -0.408751E+02
 -0.404450E+02
 -0.400127E+02
 -0.395783E+02
 -0.391424E+02
 -0.387050E+02
 -0.382666E+02
 -0.378274E+02
 -0.373878E+02
 -0.369483E+02
 -0.365092E+02
 -0.360700E+02
 -0.356300E+02
 -0.351880E+02
 -0.347436E+02
 -0.342961E+02
 -0.338450E+02
 -0.333902E+02
 -0.329309E+02
 -0.324660E+02
 -0.319939E+02
 -0.315139E+02
 -0.310258E+02
 -0.305300E+02
 -0.300271E+02
 -0.295187E+02
 -0.290067E+02
 -0.284930E+02
 -0.279777E+02
 -0.274606E+02
 -0.269410E+02
 -0.264174E+02
 -0.258885E+02
 -0.253558E+02
 -0.248208E+02
 -0.242871E+02
 -0.237565E+02
 -0.232310E+02
 -0.227114E+02
 -0.221971E+02
 -0.216851E+02
 -0.211752E+02
 -0.206662E+02
 -0.201593E+02
 -0.196534E+02
 -0.191487E+02
 -0.186450E+02
 -0.181414E+02
 -0.176352E+02
 -0.171261E+02
 -0.166131E+02
 -0.160983E+02
 -0.155827E+02
 -0.150705E+02
 -0.145660E+02
 -0.140729E+02
 -0.135910E+02
 -0.131218E+02
 -0.126626E+02
 -0.122126E+02
 -0.117675E+02
 -0.113246E+02
 -0.108816E+02
 -0.104368E+02
 -0.998729E+01
 -0.953457E+01
 -0.907779E+01
 -0.861899E+01
 -0.815629E+01
 -0.769090E+01
 -0.722377E+01
 -0.675612E+01
 -0.628617E+01
 -0.581679E+01
 -0.534759E+01
 -0.488138E+01
 -0.441585E+01
 -0.395142E+01
 -0.348816E+01
 -0.302641E+01
 -0.256328E+01
 -0.210119E+01
 -0.163890E+01
 -0.117913E+01
 -0.719746E+00
 -0.262955E+00
  0.189121E+00
  0.633984E+00
  0.107383E+01
  0.150608E+01
  0.193255E+01
  0.235042E+01
  0.276173E+01
  0.316383E+01
  0.355415E+01
  0.392975E+01
  0.429272E+01
  0.463986E+01
  0.497323E+01
  0.529057E+01
  0.559597E+01
  0.588896E+01
  0.616994E+01
  0.643914E+01
  0.670176E+01
  0.695640E+01
  0.720609E+01
  0.744823E+01
  0.768598E+01
  0.791781E+01
  0.814230E+01
  0.835922E+01
  0.857348E+01
  0.878269E+01
  0.898874E+01
  0.918798E+01
  0.938387E+01
  0.957542E+01
  0.976295E+01
  0.994595E+01
  0.101290E+02
  0.103098E+02
  0.104909E+02
  0.106696E+02
  0.108499E+02
  0.110300E+02
  0.112087E+02
  0.113833E+02
  0.115563E+02
  0.117226E+02
  0.118826E+02
  0.120306E+02
  0.121689E+02
  0.122950E+02
  0.124077E+02
  0.125050E+02
  0.125902E+02
  0.126591E+02
  0.127141E+02
  0.127527E+02
  0.127806E+02
  0.127989E+02
  0.128093E+02
  0.128131E+02
  0.128168E+02
  0.128190E+02
  0.128245E+02
  0.128315E+02
  0.128450E+02
  0.128636E+02
  0.128855E+02
  0.129085E+02
  0.129354E+02
  0.129619E+02
  0.129894E+02
  0.130136E+02
  0.130382E+02
  0.130622E+02
  0.130849E+02
  0.131055E+02
  0.131281E+02
  0.131496E+02
  0.131725E+02
  0.131934E+02
  0.132155E+02
  0.132363E+02
  0.132534E+02
  0.132632E+02
  0.132677E+02
  0.132629E+02
  0.132523E+02
  0.132348E+02
  0.132172E+02
  0.132002E+02
  0.131836E+02
  0.131659E+02
  0.131500E+02
  0.131310E+02
  0.131096E+02
  0.130811E+02
  0.130484E+02
  0.130091E+02
  0.129624E+02
  0.129066E+02
  0.128456E+02
  0.127756E+02
  0.126984E+02
  0.126103E+02
  0.125152E+02
  0.124123E+02
  0.123023E+02
  0.121859E+02
  0.120697E+02
  0.119530E+02
  0.118402E+02
  0.117302E+02
  0.116287E+02
  0.115358E+02
  0.114518E+02
  0.113752E+02
  0.113101E+02
  0.112533E+02
  0.112078E+02
  0.111707E+02
  0.111462E+02
  0.111321E+02
  0.111262E+02
  0.111258E+02
  0.111342E+02
  0.111483E+02
  0.111702E+02
  0.111965E+02
  0.112308E+02
  0.112724E+02
  0.113218E+02
  0.113786E+02
  0.114473E+02
  0.115241E+02
  0.116097E+02
  0.116988E+02
  0.117939E+02
  0.118924E+02
  0.119926E+02
  0.120918E+02
  0.121929E+02
  0.122920E+02
  0.123911E+02
  0.124869E+02
  0.125839E+02
  0.126814E+02
  0.127805E+02
  0.128818E+02
  0.129913E+02
  0.131071E+02
  0.132323E+02
  0.133630E+02
  0.135020E+02
  0.136464E+02
  0.137937E+02
  0.139423E+02
  0.140969E+02
  0.142544E+02
  0.144172E+02
  0.145815E+02
  0.147515E+02
  0.149258E+02
  0.151045E+02
  0.152868E+02
  0.154776E+02
  0.156739E+02
  0.158793E+02
  0.160905E+02
  0.163114E+02
  0.165383E+02
  0.167672E+02
  0.169926E+02
  0.172154E+02
  0.174289E+02
  0.176331E+02
  0.178224E+02
  0.180006E+02
  0.181661E+02
  0.183206E+02
  0.184663E+02
  0.186119E+02
  0.187578E+02
  0.189095E+02
  0.190652E+02
  0.192297E+02
  0.194007E+02
  0.195752E+02
  0.197490E+02
  0.199235E+02
  0.200928E+02
  0.202591E+02
  0.204193E+02
  0.205803E+02
  0.207431E+02
  0.209103E+02
  0.210832E+02
  0.212683E+02
  0.214623E+02
  0.216675E+02
  0.218790E+02
  0.221010E+02
  0.223313E+02
  0.225691E+02
  0.228127E+02
  0.230672E+02
  0.233286E+02
  0.235988E+02
  0.238716E+02
  0.241498E+02
  0.244295E+02
  0.247089E+02
  0.249852E+02
  0.252626E+02
  0.255361E+02
  0.258083E+02
  0.260752E+02
  0.263427E+02
  0.266104E+02
  0.268770E+02
  0.271409E+02
  0.274069E+02
  0.276699E+02
  0.279315E+02
  0.281853E+02
  0.284329E+02
  0.286686E+02
  0.288883E+02
  0.290879E+02
  0.292727E+02
  0.294390E+02
  0.295914E+02
  0.297271E+02
  0.298532E+02
  0.299704E+02
  0.300805E+02
  0.301842E+02
  0.302890E+02
  0.303913E+02
  0.304940E+02
  0.305912E+02
  0.306863E+02
  0.307744E+02
  0.308528E+02
  0.309181E+02
  0.309768E+02
  0.310266E+02
  0.310743E+02
  0.311184E+02
  0.311669E+02
  0.312185E+02
  0.312716E+02
  0.313241E+02
  0.313821E+02
  0.314422E+02
  0.315087E+02
  0.315766E+02
  0.316496E+02
  0.317221E+02
  0.317887E+02
  0.318423E+02
  0.318846E+02
  0.319084E+02
  0.319167E+02
  0.319066E+02
  0.318870E+02
  0.318599E+02
  0.318279E+02
  0.317913E+02
  0.317575E+02
  0.317230E+02
  0.316919E+02
  0.316586E+02
  0.316265E+02
  0.315902E+02
  0.315453E+02
  0.314868E+02
  0.314181E+02
  0.313336E+02
  0.312367E+02
  0.311235E+02
  0.310021E+02
  0.308751E+02
  0.307460E+02
  0.306186E+02
  0.305031E+02
  0.303983E+02
  0.303095E+02
  0.302330E+02
  0.301739E+02
  0.301286E+02
  0.300947E+02
  0.300679E+02
  0.300509E+02
  0.300349E+02
  0.300180E+02
  0.299896E+02
  0.299498E+02
  0.298927E+02
  0.298155E+02
  0.297159E+02
  0.296001E+02
  0.294657E+02
  0.293195E+02
  0.291618E+02
  0.290025E+02
  0.288435E+02
  0.286868E+02
  0.285322E+02
  0.283864E+02
  0.282457E+02
  0.281140E+02
  0.279865E+02
  0.278676E+02
  0.277535E+02
  0.276412E+02
  0.275273E+02
  0.274169E+02
  0.273061E+02
  0.272000E+02
  0.270967E+02
  0.270039E+02
  0.269213E+02
  0.268486E+02
  0.267822E+02
  0.267247E+02
  0.266687E+02
  0.266140E+02
  0.265527E+02
  0.264868E+02
  0.264110E+02
  0.263224E+02
  0.262172E+02
  0.261001E+02
  0.259674E+02
  0.258233E+02
  0.256645E+02
  0.254968E+02
  0.253183E+02
  0.251284E+02
  0.249254E+02
  0.247152E+02
  0.244947E+02
  0.242681E+02
  0.240328E+02
  0.237949E+02
  0.235541E+02
  0.233105E+02
  0.230645E+02
  0.228225E+02
  0.225812E+02
  0.223444E+02
  0.221079E+02
  0.218756E+02
  0.216440E+02
  0.214105E+02
  0.211710E+02
  0.209290E+02
  0.206801E+02
  0.204277E+02
  0.201690E+02
  0.199102E+02
  0.196515E+02
  0.193938E+02
  0.191367E+02
  0.188853E+02
  0.186356E+02
  0.183902E+02
  0.181450E+02
  0.179045E+02
  0.176663E+02
  0.174281E+02
  0.171856E+02
  0.169408E+02
  0.166886E+02
  0.164316E+02
  0.161672E+02
  0.159011E+02
  0.156334E+02
  0.153654E+02
  0.150979E+02
  0.148377E+02
  0.145832E+02
  0.143377E+02
  0.140972E+02
  0.138646E+02
  0.136369E+02
  0.134127E+02
  0.131901E+02
  0.129730E+02
  0.127574E+02
  0.125450E+02
  0.123314E+02
  0.121198E+02
  0.119080E+02
  0.116951E+02
  0.114791E+02
  0.112637E+02
  0.110463E+02
  0.108302E+02
  0.106136E+02
  0.104017E+02
  0.101935E+02
  0.998957E+01
  0.978927E+01
  0.959753E+01
  0.941209E+01
  0.923581E+01
  0.906573E+01
  0.890531E+01
  0.875282E+01
  0.860655E+01
  0.846500E+01
  0.833116E+01
  0.820063E+01
  0.807418E+01
  0.794784E+01
  0.782547E+01
  0.770668E+01
  0.759256E+01
  0.748288E+01
  0.738210E+01
  0.728742E+01
  0.720084E+01
  0.711882E+01
  0.704435E+01
  0.697559E+01
  0.691187E+01
  0.685175E+01
  0.679863E+01
  0.674910E+01
  0.670461E+01
  0.666150E+01
  0.662297E+01
  0.658789E+01
  0.655683E+01
  0.652965E+01
  0.651113E+01
  0.649913E+01
  0.649628E+01
  0.649962E+01
  0.651259E+01
  0.653366E+01
  0.656226E+01
  0.659749E+01
  0.664290E+01
  0.669461E+01
  0.675320E+01
  0.681423E+01
  0.688072E+01
  0.695196E+01
  0.702904E+01
  0.711184E+01
  0.720446E+01
  0.730347E+01
  0.741004E+01
  0.752012E+01
  0.763694E+01
  0.775941E+01
  0.788753E+01
  0.802018E+01
  0.816085E+01
  0.830615E+01
  0.845821E+01
  0.861432E+01
  0.877882E+01
  0.895071E+01
  0.912955E+01
  0.931333E+01
  0.950486E+01
  0.969967E+01
  0.989848E+01
  0.100962E+02
  0.102951E+02
  0.104930E+02
  0.106889E+02
  0.108825E+02
  0.110794E+02
  0.112781E+02
  0.114824E+02
  0.116892E+02
  0.119017E+02
  0.121159E+02
  0.123284E+02
  0.125346E+02
  0.127361E+02
  0.129279E+02
  0.131110E+02
  0.132801E+02
  0.134366E+02
  0.135763E+02
  0.136963E+02
  0.137940E+02
  0.138737E+02
  0.139333E+02
  0.139774E+02
  0.140049E+02
  0.140225E+02
  0.140300E+02
  0.140278E+02
  0.140143E+02
  0.139945E+02
  0.139666E+02
  0.139356E+02
  0.139004E+02
  0.138667E+02
  0.138332E+02
  0.137981E+02
  0.137582E+02
  0.137167E+02
  0.136700E+02
  0.136213E+02
  0.135679E+02
  0.135141E+02
  0.134576E+02
  0.133966E+02
  0.133277E+02
  0.132535E+02
  0.131697E+02
  0.130787E+02
  0.129776E+02
  0.128713E+02
  0.127586E+02
  0.126394E+02
  0.125120E+02
  0.123802E+02
  0.122406E+02
  0.120965E+02
  0.119465E+02
  0.117970E+02
  0.116476E+02
  0.114977E+02
  0.113446E+02
  0.111905E+02
  0.110307E+02
  0.108666E+02
  0.106942E+02
  0.105172E+02
  0.103344E+02
  0.101441E+02
  0.994393E+01
  0.973628E+01
  0.951675E+01
  0.928675E+01
  0.904199E+01
  0.878464E+01
  0.851144E+01
  0.822061E+01
  0.790977E+01
  0.758271E+01
  0.723760E+01
  0.687909E+01
  0.650698E+01
  0.612753E+01
  0.574173E+01
  0.535143E+01
  0.495717E+01
  0.456367E+01
  0.416872E+01
  0.377448E+01
  0.337764E+01
  0.298053E+01
  0.258080E+01
  0.217788E+01
  0.177080E+01
  0.136332E+01
  0.952984E+00
  0.541763E+00
  0.127167E+00
 -0.287609E+00
 -0.703876E+00
 -0.112278E+01
 -0.154655E+01
 -0.197355E+01
 -0.240696E+01
 -0.284472E+01
 -0.328801E+01
 -0.373249E+01
 -0.417785E+01
 -0.462327E+01
 -0.506935E+01
 -0.551318E+01
 -0.595704E+01
 -0.639991E+01
 -0.684493E+01
 -0.729055E+01
 -0.773786E+01
 -0.818631E+01
 -0.863571E+01
 -0.908284E+01
 -0.952933E+01
 -0.997415E+01
 -0.104198E+02
 -0.108645E+02
 -0.113089E+02
 -0.117521E+02
 -0.121939E+02
 -0.126305E+02
 -0.130614E+02
 -0.134830E+02
 -0.138943E+02
 -0.142916E+02
 -0.146744E+02
 -0.150426E+02
 -0.153968E+02
 -0.157356E+02
 -0.160610E+02
 -0.163724E+02
 -0.166722E+02
 -0.169608E+02
 -0.172417E+02
 -0.175178E+02
 -0.177925E+02
 -0.180658E+02
 -0.183396E+02
 -0.186123E+02
 -0.188837E+02
 -0.191505E+02
 -0.194113E+02
 -0.196649E+02
 -0.199111E+02
 -0.201481E+02
 -0.203774E+02
 -0.205987E+02
 -0.208140E+02
 -0.210238E+02
 -0.212311E+02
 -0.214384E+02
 -0.216478E+02
 -0.218585E+02
 -0.220712E+02
 -0.222837E+02
 -0.224951E+02
 -0.227020E+02
 -0.229021E+02
 -0.230926E+02
 -0.232711E+02
 -0.234343E+02
 -0.235825E+02
 -0.237156E+02
 -0.238364E+02
 -0.239462E+02
 -0.240475E+02
 -0.241418E+02
 -0.242297E+02
 -0.243093E+02
 -0.243803E+02
 -0.244406E+02
 -0.244905E+02
 -0.245291E+02
 -0.245584E+02
 -0.245816E+02
 -0.246024E+02
 -0.246228E+02
 -0.246448E+02
 -0.246674E+02
 -0.246899E+02
 -0.247095E+02
 -0.247252E+02
 -0.247362E+02
 -0.247428E+02
 -0.247444E+02
 -0.247427E+02
 -0.247386E+02
 -0.247340E+02
 -0.247287E+02
 -0.247219E+02
 -0.247112E+02
 -0.246929E+02
 -0.246620E+02
 -0.246158E+02
 -0.245512E+02
 -0.244677E+02
 -0.243638E+02
 -0.242403E+02
 -0.240980E+02
 -0.239387E+02
 -0.237627E+02
 -0.235724E+02
 -0.233679E+02
 -0.231503E+02
 -0.229180E+02
 -0.226713E+02
 -0.224109E+02
 -0.221387E+02
 -0.218563E+02
 -0.215677E+02
 -0.212757E+02
 -0.209836E+02
 -0.206917E+02
 -0.204011E+02
 -0.201122E+02
 -0.198254E+02
 -0.195399E+02
 -0.192574E+02
 -0.189776E+02
 -0.187026E+02
 -0.184310E+02
 -0.181628E+02
 -0.178965E+02
 -0.176308E+02
 -0.173623E+02
 -0.170917E+02
 -0.168186E+02
 -0.165456E+02
 -0.162730E+02
 -0.160028E+02
 -0.157361E+02
 -0.154747E+02
 -0.152188E+02
 -0.149725E+02
 -0.147366E+02
 -0.145138E+02
 -0.143025E+02
 -0.141029E+02
 -0.139144E+02
 -0.137367E+02
 -0.135662E+02
 -0.134025E+02
 -0.132426E+02
 -0.130856E+02
 -0.129277E+02
 -0.127675E+02
 -0.126033E+02
 -0.124345E+02
 -0.122584E+02
 -0.120770E+02
 -0.118905E+02
 -0.117024E+02
 -0.115121E+02
 -0.113211E+02
 -0.111301E+02
 -0.109391E+02
 -0.107449E+02
 -0.105481E+02
 -0.103466E+02
 -0.101425E+02
 -0.993515E+01
 -0.972746E+01
 -0.952254E+01
 -0.932451E+01
 -0.913442E+01
 -0.895665E+01
 -0.879143E+01
 -0.864154E+01
 -0.850497E+01
 -0.838228E+01
 -0.827328E+01
 -0.817823E+01
 -0.809420E+01
 -0.802246E+01
 -0.796075E+01
 -0.790957E+01
 -0.786460E+01
 -0.782456E+01
 -0.778748E+01
 -0.775200E+01
 -0.771356E+01
 -0.767196E+01
 -0.762421E+01
 -0.757150E+01
 -0.751151E+01
 -0.744589E+01
 -0.737631E+01
 -0.730508E+01
 -0.723123E+01
 -0.715792E+01
 -0.708410E+01
 -0.701139E+01
 -0.693639E+01
 -0.685882E+01
 -0.677776E+01
 -0.669292E+01
 -0.660054E+01
 -0.650138E+01
 -0.639300E+01
 -0.627703E+01
 -0.615135E+01
 -0.601804E+01
 -0.587895E+01
 -0.573623E+01
 -0.558807E+01
 -0.543710E+01
 -0.528256E+01
 -0.512775E+01
 -0.497149E+01
 -0.481607E+01
 -0.466288E+01
 -0.451342E+01
 -0.436506E+01
 -0.421982E+01
 -0.407610E+01
 -0.393637E+01
 -0.379831E+01
 -0.366315E+01
 -0.353232E+01
 -0.340677E+01
 -0.328369E+01
 -0.316528E+01
 -0.305014E+01
 -0.294127E+01
 -0.283686E+01
 -0.273898E+01
 -0.264867E+01
 -0.256702E+01
 -0.249023E+01
 -0.241840E+01
 -0.234648E+01
 -0.227252E+01
 -0.218932E+01
 -0.209428E+01
 -0.198541E+01
 -0.186241E+01
 -0.172184E+01
 -0.156590E+01
 -0.139305E+01
 -0.120623E+01
 -0.100336E+01
 -0.786636E+00
 -0.558189E+00
 -0.321663E+00
 -0.772820E-01
  0.168941E+00
  0.415638E+00
  0.658161E+00
  0.898800E+00
  0.113693E+01
  0.137295E+01
  0.160674E+01
  0.184199E+01
  0.207621E+01
  0.231107E+01
  0.254347E+01
  0.277610E+01
  0.300742E+01
  0.323703E+01
  0.346365E+01
  0.369029E+01
  0.391354E+01
  0.413457E+01
  0.435015E+01
  0.456404E+01
  0.477630E+01
  0.498821E+01
  0.520009E+01
  0.541665E+01
  0.563579E+01
  0.585972E+01
  0.608506E+01
  0.631440E+01
  0.654542E+01
  0.677682E+01
  0.700645E+01
  0.723716E+01
  0.746523E+01
  0.769211E+01
  0.791426E+01
  0.813494E+01
  0.835236E+01
  0.856392E+01
  0.876646E+01
  0.896150E+01
  0.914420E+01
  0.931612E+01
  0.947481E+01
  0.962563E+01
  0.976866E+01
  0.990486E+01
  0.100342E+02
  0.101626E+02
  0.102893E+02
  0.104189E+02
  0.105508E+02
  0.106908E+02
  0.108388E+02
  0.109946E+02
  0.111560E+02
  0.113260E+02
  0.115004E+02
  0.116804E+02
  0.118618E+02
  0.120479E+02
  0.122372E+02
  0.124294E+02
  0.126230E+02
  0.128216E+02
  0.130210E+02
  0.132221E+02
  0.134198E+02
  0.136162E+02
  0.138085E+02
  0.139947E+02
  0.141724E+02
  0.143454E+02
  0.145105E+02
  0.146708E+02
  0.148232E+02
  0.149719E+02
  0.151145E+02
  0.152493E+02
  0.153731E+02
  0.154886E+02
  0.155915E+02
  0.156839E+02
  0.157621E+02
  0.158306E+02
  0.158879E+02
  0.159337E+02
  0.159671E+02
  0.159936E+02
  0.160106E+02
  0.160220E+02
  0.160253E+02
  0.160258E+02
  0.160227E+02
  0.160157E+02
  0.160030E+02
  0.159890E+02
  0.159700E+02
  0.159482E+02
  0.159200E+02
  0.158894E+02
  0.158543E+02
  0.158125E+02
  0.157614E+02
  0.157048E+02
  0.156398E+02
  0.155709E+02
  0.154966E+02
  0.154230E+02
  0.153501E+02
  0.152789E+02
  0.152097E+02
  0.151484E+02
  0.150929E+02
  0.150466E+02
  0.150054E+02
  0.149722E+02
  0.149428E+02
  0.149134E+02
  0.148780E+02
  0.148371E+02
  0.147840E+02
  0.147198E+02
  0.146404E+02
  0.145507E+02
  0.144500E+02
  0.143397E+02
  0.142201E+02
  0.140980E+02
  0.139725E+02
  0.138482E+02
  0.137232E+02
  0.136017E+02
  0.134820E+02
  0.133626E+02
  0.132411E+02
  0.131204E+02
  0.129964E+02
  0.128706E+02
  0.127381E+02
  0.126010E+02
  0.124550E+02
  0.122974E+02
  0.121249E+02
  0.119411E+02
  0.117430E+02
  0.115345E+02
  0.113145E+02
  0.110889E+02
  0.108581E+02
  0.106230E+02
  0.103834E+02
  0.101441E+02
  0.990340E+01
  0.966479E+01
  0.942607E+01
  0.919156E+01
  0.895987E+01
  0.873069E+01
  0.850226E+01
  0.827821E+01
  0.805553E+01
  0.783698E+01
  0.762022E+01
  0.740958E+01
  0.720427E+01
  0.700328E+01
  0.680516E+01
  0.661283E+01
  0.642214E+01
  0.623396E+01
  0.604416E+01
  0.585578E+01
  0.566740E+01
  0.547909E+01
  0.528956E+01
  0.510188E+01
  0.491217E+01
  0.472128E+01
  0.452493E+01
  0.432508E+01
  0.411921E+01
  0.390647E+01
  0.368589E+01
  0.346194E+01
  0.323367E+01
  0.300515E+01
  0.277564E+01
  0.255021E+01
  0.232921E+01
  0.211391E+01
  0.190461E+01
  0.170594E+01
  0.151608E+01
  0.133688E+01
  0.116471E+01
  0.100126E+01
  0.843800E+00
  0.690350E+00
  0.538589E+00
  0.390682E+00
  0.243282E+00
  0.977364E-01
 -0.489082E-01
 -0.193775E+00
 -0.337948E+00
 -0.481529E+00
 -0.625957E+00
 -0.769108E+00
 -0.914890E+00
 -0.106289E+01
 -0.121646E+01
 -0.137262E+01
 -0.153138E+01
 -0.169117E+01
 -0.185093E+01
 -0.200570E+01
 -0.215608E+01
 -0.229861E+01
 -0.243415E+01
 -0.255877E+01
 -0.267312E+01
 -0.277755E+01
 -0.287368E+01
 -0.295937E+01
 -0.303765E+01
 -0.310750E+01
 -0.317216E+01
 -0.322990E+01
 -0.328243E+01
 -0.333104E+01
 -0.337678E+01
 -0.341690E+01
 -0.345362E+01
 -0.348511E+01
 -0.351366E+01
 -0.353673E+01
 -0.355582E+01
 -0.357166E+01
 -0.358587E+01
 -0.359609E+01
 -0.360480E+01
 -0.361017E+01
 -0.361417E+01
 -0.361385E+01
 -0.361045E+01
 -0.360487E+01
 -0.359903E+01
 -0.359099E+01
 -0.358368E+01
 -0.357593E+01
 -0.357055E+01
 -0.356565E+01
 -0.356364E+01
 -0.356611E+01
 -0.357492E+01
 -0.358698E+01
 -0.360328E+01
 -0.362034E+01
 -0.363888E+01
 -0.365526E+01
 -0.367024E+01
 -0.368459E+01
 -0.369969E+01
 -0.371285E+01
 -0.372601E+01
 -0.373660E+01
 -0.374569E+01
 -0.374947E+01
 -0.374835E+01
 -0.374230E+01
 -0.373271E+01
 -0.371771E+01
 -0.370101E+01
 -0.368282E+01
 -0.366727E+01
 -0.365316E+01
 -0.364234E+01
 -0.363539E+01
 -0.363322E+01
 -0.363249E+01
 -0.363459E+01
 -0.363671E+01
 -0.363990E+01
 -0.364020E+01
 -0.363744E+01
 -0.363079E+01
 -0.362100E+01
 -0.360615E+01
 -0.359064E+01
 -0.357611E+01
 -0.356870E+01
 -0.356901E+01
 -0.357967E+01
 -0.360118E+01
 -0.363227E+01
 -0.366699E+01
 -0.370389E+01
 -0.373775E+01
 -0.376808E+01
 -0.379044E+01
 -0.380518E+01
 -0.381264E+01
 -0.381466E+01
 -0.380967E+01
 -0.380120E+01
 -0.378884E+01
 -0.377613E+01
 -0.376152E+01
 -0.374730E+01
 -0.373502E+01
 -0.372693E+01
 -0.372128E+01
 -0.372093E+01
 -0.372459E+01
 -0.373489E+01
 -0.374931E+01
 -0.376879E+01
 -0.379302E+01
 -0.382179E+01
 -0.385049E+01
 -0.387953E+01
 -0.390541E+01
 -0.392872E+01
 -0.394538E+01
 -0.395542E+01
 -0.395910E+01
 -0.395819E+01
 -0.395160E+01
 -0.394371E+01
 -0.393531E+01
 -0.393087E+01
 -0.392923E+01
 -0.393206E+01
 -0.393905E+01
 -0.394986E+01
 -0.395968E+01
 -0.396836E+01
 -0.397190E+01
 -0.397049E+01
 -0.395947E+01
 -0.393809E+01
 -0.390487E+01
 -0.385907E+01
 -0.379648E+01
 -0.371822E+01
 -0.362210E+01
 -0.351044E+01
 -0.338127E+01
 -0.323687E+01
 -0.307922E+01
 -0.291197E+01
 -0.273575E+01
 -0.255681E+01
 -0.237699E+01
 -0.220146E+01
 -0.202923E+01
 -0.186220E+01
 -0.170187E+01
 -0.154959E+01
 -0.140299E+01
 -0.126464E+01
 -0.113240E+01
 -0.100784E+01
 -0.887104E+00
 -0.770832E+00
 -0.659290E+00
 -0.553902E+00
 -0.451710E+00
 -0.355171E+00
 -0.262493E+00
 -0.176548E+00
 -0.947838E-01
 -0.183678E-01
  0.531921E-01
  0.120335E+00
  0.187893E+00
  0.254833E+00
  0.323673E+00
  0.391586E+00
  0.460609E+00
  0.528015E+00
  0.592163E+00
  0.650990E+00
  0.707340E+00
  0.758732E+00
  0.807434E+00
  0.851341E+00
  0.893906E+00
  0.934254E+00
  0.971798E+00
  0.100509E+01
  0.103674E+01
  0.106330E+01
  0.108583E+01
  0.110090E+01
  0.111100E+01
  0.111455E+01
  0.111155E+01
  0.110168E+01
  0.108968E+01
  0.107491E+01
  0.106106E+01
  0.104673E+01
  0.103577E+01
  0.102737E+01
  0.102135E+01
  0.101640E+01
  0.101532E+01
  0.101508E+01
  0.101702E+01
  0.101754E+01
  0.101854E+01
  0.101715E+01
  0.101151E+01
  0.999111E+00
  0.982594E+00
  0.959881E+00
  0.934124E+00
  0.903854E+00
  0.872532E+00
  0.838387E+00
  0.798813E+00
  0.750816E+00
  0.695576E+00
  0.629089E+00
  0.552662E+00
  0.463573E+00
  0.365532E+00
  0.258736E+00
  0.144772E+00
  0.242462E-01
 -0.980797E-01
 -0.223125E+00
 -0.347408E+00
 -0.471821E+00
 -0.591869E+00
 -0.707539E+00
 -0.818352E+00
 -0.924961E+00
 -0.102386E+01
 -0.111731E+01
 -0.120385E+01
 -0.128685E+01
 -0.136475E+01
 -0.144032E+01
 -0.151557E+01
 -0.159362E+01
 -0.167343E+01
 -0.175896E+01
 -0.184927E+01
 -0.194705E+01
 -0.204953E+01
 -0.215807E+01
 -0.227378E+01
 -0.239837E+01
 -0.252925E+01
 -0.266850E+01
 -0.281337E+01
 -0.296491E+01
 -0.311891E+01
 -0.327526E+01
 -0.343343E+01
 -0.359436E+01
 -0.375570E+01
 -0.392055E+01
 -0.408802E+01
 -0.426095E+01
 -0.443673E+01
 -0.461618E+01
 -0.479882E+01
 -0.498442E+01
 -0.516866E+01
 -0.535199E+01
 -0.553134E+01
 -0.570818E+01
 -0.588017E+01
 -0.604933E+01
 -0.621698E+01
 -0.638522E+01
 -0.655212E+01
 -0.672006E+01
 -0.688770E+01
 -0.705735E+01
 -0.722678E+01
 -0.739688E+01
 -0.756803E+01
 -0.774007E+01
 -0.790886E+01
 -0.807428E+01
 -0.823275E+01
 -0.838470E+01
 -0.852705E+01
 -0.866098E+01
 -0.878761E+01
 -0.890911E+01
 -0.902456E+01
 -0.913714E+01
 -0.924667E+01
 -0.935644E+01
 -0.946563E+01
 -0.957676E+01
 -0.969151E+01
 -0.981186E+01
 -0.993625E+01
 -0.100670E+02
 -0.102031E+02
 -0.103464E+02
 -0.104941E+02
 -0.106462E+02
 -0.108013E+02
 -0.109588E+02
 -0.111148E+02
 -0.112698E+02
 -0.114211E+02
 -0.115692E+02
 -0.117106E+02
 -0.118448E+02
 -0.119714E+02
 -0.120907E+02
 -0.122007E+02
 -0.123038E+02
 -0.123996E+02
 -0.124909E+02
 -0.125768E+02
 -0.126590E+02
 -0.127385E+02
 -0.128167E+02
 -0.128923E+02
 -0.129675E+02
 -0.130418E+02
 -0.131172E+02
 -0.131920E+02
 -0.132665E+02
 -0.133401E+02
 -0.134121E+02
 -0.134795E+02
 -0.135429E+02
 -0.136006E+02
 -0.136539E+02
 -0.137006E+02
 -0.137408E+02
 -0.137737E+02
 -0.137986E+02
 -0.138124E+02
 -0.138161E+02
 -0.138080E+02
 -0.137897E+02
 -0.137594E+02
 -0.137179E+02
 -0.136659E+02
 -0.136044E+02
 -0.135317E+02
 -0.134503E+02
 -0.133599E+02
 -0.132635E+02
 -0.131611E+02
 -0.130551E+02
 -0.129472E+02
 -0.128398E+02
 -0.127317E+02
 -0.126255E+02
 -0.125201E+02
 -0.124174E+02
 -0.123149E+02
 -0.122127E+02
 -0.121102E+02
 -0.120070E+02
 -0.118996E+02
 -0.117883E+02
 -0.116706E+02
 -0.115475E+02
 -0.114174E+02
 -0.112823E+02
 -0.111441E+02
 -0.110061E+02
 -0.108682E+02
 -0.107338E+02
 -0.106027E+02
 -0.104769E+02
 -0.103541E+02
 -0.102347E+02
 -0.101182E+02
 -0.100044E+02
 -0.988986E+01
 -0.977507E+01
 -0.965703E+01
 -0.953596E+01
 -0.940823E+01
 -0.927381E+01
 -0.913259E+01
 -0.898599E+01
 -0.883276E+01
 -0.867639E+01
 -0.851744E+01
 -0.836002E+01
 -0.820367E+01
 -0.805052E+01
 -0.790136E+01
 -0.775706E+01
 -0.761456E+01
 -0.747462E+01
 -0.733437E+01
 -0.719467E+01
 -0.705241E+01
 -0.690820E+01
 -0.676193E+01
 -0.661424E+01
 -0.646233E+01
 -0.630824E+01
 -0.615066E+01
 -0.599213E+01
 -0.583057E+01
 -0.566699E+01
 -0.550235E+01
 -0.533785E+01
 -0.517160E+01
 -0.500657E+01
 -0.484208E+01
 -0.468147E+01
 -0.452351E+01
 -0.437084E+01
 -0.422502E+01
 -0.408796E+01
 -0.395713E+01
 -0.383443E+01
 -0.371715E+01
 -0.360577E+01
 -0.349501E+01
 -0.338293E+01
 -0.326685E+01
 -0.314545E+01
 -0.301453E+01
 -0.287605E+01
 -0.272867E+01
 -0.257585E+01
 -0.241628E+01
 -0.225278E+01
 -0.208723E+01
 -0.192217E+01
 -0.175608E+01
 -0.159263E+01
 -0.143123E+01
 -0.127538E+01
 -0.112300E+01
 -0.976036E+00
 -0.835842E+00
 -0.704350E+00
 -0.579277E+00
 -0.463402E+00
 -0.354588E+00
 -0.254768E+00
 -0.160408E+00
 -0.725021E-01
  0.879288E-02
  0.824242E-01
  0.151783E+00
  0.215065E+00
  0.275242E+00
  0.331184E+00
  0.387280E+00
  0.443180E+00
  0.499020E+00
  0.553772E+00
  0.610569E+00
  0.666752E+00
  0.724159E+00
  0.780037E+00
  0.837029E+00
  0.893147E+00
  0.947216E+00
  0.996891E+00
  0.104421E+01
  0.108553E+01
  0.112174E+01
  0.114935E+01
  0.117094E+01
  0.118506E+01
  0.119028E+01
  0.118497E+01
  0.117166E+01
  0.114734E+01
  0.111389E+01
  0.106907E+01
  0.101674E+01
  0.956837E+00
  0.890766E+00
  0.819225E+00
  0.747494E+00
  0.674843E+00
  0.604610E+00
  0.534950E+00
  0.468838E+00
  0.404018E+00
  0.338535E+00
  0.269192E+00
  0.196987E+00
  0.117367E+00
  0.307388E-01
 -0.662117E-01
 -0.170326E+00
 -0.282032E+00
 -0.400120E+00
 -0.523975E+00
 -0.648495E+00
 -0.774185E+00
 -0.897369E+00
 -0.101931E+01
 -0.113639E+01
 -0.124968E+01
 -0.136007E+01
 -0.146904E+01
 -0.157373E+01
 -0.167616E+01
 -0.177396E+01
 -0.186932E+01
 -0.195961E+01
 -0.204691E+01
 -0.213257E+01
 -0.221897E+01
 -0.230414E+01
 -0.239121E+01
 -0.247892E+01
 -0.257034E+01
 -0.266359E+01
 -0.276115E+01
 -0.286458E+01
 -0.297577E+01
 -0.309203E+01
 -0.321524E+01
 -0.334286E+01
 -0.347653E+01
 -0.361313E+01
 -0.375386E+01
 -0.389881E+01
 -0.404858E+01
 -0.419918E+01
 -0.435111E+01
 -0.450087E+01
 -0.464922E+01
 -0.479268E+01
 -0.493219E+01
 -0.506929E+01
 -0.520612E+01
 -0.534163E+01
 -0.547969E+01
 -0.562034E+01
 -0.576729E+01
 -0.591920E+01
 -0.607798E+01
 -0.624408E+01
 -0.641818E+01
 -0.659691E+01
 -0.678128E+01
 -0.696835E+01
 -0.715849E+01
 -0.734723E+01
 -0.753359E+01
 -0.771619E+01
 -0.789492E+01
 -0.806649E+01
 -0.823204E+01
 -0.838911E+01
 -0.853882E+01
 -0.867824E+01
 -0.880841E+01
 -0.893009E+01
 -0.904538E+01
 -0.915337E+01
 -0.925744E+01
 -0.935755E+01
 -0.945712E+01
 -0.955535E+01
 -0.965440E+01
 -0.975540E+01
 -0.985952E+01
 -0.996428E+01
 -0.100711E+02
 -0.101780E+02
 -0.102864E+02
 -0.103938E+02
 -0.105011E+02
 -0.106085E+02
 -0.107174E+02
 -0.108256E+02
 -0.109348E+02
 -0.110426E+02
 -0.111496E+02
 -0.112519E+02
 -0.113482E+02
 -0.114371E+02
 -0.115180E+02
 -0.115879E+02
 -0.116484E+02
 -0.116985E+02
 -0.117404E+02
 -0.117728E+02
 -0.117970E+02
 -0.118138E+02
 -0.118249E+02
 -0.118292E+02
 -0.118300E+02
 -0.118271E+02
 -0.118234E+02
 -0.118179E+02
 -0.118118E+02
 -0.118063E+02
 -0.118021E+02
 -0.117970E+02
 -0.117923E+02
 -0.117865E+02
 -0.117811E+02
 -0.117743E+02
 -0.117667E+02
 -0.117582E+02
 -0.117487E+02
 -0.117347E+02
 -0.117161E+02
 -0.116894E+02
 -0.116551E+02
 -0.116108E+02
 -0.115576E+02
 -0.114966E+02
 -0.114295E+02
 -0.113547E+02
 -0.112742E+02
 -0.111868E+02
 -0.110947E+02
 -0.109959E+02
 -0.108918E+02
 -0.107830E+02
 -0.106705E+02
 -0.105525E+02
 -0.104315E+02
 -0.103070E+02
 -0.101822E+02
 -0.100565E+02
 -0.993282E+01
 -0.981327E+01
 -0.970044E+01
 -0.959330E+01
 -0.949442E+01
 -0.940267E+01
 -0.932011E+01
 -0.924450E+01
 -0.917681E+01
 -0.911701E+01
 -0.906557E+01
 -0.901933E+01
 -0.897928E+01
 -0.894296E+01
 -0.891132E+01
 -0.888133E+01
 -0.885381E+01
 -0.882926E+01
 -0.880883E+01
 -0.879018E+01
 -0.877496E+01
 -0.876101E+01
 -0.874947E+01
 -0.873720E+01
 -0.872475E+01
 -0.871227E+01
 -0.870126E+01
 -0.869049E+01
 -0.868362E+01
 -0.868111E+01
 -0.868671E+01
 -0.869946E+01
 -0.872089E+01
 -0.875193E+01
 -0.879312E+01
 -0.884124E+01
 -0.889667E+01
 -0.895578E+01
 -0.901824E+01
 -0.907961E+01
 -0.913920E+01
 -0.919599E+01
 -0.925034E+01
 -0.929969E+01
 -0.934597E+01
 -0.938799E+01
 -0.942803E+01
 -0.946416E+01
 -0.949754E+01
 -0.952859E+01
 -0.955864E+01
 -0.958587E+01
 -0.961260E+01
 -0.963759E+01
 -0.966287E+01
 -0.968636E+01
 -0.970952E+01
 -0.973352E+01
 -0.976084E+01
 -0.979072E+01
 -0.982623E+01
 -0.986628E+01
 -0.991251E+01
 -0.996195E+01
 -0.100147E+02
 -0.100707E+02
 -0.101308E+02
 -0.101934E+02
 -0.102611E+02
 -0.103331E+02
 -0.104115E+02
 -0.104936E+02
 -0.105794E+02
 -0.106677E+02
 -0.107578E+02
 -0.108458E+02
 -0.109318E+02
 -0.110134E+02
 -0.110916E+02
 -0.111646E+02
 -0.112343E+02
 -0.113023E+02
 -0.113714E+02
 -0.114414E+02
 -0.115159E+02
 -0.115949E+02
 -0.116810E+02
 -0.117729E+02
 -0.118715E+02
 -0.119770E+02
 -0.120899E+02
 -0.122077E+02
 -0.123314E+02
 -0.124588E+02
 -0.125905E+02
 -0.127236E+02
 -0.128580E+02
 -0.129936E+02
 -0.131308E+02
 -0.132673E+02
 -0.134048E+02
 -0.135421E+02
 -0.136815E+02
 -0.138213E+02
 -0.139630E+02
 -0.141066E+02
 -0.142527E+02
 -0.143990E+02
 -0.145463E+02
 -0.146929E+02
 -0.148395E+02
 -0.149837E+02
 -0.151260E+02
 -0.152664E+02
 -0.154059E+02
 -0.155433E+02
 -0.156814E+02
 -0.158203E+02
 -0.159634E+02
 -0.161105E+02
 -0.162635E+02
 -0.164225E+02
 -0.165870E+02
 -0.167530E+02
 -0.169196E+02
 -0.170828E+02
 -0.172420E+02
 -0.173938E+02
 -0.175382E+02
 -0.176752E+02
 -0.178063E+02
 -0.179312E+02
 -0.180531E+02
 -0.181727E+02
 -0.182933E+02
 -0.184149E+02
 -0.185401E+02
 -0.186707E+02
 -0.188087E+02
 -0.189535E+02
 -0.191066E+02
 -0.192668E+02
 -0.194344E+02
 -0.196071E+02
 -0.197848E+02
 -0.199667E+02
 -0.201529E+02
 -0.203416E+02
 -0.205339E+02
 -0.207284E+02
 -0.209260E+02
 -0.211249E+02
 -0.213250E+02
 -0.215256E+02
 -0.217261E+02
 -0.219244E+02
 -0.221205E+02
 -0.223127E+02
 -0.225015E+02
 -0.226852E+02
 -0.228641E+02
 -0.230383E+02
 -0.232079E+02
 -0.233717E+02
 -0.235307E+02
 -0.236844E+02
 -0.238340E+02
 -0.239790E+02
 -0.241205E+02
 -0.242595E+02
 -0.243974E+02
 -0.245339E+02
 -0.246703E+02
 -0.248059E+02
 -0.249410E+02
 -0.250743E+02
 -0.252056E+02
 -0.253352E+02
 -0.254635E+02
 -0.255896E+02
 -0.257139E+02
 -0.258349E+02
 -0.259522E+02
 -0.260640E+02
 -0.261700E+02
 -0.262696E+02
 -0.263632E+02
 -0.264506E+02
 -0.265332E+02
 -0.266117E+02
 -0.266882E+02
 -0.267631E+02
 -0.268380E+02
 -0.269135E+02
 -0.269901E+02
 -0.270668E+02
 -0.271437E+02
 -0.272198E+02
 -0.272957E+02
 -0.273706E+02
 -0.274450E+02
 -0.275191E+02
 -0.275934E+02
 -0.276674E+02
 -0.277417E+02
 -0.278158E+02
 -0.278905E+02
 -0.279648E+02
 -0.280387E+02
 -0.281121E+02
 -0.281850E+02
 -0.282561E+02
 -0.283256E+02
 -0.283926E+02
 -0.284576E+02
 -0.285200E+02
 -0.285805E+02
 -0.286390E+02
 -0.286957E+02
 -0.287489E+02
 -0.287985E+02
 -0.288432E+02
 -0.288837E+02
 -0.289197E+02
 -0.289526E+02
 -0.289833E+02
 -0.290128E+02
 -0.290409E+02
 -0.290683E+02
 -0.290940E+02
 -0.291178E+02
 -0.291376E+02
 -0.291525E+02
 -0.291617E+02
 -0.291652E+02
 -0.291630E+02
 -0.291565E+02
 -0.291464E+02
 -0.291341E+02
 -0.291197E+02
 -0.291041E+02
 -0.290874E+02
 -0.290699E+02
 -0.290506E+02
 -0.290300E+02
 -0.290075E+02
 -0.289841E+02
 -0.289599E+02
 -0.289361E+02
 -0.289138E+02
 -0.288947E+02
 -0.288795E+02
 -0.288698E+02
 -0.288660E+02
 -0.288690E+02
 -0.288782E+02
 -0.288937E+02
 -0.289150E+02
 -0.289419E+02
 -0.289730E+02
 -0.290081E+02
 -0.290460E+02
 -0.290866E+02
 -0.291288E+02
 -0.291723E+02
 -0.292161E+02
 -0.292598E+02
 -0.293018E+02
 -0.293420E+02
 -0.293796E+02
 -0.294149E+02
 -0.294472E+02
 -0.294764E+02
 -0.295019E+02
 -0.295233E+02
 -0.295390E+02
 -0.295483E+02
 -0.295498E+02
 -0.295437E+02
 -0.295292E+02
 -0.295074E+02
 -0.294795E+02
 -0.294473E+02
 -0.294113E+02
 -0.293730E+02
 -0.293324E+02
 -0.292899E+02
 -0.292445E+02
 -0.291958E+02
 -0.291431E+02
 -0.290858E+02
 -0.290225E+02
 -0.289536E+02
 -0.288787E+02
 -0.287986E+02
 -0.287131E+02
 -0.286232E+02
 -0.285298E+02
 -0.284343E+02
 -0.283376E+02
 -0.282422E+02
 -0.281493E+02
 -0.280612E+02
 -0.279783E+02
 -0.279011E+02
 -0.278297E+02
 -0.277639E+02
 -0.277022E+02
 -0.276447E+02
 -0.275903E+02
 -0.275392E+02
 -0.274904E+02
 -0.274437E+02
 -0.273985E+02
 -0.273542E+02
 -0.273092E+02
 -0.272638E+02
 -0.272177E+02
 -0.271720E+02
 -0.271266E+02
 -0.270823E+02
 -0.270394E+02
 -0.269980E+02
 -0.269562E+02
 -0.269135E+02
 -0.268676E+02
 -0.268172E+02
 -0.267596E+02
 -0.266937E+02
 -0.266185E+02
 -0.265341E+02
 -0.264399E+02
 -0.263377E+02
 -0.262283E+02
 -0.261134E+02
 -0.259929E+02
 -0.258674E+02
 -0.257371E+02
 -0.256021E+02
 -0.254615E+02
 -0.253160E+02
 -0.251651E+02
 -0.250098E+02
 -0.248491E+02
 -0.246841E+02
 -0.245153E+02
 -0.243437E+02
 -0.241690E+02
 -0.239924E+02
 -0.238136E+02
 -0.236339E+02
 -0.234527E+02
 -0.232707E+02
 -0.230887E+02
 -0.229072E+02
 -0.227250E+02
 -0.225429E+02
 -0.223599E+02
 -0.221774E+02
 -0.219948E+02
 -0.218133E+02
 -0.216335E+02
 -0.214564E+02
 -0.212807E+02
 -0.211072E+02
 -0.209349E+02
 -0.207647E+02
 -0.205952E+02
 -0.204268E+02
 -0.202597E+02
 -0.200945E+02
 -0.199305E+02
 -0.197691E+02
 -0.196102E+02
 -0.194549E+02
 -0.193020E+02
 -0.191518E+02
 -0.190041E+02
 -0.188587E+02
 -0.187134E+02
 -0.185684E+02
 -0.184219E+02
 -0.182746E+02
 -0.181245E+02
 -0.179723E+02
 -0.178184E+02
 -0.176636E+02
 -0.175067E+02
 -0.173495E+02
 -0.171917E+02
 -0.170350E+02
 -0.168784E+02
 -0.167226E+02
 -0.165681E+02
 -0.164158E+02
 -0.162642E+02
 -0.161150E+02
 -0.159674E+02
 -0.158230E+02
 -0.156805E+02
 -0.155409E+02
 -0.154045E+02
 -0.152717E+02
 -0.151397E+02
 -0.150091E+02
 -0.148777E+02
 -0.147465E+02
 -0.146138E+02
 -0.144808E+02
 -0.143482E+02
 -0.142177E+02
 -0.140880E+02
 -0.139616E+02
 -0.138384E+02
 -0.137209E+02
 -0.136081E+02
 -0.135014E+02
 -0.134013E+02
 -0.133087E+02
 -0.132214E+02
 -0.131409E+02
 -0.130662E+02
 -0.129989E+02
 -0.129375E+02
 -0.128826E+02
 -0.128345E+02
 -0.127933E+02
 -0.127561E+02
 -0.127235E+02
 -0.126928E+02
 -0.126646E+02
 -0.126360E+02
 -0.126070E+02
 -0.125776E+02
 -0.125482E+02
 -0.125167E+02
 -0.124844E+02
 -0.124496E+02
 -0.124137E+02
 -0.123742E+02
 -0.123315E+02
 -0.122852E+02
 -0.122360E+02
 -0.121814E+02
 -0.121231E+02
 -0.120599E+02
 -0.119935E+02
 -0.119224E+02
 -0.118478E+02
 -0.117703E+02
 -0.116906E+02
 -0.116067E+02
 -0.115199E+02
 -0.114288E+02
 -0.113350E+02
 -0.112364E+02
 -0.111340E+02
 -0.110281E+02
 -0.109205E+02
 -0.108097E+02
 -0.106986E+02
 -0.105870E+02
 -0.104777E+02
 -0.103697E+02
 -0.102645E+02
 -0.101631E+02
 -0.100664E+02
 -0.997219E+01
 -0.988201E+01
 -0.979423E+01
 -0.971095E+01
 -0.963045E+01
 -0.955453E+01
 -0.948429E+01
 -0.942139E+01
 -0.936393E+01
 -0.931386E+01
 -0.926946E+01
 -0.923201E+01
 -0.919821E+01
 -0.916765E+01
 -0.913984E+01
 -0.911470E+01
 -0.908939E+01
 -0.906561E+01
 -0.904184E+01
 -0.902026E+01
 -0.899903E+01
 -0.897974E+01
 -0.896325E+01
 -0.895113E+01
 -0.894143E+01
 -0.893621E+01
 -0.893370E+01
 -0.893525E+01
 -0.893760E+01
 -0.894057E+01
 -0.894317E+01
 -0.894523E+01
 -0.894349E+01
 -0.893926E+01
 -0.893067E+01
 -0.891966E+01
 -0.890421E+01
 -0.888594E+01
 -0.886580E+01
 -0.884569E+01
 -0.882414E+01
 -0.880389E+01
 -0.878394E+01
 -0.876658E+01
 -0.874951E+01
 -0.873353E+01
 -0.871887E+01
 -0.870620E+01
 -0.869275E+01
 -0.867997E+01
 -0.866559E+01
 -0.865088E+01
 -0.863293E+01
 -0.861258E+01
 -0.859032E+01
 -0.856787E+01
 -0.854378E+01
 -0.852103E+01
 -0.849889E+01
 -0.847998E+01
 -0.846250E+01
 -0.844801E+01
 -0.843735E+01
 -0.843214E+01
 -0.843055E+01
 -0.843503E+01
 -0.844417E+01
 -0.845973E+01
 -0.847869E+01
 -0.850111E+01
 -0.852607E+01
 -0.855362E+01
 -0.858066E+01
 -0.860876E+01
 -0.863636E+01
 -0.866571E+01
 -0.869477E+01
 -0.872453E+01
 -0.875555E+01
 -0.878837E+01
 -0.882033E+01
 -0.885318E+01
 -0.888535E+01
 -0.891895E+01
 -0.895175E+01
 -0.898485E+01
 -0.901836E+01
 -0.905318E+01
 -0.908700E+01
 -0.912190E+01
 -0.915674E+01
 -0.919397E+01
 -0.923184E+01
 -0.927198E+01
 -0.931519E+01
 -0.936286E+01
 -0.941282E+01
 -0.946680E+01
 -0.952273E+01
 -0.958169E+01
 -0.964039E+01
 -0.969890E+01
 -0.975661E+01
 -0.981398E+01
 -0.986836E+01
 -0.992134E+01
 -0.997117E+01
 -0.100195E+02
 -0.100636E+02
 -0.101039E+02
 -0.101404E+02
 -0.101740E+02
 -0.102024E+02
 -0.102278E+02
 -0.102489E+02
 -0.102677E+02
 -0.102821E+02
 -0.102927E+02
 -0.102999E+02
 -0.103045E+02
 -0.103048E+02
 -0.103030E+02
 -0.102985E+02
 -0.102938E+02
 -0.102870E+02
 -0.102792E+02
 -0.102701E+02
 -0.102599E+02
 -0.102451E+02
 -0.102265E+02
 -0.102021E+02
 -0.101736E+02
 -0.101392E+02
 -0.101007E+02
 -0.100596E+02
 -0.100184E+02
 -0.997612E+01
 -0.993624E+01
 -0.989866E+01
 -0.986646E+01
 -0.983825E+01
 -0.981539E+01
 -0.979880E+01
 -0.978953E+01
 -0.978543E+01
 -0.978838E+01
 -0.979656E+01
 -0.981137E+01
 -0.982997E+01
 -0.985299E+01
 -0.988046E+01
 -0.991344E+01
 -0.994975E+01
 -0.999143E+01
 -0.100371E+02
 -0.100886E+02
 -0.101437E+02
 -0.102032E+02
 -0.102670E+02
 -0.103356E+02
 -0.104065E+02
 -0.104813E+02
 -0.105585E+02
 -0.106405E+02
 -0.107255E+02
 -0.108153E+02
 -0.109105E+02
 -0.110127E+02
 -0.111200E+02
 -0.112346E+02
 -0.113551E+02
 -0.114831E+02
 -0.116157E+02
 -0.117530E+02
 -0.118938E+02
 -0.120378E+02
 -0.121814E+02
 -0.123255E+02
 -0.124679E+02
 -0.126095E+02
 -0.127476E+02
 -0.128823E+02
 -0.130130E+02
 -0.131399E+02
 -0.132601E+02
 -0.133747E+02
 -0.134823E+02
 -0.135848E+02
 -0.136816E+02
 -0.137754E+02
 -0.138678E+02
 -0.139612E+02
 -0.140544E+02
 -0.141491E+02
 -0.142441E+02
 -0.143409E+02
 -0.144371E+02
 -0.145332E+02
 -0.146287E+02
 -0.147243E+02
 -0.148177E+02
 -0.149105E+02
 -0.150015E+02
 -0.150925E+02
 -0.151821E+02
 -0.152713E+02
 -0.153609E+02
 -0.154517E+02
 -0.155415E+02
 -0.156315E+02
 -0.157199E+02
 -0.158075E+02
 -0.158919E+02
 -0.159737E+02
 -0.160523E+02
 -0.161282E+02
 -0.161993E+02
 -0.162669E+02
 -0.163299E+02
 -0.163897E+02
 -0.164449E+02
 -0.164965E+02
 -0.165449E+02
 -0.165915E+02
 -0.166353E+02
 -0.166787E+02
 -0.167210E+02
 -0.167643E+02
 -0.168069E+02
 -0.168493E+02
 -0.168911E+02
 -0.169326E+02
 -0.169718E+02
 -0.170101E+02
 -0.170468E+02
 -0.170842E+02
 -0.171215E+02
 -0.171603E+02
 -0.172012E+02
 -0.172450E+02
 -0.172899E+02
 -0.173372E+02
 -0.173858E+02
 -0.174369E+02
 -0.174889E+02
 -0.175423E+02
 -0.175969E+02
 -0.176530E+02
 -0.177083E+02
 -0.177635E+02
 -0.178165E+02
 -0.178678E+02
 -0.179150E+02
 -0.179583E+02
 -0.179979E+02
 -0.180345E+02
 -0.180670E+02
 -0.180973E+02
 -0.181247E+02
 -0.181508E+02
 -0.181741E+02
 -0.181952E+02
 -0.182135E+02
 -0.182290E+02
 -0.182393E+02
 -0.182449E+02
 -0.182442E+02
 -0.182379E+02
 -0.182241E+02
 -0.182031E+02
 -0.181757E+02
 -0.181429E+02
 -0.181042E+02
 -0.180621E+02
 -0.180167E+02
 -0.179701E+02
 -0.179216E+02
 -0.178729E+02
 -0.178249E+02
 -0.177790E+02
 -0.177343E+02
 -0.176932E+02
 -0.176554E+02
 -0.176234E+02
 -0.175967E+02
 -0.175773E+02
 -0.175662E+02
 -0.175651E+02
 -0.175729E+02
 -0.175913E+02
 -0.176193E+02
 -0.176584E+02
 -0.177071E+02
 -0.177664E+02
 -0.178364E+02
 -0.179180E+02
 -0.180091E+02
 -0.181104E+02
 -0.182197E+02
 -0.183373E+02
 -0.184599E+02
 -0.185871E+02
 -0.187178E+02
 -0.188522E+02
 -0.189881E+02
 -0.191269E+02
 -0.192672E+02
 -0.194101E+02
 -0.195539E+02
 -0.196995E+02
 -0.198472E+02
 -0.199986E+02
 -0.201531E+02
 -0.203126E+02
 -0.204766E+02
 -0.206463E+02
 -0.208201E+02
 -0.209980E+02
 -0.211793E+02
 -0.213638E+02
 -0.215496E+02
 -0.217373E+02
 -0.219256E+02
 -0.221154E+02
 -0.223051E+02
 -0.224953E+02
 -0.226862E+02
 -0.228791E+02
 -0.230738E+02
 -0.232719E+02
 -0.234733E+02
 -0.236791E+02
 -0.238883E+02
 -0.241012E+02
 -0.243174E+02
 -0.245368E+02
 -0.247577E+02
 -0.249808E+02
 -0.252051E+02
 -0.254313E+02
 -0.256587E+02
 -0.258882E+02
 -0.261205E+02
 -0.263568E+02
 -0.265972E+02
 -0.268434E+02
 -0.270952E+02
 -0.273539E+02
 -0.276187E+02
 -0.278905E+02
 -0.281693E+02
 -0.284559E+02
 -0.287492E+02
 -0.290499E+02
 -0.293568E+02
 -0.296700E+02
 -0.299880E+02
 -0.303104E+02
 -0.306364E+02
 -0.309659E+02
 -0.312982E+02
 -0.316343E+02
 -0.319743E+02
 -0.323192E+02
 -0.326688E+02
 -0.330231E+02
 -0.333812E+02
 -0.337421E+02
 -0.341038E+02
 -0.344654E+02
 -0.348253E+02
 -0.351832E+02
 -0.355385E+02
 -0.358917E+02
 -0.362429E+02
 -0.365924E+02
 -0.369402E+02
 -0.372864E+02
 -0.376302E+02
 -0.379714E+02
 -0.383097E+02
 -0.386448E+02
 -0.389763E+02
 -0.393041E+02
 -0.396283E+02
 -0.399484E+02
 -0.402641E+02
 -0.405746E+02
 -0.408793E+02
 -0.411778E+02
 -0.414693E+02
 -0.417537E+02
 -0.420311E+02
 -0.423013E+02
 -0.425646E+02
 -0.428209E+02
 -0.430712E+02
 -0.433160E+02
 -0.435553E+02
 -0.437894E+02
 -0.440191E+02
 -0.442441E+02
 -0.444651E+02
 -0.446823E+02
 -0.448965E+02
 -0.451082E+02
 -0.453171E+02
 -0.455234E+02
 -0.457280E+02
 -0.459305E+02
 -0.461313E+02
 -0.463297E+02
 -0.465263E+02
 -0.467205E+02
 -0.469115E+02
 -0.470988E+02
 -0.472826E+02
 -0.474621E+02
 -0.476373E+02
 -0.478076E+02
 -0.479736E+02
 -0.481349E+02
 -0.482911E+02
 -0.484417E+02
 -0.485876E+02
 -0.487285E+02
 -0.488650E+02
 -0.489971E+02
 -0.491261E+02
 -0.492518E+02
 -0.493738E+02
 -0.494919E+02
 -0.496069E+02
 -0.497179E+02
 -0.498253E+02
 -0.499281E+02
 -0.500272E+02
 -0.501223E+02
 -0.502131E+02
 -0.502994E+02
 -0.503822E+02
 -0.504607E+02
 -0.505349E+02
 -0.506038E+02
 -0.506679E+02
 -0.507265E+02
 -0.507793E+02
 -0.508259E+02
 -0.508678E+02
 -0.509043E+02
 -0.509365E+02
 -0.509638E+02
 -0.509872E+02
 -0.510066E+02
 -0.510215E+02
 -0.510314E+02
 -0.510371E+02
 -0.510374E+02
 -0.510323E+02
 -0.510204E+02
 -0.510025E+02
 -0.509778E+02
 -0.509452E+02
 -0.509042E+02
 -0.508557E+02
 -0.507987E+02
 -0.507338E+02
 -0.506605E+02
 -0.505801E+02
 -0.504927E+02
 -0.503983E+02
 -0.502965E+02
 -0.501887E+02
 -0.500743E+02
 -0.499543E+02
 -0.498287E+02
 -0.496993E+02
 -0.495666E+02
 -0.494309E+02
 -0.492929E+02
 -0.491541E+02
 -0.490147E+02
 -0.488759E+02
 -0.487375E+02
 -0.486007E+02
 -0.484651E+02
 -0.483307E+02
 -0.481969E+02
 -0.480645E+02
 -0.479328E+02
 -0.478018E+02
 -0.476707E+02
 -0.475401E+02
 -0.474097E+02
 -0.472796E+02
 -0.471499E+02
 -0.470220E+02
 -0.468955E+02
 -0.467714E+02
 -0.466492E+02
 -0.465296E+02
 -0.464127E+02
 -0.462982E+02
 -0.461861E+02
 -0.460774E+02
 -0.459721E+02
 -0.458716E+02
 -0.457764E+02
 -0.456884E+02
 -0.456082E+02
 -0.455363E+02
 -0.454727E+02
 -0.454178E+02
 -0.453708E+02
 -0.453315E+02
 -0.452987E+02
 -0.452721E+02
 -0.452506E+02
 -0.452329E+02
 -0.452177E+02
 -0.452045E+02
 -0.451922E+02
 -0.451803E+02
 -0.451680E+02
 -0.451558E+02
 -0.451433E+02
 -0.451299E+02
 -0.451151E+02
 -0.450988E+02
 -0.450799E+02
 -0.450577E+02
 -0.450309E+02
 -0.449991E+02
 -0.449611E+02
 -0.449157E+02
 -0.448618E+02
 -0.447996E+02
 -0.447283E+02
 -0.446487E+02
 -0.445608E+02
 -0.444663E+02
 -0.443660E+02
 -0.442605E+02
 -0.441506E+02
 -0.440373E+02
 -0.439210E+02
 -0.438021E+02
 -0.436807E+02
 -0.435574E+02
 -0.434321E+02
 -0.433046E+02
 -0.431748E+02
 -0.430434E+02
 -0.429104E+02
 -0.427763E+02
 -0.426414E+02
 -0.425066E+02
 -0.423725E+02
 -0.422397E+02
 -0.421090E+02
 -0.419815E+02
 -0.418571E+02
 -0.417360E+02
 -0.416178E+02
 -0.415026E+02
 -0.413902E+02
 -0.412805E+02
 -0.411731E+02
 -0.410684E+02
 -0.409655E+02
 -0.408644E+02
 -0.407645E+02
 -0.406660E+02
 -0.405691E+02
 -0.404741E+02
 -0.403816E+02
 -0.402924E+02
 -0.402069E+02
 -0.401256E+02
 -0.400485E+02
 -0.399757E+02
 -0.399066E+02
 -0.398404E+02
 -0.397760E+02
 -0.397129E+02
 -0.396502E+02
 -0.395871E+02
 -0.395228E+02
 -0.394573E+02
 -0.393904E+02
 -0.393221E+02
 -0.392528E+02
 -0.391835E+02
 -0.391145E+02
 -0.390466E+02
 -0.389799E+02
 -0.389146E+02
 -0.388504E+02
 -0.387872E+02
 -0.387246E+02
 -0.386626E+02
 -0.386008E+02
 -0.385394E+02
 -0.384781E+02
 -0.384173E+02
 -0.383573E+02
 -0.382982E+02
 -0.382406E+02
 -0.381851E+02
 -0.381322E+02
 -0.380822E+02
 -0.380353E+02
 -0.379913E+02
 -0.379501E+02
 -0.379113E+02
 -0.378747E+02
 -0.378399E+02
 -0.378068E+02
 -0.377749E+02
 -0.377438E+02
 -0.377134E+02
 -0.376832E+02
 -0.376531E+02
 -0.376229E+02
 -0.375928E+02
 -0.375628E+02
 -0.375333E+02
 -0.375047E+02
 -0.374776E+02
 -0.374528E+02
 -0.374310E+02
 -0.374127E+02
 -0.373985E+02
 -0.373883E+02
 -0.373817E+02
 -0.373780E+02
 -0.373759E+02
 -0.373742E+02
 -0.373713E+02
 -0.373661E+02
 -0.373574E+02
 -0.373444E+02
 -0.373269E+02
 -0.373053E+02
 -0.372803E+02
 -0.372529E+02
 -0.372237E+02
 -0.371936E+02
 -0.371626E+02
 -0.371308E+02
 -0.370978E+02
 -0.370631E+02
 -0.370259E+02
 -0.369856E+02
 -0.369413E+02
 -0.368925E+02
 -0.368386E+02
 -0.367795E+02
 -0.367150E+02
 -0.366456E+02
 -0.365716E+02
 -0.364936E+02
 -0.364117E+02
 -0.363264E+02
 -0.362377E+02
 -0.361458E+02
 -0.360508E+02
 -0.359532E+02
 -0.358533E+02
 -0.357515E+02
 -0.356482E+02
 -0.355438E+02
 -0.354384E+02
 -0.353326E+02
 -0.352267E+02
 -0.351215E+02
 -0.350174E+02
 -0.349154E+02
 -0.348158E+02
 -0.347194E+02
 -0.346259E+02
 -0.345350E+02
 -0.344459E+02
 -0.343582E+02
 -0.342710E+02
 -0.341839E+02
 -0.340966E+02
 -0.340091E+02
 -0.339208E+02
 -0.338316E+02
 -0.337407E+02
 -0.336480E+02
 -0.335530E+02
 -0.334557E+02
 -0.333566E+02
 -0.332568E+02
 -0.331568E+02
 -0.330579E+02
 -0.329605E+02
 -0.328655E+02
 -0.327728E+02
 -0.326825E+02
 -0.325947E+02
 -0.325095E+02
 -0.324266E+02
 -0.323467E+02
 -0.322695E+02
 -0.321956E+02
 -0.321242E+02
 -0.320557E+02
 -0.319897E+02
 -0.319268E+02
 -0.318671E+02
 -0.318114E+02
 -0.317601E+02
 -0.317139E+02
 -0.316727E+02
 -0.316367E+02
 -0.316054E+02
 -0.315786E+02
 -0.315546E+02
 -0.315329E+02
 -0.315119E+02
 -0.314911E+02
 -0.314695E+02
 -0.314473E+02
 -0.314246E+02
 -0.314021E+02
 -0.313801E+02
 -0.313596E+02
 -0.313407E+02
 -0.313244E+02
 -0.313100E+02
 -0.312978E+02
 -0.312872E+02
 -0.312783E+02
 -0.312701E+02
 -0.312630E+02
 -0.312564E+02
 -0.312507E+02
 -0.312450E+02
 -0.312394E+02
 -0.312338E+02
 -0.312283E+02
 -0.312224E+02
 -0.312165E+02
 -0.312104E+02
 -0.312048E+02
 -0.311997E+02
 -0.311955E+02
 -0.311927E+02
 -0.311916E+02
 -0.311915E+02
 -0.311929E+02
 -0.311951E+02
 -0.311982E+02
 -0.312013E+02
 -0.312042E+02
 -0.312065E+02
 -0.312079E+02
 -0.312077E+02
 -0.312062E+02
 -0.312028E+02
 -0.311980E+02
 -0.311911E+02
 -0.311824E+02
 -0.311722E+02
 -0.311609E+02
 -0.311483E+02
 -0.311351E+02
 -0.311210E+02
 -0.311065E+02
 -0.310908E+02
 -0.310742E+02
 -0.310563E+02
 -0.310371E+02
 -0.310158E+02
 -0.309926E+02
 -0.309669E+02
 -0.309388E+02
 -0.309076E+02
 -0.308731E+02
 -0.308354E+02
 -0.307948E+02
 -0.307509E+02
 -0.307045E+02
 -0.306552E+02
 -0.306037E+02
 -0.305494E+02
 -0.304928E+02
 -0.304336E+02
 -0.303720E+02
 -0.303071E+02
 -0.302394E+02
 -0.301686E+02
 -0.300954E+02
 -0.300197E+02
 -0.299421E+02
 -0.298629E+02
 -0.297824E+02
 -0.297002E+02
 -0.296165E+02
 -0.295308E+02
 -0.294434E+02
 -0.293535E+02
 -0.292614E+02
 -0.291675E+02
 -0.290725E+02
 -0.289763E+02
 -0.288802E+02
 -0.287843E+02
 -0.286899E+02
 -0.285966E+02
 -0.285050E+02
 -0.284152E+02
 -0.283274E+02
 -0.282407E+02
 -0.281553E+02
 -0.280702E+02
 -0.279860E+02
 -0.279014E+02
 -0.278167E+02
 -0.277318E+02
 -0.276470E+02
 -0.275616E+02
 -0.274766E+02
 -0.273916E+02
 -0.273076E+02
 -0.272239E+02
 -0.271410E+02
 -0.270590E+02
 -0.269785E+02
 -0.268986E+02
 -0.268198E+02
 -0.267414E+02
 -0.266640E+02
 -0.265864E+02
 -0.265092E+02
 -0.264326E+02
 -0.263572E+02
 -0.262823E+02
 -0.262088E+02
 -0.261359E+02
 -0.260647E+02
 -0.259946E+02
 -0.259267E+02
 -0.258615E+02
 -0.258002E+02
 -0.257423E+02
 -0.256890E+02
 -0.256395E+02
 -0.255945E+02
 -0.255526E+02
 -0.255139E+02
 -0.254782E+02
 -0.254459E+02
 -0.254160E+02
 -0.253896E+02
 -0.253659E+02
 -0.253455E+02
 -0.253272E+02
 -0.253115E+02
 -0.252983E+02
 -0.252883E+02
 -0.252807E+02
 -0.252766E+02
 -0.252755E+02
 -0.252787E+02
 -0.252853E+02
 -0.252963E+02
 -0.253120E+02
 -0.253334E+02
 -0.253598E+02
 -0.253925E+02
 -0.254308E+02
 -0.254759E+02
 -0.255269E+02
 -0.255840E+02
 -0.256472E+02
 -0.257168E+02
 -0.257917E+02
 -0.258729E+02
 -0.259596E+02
 -0.260528E+02
 -0.261513E+02
 -0.262557E+02
 -0.263652E+02
 -0.264797E+02
 -0.265977E+02
 -0.267192E+02
 -0.268430E+02
 -0.269695E+02
 -0.270976E+02
 -0.272276E+02
 -0.273595E+02
 -0.274936E+02
 -0.276291E+02
 -0.277668E+02
 -0.279062E+02
 -0.280482E+02
 -0.281922E+02
 -0.283386E+02
 -0.284873E+02
 -0.286386E+02
 -0.287911E+02
 -0.289451E+02
 -0.290997E+02
 -0.292553E+02
 -0.294112E+02
 -0.295676E+02
 -0.297243E+02
 -0.298814E+02
 -0.300378E+02
 -0.301937E+02
 -0.303486E+02
 -0.305030E+02
 -0.306565E+02
 -0.308098E+02
 -0.309636E+02
 -0.311185E+02
 -0.312744E+02
 -0.314319E+02
 -0.315906E+02
 -0.317509E+02
 -0.319125E+02
 -0.320759E+02
 -0.322414E+02
 -0.324098E+02
 -0.325810E+02
 -0.327556E+02
 -0.329336E+02
 -0.331154E+02
 -0.333007E+02
 -0.334897E+02
 -0.336824E+02
 -0.338786E+02
 -0.340778E+02
 -0.342803E+02
 -0.344856E+02
 -0.346938E+02
 -0.349046E+02
 -0.351179E+02
 -0.353329E+02
 -0.355494E+02
 -0.357667E+02
 -0.359846E+02
 -0.362031E+02
 -0.364222E+02
 -0.366424E+02
 -0.368644E+02
 -0.370887E+02
 -0.373162E+02
 -0.375471E+02
 -0.377819E+02
 -0.380206E+02
 -0.382631E+02
 -0.385091E+02
 -0.387586E+02
 -0.390106E+02
 -0.392646E+02
 -0.395201E+02
 -0.397767E+02
 -0.400345E+02
 -0.402934E+02
 -0.405537E+02
 -0.408156E+02
 -0.410786E+02
 -0.413423E+02
 -0.416068E+02
 -0.418713E+02
 -0.421354E+02
 -0.423988E+02
 -0.426613E+02
 -0.429228E+02
 -0.431826E+02
 -0.434401E+02
 -0.436954E+02
 -0.439474E+02
 -0.441956E+02
 -0.444388E+02
 -0.446770E+02
 -0.449095E+02
 -0.451360E+02
 -0.453567E+02
 -0.455726E+02
 -0.457844E+02
 -0.459932E+02
 -0.461994E+02
 -0.464041E+02
 -0.466074E+02
 -0.468087E+02
 -0.470074E+02
 -0.472034E+02
 -0.473955E+02
 -0.475832E+02
 -0.477654E+02
 -0.479426E+02
 -0.481147E+02
 -0.482814E+02
 -0.484430E+02
 -0.486004E+02
 -0.487535E+02
 -0.489030E+02
 -0.490484E+02
 -0.491908E+02
 -0.493302E+02
 -0.494664E+02
 -0.495997E+02
 -0.497314E+02
 -0.498610E+02
 -0.499890E+02
 -0.501144E+02
 -0.502380E+02
 -0.503595E+02
 -0.504786E+02
 -0.505953E+02
 -0.507109E+02
 -0.508251E+02
 -0.509387E+02
 -0.510510E+02
 -0.511630E+02
 -0.512744E+02
 -0.513845E+02
 -0.514924E+02
 -0.515988E+02
 -0.517021E+02
 -0.518027E+02
 -0.518991E+02
 -0.519924E+02
 -0.520825E+02
 -0.521689E+02
 -0.522513E+02
 -0.523307E+02
 -0.524063E+02
 -0.524786E+02
 -0.525470E+02
 -0.526130E+02
 -0.526768E+02
 -0.527384E+02
 -0.527978E+02
 -0.528564E+02
 -0.529133E+02
 -0.529691E+02
 -0.530230E+02
 -0.530759E+02
 -0.531273E+02
 -0.531766E+02
 -0.532231E+02
 -0.532676E+02
 -0.533086E+02
 -0.533462E+02
 -0.533790E+02
 -0.534080E+02
 -0.534328E+02
 -0.534533E+02
 -0.534691E+02
 -0.534816E+02
 -0.534897E+02
 -0.534941E+02
 -0.534931E+02
 -0.534877E+02
 -0.534768E+02
 -0.534593E+02
 -0.534340E+02
 -0.534015E+02
 -0.533601E+02
 -0.533102E+02
 -0.532505E+02
 -0.531822E+02
 -0.531051E+02
 -0.530188E+02
 -0.529236E+02
 -0.528212E+02
 -0.527110E+02
 -0.525943E+02
 -0.524706E+02
 -0.523415E+02
 -0.522071E+02
 -0.520676E+02
 -0.519227E+02
 -0.517742E+02
 -0.516214E+02
 -0.514656E+02
 -0.513065E+02
 -0.511460E+02
 -0.509841E+02
 -0.508209E+02
 -0.506562E+02
 -0.504912E+02
 -0.503252E+02
 -0.501587E+02
 -0.499909E+02
 -0.498226E+02
 -0.496536E+02
 -0.494838E+02
 -0.493135E+02
 -0.491441E+02
 -0.489758E+02
 -0.488100E+02
 -0.486470E+02
 -0.484884E+02
 -0.483346E+02
 -0.481856E+02
 -0.480414E+02
 -0.479027E+02
 -0.477686E+02
 -0.476393E+02
 -0.475139E+02
 -0.473933E+02
 -0.472775E+02
 -0.471664E+02
 -0.470602E+02
 -0.469601E+02
 -0.468657E+02
 -0.467779E+02
 -0.466964E+02
 -0.466218E+02
 -0.465540E+02
 -0.464926E+02
 -0.464373E+02
 -0.463886E+02
 -0.463457E+02
 -0.463082E+02
 -0.462752E+02
 -0.462468E+02
 -0.462225E+02
 -0.462016E+02
 -0.461837E+02
 -0.461693E+02
 -0.461577E+02
 -0.461489E+02
 -0.461421E+02
 -0.461372E+02
 -0.461337E+02
 -0.461307E+02
 -0.461279E+02
 -0.461258E+02
 -0.461238E+02
 -0.461223E+02
 -0.461204E+02
 -0.461188E+02
 -0.461170E+02
 -0.461141E+02
 -0.461097E+02
 -0.461039E+02
 -0.460956E+02
 -0.460850E+02
 -0.460711E+02
 -0.460547E+02
 -0.460360E+02
 -0.460150E+02
 -0.459922E+02
 -0.459691E+02
 -0.459456E+02
 -0.459226E+02
 -0.459000E+02
 -0.458787E+02
 -0.458585E+02
 -0.458395E+02
 -0.458215E+02
 -0.458056E+02
 -0.457916E+02
 -0.457803E+02
 -0.457717E+02
 -0.457665E+02
 -0.457649E+02
 -0.457662E+02
 -0.457702E+02
 -0.457772E+02
 -0.457864E+02
 -0.457978E+02
 -0.458100E+02
 -0.458233E+02
 -0.458367E+02
 -0.458493E+02
 -0.458604E+02
 -0.458703E+02
 -0.458780E+02
 -0.458837E+02
 -0.458865E+02
 -0.458869E+02
 -0.458841E+02
 -0.458778E+02
 -0.458676E+02
 -0.458541E+02
 -0.458368E+02
 -0.458157E+02
 -0.457904E+02
 -0.457611E+02
 -0.457277E+02
 -0.456897E+02
 -0.456469E+02
 -0.456003E+02
 -0.455492E+02
 -0.454941E+02
 -0.454342E+02
 -0.453700E+02
 -0.453013E+02
 -0.452277E+02
 -0.451494E+02
 -0.450673E+02
 -0.449814E+02
 -0.448923E+02
 -0.448000E+02
 -0.447056E+02
 -0.446092E+02
 -0.445110E+02
 -0.444108E+02
 -0.443095E+02
 -0.442068E+02
 -0.441035E+02
 -0.439996E+02
 -0.438962E+02
 -0.437934E+02
 -0.436912E+02
 -0.435894E+02
 -0.434884E+02
 -0.433875E+02
 -0.432869E+02
 -0.431862E+02
 -0.430857E+02
 -0.429857E+02
 -0.428862E+02
 -0.427874E+02
 -0.426903E+02
 -0.425950E+02
 -0.425020E+02
 -0.424113E+02
 -0.423236E+02
 -0.422390E+02
 -0.421575E+02
 -0.420793E+02
 -0.420045E+02
 -0.419329E+02
 -0.418643E+02
 -0.417981E+02
 -0.417346E+02
 -0.416738E+02
 -0.416154E+02
 -0.415597E+02
 -0.415069E+02
 -0.414568E+02
 -0.414094E+02
 -0.413644E+02
 -0.413222E+02
 -0.412827E+02
 -0.412458E+02
 -0.412117E+02
 -0.411809E+02
 -0.411533E+02
 -0.411293E+02
 -0.411086E+02
 -0.410913E+02
 -0.410774E+02
 -0.410664E+02
 -0.410581E+02
 -0.410527E+02
 -0.410496E+02
 -0.410490E+02
 -0.410505E+02
 -0.410544E+02
 -0.410610E+02
 -0.410701E+02
 -0.410818E+02
 -0.410962E+02
 -0.411126E+02
 -0.411304E+02
 -0.411480E+02
 -0.411645E+02
 -0.411786E+02
 -0.411891E+02
 -0.411951E+02
 -0.411965E+02
 -0.411927E+02
 -0.411839E+02
 -0.411700E+02
 -0.411513E+02
 -0.411283E+02
 -0.411008E+02
 -0.410690E+02
 -0.410334E+02
 -0.409941E+02
 -0.409514E+02
 -0.409054E+02
 -0.408567E+02
 -0.408057E+02
 -0.407527E+02
 -0.406979E+02
 -0.406418E+02
 -0.405843E+02
 -0.405256E+02
 -0.404655E+02
 -0.404043E+02
 -0.403423E+02
 -0.402795E+02
 -0.402165E+02
 -0.401544E+02
 -0.400938E+02
 -0.400356E+02
 -0.399803E+02
 -0.399285E+02
 -0.398803E+02
 -0.398352E+02
 -0.397931E+02
 -0.397536E+02
 -0.397161E+02
 -0.396803E+02
 -0.396453E+02
 -0.396110E+02
 -0.395771E+02
 -0.395431E+02
 -0.395086E+02
 -0.394738E+02
 -0.394381E+02
 -0.394015E+02
 -0.393636E+02
 -0.393246E+02
 -0.392841E+02
 -0.392419E+02
 -0.391980E+02
 -0.391528E+02
 -0.391067E+02
 -0.390600E+02
 -0.390134E+02
 -0.389677E+02
 -0.389236E+02
 -0.388815E+02
 -0.388424E+02
 -0.388069E+02
 -0.387755E+02
 -0.387487E+02
 -0.387266E+02
 -0.387094E+02
 -0.386972E+02
 -0.386899E+02
 -0.386873E+02
 -0.386893E+02
 -0.386956E+02
 -0.387062E+02
 -0.387209E+02
 -0.387397E+02
 -0.387624E+02
 -0.387888E+02
 -0.388187E+02
 -0.388523E+02
 -0.388895E+02
 -0.389302E+02
 -0.389743E+02
 -0.390217E+02
 -0.390724E+02
 -0.391257E+02
 -0.391816E+02
 -0.392400E+02
 -0.393005E+02
 -0.393628E+02
 -0.394263E+02
 -0.394907E+02
 -0.395554E+02
 -0.396198E+02
 -0.396838E+02
 -0.397473E+02
 -0.398106E+02
 -0.398738E+02
 -0.399371E+02
 -0.400010E+02
 -0.400654E+02
 -0.401299E+02
 -0.401944E+02
 -0.402589E+02
 -0.403231E+02
 -0.403870E+02
 -0.404507E+02
 -0.405143E+02
 -0.405781E+02
 -0.406419E+02
 -0.407060E+02
 -0.407706E+02
 -0.408355E+02
 -0.409008E+02
 -0.409664E+02
 -0.410325E+02
 -0.410994E+02
 -0.411672E+02
 -0.412360E+02
 -0.413064E+02
 -0.413784E+02
 -0.414520E+02
 -0.415270E+02
 -0.416035E+02
 -0.416810E+02
 -0.417591E+02
 -0.418374E+02
 -0.419163E+02
 -0.419960E+02
 -0.420767E+02
 -0.421585E+02
 -0.422418E+02
 -0.423265E+02
 -0.424121E+02
 -0.424985E+02
 -0.425859E+02
 -0.426742E+02
 -0.427637E+02
 -0.428543E+02
 -0.429465E+02
 -0.430402E+02
 -0.431349E+02
 -0.432303E+02
 -0.433264E+02
 -0.434225E+02
 -0.435185E+02
 -0.436136E+02
 -0.437085E+02
 -0.438029E+02
 -0.438969E+02
 -0.439904E+02
 -0.440840E+02
 -0.441772E+02
 -0.442702E+02
 -0.443626E+02
 -0.444547E+02
 -0.445465E+02
 -0.446377E+02
 -0.447283E+02
 -0.448191E+02
 -0.449100E+02
 -0.450015E+02
 -0.450935E+02
 -0.451869E+02
 -0.452819E+02
 -0.453785E+02
 -0.454770E+02
 -0.455780E+02
 -0.456810E+02
 -0.457857E+02
 -0.458913E+02
 -0.459976E+02
 -0.461040E+02
 -0.462097E+02
 -0.463142E+02
 -0.464178E+02
 -0.465198E+02
 -0.466203E+02
 -0.467189E+02
 -0.468164E+02
 -0.469128E+02
 -0.470083E+02
 -0.471029E+02
 -0.471977E+02
 -0.472924E+02
 -0.473877E+02
 -0.474832E+02
 -0.475798E+02
 -0.476777E+02
 -0.477766E+02
 -0.478766E+02
 -0.479788E+02
 -0.480826E+02
 -0.481887E+02
 -0.482961E+02
 -0.484056E+02
 -0.485169E+02
 -0.486292E+02
 -0.487420E+02
 -0.488557E+02
 -0.489692E+02
 -0.490822E+02
 -0.491934E+02
 -0.493029E+02
 -0.494100E+02
 -0.495141E+02
 -0.496148E+02
 -0.497133E+02
 -0.498090E+02
 -0.499030E+02
 -0.499948E+02
 -0.500859E+02
 -0.501762E+02
 -0.502656E+02
 -0.503537E+02
 -0.504417E+02
 -0.505286E+02
 -0.506149E+02
 -0.506996E+02
 -0.507836E+02
 -0.508665E+02
 -0.509475E+02
 -0.510263E+02
 -0.511039E+02
 -0.511796E+02
 -0.512540E+02
 -0.513265E+02
 -0.513982E+02
 -0.514689E+02
 -0.515385E+02
 -0.516066E+02
 -0.516744E+02
 -0.517414E+02
 -0.518083E+02
 -0.518745E+02
 -0.519411E+02
 -0.520079E+02
 -0.520744E+02
 -0.521406E+02
 -0.522076E+02
 -0.522749E+02
 -0.523431E+02
 -0.524117E+02
 -0.524821E+02
 -0.525544E+02
 -0.526284E+02
 -0.527039E+02
 -0.527822E+02
 -0.528625E+02
 -0.529454E+02
 -0.530302E+02
 -0.531182E+02
 -0.532094E+02
 -0.533035E+02
 -0.534003E+02
 -0.535012E+02
 -0.536056E+02
 -0.537143E+02
 -0.538265E+02
 -0.539433E+02
 -0.540641E+02
 -0.541882E+02
 -0.543149E+02
 -0.544451E+02
 -0.545771E+02
 -0.547113E+02
 -0.548459E+02
 -0.549818E+02
 -0.551179E+02
 -0.552534E+02
 -0.553874E+02
 -0.555211E+02
 -0.556530E+02
 -0.557838E+02
 -0.559122E+02
 -0.560393E+02
 -0.561644E+02
 -0.562868E+02
 -0.564060E+02
 -0.565237E+02
 -0.566393E+02
 -0.567538E+02
 -0.568665E+02
 -0.569789E+02
 -0.570908E+02
 -0.572011E+02
 -0.573093E+02
 -0.574168E+02
 -0.575220E+02
 -0.576258E+02
 -0.577269E+02
 -0.578268E+02
 -0.579248E+02
 -0.580205E+02
 -0.581135E+02
 -0.582057E+02
 -0.582962E+02
 -0.583865E+02
 -0.584760E+02
 -0.585668E+02
 -0.586589E+02
 -0.587519E+02
 -0.588453E+02
 -0.589408E+02
 -0.590368E+02
 -0.591340E+02
 -0.592305E+02
 -0.593276E+02
 -0.594243E+02
 -0.595201E+02
 -0.596143E+02
 -0.597087E+02
 -0.598019E+02
 -0.598945E+02
 -0.599846E+02
 -0.600735E+02
 -0.601604E+02
 -0.602444E+02
 -0.603247E+02
 -0.604032E+02
 -0.604783E+02
 -0.605514E+02
 -0.606212E+02
 -0.606896E+02
 -0.607561E+02
 -0.608200E+02
 -0.608806E+02
 -0.609396E+02
 -0.609955E+02
 -0.610494E+02
 -0.610998E+02
 -0.611484E+02
 -0.611947E+02
 -0.612381E+02
 -0.612781E+02
 -0.613167E+02
 -0.613526E+02
 -0.613871E+02
 -0.614188E+02
 -0.614501E+02
 -0.614804E+02
 -0.615094E+02
 -0.615363E+02
 -0.615627E+02
 -0.615869E+02
 -0.616098E+02
 -0.616295E+02
 -0.616478E+02
 -0.616639E+02
 -0.616770E+02
 -0.616863E+02
 -0.616937E+02
 -0.616977E+02
 -0.616992E+02
 -0.616969E+02
 -0.616926E+02
 -0.616860E+02
 -0.616766E+02
 -0.616641E+02
 -0.616505E+02
 -0.616343E+02
 -0.616166E+02
 -0.615959E+02
 -0.615738E+02
 -0.615494E+02
 -0.615223E+02
 -0.614917E+02
 -0.614599E+02
 -0.614255E+02
 -0.613902E+02
 -0.613530E+02
 -0.613161E+02
 -0.612791E+02
 -0.612417E+02
 -0.612031E+02
 -0.611651E+02
 -0.611261E+02
 -0.610871E+02
 -0.610466E+02
 -0.610068E+02
 -0.609669E+02
 -0.609264E+02
 -0.608844E+02
 -0.608428E+02
 -0.608000E+02
 -0.607571E+02
 -0.607126E+02
 -0.606682E+02
 -0.606233E+02
 -0.605773E+02
 -0.605292E+02
 -0.604809E+02
 -0.604308E+02
 -0.603798E+02
 -0.603264E+02
 -0.602726E+02
 -0.602177E+02
 -0.601616E+02
 -0.601041E+02
 -0.600472E+02
 -0.599901E+02
 -0.599340E+02
 -0.598781E+02
 -0.598243E+02
 -0.597723E+02
 -0.597218E+02
 -0.596720E+02
 -0.596247E+02
 -0.595784E+02
 -0.595341E+02
 -0.594904E+02
 -0.594493E+02
 -0.594102E+02
 -0.593726E+02
 -0.593362E+02
 -0.593029E+02
 -0.592716E+02
 -0.592434E+02
 -0.592172E+02
 -0.591945E+02
 -0.591749E+02
 -0.591577E+02
 -0.591421E+02
 -0.591298E+02
 -0.591191E+02
 -0.591109E+02
 -0.591037E+02
 -0.590989E+02
 -0.590960E+02
 -0.590943E+02
 -0.590930E+02
 -0.590938E+02
 -0.590954E+02
 -0.590988E+02
 -0.591029E+02
 -0.591098E+02
 -0.591191E+02
 -0.591306E+02
 -0.591437E+02
 -0.591601E+02
 -0.591784E+02
 -0.591995E+02
 -0.592220E+02
 -0.592475E+02
 -0.592755E+02
 -0.593054E+02
 -0.593365E+02
 -0.593707E+02
 -0.594065E+02
 -0.594448E+02
 -0.594839E+02
 -0.595254E+02
 -0.595685E+02
 -0.596126E+02
 -0.596570E+02
 -0.597034E+02
 -0.597502E+02
 -0.597984E+02
 -0.598461E+02
 -0.598949E+02
 -0.599439E+02
 -0.599921E+02
 -0.600387E+02
 -0.600854E+02
 -0.601309E+02
 -0.601762E+02
 -0.602199E+02
 -0.602634E+02
 -0.603057E+02
 -0.603457E+02
 -0.603825E+02
 -0.604174E+02
 -0.604489E+02
 -0.604778E+02
 -0.605025E+02
 -0.605246E+02
 -0.605434E+02
 -0.605578E+02
 -0.605675E+02
 -0.605743E+02
 -0.605766E+02
 -0.605756E+02
 -0.605697E+02
 -0.605607E+02
 -0.605479E+02
 -0.605308E+02
 -0.605088E+02
 -0.604839E+02
 -0.604546E+02
 -0.604221E+02
 -0.603852E+02
 -0.603455E+02
 -0.603026E+02
 -0.602558E+02
 -0.602045E+02
 -0.601504E+02
 -0.600919E+02
 -0.600303E+02
 -0.599641E+02
 -0.598954E+02
 -0.598236E+02
 -0.597483E+02
 -0.596691E+02
 -0.595881E+02
 -0.595044E+02
 -0.594192E+02
 -0.593315E+02
 -0.592430E+02
 -0.591531E+02
 -0.590610E+02
 -0.589661E+02
 -0.588700E+02
 -0.587713E+02
 -0.586712E+02
 -0.585683E+02
 -0.584645E+02
 -0.583592E+02
 -0.582521E+02
 -0.581425E+02
 -0.580320E+02
 -0.579193E+02
 -0.578056E+02
 -0.576896E+02
 -0.575733E+02
 -0.574564E+02
 -0.573388E+02
 -0.572205E+02
 -0.571033E+02
 -0.569863E+02
 -0.568709E+02
 -0.567559E+02
 -0.566427E+02
 -0.565305E+02
 -0.564186E+02
 -0.563063E+02
 -0.561948E+02
 -0.560828E+02
 -0.559708E+02
 -0.558576E+02
 -0.557443E+02
 -0.556301E+02
 -0.555144E+02
 -0.553967E+02
 -0.552783E+02
 -0.551582E+02
 -0.550378E+02
 -0.549164E+02
 -0.547962E+02
 -0.546775E+02
 -0.545607E+02
 -0.544457E+02
 -0.543341E+02
 -0.542252E+02
 -0.541195E+02
 -0.540161E+02
 -0.539162E+02
 -0.538191E+02
 -0.537247E+02
 -0.536325E+02
 -0.535439E+02
 -0.534579E+02
 -0.533754E+02
 -0.532953E+02
 -0.532189E+02
 -0.531456E+02
 -0.530746E+02
 -0.530051E+02
 -0.529380E+02
 -0.528720E+02
 -0.528075E+02
 -0.527436E+02
 -0.526817E+02
 -0.526215E+02
 -0.525628E+02
 -0.525055E+02
 -0.524510E+02
 -0.523982E+02
 -0.523481E+02
 -0.522998E+02
 -0.522544E+02
 -0.522114E+02
 -0.521704E+02
 -0.521308E+02
 -0.520934E+02
 -0.520573E+02
 -0.520228E+02
 -0.519892E+02
 -0.519577E+02
 -0.519277E+02
 -0.518991E+02
 -0.518713E+02
 -0.518453E+02
 -0.518205E+02
 -0.517973E+02
 -0.517753E+02
 -0.517558E+02
 -0.517393E+02
 -0.517259E+02
 -0.517162E+02
 -0.517118E+02
 -0.517123E+02
 -0.517185E+02
 -0.517296E+02
 -0.517465E+02
 -0.517686E+02
 -0.517948E+02
 -0.518245E+02
 -0.518585E+02
 -0.518957E+02
 -0.519366E+02
 -0.519800E+02
 -0.520269E+02
 -0.520763E+02
 -0.521276E+02
 -0.521799E+02
 -0.522339E+02
 -0.522884E+02
 -0.523438E+02
 -0.523990E+02
 -0.524551E+02
 -0.525117E+02
 -0.525681E+02
 -0.526241E+02
 -0.526806E+02
 -0.527366E+02
 -0.527928E+02
 -0.528482E+02
 -0.529039E+02
 -0.529596E+02
 -0.530152E+02
 -0.530700E+02
 -0.531254E+02
 -0.531799E+02
 -0.532341E+02
 -0.532864E+02
 -0.533378E+02
 -0.533876E+02
 -0.534355E+02
 -0.534807E+02
 -0.535245E+02
 -0.535657E+02
 -0.536048E+02
 -0.536406E+02
 -0.536741E+02
 -0.537047E+02
 -0.537320E+02
 -0.537557E+02
 -0.537774E+02
 -0.537962E+02
 -0.538131E+02
 -0.538273E+02
 -0.538403E+02
 -0.538516E+02
 -0.538611E+02
 -0.538683E+02
 -0.538744E+02
 -0.538781E+02
 -0.538799E+02
 -0.538784E+02
 -0.538747E+02
 -0.538682E+02
 -0.538584E+02
 -0.538448E+02
 -0.538289E+02
 -0.538096E+02
 -0.537881E+02
 -0.537636E+02
 -0.537377E+02
 -0.537103E+02
 -0.536810E+02
 -0.536493E+02
 -0.536164E+02
 -0.535810E+02
 -0.535436E+02
 -0.535031E+02
 -0.534608E+02
 -0.534161E+02
 -0.533687E+02
 -0.533180E+02
 -0.532652E+02
 -0.532092E+02
 -0.531504E+02
 -0.530877E+02
 -0.530222E+02
 -0.529531E+02
 -0.528797E+02
 -0.528013E+02
 -0.527187E+02
 -0.526305E+02
 -0.525370E+02
 -0.524370E+02
 -0.523316E+02
 -0.522204E+02
 -0.521032E+02
 -0.519796E+02
 -0.518509E+02
 -0.517162E+02
 -0.515762E+02
 -0.514301E+02
 -0.512791E+02
 -0.511229E+02
 -0.509616E+02
 -0.507949E+02
 -0.506246E+02
 -0.504501E+02
 -0.502723E+02
 -0.500909E+02
 -0.499068E+02
 -0.497200E+02
 -0.495301E+02
 -0.493371E+02
 -0.491419E+02
 -0.489439E+02
 -0.487438E+02
 -0.485407E+02
 -0.483355E+02
 -0.481279E+02
 -0.479173E+02
 -0.477036E+02
 -0.474877E+02
 -0.472692E+02
 -0.470490E+02
 -0.468271E+02
 -0.466046E+02
 -0.463817E+02
 -0.461583E+02
 -0.459346E+02
 -0.457112E+02
 -0.454878E+02
 -0.452650E+02
 -0.450428E+02
 -0.448221E+02
 -0.446033E+02
 -0.443865E+02
 -0.441719E+02
 -0.439606E+02
 -0.437521E+02
 -0.435470E+02
 -0.433448E+02
 -0.431456E+02
 -0.429489E+02
 -0.427544E+02
 -0.425616E+02
 -0.423708E+02
 -0.421817E+02
 -0.419944E+02
 -0.418086E+02
 -0.416245E+02
 -0.414424E+02
 -0.412621E+02
 -0.410837E+02
 -0.409078E+02
 -0.407344E+02
 -0.405638E+02
 -0.403960E+02
 -0.402313E+02
 -0.400701E+02
 -0.399121E+02
 -0.397575E+02
 -0.396064E+02
 -0.394588E+02
 -0.393149E+02
 -0.391746E+02
 -0.390383E+02
 -0.389059E+02
 -0.387773E+02
 -0.386528E+02
 -0.385325E+02
 -0.384169E+02
 -0.383061E+02
 -0.382001E+02
 -0.380989E+02
 -0.380023E+02
 -0.379099E+02
 -0.378214E+02
 -0.377366E+02
 -0.376553E+02
 -0.375772E+02
 -0.375023E+02
 -0.374305E+02
 -0.373616E+02
 -0.372954E+02
 -0.372316E+02
 -0.371700E+02
 -0.371105E+02
 -0.370527E+02
 -0.369968E+02
 -0.369428E+02
 -0.368909E+02
 -0.368412E+02
 -0.367937E+02
 -0.367484E+02
 -0.367050E+02
 -0.366630E+02
 -0.366219E+02
 -0.365812E+02
 -0.365404E+02
 -0.364990E+02
 -0.364568E+02
 -0.364134E+02
 -0.363687E+02
 -0.363225E+02
 -0.362749E+02
 -0.362261E+02
 -0.361763E+02
 -0.361257E+02
 -0.360747E+02
 -0.360232E+02
 -0.359716E+02
 -0.359200E+02
 -0.358685E+02
 -0.358172E+02
 -0.357660E+02
 -0.357149E+02
 -0.356641E+02
 -0.356134E+02
 -0.355632E+02
 -0.355134E+02
 -0.354642E+02
 -0.354154E+02
 -0.353670E+02
 -0.353187E+02
 -0.352706E+02
 -0.352224E+02
 -0.351745E+02
 -0.351270E+02
 -0.350802E+02
 -0.350340E+02
 -0.349887E+02
 -0.349441E+02
 -0.349001E+02
 -0.348563E+02
 -0.348129E+02
 -0.347694E+02
 -0.347263E+02
 -0.346834E+02
 -0.346413E+02
 -0.346004E+02
 -0.345614E+02
 -0.345246E+02
 -0.344909E+02
 -0.344606E+02
 -0.344346E+02
 -0.344131E+02
 -0.343967E+02
 -0.343854E+02
 -0.343796E+02
 -0.343789E+02
 -0.343834E+02
 -0.343927E+02
 -0.344070E+02
 -0.344261E+02
 -0.344504E+02
 -0.344797E+02
 -0.345147E+02
 -0.345554E+02
 -0.346024E+02
 -0.346557E+02
 -0.347159E+02
 -0.347830E+02
 -0.348573E+02
 -0.349391E+02
 -0.350288E+02
 -0.351266E+02
 -0.352330E+02
 -0.353482E+02
 -0.354724E+02
 -0.356056E+02
 -0.357480E+02
 -0.358993E+02
 -0.360596E+02
 -0.362286E+02
 -0.364062E+02
 -0.365922E+02
 -0.367864E+02
 -0.369887E+02
 -0.371992E+02
 -0.374174E+02
 -0.376435E+02
 -0.378773E+02
 -0.381189E+02
 -0.383679E+02
 -0.386243E+02
 -0.388878E+02
 -0.391583E+02
 -0.394355E+02
 -0.397193E+02
 -0.400095E+02
 -0.403062E+02
 -0.406091E+02
 -0.409180E+02
 -0.412330E+02
 -0.415539E+02
 -0.418803E+02
 -0.422122E+02
 -0.425499E+02
 -0.428932E+02
 -0.432420E+02
 -0.435959E+02
 -0.439548E+02
 -0.443187E+02
 -0.446867E+02
 -0.450586E+02
 -0.454347E+02
 -0.458144E+02
 -0.461976E+02
 -0.465837E+02
 -0.469730E+02
 -0.473655E+02
 -0.477607E+02
 -0.481587E+02
 -0.485604E+02
 -0.489652E+02
 -0.493737E+02
 -0.497853E+02
 -0.502006E+02
 -0.506194E+02
 -0.510410E+02
 -0.514646E+02
 -0.518909E+02
 -0.523185E+02
 -0.527475E+02
 -0.531767E+02
 -0.536067E+02
 -0.540373E+02
 -0.544672E+02
 -0.548965E+02
 -0.553264E+02
 -0.557563E+02
 -0.561871E+02
 -0.566181E+02
 -0.570508E+02
 -0.574848E+02
 -0.579196E+02
 -0.583546E+02
 -0.587912E+02
 -0.592283E+02
 -0.596667E+02
 -0.601050E+02
 -0.605448E+02
 -0.609856E+02
 -0.614266E+02
 -0.618675E+02
 -0.623099E+02
 -0.627524E+02
 -0.631961E+02
 -0.636391E+02
 -0.640834E+02
 -0.645282E+02
 -0.649726E+02
 -0.654159E+02
 -0.658602E+02
 -0.663037E+02
 -0.667478E+02
 -0.671906E+02
 -0.676345E+02
 -0.680788E+02
 -0.685224E+02
 -0.689642E+02
 -0.694064E+02
 -0.698467E+02
 -0.702862E+02
 -0.707225E+02
 -0.711579E+02
 -0.715914E+02
 -0.720220E+02
 -0.724486E+02
 -0.728738E+02
 -0.732952E+02
 -0.737143E+02
 -0.741284E+02
 -0.745401E+02
 -0.749482E+02
 -0.753514E+02
 -0.757487E+02
 -0.761427E+02
 -0.765310E+02
 -0.769158E+02
 -0.772945E+02
 -0.776705E+02
 -0.780430E+02
 -0.784113E+02
 -0.787744E+02
 -0.791358E+02
 -0.794932E+02
 -0.798484E+02
 -0.801990E+02
 -0.805482E+02
 -0.808952E+02
 -0.812382E+02
 -0.815762E+02
 -0.819128E+02
 -0.822451E+02
 -0.825752E+02
 -0.829001E+02
 -0.832235E+02
 -0.835439E+02
 -0.838604E+02
 -0.841714E+02
 -0.844805E+02
 -0.847847E+02
 -0.850862E+02
 -0.853821E+02
 -0.856761E+02
 -0.859670E+02
 -0.862539E+02
 -0.865352E+02
 -0.868152E+02
 -0.870910E+02
 -0.873650E+02
 -0.876346E+02
 -0.879039E+02
 -0.881716E+02
 -0.884368E+02
 -0.886976E+02
 -0.889580E+02
 -0.892141E+02
 -0.894681E+02
 -0.897161E+02
 -0.899619E+02
 -0.902039E+02
 -0.904404E+02
 -0.906697E+02
 -0.908961E+02
 -0.911160E+02
 -0.913319E+02
 -0.915401E+02
 -0.917447E+02
 -0.919438E+02
 -0.921363E+02
 -0.923204E+02
 -0.925005E+02
 -0.926729E+02
 -0.928400E+02
 -0.929982E+02
 -0.931518E+02
 -0.932988E+02
 -0.934381E+02
 -0.935676E+02
 -0.936918E+02
 -0.938068E+02
 -0.939153E+02
 -0.940137E+02
 -0.941068E+02
 -0.941928E+02
 -0.942711E+02
 -0.943401E+02
 -0.944045E+02
 -0.944608E+02
 -0.945120E+02
 -0.945543E+02
 -0.945925E+02
 -0.946251E+02
 -0.946504E+02
 -0.946671E+02
 -0.946797E+02
 -0.946847E+02
 -0.946852E+02
 -0.946779E+02
 -0.946676E+02
 -0.946530E+02
 -0.946335E+02
 -0.946077E+02
 -0.945807E+02
 -0.945493E+02
 -0.945168E+02
 -0.944801E+02
 -0.944447E+02
 -0.944093E+02
 -0.943735E+02
 -0.943360E+02
 -0.943018E+02
 -0.942672E+02
 -0.942354E+02
 -0.942027E+02
 -0.941740E+02
 -0.941478E+02
 -0.941234E+02
 -0.940993E+02
 -0.940802E+02
 -0.940627E+02
 -0.940498E+02
 -0.940379E+02
 -0.940315E+02
 -0.940288E+02
 -0.940286E+02
 -0.940288E+02
 -0.940339E+02
 -0.940401E+02
 -0.940499E+02
 -0.940597E+02
 -0.940738E+02
 -0.940904E+02
 -0.941085E+02
 -0.941262E+02
 -0.941482E+02
 -0.941705E+02
 -0.941960E+02
 -0.942208E+02
 -0.942492E+02
 -0.942793E+02
 -0.943100E+02
 -0.943397E+02
 -0.943728E+02
 -0.944059E+02
 -0.944417E+02
 -0.944765E+02
 -0.945150E+02
 -0.945550E+02
 -0.945955E+02
 -0.946345E+02
 -0.946764E+02
 -0.947173E+02
 -0.947603E+02
 -0.948016E+02
 -0.948460E+02
 -0.948923E+02
 -0.949389E+02
 -0.949846E+02
 -0.950343E+02
 -0.950843E+02
 -0.951376E+02
 -0.951907E+02
 -0.952481E+02
 -0.953083E+02
 -0.953703E+02
 -0.954325E+02
 -0.954997E+02
 -0.955681E+02
 -0.956406E+02
 -0.957134E+02
 -0.957913E+02
 -0.958722E+02
 -0.959552E+02
 -0.960381E+02
 -0.961254E+02
 -0.962131E+02
 -0.963039E+02
 -0.963937E+02
 -0.964872E+02
 -0.965824E+02
 -0.966784E+02
 -0.967733E+02
 -0.968720E+02
 -0.969708E+02
 -0.970727E+02
 -0.971740E+02
 -0.972795E+02
 -0.973874E+02
 -0.974963E+02
 -0.976046E+02
 -0.977170E+02
 -0.978297E+02
 -0.979458E+02
 -0.980614E+02
 -0.981816E+02
 -0.983044E+02
 -0.984289E+02
 -0.985529E+02
 -0.986814E+02
 -0.988098E+02
 -0.989411E+02
 -0.990708E+02
 -0.992035E+02
 -0.993369E+02
 -0.994696E+02
 -0.995991E+02
 -0.997300E+02
 -0.998576E+02
 -0.999847E+02
 -0.100107E+03
 -0.100228E+03
 -0.100345E+03
 -0.100459E+03
 -0.100565E+03
 -0.100669E+03
 -0.100767E+03
 -0.100862E+03
 -0.100950E+03
 -0.101036E+03
 -0.101119E+03
 -0.101197E+03
 -0.101268E+03
 -0.101338E+03
 -0.101401E+03
 -0.101461E+03
 -0.101513E+03
 -0.101562E+03
 -0.101606E+03
 -0.101644E+03
 -0.101674E+03
 -0.101701E+03
 -0.101721E+03
 -0.101736E+03
 -0.101744E+03
 -0.101749E+03
 -0.101750E+03
 -0.101746E+03
 -0.101735E+03
 -0.101722E+03
 -0.101704E+03
 -0.101683E+03
 -0.101657E+03
 -0.101630E+03
 -0.101601E+03
 -0.101569E+03
 -0.101531E+03
 -0.101494E+03
 -0.101453E+03
 -0.101412E+03
 -0.101367E+03
 -0.101323E+03
 -0.101279E+03
 -0.101233E+03
 -0.101186E+03
 -0.101141E+03
 -0.101096E+03
 -0.101053E+03
 -0.101010E+03
 -0.100970E+03
 -0.100933E+03
 -0.100897E+03
 -0.100860E+03
 -0.100827E+03
 -0.100793E+03
 -0.100761E+03
 -0.100727E+03
 -0.100697E+03
 -0.100667E+03
 -0.100637E+03
 -0.100606E+03
 -0.100578E+03
 -0.100549E+03
 -0.100522E+03
 -0.100494E+03
 -0.100469E+03
 -0.100446E+03
 -0.100423E+03
 -0.100398E+03
 -0.100377E+03
 -0.100355E+03
 -0.100336E+03
 -0.100314E+03
 -0.100295E+03
 -0.100276E+03
 -0.100256E+03
 -0.100232E+03
 -0.100209E+03
 -0.100183E+03
 -0.100156E+03
 -0.100124E+03
 -0.100092E+03
 -0.100057E+03
 -0.100019E+03
 -0.999750E+02
 -0.999298E+02
 -0.998796E+02
 -0.998274E+02
 -0.997692E+02
 -0.997100E+02
 -0.996478E+02
 -0.995816E+02
 -0.995093E+02
 -0.994359E+02
 -0.993573E+02
 -0.992764E+02
 -0.991892E+02
 -0.991005E+02
 -0.990083E+02
 -0.989117E+02
 -0.988086E+02
 -0.987038E+02
 -0.985934E+02
 -0.984802E+02
 -0.983601E+02
 -0.982378E+02
 -0.981112E+02
 -0.979789E+02
 -0.978387E+02
 -0.976955E+02
 -0.975449E+02
 -0.973901E+02
 -0.972271E+02
 -0.970609E+02
 -0.968899E+02
 -0.967134E+02
 -0.965300E+02
 -0.963447E+02
 -0.961540E+02
 -0.959613E+02
 -0.957627E+02
 -0.955632E+02
 -0.953608E+02
 -0.951547E+02
 -0.949429E+02
 -0.947302E+02
 -0.945129E+02
 -0.942939E+02
 -0.940695E+02
 -0.938444E+02
 -0.936168E+02
 -0.933861E+02
 -0.931505E+02
 -0.929147E+02
 -0.926749E+02
 -0.924339E+02
 -0.921879E+02
 -0.919413E+02
 -0.916927E+02
 -0.914406E+02
 -0.911836E+02
 -0.909264E+02
 -0.906655E+02
 -0.904037E+02
 -0.901372E+02
 -0.898701E+02
 -0.896002E+02
 -0.893265E+02
 -0.890467E+02
 -0.887647E+02
 -0.884765E+02
 -0.881844E+02
 -0.878849E+02
 -0.875817E+02
 -0.872730E+02
 -0.869580E+02
 -0.866350E+02
 -0.863083E+02
 -0.859746E+02
 -0.856367E+02
 -0.852920E+02
 -0.849446E+02
 -0.845936E+02
 -0.842387E+02
 -0.838787E+02
 -0.835180E+02
 -0.831537E+02
 -0.827885E+02
 -0.824198E+02
 -0.820512E+02
 -0.816816E+02
 -0.813099E+02
 -0.809348E+02
 -0.805599E+02
 -0.801823E+02
 -0.798039E+02
 -0.794219E+02
 -0.790397E+02
 -0.786558E+02
 -0.782696E+02
 -0.778799E+02
 -0.774901E+02
 -0.770975E+02
 -0.767041E+02
 -0.763077E+02
 -0.759116E+02
 -0.755147E+02
 -0.751167E+02
 -0.747167E+02
 -0.743179E+02
 -0.739180E+02
 -0.735191E+02
 -0.731191E+02
 -0.727208E+02
 -0.723234E+02
 -0.719265E+02
 -0.715291E+02
 -0.711342E+02
 -0.707395E+02
 -0.703468E+02
 -0.699540E+02
 -0.695641E+02
 -0.691763E+02
 -0.687899E+02
 -0.684043E+02
 -0.680222E+02
 -0.676415E+02
 -0.672640E+02
 -0.668876E+02
 -0.665148E+02
 -0.661448E+02
 -0.657772E+02
 -0.654112E+02
 -0.650492E+02
 -0.646896E+02
 -0.643339E+02
 -0.639807E+02
 -0.636322E+02
 -0.632879E+02
 -0.629476E+02
 -0.626104E+02
 -0.622784E+02
 -0.619496E+02
 -0.616251E+02
 -0.613029E+02
 -0.609847E+02
 -0.606692E+02
 -0.603560E+02
 -0.600441E+02
 -0.597353E+02
 -0.594282E+02
 -0.591243E+02
 -0.588222E+02
 -0.585240E+02
 -0.582293E+02
 -0.579378E+02
 -0.576494E+02
 -0.573660E+02
 -0.570866E+02
 -0.568125E+02
 -0.565428E+02
 -0.562792E+02
 -0.560215E+02
 -0.557695E+02
 -0.555227E+02
 -0.552825E+02
 -0.550476E+02
 -0.548184E+02
 -0.545937E+02
 -0.543743E+02
 -0.541596E+02
 -0.539488E+02
 -0.537411E+02
 -0.535376E+02
 -0.533372E+02
 -0.531403E+02
 -0.529461E+02
 -0.527557E+02
 -0.525686E+02
 -0.523842E+02
 -0.522019E+02
 -0.520226E+02
 -0.518452E+02
 -0.516705E+02
 -0.514973E+02
 -0.513268E+02
 -0.511589E+02
 -0.509930E+02
 -0.508291E+02
 -0.506683E+02
 -0.505096E+02
 -0.503537E+02
 -0.501996E+02
 -0.500486E+02
 -0.499003E+02
 -0.497546E+02
 -0.496115E+02
 -0.494722E+02
 -0.493362E+02
 -0.492042E+02
 -0.490757E+02
 -0.489516E+02
 -0.488318E+02
 -0.487158E+02
 -0.486034E+02
 -0.484955E+02
 -0.483915E+02
 -0.482922E+02
 -0.481974E+02
 -0.481084E+02
 -0.480255E+02
 -0.479492E+02
 -0.478797E+02
 -0.478184E+02
 -0.477650E+02
 -0.477206E+02
 -0.476849E+02
 -0.476589E+02
 -0.476426E+02
 -0.476356E+02
 -0.476379E+02
 -0.476501E+02
 -0.476717E+02
 -0.477029E+02
 -0.477432E+02
 -0.477931E+02
 -0.478521E+02
 -0.479198E+02
 -0.479957E+02
 -0.480801E+02
 -0.481723E+02
 -0.482720E+02
 -0.483782E+02
 -0.484914E+02
 -0.486107E+02
 -0.487354E+02
 -0.488651E+02
 -0.490002E+02
 -0.491398E+02
 -0.492840E+02
 -0.494317E+02
 -0.495836E+02
 -0.497391E+02
 -0.498977E+02
 -0.500590E+02
 -0.502241E+02
 -0.503921E+02
 -0.505638E+02
 -0.507382E+02
 -0.509167E+02
 -0.510990E+02
 -0.512847E+02
 -0.514738E+02
 -0.516675E+02
 -0.518651E+02
 -0.520673E+02
 -0.522734E+02
 -0.524844E+02
 -0.527001E+02
 -0.529201E+02
 -0.531441E+02
 -0.533733E+02
 -0.536069E+02
 -0.538454E+02
 -0.540879E+02
 -0.543357E+02
 -0.545882E+02
 -0.548451E+02
 -0.551059E+02
 -0.553719E+02
 -0.556418E+02
 -0.559162E+02
 -0.561936E+02
 -0.564752E+02
 -0.567602E+02
 -0.570478E+02
 -0.573376E+02
 -0.576309E+02
 -0.579265E+02
 -0.582253E+02
 -0.585258E+02
 -0.588293E+02
 -0.591351E+02
 -0.594423E+02
 -0.597499E+02
 -0.600594E+02
 -0.603693E+02
 -0.606803E+02
 -0.609908E+02
 -0.613025E+02
 -0.616146E+02
 -0.619264E+02
 -0.622369E+02
 -0.625480E+02
 -0.628578E+02
 -0.631673E+02
 -0.634748E+02
 -0.637820E+02
 -0.640880E+02
 -0.643921E+02
 -0.646934E+02
 -0.649938E+02
 -0.652915E+02
 -0.655876E+02
 -0.658803E+02
 -0.661716E+02
 -0.664607E+02
 -0.667471E+02
 -0.670300E+02
 -0.673118E+02
 -0.675907E+02
 -0.678680E+02
 -0.681419E+02
 -0.684147E+02
 -0.686859E+02
 -0.689541E+02
 -0.692185E+02
 -0.694812E+02
 -0.697401E+02
 -0.699962E+02
 -0.702470E+02
 -0.704947E+02
 -0.707379E+02
 -0.709758E+02
 -0.712072E+02
 -0.714347E+02
 -0.716560E+02
 -0.718728E+02
 -0.720830E+02
 -0.722892E+02
 -0.724903E+02
 -0.726859E+02
 -0.728748E+02
 -0.730600E+02
 -0.732392E+02
 -0.734146E+02
 -0.735841E+02
 -0.737512E+02
 -0.739152E+02
 -0.740760E+02
 -0.742330E+02
 -0.743892E+02
 -0.745428E+02
 -0.746956E+02
 -0.748457E+02
 -0.749959E+02
 -0.751454E+02
 -0.752931E+02
 -0.754379E+02
 -0.755827E+02
 -0.757248E+02
 -0.758658E+02
 -0.760028E+02
 -0.761384E+02
 -0.762711E+02
 -0.763998E+02
 -0.765228E+02
 -0.766429E+02
 -0.767572E+02
 -0.768675E+02
 -0.769711E+02
 -0.770711E+02
 -0.771664E+02
 -0.772564E+02
 -0.773401E+02
 -0.774212E+02
 -0.774972E+02
 -0.775705E+02
 -0.776385E+02
 -0.777044E+02
 -0.777668E+02
 -0.778246E+02
 -0.778765E+02
 -0.779253E+02
 -0.779684E+02
 -0.780075E+02
 -0.780401E+02
 -0.780693E+02
 -0.780941E+02
 -0.781130E+02
 -0.781250E+02
 -0.781333E+02
 -0.781352E+02
 -0.781328E+02
 -0.781232E+02
 -0.781098E+02
 -0.780911E+02
 -0.780663E+02
 -0.780340E+02
 -0.779974E+02
 -0.779539E+02
 -0.779053E+02
 -0.778491E+02
 -0.777885E+02
 -0.777221E+02
 -0.776492E+02
 -0.775687E+02
 -0.774838E+02
 -0.773921E+02
 -0.772955E+02
 -0.771914E+02
 -0.770830E+02
 -0.769691E+02
 -0.768490E+02
 -0.767217E+02
 -0.765901E+02
 -0.764519E+02
 -0.763092E+02
 -0.761595E+02
 -0.760066E+02
 -0.758497E+02
 -0.756885E+02
 -0.755226E+02
 -0.753557E+02
 -0.751862E+02
 -0.750166E+02
 -0.748452E+02
 -0.746758E+02
 -0.745080E+02
 -0.743419E+02
 -0.741773E+02
 -0.740179E+02
 -0.738620E+02
 -0.737121E+02
 -0.735666E+02
 -0.734289E+02
 -0.732987E+02
 -0.731757E+02
 -0.730598E+02
 -0.729542E+02
 -0.728571E+02
 -0.727706E+02
 -0.726923E+02
 -0.726253E+02
 -0.725681E+02
 -0.725199E+02
 -0.724793E+02
 -0.724489E+02
 -0.724259E+02
 -0.724117E+02
 -0.724038E+02
 -0.724045E+02
 -0.724126E+02
 -0.724264E+02
 -0.724448E+02
 -0.724703E+02
 -0.725003E+02
 -0.725367E+02
 -0.725771E+02
 -0.726246E+02
 -0.726781E+02
 -0.727375E+02
 -0.728017E+02
 -0.728740E+02
 -0.729523E+02
 -0.730386E+02
 -0.731309E+02
 -0.732321E+02
 -0.733412E+02
 -0.734575E+02
 -0.735797E+02
 -0.737107E+02
 -0.738481E+02
 -0.739934E+02
 -0.741442E+02
 -0.743033E+02
 -0.744695E+02
 -0.746419E+02
 -0.748192E+02
 -0.750044E+02
 -0.751946E+02
 -0.753915E+02
 -0.755923E+02
 -0.757996E+02
 -0.760118E+02
 -0.762275E+02
 -0.764451E+02
 -0.766671E+02
 -0.768905E+02
 -0.771167E+02
 -0.773424E+02
 -0.775702E+02
 -0.777984E+02
 -0.780257E+02
 -0.782502E+02
 -0.784747E+02
 -0.786960E+02
 -0.789156E+02
 -0.791303E+02
 -0.793430E+02
 -0.795520E+02
 -0.797562E+02
 -0.799541E+02
 -0.801488E+02
 -0.803374E+02
 -0.805215E+02
 -0.806981E+02
 -0.808706E+02
 -0.810373E+02
 -0.811975E+02
 -0.813496E+02
 -0.814972E+02
 -0.816374E+02
 -0.817724E+02
 -0.818996E+02
 -0.820223E+02
 -0.821396E+02
 -0.822501E+02
 -0.823528E+02
 -0.824515E+02
 -0.825433E+02
 -0.826306E+02
 -0.827109E+02
 -0.827878E+02
 -0.828603E+02
 -0.829277E+02
 -0.829886E+02
 -0.830469E+02
 -0.830998E+02
 -0.831498E+02
 -0.831941E+02
 -0.832368E+02
 -0.832768E+02
 -0.833134E+02
 -0.833456E+02
 -0.833770E+02
 -0.834049E+02
 -0.834316E+02
 -0.834541E+02
 -0.834764E+02
 -0.834971E+02
 -0.835161E+02
 -0.835323E+02
 -0.835501E+02
 -0.835668E+02
 -0.835855E+02
 -0.836034E+02
 -0.836248E+02
 -0.836486E+02
 -0.836740E+02
 -0.836997E+02
 -0.837298E+02
 -0.837612E+02
 -0.837964E+02
 -0.838326E+02
 -0.838736E+02
 -0.839180E+02
 -0.839650E+02
 -0.840133E+02
 -0.840667E+02
 -0.841225E+02
 -0.841833E+02
 -0.842463E+02
 -0.843156E+02
 -0.843900E+02
 -0.844691E+02
 -0.845516E+02
 -0.846414E+02
 -0.847357E+02
 -0.848368E+02
 -0.849417E+02
 -0.850541E+02
 -0.851725E+02
 -0.852960E+02
 -0.854228E+02
 -0.855567E+02
 -0.856945E+02
 -0.858386E+02
 -0.859856E+02
 -0.861395E+02
 -0.862990E+02
 -0.864623E+02
 -0.866282E+02
 -0.868001E+02
 -0.869747E+02
 -0.871539E+02
 -0.873342E+02
 -0.875193E+02
 -0.877073E+02
 -0.878970E+02
 -0.880866E+02
 -0.882799E+02
 -0.884733E+02
 -0.886693E+02
 -0.888642E+02
 -0.890622E+02
 -0.892615E+02
 -0.894610E+02
 -0.896589E+02
 -0.898594E+02
 -0.900590E+02
 -0.902602E+02
 -0.904597E+02
 -0.906619E+02
 -0.908652E+02
 -0.910689E+02
 -0.912714E+02
 -0.914772E+02
 -0.916827E+02
 -0.918906E+02
 -0.920972E+02
 -0.923066E+02
 -0.925168E+02
 -0.927262E+02
 -0.929325E+02
 -0.931398E+02
 -0.933439E+02
 -0.935471E+02
 -0.937455E+02
 -0.939431E+02
 -0.941379E+02
 -0.943286E+02
 -0.945130E+02
 -0.946954E+02
 -0.948717E+02
 -0.950445E+02
 -0.952097E+02
 -0.953715E+02
 -0.955279E+02
 -0.956775E+02
 -0.958180E+02
 -0.959537E+02
 -0.960804E+02
 -0.962005E+02
 -0.963097E+02
 -0.964125E+02
 -0.965065E+02
 -0.965907E+02
 -0.966629E+02
 -0.967277E+02
 -0.967812E+02
 -0.968265E+02
 -0.968597E+02
 -0.968858E+02
 -0.969035E+02
 -0.969110E+02
 -0.969071E+02
 -0.968967E+02
 -0.968760E+02
 -0.968483E+02
 -0.968100E+02
 -0.967660E+02
 -0.967148E+02
 -0.966559E+02
 -0.965876E+02
 -0.965153E+02
 -0.964354E+02
 -0.963513E+02
 -0.962595E+02
 -0.961651E+02
 -0.960668E+02
 -0.959640E+02
 -0.958552E+02
 -0.957456E+02
 -0.956316E+02
 -0.955166E+02
 -0.953969E+02
 -0.952773E+02
 -0.951563E+02
 -0.950330E+02
 -0.949056E+02
 -0.947788E+02
 -0.946490E+02
 -0.945189E+02
 -0.943850E+02
 -0.942518E+02
 -0.941175E+02
 -0.939809E+02
 -0.938403E+02
 -0.937003E+02
 -0.935569E+02
 -0.934132E+02
 -0.932655E+02
 -0.931181E+02
 -0.929695E+02
 -0.928187E+02
 -0.926643E+02
 -0.925108E+02
 -0.923550E+02
 -0.922000E+02
 -0.920427E+02
 -0.918879E+02
 -0.917343E+02
 -0.915814E+02
 -0.914277E+02
 -0.912780E+02
 -0.911290E+02
 -0.909837E+02
 -0.908389E+02
 -0.906994E+02
 -0.905638E+02
 -0.904315E+02
 -0.903014E+02
 -0.901778E+02
 -0.900577E+02
 -0.899438E+02
 -0.898328E+02
 -0.897288E+02
 -0.896304E+02
 -0.895357E+02
 -0.894433E+02
 -0.893570E+02
 -0.892732E+02
 -0.891945E+02
 -0.891171E+02
 -0.890452E+02
 -0.889766E+02
 -0.889106E+02
 -0.888451E+02
 -0.887839E+02
 -0.887233E+02
 -0.886658E+02
 -0.886078E+02
 -0.885534E+02
 -0.885008E+02
 -0.884492E+02
 -0.883972E+02
 -0.883489E+02
 -0.883012E+02
 -0.882567E+02
 -0.882124E+02
 -0.881725E+02
 -0.881355E+02
 -0.881006E+02
 -0.880661E+02
 -0.880361E+02
 -0.880071E+02
 -0.879814E+02
 -0.879556E+02
 -0.879338E+02
 -0.879142E+02
 -0.878956E+02
 -0.878763E+02
 -0.878601E+02
 -0.878435E+02
 -0.878288E+02
 -0.878123E+02
 -0.877980E+02
 -0.877837E+02
 -0.877686E+02
 -0.877509E+02
 -0.877344E+02
 -0.877158E+02
 -0.876973E+02
 -0.876756E+02
 -0.876548E+02
 -0.876332E+02
 -0.876102E+02
 -0.875839E+02
 -0.875587E+02
 -0.875313E+02
 -0.875047E+02
 -0.874758E+02
 -0.874492E+02
 -0.874237E+02
 -0.873988E+02
 -0.873733E+02
 -0.873513E+02
 -0.873298E+02
 -0.873114E+02
 -0.872928E+02
 -0.872779E+02
 -0.872654E+02
 -0.872535E+02
 -0.872410E+02
 -0.872318E+02
 -0.872226E+02
 -0.872157E+02
 -0.872078E+02
 -0.872025E+02
 -0.871981E+02
 -0.871935E+02
 -0.871865E+02
 -0.871810E+02
 -0.871731E+02
 -0.871651E+02
 -0.871532E+02
 -0.871414E+02
 -0.871276E+02
 -0.871107E+02
 -0.870887E+02
 -0.870654E+02
 -0.870369E+02
 -0.870056E+02
 -0.869677E+02
 -0.869271E+02
 -0.868819E+02
 -0.868313E+02
 -0.867736E+02
 -0.867126E+02
 -0.866451E+02
 -0.865733E+02
 -0.864936E+02
 -0.864097E+02
 -0.863199E+02
 -0.862228E+02
 -0.861165E+02
 -0.860049E+02
 -0.858848E+02
 -0.857587E+02
 -0.856235E+02
 -0.854835E+02
 -0.853372E+02
 -0.851845E+02
 -0.850243E+02
 -0.848611E+02
 -0.846924E+02
 -0.845211E+02
 -0.843446E+02
 -0.841673E+02
 -0.839879E+02
 -0.838060E+02
 -0.836204E+02
 -0.834350E+02
 -0.832468E+02
 -0.830582E+02
 -0.828665E+02
 -0.826752E+02
 -0.824831E+02
 -0.822896E+02
 -0.820934E+02
 -0.818987E+02
 -0.817027E+02
 -0.815081E+02
 -0.813126E+02
 -0.811201E+02
 -0.809300E+02
 -0.807415E+02
 -0.805539E+02
 -0.803713E+02
 -0.801912E+02
 -0.800163E+02
 -0.798444E+02
 -0.796793E+02
 -0.795201E+02
 -0.793668E+02
 -0.792182E+02
 -0.790780E+02
 -0.789438E+02
 -0.788176E+02
 -0.786971E+02
 -0.785857E+02
 -0.784822E+02
 -0.783860E+02
 -0.782959E+02
 -0.782153E+02
 -0.781416E+02
 -0.780767E+02
 -0.780177E+02
 -0.779678E+02
 -0.779254E+02
 -0.778898E+02
 -0.778597E+02
 -0.778382E+02
 -0.778226E+02
 -0.778150E+02
 -0.778124E+02
 -0.778177E+02
 -0.778296E+02
 -0.778467E+02
 -0.778675E+02
 -0.778950E+02
 -0.779262E+02
 -0.779631E+02
 -0.780027E+02
 -0.780480E+02
 -0.780975E+02
 -0.781502E+02
 -0.782046E+02
 -0.782636E+02
 -0.783243E+02
 -0.783885E+02
 -0.784531E+02
 -0.785212E+02
 -0.785913E+02
 -0.786626E+02
 -0.787336E+02
 -0.788074E+02
 -0.788811E+02
 -0.789568E+02
 -0.790315E+02
 -0.791087E+02
 -0.791870E+02
 -0.792657E+02
 -0.793435E+02
 -0.794240E+02
 -0.795046E+02
 -0.795875E+02
 -0.796700E+02
 -0.797555E+02
 -0.798432E+02
 -0.799316E+02
 -0.800198E+02
 -0.801113E+02
 -0.802034E+02
 -0.802981E+02
 -0.803927E+02
 -0.804905E+02
 -0.805900E+02
 -0.806905E+02
 -0.807904E+02
 -0.808930E+02
 -0.809955E+02
 -0.810998E+02
 -0.812031E+02
 -0.813089E+02
 -0.814156E+02
 -0.815225E+02
 -0.816283E+02
 -0.817364E+02
 -0.818439E+02
 -0.819530E+02
 -0.820608E+02
 -0.821707E+02
 -0.822813E+02
 -0.823917E+02
 -0.825004E+02
 -0.826108E+02
 -0.827199E+02
 -0.828297E+02
 -0.829372E+02
 -0.830458E+02
 -0.831541E+02
 -0.832609E+02
 -0.833647E+02
 -0.834690E+02
 -0.835704E+02
 -0.836712E+02
 -0.837681E+02
 -0.838646E+02
 -0.839590E+02
 -0.840506E+02
 -0.841377E+02
 -0.842239E+02
 -0.843062E+02
 -0.843868E+02
 -0.844628E+02
 -0.845380E+02
 -0.846110E+02
 -0.846810E+02
 -0.847467E+02
 -0.848119E+02
 -0.848734E+02
 -0.849336E+02
 -0.849893E+02
 -0.850443E+02
 -0.850970E+02
 -0.851466E+02
 -0.851917E+02
 -0.852361E+02
 -0.852767E+02
 -0.853160E+02
 -0.853509E+02
 -0.853853E+02
 -0.854178E+02
 -0.854470E+02
 -0.854714E+02
 -0.854948E+02
 -0.855137E+02
 -0.855306E+02
 -0.855421E+02
 -0.855518E+02
 -0.855580E+02
 -0.855599E+02
 -0.855556E+02
 -0.855491E+02
 -0.855371E+02
 -0.855218E+02
 -0.855002E+02
 -0.854762E+02
 -0.854482E+02
 -0.854157E+02
 -0.853772E+02
 -0.853366E+02
 -0.852907E+02
 -0.852421E+02
 -0.851875E+02
 -0.851306E+02
 -0.850698E+02
 -0.850042E+02
 -0.849323E+02
 -0.848577E+02
 -0.847773E+02
 -0.846935E+02
 -0.846032E+02
 -0.845103E+02
 -0.844134E+02
 -0.843117E+02
 -0.842036E+02
 -0.840930E+02
 -0.839767E+02
 -0.838571E+02
 -0.837309E+02
 -0.836018E+02
 -0.834683E+02
 -0.833295E+02
 -0.831840E+02
 -0.830356E+02
 -0.828812E+02
 -0.827234E+02
 -0.825594E+02
 -0.823933E+02
 -0.822239E+02
 -0.820509E+02
 -0.818733E+02
 -0.816948E+02
 -0.815127E+02
 -0.813295E+02
 -0.811422E+02
 -0.809543E+02
 -0.807645E+02
 -0.805721E+02
 -0.803758E+02
 -0.801790E+02
 -0.799792E+02
 -0.797784E+02
 -0.795739E+02
 -0.793693E+02
 -0.791636E+02
 -0.789554E+02
 -0.787438E+02
 -0.785320E+02
 -0.783174E+02
 -0.781020E+02
 -0.778832E+02
 -0.776643E+02
 -0.774439E+02
 -0.772215E+02
 -0.769956E+02
 -0.767693E+02
 -0.765400E+02
 -0.763094E+02
 -0.760750E+02
 -0.758399E+02
 -0.756029E+02
 -0.753638E+02
 -0.751216E+02
 -0.748796E+02
 -0.746359E+02
 -0.743928E+02
 -0.741482E+02
 -0.739056E+02
 -0.736642E+02
 -0.734239E+02
 -0.731836E+02
 -0.729466E+02
 -0.727108E+02
 -0.724782E+02
 -0.722466E+02
 -0.720190E+02
 -0.717945E+02
 -0.715725E+02
 -0.713521E+02
 -0.711362E+02
 -0.709227E+02
 -0.707136E+02
 -0.705066E+02
 -0.703047E+02
 -0.701069E+02
 -0.699127E+02
 -0.697214E+02
 -0.695356E+02
 -0.693534E+02
 -0.691765E+02
 -0.690030E+02
 -0.688354E+02
 -0.686729E+02
 -0.685149E+02
 -0.683606E+02
 -0.682127E+02
 -0.680693E+02
 -0.679323E+02
 -0.677999E+02
 -0.676745E+02
 -0.675554E+02
 -0.674423E+02
 -0.673342E+02
 -0.672335E+02
 -0.671384E+02
 -0.670503E+02
 -0.669675E+02
 -0.668923E+02
 -0.668240E+02
 -0.667616E+02
 -0.667044E+02
 -0.666546E+02
 -0.666103E+02
 -0.665729E+02
 -0.665405E+02
 -0.665153E+02
 -0.664965E+02
 -0.664837E+02
 -0.664758E+02
 -0.664752E+02
 -0.664799E+02
 -0.664910E+02
 -0.665064E+02
 -0.665281E+02
 -0.665549E+02
 -0.665859E+02
 -0.666198E+02
 -0.666587E+02
 -0.667004E+02
 -0.667460E+02
 -0.667934E+02
 -0.668446E+02
 -0.668985E+02
 -0.669542E+02
 -0.670107E+02
 -0.670699E+02
 -0.671298E+02
 -0.671916E+02
 -0.672530E+02
 -0.673161E+02
 -0.673797E+02
 -0.674429E+02
 -0.675043E+02
 -0.675662E+02
 -0.676261E+02
 -0.676854E+02
 -0.677419E+02
 -0.677978E+02
 -0.678522E+02
 -0.679047E+02
 -0.679544E+02
 -0.680039E+02
 -0.680513E+02
 -0.680982E+02
 -0.681427E+02
 -0.681874E+02
 -0.682313E+02
 -0.682740E+02
 -0.683147E+02
 -0.683559E+02
 -0.683958E+02
 -0.684362E+02
 -0.684754E+02
 -0.685162E+02
 -0.685579E+02
 -0.686002E+02
 -0.686424E+02
 -0.686870E+02
 -0.687322E+02
 -0.687797E+02
 -0.688274E+02
 -0.688779E+02
 -0.689304E+02
 -0.689839E+02
 -0.690377E+02
 -0.690943E+02
 -0.691517E+02
 -0.692116E+02
 -0.692719E+02
 -0.693353E+02
 -0.694006E+02
 -0.694674E+02
 -0.695345E+02
 -0.696045E+02
 -0.696749E+02
 -0.697474E+02
 -0.698196E+02
 -0.698941E+02
 -0.699696E+02
 -0.700457E+02
 -0.701212E+02
 -0.701988E+02
 -0.702764E+02
 -0.703558E+02
 -0.704350E+02
 -0.705167E+02
 -0.706000E+02
 -0.706845E+02
 -0.707695E+02
 -0.708578E+02
 -0.709476E+02
 -0.710407E+02
 -0.711351E+02
 -0.712336E+02
 -0.713355E+02
 -0.714399E+02
 -0.715459E+02
 -0.716563E+02
 -0.717688E+02
 -0.718850E+02
 -0.720026E+02
 -0.721244E+02
 -0.722492E+02
 -0.723764E+02
 -0.725047E+02
 -0.726371E+02
 -0.727711E+02
 -0.729086E+02
 -0.730472E+02
 -0.731897E+02
 -0.733351E+02
 -0.734828E+02
 -0.736317E+02
 -0.737846E+02
 -0.739391E+02
 -0.740971E+02
 -0.742560E+02
 -0.744189E+02
 -0.745846E+02
 -0.747527E+02
 -0.749222E+02
 -0.750960E+02
 -0.752720E+02
 -0.754518E+02
 -0.756332E+02
 -0.758190E+02
 -0.760082E+02
 -0.761994E+02
 -0.763915E+02
 -0.765874E+02
 -0.767845E+02
 -0.769844E+02
 -0.771847E+02
 -0.773881E+02
 -0.775934E+02
 -0.777997E+02
 -0.780056E+02
 -0.782142E+02
 -0.784229E+02
 -0.786337E+02
 -0.788441E+02
 -0.790574E+02
 -0.792724E+02
 -0.794883E+02
 -0.797037E+02
 -0.799218E+02
 -0.801396E+02
 -0.803588E+02
 -0.805762E+02
 -0.807947E+02
 -0.810126E+02
 -0.812287E+02
 -0.814413E+02
 -0.816535E+02
 -0.818620E+02
 -0.820690E+02
 -0.822711E+02
 -0.824718E+02
 -0.826698E+02
 -0.828638E+02
 -0.830524E+02
 -0.832391E+02
 -0.834209E+02
 -0.835999E+02
 -0.837732E+02
 -0.839444E+02
 -0.841117E+02
 -0.842745E+02
 -0.844309E+02
 -0.845847E+02
 -0.847327E+02
 -0.848774E+02
 -0.850158E+02
 -0.851518E+02
 -0.852841E+02
 -0.854119E+02
 -0.855339E+02
 -0.856540E+02
 -0.857692E+02
 -0.858818E+02
 -0.859886E+02
 -0.860935E+02
 -0.861946E+02
 -0.862910E+02
 -0.863811E+02
 -0.864686E+02
 -0.865503E+02
 -0.866286E+02
 -0.867003E+02
 -0.867692E+02
 -0.868339E+02
 -0.868930E+02
 -0.869450E+02
 -0.869938E+02
 -0.870360E+02
 -0.870740E+02
 -0.871045E+02
 -0.871316E+02
 -0.871536E+02
 -0.871700E+02
 -0.871794E+02
 -0.871859E+02
 -0.871864E+02
 -0.871836E+02
 -0.871743E+02
 -0.871626E+02
 -0.871470E+02
 -0.871269E+02
 -0.871008E+02
 -0.870728E+02
 -0.870400E+02
 -0.870048E+02
 -0.869643E+02
 -0.869225E+02
 -0.868782E+02
 -0.868309E+02
 -0.867793E+02
 -0.867277E+02
 -0.866732E+02
 -0.866186E+02
 -0.865611E+02
 -0.865047E+02
 -0.864483E+02
 -0.863909E+02
 -0.863311E+02
 -0.862731E+02
 -0.862136E+02
 -0.861553E+02
 -0.860951E+02
 -0.860369E+02
 -0.859792E+02
 -0.859215E+02
 -0.858621E+02
 -0.858051E+02
 -0.857474E+02
 -0.856915E+02
 -0.856345E+02
 -0.855803E+02
 -0.855274E+02
 -0.854754E+02
 -0.854229E+02
 -0.853740E+02
 -0.853258E+02
 -0.852810E+02
 -0.852365E+02
 -0.851963E+02
 -0.851589E+02
 -0.851237E+02
 -0.850891E+02
 -0.850588E+02
 -0.850299E+02
 -0.850047E+02
 -0.849802E+02
 -0.849601E+02
 -0.849429E+02
 -0.849270E+02
 -0.849108E+02
 -0.848978E+02
 -0.848846E+02
 -0.848732E+02
 -0.848605E+02
 -0.848500E+02
 -0.848401E+02
 -0.848301E+02
 -0.848186E+02
 -0.848097E+02
 -0.848002E+02
 -0.847929E+02
 -0.847847E+02
 -0.847796E+02
 -0.847760E+02
 -0.847734E+02
 -0.847700E+02
 -0.847698E+02
 -0.847695E+02
 -0.847715E+02
 -0.847725E+02
 -0.847762E+02
 -0.847810E+02
 -0.847859E+02
 -0.847894E+02
 -0.847952E+02
 -0.848002E+02
 -0.848068E+02
 -0.848119E+02
 -0.848194E+02
 -0.848277E+02
 -0.848360E+02
 -0.848425E+02
 -0.848511E+02
 -0.848584E+02
 -0.848665E+02
 -0.848720E+02
 -0.848786E+02
 -0.848842E+02
 -0.848879E+02
 -0.848880E+02
 -0.848882E+02
 -0.848853E+02
 -0.848819E+02
 -0.848748E+02
 -0.848682E+02
 -0.848605E+02
 -0.848513E+02
 -0.848391E+02
 -0.848278E+02
 -0.848144E+02
 -0.848013E+02
 -0.847856E+02
 -0.847710E+02
 -0.847560E+02
 -0.847400E+02
 -0.847215E+02
 -0.847043E+02
 -0.846855E+02
 -0.846675E+02
 -0.846472E+02
 -0.846285E+02
 -0.846102E+02
 -0.845909E+02
 -0.845694E+02
 -0.845495E+02
 -0.845283E+02
 -0.845082E+02
 -0.844863E+02
 -0.844663E+02
 -0.844466E+02
 -0.844266E+02
 -0.844046E+02
 -0.843843E+02
 -0.843626E+02
 -0.843417E+02
 -0.843183E+02
 -0.842962E+02
 -0.842735E+02
 -0.842496E+02
 -0.842226E+02
 -0.841964E+02
 -0.841678E+02
 -0.841392E+02
 -0.841074E+02
 -0.840761E+02
 -0.840438E+02
 -0.840097E+02
 -0.839723E+02
 -0.839353E+02
 -0.838956E+02
 -0.838557E+02
 -0.838128E+02
 -0.837706E+02
 -0.837281E+02
 -0.836844E+02
 -0.836383E+02
 -0.835940E+02
 -0.835484E+02
 -0.835041E+02
 -0.834584E+02
 -0.834151E+02
 -0.833728E+02
 -0.833310E+02
 -0.832884E+02
 -0.832486E+02
 -0.832089E+02
 -0.831716E+02
 -0.831338E+02
 -0.830993E+02
 -0.830670E+02
 -0.830363E+02
 -0.830059E+02
 -0.829798E+02
 -0.829553E+02
 -0.829348E+02
 -0.829155E+02
 -0.829012E+02
 -0.828905E+02
 -0.828827E+02
 -0.828764E+02
 -0.828753E+02
 -0.828764E+02
 -0.828819E+02
 -0.828890E+02
 -0.829012E+02
 -0.829173E+02
 -0.829358E+02
 -0.829555E+02
 -0.829797E+02
 -0.830056E+02
 -0.830352E+02
 -0.830657E+02
 -0.831004E+02
 -0.831379E+02
 -0.831773E+02
 -0.832168E+02
 -0.832599E+02
 -0.833033E+02
 -0.833490E+02
 -0.833939E+02
 -0.834412E+02
 -0.834894E+02
 -0.835376E+02
 -0.835841E+02
 -0.836324E+02
 -0.836792E+02
 -0.837267E+02
 -0.837716E+02
 -0.838176E+02
 -0.838629E+02
 -0.839068E+02
 -0.839476E+02
 -0.839891E+02
 -0.840280E+02
 -0.840665E+02
 -0.841015E+02
 -0.841367E+02
 -0.841706E+02
 -0.842021E+02
 -0.842298E+02
 -0.842574E+02
 -0.842818E+02
 -0.843054E+02
 -0.843252E+02
 -0.843449E+02
 -0.843631E+02
 -0.843789E+02
 -0.843910E+02
 -0.844031E+02
 -0.844124E+02
 -0.844211E+02
 -0.844264E+02
 -0.844321E+02
 -0.844367E+02
 -0.844394E+02
 -0.844386E+02
 -0.844381E+02
 -0.844346E+02
 -0.844303E+02
 -0.844221E+02
 -0.844137E+02
 -0.844037E+02
 -0.843913E+02
 -0.843749E+02
 -0.843583E+02
 -0.843383E+02
 -0.843173E+02
 -0.842920E+02
 -0.842662E+02
 -0.842388E+02
 -0.842082E+02
 -0.841733E+02
 -0.841379E+02
 -0.840991E+02
 -0.840593E+02
 -0.840157E+02
 -0.839721E+02
 -0.839271E+02
 -0.838802E+02
 -0.838300E+02
 -0.837803E+02
 -0.837280E+02
 -0.836755E+02
 -0.836196E+02
 -0.835644E+02
 -0.835084E+02
 -0.834511E+02
 -0.833912E+02
 -0.833326E+02
 -0.832726E+02
 -0.832139E+02
 -0.831535E+02
 -0.830954E+02
 -0.830380E+02
 -0.829810E+02
 -0.829227E+02
 -0.828668E+02
 -0.828102E+02
 -0.827553E+02
 -0.826987E+02
 -0.826442E+02
 -0.825903E+02
 -0.825359E+02
 -0.824796E+02
 -0.824249E+02
 -0.823688E+02
 -0.823136E+02
 -0.822561E+02
 -0.822000E+02
 -0.821438E+02
 -0.820869E+02
 -0.820278E+02
 -0.819701E+02
 -0.819108E+02
 -0.818523E+02
 -0.817913E+02
 -0.817315E+02
 -0.816712E+02
 -0.816097E+02
 -0.815453E+02
 -0.814816E+02
 -0.814157E+02
 -0.813498E+02
 -0.812810E+02
 -0.812129E+02
 -0.811439E+02
 -0.810737E+02
 -0.810007E+02
 -0.809289E+02
 -0.808557E+02
 -0.807834E+02
 -0.807097E+02
 -0.806384E+02
 -0.805689E+02
 -0.805001E+02
 -0.804316E+02
 -0.803672E+02
 -0.803044E+02
 -0.802456E+02
 -0.801884E+02
 -0.801363E+02
 -0.800878E+02
 -0.800423E+02
 -0.799983E+02
 -0.799590E+02
 -0.799215E+02
 -0.798876E+02
 -0.798544E+02
 -0.798250E+02
 -0.797978E+02
 -0.797721E+02
 -0.797463E+02
 -0.797239E+02
 -0.797020E+02
 -0.796828E+02
 -0.796635E+02
 -0.796477E+02
 -0.796338E+02
 -0.796211E+02
 -0.796080E+02
 -0.795978E+02
 -0.795874E+02
 -0.795788E+02
 -0.795692E+02
 -0.795617E+02
 -0.795552E+02
 -0.795486E+02
 -0.795407E+02
 -0.795349E+02
 -0.795284E+02
 -0.795233E+02
 -0.795165E+02
 -0.795116E+02
 -0.795066E+02
 -0.795010E+02
 -0.794931E+02
 -0.794862E+02
 -0.794771E+02
 -0.794680E+02
 -0.794559E+02
 -0.794443E+02
 -0.794318E+02
 -0.794176E+02
 -0.794006E+02
 -0.793841E+02
 -0.793654E+02
 -0.793466E+02
 -0.793249E+02
 -0.793036E+02
 -0.792814E+02
 -0.792575E+02
 -0.792308E+02
 -0.792045E+02
 -0.791760E+02
 -0.791474E+02
 -0.791161E+02
 -0.790853E+02
 -0.790542E+02
 -0.790214E+02
 -0.789859E+02
 -0.789511E+02
 -0.789142E+02
 -0.788775E+02
 -0.788384E+02
 -0.788004E+02
 -0.787623E+02
 -0.787237E+02
 -0.786834E+02
 -0.786447E+02
 -0.786050E+02
 -0.785664E+02
 -0.785263E+02
 -0.784881E+02
 -0.784505E+02
 -0.784131E+02
 -0.783746E+02
 -0.783386E+02
 -0.783024E+02
 -0.782684E+02
 -0.782339E+02
 -0.782022E+02
 -0.781719E+02
 -0.781425E+02
 -0.781126E+02
 -0.780853E+02
 -0.780581E+02
 -0.780329E+02
 -0.780070E+02
 -0.779841E+02
 -0.779628E+02
 -0.779427E+02
 -0.779227E+02
 -0.779062E+02
 -0.778908E+02
 -0.778787E+02
 -0.778675E+02
 -0.778605E+02
 -0.778564E+02
 -0.778548E+02
 -0.778540E+02
 -0.778574E+02
 -0.778620E+02
 -0.778696E+02
 -0.778776E+02
 -0.778889E+02
 -0.779023E+02
 -0.779170E+02
 -0.779316E+02
 -0.779496E+02
 -0.779682E+02
 -0.779896E+02
 -0.780111E+02
 -0.780359E+02
 -0.780629E+02
 -0.780913E+02
 -0.781199E+02
 -0.781517E+02
 -0.781842E+02
 -0.782192E+02
 -0.782541E+02
 -0.782920E+02
 -0.783318E+02
 -0.783723E+02
 -0.784124E+02
 -0.784554E+02
 -0.784986E+02
 -0.785442E+02
 -0.785898E+02
 -0.786387E+02
 -0.786899E+02
 -0.787428E+02
 -0.787959E+02
 -0.788527E+02
 -0.789103E+02
 -0.789708E+02
 -0.790314E+02
 -0.790953E+02
 -0.791612E+02
 -0.792283E+02
 -0.792952E+02
 -0.793652E+02
 -0.794357E+02
 -0.795085E+02
 -0.795810E+02
 -0.796565E+02
 -0.797337E+02
 -0.798118E+02
 -0.798895E+02
 -0.799702E+02
 -0.800510E+02
 -0.801340E+02
 -0.802167E+02
 -0.803023E+02
 -0.803898E+02
 -0.804783E+02
 -0.805667E+02
 -0.806583E+02
 -0.807505E+02
 -0.808453E+02
 -0.809398E+02
 -0.810375E+02
 -0.811369E+02
 -0.812372E+02
 -0.813371E+02
 -0.814398E+02
 -0.815426E+02
 -0.816474E+02
 -0.817512E+02
 -0.818573E+02
 -0.819642E+02
 -0.820709E+02
 -0.821759E+02
 -0.822826E+02
 -0.823882E+02
 -0.824948E+02
 -0.825994E+02
 -0.827054E+02
 -0.828112E+02
 -0.829160E+02
 -0.830181E+02
 -0.831209E+02
 -0.832214E+02
 -0.833219E+02
 -0.834192E+02
 -0.835172E+02
 -0.836147E+02
 -0.837104E+02
 -0.838030E+02
 -0.838963E+02
 -0.839871E+02
 -0.840776E+02
 -0.841646E+02
 -0.842516E+02
 -0.843369E+02
 -0.844197E+02
 -0.844982E+02
 -0.845763E+02
 -0.846507E+02
 -0.847239E+02
 -0.847927E+02
 -0.848610E+02
 -0.849273E+02
 -0.849911E+02
 -0.850509E+02
 -0.851107E+02
 -0.851676E+02
 -0.852243E+02
 -0.852777E+02
 -0.853319E+02
 -0.853855E+02
 -0.854378E+02
 -0.854874E+02
 -0.855383E+02
 -0.855874E+02
 -0.856373E+02
 -0.856850E+02
 -0.857345E+02
 -0.857842E+02
 -0.858334E+02
 -0.858804E+02
 -0.859290E+02
 -0.859758E+02
 -0.860232E+02
 -0.860677E+02
 -0.861129E+02
 -0.861569E+02
 -0.861988E+02
 -0.862368E+02
 -0.862747E+02
 -0.863089E+02
 -0.863418E+02
 -0.863701E+02
 -0.863976E+02
 -0.864224E+02
 -0.864439E+02
 -0.864604E+02
 -0.864758E+02
 -0.864870E+02
 -0.864965E+02
 -0.865011E+02
 -0.865047E+02
 -0.865056E+02
 -0.865032E+02
 -0.864956E+02
 -0.864867E+02
 -0.864734E+02
 -0.864580E+02
 -0.864372E+02
 -0.864150E+02
 -0.863901E+02
 -0.863610E+02
 -0.863264E+02
 -0.862902E+02
 -0.862491E+02
 -0.862055E+02
 -0.861561E+02
 -0.861049E+02
 -0.860500E+02
 -0.859910E+02
 -0.859261E+02
 -0.858594E+02
 -0.857879E+02
 -0.857141E+02
 -0.856352E+02
 -0.855552E+02
 -0.854729E+02
 -0.853878E+02
 -0.852984E+02
 -0.852089E+02
 -0.851162E+02
 -0.850227E+02
 -0.849256E+02
 -0.848287E+02
 -0.847307E+02
 -0.846309E+02
 -0.845279E+02
 -0.844257E+02
 -0.843212E+02
 -0.842168E+02
 -0.841097E+02
 -0.840035E+02
 -0.838969E+02
 -0.837890E+02
 -0.836785E+02
 -0.835690E+02
 -0.834574E+02
 -0.833463E+02
 -0.832327E+02
 -0.831204E+02
 -0.830080E+02
 -0.828951E+02
 -0.827805E+02
 -0.826679E+02
 -0.825547E+02
 -0.824432E+02
 -0.823309E+02
 -0.822214E+02
 -0.821135E+02
 -0.820067E+02
 -0.818996E+02
 -0.817958E+02
 -0.816926E+02
 -0.815923E+02
 -0.814921E+02
 -0.813955E+02
 -0.813011E+02
 -0.812083E+02
 -0.811155E+02
 -0.810262E+02
 -0.809374E+02
 -0.808512E+02
 -0.807648E+02
 -0.806816E+02
 -0.806006E+02
 -0.805204E+02
 -0.804400E+02
 -0.803629E+02
 -0.802862E+02
 -0.802123E+02
 -0.801383E+02
 -0.800676E+02
 -0.799989E+02
 -0.799316E+02
 -0.798644E+02
 -0.798008E+02
 -0.797380E+02
 -0.796784E+02
 -0.796191E+02
 -0.795637E+02
 -0.795107E+02
 -0.794597E+02
 -0.794091E+02
 -0.793626E+02
 -0.793172E+02
 -0.792753E+02
 -0.792341E+02
 -0.791972E+02
 -0.791630E+02
 -0.791312E+02
 -0.791003E+02
 -0.790736E+02
 -0.790484E+02
 -0.790267E+02
 -0.790056E+02
 -0.789882E+02
 -0.789731E+02
 -0.789593E+02
 -0.789452E+02
 -0.789340E+02
 -0.789226E+02
 -0.789131E+02
 -0.789026E+02
 -0.788946E+02
 -0.788875E+02
 -0.788809E+02
 -0.788735E+02
 -0.788688E+02
 -0.788642E+02
 -0.788618E+02
 -0.788589E+02
 -0.788591E+02
 -0.788607E+02
 -0.788633E+02
 -0.788652E+02
 -0.788699E+02
 -0.788743E+02
 -0.788806E+02
 -0.788859E+02
 -0.788934E+02
 -0.789017E+02
 -0.789100E+02
 -0.789171E+02
 -0.789261E+02
 -0.789346E+02
 -0.789447E+02
 -0.789539E+02
 -0.789658E+02
 -0.789796E+02
 -0.789943E+02
 -0.790090E+02
 -0.790272E+02
 -0.790463E+02
 -0.790686E+02
 -0.790916E+02
 -0.791186E+02
 -0.791483E+02
 -0.791805E+02
 -0.792136E+02
 -0.792511E+02
 -0.792902E+02
 -0.793332E+02
 -0.793773E+02
 -0.794259E+02
 -0.794776E+02
 -0.795320E+02
 -0.795875E+02
 -0.796476E+02
 -0.797094E+02
 -0.797751E+02
 -0.798417E+02
 -0.799125E+02
 -0.799859E+02
 -0.800611E+02
 -0.801366E+02
 -0.802155E+02
 -0.802949E+02
 -0.803768E+02
 -0.804582E+02
 -0.805425E+02
 -0.806281E+02
 -0.807142E+02
 -0.807994E+02
 -0.808870E+02
 -0.809741E+02
 -0.810627E+02
 -0.811497E+02
 -0.812385E+02
 -0.813271E+02
 -0.814147E+02
 -0.814994E+02
 -0.815846E+02
 -0.816670E+02
 -0.817487E+02
 -0.818265E+02
 -0.819039E+02
 -0.819790E+02
 -0.820510E+02
 -0.821181E+02
 -0.821839E+02
 -0.822450E+02
 -0.823037E+02
 -0.823569E+02
 -0.824082E+02
 -0.824562E+02
 -0.825002E+02
 -0.825386E+02
 -0.825752E+02
 -0.826068E+02
 -0.826357E+02
 -0.826588E+02
 -0.826799E+02
 -0.826976E+02
 -0.827107E+02
 -0.827179E+02
 -0.827228E+02
 -0.827224E+02
 -0.827189E+02
 -0.827093E+02
 -0.826970E+02
 -0.826805E+02
 -0.826591E+02
 -0.826313E+02
 -0.826007E+02
 -0.825643E+02
 -0.825242E+02
 -0.824775E+02
 -0.824277E+02
 -0.823735E+02
 -0.823140E+02
 -0.822478E+02
 -0.821787E+02
 -0.821035E+02
 -0.820246E+02
 -0.819391E+02
 -0.818506E+02
 -0.817576E+02
 -0.816596E+02
 -0.815552E+02
 -0.814480E+02
 -0.813353E+02
 -0.812194E+02
 -0.810976E+02
 -0.809738E+02
 -0.808465E+02
 -0.807153E+02
 -0.805790E+02
 -0.804413E+02
 -0.802996E+02
 -0.801562E+02
 -0.800087E+02
 -0.798606E+02
 -0.797108E+02
 -0.795586E+02
 -0.794030E+02
 -0.792473E+02
 -0.790889E+02
 -0.789301E+02
 -0.787682E+02
 -0.786067E+02
 -0.784444E+02
 -0.782809E+02
 -0.781148E+02
 -0.779497E+02
 -0.777830E+02
 -0.776169E+02
 -0.774485E+02
 -0.772811E+02
 -0.771129E+02
 -0.769432E+02
 -0.767705E+02
 -0.765975E+02
 -0.764215E+02
 -0.762443E+02
 -0.760634E+02
 -0.758817E+02
 -0.756983E+02
 -0.755122E+02
 -0.753223E+02
 -0.751318E+02
 -0.749383E+02
 -0.747436E+02
 -0.745454E+02
 -0.743469E+02
 -0.741468E+02
 -0.739449E+02
 -0.737402E+02
 -0.735357E+02
 -0.733293E+02
 -0.731230E+02
 -0.729146E+02
 -0.727070E+02
 -0.724991E+02
 -0.722904E+02
 -0.720799E+02
 -0.718704E+02
 -0.716597E+02
 -0.714496E+02
 -0.712380E+02
 -0.710275E+02
 -0.708174E+02
 -0.706072E+02
 -0.703961E+02
 -0.701870E+02
 -0.699779E+02
 -0.697707E+02
 -0.695635E+02
 -0.693593E+02
 -0.691572E+02
 -0.689569E+02
 -0.687577E+02
 -0.685625E+02
 -0.683694E+02
 -0.681804E+02
 -0.679937E+02
 -0.678121E+02
 -0.676346E+02
 -0.674611E+02
 -0.672908E+02
 -0.671261E+02
 -0.669650E+02
 -0.668091E+02
 -0.666563E+02
 -0.665088E+02
 -0.663656E+02
 -0.662260E+02
 -0.660891E+02
 -0.659569E+02
 -0.658275E+02
 -0.657022E+02
 -0.655791E+02
 -0.654604E+02
 -0.653452E+02
 -0.652331E+02
 -0.651231E+02
 -0.650176E+02
 -0.649147E+02
 -0.648158E+02
 -0.647190E+02
 -0.646264E+02
 -0.645372E+02
 -0.644505E+02
 -0.643657E+02
 -0.642847E+02
 -0.642058E+02
 -0.641304E+02
 -0.640567E+02
 -0.639869E+02
 -0.639199E+02
 -0.638555E+02
 -0.637926E+02
 -0.637335E+02
 -0.636762E+02
 -0.636222E+02
 -0.635696E+02
 -0.635204E+02
 -0.634737E+02
 -0.634290E+02
 -0.633854E+02
 -0.633450E+02
 -0.633059E+02
 -0.632696E+02
 -0.632344E+02
 -0.632024E+02
 -0.631728E+02
 -0.631451E+02
 -0.631185E+02
 -0.630950E+02
 -0.630730E+02
 -0.630535E+02
 -0.630349E+02
 -0.630191E+02
 -0.630053E+02
 -0.629928E+02
 -0.629809E+02
 -0.629714E+02
 -0.629628E+02
 -0.629564E+02
 -0.629505E+02
 -0.629472E+02
 -0.629456E+02
 -0.629453E+02
 -0.629455E+02
 -0.629480E+02
 -0.629509E+02
 -0.629555E+02
 -0.629599E+02
 -0.629659E+02
 -0.629727E+02
 -0.629798E+02
 -0.629863E+02
 -0.629942E+02
 -0.630019E+02
 -0.630106E+02
 -0.630186E+02
 -0.630279E+02
 -0.630378E+02
 -0.630479E+02
 -0.630572E+02
 -0.630680E+02
 -0.630784E+02
 -0.630897E+02
 -0.631002E+02
 -0.631118E+02
 -0.631237E+02
 -0.631352E+02
 -0.631455E+02
 -0.631566E+02
 -0.631668E+02
 -0.631773E+02
 -0.631863E+02
 -0.631958E+02
 -0.632050E+02
 -0.632134E+02
 -0.632202E+02
 -0.632275E+02
 -0.632335E+02
 -0.632394E+02
 -0.632436E+02
 -0.632480E+02
 -0.632517E+02
 -0.632542E+02
 -0.632545E+02
 -0.632546E+02
 -0.632528E+02
 -0.632505E+02
 -0.632457E+02
 -0.632408E+02
 -0.632348E+02
 -0.632274E+02
 -0.632177E+02
 -0.632078E+02
 -0.631963E+02
 -0.631843E+02
 -0.631703E+02
 -0.631566E+02
 -0.631423E+02
 -0.631270E+02
 -0.631099E+02
 -0.630932E+02
 -0.630753E+02
 -0.630574E+02
 -0.630380E+02
 -0.630193E+02
 -0.630007E+02
 -0.629818E+02
 -0.629620E+02
 -0.629436E+02
 -0.629251E+02
 -0.629079E+02
 -0.628903E+02
 -0.628745E+02
 -0.628595E+02
 -0.628451E+02
 -0.628302E+02
 -0.628171E+02
 -0.628040E+02
 -0.627922E+02
 -0.627802E+02
 -0.627701E+02
 -0.627613E+02
 -0.627535E+02
 -0.627460E+02
 -0.627410E+02
 -0.627372E+02
 -0.627359E+02
 -0.627357E+02
 -0.627388E+02
 -0.627446E+02
 -0.627523E+02
 -0.627613E+02
 -0.627737E+02
 -0.627878E+02
 -0.628048E+02
 -0.628232E+02
 -0.628449E+02
 -0.628689E+02
 -0.628951E+02
 -0.629224E+02
 -0.629529E+02
 -0.629850E+02
 -0.630198E+02
 -0.630559E+02
 -0.630951E+02
 -0.631367E+02
 -0.631803E+02
 -0.632250E+02
 -0.632729E+02
 -0.633224E+02
 -0.633746E+02
 -0.634280E+02
 -0.634847E+02
 -0.635439E+02
 -0.636053E+02
 -0.636680E+02
 -0.637342E+02
 -0.638024E+02
 -0.638738E+02
 -0.639469E+02
 -0.640240E+02
 -0.641044E+02
 -0.641878E+02
 -0.642735E+02
 -0.643638E+02
 -0.644571E+02
 -0.645550E+02
 -0.646558E+02
 -0.647618E+02
 -0.648723E+02
 -0.649868E+02
 -0.651044E+02
 -0.652275E+02
 -0.653541E+02
 -0.654857E+02
 -0.656202E+02
 -0.657600E+02
 -0.659042E+02
 -0.660520E+02
 -0.662026E+02
 -0.663581E+02
 -0.665166E+02
 -0.666792E+02
 -0.668438E+02
 -0.670126E+02
 -0.671841E+02
 -0.673577E+02
 -0.675320E+02
 -0.677091E+02
 -0.678868E+02
 -0.680664E+02
 -0.682457E+02
 -0.684271E+02
 -0.686096E+02
 -0.687921E+02
 -0.689738E+02
 -0.691571E+02
 -0.693396E+02
 -0.695228E+02
 -0.697044E+02
 -0.698870E+02
 -0.700693E+02
 -0.702507E+02
 -0.704302E+02
 -0.706103E+02
 -0.707888E+02
 -0.709672E+02
 -0.711434E+02
 -0.713198E+02
 -0.714953E+02
 -0.716691E+02
 -0.718401E+02
 -0.720109E+02
 -0.721792E+02
 -0.723468E+02
 -0.725112E+02
 -0.726755E+02
 -0.728384E+02
 -0.729995E+02
 -0.731578E+02
 -0.733162E+02
 -0.734724E+02
 -0.736284E+02
 -0.737817E+02
 -0.739353E+02
 -0.740883E+02
 -0.742397E+02
 -0.743885E+02
 -0.745377E+02
 -0.746850E+02
 -0.748322E+02
 -0.749770E+02
 -0.751226E+02
 -0.752678E+02
 -0.754122E+02
 -0.755546E+02
 -0.756981E+02
 -0.758404E+02
 -0.759832E+02
 -0.761243E+02
 -0.762666E+02
 -0.764089E+02
 -0.765505E+02
 -0.766900E+02
 -0.768303E+02
 -0.769689E+02
 -0.771074E+02
 -0.772432E+02
 -0.773793E+02
 -0.775143E+02
 -0.776476E+02
 -0.777776E+02
 -0.779077E+02
 -0.780351E+02
 -0.781620E+02
 -0.782856E+02
 -0.784093E+02
 -0.785320E+02
 -0.786525E+02
 -0.787697E+02
 -0.788868E+02
 -0.790012E+02
 -0.791149E+02
 -0.792252E+02
 -0.793355E+02
 -0.794446E+02
 -0.795519E+02
 -0.796561E+02
 -0.797606E+02
 -0.798627E+02
 -0.799646E+02
 -0.800635E+02
 -0.801629E+02
 -0.802614E+02
 -0.803585E+02
 -0.804527E+02
 -0.805477E+02
 -0.806408E+02
 -0.807342E+02
 -0.808252E+02
 -0.809175E+02
 -0.810099E+02
 -0.811017E+02
 -0.811919E+02
 -0.812839E+02
 -0.813752E+02
 -0.814680E+02
 -0.815594E+02
 -0.816530E+02
 -0.817474E+02
 -0.818415E+02
 -0.819338E+02
 -0.820277E+02
 -0.821202E+02
 -0.822136E+02
 -0.823048E+02
 -0.823975E+02
 -0.824902E+02
 -0.825825E+02
 -0.826729E+02
 -0.827650E+02
 -0.828560E+02
 -0.829484E+02
 -0.830392E+02
 -0.831321E+02
 -0.832259E+02
 -0.833199E+02
 -0.834128E+02
 -0.835083E+02
 -0.836036E+02
 -0.837009E+02
 -0.837972E+02
 -0.838963E+02
 -0.839965E+02
 -0.840971E+02
 -0.841965E+02
 -0.842985E+02
 -0.844000E+02
 -0.845034E+02
 -0.846057E+02
 -0.847105E+02
 -0.848168E+02
 -0.849230E+02
 -0.850278E+02
 -0.851350E+02
 -0.852415E+02
 -0.853496E+02
 -0.854561E+02
 -0.855649E+02
 -0.856741E+02
 -0.857829E+02
 -0.858896E+02
 -0.859980E+02
 -0.861046E+02
 -0.862118E+02
 -0.863163E+02
 -0.864220E+02
 -0.865271E+02
 -0.866309E+02
 -0.867316E+02
 -0.868332E+02
 -0.869324E+02
 -0.870316E+02
 -0.871275E+02
 -0.872239E+02
 -0.873190E+02
 -0.874122E+02
 -0.875017E+02
 -0.875914E+02
 -0.876782E+02
 -0.877646E+02
 -0.878473E+02
 -0.879304E+02
 -0.880125E+02
 -0.880926E+02
 -0.881694E+02
 -0.882470E+02
 -0.883221E+02
 -0.883976E+02
 -0.884702E+02
 -0.885441E+02
 -0.886178E+02
 -0.886905E+02
 -0.887607E+02
 -0.888325E+02
 -0.889027E+02
 -0.889739E+02
 -0.890428E+02
 -0.891137E+02
 -0.891847E+02
 -0.892550E+02
 -0.893229E+02
 -0.893923E+02
 -0.894598E+02
 -0.895279E+02
 -0.895928E+02
 -0.896587E+02
 -0.897234E+02
 -0.897862E+02
 -0.898449E+02
 -0.899036E+02
 -0.899584E+02
 -0.900119E+02
 -0.900602E+02
 -0.901075E+02
 -0.901521E+02
 -0.901922E+02
 -0.902263E+02
 -0.902587E+02
 -0.902856E+02
 -0.903099E+02
 -0.903281E+02
 -0.903445E+02
 -0.903575E+02
 -0.903665E+02
 -0.903697E+02
 -0.903715E+02
 -0.903685E+02
 -0.903634E+02
 -0.903529E+02
 -0.903415E+02
 -0.903276E+02
 -0.903107E+02
 -0.902891E+02
 -0.902675E+02
 -0.902426E+02
 -0.902173E+02
 -0.901884E+02
 -0.901604E+02
 -0.901319E+02
 -0.901022E+02
 -0.900699E+02
 -0.900394E+02
 -0.900074E+02
 -0.899769E+02
 -0.899444E+02
 -0.899146E+02
 -0.898858E+02
 -0.898574E+02
 -0.898276E+02
 -0.898009E+02
 -0.897738E+02
 -0.897493E+02
 -0.897238E+02
 -0.897017E+02
 -0.896813E+02
 -0.896621E+02
 -0.896424E+02
 -0.896264E+02
 -0.896108E+02
 -0.895983E+02
 -0.895855E+02
 -0.895766E+02
 -0.895699E+02
 -0.895646E+02
 -0.895591E+02
 -0.895576E+02
 -0.895566E+02
 -0.895588E+02
 -0.895609E+02
 -0.895670E+02
 -0.895755E+02
 -0.895856E+02
 -0.895957E+02
 -0.896099E+02
 -0.896248E+02
 -0.896429E+02
 -0.896606E+02
 -0.896821E+02
 -0.897058E+02
 -0.897301E+02
 -0.897536E+02
 -0.897804E+02
 -0.898069E+02
 -0.898359E+02
 -0.898638E+02
 -0.898949E+02
 -0.899272E+02
 -0.899601E+02
 -0.899917E+02
 -0.900260E+02
 -0.900595E+02
 -0.900947E+02
 -0.901278E+02
 -0.901628E+02
 -0.901978E+02
 -0.902317E+02
 -0.902625E+02
 -0.902942E+02
 -0.903231E+02
 -0.903519E+02
 -0.903766E+02
 -0.904017E+02
 -0.904250E+02
 -0.904460E+02
 -0.904628E+02
 -0.904796E+02
 -0.904929E+02
 -0.905055E+02
 -0.905137E+02
 -0.905217E+02
 -0.905279E+02
 -0.905309E+02
 -0.905291E+02
 -0.905266E+02
 -0.905196E+02
 -0.905106E+02
 -0.904958E+02
 -0.904794E+02
 -0.904592E+02
 -0.904344E+02
 -0.904030E+02
 -0.903693E+02
 -0.903298E+02
 -0.902872E+02
 -0.902382E+02
 -0.901870E+02
 -0.901321E+02
 -0.900729E+02
 -0.900077E+02
 -0.899409E+02
 -0.898693E+02
 -0.897956E+02
 -0.897164E+02
 -0.896362E+02
 -0.895532E+02
 -0.894669E+02
 -0.893756E+02
 -0.892837E+02
 -0.891878E+02
 -0.890909E+02
 -0.889897E+02
 -0.888887E+02
 -0.887867E+02
 -0.886824E+02
 -0.885746E+02
 -0.884676E+02
 -0.883580E+02
 -0.882484E+02
 -0.881355E+02
 -0.880231E+02
 -0.879095E+02
 -0.877939E+02
 -0.876744E+02
 -0.875551E+02
 -0.874327E+02
 -0.873098E+02
 -0.871830E+02
 -0.870565E+02
 -0.869285E+02
 -0.867986E+02
 -0.866651E+02
 -0.865320E+02
 -0.863962E+02
 -0.862602E+02
 -0.861208E+02
 -0.859819E+02
 -0.858418E+02
 -0.856997E+02
 -0.855538E+02
 -0.854078E+02
 -0.852584E+02
 -0.851078E+02
 -0.849529E+02
 -0.847974E+02
 -0.846398E+02
 -0.844794E+02
 -0.843147E+02
 -0.841498E+02
 -0.839817E+02
 -0.838129E+02
 -0.836404E+02
 -0.834681E+02
 -0.832945E+02
 -0.831191E+02
 -0.829404E+02
 -0.827621E+02
 -0.825813E+02
 -0.824005E+02
 -0.822169E+02
 -0.820343E+02
 -0.818512E+02
 -0.816673E+02
 -0.814813E+02
 -0.812970E+02
 -0.811117E+02
 -0.809278E+02
 -0.807426E+02
 -0.805598E+02
 -0.803781E+02
 -0.801971E+02
 -0.800154E+02
 -0.798367E+02
 -0.796584E+02
 -0.794830E+02
 -0.793076E+02
 -0.791361E+02
 -0.789672E+02
 -0.787998E+02
 -0.786329E+02
 -0.784697E+02
 -0.783074E+02
 -0.781480E+02
 -0.779887E+02
 -0.778327E+02
 -0.776786E+02
 -0.775257E+02
 -0.773725E+02
 -0.772224E+02
 -0.770726E+02
 -0.769253E+02
 -0.767777E+02
 -0.766333E+02
 -0.764910E+02
 -0.763502E+02
 -0.762098E+02
 -0.760733E+02
 -0.759380E+02
 -0.758062E+02
 -0.756752E+02
 -0.755483E+02
 -0.754239E+02
 -0.753016E+02
 -0.751802E+02
 -0.750625E+02
 -0.749460E+02
 -0.748328E+02
 -0.747203E+02
 -0.746115E+02
 -0.745053E+02
 -0.744010E+02
 -0.742973E+02
 -0.741973E+02
 -0.740984E+02
 -0.740024E+02
 -0.739069E+02
 -0.738147E+02
 -0.737242E+02
 -0.736350E+02
 -0.735456E+02
 -0.734588E+02
 -0.733719E+02
 -0.732868E+02
 -0.732008E+02
 -0.731168E+02
 -0.730336E+02
 -0.729505E+02
 -0.728663E+02
 -0.727839E+02
 -0.727008E+02
 -0.726190E+02
 -0.725359E+02
 -0.724544E+02
 -0.723733E+02
 -0.722921E+02
 -0.722095E+02
 -0.721283E+02
 -0.720461E+02
 -0.719647E+02
 -0.718817E+02
 -0.717999E+02
 -0.717184E+02
 -0.716364E+02
 -0.715528E+02
 -0.714706E+02
 -0.713875E+02
 -0.713052E+02
 -0.712216E+02
 -0.711393E+02
 -0.710573E+02
 -0.709750E+02
 -0.708913E+02
 -0.708090E+02
 -0.707259E+02
 -0.706438E+02
 -0.705607E+02
 -0.704792E+02
 -0.703985E+02
 -0.703182E+02
 -0.702375E+02
 -0.701589E+02
 -0.700806E+02
 -0.700041E+02
 -0.699274E+02
 -0.698528E+02
 -0.697792E+02
 -0.697062E+02
 -0.696325E+02
 -0.695606E+02
 -0.694884E+02
 -0.694174E+02
 -0.693456E+02
 -0.692754E+02
 -0.692059E+02
 -0.691363E+02
 -0.690656E+02
 -0.689963E+02
 -0.689259E+02
 -0.688561E+02
 -0.687845E+02
 -0.687136E+02
 -0.686421E+02
 -0.685695E+02
 -0.684948E+02
 -0.684204E+02
 -0.683442E+02
 -0.682677E+02
 -0.681890E+02
 -0.681104E+02
 -0.680312E+02
 -0.679508E+02
 -0.678685E+02
 -0.677868E+02
 -0.677038E+02
 -0.676213E+02
 -0.675374E+02
 -0.674546E+02
 -0.673722E+02
 -0.672897E+02
 -0.672063E+02
 -0.671243E+02
 -0.670417E+02
 -0.669602E+02
 -0.668777E+02
 -0.667967E+02
 -0.667163E+02
 -0.666358E+02
 -0.665544E+02
 -0.664747E+02
 -0.663946E+02
 -0.663159E+02
 -0.662367E+02
 -0.661595E+02
 -0.660834E+02
 -0.660082E+02
 -0.659330E+02
 -0.658603E+02
 -0.657883E+02
 -0.657186E+02
 -0.656495E+02
 -0.655833E+02
 -0.655192E+02
 -0.654571E+02
 -0.653961E+02
 -0.653386E+02
 -0.652829E+02
 -0.652305E+02
 -0.651797E+02
 -0.651327E+02
 -0.650886E+02
 -0.650472E+02
 -0.650075E+02
 -0.649716E+02
 -0.649377E+02
 -0.649071E+02
 -0.648777E+02
 -0.648517E+02
 -0.648277E+02
 -0.648049E+02
 -0.647822E+02
 -0.647614E+02
 -0.647405E+02
 -0.647206E+02
 -0.646997E+02
 -0.646801E+02
 -0.646606E+02
 -0.646410E+02
 -0.646204E+02
 -0.646010E+02
 -0.645811E+02
 -0.645620E+02
 -0.645422E+02
 -0.645238E+02
 -0.645060E+02
 -0.644883E+02
 -0.644699E+02
 -0.644531E+02
 -0.644359E+02
 -0.644200E+02
 -0.644035E+02
 -0.643887E+02
 -0.643746E+02
 -0.643611E+02
 -0.643472E+02
 -0.643352E+02
 -0.643233E+02
 -0.643130E+02
 -0.643026E+02
 -0.642942E+02
 -0.642871E+02
 -0.642807E+02
 -0.642742E+02
 -0.642699E+02
 -0.642660E+02
 -0.642639E+02
 -0.642621E+02
 -0.642628E+02
 -0.642652E+02
 -0.642690E+02
 -0.642734E+02
 -0.642807E+02
 -0.642891E+02
 -0.643002E+02
 -0.643121E+02
 -0.643270E+02
 -0.643441E+02
 -0.643629E+02
 -0.643824E+02
 -0.644047E+02
 -0.644280E+02
 -0.644535E+02
 -0.644793E+02
 -0.645074E+02
 -0.645369E+02
 -0.645674E+02
 -0.645978E+02
 -0.646304E+02
 -0.646634E+02
 -0.646983E+02
 -0.647332E+02
 -0.647706E+02
 -0.648095E+02
 -0.648495E+02
 -0.648897E+02
 -0.649324E+02
 -0.649758E+02
 -0.650215E+02
 -0.650676E+02
 -0.651165E+02
 -0.651674E+02
 -0.652199E+02
 -0.652732E+02
 -0.653296E+02
 -0.653872E+02
 -0.654475E+02
 -0.655087E+02
 -0.655730E+02
 -0.656396E+02
 -0.657080E+02
 -0.657775E+02
 -0.658502E+02
 -0.659243E+02
 -0.660013E+02
 -0.660792E+02
 -0.661603E+02
 -0.662435E+02
 -0.663282E+02
 -0.664137E+02
 -0.665019E+02
 -0.665911E+02
 -0.666827E+02
 -0.667748E+02
 -0.668697E+02
 -0.669667E+02
 -0.670647E+02
 -0.671627E+02
 -0.672630E+02
 -0.673634E+02
 -0.674652E+02
 -0.675662E+02
 -0.676688E+02
 -0.677719E+02
 -0.678748E+02
 -0.679767E+02
 -0.680799E+02
 -0.681825E+02
 -0.682860E+02
 -0.683885E+02
 -0.684924E+02
 -0.685968E+02
 -0.687013E+02
 -0.688046E+02
 -0.689094E+02
 -0.690135E+02
 -0.691184E+02
 -0.692220E+02
 -0.693266E+02
 -0.694310E+02
 -0.695350E+02
 -0.696372E+02
 -0.697403E+02
 -0.698421E+02
 -0.699443E+02
 -0.700448E+02
 -0.701466E+02
 -0.702487E+02
 -0.703509E+02
 -0.704523E+02
 -0.705560E+02
 -0.706600E+02
 -0.707662E+02
 -0.708726E+02
 -0.709819E+02
 -0.710931E+02
 -0.712058E+02
 -0.713189E+02
 -0.714349E+02
 -0.715518E+02
 -0.716711E+02
 -0.717908E+02
 -0.719134E+02
 -0.720380E+02
 -0.721640E+02
 -0.722903E+02
 -0.724196E+02
 -0.725497E+02
 -0.726824E+02
 -0.728152E+02
 -0.729511E+02
 -0.730888E+02
 -0.732278E+02
 -0.733665E+02
 -0.735077E+02
 -0.736488E+02
 -0.737912E+02
 -0.739323E+02
 -0.740746E+02
 -0.742171E+02
 -0.743585E+02
 -0.744975E+02
 -0.746372E+02
 -0.747749E+02
 -0.749124E+02
 -0.750471E+02
 -0.751820E+02
 -0.753157E+02
 -0.754475E+02
 -0.755762E+02
 -0.757046E+02
 -0.758300E+02
 -0.759544E+02
 -0.760750E+02
 -0.761948E+02
 -0.763127E+02
 -0.764280E+02
 -0.765394E+02
 -0.766503E+02
 -0.767580E+02
 -0.768647E+02
 -0.769678E+02
 -0.770707E+02
 -0.771722E+02
 -0.772719E+02
 -0.773687E+02
 -0.774659E+02
 -0.775611E+02
 -0.776566E+02
 -0.777497E+02
 -0.778440E+02
 -0.779381E+02
 -0.780314E+02
 -0.781226E+02
 -0.782150E+02
 -0.783058E+02
 -0.783972E+02
 -0.784865E+02
 -0.785769E+02
 -0.786671E+02
 -0.787563E+02
 -0.788432E+02
 -0.789310E+02
 -0.790168E+02
 -0.791027E+02
 -0.791858E+02
 -0.792694E+02
 -0.793521E+02
 -0.794331E+02
 -0.795110E+02
 -0.795890E+02
 -0.796642E+02
 -0.797386E+02
 -0.798093E+02
 -0.798792E+02
 -0.799467E+02
 -0.800109E+02
 -0.800701E+02
 -0.801276E+02
 -0.801802E+02
 -0.802300E+02
 -0.802743E+02
 -0.803165E+02
 -0.803555E+02
 -0.803902E+02
 -0.804194E+02
 -0.804467E+02
 -0.804692E+02
 -0.804892E+02
 -0.805038E+02
 -0.805164E+02
 -0.805254E+02
 -0.805305E+02
 -0.805299E+02
 -0.805273E+02
 -0.805198E+02
 -0.805097E+02
 -0.804941E+02
 -0.804768E+02
 -0.804564E+02
 -0.804325E+02
 -0.804038E+02
 -0.803740E+02
 -0.803406E+02
 -0.803059E+02
 -0.802675E+02
 -0.802289E+02
 -0.801888E+02
 -0.801469E+02
 -0.801016E+02
 -0.800566E+02
 -0.800092E+02
 -0.799615E+02
 -0.799110E+02
 -0.798611E+02
 -0.798106E+02
 -0.797587E+02
 -0.797043E+02
 -0.796508E+02
 -0.795953E+02
 -0.795402E+02
 -0.794828E+02
 -0.794264E+02
 -0.793698E+02
 -0.793126E+02
 -0.792533E+02
 -0.791954E+02
 -0.791363E+02
 -0.790781E+02
 -0.790183E+02
 -0.789603E+02
 -0.789029E+02
 -0.788456E+02
 -0.787872E+02
 -0.787311E+02
 -0.786749E+02
 -0.786207E+02
 -0.785659E+02
 -0.785139E+02
 -0.784636E+02
 -0.784144E+02
 -0.783650E+02
 -0.783190E+02
 -0.782737E+02
 -0.782312E+02
 -0.781891E+02
 -0.781506E+02
 -0.781148E+02
 -0.780804E+02
 -0.780466E+02
 -0.780165E+02
 -0.779874E+02
 -0.779615E+02
 -0.779361E+02
 -0.779144E+02
 -0.778949E+02
 -0.778773E+02
 -0.778601E+02
 -0.778465E+02
 -0.778338E+02
 -0.778242E+02
 -0.778149E+02
 -0.778092E+02
 -0.778058E+02
 -0.778042E+02
 -0.778030E+02
 -0.778054E+02
 -0.778089E+02
 -0.778154E+02
 -0.778222E+02
 -0.778326E+02
 -0.778449E+02
 -0.778587E+02
 -0.778723E+02
 -0.778888E+02
 -0.779052E+02
 -0.779236E+02
 -0.779410E+02
 -0.779606E+02
 -0.779809E+02
 -0.780010E+02
 -0.780197E+02
 -0.780400E+02
 -0.780592E+02
 -0.780792E+02
 -0.780973E+02
 -0.781165E+02
 -0.781352E+02
 -0.781526E+02
 -0.781671E+02
 -0.781816E+02
 -0.781930E+02
 -0.782033E+02
 -0.782094E+02
 -0.782144E+02
 -0.782166E+02
 -0.782152E+02
 -0.782085E+02
 -0.781997E+02
 -0.781858E+02
 -0.781688E+02
 -0.781458E+02
 -0.781199E+02
 -0.780897E+02
 -0.780545E+02
 -0.780131E+02
 -0.779685E+02
 -0.779182E+02
 -0.778642E+02
 -0.778040E+02
 -0.777407E+02
 -0.776734E+02
 -0.776009E+02
 -0.775222E+02
 -0.774406E+02
 -0.773536E+02
 -0.772632E+02
 -0.771671E+02
 -0.770685E+02
 -0.769662E+02
 -0.768601E+02
 -0.767487E+02
 -0.766356E+02
 -0.765182E+02
 -0.763988E+02
 -0.762748E+02
 -0.761497E+02
 -0.760222E+02
 -0.758922E+02
 -0.757583E+02
 -0.756241E+02
 -0.754870E+02
 -0.753494E+02
 -0.752087E+02
 -0.750684E+02
 -0.749271E+02
 -0.747846E+02
 -0.746398E+02
 -0.744958E+02
 -0.743501E+02
 -0.742048E+02
 -0.740575E+02
 -0.739113E+02
 -0.737651E+02
 -0.736184E+02
 -0.734700E+02
 -0.733232E+02
 -0.731754E+02
 -0.730288E+02
 -0.728808E+02
 -0.727345E+02
 -0.725885E+02
 -0.724425E+02
 -0.722952E+02
 -0.721495E+02
 -0.720030E+02
 -0.718576E+02
 -0.717110E+02
 -0.715661E+02
 -0.714217E+02
 -0.712776E+02
 -0.711326E+02
 -0.709898E+02
 -0.708470E+02
 -0.707061E+02
 -0.705651E+02
 -0.704269E+02
 -0.702904E+02
 -0.701554E+02
 -0.700209E+02
 -0.698896E+02
 -0.697594E+02
 -0.696319E+02
 -0.695051E+02
 -0.693814E+02
 -0.692599E+02
 -0.691397E+02
 -0.690197E+02
 -0.689026E+02
 -0.687859E+02
 -0.686714E+02
 -0.685569E+02
 -0.684447E+02
 -0.683339E+02
 -0.682239E+02
 -0.681137E+02
 -0.680057E+02
 -0.678978E+02
 -0.677916E+02
 -0.676849E+02
 -0.675800E+02
 -0.674758E+02
 -0.673719E+02
 -0.672671E+02
 -0.671638E+02
 -0.670600E+02
 -0.669573E+02
 -0.668535E+02
 -0.667512E+02
 -0.666492E+02
 -0.665472E+02
 -0.664442E+02
 -0.663424E+02
 -0.662400E+02
 -0.661384E+02
 -0.660357E+02
 -0.659342E+02
 -0.658328E+02
 -0.657312E+02
 -0.656283E+02
 -0.655266E+02
 -0.654240E+02
 -0.653221E+02
 -0.652190E+02
 -0.651167E+02
 -0.650143E+02
 -0.649114E+02
 -0.648068E+02
 -0.647028E+02
 -0.645974E+02
 -0.644919E+02
 -0.643844E+02
 -0.642771E+02
 -0.641688E+02
 -0.640591E+02
 -0.639472E+02
 -0.638351E+02
 -0.637210E+02
 -0.636065E+02
 -0.634898E+02
 -0.633731E+02
 -0.632556E+02
 -0.631369E+02
 -0.630164E+02
 -0.628961E+02
 -0.627744E+02
 -0.626528E+02
 -0.625296E+02
 -0.624069E+02
 -0.622841E+02
 -0.621606E+02
 -0.620359E+02
 -0.619119E+02
 -0.617872E+02
 -0.616634E+02
 -0.615388E+02
 -0.614156E+02
 -0.612931E+02
 -0.611712E+02
 -0.610491E+02
 -0.609290E+02
 -0.608092E+02
 -0.606912E+02
 -0.605734E+02
 -0.604578E+02
 -0.603435E+02
 -0.602304E+02
 -0.601176E+02
 -0.600071E+02
 -0.598975E+02
 -0.597898E+02
 -0.596826E+02
 -0.595777E+02
 -0.594743E+02
 -0.593720E+02
 -0.592700E+02
 -0.591702E+02
 -0.590710E+02
 -0.589735E+02
 -0.588762E+02
 -0.587807E+02
 -0.586863E+02
 -0.585926E+02
 -0.584988E+02
 -0.584067E+02
 -0.583148E+02
 -0.582242E+02
 -0.581335E+02
 -0.580443E+02
 -0.579559E+02
 -0.578681E+02
 -0.577801E+02
 -0.576937E+02
 -0.576074E+02
 -0.575226E+02
 -0.574378E+02
 -0.573548E+02
 -0.572731E+02
 -0.571925E+02
 -0.571123E+02
 -0.570342E+02
 -0.569569E+02
 -0.568814E+02
 -0.568064E+02
 -0.567334E+02
 -0.566617E+02
 -0.565912E+02
 -0.565211E+02
 -0.564530E+02
 -0.563854E+02
 -0.563194E+02
 -0.562536E+02
 -0.561893E+02
 -0.561259E+02
 -0.560629E+02
 -0.559997E+02
 -0.559376E+02
 -0.558755E+02
 -0.558142E+02
 -0.557525E+02
 -0.556918E+02
 -0.556315E+02
 -0.555714E+02
 -0.555108E+02
 -0.554514E+02
 -0.553921E+02
 -0.553338E+02
 -0.552755E+02
 -0.552188E+02
 -0.551633E+02
 -0.551088E+02
 -0.550548E+02
 -0.550028E+02
 -0.549519E+02
 -0.549031E+02
 -0.548553E+02
 -0.548100E+02
 -0.547667E+02
 -0.547254E+02
 -0.546857E+02
 -0.546491E+02
 -0.546148E+02
 -0.545838E+02
 -0.545552E+02
 -0.545307E+02
 -0.545099E+02
 -0.544927E+02
 -0.544786E+02
 -0.544690E+02
 -0.544629E+02
 -0.544612E+02
 -0.544627E+02
 -0.544688E+02
 -0.544788E+02
 -0.544926E+02
 -0.545096E+02
 -0.545310E+02
 -0.545558E+02
 -0.545848E+02
 -0.546166E+02
 -0.546525E+02
 -0.546920E+02
 -0.547345E+02
 -0.547794E+02
 -0.548279E+02
 -0.548789E+02
 -0.549331E+02
 -0.549893E+02
 -0.550488E+02
 -0.551109E+02
 -0.551751E+02
 -0.552407E+02
 -0.553088E+02
 -0.553780E+02
 -0.554491E+02
 -0.555206E+02
 -0.555936E+02
 -0.556677E+02
 -0.557419E+02
 -0.558156E+02
 -0.558901E+02
 -0.559639E+02
 -0.560380E+02
 -0.561109E+02
 -0.561840E+02
 -0.562566E+02
 -0.563286E+02
 -0.563993E+02
 -0.564702E+02
 -0.565400E+02
 -0.566098E+02
 -0.566782E+02
 -0.567466E+02
 -0.568144E+02
 -0.568812E+02
 -0.569464E+02
 -0.570114E+02
 -0.570749E+02
 -0.571379E+02
 -0.571992E+02
 -0.572602E+02
 -0.573203E+02
 -0.573794E+02
 -0.574366E+02
 -0.574938E+02
 -0.575496E+02
 -0.576049E+02
 -0.576584E+02
 -0.577118E+02
 -0.577644E+02
 -0.578158E+02
 -0.578654E+02
 -0.579150E+02
 -0.579632E+02
 -0.580111E+02
 -0.580576E+02
 -0.581043E+02
 -0.581506E+02
 -0.581961E+02
 -0.582404E+02
 -0.582850E+02
 -0.583286E+02
 -0.583723E+02
 -0.584148E+02
 -0.584577E+02
 -0.585004E+02
 -0.585426E+02
 -0.585838E+02
 -0.586256E+02
 -0.586667E+02
 -0.587084E+02
 -0.587491E+02
 -0.587907E+02
 -0.588324E+02
 -0.588739E+02
 -0.589143E+02
 -0.589552E+02
 -0.589951E+02
 -0.590349E+02
 -0.590731E+02
 -0.591112E+02
 -0.591486E+02
 -0.591848E+02
 -0.592190E+02
 -0.592532E+02
 -0.592858E+02
 -0.593181E+02
 -0.593485E+02
 -0.593789E+02
 -0.594084E+02
 -0.594368E+02
 -0.594632E+02
 -0.594896E+02
 -0.595144E+02
 -0.595388E+02
 -0.595613E+02
 -0.595836E+02
 -0.596051E+02
 -0.596255E+02
 -0.596438E+02
 -0.596619E+02
 -0.596783E+02
 -0.596940E+02
 -0.597075E+02
 -0.597204E+02
 -0.597318E+02
 -0.597416E+02
 -0.597486E+02
 -0.597549E+02
 -0.597586E+02
 -0.597611E+02
 -0.597609E+02
 -0.597597E+02
 -0.597570E+02
 -0.597524E+02
 -0.597453E+02
 -0.597378E+02
 -0.597285E+02
 -0.597188E+02
 -0.597074E+02
 -0.596964E+02
 -0.596851E+02
 -0.596736E+02
 -0.596612E+02
 -0.596499E+02
 -0.596386E+02
 -0.596287E+02
 -0.596189E+02
 -0.596111E+02
 -0.596047E+02
 -0.595997E+02
 -0.595955E+02
 -0.595940E+02
 -0.595940E+02
 -0.595968E+02
 -0.596013E+02
 -0.596094E+02
 -0.596204E+02
 -0.596342E+02
 -0.596501E+02
 -0.596699E+02
 -0.596919E+02
 -0.597173E+02
 -0.597446E+02
 -0.597754E+02
 -0.598091E+02
 -0.598449E+02
 -0.598820E+02
 -0.599219E+02
 -0.599629E+02
 -0.600058E+02
 -0.600489E+02
 -0.600938E+02
 -0.601395E+02
 -0.601854E+02
 -0.602308E+02
 -0.602771E+02
 -0.603228E+02
 -0.603689E+02
 -0.604138E+02
 -0.604590E+02
 -0.605038E+02
 -0.605476E+02
 -0.605896E+02
 -0.606317E+02
 -0.606723E+02
 -0.607125E+02
 -0.607510E+02
 -0.607897E+02
 -0.608280E+02
 -0.608657E+02
 -0.609024E+02
 -0.609399E+02
 -0.609768E+02
 -0.610143E+02
 -0.610507E+02
 -0.610882E+02
 -0.611258E+02
 -0.611633E+02
 -0.611999E+02
 -0.612377E+02
 -0.612754E+02
 -0.613141E+02
 -0.613525E+02
 -0.613926E+02
 -0.614335E+02
 -0.614750E+02
 -0.615163E+02
 -0.615596E+02
 -0.616032E+02
 -0.616486E+02
 -0.616943E+02
 -0.617425E+02
 -0.617924E+02
 -0.618437E+02
 -0.618957E+02
 -0.619505E+02
 -0.620063E+02
 -0.620644E+02
 -0.621232E+02
 -0.621846E+02
 -0.622478E+02
 -0.623124E+02
 -0.623775E+02
 -0.624448E+02
 -0.625127E+02
 -0.625825E+02
 -0.626523E+02
 -0.627243E+02
 -0.627976E+02
 -0.628716E+02
 -0.629456E+02
 -0.630218E+02
 -0.630983E+02
 -0.631766E+02
 -0.632551E+02
 -0.633358E+02
 -0.634180E+02
 -0.635016E+02
 -0.635856E+02
 -0.636724E+02
 -0.637603E+02
 -0.638506E+02
 -0.639418E+02
 -0.640360E+02
 -0.641323E+02
 -0.642304E+02
 -0.643290E+02
 -0.644304E+02
 -0.645324E+02
 -0.646362E+02
 -0.647399E+02
 -0.648454E+02
 -0.649516E+02
 -0.650582E+02
 -0.651639E+02
 -0.652712E+02
 -0.653782E+02
 -0.654864E+02
 -0.655939E+02
 -0.657030E+02
 -0.658129E+02
 -0.659231E+02
 -0.660325E+02
 -0.661435E+02
 -0.662542E+02
 -0.663661E+02
 -0.664773E+02
 -0.665904E+02
 -0.667046E+02
 -0.668195E+02
 -0.669345E+02
 -0.670522E+02
 -0.671707E+02
 -0.672917E+02
 -0.674134E+02
 -0.675381E+02
 -0.676649E+02
 -0.677930E+02
 -0.679214E+02
 -0.680522E+02
 -0.681833E+02
 -0.683159E+02
 -0.684477E+02
 -0.685809E+02
 -0.687144E+02
 -0.688476E+02
 -0.689792E+02
 -0.691117E+02
 -0.692430E+02
 -0.693748E+02
 -0.695049E+02
 -0.696361E+02
 -0.697674E+02
 -0.698980E+02
 -0.700270E+02
 -0.701569E+02
 -0.702854E+02
 -0.704141E+02
 -0.705407E+02
 -0.706676E+02
 -0.707936E+02
 -0.709182E+02
 -0.710401E+02
 -0.711621E+02
 -0.712819E+02
 -0.714013E+02
 -0.715180E+02
 -0.716347E+02
 -0.717503E+02
 -0.718642E+02
 -0.719752E+02
 -0.720859E+02
 -0.721940E+02
 -0.723013E+02
 -0.724053E+02
 -0.725088E+02
 -0.726105E+02
 -0.727099E+02
 -0.728058E+02
 -0.729009E+02
 -0.729929E+02
 -0.730836E+02
 -0.731705E+02
 -0.732565E+02
 -0.733403E+02
 -0.734213E+02
 -0.734983E+02
 -0.735739E+02
 -0.736460E+02
 -0.737162E+02
 -0.737824E+02
 -0.738475E+02
 -0.739103E+02
 -0.739706E+02
 -0.740273E+02
 -0.740832E+02
 -0.741361E+02
 -0.741880E+02
 -0.742364E+02
 -0.742844E+02
 -0.743308E+02
 -0.743752E+02
 -0.744164E+02
 -0.744572E+02
 -0.744952E+02
 -0.745323E+02
 -0.745660E+02
 -0.745993E+02
 -0.746307E+02
 -0.746598E+02
 -0.746852E+02
 -0.747099E+02
 -0.747312E+02
 -0.747511E+02
 -0.747670E+02
 -0.747819E+02
 -0.747950E+02
 -0.748052E+02
 -0.748118E+02
 -0.748178E+02
 -0.748210E+02
 -0.748234E+02
 -0.748226E+02
 -0.748218E+02
 -0.748196E+02
 -0.748159E+02
 -0.748092E+02
 -0.748029E+02
 -0.747943E+02
 -0.747855E+02
 -0.747740E+02
 -0.747627E+02
 -0.747503E+02
 -0.747363E+02
 -0.747194E+02
 -0.747026E+02
 -0.746834E+02
 -0.746639E+02
 -0.746417E+02
 -0.746199E+02
 -0.745975E+02
 -0.745740E+02
 -0.745482E+02
 -0.745232E+02
 -0.744966E+02
 -0.744704E+02
 -0.744420E+02
 -0.744146E+02
 -0.743870E+02
 -0.743586E+02
 -0.743282E+02
 -0.742989E+02
 -0.742683E+02
 -0.742384E+02
 -0.742066E+02
 -0.741761E+02
 -0.741454E+02
 -0.741141E+02
 -0.740809E+02
 -0.740488E+02
 -0.740151E+02
 -0.739818E+02
 -0.739464E+02
 -0.739117E+02
 -0.738766E+02
 -0.738405E+02
 -0.738022E+02
 -0.737648E+02
 -0.737258E+02
 -0.736873E+02
 -0.736468E+02
 -0.736074E+02
 -0.735679E+02
 -0.735277E+02
 -0.734856E+02
 -0.734442E+02
 -0.734011E+02
 -0.733577E+02
 -0.733114E+02
 -0.732646E+02
 -0.732162E+02
 -0.731647E+02
 -0.731093E+02
 -0.730526E+02
 -0.729924E+02
 -0.729308E+02
 -0.728657E+02
 -0.728000E+02
 -0.727326E+02
 -0.726633E+02
 -0.725907E+02
 -0.725177E+02
 -0.724416E+02
 -0.723641E+02
 -0.722825E+02
 -0.721993E+02
 -0.721133E+02
 -0.720238E+02
 -0.719297E+02
 -0.718339E+02
 -0.717341E+02
 -0.716322E+02
 -0.715263E+02
 -0.714190E+02
 -0.713093E+02
 -0.711968E+02
 -0.710803E+02
 -0.709624E+02
 -0.708408E+02
 -0.707170E+02
 -0.705889E+02
 -0.704591E+02
 -0.703265E+02
 -0.701907E+02
 -0.700505E+02
 -0.699089E+02
 -0.697635E+02
 -0.696164E+02
 -0.694653E+02
 -0.693129E+02
 -0.691582E+02
 -0.690010E+02
 -0.688402E+02
 -0.686785E+02
 -0.685139E+02
 -0.683484E+02
 -0.681801E+02
 -0.680119E+02
 -0.678430E+02
 -0.676735E+02
 -0.675025E+02
 -0.673329E+02
 -0.671629E+02
 -0.669945E+02
 -0.668257E+02
 -0.666593E+02
 -0.664942E+02
 -0.663304E+02
 -0.661670E+02
 -0.660065E+02
 -0.658472E+02
 -0.656907E+02
 -0.655352E+02
 -0.653832E+02
 -0.652341E+02
 -0.650870E+02
 -0.649414E+02
 -0.647998E+02
 -0.646603E+02
 -0.645247E+02
 -0.643914E+02
 -0.642629E+02
 -0.641383E+02
 -0.640174E+02
 -0.638995E+02
 -0.637865E+02
 -0.636765E+02
 -0.635708E+02
 -0.634674E+02
 -0.633683E+02
 -0.632724E+02
 -0.631793E+02
 -0.630880E+02
 -0.630006E+02
 -0.629152E+02
 -0.628330E+02
 -0.627519E+02
 -0.626738E+02
 -0.625977E+02
 -0.625230E+02
 -0.624487E+02
 -0.623768E+02
 -0.623053E+02
 -0.622358E+02
 -0.621665E+02
 -0.620996E+02
 -0.620345E+02
 -0.619711E+02
 -0.619088E+02
 -0.618499E+02
 -0.617931E+02
 -0.617400E+02
 -0.616894E+02
 -0.616437E+02
 -0.616022E+02
 -0.615649E+02
 -0.615310E+02
 -0.615025E+02
 -0.614778E+02
 -0.614580E+02
 -0.614414E+02
 -0.614297E+02
 -0.614218E+02
 -0.614172E+02
 -0.614149E+02
 -0.614167E+02
 -0.614212E+02
 -0.614296E+02
 -0.614406E+02
 -0.614561E+02
 -0.614755E+02
 -0.614987E+02
 -0.615246E+02
 -0.615551E+02
 -0.615883E+02
 -0.616251E+02
 -0.616635E+02
 -0.617051E+02
 -0.617486E+02
 -0.617932E+02
 -0.618378E+02
 -0.618846E+02
 -0.619317E+02
 -0.619808E+02
 -0.620302E+02
 -0.620821E+02
 -0.621360E+02
 -0.621919E+02
 -0.622492E+02
 -0.623102E+02
 -0.623734E+02
 -0.624399E+02
 -0.625079E+02
 -0.625794E+02
 -0.626528E+02
 -0.627274E+02
 -0.628014E+02
 -0.628762E+02
 -0.629496E+02
 -0.630224E+02
 -0.630929E+02
 -0.631634E+02
 -0.632333E+02
 -0.633029E+02
 -0.633720E+02
 -0.634434E+02
 -0.635158E+02
 -0.635908E+02
 -0.636666E+02
 -0.637453E+02
 -0.638256E+02
 -0.639066E+02
 -0.639868E+02
 -0.640678E+02
 -0.641472E+02
 -0.642259E+02
 -0.643018E+02
 -0.643768E+02
 -0.644496E+02
 -0.645200E+02
 -0.645869E+02
 -0.646526E+02
 -0.647156E+02
 -0.647777E+02
 -0.648375E+02
 -0.648974E+02
 -0.649570E+02
 -0.650160E+02
 -0.650735E+02
 -0.651317E+02
 -0.651883E+02
 -0.652443E+02
 -0.652972E+02
 -0.653488E+02
 -0.653974E+02
 -0.654426E+02
 -0.654831E+02
 -0.655215E+02
 -0.655560E+02
 -0.655884E+02
 -0.656172E+02
 -0.656451E+02
 -0.656717E+02
 -0.656966E+02
 -0.657193E+02
 -0.657420E+02
 -0.657631E+02
 -0.657841E+02
 -0.658030E+02
 -0.658221E+02
 -0.658405E+02
 -0.658578E+02
 -0.658728E+02
 -0.658879E+02
 -0.659011E+02
 -0.659137E+02
 -0.659240E+02
 -0.659342E+02
 -0.659436E+02
 -0.659517E+02
 -0.659577E+02
 -0.659641E+02
 -0.659694E+02
 -0.659752E+02
 -0.659799E+02
 -0.659859E+02
 -0.659923E+02
 -0.659986E+02
 -0.660037E+02
 -0.660098E+02
 -0.660145E+02
 -0.660190E+02
 -0.660209E+02
 -0.660222E+02
 -0.660218E+02
 -0.660191E+02
 -0.660131E+02
 -0.660064E+02
 -0.659972E+02
 -0.659870E+02
 -0.659743E+02
 -0.659615E+02
 -0.659476E+02
 -0.659324E+02
 -0.659150E+02
 -0.658979E+02
 -0.658790E+02
 -0.658598E+02
 -0.658385E+02
 -0.658171E+02
 -0.657943E+02
 -0.657696E+02
 -0.657420E+02
 -0.657137E+02
 -0.656831E+02
 -0.656519E+02
 -0.656184E+02
 -0.655851E+02
 -0.655513E+02
 -0.655164E+02
 -0.654796E+02
 -0.654430E+02
 -0.654044E+02
 -0.653652E+02
 -0.653234E+02
 -0.652812E+02
 -0.652378E+02
 -0.651923E+02
 -0.651443E+02
 -0.650961E+02
 -0.650458E+02
 -0.649952E+02
 -0.649424E+02
 -0.648898E+02
 -0.648366E+02
 -0.647827E+02
 -0.647268E+02
 -0.646710E+02
 -0.646132E+02
 -0.645544E+02
 -0.644926E+02
 -0.644297E+02
 -0.643648E+02
 -0.642976E+02
 -0.642273E+02
 -0.641566E+02
 -0.640842E+02
 -0.640121E+02
 -0.639391E+02
 -0.638680E+02
 -0.637981E+02
 -0.637295E+02
 -0.636611E+02
 -0.635950E+02
 -0.635290E+02
 -0.634642E+02
 -0.633986E+02
 -0.633340E+02
 -0.632692E+02
 -0.632040E+02
 -0.631373E+02
 -0.630713E+02
 -0.630045E+02
 -0.629380E+02
 -0.628704E+02
 -0.628039E+02
 -0.627378E+02
 -0.626721E+02
 -0.626061E+02
 -0.625421E+02
 -0.624786E+02
 -0.624173E+02
 -0.623568E+02
 -0.622993E+02
 -0.622440E+02
 -0.621905E+02
 -0.621378E+02
 -0.620877E+02
 -0.620382E+02
 -0.619904E+02
 -0.619423E+02
 -0.618959E+02
 -0.618502E+02
 -0.618052E+02
 -0.617604E+02
 -0.617179E+02
 -0.616763E+02
 -0.616371E+02
 -0.615985E+02
 -0.615625E+02
 -0.615282E+02
 -0.614946E+02
 -0.614607E+02
 -0.614282E+02
 -0.613951E+02
 -0.613625E+02
 -0.613288E+02
 -0.612959E+02
 -0.612631E+02
 -0.612301E+02
 -0.611962E+02
 -0.611634E+02
 -0.611304E+02
 -0.610985E+02
 -0.610659E+02
 -0.610346E+02
 -0.610034E+02
 -0.609719E+02
 -0.609388E+02
 -0.609060E+02
 -0.608715E+02
 -0.608365E+02
 -0.607990E+02
 -0.607610E+02
 -0.607215E+02
 -0.606803E+02
 -0.606366E+02
 -0.605925E+02
 -0.605467E+02
 -0.605007E+02
 -0.604533E+02
 -0.604068E+02
 -0.603608E+02
 -0.603149E+02
 -0.602686E+02
 -0.602235E+02
 -0.601781E+02
 -0.601336E+02
 -0.600885E+02
 -0.600447E+02
 -0.600018E+02
 -0.599596E+02
 -0.599178E+02
 -0.598785E+02
 -0.598402E+02
 -0.598041E+02
 -0.597685E+02
 -0.597348E+02
 -0.597018E+02
 -0.596688E+02
 -0.596344E+02
 -0.596000E+02
 -0.595635E+02
 -0.595258E+02
 -0.594851E+02
 -0.594431E+02
 -0.593989E+02
 -0.593524E+02
 -0.593028E+02
 -0.592522E+02
 -0.591991E+02
 -0.591451E+02
 -0.590889E+02
 -0.590326E+02
 -0.589759E+02
 -0.589186E+02
 -0.588604E+02
 -0.588034E+02
 -0.587466E+02
 -0.586913E+02
 -0.586361E+02
 -0.585828E+02
 -0.585305E+02
 -0.584789E+02
 -0.584267E+02
 -0.583754E+02
 -0.583233E+02
 -0.582712E+02
 -0.582175E+02
 -0.581636E+02
 -0.581087E+02
 -0.580525E+02
 -0.579943E+02
 -0.579358E+02
 -0.578759E+02
 -0.578158E+02
 -0.577539E+02
 -0.576922E+02
 -0.576299E+02
 -0.575671E+02
 -0.575034E+02
 -0.574408E+02
 -0.573783E+02
 -0.573175E+02
 -0.572575E+02
 -0.572001E+02
 -0.571451E+02
 -0.570923E+02
 -0.570410E+02
 -0.569926E+02
 -0.569457E+02
 -0.569010E+02
 -0.568569E+02
 -0.568146E+02
 -0.567731E+02
 -0.567317E+02
 -0.566891E+02
 -0.566466E+02
 -0.566027E+02
 -0.565583E+02
 -0.565121E+02
 -0.564658E+02
 -0.564186E+02
 -0.563706E+02
 -0.563212E+02
 -0.562722E+02
 -0.562227E+02
 -0.561736E+02
 -0.561238E+02
 -0.560746E+02
 -0.560250E+02
 -0.559746E+02
 -0.559222E+02
 -0.558690E+02
 -0.558135E+02
 -0.557566E+02
 -0.556972E+02
 -0.556370E+02
 -0.555755E+02
 -0.555127E+02
 -0.554483E+02
 -0.553841E+02
 -0.553195E+02
 -0.552557E+02
 -0.551920E+02
 -0.551303E+02
 -0.550700E+02
 -0.550111E+02
 -0.549530E+02
 -0.548969E+02
 -0.548414E+02
 -0.547872E+02
 -0.547328E+02
 -0.546793E+02
 -0.546258E+02
 -0.545721E+02
 -0.545173E+02
 -0.544628E+02
 -0.544077E+02
 -0.543529E+02
 -0.542975E+02
 -0.542431E+02
 -0.541893E+02
 -0.541360E+02
 -0.540829E+02
 -0.540312E+02
 -0.539797E+02
 -0.539293E+02
 -0.538783E+02
 -0.538276E+02
 -0.537762E+02
 -0.537233E+02
 -0.536679E+02
 -0.536112E+02
 -0.535517E+02
 -0.534904E+02
 -0.534262E+02
 -0.533607E+02
 -0.532934E+02
 -0.532248E+02
 -0.531546E+02
 -0.530844E+02
 -0.530136E+02
 -0.529434E+02
 -0.528732E+02
 -0.528044E+02
 -0.527367E+02
 -0.526698E+02
 -0.526032E+02
 -0.525382E+02
 -0.524735E+02
 -0.524099E+02
 -0.523465E+02
 -0.522844E+02
 -0.522232E+02
 -0.521629E+02
 -0.521029E+02
 -0.520443E+02
 -0.519863E+02
 -0.519295E+02
 -0.518731E+02
 -0.518184E+02
 -0.517652E+02
 -0.517136E+02
 -0.516633E+02
 -0.516159E+02
 -0.515708E+02
 -0.515289E+02
 -0.514895E+02
 -0.514539E+02
 -0.514213E+02
 -0.513918E+02
 -0.513645E+02
 -0.513402E+02
 -0.513176E+02
 -0.512971E+02
 -0.512774E+02
 -0.512594E+02
 -0.512425E+02
 -0.512264E+02
 -0.512106E+02
 -0.511963E+02
 -0.511826E+02
 -0.511702E+02
 -0.511582E+02
 -0.511476E+02
 -0.511377E+02
 -0.511282E+02
 -0.511185E+02
 -0.511093E+02
 -0.510997E+02
 -0.510903E+02
 -0.510802E+02
 -0.510709E+02
 -0.510620E+02
 -0.510539E+02
 -0.510463E+02
 -0.510405E+02
 -0.510355E+02
 -0.510320E+02
 -0.510290E+02
 -0.510276E+02
 -0.510274E+02
 -0.510282E+02
 -0.510298E+02
 -0.510335E+02
 -0.510387E+02
 -0.510462E+02
 -0.510551E+02
 -0.510664E+02
 -0.510796E+02
 -0.510945E+02
 -0.511106E+02
 -0.511289E+02
 -0.511486E+02
 -0.511706E+02
 -0.511938E+02
 -0.512194E+02
 -0.512467E+02
 -0.512755E+02
 -0.513051E+02
 -0.513366E+02
 -0.513689E+02
 -0.514029E+02
 -0.514374E+02
 -0.514737E+02
 -0.515116E+02
 -0.515506E+02
 -0.515907E+02
 -0.516332E+02
 -0.516774E+02
 -0.517242E+02
 -0.517727E+02
 -0.518243E+02
 -0.518784E+02
 -0.519352E+02
 -0.519941E+02
 -0.520562E+02
 -0.521205E+02
 -0.521875E+02
 -0.522560E+02
 -0.523268E+02
 -0.523993E+02
 -0.524730E+02
 -0.525474E+02
 -0.526238E+02
 -0.527011E+02
 -0.527804E+02
 -0.528608E+02
 -0.529436E+02
 -0.530283E+02
 -0.531149E+02
 -0.532028E+02
 -0.532932E+02
 -0.533850E+02
 -0.534793E+02
 -0.535748E+02
 -0.536730E+02
 -0.537733E+02
 -0.538752E+02
 -0.539781E+02
 -0.540831E+02
 -0.541888E+02
 -0.542962E+02
 -0.544040E+02
 -0.545138E+02
 -0.546250E+02
 -0.547372E+02
 -0.548501E+02
 -0.549648E+02
 -0.550801E+02
 -0.551964E+02
 -0.553121E+02
 -0.554282E+02
 -0.555439E+02
 -0.556585E+02
 -0.557713E+02
 -0.558838E+02
 -0.559943E+02
 -0.561040E+02
 -0.562115E+02
 -0.563183E+02
 -0.564237E+02
 -0.565275E+02
 -0.566287E+02
 -0.567286E+02
 -0.568256E+02
 -0.569203E+02
 -0.570111E+02
 -0.570993E+02
 -0.571841E+02
 -0.572650E+02
 -0.573416E+02
 -0.574155E+02
 -0.574855E+02
 -0.575528E+02
 -0.576161E+02
 -0.576774E+02
 -0.577361E+02
 -0.577921E+02
 -0.578445E+02
 -0.578951E+02
 -0.579423E+02
 -0.579872E+02
 -0.580282E+02
 -0.580671E+02
 -0.581031E+02
 -0.581358E+02
 -0.581644E+02
 -0.581903E+02
 -0.582118E+02
 -0.582299E+02
 -0.582430E+02
 -0.582527E+02
 -0.582585E+02
 -0.582606E+02
 -0.582587E+02
 -0.582547E+02
 -0.582476E+02
 -0.582387E+02
 -0.582265E+02
 -0.582126E+02
 -0.581961E+02
 -0.581764E+02
 -0.581528E+02
 -0.581270E+02
 -0.580976E+02
 -0.580657E+02
 -0.580301E+02
 -0.579925E+02
 -0.579525E+02
 -0.579100E+02
 -0.578647E+02
 -0.578184E+02
 -0.577700E+02
 -0.577210E+02
 -0.576701E+02
 -0.576190E+02
 -0.575670E+02
 -0.575139E+02
 -0.574588E+02
 -0.574032E+02
 -0.573458E+02
 -0.572876E+02
 -0.572271E+02
 -0.571659E+02
 -0.571034E+02
 -0.570394E+02
 -0.569735E+02
 -0.569075E+02
 -0.568407E+02
 -0.567745E+02
 -0.567080E+02
 -0.566431E+02
 -0.565797E+02
 -0.565172E+02
 -0.564551E+02
 -0.563949E+02
 -0.563352E+02
 -0.562768E+02
 -0.562181E+02
 -0.561604E+02
 -0.561029E+02
 -0.560451E+02
 -0.559861E+02
 -0.559276E+02
 -0.558682E+02
 -0.558094E+02
 -0.557500E+02
 -0.556919E+02
 -0.556346E+02
 -0.555779E+02
 -0.555214E+02
 -0.554664E+02
 -0.554117E+02
 -0.553582E+02
 -0.553045E+02
 -0.552520E+02
 -0.551997E+02
 -0.551472E+02
 -0.550936E+02
 -0.550401E+02
 -0.549853E+02
 -0.549300E+02
 -0.548732E+02
 -0.548165E+02
 -0.547596E+02
 -0.547024E+02
 -0.546445E+02
 -0.545872E+02
 -0.545295E+02
 -0.544720E+02
 -0.544134E+02
 -0.543552E+02
 -0.542967E+02
 -0.542380E+02
 -0.541786E+02
 -0.541201E+02
 -0.540617E+02
 -0.540043E+02
 -0.539470E+02
 -0.538911E+02
 -0.538359E+02
 -0.537813E+02
 -0.537266E+02
 -0.536732E+02
 -0.536204E+02
 -0.535691E+02
 -0.535183E+02
 -0.534696E+02
 -0.534225E+02
 -0.533768E+02
 -0.533319E+02
 -0.532889E+02
 -0.532465E+02
 -0.532052E+02
 -0.531637E+02
 -0.531227E+02
 -0.530818E+02
 -0.530402E+02
 -0.529974E+02
 -0.529546E+02
 -0.529107E+02
 -0.528665E+02
 -0.528212E+02
 -0.527759E+02
 -0.527304E+02
 -0.526844E+02
 -0.526374E+02
 -0.525908E+02
 -0.525435E+02
 -0.524962E+02
 -0.524478E+02
 -0.523994E+02
 -0.523501E+02
 -0.522997E+02
 -0.522476E+02
 -0.521950E+02
 -0.521408E+02
 -0.520860E+02
 -0.520296E+02
 -0.519727E+02
 -0.519151E+02
 -0.518565E+02
 -0.517969E+02
 -0.517374E+02
 -0.516772E+02
 -0.516173E+02
 -0.515569E+02
 -0.514973E+02
 -0.514383E+02
 -0.513800E+02
 -0.513222E+02
 -0.512662E+02
 -0.512112E+02
 -0.511579E+02
 -0.511055E+02
 -0.510549E+02
 -0.510056E+02
 -0.509575E+02
 -0.509100E+02
 -0.508643E+02
 -0.508195E+02
 -0.507764E+02
 -0.507345E+02
 -0.506948E+02
 -0.506573E+02
 -0.506218E+02
 -0.505881E+02
 -0.505572E+02
 -0.505283E+02
 -0.505019E+02
 -0.504771E+02
 -0.504550E+02
 -0.504352E+02
 -0.504177E+02
 -0.504022E+02
 -0.503901E+02
 -0.503805E+02
 -0.503745E+02
 -0.503710E+02
 -0.503715E+02
 -0.503754E+02
 -0.503825E+02
 -0.503925E+02
 -0.504067E+02
 -0.504241E+02
 -0.504457E+02
 -0.504706E+02
 -0.504999E+02
 -0.505329E+02
 -0.505695E+02
 -0.506090E+02
 -0.506524E+02
 -0.506987E+02
 -0.507484E+02
 -0.508004E+02
 -0.508557E+02
 -0.509136E+02
 -0.509737E+02
 -0.510354E+02
 -0.510999E+02
 -0.511662E+02
 -0.512354E+02
 -0.513066E+02
 -0.513812E+02
 -0.514588E+02
 -0.515393E+02
 -0.516224E+02
 -0.517091E+02
 -0.517984E+02
 -0.518908E+02
 -0.519851E+02
 -0.520821E+02
 -0.521811E+02
 -0.522813E+02
 -0.523819E+02
 -0.524834E+02
 -0.525846E+02
 -0.526859E+02
 -0.527860E+02
 -0.528860E+02
 -0.529852E+02
 -0.530836E+02
 -0.531806E+02
 -0.532777E+02
 -0.533741E+02
 -0.534708E+02
 -0.535670E+02
 -0.536641E+02
 -0.537616E+02
 -0.538594E+02
 -0.539567E+02
 -0.540548E+02
 -0.541522E+02
 -0.542495E+02
 -0.543452E+02
 -0.544407E+02
 -0.545351E+02
 -0.546282E+02
 -0.547193E+02
 -0.548098E+02
 -0.548987E+02
 -0.549870E+02
 -0.550736E+02
 -0.551604E+02
 -0.552469E+02
 -0.553330E+02
 -0.554185E+02
 -0.555050E+02
 -0.555912E+02
 -0.556782E+02
 -0.557644E+02
 -0.558513E+02
 -0.559379E+02
 -0.560239E+02
 -0.561086E+02
 -0.561935E+02
 -0.562773E+02
 -0.563610E+02
 -0.564436E+02
 -0.565267E+02
 -0.566096E+02
 -0.566921E+02
 -0.567736E+02
 -0.568555E+02
 -0.569363E+02
 -0.570170E+02
 -0.570958E+02
 -0.571743E+02
 -0.572515E+02
 -0.573269E+02
 -0.573997E+02
 -0.574717E+02
 -0.575415E+02
 -0.576103E+02
 -0.576770E+02
 -0.577434E+02
 -0.578090E+02
 -0.578737E+02
 -0.579368E+02
 -0.580001E+02
 -0.580625E+02
 -0.581252E+02
 -0.581869E+02
 -0.582495E+02
 -0.583122E+02
 -0.583750E+02
 -0.584370E+02
 -0.585000E+02
 -0.585625E+02
 -0.586253E+02
 -0.586870E+02
 -0.587490E+02
 -0.588105E+02
 -0.588712E+02
 -0.589304E+02
 -0.589897E+02
 -0.590479E+02
 -0.591060E+02
 -0.591626E+02
 -0.592196E+02
 -0.592760E+02
 -0.593316E+02
 -0.593854E+02
 -0.594391E+02
 -0.594909E+02
 -0.595420E+02
 -0.595908E+02
 -0.596391E+02
 -0.596864E+02
 -0.597319E+02
 -0.597751E+02
 -0.598176E+02
 -0.598578E+02
 -0.598967E+02
 -0.599326E+02
 -0.599672E+02
 -0.599993E+02
 -0.600287E+02
 -0.600541E+02
 -0.600773E+02
 -0.600964E+02
 -0.601126E+02
 -0.601242E+02
 -0.601328E+02
 -0.601377E+02
 -0.601386E+02
 -0.601344E+02
 -0.601273E+02
 -0.601157E+02
 -0.601009E+02
 -0.600816E+02
 -0.600598E+02
 -0.600350E+02
 -0.600072E+02
 -0.599761E+02
 -0.599438E+02
 -0.599093E+02
 -0.598741E+02
 -0.598370E+02
 -0.598002E+02
 -0.597631E+02
 -0.597256E+02
 -0.596871E+02
 -0.596496E+02
 -0.596116E+02
 -0.595745E+02
 -0.595367E+02
 -0.595000E+02
 -0.594637E+02
 -0.594277E+02
 -0.593911E+02
 -0.593559E+02
 -0.593207E+02
 -0.592868E+02
 -0.592526E+02
 -0.592199E+02
 -0.591880E+02
 -0.591565E+02
 -0.591246E+02
 -0.590939E+02
 -0.590629E+02
 -0.590329E+02
 -0.590023E+02
 -0.589728E+02
 -0.589434E+02
 -0.589137E+02
 -0.588827E+02
 -0.588521E+02
 -0.588202E+02
 -0.587880E+02
 -0.587540E+02
 -0.587198E+02
 -0.586847E+02
 -0.586482E+02
 -0.586097E+02
 -0.585710E+02
 -0.585307E+02
 -0.584900E+02
 -0.584478E+02
 -0.584058E+02
 -0.583634E+02
 -0.583204E+02
 -0.582762E+02
 -0.582325E+02
 -0.581879E+02
 -0.581435E+02
 -0.580978E+02
 -0.580526E+02
 -0.580069E+02
 -0.579607E+02
 -0.579130E+02
 -0.578657E+02
 -0.578173E+02
 -0.577691E+02
 -0.577197E+02
 -0.576709E+02
 -0.576222E+02
 -0.575736E+02
 -0.575246E+02
 -0.574769E+02
 -0.574291E+02
 -0.573825E+02
 -0.573357E+02
 -0.572905E+02
 -0.572462E+02
 -0.572029E+02
 -0.571599E+02
 -0.571193E+02
 -0.570797E+02
 -0.570426E+02
 -0.570065E+02
 -0.569734E+02
 -0.569424E+02
 -0.569136E+02
 -0.568860E+02
 -0.568614E+02
 -0.568383E+02
 -0.568179E+02
 -0.567987E+02
 -0.567826E+02
 -0.567688E+02
 -0.567573E+02
 -0.567477E+02
 -0.567416E+02
 -0.567378E+02
 -0.567375E+02
 -0.567392E+02
 -0.567445E+02
 -0.567524E+02
 -0.567627E+02
 -0.567747E+02
 -0.567900E+02
 -0.568074E+02
 -0.568283E+02
 -0.568513E+02
 -0.568784E+02
 -0.569090E+02
 -0.569425E+02
 -0.569783E+02
 -0.570177E+02
 -0.570589E+02
 -0.571028E+02
 -0.571475E+02
 -0.571942E+02
 -0.572420E+02
 -0.572904E+02
 -0.573383E+02
 -0.573872E+02
 -0.574356E+02
 -0.574844E+02
 -0.575325E+02
 -0.575815E+02
 -0.576308E+02
 -0.576805E+02
 -0.577300E+02
 -0.577810E+02
 -0.578322E+02
 -0.578848E+02
 -0.579372E+02
 -0.579911E+02
 -0.580456E+02
 -0.581003E+02
 -0.581541E+02
 -0.582086E+02
 -0.582621E+02
 -0.583155E+02
 -0.583670E+02
 -0.584182E+02
 -0.584682E+02
 -0.585165E+02
 -0.585622E+02
 -0.586070E+02
 -0.586491E+02
 -0.586895E+02
 -0.587264E+02
 -0.587616E+02
 -0.587941E+02
 -0.588237E+02
 -0.588497E+02
 -0.588738E+02
 -0.588947E+02
 -0.589134E+02
 -0.589288E+02
 -0.589427E+02
 -0.589548E+02
 -0.589649E+02
 -0.589726E+02
 -0.589797E+02
 -0.589847E+02
 -0.589889E+02
 -0.589906E+02
 -0.589917E+02
 -0.589912E+02
 -0.589889E+02
 -0.589839E+02
 -0.589779E+02
 -0.589693E+02
 -0.589591E+02
 -0.589458E+02
 -0.589310E+02
 -0.589142E+02
 -0.588946E+02
 -0.588718E+02
 -0.588475E+02
 -0.588202E+02
 -0.587914E+02
 -0.587596E+02
 -0.587270E+02
 -0.586929E+02
 -0.586575E+02
 -0.586202E+02
 -0.585832E+02
 -0.585452E+02
 -0.585078E+02
 -0.584696E+02
 -0.584328E+02
 -0.583965E+02
 -0.583605E+02
 -0.583240E+02
 -0.582885E+02
 -0.582523E+02
 -0.582163E+02
 -0.581789E+02
 -0.581414E+02
 -0.581030E+02
 -0.580633E+02
 -0.580213E+02
 -0.579787E+02
 -0.579338E+02
 -0.578878E+02
 -0.578393E+02
 -0.577897E+02
 -0.577385E+02
 -0.576852E+02
 -0.576293E+02
 -0.575725E+02
 -0.575135E+02
 -0.574537E+02
 -0.573918E+02
 -0.573297E+02
 -0.572666E+02
 -0.572026E+02
 -0.571367E+02
 -0.570706E+02
 -0.570029E+02
 -0.569345E+02
 -0.568641E+02
 -0.567930E+02
 -0.567206E+02
 -0.566464E+02
 -0.565697E+02
 -0.564919E+02
 -0.564115E+02
 -0.563295E+02
 -0.562445E+02
 -0.561580E+02
 -0.560693E+02
 -0.559785E+02
 -0.558847E+02
 -0.557899E+02
 -0.556928E+02
 -0.555945E+02
 -0.554940E+02
 -0.553929E+02
 -0.552908E+02
 -0.551874E+02
 -0.550822E+02
 -0.549770E+02
 -0.548704E+02
 -0.547636E+02
 -0.546551E+02
 -0.545463E+02
 -0.544364E+02
 -0.543250E+02
 -0.542116E+02
 -0.540974E+02
 -0.539815E+02
 -0.538649E+02
 -0.537465E+02
 -0.536278E+02
 -0.535083E+02
 -0.533878E+02
 -0.532659E+02
 -0.531437E+02
 -0.530203E+02
 -0.528964E+02
 -0.527710E+02
 -0.526454E+02
 -0.525190E+02
 -0.523917E+02
 -0.522631E+02
 -0.521345E+02
 -0.520052E+02
 -0.518760E+02
 -0.517463E+02
 -0.516175E+02
 -0.514891E+02
 -0.513612E+02
 -0.512333E+02
 -0.511067E+02
 -0.509804E+02
 -0.508552E+02
 -0.507301E+02
 -0.506061E+02
 -0.504827E+02
 -0.503595E+02
 -0.502361E+02
 -0.501134E+02
 -0.499904E+02
 -0.498679E+02
 -0.497452E+02
 -0.496234E+02
 -0.495023E+02
 -0.493820E+02
 -0.492622E+02
 -0.491443E+02
 -0.490276E+02
 -0.489131E+02
 -0.488000E+02
 -0.486894E+02
 -0.485808E+02
 -0.484743E+02
 -0.483692E+02
 -0.482662E+02
 -0.481642E+02
 -0.480638E+02
 -0.479640E+02
 -0.478655E+02
 -0.477680E+02
 -0.476713E+02
 -0.475752E+02
 -0.474805E+02
 -0.473866E+02
 -0.472942E+02
 -0.472026E+02
 -0.471128E+02
 -0.470244E+02
 -0.469375E+02
 -0.468517E+02
 -0.467680E+02
 -0.466855E+02
 -0.466049E+02
 -0.465252E+02
 -0.464473E+02
 -0.463705E+02
 -0.462948E+02
 -0.462196E+02
 -0.461456E+02
 -0.460723E+02
 -0.460002E+02
 -0.459285E+02
 -0.458583E+02
 -0.457891E+02
 -0.457212E+02
 -0.456542E+02
 -0.455888E+02
 -0.455246E+02
 -0.454620E+02
 -0.454005E+02
 -0.453409E+02
 -0.452829E+02
 -0.452264E+02
 -0.451712E+02
 -0.451177E+02
 -0.450654E+02
 -0.450145E+02
 -0.449646E+02
 -0.449162E+02
 -0.448690E+02
 -0.448229E+02
 -0.447775E+02
 -0.447331E+02
 -0.446891E+02
 -0.446456E+02
 -0.446017E+02
 -0.445580E+02
 -0.445140E+02
 -0.444695E+02
 -0.444243E+02
 -0.443791E+02
 -0.443335E+02
 -0.442881E+02
 -0.442425E+02
 -0.441977E+02
 -0.441531E+02
 -0.441091E+02
 -0.440652E+02
 -0.440221E+02
 -0.439792E+02
 -0.439369E+02
 -0.438947E+02
 -0.438531E+02
 -0.438120E+02
 -0.437714E+02
 -0.437310E+02
 -0.436915E+02
 -0.436525E+02
 -0.436146E+02
 -0.435772E+02
 -0.435410E+02
 -0.435057E+02
 -0.434715E+02
 -0.434380E+02
 -0.434059E+02
 -0.433748E+02
 -0.433453E+02
 -0.433170E+02
 -0.432905E+02
 -0.432656E+02
 -0.432423E+02
 -0.432204E+02
 -0.432004E+02
 -0.431816E+02
 -0.431644E+02
 -0.431483E+02
 -0.431337E+02
 -0.431203E+02
 -0.431083E+02
 -0.430975E+02
 -0.430886E+02
 -0.430813E+02
 -0.430758E+02
 -0.430718E+02
 -0.430698E+02
 -0.430693E+02
 -0.430702E+02
 -0.430720E+02
 -0.430749E+02
 -0.430784E+02
 -0.430823E+02
 -0.430863E+02
 -0.430904E+02
 -0.430944E+02
 -0.430982E+02
 -0.431013E+02
 -0.431043E+02
 -0.431066E+02
 -0.431085E+02
 -0.431096E+02
 -0.431102E+02
 -0.431099E+02
 -0.431086E+02
 -0.431061E+02
 -0.431028E+02
 -0.430981E+02
 -0.430924E+02
 -0.430853E+02
 -0.430771E+02
 -0.430677E+02
 -0.430571E+02
 -0.430452E+02
 -0.430324E+02
 -0.430185E+02
 -0.430038E+02
 -0.429881E+02
 -0.429717E+02
 -0.429544E+02
 -0.429361E+02
 -0.429165E+02
 -0.428961E+02
 -0.428741E+02
 -0.428509E+02
 -0.428258E+02
 -0.427993E+02
 -0.427711E+02
 -0.427410E+02
 -0.427090E+02
 -0.426756E+02
 -0.426406E+02
 -0.426046E+02
 -0.425674E+02
 -0.425296E+02
 -0.424911E+02
 -0.424521E+02
 -0.424123E+02
 -0.423722E+02
 -0.423313E+02
 -0.422898E+02
 -0.422472E+02
 -0.422038E+02
 -0.421592E+02
 -0.421133E+02
 -0.420658E+02
 -0.420169E+02
 -0.419661E+02
 -0.419138E+02
 -0.418596E+02
 -0.418038E+02
 -0.417464E+02
 -0.416872E+02
 -0.416260E+02
 -0.415633E+02
 -0.414985E+02
 -0.414320E+02
 -0.413633E+02
 -0.412929E+02
 -0.412206E+02
 -0.411468E+02
 -0.410714E+02
 -0.409951E+02
 -0.409181E+02
 -0.408408E+02
 -0.407631E+02
 -0.406856E+02
 -0.406080E+02
 -0.405306E+02
 -0.404533E+02
 -0.403766E+02
 -0.403001E+02
 -0.402244E+02
 -0.401493E+02
 -0.400752E+02
 -0.400022E+02
 -0.399302E+02
 -0.398595E+02
 -0.397904E+02
 -0.397227E+02
 -0.396569E+02
 -0.395929E+02
 -0.395310E+02
 -0.394713E+02
 -0.394136E+02
 -0.393579E+02
 -0.393042E+02
 -0.392521E+02
 -0.392016E+02
 -0.391523E+02
 -0.391042E+02
 -0.390569E+02
 -0.390103E+02
 -0.389640E+02
 -0.389179E+02
 -0.388717E+02
 -0.388254E+02
 -0.387787E+02
 -0.387318E+02
 -0.386845E+02
 -0.386369E+02
 -0.385892E+02
 -0.385413E+02
 -0.384935E+02
 -0.384458E+02
 -0.383984E+02
 -0.383516E+02
 -0.383053E+02
 -0.382599E+02
 -0.382154E+02
 -0.381719E+02
 -0.381294E+02
 -0.380883E+02
 -0.380483E+02
 -0.380096E+02
 -0.379722E+02
 -0.379362E+02
 -0.379016E+02
 -0.378683E+02
 -0.378361E+02
 -0.378052E+02
 -0.377751E+02
 -0.377459E+02
 -0.377172E+02
 -0.376889E+02
 -0.376609E+02
 -0.376333E+02
 -0.376059E+02
 -0.375790E+02
 -0.375526E+02
 -0.375269E+02
 -0.375021E+02
 -0.374785E+02
 -0.374561E+02
 -0.374352E+02
 -0.374160E+02
 -0.373986E+02
 -0.373832E+02
 -0.373699E+02
 -0.373587E+02
 -0.373500E+02
 -0.373437E+02
 -0.373400E+02
 -0.373390E+02
 -0.373407E+02
 -0.373450E+02
 -0.373519E+02
 -0.373611E+02
 -0.373727E+02
 -0.373863E+02
 -0.374018E+02
 -0.374193E+02
 -0.374386E+02
 -0.374598E+02
 -0.374829E+02
 -0.375081E+02
 -0.375356E+02
 -0.375654E+02
 -0.375976E+02
 -0.376320E+02
 -0.376686E+02
 -0.377071E+02
 -0.377472E+02
 -0.377887E+02
 -0.378312E+02
 -0.378744E+02
 -0.379183E+02
 -0.379624E+02
 -0.380068E+02
 -0.380513E+02
 -0.380960E+02
 -0.381409E+02
 -0.381861E+02
 -0.382316E+02
 -0.382775E+02
 -0.383237E+02
 -0.383702E+02
 -0.384169E+02
 -0.384639E+02
 -0.385112E+02
 -0.385589E+02
 -0.386068E+02
 -0.386551E+02
 -0.387037E+02
 -0.387527E+02
 -0.388018E+02
 -0.388509E+02
 -0.389000E+02
 -0.389488E+02
 -0.389973E+02
 -0.390454E+02
 -0.390929E+02
 -0.391399E+02
 -0.391864E+02
 -0.392325E+02
 -0.392781E+02
 -0.393234E+02
 -0.393681E+02
 -0.394123E+02
 -0.394556E+02
 -0.394981E+02
 -0.395393E+02
 -0.395791E+02
 -0.396173E+02
 -0.396538E+02
 -0.396883E+02
 -0.397211E+02
 -0.397519E+02
 -0.397809E+02
 -0.398082E+02
 -0.398341E+02
 -0.398588E+02
 -0.398825E+02
 -0.399053E+02
 -0.399275E+02
 -0.399491E+02
 -0.399704E+02
 -0.399914E+02
 -0.400124E+02
 -0.400335E+02
 -0.400546E+02
 -0.400756E+02
 -0.400966E+02
 -0.401175E+02
 -0.401381E+02
 -0.401581E+02
 -0.401776E+02
 -0.401964E+02
 -0.402145E+02
 -0.402316E+02
 -0.402483E+02
 -0.402643E+02
 -0.402799E+02
 -0.402950E+02
 -0.403100E+02
 -0.403251E+02
 -0.403403E+02
 -0.403558E+02
 -0.403720E+02
 -0.403886E+02
 -0.404061E+02
 -0.404240E+02
 -0.404428E+02
 -0.404622E+02
 -0.404824E+02
 -0.405030E+02
 -0.405245E+02
 -0.405464E+02
 -0.405691E+02
 -0.405924E+02
 -0.406165E+02
 -0.406414E+02
 -0.406671E+02
 -0.406935E+02
 -0.407208E+02
 -0.407487E+02
 -0.407776E+02
 -0.408071E+02
 -0.408377E+02
 -0.408690E+02
 -0.409012E+02
 -0.409339E+02
 -0.409674E+02
 -0.410013E+02
 -0.410357E+02
 -0.410703E+02
 -0.411054E+02
 -0.411408E+02
 -0.411766E+02
 -0.412126E+02
 -0.412493E+02
 -0.412865E+02
 -0.413244E+02
 -0.413626E+02
 -0.414015E+02
 -0.414408E+02
 -0.414803E+02
 -0.415198E+02
 -0.415594E+02
 -0.415987E+02
 -0.416380E+02
 -0.416770E+02
 -0.417159E+02
 -0.417545E+02
 -0.417928E+02
 -0.418304E+02
 -0.418677E+02
 -0.419040E+02
 -0.419397E+02
 -0.419743E+02
 -0.420079E+02
 -0.420404E+02
 -0.420715E+02
 -0.421009E+02
 -0.421291E+02
 -0.421556E+02
 -0.421807E+02
 -0.422041E+02
 -0.422264E+02
 -0.422475E+02
 -0.422675E+02
 -0.422863E+02
 -0.423045E+02
 -0.423218E+02
 -0.423387E+02
 -0.423549E+02
 -0.423707E+02
 -0.423862E+02
 -0.424013E+02
 -0.424159E+02
 -0.424307E+02
 -0.424453E+02
 -0.424602E+02
 -0.424753E+02
 -0.424911E+02
 -0.425075E+02
 -0.425249E+02
 -0.425431E+02
 -0.425627E+02
 -0.425836E+02
 -0.426060E+02
 -0.426297E+02
 -0.426551E+02
 -0.426818E+02
 -0.427098E+02
 -0.427387E+02
 -0.427689E+02
 -0.427999E+02
 -0.428320E+02
 -0.428647E+02
 -0.428983E+02
 -0.429327E+02
 -0.429678E+02
 -0.430034E+02
 -0.430400E+02
 -0.430770E+02
 -0.431149E+02
 -0.431532E+02
 -0.431923E+02
 -0.432320E+02
 -0.432724E+02
 -0.433130E+02
 -0.433545E+02
 -0.433965E+02
 -0.434392E+02
 -0.434824E+02
 -0.435265E+02
 -0.435712E+02
 -0.436165E+02
 -0.436622E+02
 -0.437089E+02
 -0.437561E+02
 -0.438043E+02
 -0.438529E+02
 -0.439025E+02
 -0.439528E+02
 -0.440037E+02
 -0.440550E+02
 -0.441070E+02
 -0.441593E+02
 -0.442122E+02
 -0.442651E+02
 -0.443185E+02
 -0.443720E+02
 -0.444253E+02
 -0.444782E+02
 -0.445309E+02
 -0.445828E+02
 -0.446339E+02
 -0.446837E+02
 -0.447324E+02
 -0.447795E+02
 -0.448247E+02
 -0.448676E+02
 -0.449085E+02
 -0.449467E+02
 -0.449825E+02
 -0.450150E+02
 -0.450450E+02
 -0.450719E+02
 -0.450959E+02
 -0.451164E+02
 -0.451345E+02
 -0.451493E+02
 -0.451616E+02
 -0.451707E+02
 -0.451773E+02
 -0.451812E+02
 -0.451824E+02
 -0.451806E+02
 -0.451767E+02
 -0.451701E+02
 -0.451615E+02
 -0.451506E+02
 -0.451382E+02
 -0.451243E+02
 -0.451089E+02
 -0.450920E+02
 -0.450744E+02
 -0.450555E+02
 -0.450360E+02
 -0.450154E+02
 -0.449945E+02
 -0.449730E+02
 -0.449511E+02
 -0.449285E+02
 -0.449061E+02
 -0.448836E+02
 -0.448615E+02
 -0.448395E+02
 -0.448183E+02
 -0.447980E+02
 -0.447786E+02
 -0.447600E+02
 -0.447430E+02
 -0.447272E+02
 -0.447130E+02
 -0.447000E+02
 -0.446887E+02
 -0.446787E+02
 -0.446702E+02
 -0.446625E+02
 -0.446564E+02
 -0.446513E+02
 -0.446474E+02
 -0.446441E+02
 -0.446418E+02
 -0.446401E+02
 -0.446389E+02
 -0.446377E+02
 -0.446372E+02
 -0.446366E+02
 -0.446364E+02
 -0.446359E+02
 -0.446355E+02
 -0.446348E+02
 -0.446336E+02
 -0.446314E+02
 -0.446290E+02
 -0.446258E+02
 -0.446223E+02
 -0.446182E+02
 -0.446143E+02
 -0.446104E+02
 -0.446067E+02
 -0.446032E+02
 -0.446005E+02
 -0.445984E+02
 -0.445973E+02
 -0.445968E+02
 -0.445975E+02
 -0.445990E+02
 -0.446012E+02
 -0.446038E+02
 -0.446072E+02
 -0.446106E+02
 -0.446142E+02
 -0.446175E+02
 -0.446207E+02
 -0.446234E+02
 -0.446256E+02
 -0.446268E+02
 -0.446276E+02
 -0.446276E+02
 -0.446271E+02
 -0.446256E+02
 -0.446236E+02
 -0.446208E+02
 -0.446171E+02
 -0.446119E+02
 -0.446059E+02
 -0.445984E+02
 -0.445898E+02
 -0.445794E+02
 -0.445679E+02
 -0.445547E+02
 -0.445399E+02
 -0.445231E+02
 -0.445048E+02
 -0.444845E+02
 -0.444627E+02
 -0.444389E+02
 -0.444140E+02
 -0.443879E+02
 -0.443607E+02
 -0.443324E+02
 -0.443036E+02
 -0.442740E+02
 -0.442441E+02
 -0.442134E+02
 -0.441825E+02
 -0.441510E+02
 -0.441191E+02
 -0.440862E+02
 -0.440527E+02
 -0.440180E+02
 -0.439823E+02
 -0.439448E+02
 -0.439061E+02
 -0.438655E+02
 -0.438231E+02
 -0.437784E+02
 -0.437319E+02
 -0.436831E+02
 -0.436324E+02
 -0.435793E+02
 -0.435244E+02
 -0.434676E+02
 -0.434090E+02
 -0.433484E+02
 -0.432864E+02
 -0.432226E+02
 -0.431575E+02
 -0.430908E+02
 -0.430229E+02
 -0.429536E+02
 -0.428831E+02
 -0.428112E+02
 -0.427386E+02
 -0.426650E+02
 -0.425909E+02
 -0.425162E+02
 -0.424415E+02
 -0.423667E+02
 -0.422919E+02
 -0.422172E+02
 -0.421430E+02
 -0.420692E+02
 -0.419963E+02
 -0.419240E+02
 -0.418529E+02
 -0.417829E+02
 -0.417140E+02
 -0.416462E+02
 -0.415798E+02
 -0.415146E+02
 -0.414509E+02
 -0.413883E+02
 -0.413273E+02
 -0.412678E+02
 -0.412099E+02
 -0.411534E+02
 -0.410988E+02
 -0.410460E+02
 -0.409953E+02
 -0.409466E+02
 -0.409002E+02
 -0.408559E+02
 -0.408140E+02
 -0.407741E+02
 -0.407367E+02
 -0.407013E+02
 -0.406682E+02
 -0.406373E+02
 -0.406087E+02
 -0.405824E+02
 -0.405583E+02
 -0.405363E+02
 -0.405166E+02
 -0.404987E+02
 -0.404828E+02
 -0.404683E+02
 -0.404554E+02
 -0.404436E+02
 -0.404329E+02
 -0.404229E+02
 -0.404139E+02
 -0.404053E+02
 -0.403975E+02
 -0.403901E+02
 -0.403833E+02
 -0.403772E+02
 -0.403716E+02
 -0.403664E+02
 -0.403619E+02
 -0.403575E+02
 -0.403533E+02
 -0.403487E+02
 -0.403439E+02
 -0.403384E+02
 -0.403320E+02
 -0.403245E+02
 -0.403158E+02
 -0.403057E+02
 -0.402944E+02
 -0.402817E+02
 -0.402680E+02
 -0.402531E+02
 -0.402373E+02
 -0.402204E+02
 -0.402028E+02
 -0.401842E+02
 -0.401648E+02
 -0.401444E+02
 -0.401231E+02
 -0.401010E+02
 -0.400779E+02
 -0.400537E+02
 -0.400287E+02
 -0.400028E+02
 -0.399762E+02
 -0.399486E+02
 -0.399205E+02
 -0.398918E+02
 -0.398626E+02
 -0.398328E+02
 -0.398029E+02
 -0.397725E+02
 -0.397421E+02
 -0.397113E+02
 -0.396804E+02
 -0.396493E+02
 -0.396180E+02
 -0.395861E+02
 -0.395539E+02
 -0.395211E+02
 -0.394878E+02
 -0.394538E+02
 -0.394192E+02
 -0.393839E+02
 -0.393479E+02
 -0.393111E+02
 -0.392739E+02
 -0.392360E+02
 -0.391978E+02
 -0.391592E+02
 -0.391205E+02
 -0.390819E+02
 -0.390434E+02
 -0.390051E+02
 -0.389672E+02
 -0.389299E+02
 -0.388933E+02
 -0.388574E+02
 -0.388226E+02
 -0.387891E+02
 -0.387570E+02
 -0.387264E+02
 -0.386978E+02
 -0.386710E+02
 -0.386464E+02
 -0.386238E+02
 -0.386033E+02
 -0.385850E+02
 -0.385688E+02
 -0.385545E+02
 -0.385422E+02
 -0.385318E+02
 -0.385232E+02
 -0.385164E+02
 -0.385114E+02
 -0.385081E+02
 -0.385065E+02
 -0.385065E+02
 -0.385083E+02
 -0.385117E+02
 -0.385167E+02
 -0.385232E+02
 -0.385311E+02
 -0.385403E+02
 -0.385507E+02
 -0.385622E+02
 -0.385747E+02
 -0.385882E+02
 -0.386029E+02
 -0.386184E+02
 -0.386350E+02
 -0.386523E+02
 -0.386702E+02
 -0.386884E+02
 -0.387069E+02
 -0.387252E+02
 -0.387432E+02
 -0.387606E+02
 -0.387773E+02
 -0.387933E+02
 -0.388086E+02
 -0.388229E+02
 -0.388366E+02
 -0.388495E+02
 -0.388617E+02
 -0.388732E+02
 -0.388840E+02
 -0.388940E+02
 -0.389033E+02
 -0.389118E+02
 -0.389195E+02
 -0.389262E+02
 -0.389320E+02
 -0.389367E+02
 -0.389404E+02
 -0.389429E+02
 -0.389444E+02
 -0.389447E+02
 -0.389441E+02
 -0.389424E+02
 -0.389397E+02
 -0.389359E+02
 -0.389310E+02
 -0.389248E+02
 -0.389175E+02
 -0.389088E+02
 -0.388990E+02
 -0.388879E+02
 -0.388757E+02
 -0.388623E+02
 -0.388479E+02
 -0.388323E+02
 -0.388157E+02
 -0.387980E+02
 -0.387793E+02
 -0.387593E+02
 -0.387382E+02
 -0.387157E+02
 -0.386921E+02
 -0.386672E+02
 -0.386410E+02
 -0.386134E+02
 -0.385845E+02
 -0.385542E+02
 -0.385225E+02
 -0.384892E+02
 -0.384546E+02
 -0.384186E+02
 -0.383812E+02
 -0.383425E+02
 -0.383027E+02
 -0.382617E+02
 -0.382197E+02
 -0.381768E+02
 -0.381330E+02
 -0.380885E+02
 -0.380434E+02
 -0.379977E+02
 -0.379516E+02
 -0.379049E+02
 -0.378580E+02
 -0.378106E+02
 -0.377631E+02
 -0.377153E+02
 -0.376675E+02
 -0.376197E+02
 -0.375721E+02
 -0.375247E+02
 -0.374775E+02
 -0.374303E+02
 -0.373832E+02
 -0.373358E+02
 -0.372883E+02
 -0.372403E+02
 -0.371917E+02
 -0.371423E+02
 -0.370919E+02
 -0.370406E+02
 -0.369880E+02
 -0.369342E+02
 -0.368792E+02
 -0.368230E+02
 -0.367654E+02
 -0.367065E+02
 -0.366465E+02
 -0.365851E+02
 -0.365224E+02
 -0.364583E+02
 -0.363928E+02
 -0.363259E+02
 -0.362576E+02
 -0.361878E+02
 -0.361166E+02
 -0.360440E+02
 -0.359703E+02
 -0.358953E+02
 -0.358193E+02
 -0.357424E+02
 -0.356645E+02
 -0.355857E+02
 -0.355062E+02
 -0.354261E+02
 -0.353454E+02
 -0.352641E+02
 -0.351825E+02
 -0.351004E+02
 -0.350179E+02
 -0.349349E+02
 -0.348514E+02
 -0.347674E+02
 -0.346828E+02
 -0.345975E+02
 -0.345118E+02
 -0.344256E+02
 -0.343387E+02
 -0.342514E+02
 -0.341635E+02
 -0.340753E+02
 -0.339867E+02
 -0.338976E+02
 -0.338083E+02
 -0.337188E+02
 -0.336290E+02
 -0.335391E+02
 -0.334491E+02
 -0.333593E+02
 -0.332697E+02
 -0.331803E+02
 -0.330915E+02
 -0.330036E+02
 -0.329163E+02
 -0.328300E+02
 -0.327448E+02
 -0.326611E+02
 -0.325786E+02
 -0.324978E+02
 -0.324189E+02
 -0.323421E+02
 -0.322674E+02
 -0.321951E+02
 -0.321252E+02
 -0.320581E+02
 -0.319934E+02
 -0.319313E+02
 -0.318721E+02
 -0.318159E+02
 -0.317624E+02
 -0.317117E+02
 -0.316638E+02
 -0.316190E+02
 -0.315770E+02
 -0.315380E+02
 -0.315022E+02
 -0.314701E+02
 -0.314412E+02
 -0.314162E+02
 -0.313948E+02
 -0.313774E+02
 -0.313637E+02
 -0.313538E+02
 -0.313479E+02
 -0.313462E+02
 -0.313481E+02
 -0.313538E+02
 -0.313631E+02
 -0.313762E+02
 -0.313925E+02
 -0.314119E+02
 -0.314347E+02
 -0.314606E+02
 -0.314891E+02
 -0.315205E+02
 -0.315543E+02
 -0.315907E+02
 -0.316293E+02
 -0.316700E+02
 -0.317130E+02
 -0.317581E+02
 -0.318050E+02
 -0.318537E+02
 -0.319041E+02
 -0.319563E+02
 -0.320097E+02
 -0.320644E+02
 -0.321203E+02
 -0.321774E+02
 -0.322352E+02
 -0.322938E+02
 -0.323529E+02
 -0.324127E+02
 -0.324726E+02
 -0.325327E+02
 -0.325931E+02
 -0.326535E+02
 -0.327137E+02
 -0.327737E+02
 -0.328333E+02
 -0.328926E+02
 -0.329513E+02
 -0.330094E+02
 -0.330671E+02
 -0.331246E+02
 -0.331817E+02
 -0.332386E+02
 -0.332954E+02
 -0.333525E+02
 -0.334096E+02
 -0.334670E+02
 -0.335252E+02
 -0.335843E+02
 -0.336442E+02
 -0.337055E+02
 -0.337682E+02
 -0.338326E+02
 -0.338986E+02
 -0.339663E+02
 -0.340358E+02
 -0.341071E+02
 -0.341799E+02
 -0.342541E+02
 -0.343297E+02
 -0.344063E+02
 -0.344835E+02
 -0.345610E+02
 -0.346386E+02
 -0.347161E+02
 -0.347930E+02
 -0.348691E+02
 -0.349442E+02
 -0.350182E+02
 -0.350910E+02
 -0.351623E+02
 -0.352322E+02
 -0.353008E+02
 -0.353679E+02
 -0.354335E+02
 -0.354977E+02
 -0.355606E+02
 -0.356220E+02
 -0.356821E+02
 -0.357409E+02
 -0.357985E+02
 -0.358548E+02
 -0.359099E+02
 -0.359639E+02
 -0.360167E+02
 -0.360683E+02
 -0.361190E+02
 -0.361689E+02
 -0.362183E+02
 -0.362671E+02
 -0.363156E+02
 -0.363640E+02
 -0.364125E+02
 -0.364611E+02
 -0.365100E+02
 -0.365595E+02
 -0.366096E+02
 -0.366603E+02
 -0.367117E+02
 -0.367638E+02
 -0.368166E+02
 -0.368701E+02
 -0.369240E+02
 -0.369784E+02
 -0.370331E+02
 -0.370878E+02
 -0.371425E+02
 -0.371967E+02
 -0.372503E+02
 -0.373030E+02
 -0.373546E+02
 -0.374048E+02
 -0.374536E+02
 -0.375008E+02
 -0.375464E+02
 -0.375904E+02
 -0.376328E+02
 -0.376738E+02
 -0.377133E+02
 -0.377515E+02
 -0.377885E+02
 -0.378243E+02
 -0.378592E+02
 -0.378931E+02
 -0.379261E+02
 -0.379583E+02
 -0.379896E+02
 -0.380203E+02
 -0.380503E+02
 -0.380798E+02
 -0.381087E+02
 -0.381375E+02
 -0.381660E+02
 -0.381944E+02
 -0.382228E+02
 -0.382514E+02
 -0.382800E+02
 -0.383088E+02
 -0.383379E+02
 -0.383672E+02
 -0.383967E+02
 -0.384266E+02
 -0.384568E+02
 -0.384874E+02
 -0.385182E+02
 -0.385494E+02
 -0.385808E+02
 -0.386124E+02
 -0.386440E+02
 -0.386757E+02
 -0.387072E+02
 -0.387388E+02
 -0.387700E+02
 -0.388012E+02
 -0.388319E+02
 -0.388624E+02
 -0.388925E+02
 -0.389223E+02
 -0.389517E+02
 -0.389809E+02
 -0.390096E+02
 -0.390382E+02
 -0.390665E+02
 -0.390948E+02
 -0.391229E+02
 -0.391512E+02
 -0.391795E+02
 -0.392081E+02
 -0.392369E+02
 -0.392662E+02
 -0.392960E+02
 -0.393265E+02
 -0.393577E+02
 -0.393898E+02
 -0.394228E+02
 -0.394567E+02
 -0.394914E+02
 -0.395272E+02
 -0.395637E+02
 -0.396013E+02
 -0.396395E+02
 -0.396786E+02
 -0.397184E+02
 -0.397590E+02
 -0.398003E+02
 -0.398423E+02
 -0.398848E+02
 -0.399282E+02
 -0.399721E+02
 -0.400166E+02
 -0.400617E+02
 -0.401072E+02
 -0.401530E+02
 -0.401991E+02
 -0.402452E+02
 -0.402913E+02
 -0.403370E+02
 -0.403825E+02
 -0.404276E+02
 -0.404721E+02
 -0.405161E+02
 -0.405597E+02
 -0.406026E+02
 -0.406450E+02
 -0.406867E+02
 -0.407278E+02
 -0.407681E+02
 -0.408077E+02
 -0.408465E+02
 -0.408847E+02
 -0.409221E+02
 -0.409590E+02
 -0.409952E+02
 -0.410311E+02
 -0.410663E+02
 -0.411012E+02
 -0.411355E+02
 -0.411696E+02
 -0.412034E+02
 -0.412370E+02
 -0.412704E+02
 -0.413039E+02
 -0.413372E+02
 -0.413706E+02
 -0.414036E+02
 -0.414368E+02
 -0.414698E+02
 -0.415026E+02
 -0.415350E+02
 -0.415673E+02
 -0.415990E+02
 -0.416302E+02
 -0.416603E+02
 -0.416897E+02
 -0.417178E+02
 -0.417446E+02
 -0.417696E+02
 -0.417931E+02
 -0.418148E+02
 -0.418345E+02
 -0.418521E+02
 -0.418678E+02
 -0.418812E+02
 -0.418924E+02
 -0.419011E+02
 -0.419076E+02
 -0.419116E+02
 -0.419133E+02
 -0.419123E+02
 -0.419094E+02
 -0.419041E+02
 -0.418969E+02
 -0.418877E+02
 -0.418769E+02
 -0.418644E+02
 -0.418504E+02
 -0.418348E+02
 -0.418180E+02
 -0.417996E+02
 -0.417800E+02
 -0.417588E+02
 -0.417364E+02
 -0.417126E+02
 -0.416874E+02
 -0.416607E+02
 -0.416329E+02
 -0.416036E+02
 -0.415732E+02
 -0.415412E+02
 -0.415083E+02
 -0.414740E+02
 -0.414384E+02
 -0.414013E+02
 -0.413630E+02
 -0.413235E+02
 -0.412828E+02
 -0.412410E+02
 -0.411983E+02
 -0.411548E+02
 -0.411106E+02
 -0.410657E+02
 -0.410205E+02
 -0.409748E+02
 -0.409288E+02
 -0.408822E+02
 -0.408354E+02
 -0.407882E+02
 -0.407407E+02
 -0.406927E+02
 -0.406445E+02
 -0.405959E+02
 -0.405472E+02
 -0.404980E+02
 -0.404488E+02
 -0.403992E+02
 -0.403496E+02
 -0.402997E+02
 -0.402500E+02
 -0.402001E+02
 -0.401503E+02
 -0.401004E+02
 -0.400508E+02
 -0.400012E+02
 -0.399517E+02
 -0.399021E+02
 -0.398529E+02
 -0.398038E+02
 -0.397551E+02
 -0.397067E+02
 -0.396588E+02
 -0.396114E+02
 -0.395644E+02
 -0.395177E+02
 -0.394714E+02
 -0.394252E+02
 -0.393793E+02
 -0.393332E+02
 -0.392870E+02
 -0.392403E+02
 -0.391931E+02
 -0.391451E+02
 -0.390964E+02
 -0.390465E+02
 -0.389959E+02
 -0.389441E+02
 -0.388916E+02
 -0.388384E+02
 -0.387848E+02
 -0.387307E+02
 -0.386766E+02
 -0.386224E+02
 -0.385684E+02
 -0.385146E+02
 -0.384612E+02
 -0.384080E+02
 -0.383552E+02
 -0.383026E+02
 -0.382504E+02
 -0.381982E+02
 -0.381463E+02
 -0.380945E+02
 -0.380430E+02
 -0.379916E+02
 -0.379406E+02
 -0.378900E+02
 -0.378400E+02
 -0.377905E+02
 -0.377420E+02
 -0.376941E+02
 -0.376472E+02
 -0.376010E+02
 -0.375557E+02
 -0.375111E+02
 -0.374671E+02
 -0.374235E+02
 -0.373805E+02
 -0.373376E+02
 -0.372949E+02
 -0.372521E+02
 -0.372091E+02
 -0.371659E+02
 -0.371224E+02
 -0.370785E+02
 -0.370344E+02
 -0.369900E+02
 -0.369453E+02
 -0.369003E+02
 -0.368551E+02
 -0.368095E+02
 -0.367638E+02
 -0.367177E+02
 -0.366715E+02
 -0.366250E+02
 -0.365783E+02
 -0.365313E+02
 -0.364842E+02
 -0.364369E+02
 -0.363892E+02
 -0.363411E+02
 -0.362927E+02
 -0.362438E+02
 -0.361944E+02
 -0.361442E+02
 -0.360934E+02
 -0.360419E+02
 -0.359896E+02
 -0.359365E+02
 -0.358826E+02
 -0.358282E+02
 -0.357730E+02
 -0.357172E+02
 -0.356609E+02
 -0.356042E+02
 -0.355471E+02
 -0.354897E+02
 -0.354320E+02
 -0.353742E+02
 -0.353161E+02
 -0.352579E+02
 -0.351997E+02
 -0.351415E+02
 -0.350832E+02
 -0.350251E+02
 -0.349670E+02
 -0.349091E+02
 -0.348511E+02
 -0.347929E+02
 -0.347347E+02
 -0.346764E+02
 -0.346178E+02
 -0.345590E+02
 -0.345000E+02
 -0.344411E+02
 -0.343821E+02
 -0.343232E+02
 -0.342648E+02
 -0.342068E+02
 -0.341493E+02
 -0.340924E+02
 -0.340360E+02
 -0.339803E+02
 -0.339250E+02
 -0.338700E+02
 -0.338154E+02
 -0.337611E+02
 -0.337068E+02
 -0.336527E+02
 -0.335985E+02
 -0.335444E+02
 -0.334904E+02
 -0.334363E+02
 -0.333825E+02
 -0.333291E+02
 -0.332757E+02
 -0.332227E+02
 -0.331700E+02
 -0.331177E+02
 -0.330656E+02
 -0.330138E+02
 -0.329625E+02
 -0.329119E+02
 -0.328615E+02
 -0.328118E+02
 -0.327624E+02
 -0.327138E+02
 -0.326655E+02
 -0.326177E+02
 -0.325705E+02
 -0.325241E+02
 -0.324781E+02
 -0.324329E+02
 -0.323883E+02
 -0.323447E+02
 -0.323017E+02
 -0.322594E+02
 -0.322180E+02
 -0.321775E+02
 -0.321375E+02
 -0.320983E+02
 -0.320594E+02
 -0.320211E+02
 -0.319830E+02
 -0.319450E+02
 -0.319073E+02
 -0.318697E+02
 -0.318320E+02
 -0.317943E+02
 -0.317562E+02
 -0.317182E+02
 -0.316797E+02
 -0.316409E+02
 -0.316019E+02
 -0.315630E+02
 -0.315239E+02
 -0.314850E+02
 -0.314463E+02
 -0.314083E+02
 -0.313706E+02
 -0.313335E+02
 -0.312973E+02
 -0.312621E+02
 -0.312276E+02
 -0.311940E+02
 -0.311612E+02
 -0.311295E+02
 -0.310983E+02
 -0.310680E+02
 -0.310385E+02
 -0.310101E+02
 -0.309823E+02
 -0.309553E+02
 -0.309289E+02
 -0.309033E+02
 -0.308780E+02
 -0.308530E+02
 -0.308285E+02
 -0.308045E+02
 -0.307807E+02
 -0.307571E+02
 -0.307336E+02
 -0.307105E+02
 -0.306870E+02
 -0.306632E+02
 -0.306392E+02
 -0.306150E+02
 -0.305898E+02
 -0.305641E+02
 -0.305375E+02
 -0.305102E+02
 -0.304818E+02
 -0.304524E+02
 -0.304221E+02
 -0.303912E+02
 -0.303591E+02
 -0.303263E+02
 -0.302925E+02
 -0.302581E+02
 -0.302227E+02
 -0.301866E+02
 -0.301498E+02
 -0.301127E+02
 -0.300746E+02
 -0.300360E+02
 -0.299965E+02
 -0.299565E+02
 -0.299155E+02
 -0.298735E+02
 -0.298311E+02
 -0.297885E+02
 -0.297450E+02
 -0.297014E+02
 -0.296573E+02
 -0.296132E+02
 -0.295684E+02
 -0.295232E+02
 -0.294776E+02
 -0.294318E+02
 -0.293850E+02
 -0.293377E+02
 -0.292894E+02
 -0.292407E+02
 -0.291907E+02
 -0.291397E+02
 -0.290879E+02
 -0.290356E+02
 -0.289822E+02
 -0.289281E+02
 -0.288731E+02
 -0.288176E+02
 -0.287612E+02
 -0.287039E+02
 -0.286460E+02
 -0.285877E+02
 -0.285282E+02
 -0.284681E+02
 -0.284070E+02
 -0.283454E+02
 -0.282827E+02
 -0.282193E+02
 -0.281555E+02
 -0.280917E+02
 -0.280273E+02
 -0.279629E+02
 -0.278983E+02
 -0.278341E+02
 -0.277699E+02
 -0.277058E+02
 -0.276423E+02
 -0.275795E+02
 -0.275167E+02
 -0.274544E+02
 -0.273920E+02
 -0.273302E+02
 -0.272680E+02
 -0.272057E+02
 -0.271437E+02
 -0.270821E+02
 -0.270202E+02
 -0.269585E+02
 -0.268968E+02
 -0.268356E+02
 -0.267740E+02
 -0.267126E+02
 -0.266514E+02
 -0.265910E+02
 -0.265304E+02
 -0.264705E+02
 -0.264109E+02
 -0.263523E+02
 -0.262939E+02
 -0.262360E+02
 -0.261791E+02
 -0.261236E+02
 -0.260688E+02
 -0.260152E+02
 -0.259625E+02
 -0.259115E+02
 -0.258613E+02
 -0.258124E+02
 -0.257650E+02
 -0.257195E+02
 -0.256751E+02
 -0.256323E+02
 -0.255908E+02
 -0.255512E+02
 -0.255126E+02
 -0.254752E+02
 -0.254393E+02
 -0.254051E+02
 -0.253717E+02
 -0.253398E+02
 -0.253089E+02
 -0.252798E+02
 -0.252515E+02
 -0.252245E+02
 -0.251989E+02
 -0.251751E+02
 -0.251520E+02
 -0.251302E+02
 -0.251092E+02
 -0.250897E+02
 -0.250705E+02
 -0.250518E+02
 -0.250340E+02
 -0.250172E+02
 -0.250002E+02
 -0.249838E+02
 -0.249673E+02
 -0.249513E+02
 -0.249349E+02
 -0.249184E+02
 -0.249020E+02
 -0.248859E+02
 -0.248693E+02
 -0.248527E+02
 -0.248355E+02
 -0.248183E+02
 -0.248003E+02
 -0.247814E+02
 -0.247619E+02
 -0.247419E+02
 -0.247204E+02
 -0.246979E+02
 -0.246739E+02
 -0.246489E+02
 -0.246221E+02
 -0.245938E+02
 -0.245642E+02
 -0.245338E+02
 -0.245015E+02
 -0.244681E+02
 -0.244331E+02
 -0.243973E+02
 -0.243597E+02
 -0.243205E+02
 -0.242801E+02
 -0.242387E+02
 -0.241953E+02
 -0.241507E+02
 -0.241040E+02
 -0.240563E+02
 -0.240063E+02
 -0.239546E+02
 -0.239014E+02
 -0.238471E+02
 -0.237908E+02
 -0.237334E+02
 -0.236744E+02
 -0.236147E+02
 -0.235534E+02
 -0.234909E+02
 -0.234276E+02
 -0.233639E+02
 -0.232987E+02
 -0.232329E+02
 -0.231659E+02
 -0.230986E+02
 -0.230300E+02
 -0.229604E+02
 -0.228904E+02
 -0.228204E+02
 -0.227494E+02
 -0.226782E+02
 -0.226065E+02
 -0.225351E+02
 -0.224629E+02
 -0.223904E+02
 -0.223181E+02
 -0.222464E+02
 -0.221743E+02
 -0.221025E+02
 -0.220306E+02
 -0.219592E+02
 -0.218873E+02
 -0.218152E+02
 -0.217433E+02
 -0.216721E+02
 -0.216005E+02
 -0.215296E+02
 -0.214587E+02
 -0.213891E+02
 -0.213197E+02
 -0.212510E+02
 -0.211836E+02
 -0.211180E+02
 -0.210531E+02
 -0.209900E+02
 -0.209282E+02
 -0.208686E+02
 -0.208100E+02
 -0.207528E+02
 -0.206975E+02
 -0.206444E+02
 -0.205921E+02
 -0.205419E+02
 -0.204928E+02
 -0.204461E+02
 -0.204003E+02
 -0.203561E+02
 -0.203140E+02
 -0.202745E+02
 -0.202363E+02
 -0.202004E+02
 -0.201662E+02
 -0.201348E+02
 -0.201048E+02
 -0.200769E+02
 -0.200515E+02
 -0.200291E+02
 -0.200086E+02
 -0.199911E+02
 -0.199759E+02
 -0.199639E+02
 -0.199539E+02
 -0.199463E+02
 -0.199414E+02
 -0.199397E+02
 -0.199398E+02
 -0.199428E+02
 -0.199480E+02
 -0.199565E+02
 -0.199669E+02
 -0.199800E+02
 -0.199961E+02
 -0.200158E+02
 -0.200377E+02
 -0.200631E+02
 -0.200910E+02
 -0.201227E+02
 -0.201567E+02
 -0.201936E+02
 -0.202337E+02
 -0.202776E+02
 -0.203237E+02
 -0.203732E+02
 -0.204253E+02
 -0.204808E+02
 -0.205385E+02
 -0.205988E+02
 -0.206620E+02
 -0.207285E+02
 -0.207968E+02
 -0.208679E+02
 -0.209409E+02
 -0.210167E+02
 -0.210939E+02
 -0.211727E+02
 -0.212535E+02
 -0.213365E+02
 -0.214203E+02
 -0.215059E+02
 -0.215925E+02
 -0.216810E+02
 -0.217701E+02
 -0.218603E+02
 -0.219519E+02
 -0.220453E+02
 -0.221393E+02
 -0.222349E+02
 -0.223314E+02
 -0.224298E+02
 -0.225289E+02
 -0.226291E+02
 -0.227308E+02
 -0.228343E+02
 -0.229384E+02
 -0.230440E+02
 -0.231504E+02
 -0.232582E+02
 -0.233665E+02
 -0.234755E+02
 -0.235855E+02
 -0.236967E+02
 -0.238080E+02
 -0.239202E+02
 -0.240327E+02
 -0.241464E+02
 -0.242602E+02
 -0.243745E+02
 -0.244895E+02
 -0.246056E+02
 -0.247218E+02
 -0.248388E+02
 -0.249560E+02
 -0.250741E+02
 -0.251923E+02
 -0.253108E+02
 -0.254299E+02
 -0.255500E+02
 -0.256700E+02
 -0.257908E+02
 -0.259117E+02
 -0.260336E+02
 -0.261556E+02
 -0.262778E+02
 -0.264008E+02
 -0.265246E+02
 -0.266485E+02
 -0.267730E+02
 -0.268976E+02
 -0.270228E+02
 -0.271478E+02
 -0.272727E+02
 -0.273977E+02
 -0.275229E+02
 -0.276475E+02
 -0.277721E+02
 -0.278963E+02
 -0.280207E+02
 -0.281446E+02
 -0.282683E+02
 -0.283920E+02
 -0.285161E+02
 -0.286399E+02
 -0.287640E+02
 -0.288881E+02
 -0.290128E+02
 -0.291373E+02
 -0.292621E+02
 -0.293873E+02
 -0.295130E+02
 -0.296387E+02
 -0.297649E+02
 -0.298912E+02
 -0.300182E+02
 -0.301453E+02
 -0.302727E+02
 -0.304007E+02
 -0.305295E+02
 -0.306585E+02
 -0.307881E+02
 -0.309180E+02
 -0.310486E+02
 -0.311793E+02
 -0.313102E+02
 -0.314415E+02
 -0.315732E+02
 -0.317046E+02
 -0.318359E+02
 -0.319667E+02
 -0.320972E+02
 -0.322268E+02
 -0.323555E+02
 -0.324834E+02
 -0.326103E+02
 -0.327360E+02
 -0.328604E+02
 -0.329834E+02
 -0.331051E+02
 -0.332252E+02
 -0.333435E+02
 -0.334602E+02
 -0.335752E+02
 -0.336882E+02
 -0.337992E+02
 -0.339081E+02
 -0.340150E+02
 -0.341196E+02
 -0.342219E+02
 -0.343219E+02
 -0.344197E+02
 -0.345151E+02
 -0.346081E+02
 -0.346987E+02
 -0.347870E+02
 -0.348728E+02
 -0.349563E+02
 -0.350376E+02
 -0.351167E+02
 -0.351937E+02
 -0.352687E+02
 -0.353417E+02
 -0.354129E+02
 -0.354820E+02
 -0.355491E+02
 -0.356143E+02
 -0.356775E+02
 -0.357387E+02
 -0.357979E+02
 -0.358552E+02
 -0.359107E+02
 -0.359643E+02
 -0.360162E+02
 -0.360665E+02
 -0.361154E+02
 -0.361628E+02
 -0.362089E+02
 -0.362538E+02
 -0.362976E+02
 -0.363402E+02
 -0.363817E+02
 -0.364221E+02
 -0.364615E+02
 -0.364997E+02
 -0.365366E+02
 -0.365724E+02
 -0.366069E+02
 -0.366401E+02
 -0.366719E+02
 -0.367023E+02
 -0.367313E+02
 -0.367588E+02
 -0.367847E+02
 -0.368091E+02
 -0.368318E+02
 -0.368528E+02
 -0.368722E+02
 -0.368899E+02
 -0.369058E+02
 -0.369202E+02
 -0.369330E+02
 -0.369443E+02
 -0.369542E+02
 -0.369628E+02
 -0.369704E+02
 -0.369771E+02
 -0.369830E+02
 -0.369883E+02
 -0.369930E+02
 -0.369972E+02
 -0.370010E+02
 -0.370045E+02
 -0.370075E+02
 -0.370104E+02
 -0.370130E+02
 -0.370155E+02
 -0.370178E+02
 -0.370202E+02
 -0.370227E+02
 -0.370252E+02
 -0.370279E+02
 -0.370310E+02
 -0.370342E+02
 -0.370378E+02
 -0.370416E+02
 -0.370457E+02
 -0.370500E+02
 -0.370547E+02
 -0.370596E+02
 -0.370650E+02
 -0.370708E+02
 -0.370771E+02
 -0.370839E+02
 -0.370912E+02
 -0.370991E+02
 -0.371076E+02
 -0.371166E+02
 -0.371262E+02
 -0.371362E+02
 -0.371466E+02
 -0.371573E+02
 -0.371684E+02
 -0.371796E+02
 -0.371910E+02
 -0.372024E+02
 -0.372138E+02
 -0.372251E+02
 -0.372363E+02
 -0.372472E+02
 -0.372579E+02
 -0.372680E+02
 -0.372778E+02
 -0.372868E+02
 -0.372954E+02
 -0.373031E+02
 -0.373102E+02
 -0.373164E+02
 -0.373219E+02
 -0.373265E+02
 -0.373302E+02
 -0.373330E+02
 -0.373350E+02
 -0.373361E+02
 -0.373363E+02
 -0.373355E+02
 -0.373339E+02
 -0.373315E+02
 -0.373283E+02
 -0.373243E+02
 -0.373197E+02
 -0.373144E+02
 -0.373087E+02
 -0.373025E+02
 -0.372960E+02
 -0.372893E+02
 -0.372823E+02
 -0.372751E+02
 -0.372678E+02
 -0.372603E+02
 -0.372525E+02
 -0.372443E+02
 -0.372357E+02
 -0.372264E+02
 -0.372165E+02
 -0.372057E+02
 -0.371939E+02
 -0.371810E+02
 -0.371668E+02
 -0.371511E+02
 -0.371340E+02
 -0.371152E+02
 -0.370947E+02
 -0.370725E+02
 -0.370486E+02
 -0.370229E+02
 -0.369953E+02
 -0.369659E+02
 -0.369347E+02
 -0.369016E+02
 -0.368666E+02
 -0.368297E+02
 -0.367909E+02
 -0.367503E+02
 -0.367078E+02
 -0.366634E+02
 -0.366171E+02
 -0.365689E+02
 -0.365186E+02
 -0.364663E+02
 -0.364120E+02
 -0.363558E+02
 -0.362975E+02
 -0.362373E+02
 -0.361752E+02
 -0.361113E+02
 -0.360455E+02
 -0.359778E+02
 -0.359085E+02
 -0.358376E+02
 -0.357652E+02
 -0.356911E+02
 -0.356156E+02
 -0.355385E+02
 -0.354599E+02
 -0.353797E+02
 -0.352980E+02
 -0.352148E+02
 -0.351302E+02
 -0.350440E+02
 -0.349564E+02
 -0.348674E+02
 -0.347768E+02
 -0.346847E+02
 -0.345911E+02
 -0.344960E+02
 -0.343994E+02
 -0.343014E+02
 -0.342020E+02
 -0.341015E+02
 -0.339995E+02
 -0.338964E+02
 -0.337922E+02
 -0.336871E+02
 -0.335809E+02
 -0.334739E+02
 -0.333661E+02
 -0.332578E+02
 -0.331487E+02
 -0.330390E+02
 -0.329289E+02
 -0.328187E+02
 -0.327079E+02
 -0.325970E+02
 -0.324858E+02
 -0.323745E+02
 -0.322630E+02
 -0.321513E+02
 -0.320396E+02
 -0.319280E+02
 -0.318162E+02
 -0.317044E+02
 -0.315925E+02
 -0.314808E+02
 -0.313689E+02
 -0.312569E+02
 -0.311451E+02
 -0.310336E+02
 -0.309219E+02
 -0.308104E+02
 -0.306987E+02
 -0.305872E+02
 -0.304754E+02
 -0.303634E+02
 -0.302514E+02
 -0.301397E+02
 -0.300278E+02
 -0.299160E+02
 -0.298044E+02
 -0.296933E+02
 -0.295822E+02
 -0.294714E+02
 -0.293611E+02
 -0.292516E+02
 -0.291423E+02
 -0.290337E+02
 -0.289254E+02
 -0.288180E+02
 -0.287107E+02
 -0.286039E+02
 -0.284975E+02
 -0.283919E+02
 -0.282863E+02
 -0.281810E+02
 -0.280757E+02
 -0.279707E+02
 -0.278653E+02
 -0.277596E+02
 -0.276538E+02
 -0.275483E+02
 -0.274423E+02
 -0.273364E+02
 -0.272304E+02
 -0.271250E+02
 -0.270193E+02
 -0.269136E+02
 -0.268084E+02
 -0.267037E+02
 -0.265988E+02
 -0.264942E+02
 -0.263895E+02
 -0.262853E+02
 -0.261808E+02
 -0.260763E+02
 -0.259721E+02
 -0.258684E+02
 -0.257645E+02
 -0.256610E+02
 -0.255573E+02
 -0.254542E+02
 -0.253507E+02
 -0.252469E+02
 -0.251432E+02
 -0.250398E+02
 -0.249356E+02
 -0.248313E+02
 -0.247262E+02
 -0.246212E+02
 -0.245150E+02
 -0.244080E+02
 -0.243005E+02
 -0.241927E+02
 -0.240836E+02
 -0.239739E+02
 -0.238630E+02
 -0.237517E+02
 -0.236391E+02
 -0.235255E+02
 -0.234114E+02
 -0.232974E+02
 -0.231824E+02
 -0.230674E+02
 -0.229516E+02
 -0.228362E+02
 -0.227199E+02
 -0.226033E+02
 -0.224866E+02
 -0.223703E+02
 -0.222534E+02
 -0.221366E+02
 -0.220196E+02
 -0.219031E+02
 -0.217860E+02
 -0.216689E+02
 -0.215519E+02
 -0.214357E+02
 -0.213188E+02
 -0.212022E+02
 -0.210852E+02
 -0.209686E+02
 -0.208511E+02
 -0.207331E+02
 -0.206148E+02
 -0.204968E+02
 -0.203777E+02
 -0.202586E+02
 -0.201387E+02
 -0.200192E+02
 -0.198989E+02
 -0.197782E+02
 -0.196578E+02
 -0.195383E+02
 -0.194183E+02
 -0.192990E+02
 -0.191797E+02
 -0.190616E+02
 -0.189432E+02
 -0.188250E+02
 -0.187074E+02
 -0.185908E+02
 -0.184738E+02
 -0.183573E+02
 -0.182406E+02
 -0.181246E+02
 -0.180080E+02
 -0.178910E+02
 -0.177741E+02
 -0.176579E+02
 -0.175408E+02
 -0.174242E+02
 -0.173070E+02
 -0.171907E+02
 -0.170736E+02
 -0.169565E+02
 -0.168397E+02
 -0.167238E+02
 -0.166073E+02
 -0.164915E+02
 -0.163754E+02
 -0.162603E+02
 -0.161447E+02
 -0.160288E+02
 -0.159135E+02
 -0.157993E+02
 -0.156843E+02
 -0.155699E+02
 -0.154552E+02
 -0.153415E+02
 -0.152271E+02
 -0.151127E+02
 -0.149988E+02
 -0.148861E+02
 -0.147730E+02
 -0.146607E+02
 -0.145483E+02
 -0.144373E+02
 -0.143258E+02
 -0.142145E+02
 -0.141039E+02
 -0.139946E+02
 -0.138850E+02
 -0.137763E+02
 -0.136676E+02
 -0.135604E+02
 -0.134529E+02
 -0.133458E+02
 -0.132397E+02
 -0.131352E+02
 -0.130306E+02
 -0.129274E+02
 -0.128245E+02
 -0.127235E+02
 -0.126226E+02
 -0.125222E+02
 -0.124232E+02
 -0.123260E+02
 -0.122289E+02
 -0.121332E+02
 -0.120377E+02
 -0.119441E+02
 -0.118503E+02
 -0.117572E+02
 -0.116651E+02
 -0.115750E+02
 -0.114847E+02
 -0.113961E+02
 -0.113079E+02
 -0.112218E+02
 -0.111359E+02
 -0.110510E+02
 -0.109677E+02
 -0.108868E+02
 -0.108061E+02
 -0.107274E+02
 -0.106492E+02
 -0.105734E+02
 -0.104976E+02
 -0.104227E+02
 -0.103493E+02
 -0.102782E+02
 -0.102072E+02
 -0.101381E+02
 -0.100698E+02
 -0.100040E+02
 -0.993850E+01
 -0.987411E+01
 -0.981178E+01
 -0.975219E+01
 -0.969324E+01
 -0.963674E+01
 -0.958146E+01
 -0.952923E+01
 -0.947793E+01
 -0.942849E+01
 -0.938149E+01
 -0.933786E+01
 -0.929543E+01
 -0.925602E+01
 -0.921838E+01
 -0.918427E+01
 -0.915149E+01
 -0.912079E+01
 -0.909267E+01
 -0.906784E+01
 -0.904393E+01
 -0.902263E+01
 -0.900240E+01
 -0.898499E+01
 -0.896801E+01
 -0.895228E+01
 -0.893821E+01
 -0.892665E+01
 -0.891537E+01
 -0.890620E+01
 -0.889777E+01
 -0.889195E+01
 -0.888649E+01
 -0.888218E+01
 -0.887968E+01
 -0.887978E+01
 -0.888017E+01
 -0.888264E+01
 -0.888577E+01
 -0.889132E+01
 -0.889699E+01
 -0.890360E+01
 -0.891157E+01
 -0.892175E+01
 -0.893183E+01
 -0.894357E+01
 -0.895556E+01
 -0.896957E+01
 -0.898339E+01
 -0.899787E+01
 -0.901359E+01
 -0.903148E+01
 -0.904939E+01
 -0.906922E+01
 -0.908972E+01
 -0.911274E+01
 -0.913613E+01
 -0.916080E+01
 -0.918729E+01
 -0.921651E+01
 -0.924628E+01
 -0.927845E+01
 -0.931168E+01
 -0.934778E+01
 -0.938449E+01
 -0.942245E+01
 -0.946251E+01
 -0.950526E+01
 -0.954844E+01
 -0.959375E+01
 -0.963982E+01
 -0.968837E+01
 -0.973717E+01
 -0.978711E+01
 -0.983865E+01
 -0.989267E+01
 -0.994693E+01
 -0.100032E+02
 -0.100600E+02
 -0.101192E+02
 -0.101784E+02
 -0.102384E+02
 -0.102996E+02
 -0.103626E+02
 -0.104251E+02
 -0.104889E+02
 -0.105525E+02
 -0.106176E+02
 -0.106821E+02
 -0.107468E+02
 -0.108123E+02
 -0.108794E+02
 -0.109461E+02
 -0.110140E+02
 -0.110819E+02
 -0.111514E+02
 -0.112205E+02
 -0.112897E+02
 -0.113596E+02
 -0.114308E+02
 -0.115013E+02
 -0.115726E+02
 -0.116433E+02
 -0.117149E+02
 -0.117855E+02
 -0.118556E+02
 -0.119257E+02
 -0.119965E+02
 -0.120659E+02
 -0.121356E+02
 -0.122042E+02
 -0.122733E+02
 -0.123408E+02
 -0.124074E+02
 -0.124736E+02
 -0.125401E+02
 -0.126048E+02
 -0.126693E+02
 -0.127324E+02
 -0.127956E+02
 -0.128569E+02
 -0.129170E+02
 -0.129763E+02
 -0.130356E+02
 -0.130930E+02
 -0.131500E+02
 -0.132055E+02
 -0.132609E+02
 -0.133143E+02
 -0.133664E+02
 -0.134179E+02
 -0.134693E+02
 -0.135188E+02
 -0.135680E+02
 -0.136157E+02
 -0.136634E+02
 -0.137094E+02
 -0.137544E+02
 -0.137988E+02
 -0.138434E+02
 -0.138862E+02
 -0.139290E+02
 -0.139705E+02
 -0.140124E+02
 -0.140529E+02
 -0.140928E+02
 -0.141325E+02
 -0.141730E+02
 -0.142124E+02
 -0.142523E+02
 -0.142916E+02
 -0.143321E+02
 -0.143718E+02
 -0.144118E+02
 -0.144525E+02
 -0.144948E+02
 -0.145370E+02
 -0.145807E+02
 -0.146248E+02
 -0.146709E+02
 -0.147171E+02
 -0.147641E+02
 -0.148124E+02
 -0.148626E+02
 -0.149128E+02
 -0.149645E+02
 -0.150164E+02
 -0.150700E+02
 -0.151234E+02
 -0.151773E+02
 -0.152320E+02
 -0.152879E+02
 -0.153434E+02
 -0.153997E+02
 -0.154557E+02
 -0.155125E+02
 -0.155685E+02
 -0.156240E+02
 -0.156795E+02
 -0.157354E+02
 -0.157901E+02
 -0.158449E+02
 -0.158988E+02
 -0.159532E+02
 -0.160065E+02
 -0.160597E+02
 -0.161132E+02
 -0.161678E+02
 -0.162221E+02
 -0.162775E+02
 -0.163332E+02
 -0.163907E+02
 -0.164486E+02
 -0.165074E+02
 -0.165681E+02
 -0.166311E+02
 -0.166951E+02
 -0.167614E+02
 -0.168289E+02
 -0.168991E+02
 -0.169701E+02
 -0.170427E+02
 -0.171169E+02
 -0.171933E+02
 -0.172702E+02
 -0.173489E+02
 -0.174283E+02
 -0.175094E+02
 -0.175909E+02
 -0.176730E+02
 -0.177563E+02
 -0.178411E+02
 -0.179258E+02
 -0.180116E+02
 -0.180974E+02
 -0.181845E+02
 -0.182710E+02
 -0.183576E+02
 -0.184443E+02
 -0.185318E+02
 -0.186183E+02
 -0.187049E+02
 -0.187908E+02
 -0.188771E+02
 -0.189623E+02
 -0.190468E+02
 -0.191313E+02
 -0.192161E+02
 -0.192999E+02
 -0.193838E+02
 -0.194670E+02
 -0.195505E+02
 -0.196330E+02
 -0.197150E+02
 -0.197968E+02
 -0.198790E+02
 -0.199602E+02
 -0.200417E+02
 -0.201226E+02
 -0.202042E+02
 -0.202850E+02
 -0.203657E+02
 -0.204467E+02
 -0.205285E+02
 -0.206099E+02
 -0.206919E+02
 -0.207738E+02
 -0.208566E+02
 -0.209390E+02
 -0.210217E+02
 -0.211048E+02
 -0.211888E+02
 -0.212726E+02
 -0.213569E+02
 -0.214412E+02
 -0.215263E+02
 -0.216111E+02
 -0.216959E+02
 -0.217812E+02
 -0.218672E+02
 -0.219528E+02
 -0.220388E+02
 -0.221245E+02
 -0.222109E+02
 -0.222969E+02
 -0.223829E+02
 -0.224693E+02
 -0.225564E+02
 -0.226431E+02
 -0.227305E+02
 -0.228177E+02
 -0.229056E+02
 -0.229932E+02
 -0.230807E+02
 -0.231683E+02
 -0.232565E+02
 -0.233439E+02
 -0.234314E+02
 -0.235182E+02
 -0.236050E+02
 -0.236906E+02
 -0.237752E+02
 -0.238591E+02
 -0.239424E+02
 -0.240241E+02
 -0.241047E+02
 -0.241836E+02
 -0.242615E+02
 -0.243373E+02
 -0.244112E+02
 -0.244835E+02
 -0.245543E+02
 -0.246227E+02
 -0.246892E+02
 -0.247534E+02
 -0.248159E+02
 -0.248757E+02
 -0.249334E+02
 -0.249891E+02
 -0.250432E+02
 -0.250949E+02
 -0.251449E+02
 -0.251928E+02
 -0.252393E+02
 -0.252837E+02
 -0.253261E+02
 -0.253670E+02
 -0.254065E+02
 -0.254438E+02
 -0.254797E+02
 -0.255135E+02
 -0.255461E+02
 -0.255765E+02
 -0.256051E+02
 -0.256321E+02
 -0.256577E+02
 -0.256810E+02
 -0.257028E+02
 -0.257223E+02
 -0.257403E+02
 -0.257558E+02
 -0.257691E+02
 -0.257804E+02
 -0.257900E+02
 -0.257968E+02
 -0.258015E+02
 -0.258033E+02
 -0.258031E+02
 -0.257997E+02
 -0.257934E+02
 -0.257844E+02
 -0.257729E+02
 -0.257579E+02
 -0.257401E+02
 -0.257189E+02
 -0.256948E+02
 -0.256669E+02
 -0.256354E+02
 -0.256007E+02
 -0.255629E+02
 -0.255212E+02
 -0.254763E+02
 -0.254274E+02
 -0.253755E+02
 -0.253195E+02
 -0.252599E+02
 -0.251970E+02
 -0.251313E+02
 -0.250619E+02
 -0.249898E+02
 -0.249145E+02
 -0.248370E+02
 -0.247565E+02
 -0.246735E+02
 -0.245883E+02
 -0.245014E+02
 -0.244120E+02
 -0.243208E+02
 -0.242276E+02
 -0.241330E+02
 -0.240363E+02
 -0.239377E+02
 -0.238375E+02
 -0.237363E+02
 -0.236329E+02
 -0.235282E+02
 -0.234216E+02
 -0.233138E+02
 -0.232038E+02
 -0.230918E+02
 -0.229783E+02
 -0.228635E+02
 -0.227464E+02
 -0.226277E+02
 -0.225068E+02
 -0.223846E+02
 -0.222601E+02
 -0.221335E+02
 -0.220053E+02
 -0.218760E+02
 -0.217444E+02
 -0.216116E+02
 -0.214770E+02
 -0.213417E+02
 -0.212047E+02
 -0.210662E+02
 -0.209271E+02
 -0.207879E+02
 -0.206473E+02
 -0.205064E+02
 -0.203646E+02
 -0.202230E+02
 -0.200804E+02
 -0.199373E+02
 -0.197943E+02
 -0.196518E+02
 -0.195088E+02
 -0.193664E+02
 -0.192239E+02
 -0.190825E+02
 -0.189408E+02
 -0.187997E+02
 -0.186594E+02
 -0.185207E+02
 -0.183823E+02
 -0.182452E+02
 -0.181088E+02
 -0.179742E+02
 -0.178399E+02
 -0.177066E+02
 -0.175744E+02
 -0.174440E+02
 -0.173138E+02
 -0.171849E+02
 -0.170565E+02
 -0.169296E+02
 -0.168027E+02
 -0.166761E+02
 -0.165503E+02
 -0.164258E+02
 -0.163009E+02
 -0.161766E+02
 -0.160521E+02
 -0.159284E+02
 -0.158040E+02
 -0.156793E+02
 -0.155547E+02
 -0.154309E+02
 -0.153061E+02
 -0.151817E+02
 -0.150568E+02
 -0.149328E+02
 -0.148080E+02
 -0.146830E+02
 -0.145585E+02
 -0.144351E+02
 -0.143112E+02
 -0.141883E+02
 -0.140654E+02
 -0.139439E+02
 -0.138222E+02
 -0.137010E+02
 -0.135807E+02
 -0.134622E+02
 -0.133436E+02
 -0.132264E+02
 -0.131096E+02
 -0.129947E+02
 -0.128798E+02
 -0.127654E+02
 -0.126524E+02
 -0.125413E+02
 -0.124303E+02
 -0.123209E+02
 -0.122119E+02
 -0.121050E+02
 -0.119982E+02
 -0.118922E+02
 -0.117875E+02
 -0.116848E+02
 -0.115823E+02
 -0.114813E+02
 -0.113808E+02
 -0.112823E+02
 -0.111837E+02
 -0.110859E+02
 -0.109893E+02
 -0.108948E+02
 -0.108003E+02
 -0.107076E+02
 -0.106155E+02
 -0.105257E+02
 -0.104362E+02
 -0.103479E+02
 -0.102613E+02
 -0.101772E+02
 -0.100938E+02
 -0.100127E+02
 -0.993263E+01
 -0.985555E+01
 -0.977927E+01
 -0.970463E+01
 -0.963239E+01
 -0.956335E+01
 -0.949534E+01
 -0.943018E+01
 -0.936653E+01
 -0.930620E+01
 -0.924699E+01
 -0.918977E+01
 -0.913502E+01
 -0.908359E+01
 -0.903325E+01
 -0.898576E+01
 -0.893975E+01
 -0.889701E+01
 -0.885529E+01
 -0.881543E+01
 -0.877797E+01
 -0.874379E+01
 -0.871062E+01
 -0.868034E+01
 -0.865162E+01
 -0.862628E+01
 -0.860213E+01
 -0.858015E+01
 -0.856084E+01
 -0.854514E+01
 -0.853084E+01
 -0.851981E+01
 -0.851070E+01
 -0.850532E+01
 -0.850138E+01
 -0.849952E+01
 -0.850063E+01
 -0.850535E+01
 -0.851136E+01
 -0.852043E+01
 -0.853114E+01
 -0.854526E+01
 -0.856048E+01
 -0.857767E+01
 -0.859726E+01
 -0.862012E+01
 -0.864397E+01
 -0.867057E+01
 -0.869853E+01
 -0.872960E+01
 -0.876146E+01
 -0.879493E+01
 -0.883047E+01
 -0.886887E+01
 -0.890779E+01
 -0.894898E+01
 -0.899093E+01
 -0.903539E+01
 -0.908001E+01
 -0.912565E+01
 -0.917270E+01
 -0.922198E+01
 -0.927125E+01
 -0.932230E+01
 -0.937374E+01
 -0.942735E+01
 -0.948088E+01
 -0.953515E+01
 -0.959076E+01
 -0.964856E+01
 -0.970633E+01
 -0.976588E+01
 -0.982586E+01
 -0.988808E+01
 -0.995043E+01
 -0.100138E+02
 -0.100786E+02
 -0.101460E+02
 -0.102136E+02
 -0.102833E+02
 -0.103539E+02
 -0.104270E+02
 -0.105005E+02
 -0.105753E+02
 -0.106518E+02
 -0.107307E+02
 -0.108099E+02
 -0.108911E+02
 -0.109730E+02
 -0.110571E+02
 -0.111414E+02
 -0.112267E+02
 -0.113133E+02
 -0.114020E+02
 -0.114909E+02
 -0.115814E+02
 -0.116725E+02
 -0.117656E+02
 -0.118588E+02
 -0.119527E+02
 -0.120482E+02
 -0.121457E+02
 -0.122435E+02
 -0.123430E+02
 -0.124431E+02
 -0.125453E+02
 -0.126478E+02
 -0.127513E+02
 -0.128561E+02
 -0.129632E+02
 -0.130704E+02
 -0.131793E+02
 -0.132887E+02
 -0.134002E+02
 -0.135117E+02
 -0.136239E+02
 -0.137371E+02
 -0.138520E+02
 -0.139666E+02
 -0.140821E+02
 -0.141974E+02
 -0.143137E+02
 -0.144290E+02
 -0.145439E+02
 -0.146587E+02
 -0.147740E+02
 -0.148877E+02
 -0.150013E+02
 -0.151136E+02
 -0.152260E+02
 -0.153367E+02
 -0.154462E+02
 -0.155550E+02
 -0.156635E+02
 -0.157701E+02
 -0.158760E+02
 -0.159800E+02
 -0.160835E+02
 -0.161847E+02
 -0.162843E+02
 -0.163826E+02
 -0.164803E+02
 -0.165756E+02
 -0.166700E+02
 -0.167625E+02
 -0.168544E+02
 -0.169440E+02
 -0.170321E+02
 -0.171191E+02
 -0.172055E+02
 -0.172899E+02
 -0.173737E+02
 -0.174559E+02
 -0.175378E+02
 -0.176181E+02
 -0.176974E+02
 -0.177762E+02
 -0.178552E+02
 -0.179330E+02
 -0.180109E+02
 -0.180880E+02
 -0.181656E+02
 -0.182423E+02
 -0.183185E+02
 -0.183948E+02
 -0.184718E+02
 -0.185479E+02
 -0.186244E+02
 -0.187003E+02
 -0.187769E+02
 -0.188527E+02
 -0.189282E+02
 -0.190037E+02
 -0.190797E+02
 -0.191548E+02
 -0.192299E+02
 -0.193042E+02
 -0.193787E+02
 -0.194519E+02
 -0.195243E+02
 -0.195963E+02
 -0.196683E+02
 -0.197389E+02
 -0.198092E+02
 -0.198784E+02
 -0.199475E+02
 -0.200151E+02
 -0.200819E+02
 -0.201479E+02
 -0.202136E+02
 -0.202778E+02
 -0.203413E+02
 -0.204034E+02
 -0.204650E+02
 -0.205248E+02
 -0.205832E+02
 -0.206405E+02
 -0.206971E+02
 -0.207517E+02
 -0.208053E+02
 -0.208569E+02
 -0.209076E+02
 -0.209561E+02
 -0.210027E+02
 -0.210478E+02
 -0.210917E+02
 -0.211333E+02
 -0.211735E+02
 -0.212116E+02
 -0.212485E+02
 -0.212832E+02
 -0.213162E+02
 -0.213478E+02
 -0.213787E+02
 -0.214076E+02
 -0.214357E+02
 -0.214622E+02
 -0.214884E+02
 -0.215129E+02
 -0.215363E+02
 -0.215591E+02
 -0.215817E+02
 -0.216030E+02
 -0.216241E+02
 -0.216443E+02
 -0.216646E+02
 -0.216838E+02
 -0.217023E+02
 -0.217206E+02
 -0.217392E+02
 -0.217569E+02
 -0.217746E+02
 -0.217917E+02
 -0.218090E+02
 -0.218254E+02
 -0.218414E+02
 -0.218572E+02
 -0.218734E+02
 -0.218888E+02
 -0.219044E+02
 -0.219196E+02
 -0.219354E+02
 -0.219506E+02
 -0.219657E+02
 -0.219811E+02
 -0.219971E+02
 -0.220127E+02
 -0.220286E+02
 -0.220443E+02
 -0.220606E+02
 -0.220762E+02
 -0.220916E+02
 -0.221071E+02
 -0.221231E+02
 -0.221382E+02
 -0.221536E+02
 -0.221685E+02
 -0.221838E+02
 -0.221984E+02
 -0.222126E+02
 -0.222268E+02
 -0.222413E+02
 -0.222550E+02
 -0.222687E+02
 -0.222816E+02
 -0.222947E+02
 -0.223066E+02
 -0.223177E+02
 -0.223282E+02
 -0.223385E+02
 -0.223473E+02
 -0.223553E+02
 -0.223619E+02
 -0.223677E+02
 -0.223717E+02
 -0.223742E+02
 -0.223755E+02
 -0.223759E+02
 -0.223744E+02
 -0.223719E+02
 -0.223678E+02
 -0.223631E+02
 -0.223567E+02
 -0.223491E+02
 -0.223408E+02
 -0.223322E+02
 -0.223223E+02
 -0.223121E+02
 -0.223009E+02
 -0.222897E+02
 -0.222773E+02
 -0.222641E+02
 -0.222505E+02
 -0.222370E+02
 -0.222222E+02
 -0.222071E+02
 -0.221910E+02
 -0.221748E+02
 -0.221572E+02
 -0.221387E+02
 -0.221195E+02
 -0.221002E+02
 -0.220796E+02
 -0.220585E+02
 -0.220364E+02
 -0.220141E+02
 -0.219905E+02
 -0.219659E+02
 -0.219409E+02
 -0.219156E+02
 -0.218890E+02
 -0.218619E+02
 -0.218337E+02
 -0.218053E+02
 -0.217755E+02
 -0.217447E+02
 -0.217131E+02
 -0.216812E+02
 -0.216477E+02
 -0.216135E+02
 -0.215777E+02
 -0.215414E+02
 -0.215033E+02
 -0.214637E+02
 -0.214230E+02
 -0.213816E+02
 -0.213383E+02
 -0.212939E+02
 -0.212477E+02
 -0.212007E+02
 -0.211516E+02
 -0.211007E+02
 -0.210486E+02
 -0.209956E+02
 -0.209404E+02
 -0.208842E+02
 -0.208262E+02
 -0.207674E+02
 -0.207066E+02
 -0.206444E+02
 -0.205811E+02
 -0.205173E+02
 -0.204517E+02
 -0.203855E+02
 -0.203180E+02
 -0.202502E+02
 -0.201809E+02
 -0.201106E+02
 -0.200395E+02
 -0.199682E+02
 -0.198953E+02
 -0.198218E+02
 -0.197468E+02
 -0.196715E+02
 -0.195943E+02
 -0.195155E+02
 -0.194359E+02
 -0.193557E+02
 -0.192735E+02
 -0.191904E+02
 -0.191056E+02
 -0.190202E+02
 -0.189327E+02
 -0.188436E+02
 -0.187532E+02
 -0.186620E+02
 -0.185686E+02
 -0.184740E+02
 -0.183773E+02
 -0.182797E+02
 -0.181797E+02
 -0.180778E+02
 -0.179744E+02
 -0.178702E+02
 -0.177637E+02
 -0.176563E+02
 -0.175472E+02
 -0.174379E+02
 -0.173269E+02
 -0.172151E+02
 -0.171029E+02
 -0.169912E+02
 -0.168785E+02
 -0.167662E+02
 -0.166534E+02
 -0.165416E+02
 -0.164292E+02
 -0.163168E+02
 -0.162051E+02
 -0.160946E+02
 -0.159837E+02
 -0.158739E+02
 -0.157641E+02
 -0.156557E+02
 -0.155473E+02
 -0.154393E+02
 -0.153323E+02
 -0.152269E+02
 -0.151213E+02
 -0.150170E+02
 -0.149129E+02
 -0.148104E+02
 -0.147077E+02
 -0.146055E+02
 -0.145041E+02
 -0.144044E+02
 -0.143044E+02
 -0.142057E+02
 -0.141071E+02
 -0.140101E+02
 -0.139129E+02
 -0.138162E+02
 -0.137205E+02
 -0.136265E+02
 -0.135323E+02
 -0.134395E+02
 -0.133470E+02
 -0.132562E+02
 -0.131654E+02
 -0.130749E+02
 -0.129857E+02
 -0.128983E+02
 -0.128106E+02
 -0.127244E+02
 -0.126383E+02
 -0.125539E+02
 -0.124693E+02
 -0.123851E+02
 -0.123019E+02
 -0.122205E+02
 -0.121387E+02
 -0.120584E+02
 -0.119783E+02
 -0.118999E+02
 -0.118213E+02
 -0.117432E+02
 -0.116661E+02
 -0.115906E+02
 -0.115148E+02
 -0.114402E+02
 -0.113655E+02
 -0.112924E+02
 -0.112187E+02
 -0.111454E+02
 -0.110727E+02
 -0.110015E+02
 -0.109297E+02
 -0.108588E+02
 -0.107877E+02
 -0.107179E+02
 -0.106473E+02
 -0.105766E+02
 -0.105063E+02
 -0.104372E+02
 -0.103672E+02
 -0.102980E+02
 -0.102284E+02
 -0.101603E+02
 -0.100914E+02
 -0.100229E+02
 -0.995521E+01
 -0.988935E+01
 -0.982325E+01
 -0.975873E+01
 -0.969455E+01
 -0.963251E+01
 -0.957051E+01
 -0.950940E+01
 -0.944974E+01
 -0.939246E+01
 -0.933538E+01
 -0.928036E+01
 -0.922613E+01
 -0.917456E+01
 -0.912352E+01
 -0.907395E+01
 -0.902640E+01
 -0.898181E+01
 -0.893800E+01
 -0.889684E+01
 -0.885700E+01
 -0.882030E+01
 -0.878453E+01
 -0.875038E+01
 -0.871877E+01
 -0.869042E+01
 -0.866309E+01
 -0.863863E+01
 -0.861563E+01
 -0.859593E+01
 -0.857724E+01
 -0.856042E+01
 -0.854593E+01
 -0.853466E+01
 -0.852433E+01
 -0.851674E+01
 -0.851046E+01
 -0.850731E+01
 -0.850499E+01
 -0.850425E+01
 -0.850554E+01
 -0.850958E+01
 -0.851397E+01
 -0.852038E+01
 -0.852726E+01
 -0.853636E+01
 -0.854527E+01
 -0.855473E+01
 -0.856517E+01
 -0.857735E+01
 -0.858888E+01
 -0.860146E+01
 -0.861357E+01
 -0.862694E+01
 -0.863916E+01
 -0.865090E+01
 -0.866277E+01
 -0.867546E+01
 -0.868658E+01
 -0.869791E+01
 -0.870795E+01
 -0.871846E+01
 -0.872713E+01
 -0.873481E+01
 -0.874192E+01
 -0.874932E+01
 -0.875470E+01
 -0.875986E+01
 -0.876337E+01
 -0.876703E+01
 -0.876862E+01
 -0.876894E+01
 -0.876855E+01
 -0.876831E+01
 -0.876591E+01
 -0.876312E+01
 -0.875853E+01
 -0.875388E+01
 -0.874689E+01
 -0.873840E+01
 -0.872884E+01
 -0.871909E+01
 -0.870685E+01
 -0.869393E+01
 -0.867892E+01
 -0.866368E+01
 -0.864591E+01
 -0.862632E+01
 -0.860589E+01
 -0.858530E+01
 -0.856235E+01
 -0.853887E+01
 -0.851349E+01
 -0.848811E+01
 -0.846044E+01
 -0.843140E+01
 -0.840151E+01
 -0.837166E+01
 -0.833962E+01
 -0.830724E+01
 -0.827311E+01
 -0.823914E+01
 -0.820303E+01
 -0.816568E+01
 -0.812766E+01
 -0.808987E+01
 -0.805000E+01
 -0.800990E+01
 -0.796816E+01
 -0.792664E+01
 -0.788304E+01
 -0.783830E+01
 -0.779288E+01
 -0.774773E+01
 -0.770049E+01
 -0.765300E+01
 -0.760383E+01
 -0.755487E+01
 -0.750370E+01
 -0.745112E+01
 -0.739778E+01
 -0.734453E+01
 -0.728892E+01
 -0.723291E+01
 -0.717503E+01
 -0.711721E+01
 -0.705714E+01
 -0.699578E+01
 -0.693369E+01
 -0.687191E+01
 -0.680808E+01
 -0.674420E+01
 -0.667890E+01
 -0.661420E+01
 -0.654772E+01
 -0.648045E+01
 -0.641302E+01
 -0.634645E+01
 -0.627835E+01
 -0.621076E+01
 -0.614228E+01
 -0.607497E+01
 -0.600655E+01
 -0.593813E+01
 -0.587031E+01
 -0.580428E+01
 -0.573768E+01
 -0.567266E+01
 -0.560785E+01
 -0.554534E+01
 -0.548269E+01
 -0.542073E+01
 -0.536051E+01
 -0.530283E+01
 -0.524516E+01
 -0.518964E+01
 -0.513465E+01
 -0.508226E+01
 -0.502992E+01
 -0.497865E+01
 -0.492893E+01
 -0.488181E+01
 -0.483468E+01
 -0.478964E+01
 -0.474511E+01
 -0.470313E+01
 -0.466113E+01
 -0.462011E+01
 -0.458065E+01
 -0.454377E+01
 -0.450685E+01
 -0.447200E+01
 -0.443763E+01
 -0.440586E+01
 -0.437405E+01
 -0.434326E+01
 -0.431402E+01
 -0.428740E+01
 -0.426081E+01
 -0.423643E+01
 -0.421268E+01
 -0.419179E+01
 -0.417120E+01
 -0.415205E+01
 -0.413512E+01
 -0.412151E+01
 -0.410867E+01
 -0.409880E+01
 -0.409034E+01
 -0.408543E+01
 -0.408144E+01
 -0.407949E+01
 -0.408007E+01
 -0.408424E+01
 -0.408934E+01
 -0.409752E+01
 -0.410706E+01
 -0.412008E+01
 -0.413388E+01
 -0.414946E+01
 -0.416732E+01
 -0.418851E+01
 -0.421037E+01
 -0.423505E+01
 -0.426093E+01
 -0.429018E+01
 -0.432020E+01
 -0.435211E+01
 -0.438640E+01
 -0.442416E+01
 -0.446273E+01
 -0.450416E+01
 -0.454683E+01
 -0.459277E+01
 -0.463927E+01
 -0.468713E+01
 -0.473727E+01
 -0.479041E+01
 -0.484386E+01
 -0.489965E+01
 -0.495610E+01
 -0.501518E+01
 -0.507424E+01
 -0.513425E+01
 -0.519560E+01
 -0.525919E+01
 -0.532239E+01
 -0.538718E+01
 -0.545188E+01
 -0.551842E+01
 -0.558424E+01
 -0.565023E+01
 -0.571683E+01
 -0.578495E+01
 -0.585199E+01
 -0.591987E+01
 -0.598696E+01
 -0.605521E+01
 -0.612206E+01
 -0.618848E+01
 -0.625484E+01
 -0.632213E+01
 -0.638781E+01
 -0.645385E+01
 -0.651872E+01
 -0.658436E+01
 -0.664827E+01
 -0.671136E+01
 -0.677423E+01
 -0.683776E+01
 -0.689940E+01
 -0.696116E+01
 -0.702151E+01
 -0.708238E+01
 -0.714138E+01
 -0.719953E+01
 -0.725733E+01
 -0.731584E+01
 -0.737272E+01
 -0.743000E+01
 -0.748630E+01
 -0.754362E+01
 -0.759968E+01
 -0.765551E+01
 -0.771174E+01
 -0.776937E+01
 -0.782614E+01
 -0.788406E+01
 -0.794173E+01
 -0.800111E+01
 -0.805994E+01
 -0.811920E+01
 -0.817937E+01
 -0.824143E+01
 -0.830308E+01
 -0.836620E+01
 -0.842936E+01
 -0.849440E+01
 -0.855905E+01
 -0.862400E+01
 -0.869018E+01
 -0.875832E+01
 -0.882620E+01
 -0.889575E+01
 -0.896561E+01
 -0.903766E+01
 -0.910973E+01
 -0.918283E+01
 -0.925742E+01
 -0.933443E+01
 -0.941167E+01
 -0.949097E+01
 -0.957097E+01
 -0.965343E+01
 -0.973614E+01
 -0.981993E+01
 -0.990524E+01
 -0.999287E+01
 -0.100806E+02
 -0.101700E+02
 -0.102598E+02
 -0.103516E+02
 -0.104431E+02
 -0.105351E+02
 -0.106280E+02
 -0.107226E+02
 -0.108168E+02
 -0.109123E+02
 -0.110078E+02
 -0.111049E+02
 -0.112016E+02
 -0.112987E+02
 -0.113967E+02
 -0.114963E+02
 -0.115954E+02
 -0.116956E+02
 -0.117956E+02
 -0.118970E+02
 -0.119976E+02
 -0.120982E+02
 -0.121991E+02
 -0.123010E+02
 -0.124018E+02
 -0.125031E+02
 -0.126035E+02
 -0.127046E+02
 -0.128044E+02
 -0.129036E+02
 -0.130026E+02
 -0.131022E+02
 -0.132005E+02
 -0.132990E+02
 -0.133965E+02
 -0.134945E+02
 -0.135912E+02
 -0.136872E+02
 -0.137829E+02
 -0.138790E+02
 -0.139737E+02
 -0.140683E+02
 -0.141618E+02
 -0.142557E+02
 -0.143481E+02
 -0.144395E+02
 -0.145307E+02
 -0.146222E+02
 -0.147122E+02
 -0.148021E+02
 -0.148908E+02
 -0.149796E+02
 -0.150669E+02
 -0.151534E+02
 -0.152394E+02
 -0.153257E+02
 -0.154105E+02
 -0.154953E+02
 -0.155790E+02
 -0.156632E+02
 -0.157460E+02
 -0.158283E+02
 -0.159105E+02
 -0.159932E+02
 -0.160748E+02
 -0.161567E+02
 -0.162378E+02
 -0.163195E+02
 -0.164000E+02
 -0.164800E+02
 -0.165598E+02
 -0.166401E+02
 -0.167191E+02
 -0.167982E+02
 -0.168764E+02
 -0.169549E+02
 -0.170323E+02
 -0.171090E+02
 -0.171855E+02
 -0.172624E+02
 -0.173379E+02
 -0.174135E+02
 -0.174880E+02
 -0.175626E+02
 -0.176358E+02
 -0.177082E+02
 -0.177800E+02
 -0.178519E+02
 -0.179222E+02
 -0.179924E+02
 -0.180615E+02
 -0.181308E+02
 -0.181988E+02
 -0.182661E+02
 -0.183332E+02
 -0.184006E+02
 -0.184669E+02
 -0.185334E+02
 -0.185991E+02
 -0.186652E+02
 -0.187303E+02
 -0.187951E+02
 -0.188597E+02
 -0.189247E+02
 -0.189888E+02
 -0.190532E+02
 -0.191169E+02
 -0.191810E+02
 -0.192443E+02
 -0.193070E+02
 -0.193699E+02
 -0.194333E+02
 -0.194958E+02
 -0.195587E+02
 -0.196209E+02
 -0.196838E+02
 -0.197458E+02
 -0.198075E+02
 -0.198692E+02
 -0.199315E+02
 -0.199928E+02
 -0.200544E+02
 -0.201153E+02
 -0.201767E+02
 -0.202371E+02
 -0.202970E+02
 -0.203568E+02
 -0.204170E+02
 -0.204761E+02
 -0.205352E+02
 -0.205935E+02
 -0.206520E+02
 -0.207095E+02
 -0.207663E+02
 -0.208228E+02
 -0.208794E+02
 -0.209350E+02
 -0.209904E+02
 -0.210449E+02
 -0.210996E+02
 -0.211531E+02
 -0.212059E+02
 -0.212585E+02
 -0.213111E+02
 -0.213625E+02
 -0.214138E+02
 -0.214640E+02
 -0.215142E+02
 -0.215631E+02
 -0.216111E+02
 -0.216583E+02
 -0.217052E+02
 -0.217504E+02
 -0.217949E+02
 -0.218377E+02
 -0.218798E+02
 -0.219200E+02
 -0.219586E+02
 -0.219957E+02
 -0.220318E+02
 -0.220657E+02
 -0.220981E+02
 -0.221284E+02
 -0.221574E+02
 -0.221841E+02
 -0.222087E+02
 -0.222315E+02
 -0.222530E+02
 -0.222720E+02
 -0.222895E+02
 -0.223048E+02
 -0.223189E+02
 -0.223306E+02
 -0.223403E+02
 -0.223487E+02
 -0.223562E+02
 -0.223616E+02
 -0.223660E+02
 -0.223686E+02
 -0.223706E+02
 -0.223708E+02
 -0.223698E+02
 -0.223679E+02
 -0.223656E+02
 -0.223618E+02
 -0.223575E+02
 -0.223520E+02
 -0.223462E+02
 -0.223389E+02
 -0.223307E+02
 -0.223218E+02
 -0.223125E+02
 -0.223019E+02
 -0.222906E+02
 -0.222781E+02
 -0.222652E+02
 -0.222508E+02
 -0.222353E+02
 -0.222191E+02
 -0.222027E+02
 -0.221848E+02
 -0.221664E+02
 -0.221469E+02
 -0.221273E+02
 -0.221063E+02
 -0.220845E+02
 -0.220623E+02
 -0.220400E+02
 -0.220166E+02
 -0.219930E+02
 -0.219687E+02
 -0.219445E+02
 -0.219195E+02
 -0.218940E+02
 -0.218686E+02
 -0.218436E+02
 -0.218178E+02
 -0.217924E+02
 -0.217666E+02
 -0.217413E+02
 -0.217156E+02
 -0.216898E+02
 -0.216643E+02
 -0.216396E+02
 -0.216146E+02
 -0.215904E+02
 -0.215662E+02
 -0.215432E+02
 -0.215201E+02
 -0.214974E+02
 -0.214756E+02
 -0.214550E+02
 -0.214344E+02
 -0.214149E+02
 -0.213956E+02
 -0.213776E+02
 -0.213595E+02
 -0.213416E+02
 -0.213244E+02
 -0.213082E+02
 -0.212917E+02
 -0.212757E+02
 -0.212595E+02
 -0.212439E+02
 -0.212277E+02
 -0.212112E+02
 -0.211947E+02
 -0.211786E+02
 -0.211616E+02
 -0.211447E+02
 -0.211271E+02
 -0.211098E+02
 -0.210915E+02
 -0.210725E+02
 -0.210534E+02
 -0.210343E+02
 -0.210142E+02
 -0.209940E+02
 -0.209730E+02
 -0.209522E+02
 -0.209304E+02
 -0.209081E+02
 -0.208857E+02
 -0.208636E+02
 -0.208406E+02
 -0.208177E+02
 -0.207941E+02
 -0.207708E+02
 -0.207465E+02
 -0.207215E+02
 -0.206964E+02
 -0.206715E+02
 -0.206455E+02
 -0.206194E+02
 -0.205925E+02
 -0.205659E+02
 -0.205382E+02
 -0.205100E+02
 -0.204815E+02
 -0.204534E+02
 -0.204242E+02
 -0.203950E+02
 -0.203649E+02
 -0.203351E+02
 -0.203043E+02
 -0.202728E+02
 -0.202412E+02
 -0.202098E+02
 -0.201775E+02
 -0.201452E+02
 -0.201123E+02
 -0.200798E+02
 -0.200463E+02
 -0.200125E+02
 -0.199785E+02
 -0.199450E+02
 -0.199106E+02
 -0.198764E+02
 -0.198415E+02
 -0.198071E+02
 -0.197718E+02
 -0.197360E+02
 -0.197003E+02
 -0.196650E+02
 -0.196288E+02
 -0.195928E+02
 -0.195562E+02
 -0.195200E+02
 -0.194829E+02
 -0.194454E+02
 -0.194079E+02
 -0.193709E+02
 -0.193331E+02
 -0.192956E+02
 -0.192574E+02
 -0.192196E+02
 -0.191808E+02
 -0.191414E+02
 -0.191017E+02
 -0.190621E+02
 -0.190212E+02
 -0.189799E+02
 -0.189374E+02
 -0.188948E+02
 -0.188506E+02
 -0.188053E+02
 -0.187592E+02
 -0.187128E+02
 -0.186647E+02
 -0.186161E+02
 -0.185661E+02
 -0.185160E+02
 -0.184642E+02
 -0.184113E+02
 -0.183579E+02
 -0.183044E+02
 -0.182494E+02
 -0.181940E+02
 -0.181375E+02
 -0.180810E+02
 -0.180230E+02
 -0.179642E+02
 -0.179050E+02
 -0.178460E+02
 -0.177857E+02
 -0.177254E+02
 -0.176641E+02
 -0.176032E+02
 -0.175411E+02
 -0.174783E+02
 -0.174153E+02
 -0.173525E+02
 -0.172886E+02
 -0.172247E+02
 -0.171599E+02
 -0.170956E+02
 -0.170303E+02
 -0.169645E+02
 -0.168987E+02
 -0.168334E+02
 -0.167671E+02
 -0.167011E+02
 -0.166344E+02
 -0.165683E+02
 -0.165012E+02
 -0.164337E+02
 -0.163663E+02
 -0.162995E+02
 -0.162317E+02
 -0.161643E+02
 -0.160962E+02
 -0.160289E+02
 -0.159607E+02
 -0.158922E+02
 -0.158238E+02
 -0.157562E+02
 -0.156877E+02
 -0.156197E+02
 -0.155509E+02
 -0.154829E+02
 -0.154139E+02
 -0.153444E+02
 -0.152750E+02
 -0.152063E+02
 -0.151366E+02
 -0.150672E+02
 -0.149973E+02
 -0.149283E+02
 -0.148584E+02
 -0.147885E+02
 -0.147189E+02
 -0.146506E+02
 -0.145818E+02
 -0.145140E+02
 -0.144461E+02
 -0.143797E+02
 -0.143129E+02
 -0.142464E+02
 -0.141807E+02
 -0.141165E+02
 -0.140518E+02
 -0.139882E+02
 -0.139246E+02
 -0.138623E+02
 -0.137997E+02
 -0.137373E+02
 -0.136758E+02
 -0.136158E+02
 -0.135555E+02
 -0.134964E+02
 -0.134373E+02
 -0.133796E+02
 -0.133215E+02
 -0.132635E+02
 -0.132060E+02
 -0.131498E+02
 -0.130927E+02
 -0.130364E+02
 -0.129796E+02
 -0.129240E+02
 -0.128675E+02
 -0.128111E+02
 -0.127553E+02
 -0.127007E+02
 -0.126457E+02
 -0.125918E+02
 -0.125379E+02
 -0.124858E+02
 -0.124334E+02
 -0.123815E+02
 -0.123310E+02
 -0.122823E+02
 -0.122336E+02
 -0.121866E+02
 -0.121399E+02
 -0.120952E+02
 -0.120507E+02
 -0.120070E+02
 -0.119647E+02
 -0.119246E+02
 -0.118847E+02
 -0.118466E+02
 -0.118091E+02
 -0.117738E+02
 -0.117387E+02
 -0.117045E+02
 -0.116717E+02
 -0.116409E+02
 -0.116101E+02
 -0.115808E+02
 -0.115518E+02
 -0.115247E+02
 -0.114974E+02
 -0.114707E+02
 -0.114450E+02
 -0.114212E+02
 -0.113973E+02
 -0.113747E+02
 -0.113524E+02
 -0.113319E+02
 -0.113111E+02
 -0.112908E+02
 -0.112715E+02
 -0.112539E+02
 -0.112360E+02
 -0.112194E+02
 -0.112028E+02
 -0.111878E+02
 -0.111723E+02
 -0.111572E+02
 -0.111430E+02
 -0.111302E+02
 -0.111170E+02
 -0.111049E+02
 -0.110926E+02
 -0.110817E+02
 -0.110702E+02
 -0.110587E+02
 -0.110478E+02
 -0.110380E+02
 -0.110274E+02
 -0.110174E+02
 -0.110068E+02
 -0.109971E+02
 -0.109861E+02
 -0.109745E+02
 -0.109628E+02
 -0.109517E+02
 -0.109391E+02
 -0.109266E+02
 -0.109130E+02
 -0.108998E+02
 -0.108851E+02
 -0.108693E+02
 -0.108535E+02
 -0.108382E+02
 -0.108212E+02
 -0.108045E+02
 -0.107866E+02
 -0.107693E+02
 -0.107507E+02
 -0.107316E+02
 -0.107125E+02
 -0.106944E+02
 -0.106751E+02
 -0.106566E+02
 -0.106375E+02
 -0.106196E+02
 -0.106008E+02
 -0.105820E+02
 -0.105638E+02
 -0.105468E+02
 -0.105292E+02
 -0.105125E+02
 -0.104955E+02
 -0.104799E+02
 -0.104636E+02
 -0.104475E+02
 -0.104319E+02
 -0.104175E+02
 -0.104020E+02
 -0.103870E+02
 -0.103712E+02
 -0.103563E+02
 -0.103401E+02
 -0.103234E+02
 -0.103066E+02
 -0.102907E+02
 -0.102733E+02
 -0.102561E+02
 -0.102377E+02
 -0.102198E+02
 -0.102003E+02
 -0.101799E+02
 -0.101591E+02
 -0.101386E+02
 -0.101163E+02
 -0.100940E+02
 -0.100702E+02
 -0.100466E+02
 -0.100212E+02
 -0.999464E+01
 -0.996745E+01
 -0.994044E+01
 -0.991150E+01
 -0.988235E+01
 -0.985174E+01
 -0.982142E+01
 -0.978930E+01
 -0.975630E+01
 -0.972288E+01
 -0.968993E+01
 -0.965538E+01
 -0.962096E+01
 -0.958544E+01
 -0.955059E+01
 -0.951436E+01
 -0.947743E+01
 -0.944073E+01
 -0.940496E+01
 -0.936803E+01
 -0.933171E+01
 -0.929474E+01
 -0.925890E+01
 -0.922211E+01
 -0.918524E+01
 -0.914872E+01
 -0.911343E+01
 -0.907721E+01
 -0.904174E+01
 -0.900571E+01
 -0.897073E+01
 -0.893466E+01
 -0.889828E+01
 -0.886206E+01
 -0.882676E+01
 -0.879031E+01
 -0.875438E+01
 -0.871770E+01
 -0.868190E+01
 -0.864493E+01
 -0.860759E+01
 -0.857032E+01
 -0.853391E+01
 -0.849628E+01
 -0.845909E+01
 -0.842106E+01
 -0.838384E+01
 -0.834536E+01
 -0.830637E+01
 -0.826747E+01
 -0.822940E+01
 -0.819009E+01
 -0.815126E+01
 -0.811165E+01
 -0.807294E+01
 -0.803310E+01
 -0.799297E+01
 -0.795299E+01
 -0.791403E+01
 -0.787402E+01
 -0.783465E+01
 -0.779475E+01
 -0.775591E+01
 -0.771620E+01
 -0.767639E+01
 -0.763698E+01
 -0.759878E+01
 -0.755982E+01
 -0.752174E+01
 -0.748339E+01
 -0.744639E+01
 -0.740884E+01
 -0.737161E+01
 -0.733513E+01
 -0.730024E+01
 -0.726500E+01
 -0.723105E+01
 -0.719719E+01
 -0.716503E+01
 -0.713261E+01
 -0.710050E+01
 -0.706948E+01
 -0.704010E+01
 -0.701043E+01
 -0.698197E+01
 -0.695351E+01
 -0.692654E+01
 -0.689920E+01
 -0.687217E+01
 -0.684582E+01
 -0.682086E+01
 -0.679541E+01
 -0.677092E+01
 -0.674626E+01
 -0.672283E+01
 -0.669878E+01
 -0.667474E+01
 -0.665108E+01
 -0.662840E+01
 -0.660486E+01
 -0.658185E+01
 -0.655823E+01
 -0.653537E+01
 -0.651150E+01
 -0.648731E+01
 -0.646314E+01
 -0.643965E+01
 -0.641513E+01
 -0.639095E+01
 -0.636603E+01
 -0.634173E+01
 -0.631633E+01
 -0.629044E+01
 -0.626447E+01
 -0.623902E+01
 -0.621238E+01
 -0.618588E+01
 -0.615849E+01
 -0.613150E+01
 -0.610327E+01
 -0.607445E+01
 -0.604537E+01
 -0.601663E+01
 -0.598664E+01
 -0.595670E+01
 -0.592581E+01
 -0.589521E+01
 -0.586336E+01
 -0.583084E+01
 -0.579801E+01
 -0.576542E+01
 -0.573159E+01
 -0.569772E+01
 -0.566294E+01
 -0.562845E+01
 -0.559279E+01
 -0.555659E+01
 -0.552018E+01
 -0.548416E+01
 -0.544715E+01
 -0.541032E+01
 -0.537288E+01
 -0.533598E+01
 -0.529826E+01
 -0.526018E+01
 -0.522233E+01
 -0.518513E+01
 -0.514720E+01
 -0.510966E+01
 -0.507168E+01
 -0.503433E+01
 -0.499627E+01
 -0.495804E+01
 -0.491992E+01
 -0.488238E+01
 -0.484413E+01
 -0.480621E+01
 -0.476786E+01
 -0.473008E+01
 -0.469164E+01
 -0.465303E+01
 -0.461457E+01
 -0.457674E+01
 -0.453833E+01
 -0.450033E+01
 -0.446202E+01
 -0.442438E+01
 -0.438623E+01
 -0.434807E+01
 -0.431015E+01
 -0.427294E+01
 -0.423531E+01
 -0.419821E+01
 -0.416095E+01
 -0.412449E+01
 -0.408769E+01
 -0.405101E+01
 -0.401477E+01
 -0.397939E+01
 -0.394377E+01
 -0.390882E+01
 -0.387386E+01
 -0.383976E+01
 -0.380546E+01
 -0.377137E+01
 -0.373769E+01
 -0.370479E+01
 -0.367162E+01
 -0.363899E+01
 -0.360625E+01
 -0.357417E+01
 -0.354175E+01
 -0.350937E+01
 -0.347722E+01
 -0.344565E+01
 -0.341372E+01
 -0.338216E+01
 -0.335040E+01
 -0.331918E+01
 -0.328758E+01
 -0.325596E+01
 -0.322451E+01
 -0.319357E+01
 -0.316226E+01
 -0.313128E+01
 -0.310012E+01
 -0.306946E+01
 -0.303846E+01
 -0.300738E+01
 -0.297656E+01
 -0.294623E+01
 -0.291559E+01
 -0.288528E+01
 -0.285481E+01
 -0.282481E+01
 -0.279451E+01
 -0.276423E+01
 -0.273411E+01
 -0.270444E+01
 -0.267449E+01
 -0.264484E+01
 -0.261507E+01
 -0.258573E+01
 -0.255612E+01
 -0.252650E+01
 -0.249704E+01
 -0.246798E+01
 -0.243865E+01
 -0.240957E+01
 -0.238035E+01
 -0.235150E+01
 -0.232238E+01
 -0.229324E+01
 -0.226421E+01
 -0.223552E+01
 -0.220656E+01
 -0.217783E+01
 -0.214895E+01
 -0.212040E+01
 -0.209159E+01
 -0.206275E+01
 -0.203403E+01
 -0.200562E+01
 -0.197700E+01
 -0.194859E+01
 -0.192008E+01
 -0.189188E+01
 -0.186350E+01
 -0.183515E+01
 -0.180693E+01
 -0.177902E+01
 -0.175096E+01
 -0.172314E+01
 -0.169528E+01
 -0.166774E+01
 -0.164009E+01
 -0.161251E+01
 -0.158510E+01
 -0.155803E+01
 -0.153089E+01
 -0.150400E+01
 -0.147714E+01
 -0.145063E+01
 -0.142408E+01
 -0.139765E+01
 -0.137142E+01
 -0.134554E+01
 -0.131965E+01
 -0.129405E+01
 -0.126852E+01
 -0.124334E+01
 -0.121818E+01
 -0.119316E+01
 -0.116840E+01
 -0.114400E+01
 -0.111965E+01
 -0.109560E+01
 -0.107168E+01
 -0.104812E+01
 -0.102465E+01
 -0.100137E+01
 -0.978359E+00
 -0.955710E+00
 -0.933167E+00
 -0.910941E+00
 -0.888885E+00
 -0.867194E+00
 -0.845633E+00
 -0.824301E+00
 -0.803251E+00
 -0.782568E+00
 -0.762039E+00
 -0.741835E+00
 -0.721834E+00
 -0.702199E+00
 -0.682735E+00
 -0.663525E+00
 -0.644608E+00
 -0.626050E+00
 -0.607680E+00
 -0.589635E+00
 -0.571817E+00
 -0.554355E+00
 -0.537089E+00
 -0.520083E+00
 -0.503376E+00
 -0.487018E+00
 -0.470868E+00
 -0.455037E+00
 -0.439447E+00
 -0.424195E+00
 -0.409161E+00
 -0.394397E+00
 -0.379923E+00
 -0.365780E+00
 -0.351863E+00
 -0.338253E+00
 -0.324892E+00
 -0.311853E+00
 -0.299045E+00
 -0.286505E+00
 -0.274251E+00
 -0.262311E+00
 -0.250606E+00
 -0.239197E+00
 -0.228041E+00
 -0.217190E+00
 -0.206579E+00
 -0.196235E+00
 -0.186169E+00
 -0.176399E+00
 -0.166874E+00
 -0.157633E+00
 -0.148647E+00
 -0.139951E+00
 -0.131502E+00
 -0.123314E+00
 -0.115402E+00
 -0.107772E+00
 -0.100393E+00
 -0.932890E-01
 -0.864412E-01
 -0.798705E-01
 -0.735523E-01
 -0.674962E-01
 -0.617061E-01
 -0.561877E-01
 -0.509234E-01
 -0.459253E-01
 -0.411846E-01
 -0.367109E-01
 -0.324919E-01
 -0.285324E-01
 -0.248337E-01
 -0.213976E-01
 -0.182165E-01
 -0.152948E-01
 -0.126291E-01
 -0.102219E-01
 -0.806906E-02
 -0.617217E-02
 -0.453044E-02
 -0.314356E-02
 -0.200990E-02
 -0.112971E-02
 -0.501514E-03
 -0.125214E-03
  0.000000E+00
