    10.00   0.0250    15600   -15.68   128.76     136.58      5463      0.190910
  0.000000E+00
  0.683416E-05
  0.272358E-04
  0.609429E-04
  0.107620E-03
  0.167173E-03
  0.238917E-03
  0.321955E-03
  0.415251E-03
  0.518198E-03
  0.630080E-03
  0.749751E-03
  0.875339E-03
  0.100622E-02
  0.114362E-02
  0.128512E-02
  0.142735E-02
  0.156863E-02
  0.170951E-02
  0.184722E-02
  0.197732E-02
  0.209781E-02
  0.220882E-02
  0.231490E-02
  0.241191E-02
  0.249797E-02
  0.256604E-02
  0.261134E-02
  0.263859E-02
  0.264976E-02
  0.263498E-02
  0.258722E-02
  0.252589E-02
  0.245237E-02
  0.233867E-02
  0.218279E-02
  0.200615E-02
  0.181317E-02
  0.158292E-02
  0.130884E-02
  0.100752E-02
  0.687124E-03
  0.337701E-03
 -0.444878E-04
 -0.461616E-03
 -0.904398E-03
 -0.137402E-02
 -0.187605E-02
 -0.241444E-02
 -0.298116E-02
 -0.355949E-02
 -0.414902E-02
 -0.474957E-02
 -0.537644E-02
 -0.602594E-02
 -0.665310E-02
 -0.727692E-02
 -0.792511E-02
 -0.858249E-02
 -0.922135E-02
 -0.986719E-02
 -0.105457E-01
 -0.112468E-01
 -0.119353E-01
 -0.125730E-01
 -0.131997E-01
 -0.138286E-01
 -0.144606E-01
 -0.151089E-01
 -0.157284E-01
 -0.163790E-01
 -0.170861E-01
 -0.177975E-01
 -0.184820E-01
 -0.191197E-01
 -0.197846E-01
 -0.204773E-01
 -0.211518E-01
 -0.218494E-01
 -0.225165E-01
 -0.232112E-01
 -0.239591E-01
 -0.246210E-01
 -0.252495E-01
 -0.259041E-01
 -0.265334E-01
 -0.271517E-01
 -0.277703E-01
 -0.283350E-01
 -0.288663E-01
 -0.294187E-01
 -0.299246E-01
 -0.303801E-01
 -0.308412E-01
 -0.313438E-01
 -0.318733E-01
 -0.323334E-01
 -0.326985E-01
 -0.330555E-01
 -0.333844E-01
 -0.336423E-01
 -0.338406E-01
 -0.339906E-01
 -0.341105E-01
 -0.341574E-01
 -0.342106E-01
 -0.342133E-01
 -0.340743E-01
 -0.339087E-01
 -0.336551E-01
 -0.332801E-01
 -0.328450E-01
 -0.323990E-01
 -0.318546E-01
 -0.312735E-01
 -0.306468E-01
 -0.298680E-01
 -0.290595E-01
 -0.281967E-01
 -0.272236E-01
 -0.261434E-01
 -0.249718E-01
 -0.237334E-01
 -0.224553E-01
 -0.211979E-01
 -0.198843E-01
 -0.184167E-01
 -0.167676E-01
 -0.151519E-01
 -0.135429E-01
 -0.117999E-01
 -0.999320E-02
 -0.825908E-02
 -0.657511E-02
 -0.477645E-02
 -0.289659E-02
 -0.112777E-02
  0.532134E-03
  0.219680E-02
  0.401385E-02
  0.586753E-02
  0.767905E-02
  0.951174E-02
  0.112897E-01
  0.130559E-01
  0.148198E-01
  0.165247E-01
  0.181582E-01
  0.196707E-01
  0.210821E-01
  0.224282E-01
  0.237883E-01
  0.250791E-01
  0.263536E-01
  0.276032E-01
  0.288106E-01
  0.299982E-01
  0.311491E-01
  0.323967E-01
  0.336174E-01
  0.347778E-01
  0.359856E-01
  0.370123E-01
  0.380078E-01
  0.389747E-01
  0.399874E-01
  0.410819E-01
  0.420660E-01
  0.431687E-01
  0.443292E-01
  0.454382E-01
  0.466441E-01
  0.478297E-01
  0.488218E-01
  0.497784E-01
  0.509504E-01
  0.519619E-01
  0.528473E-01
  0.538190E-01
  0.548415E-01
  0.557901E-01
  0.566452E-01
  0.574812E-01
  0.585541E-01
  0.595531E-01
  0.600429E-01
  0.604684E-01
  0.609067E-01
  0.611855E-01
  0.612965E-01
  0.613618E-01
  0.615267E-01
  0.615637E-01
  0.614699E-01
  0.611425E-01
  0.610357E-01
  0.611074E-01
  0.609848E-01
  0.607929E-01
  0.606292E-01
  0.605504E-01
  0.603570E-01
  0.601234E-01
  0.598195E-01
  0.594268E-01
  0.594399E-01
  0.596409E-01
  0.596640E-01
  0.597644E-01
  0.601669E-01
  0.606185E-01
  0.610318E-01
  0.613136E-01
  0.617755E-01
  0.626414E-01
  0.635327E-01
  0.644835E-01
  0.657987E-01
  0.672701E-01
  0.685444E-01
  0.696621E-01
  0.707681E-01
  0.719903E-01
  0.732977E-01
  0.742881E-01
  0.754468E-01
  0.770537E-01
  0.786555E-01
  0.798806E-01
  0.811281E-01
  0.825524E-01
  0.837628E-01
  0.849460E-01
  0.863078E-01
  0.877586E-01
  0.890890E-01
  0.902314E-01
  0.913944E-01
  0.925703E-01
  0.935966E-01
  0.947021E-01
  0.960772E-01
  0.973253E-01
  0.981663E-01
  0.989497E-01
  0.100254E+00
  0.101405E+00
  0.102380E+00
  0.103589E+00
  0.104697E+00
  0.105545E+00
  0.106363E+00
  0.107308E+00
  0.108164E+00
  0.108652E+00
  0.109191E+00
  0.109987E+00
  0.110619E+00
  0.110782E+00
  0.110317E+00
  0.109417E+00
  0.108423E+00
  0.107114E+00
  0.105695E+00
  0.104386E+00
  0.103040E+00
  0.101187E+00
  0.990171E-01
  0.965568E-01
  0.937722E-01
  0.908767E-01
  0.878543E-01
  0.845331E-01
  0.809394E-01
  0.778537E-01
  0.752360E-01
  0.722437E-01
  0.690836E-01
  0.664116E-01
  0.640347E-01
  0.611823E-01
  0.579956E-01
  0.549881E-01
  0.523412E-01
  0.494066E-01
  0.461268E-01
  0.432094E-01
  0.407953E-01
  0.382440E-01
  0.354469E-01
  0.327986E-01
  0.303422E-01
  0.278241E-01
  0.248902E-01
  0.217403E-01
  0.187552E-01
  0.157235E-01
  0.125413E-01
  0.946402E-02
  0.668406E-02
  0.382985E-02
  0.106878E-02
 -0.136358E-02
 -0.395102E-02
 -0.676882E-02
 -0.976766E-02
 -0.127086E-01
 -0.153759E-01
 -0.182418E-01
 -0.215124E-01
 -0.249267E-01
 -0.276882E-01
 -0.303770E-01
 -0.335175E-01
 -0.368694E-01
 -0.399897E-01
 -0.429057E-01
 -0.466304E-01
 -0.508956E-01
 -0.548650E-01
 -0.584491E-01
 -0.619976E-01
 -0.658067E-01
 -0.694053E-01
 -0.725736E-01
 -0.756435E-01
 -0.789056E-01
 -0.822006E-01
 -0.859018E-01
 -0.893482E-01
 -0.921669E-01
 -0.951723E-01
 -0.984761E-01
 -0.101296E+00
 -0.103469E+00
 -0.105904E+00
 -0.108795E+00
 -0.111713E+00
 -0.114491E+00
 -0.117415E+00
 -0.120601E+00
 -0.123480E+00
 -0.125942E+00
 -0.127796E+00
 -0.129560E+00
 -0.131560E+00
 -0.133530E+00
 -0.135734E+00
 -0.137960E+00
 -0.140202E+00
 -0.142307E+00
 -0.144461E+00
 -0.146548E+00
 -0.147941E+00
 -0.149347E+00
 -0.151005E+00
 -0.152663E+00
 -0.154231E+00
 -0.156180E+00
 -0.159069E+00
 -0.162119E+00
 -0.164893E+00
 -0.167666E+00
 -0.170496E+00
 -0.173139E+00
 -0.175761E+00
 -0.178092E+00
 -0.179795E+00
 -0.181654E+00
 -0.183862E+00
 -0.186209E+00
 -0.188231E+00
 -0.190186E+00
 -0.192352E+00
 -0.194370E+00
 -0.196495E+00
 -0.198312E+00
 -0.199436E+00
 -0.200999E+00
 -0.203253E+00
 -0.204834E+00
 -0.206151E+00
 -0.208595E+00
 -0.211505E+00
 -0.213751E+00
 -0.215636E+00
 -0.217871E+00
 -0.220280E+00
 -0.222682E+00
 -0.225053E+00
 -0.227065E+00
 -0.229271E+00
 -0.231978E+00
 -0.234362E+00
 -0.236404E+00
 -0.238586E+00
 -0.241105E+00
 -0.243609E+00
 -0.245744E+00
 -0.247511E+00
 -0.249058E+00
 -0.250642E+00
 -0.252202E+00
 -0.252827E+00
 -0.252120E+00
 -0.250756E+00
 -0.248621E+00
 -0.245052E+00
 -0.239212E+00
 -0.231328E+00
 -0.222013E+00
 -0.211048E+00
 -0.198098E+00
 -0.182668E+00
 -0.165743E+00
 -0.147871E+00
 -0.128338E+00
 -0.107448E+00
 -0.855057E-01
 -0.629990E-01
 -0.406294E-01
 -0.180404E-01
  0.472879E-02
  0.270317E-01
  0.484660E-01
  0.692685E-01
  0.904112E-01
  0.111755E+00
  0.132476E+00
  0.153129E+00
  0.174236E+00
  0.195813E+00
  0.218047E+00
  0.240231E+00
  0.262059E+00
  0.283807E+00
  0.305143E+00
  0.326056E+00
  0.345791E+00
  0.364521E+00
  0.382697E+00
  0.400200E+00
  0.416770E+00
  0.432390E+00
  0.448148E+00
  0.464384E+00
  0.480205E+00
  0.495685E+00
  0.511561E+00
  0.528519E+00
  0.546608E+00
  0.565070E+00
  0.583562E+00
  0.602621E+00
  0.622482E+00
  0.642847E+00
  0.663001E+00
  0.682954E+00
  0.703470E+00
  0.725381E+00
  0.748193E+00
  0.771214E+00
  0.795098E+00
  0.821574E+00
  0.850723E+00
  0.881790E+00
  0.916045E+00
  0.954446E+00
  0.996476E+00
  0.104203E+01
  0.109102E+01
  0.114426E+01
  0.120167E+01
  0.126189E+01
  0.132421E+01
  0.138882E+01
  0.145466E+01
  0.151971E+01
  0.158199E+01
  0.164226E+01
  0.170009E+01
  0.175396E+01
  0.180446E+01
  0.185269E+01
  0.189891E+01
  0.194386E+01
  0.198896E+01
  0.203615E+01
  0.208557E+01
  0.213799E+01
  0.219459E+01
  0.225526E+01
  0.231908E+01
  0.238519E+01
  0.245291E+01
  0.252224E+01
  0.259202E+01
  0.266057E+01
  0.272718E+01
  0.279178E+01
  0.285367E+01
  0.291337E+01
  0.297157E+01
  0.302916E+01
  0.308659E+01
  0.314419E+01
  0.320223E+01
  0.326198E+01
  0.332242E+01
  0.338359E+01
  0.344671E+01
  0.351165E+01
  0.357807E+01
  0.364602E+01
  0.371582E+01
  0.378772E+01
  0.386025E+01
  0.393316E+01
  0.400741E+01
  0.408336E+01
  0.415967E+01
  0.423702E+01
  0.431529E+01
  0.439392E+01
  0.447267E+01
  0.455190E+01
  0.462978E+01
  0.470626E+01
  0.478181E+01
  0.485511E+01
  0.492508E+01
  0.499168E+01
  0.505484E+01
  0.511512E+01
  0.517159E+01
  0.522513E+01
  0.527697E+01
  0.532770E+01
  0.537747E+01
  0.542807E+01
  0.548017E+01
  0.553535E+01
  0.559418E+01
  0.565732E+01
  0.572498E+01
  0.579768E+01
  0.587591E+01
  0.595971E+01
  0.604786E+01
  0.614109E+01
  0.623918E+01
  0.634204E+01
  0.644926E+01
  0.656126E+01
  0.667835E+01
  0.680059E+01
  0.692718E+01
  0.705968E+01
  0.719817E+01
  0.734372E+01
  0.749632E+01
  0.765482E+01
  0.781879E+01
  0.798774E+01
  0.815967E+01
  0.833436E+01
  0.851025E+01
  0.868719E+01
  0.886355E+01
  0.903794E+01
  0.920926E+01
  0.937755E+01
  0.954130E+01
  0.970090E+01
  0.985466E+01
  0.100022E+02
  0.101438E+02
  0.102787E+02
  0.104057E+02
  0.105250E+02
  0.106363E+02
  0.107412E+02
  0.108393E+02
  0.109320E+02
  0.110207E+02
  0.111073E+02
  0.111929E+02
  0.112806E+02
  0.113718E+02
  0.114700E+02
  0.115762E+02
  0.116939E+02
  0.118244E+02
  0.119673E+02
  0.121237E+02
  0.122953E+02
  0.124812E+02
  0.126828E+02
  0.128998E+02
  0.131320E+02
  0.133776E+02
  0.136356E+02
  0.139041E+02
  0.141809E+02
  0.144634E+02
  0.147522E+02
  0.150448E+02
  0.153410E+02
  0.156403E+02
  0.159432E+02
  0.162491E+02
  0.165601E+02
  0.168753E+02
  0.171954E+02
  0.175192E+02
  0.178479E+02
  0.181794E+02
  0.185100E+02
  0.188363E+02
  0.191566E+02
  0.194663E+02
  0.197643E+02
  0.200489E+02
  0.203226E+02
  0.205850E+02
  0.208383E+02
  0.210850E+02
  0.213284E+02
  0.215693E+02
  0.218112E+02
  0.220547E+02
  0.223025E+02
  0.225540E+02
  0.228090E+02
  0.230669E+02
  0.233310E+02
  0.235991E+02
  0.238725E+02
  0.241498E+02
  0.244315E+02
  0.247170E+02
  0.250048E+02
  0.252925E+02
  0.255822E+02
  0.258726E+02
  0.261647E+02
  0.264562E+02
  0.267486E+02
  0.270395E+02
  0.273275E+02
  0.276099E+02
  0.278866E+02
  0.281543E+02
  0.284130E+02
  0.286597E+02
  0.288956E+02
  0.291176E+02
  0.293238E+02
  0.295132E+02
  0.296859E+02
  0.298377E+02
  0.299698E+02
  0.300784E+02
  0.301648E+02
  0.302299E+02
  0.302755E+02
  0.303026E+02
  0.303173E+02
  0.303214E+02
  0.303196E+02
  0.303126E+02
  0.303042E+02
  0.302934E+02
  0.302804E+02
  0.302639E+02
  0.302453E+02
  0.302216E+02
  0.301941E+02
  0.301603E+02
  0.301223E+02
  0.300794E+02
  0.300311E+02
  0.299765E+02
  0.299200E+02
  0.298612E+02
  0.298038E+02
  0.297480E+02
  0.296995E+02
  0.296595E+02
  0.296278E+02
  0.296033E+02
  0.295865E+02
  0.295732E+02
  0.295633E+02
  0.295524E+02
  0.295413E+02
  0.295289E+02
  0.295145E+02
  0.294972E+02
  0.294790E+02
  0.294570E+02
  0.294317E+02
  0.293993E+02
  0.293618E+02
  0.293180E+02
  0.292675E+02
  0.292105E+02
  0.291514E+02
  0.290907E+02
  0.290317E+02
  0.289726E+02
  0.289151E+02
  0.288568E+02
  0.287958E+02
  0.287295E+02
  0.286600E+02
  0.285855E+02
  0.285090E+02
  0.284296E+02
  0.283512E+02
  0.282744E+02
  0.281988E+02
  0.281247E+02
  0.280552E+02
  0.279880E+02
  0.279235E+02
  0.278576E+02
  0.277909E+02
  0.277201E+02
  0.276423E+02
  0.275550E+02
  0.274602E+02
  0.273572E+02
  0.272492E+02
  0.271361E+02
  0.270236E+02
  0.269137E+02
  0.268078E+02
  0.267052E+02
  0.266074E+02
  0.265112E+02
  0.264172E+02
  0.263227E+02
  0.262317E+02
  0.261456E+02
  0.260662E+02
  0.259927E+02
  0.259272E+02
  0.258684E+02
  0.258160E+02
  0.257666E+02
  0.257192E+02
  0.256705E+02
  0.256183E+02
  0.255596E+02
  0.254949E+02
  0.254210E+02
  0.253390E+02
  0.252467E+02
  0.251467E+02
  0.250382E+02
  0.249212E+02
  0.247949E+02
  0.246618E+02
  0.245205E+02
  0.243721E+02
  0.242146E+02
  0.240501E+02
  0.238770E+02
  0.236941E+02
  0.235008E+02
  0.233009E+02
  0.230938E+02
  0.228827E+02
  0.226678E+02
  0.224520E+02
  0.222347E+02
  0.220151E+02
  0.217906E+02
  0.215613E+02
  0.213235E+02
  0.210761E+02
  0.208160E+02
  0.205433E+02
  0.202567E+02
  0.199560E+02
  0.196410E+02
  0.193138E+02
  0.189742E+02
  0.186248E+02
  0.182659E+02
  0.179012E+02
  0.175309E+02
  0.171564E+02
  0.167792E+02
  0.164026E+02
  0.160269E+02
  0.156554E+02
  0.152883E+02
  0.149279E+02
  0.145740E+02
  0.142267E+02
  0.138847E+02
  0.135468E+02
  0.132096E+02
  0.128711E+02
  0.125271E+02
  0.121747E+02
  0.118098E+02
  0.114308E+02
  0.110359E+02
  0.106259E+02
  0.102004E+02
  0.976134E+01
  0.931119E+01
  0.885392E+01
  0.839262E+01
  0.792988E+01
  0.746808E+01
  0.700967E+01
  0.655422E+01
  0.610132E+01
  0.564878E+01
  0.519624E+01
  0.474239E+01
  0.428705E+01
  0.383004E+01
  0.337281E+01
  0.291680E+01
  0.246435E+01
  0.201650E+01
  0.157426E+01
  0.113797E+01
  0.707267E+00
  0.280308E+00
 -0.145059E+00
 -0.571673E+00
 -0.100202E+01
 -0.143818E+01
 -0.188267E+01
 -0.233731E+01
 -0.280279E+01
 -0.327946E+01
 -0.376700E+01
 -0.426426E+01
 -0.476951E+01
 -0.528130E+01
 -0.579747E+01
 -0.631598E+01
 -0.683582E+01
 -0.735693E+01
 -0.787985E+01
 -0.840433E+01
 -0.893215E+01
 -0.946469E+01
 -0.100034E+02
 -0.105486E+02
 -0.111007E+02
 -0.116588E+02
 -0.122227E+02
 -0.127909E+02
 -0.133621E+02
 -0.139335E+02
 -0.145048E+02
 -0.150751E+02
 -0.156441E+02
 -0.162102E+02
 -0.167745E+02
 -0.173372E+02
 -0.178988E+02
 -0.184570E+02
 -0.190114E+02
 -0.195587E+02
 -0.200963E+02
 -0.206214E+02
 -0.211336E+02
 -0.216308E+02
 -0.221148E+02
 -0.225858E+02
 -0.230482E+02
 -0.235038E+02
 -0.239543E+02
 -0.244012E+02
 -0.248471E+02
 -0.252905E+02
 -0.257320E+02
 -0.261692E+02
 -0.266035E+02
 -0.270332E+02
 -0.274576E+02
 -0.278757E+02
 -0.282908E+02
 -0.287025E+02
 -0.291129E+02
 -0.295207E+02
 -0.299283E+02
 -0.303338E+02
 -0.307341E+02
 -0.311251E+02
 -0.315063E+02
 -0.318732E+02
 -0.322243E+02
 -0.325549E+02
 -0.328664E+02
 -0.331569E+02
 -0.334255E+02
 -0.336721E+02
 -0.338998E+02
 -0.341079E+02
 -0.343011E+02
 -0.344805E+02
 -0.346518E+02
 -0.348177E+02
 -0.349809E+02
 -0.351434E+02
 -0.353094E+02
 -0.354768E+02
 -0.356472E+02
 -0.358171E+02
 -0.359870E+02
 -0.361534E+02
 -0.363152E+02
 -0.364699E+02
 -0.366199E+02
 -0.367626E+02
 -0.368996E+02
 -0.370294E+02
 -0.371556E+02
 -0.372785E+02
 -0.373983E+02
 -0.375148E+02
 -0.376315E+02
 -0.377454E+02
 -0.378588E+02
 -0.379695E+02
 -0.380808E+02
 -0.381934E+02
 -0.383085E+02
 -0.384265E+02
 -0.385531E+02
 -0.386879E+02
 -0.388337E+02
 -0.389891E+02
 -0.391582E+02
 -0.393391E+02
 -0.395285E+02
 -0.397229E+02
 -0.399216E+02
 -0.401179E+02
 -0.403099E+02
 -0.404909E+02
 -0.406607E+02
 -0.408139E+02
 -0.409488E+02
 -0.410642E+02
 -0.411629E+02
 -0.412437E+02
 -0.413117E+02
 -0.413664E+02
 -0.414139E+02
 -0.414552E+02
 -0.414912E+02
 -0.415221E+02
 -0.415526E+02
 -0.415804E+02
 -0.416062E+02
 -0.416257E+02
 -0.416398E+02
 -0.416445E+02
 -0.416365E+02
 -0.416119E+02
 -0.415721E+02
 -0.415129E+02
 -0.414372E+02
 -0.413445E+02
 -0.412397E+02
 -0.411235E+02
 -0.409970E+02
 -0.408603E+02
 -0.407160E+02
 -0.405607E+02
 -0.403959E+02
 -0.402186E+02
 -0.400311E+02
 -0.398319E+02
 -0.396201E+02
 -0.393941E+02
 -0.391598E+02
 -0.389161E+02
 -0.386660E+02
 -0.384088E+02
 -0.381493E+02
 -0.378876E+02
 -0.376251E+02
 -0.373619E+02
 -0.371021E+02
 -0.368458E+02
 -0.365966E+02
 -0.363536E+02
 -0.361217E+02
 -0.358999E+02
 -0.356889E+02
 -0.354884E+02
 -0.353023E+02
 -0.351284E+02
 -0.349679E+02
 -0.348178E+02
 -0.346796E+02
 -0.345501E+02
 -0.344264E+02
 -0.343067E+02
 -0.341935E+02
 -0.340831E+02
 -0.339765E+02
 -0.338716E+02
 -0.337710E+02
 -0.336729E+02
 -0.335763E+02
 -0.334789E+02
 -0.333827E+02
 -0.332861E+02
 -0.331912E+02
 -0.330962E+02
 -0.330039E+02
 -0.329127E+02
 -0.328214E+02
 -0.327273E+02
 -0.326305E+02
 -0.325265E+02
 -0.324152E+02
 -0.322919E+02
 -0.321558E+02
 -0.320042E+02
 -0.318362E+02
 -0.316510E+02
 -0.314521E+02
 -0.312394E+02
 -0.310163E+02
 -0.307834E+02
 -0.305456E+02
 -0.303033E+02
 -0.300567E+02
 -0.298062E+02
 -0.295538E+02
 -0.292970E+02
 -0.290369E+02
 -0.287710E+02
 -0.285018E+02
 -0.282290E+02
 -0.279535E+02
 -0.276753E+02
 -0.273995E+02
 -0.271269E+02
 -0.268621E+02
 -0.266071E+02
 -0.263668E+02
 -0.261437E+02
 -0.259393E+02
 -0.257517E+02
 -0.255814E+02
 -0.254240E+02
 -0.252786E+02
 -0.251406E+02
 -0.250089E+02
 -0.248795E+02
 -0.247502E+02
 -0.246179E+02
 -0.244819E+02
 -0.243387E+02
 -0.241872E+02
 -0.240241E+02
 -0.238511E+02
 -0.236672E+02
 -0.234726E+02
 -0.232683E+02
 -0.230578E+02
 -0.228412E+02
 -0.226216E+02
 -0.224000E+02
 -0.221812E+02
 -0.219679E+02
 -0.217630E+02
 -0.215691E+02
 -0.213906E+02
 -0.212279E+02
 -0.210835E+02
 -0.209564E+02
 -0.208463E+02
 -0.207500E+02
 -0.206645E+02
 -0.205852E+02
 -0.205101E+02
 -0.204343E+02
 -0.203561E+02
 -0.202722E+02
 -0.201825E+02
 -0.200850E+02
 -0.199791E+02
 -0.198648E+02
 -0.197436E+02
 -0.196145E+02
 -0.194792E+02
 -0.193362E+02
 -0.191882E+02
 -0.190350E+02
 -0.188752E+02
 -0.187075E+02
 -0.185327E+02
 -0.183487E+02
 -0.181546E+02
 -0.179483E+02
 -0.177313E+02
 -0.175029E+02
 -0.172640E+02
 -0.170148E+02
 -0.167577E+02
 -0.164943E+02
 -0.162273E+02
 -0.159563E+02
 -0.156835E+02
 -0.154094E+02
 -0.151348E+02
 -0.148590E+02
 -0.145842E+02
 -0.143116E+02
 -0.140426E+02
 -0.137760E+02
 -0.135138E+02
 -0.132555E+02
 -0.129997E+02
 -0.127458E+02
 -0.124959E+02
 -0.122497E+02
 -0.120088E+02
 -0.117742E+02
 -0.115499E+02
 -0.113363E+02
 -0.111327E+02
 -0.109403E+02
 -0.107612E+02
 -0.105936E+02
 -0.104390E+02
 -0.102977E+02
 -0.101717E+02
 -0.100626E+02
 -0.997173E+01
 -0.990012E+01
 -0.984911E+01
 -0.981867E+01
 -0.980903E+01
 -0.981796E+01
 -0.984440E+01
 -0.988552E+01
 -0.993792E+01
 -0.999746E+01
 -0.100610E+02
 -0.101246E+02
 -0.101866E+02
 -0.102451E+02
 -0.103011E+02
 -0.103543E+02
 -0.104054E+02
 -0.104555E+02
 -0.105060E+02
 -0.105558E+02
 -0.106044E+02
 -0.106502E+02
 -0.106937E+02
 -0.107341E+02
 -0.107711E+02
 -0.108038E+02
 -0.108333E+02
 -0.108585E+02
 -0.108796E+02
 -0.108949E+02
 -0.109031E+02
 -0.109023E+02
 -0.108908E+02
 -0.108667E+02
 -0.108307E+02
 -0.107832E+02
 -0.107262E+02
 -0.106618E+02
 -0.105922E+02
 -0.105194E+02
 -0.104455E+02
 -0.103720E+02
 -0.103014E+02
 -0.102330E+02
 -0.101671E+02
 -0.101028E+02
 -0.100408E+02
 -0.997950E+01
 -0.991648E+01
 -0.985152E+01
 -0.978584E+01
 -0.971839E+01
 -0.965074E+01
 -0.958397E+01
 -0.951973E+01
 -0.945895E+01
 -0.940158E+01
 -0.934697E+01
 -0.929636E+01
 -0.924953E+01
 -0.920767E+01
 -0.917120E+01
 -0.914256E+01
 -0.912377E+01
 -0.911640E+01
 -0.912090E+01
 -0.913780E+01
 -0.916580E+01
 -0.920409E+01
 -0.924977E+01
 -0.930133E+01
 -0.935643E+01
 -0.941320E+01
 -0.947177E+01
 -0.953424E+01
 -0.960038E+01
 -0.967143E+01
 -0.974823E+01
 -0.983208E+01
 -0.992158E+01
 -0.100161E+02
 -0.101154E+02
 -0.102192E+02
 -0.103258E+02
 -0.104341E+02
 -0.105424E+02
 -0.106492E+02
 -0.107512E+02
 -0.108458E+02
 -0.109290E+02
 -0.109990E+02
 -0.110528E+02
 -0.110893E+02
 -0.111065E+02
 -0.111041E+02
 -0.110818E+02
 -0.110413E+02
 -0.109855E+02
 -0.109180E+02
 -0.108411E+02
 -0.107593E+02
 -0.106738E+02
 -0.105849E+02
 -0.104910E+02
 -0.103896E+02
 -0.102785E+02
 -0.101563E+02
 -0.100195E+02
 -0.986648E+01
 -0.969586E+01
 -0.950798E+01
 -0.930134E+01
 -0.907561E+01
 -0.883160E+01
 -0.857174E+01
 -0.829634E+01
 -0.800667E+01
 -0.770301E+01
 -0.738649E+01
 -0.705698E+01
 -0.671437E+01
 -0.635852E+01
 -0.599085E+01
 -0.561377E+01
 -0.523013E+01
 -0.484078E+01
 -0.444694E+01
 -0.404917E+01
 -0.364793E+01
 -0.324266E+01
 -0.283267E+01
 -0.241812E+01
 -0.199877E+01
 -0.157390E+01
 -0.114332E+01
 -0.706199E+00
 -0.262666E+00
  0.188043E+00
  0.646454E+00
  0.111257E+01
  0.158636E+01
  0.206657E+01
  0.255085E+01
  0.303565E+01
  0.351729E+01
  0.399121E+01
  0.445296E+01
  0.489794E+01
  0.532347E+01
  0.572747E+01
  0.610923E+01
  0.646750E+01
  0.680252E+01
  0.711474E+01
  0.740407E+01
  0.766884E+01
  0.790716E+01
  0.811644E+01
  0.829565E+01
  0.844362E+01
  0.855986E+01
  0.864468E+01
  0.870066E+01
  0.872981E+01
  0.873616E+01
  0.872206E+01
  0.869126E+01
  0.864625E+01
  0.858892E+01
  0.852083E+01
  0.844482E+01
  0.836179E+01
  0.827382E+01
  0.818251E+01
  0.808992E+01
  0.799684E+01
  0.790377E+01
  0.781008E+01
  0.771571E+01
  0.761901E+01
  0.751865E+01
  0.741245E+01
  0.729923E+01
  0.717603E+01
  0.704078E+01
  0.689308E+01
  0.673457E+01
  0.656617E+01
  0.639143E+01
  0.621397E+01
  0.603745E+01
  0.586356E+01
  0.569353E+01
  0.552734E+01
  0.536475E+01
  0.520360E+01
  0.504232E+01
  0.487962E+01
  0.471585E+01
  0.455175E+01
  0.438811E+01
  0.422589E+01
  0.406738E+01
  0.391422E+01
  0.376751E+01
  0.362787E+01
  0.349685E+01
  0.337481E+01
  0.326225E+01
  0.315759E+01
  0.305791E+01
  0.295893E+01
  0.285599E+01
  0.274372E+01
  0.261865E+01
  0.247764E+01
  0.231978E+01
  0.214556E+01
  0.195556E+01
  0.175167E+01
  0.153734E+01
  0.131616E+01
  0.109140E+01
  0.866437E+00
  0.644557E+00
  0.428036E+00
  0.218774E+00
  0.165417E-01
 -0.179730E+00
 -0.371211E+00
 -0.558476E+00
 -0.742076E+00
 -0.921051E+00
 -0.109302E+01
 -0.125595E+01
 -0.140829E+01
 -0.155017E+01
 -0.168200E+01
 -0.180560E+01
 -0.192467E+01
 -0.204297E+01
 -0.216425E+01
 -0.229142E+01
 -0.242526E+01
 -0.256548E+01
 -0.271092E+01
 -0.286092E+01
 -0.301405E+01
 -0.316843E+01
 -0.332373E+01
 -0.348046E+01
 -0.363883E+01
 -0.379908E+01
 -0.396118E+01
 -0.412536E+01
 -0.429111E+01
 -0.445784E+01
 -0.462502E+01
 -0.479283E+01
 -0.496141E+01
 -0.513230E+01
 -0.530519E+01
 -0.548057E+01
 -0.565806E+01
 -0.583703E+01
 -0.601648E+01
 -0.619512E+01
 -0.637208E+01
 -0.654707E+01
 -0.672026E+01
 -0.689341E+01
 -0.706708E+01
 -0.724243E+01
 -0.742084E+01
 -0.760405E+01
 -0.779237E+01
 -0.798632E+01
 -0.818440E+01
 -0.838607E+01
 -0.858842E+01
 -0.878817E+01
 -0.898141E+01
 -0.916623E+01
 -0.934132E+01
 -0.950598E+01
 -0.965847E+01
 -0.979816E+01
 -0.992464E+01
 -0.100383E+02
 -0.101391E+02
 -0.102278E+02
 -0.103054E+02
 -0.103742E+02
 -0.104337E+02
 -0.104839E+02
 -0.105235E+02
 -0.105525E+02
 -0.105702E+02
 -0.105773E+02
 -0.105738E+02
 -0.105612E+02
 -0.105393E+02
 -0.105101E+02
 -0.104730E+02
 -0.104270E+02
 -0.103720E+02
 -0.103084E+02
 -0.102351E+02
 -0.101516E+02
 -0.100590E+02
 -0.996029E+01
 -0.985663E+01
 -0.974948E+01
 -0.963985E+01
 -0.952932E+01
 -0.941669E+01
 -0.930255E+01
 -0.918458E+01
 -0.906213E+01
 -0.893494E+01
 -0.880220E+01
 -0.866309E+01
 -0.851851E+01
 -0.836891E+01
 -0.821599E+01
 -0.805995E+01
 -0.790158E+01
 -0.774175E+01
 -0.758009E+01
 -0.741681E+01
 -0.725268E+01
 -0.708538E+01
 -0.691427E+01
 -0.673723E+01
 -0.655272E+01
 -0.635676E+01
 -0.614704E+01
 -0.592197E+01
 -0.568087E+01
 -0.542367E+01
 -0.515137E+01
 -0.486439E+01
 -0.456337E+01
 -0.424907E+01
 -0.392126E+01
 -0.357929E+01
 -0.322366E+01
 -0.285513E+01
 -0.247462E+01
 -0.208244E+01
 -0.168149E+01
 -0.127478E+01
 -0.864783E+00
 -0.454586E+00
 -0.479620E-01
  0.351580E+00
  0.740169E+00
  0.111416E+01
  0.147073E+01
  0.180776E+01
  0.212356E+01
  0.241661E+01
  0.268859E+01
  0.294194E+01
  0.317942E+01
  0.340345E+01
  0.361790E+01
  0.382651E+01
  0.403086E+01
  0.423186E+01
  0.442924E+01
  0.462253E+01
  0.481174E+01
  0.499540E+01
  0.517368E+01
  0.534634E+01
  0.551490E+01
  0.568091E+01
  0.584649E+01
  0.601240E+01
  0.618076E+01
  0.635252E+01
  0.652807E+01
  0.670716E+01
  0.688812E+01
  0.706894E+01
  0.724848E+01
  0.742578E+01
  0.760045E+01
  0.777299E+01
  0.794665E+01
  0.812356E+01
  0.830717E+01
  0.849979E+01
  0.870433E+01
  0.892041E+01
  0.914789E+01
  0.938384E+01
  0.962632E+01
  0.987209E+01
  0.101172E+02
  0.103589E+02
  0.105943E+02
  0.108196E+02
  0.110323E+02
  0.112290E+02
  0.114096E+02
  0.115734E+02
  0.117217E+02
  0.118557E+02
  0.119795E+02
  0.120936E+02
  0.122003E+02
  0.122988E+02
  0.123903E+02
  0.124745E+02
  0.125516E+02
  0.126217E+02
  0.126857E+02
  0.127443E+02
  0.127990E+02
  0.128502E+02
  0.129002E+02
  0.129498E+02
  0.130008E+02
  0.130544E+02
  0.131140E+02
  0.131787E+02
  0.132495E+02
  0.133252E+02
  0.134044E+02
  0.134831E+02
  0.135581E+02
  0.136258E+02
  0.136848E+02
  0.137327E+02
  0.137690E+02
  0.137942E+02
  0.138100E+02
  0.138180E+02
  0.138204E+02
  0.138187E+02
  0.138168E+02
  0.138135E+02
  0.138093E+02
  0.138020E+02
  0.137909E+02
  0.137724E+02
  0.137434E+02
  0.137000E+02
  0.136399E+02
  0.135600E+02
  0.134582E+02
  0.133319E+02
  0.131813E+02
  0.130065E+02
  0.128088E+02
  0.125884E+02
  0.123482E+02
  0.120890E+02
  0.118140E+02
  0.115245E+02
  0.112248E+02
  0.109178E+02
  0.106071E+02
  0.102953E+02
  0.998491E+01
  0.967663E+01
  0.937130E+01
  0.906833E+01
  0.876656E+01
  0.846474E+01
  0.816207E+01
  0.785716E+01
  0.754928E+01
  0.723580E+01
  0.691611E+01
  0.658846E+01
  0.625454E+01
  0.591610E+01
  0.557567E+01
  0.523502E+01
  0.489685E+01
  0.456186E+01
  0.422896E+01
  0.389577E+01
  0.355883E+01
  0.321409E+01
  0.285636E+01
  0.248138E+01
  0.208673E+01
  0.166989E+01
  0.123080E+01
  0.768715E+00
  0.285685E+00
 -0.214936E+00
 -0.729530E+00
 -0.125485E+01
 -0.178762E+01
 -0.232379E+01
 -0.286120E+01
 -0.339832E+01
 -0.393387E+01
 -0.446585E+01
 -0.499227E+01
 -0.551177E+01
 -0.602403E+01
 -0.652806E+01
 -0.702306E+01
 -0.750934E+01
 -0.798797E+01
 -0.845830E+01
 -0.891881E+01
 -0.936791E+01
 -0.980592E+01
 -0.102315E+02
 -0.106441E+02
 -0.110413E+02
 -0.114229E+02
 -0.117877E+02
 -0.121354E+02
 -0.124663E+02
 -0.127815E+02
 -0.130801E+02
 -0.133620E+02
 -0.136259E+02
 -0.138725E+02
 -0.141029E+02
 -0.143195E+02
 -0.145246E+02
 -0.147225E+02
 -0.149146E+02
 -0.151046E+02
 -0.152927E+02
 -0.154806E+02
 -0.156664E+02
 -0.158484E+02
 -0.160257E+02
 -0.161995E+02
 -0.163692E+02
 -0.165355E+02
 -0.166985E+02
 -0.168601E+02
 -0.170212E+02
 -0.171817E+02
 -0.173423E+02
 -0.175062E+02
 -0.176716E+02
 -0.178387E+02
 -0.180056E+02
 -0.181742E+02
 -0.183425E+02
 -0.185077E+02
 -0.186669E+02
 -0.188191E+02
 -0.189627E+02
 -0.190977E+02
 -0.192244E+02
 -0.193442E+02
 -0.194563E+02
 -0.195604E+02
 -0.196551E+02
 -0.197424E+02
 -0.198210E+02
 -0.198931E+02
 -0.199575E+02
 -0.200150E+02
 -0.200636E+02
 -0.201007E+02
 -0.201231E+02
 -0.201290E+02
 -0.201153E+02
 -0.200824E+02
 -0.200300E+02
 -0.199616E+02
 -0.198773E+02
 -0.197803E+02
 -0.196739E+02
 -0.195625E+02
 -0.194462E+02
 -0.193270E+02
 -0.192027E+02
 -0.190735E+02
 -0.189367E+02
 -0.187897E+02
 -0.186318E+02
 -0.184639E+02
 -0.182847E+02
 -0.180943E+02
 -0.178911E+02
 -0.176766E+02
 -0.174501E+02
 -0.172117E+02
 -0.169608E+02
 -0.166995E+02
 -0.164276E+02
 -0.161484E+02
 -0.158630E+02
 -0.155752E+02
 -0.152874E+02
 -0.150006E+02
 -0.147167E+02
 -0.144372E+02
 -0.141609E+02
 -0.138892E+02
 -0.136212E+02
 -0.133580E+02
 -0.130989E+02
 -0.128454E+02
 -0.125983E+02
 -0.123589E+02
 -0.121274E+02
 -0.119055E+02
 -0.116938E+02
 -0.114935E+02
 -0.113056E+02
 -0.111301E+02
 -0.109673E+02
 -0.108186E+02
 -0.106833E+02
 -0.105626E+02
 -0.104556E+02
 -0.103633E+02
 -0.102844E+02
 -0.102167E+02
 -0.101573E+02
 -0.101044E+02
 -0.100560E+02
 -0.100098E+02
 -0.996378E+01
 -0.991742E+01
 -0.986947E+01
 -0.981788E+01
 -0.976044E+01
 -0.969714E+01
 -0.962521E+01
 -0.954312E+01
 -0.944833E+01
 -0.934159E+01
 -0.922240E+01
 -0.909084E+01
 -0.894809E+01
 -0.879581E+01
 -0.863513E+01
 -0.846736E+01
 -0.829322E+01
 -0.811452E+01
 -0.793094E+01
 -0.774224E+01
 -0.754706E+01
 -0.734520E+01
 -0.713445E+01
 -0.691398E+01
 -0.668134E+01
 -0.643485E+01
 -0.617394E+01
 -0.589828E+01
 -0.560795E+01
 -0.530248E+01
 -0.498223E+01
 -0.464873E+01
 -0.430279E+01
 -0.394828E+01
 -0.358775E+01
 -0.322475E+01
 -0.286162E+01
 -0.250030E+01
 -0.214100E+01
 -0.178182E+01
 -0.142077E+01
 -0.105467E+01
 -0.680195E+00
 -0.293504E+00
  0.107982E+00
  0.526265E+00
  0.963167E+00
  0.141759E+01
  0.188745E+01
  0.236914E+01
  0.285895E+01
  0.335330E+01
  0.384951E+01
  0.434611E+01
  0.484078E+01
  0.533268E+01
  0.581931E+01
  0.629928E+01
  0.677031E+01
  0.722987E+01
  0.767597E+01
  0.810665E+01
  0.852053E+01
  0.891791E+01
  0.929835E+01
  0.966360E+01
  0.100151E+02
  0.103548E+02
  0.106833E+02
  0.110023E+02
  0.113106E+02
  0.116088E+02
  0.118947E+02
  0.121665E+02
  0.124225E+02
  0.126608E+02
  0.128798E+02
  0.130798E+02
  0.132610E+02
  0.134242E+02
  0.135688E+02
  0.136975E+02
  0.138101E+02
  0.139079E+02
  0.139907E+02
  0.140589E+02
  0.141115E+02
  0.141494E+02
  0.141703E+02
  0.141751E+02
  0.141651E+02
  0.141411E+02
  0.141042E+02
  0.140586E+02
  0.140063E+02
  0.139510E+02
  0.138929E+02
  0.138331E+02
  0.137713E+02
  0.137075E+02
  0.136398E+02
  0.135684E+02
  0.134929E+02
  0.134122E+02
  0.133241E+02
  0.132281E+02
  0.131214E+02
  0.130039E+02
  0.128732E+02
  0.127298E+02
  0.125744E+02
  0.124090E+02
  0.122341E+02
  0.120526E+02
  0.118676E+02
  0.116819E+02
  0.114966E+02
  0.113145E+02
  0.111356E+02
  0.109602E+02
  0.107861E+02
  0.106125E+02
  0.104367E+02
  0.102562E+02
  0.100692E+02
  0.987608E+01
  0.967743E+01
  0.947436E+01
  0.926678E+01
  0.905695E+01
  0.884601E+01
  0.863487E+01
  0.842366E+01
  0.821396E+01
  0.800541E+01
  0.779827E+01
  0.759147E+01
  0.738495E+01
  0.717899E+01
  0.697423E+01
  0.677161E+01
  0.657271E+01
  0.637745E+01
  0.618646E+01
  0.599798E+01
  0.581107E+01
  0.562316E+01
  0.543257E+01
  0.523760E+01
  0.503738E+01
  0.483198E+01
  0.462190E+01
  0.440692E+01
  0.418710E+01
  0.396161E+01
  0.373039E+01
  0.349318E+01
  0.325003E+01
  0.300082E+01
  0.274745E+01
  0.249087E+01
  0.223199E+01
  0.197121E+01
  0.170901E+01
  0.144578E+01
  0.117991E+01
  0.910565E+00
  0.636841E+00
  0.356945E+00
  0.705998E-01
 -0.223020E+00
 -0.523638E+00
 -0.830725E+00
 -0.114309E+01
 -0.145993E+01
 -0.178100E+01
 -0.210504E+01
 -0.243125E+01
 -0.275857E+01
 -0.308602E+01
 -0.341175E+01
 -0.373272E+01
 -0.404553E+01
 -0.434720E+01
 -0.463500E+01
 -0.490654E+01
 -0.515898E+01
 -0.539014E+01
 -0.559782E+01
 -0.578149E+01
 -0.594007E+01
 -0.607385E+01
 -0.618458E+01
 -0.627487E+01
 -0.634708E+01
 -0.640431E+01
 -0.645025E+01
 -0.648822E+01
 -0.652064E+01
 -0.655039E+01
 -0.657790E+01
 -0.660469E+01
 -0.663011E+01
 -0.665261E+01
 -0.667078E+01
 -0.668612E+01
 -0.669970E+01
 -0.671170E+01
 -0.672249E+01
 -0.673247E+01
 -0.674123E+01
 -0.674841E+01
 -0.675262E+01
 -0.675492E+01
 -0.675518E+01
 -0.675432E+01
 -0.675237E+01
 -0.675090E+01
 -0.675241E+01
 -0.675930E+01
 -0.677418E+01
 -0.679881E+01
 -0.683497E+01
 -0.688599E+01
 -0.695306E+01
 -0.703857E+01
 -0.714225E+01
 -0.726378E+01
 -0.740146E+01
 -0.755283E+01
 -0.771503E+01
 -0.788615E+01
 -0.806472E+01
 -0.825026E+01
 -0.844148E+01
 -0.863760E+01
 -0.883763E+01
 -0.904064E+01
 -0.924401E+01
 -0.944697E+01
 -0.964752E+01
 -0.984516E+01
 -0.100379E+02
 -0.102231E+02
 -0.103986E+02
 -0.105629E+02
 -0.107139E+02
 -0.108507E+02
 -0.109718E+02
 -0.110788E+02
 -0.111719E+02
 -0.112515E+02
 -0.113189E+02
 -0.113760E+02
 -0.114220E+02
 -0.114577E+02
 -0.114838E+02
 -0.115022E+02
 -0.115136E+02
 -0.115199E+02
 -0.115221E+02
 -0.115224E+02
 -0.115207E+02
 -0.115166E+02
 -0.115087E+02
 -0.114974E+02
 -0.114819E+02
 -0.114610E+02
 -0.114341E+02
 -0.114018E+02
 -0.113624E+02
 -0.113164E+02
 -0.112626E+02
 -0.112010E+02
 -0.111308E+02
 -0.110523E+02
 -0.109646E+02
 -0.108673E+02
 -0.107589E+02
 -0.106391E+02
 -0.105063E+02
 -0.103608E+02
 -0.102025E+02
 -0.100320E+02
 -0.984987E+01
 -0.965898E+01
 -0.946021E+01
 -0.925539E+01
 -0.904479E+01
 -0.882971E+01
 -0.860854E+01
 -0.837916E+01
 -0.814127E+01
 -0.789556E+01
 -0.764239E+01
 -0.738389E+01
 -0.712130E+01
 -0.685675E+01
 -0.659045E+01
 -0.632264E+01
 -0.605354E+01
 -0.578503E+01
 -0.551918E+01
 -0.525785E+01
 -0.500240E+01
 -0.475441E+01
 -0.451353E+01
 -0.427869E+01
 -0.404771E+01
 -0.382030E+01
 -0.359716E+01
 -0.337911E+01
 -0.316620E+01
 -0.295817E+01
 -0.275464E+01
 -0.255477E+01
 -0.235718E+01
 -0.216053E+01
 -0.196297E+01
 -0.176432E+01
 -0.156384E+01
 -0.136288E+01
 -0.116346E+01
 -0.966521E+00
 -0.773964E+00
 -0.587459E+00
 -0.408345E+00
 -0.236531E+00
 -0.705831E-01
  0.904229E-01
  0.246334E+00
  0.397413E+00
  0.545245E+00
  0.690322E+00
  0.831881E+00
  0.970594E+00
  0.110731E+01
  0.124175E+01
  0.137338E+01
  0.150162E+01
  0.162674E+01
  0.174900E+01
  0.186867E+01
  0.198717E+01
  0.210587E+01
  0.222797E+01
  0.235623E+01
  0.249373E+01
  0.264315E+01
  0.280671E+01
  0.298720E+01
  0.318600E+01
  0.340362E+01
  0.364121E+01
  0.389735E+01
  0.416950E+01
  0.445386E+01
  0.474552E+01
  0.503887E+01
  0.533026E+01
  0.561742E+01
  0.589910E+01
  0.617410E+01
  0.644253E+01
  0.670481E+01
  0.696230E+01
  0.721524E+01
  0.746551E+01
  0.771410E+01
  0.796256E+01
  0.821098E+01
  0.845905E+01
  0.870642E+01
  0.895369E+01
  0.920006E+01
  0.944554E+01
  0.969030E+01
  0.993662E+01
  0.101842E+02
  0.104325E+02
  0.106813E+02
  0.109328E+02
  0.111870E+02
  0.114435E+02
  0.117007E+02
  0.119589E+02
  0.122170E+02
  0.124738E+02
  0.127270E+02
  0.129781E+02
  0.132286E+02
  0.134806E+02
  0.137343E+02
  0.139923E+02
  0.142558E+02
  0.145253E+02
  0.147997E+02
  0.150804E+02
  0.153665E+02
  0.156583E+02
  0.159540E+02
  0.162528E+02
  0.165512E+02
  0.168457E+02
  0.171336E+02
  0.174133E+02
  0.176804E+02
  0.179323E+02
  0.181661E+02
  0.183818E+02
  0.185771E+02
  0.187514E+02
  0.189040E+02
  0.190373E+02
  0.191508E+02
  0.192466E+02
  0.193242E+02
  0.193858E+02
  0.194310E+02
  0.194591E+02
  0.194697E+02
  0.194646E+02
  0.194438E+02
  0.194105E+02
  0.193652E+02
  0.193109E+02
  0.192485E+02
  0.191796E+02
  0.191044E+02
  0.190249E+02
  0.189402E+02
  0.188527E+02
  0.187623E+02
  0.186724E+02
  0.185841E+02
  0.184983E+02
  0.184154E+02
  0.183368E+02
  0.182605E+02
  0.181857E+02
  0.181092E+02
  0.180310E+02
  0.179492E+02
  0.178635E+02
  0.177738E+02
  0.176830E+02
  0.175915E+02
  0.175025E+02
  0.174176E+02
  0.173403E+02
  0.172704E+02
  0.172082E+02
  0.171521E+02
  0.171019E+02
  0.170559E+02
  0.170137E+02
  0.169727E+02
  0.169330E+02
  0.168935E+02
  0.168526E+02
  0.168089E+02
  0.167629E+02
  0.167122E+02
  0.166573E+02
  0.165970E+02
  0.165333E+02
  0.164663E+02
  0.163968E+02
  0.163263E+02
  0.162571E+02
  0.161872E+02
  0.161168E+02
  0.160447E+02
  0.159712E+02
  0.158951E+02
  0.158159E+02
  0.157316E+02
  0.156431E+02
  0.155478E+02
  0.154456E+02
  0.153355E+02
  0.152181E+02
  0.150929E+02
  0.149597E+02
  0.148176E+02
  0.146684E+02
  0.145113E+02
  0.143465E+02
  0.141741E+02
  0.139966E+02
  0.138143E+02
  0.136287E+02
  0.134407E+02
  0.132529E+02
  0.130665E+02
  0.128828E+02
  0.127004E+02
  0.125195E+02
  0.123371E+02
  0.121506E+02
  0.119565E+02
  0.117537E+02
  0.115402E+02
  0.113168E+02
  0.110840E+02
  0.108449E+02
  0.106016E+02
  0.103559E+02
  0.101093E+02
  0.986389E+01
  0.961995E+01
  0.937835E+01
  0.913854E+01
  0.890177E+01
  0.866754E+01
  0.843529E+01
  0.820422E+01
  0.797534E+01
  0.774837E+01
  0.752372E+01
  0.730121E+01
  0.708249E+01
  0.686902E+01
  0.666159E+01
  0.646075E+01
  0.626904E+01
  0.608769E+01
  0.591752E+01
  0.575856E+01
  0.561350E+01
  0.548405E+01
  0.537016E+01
  0.527029E+01
  0.518289E+01
  0.510464E+01
  0.503140E+01
  0.495884E+01
  0.488562E+01
  0.481179E+01
  0.473780E+01
  0.466390E+01
  0.459032E+01
  0.451496E+01
  0.443738E+01
  0.435647E+01
  0.427217E+01
  0.418561E+01
  0.409996E+01
  0.402012E+01
  0.395097E+01
  0.389562E+01
  0.385749E+01
  0.383841E+01
  0.383753E+01
  0.385252E+01
  0.388058E+01
  0.391784E+01
  0.396117E+01
  0.400705E+01
  0.405378E+01
  0.409954E+01
  0.414411E+01
  0.418723E+01
  0.422949E+01
  0.427151E+01
  0.431348E+01
  0.435498E+01
  0.439609E+01
  0.443596E+01
  0.447406E+01
  0.450975E+01
  0.454321E+01
  0.457399E+01
  0.460245E+01
  0.462804E+01
  0.465064E+01
  0.466852E+01
  0.468040E+01
  0.468567E+01
  0.468372E+01
  0.467434E+01
  0.465930E+01
  0.464038E+01
  0.462002E+01
  0.459873E+01
  0.457747E+01
  0.455690E+01
  0.453648E+01
  0.451537E+01
  0.449355E+01
  0.446952E+01
  0.444358E+01
  0.441522E+01
  0.438457E+01
  0.435132E+01
  0.431481E+01
  0.427454E+01
  0.422975E+01
  0.418001E+01
  0.412577E+01
  0.406689E+01
  0.400492E+01
  0.394027E+01
  0.387336E+01
  0.380525E+01
  0.373758E+01
  0.367050E+01
  0.360457E+01
  0.354005E+01
  0.347848E+01
  0.341996E+01
  0.336363E+01
  0.330988E+01
  0.325987E+01
  0.321374E+01
  0.317194E+01
  0.313439E+01
  0.310228E+01
  0.307654E+01
  0.305826E+01
  0.304844E+01
  0.304907E+01
  0.306214E+01
  0.308960E+01
  0.313216E+01
  0.318992E+01
  0.326216E+01
  0.334679E+01
  0.344093E+01
  0.354268E+01
  0.364950E+01
  0.375998E+01
  0.387327E+01
  0.399059E+01
  0.411234E+01
  0.423889E+01
  0.437087E+01
  0.450848E+01
  0.465033E+01
  0.479488E+01
  0.493953E+01
  0.508256E+01
  0.522218E+01
  0.535639E+01
  0.548285E+01
  0.560056E+01
  0.570752E+01
  0.580234E+01
  0.588344E+01
  0.595132E+01
  0.600730E+01
  0.605286E+01
  0.608887E+01
  0.611734E+01
  0.613810E+01
  0.615110E+01
  0.615473E+01
  0.614837E+01
  0.613202E+01
  0.610512E+01
  0.606717E+01
  0.601996E+01
  0.596395E+01
  0.590012E+01
  0.582872E+01
  0.575018E+01
  0.566444E+01
  0.557224E+01
  0.547442E+01
  0.537284E+01
  0.526836E+01
  0.516329E+01
  0.505973E+01
  0.496079E+01
  0.486899E+01
  0.478707E+01
  0.471774E+01
  0.466380E+01
  0.462583E+01
  0.460316E+01
  0.459412E+01
  0.459739E+01
  0.460984E+01
  0.462921E+01
  0.465343E+01
  0.468042E+01
  0.470862E+01
  0.473652E+01
  0.476151E+01
  0.478186E+01
  0.479480E+01
  0.479838E+01
  0.479023E+01
  0.477003E+01
  0.473783E+01
  0.469473E+01
  0.464211E+01
  0.458160E+01
  0.451425E+01
  0.444083E+01
  0.436169E+01
  0.427892E+01
  0.419282E+01
  0.410428E+01
  0.401424E+01
  0.392367E+01
  0.383291E+01
  0.374186E+01
  0.365042E+01
  0.355942E+01
  0.346934E+01
  0.338095E+01
  0.329400E+01
  0.320941E+01
  0.312756E+01
  0.304827E+01
  0.297173E+01
  0.289841E+01
  0.282736E+01
  0.275768E+01
  0.268782E+01
  0.261680E+01
  0.254348E+01
  0.246681E+01
  0.238584E+01
  0.230097E+01
  0.221226E+01
  0.211957E+01
  0.202418E+01
  0.192756E+01
  0.182928E+01
  0.173078E+01
  0.163370E+01
  0.153863E+01
  0.144609E+01
  0.135682E+01
  0.127010E+01
  0.118516E+01
  0.110159E+01
  0.101921E+01
  0.937541E+00
  0.856532E+00
  0.776312E+00
  0.697574E+00
  0.621302E+00
  0.548946E+00
  0.482646E+00
  0.424231E+00
  0.374862E+00
  0.335504E+00
  0.306640E+00
  0.287745E+00
  0.276966E+00
  0.272444E+00
  0.272543E+00
  0.275174E+00
  0.277429E+00
  0.277379E+00
  0.273477E+00
  0.263955E+00
  0.246556E+00
  0.220154E+00
  0.183835E+00
  0.136473E+00
  0.776441E-01
  0.721955E-02
 -0.752060E-01
 -0.169562E+00
 -0.275269E+00
 -0.392032E+00
 -0.518681E+00
 -0.654348E+00
 -0.799470E+00
 -0.952847E+00
 -0.111360E+01
 -0.128117E+01
 -0.145399E+01
 -0.163049E+01
 -0.180920E+01
 -0.198845E+01
 -0.216608E+01
 -0.234012E+01
 -0.250810E+01
 -0.266778E+01
 -0.281750E+01
 -0.295512E+01
 -0.307890E+01
 -0.318803E+01
 -0.328111E+01
 -0.335689E+01
 -0.341460E+01
 -0.345504E+01
 -0.347969E+01
 -0.349152E+01
 -0.349250E+01
 -0.348454E+01
 -0.346886E+01
 -0.344681E+01
 -0.341918E+01
 -0.338553E+01
 -0.334483E+01
 -0.329614E+01
 -0.323876E+01
 -0.317280E+01
 -0.309935E+01
 -0.301969E+01
 -0.293567E+01
 -0.285055E+01
 -0.276598E+01
 -0.268394E+01
 -0.260590E+01
 -0.253342E+01
 -0.246767E+01
 -0.241067E+01
 -0.236465E+01
 -0.233043E+01
 -0.230965E+01
 -0.230386E+01
 -0.231292E+01
 -0.233671E+01
 -0.237482E+01
 -0.242591E+01
 -0.248836E+01
 -0.256082E+01
 -0.264155E+01
 -0.272987E+01
 -0.282516E+01
 -0.292694E+01
 -0.303492E+01
 -0.314924E+01
 -0.326959E+01
 -0.339592E+01
 -0.352879E+01
 -0.366816E+01
 -0.381298E+01
 -0.396337E+01
 -0.411906E+01
 -0.428034E+01
 -0.444708E+01
 -0.461903E+01
 -0.479622E+01
 -0.497881E+01
 -0.516576E+01
 -0.535610E+01
 -0.554836E+01
 -0.574130E+01
 -0.593355E+01
 -0.612473E+01
 -0.631439E+01
 -0.650231E+01
 -0.668781E+01
 -0.687206E+01
 -0.705641E+01
 -0.724223E+01
 -0.743013E+01
 -0.762225E+01
 -0.781873E+01
 -0.801900E+01
 -0.822206E+01
 -0.842644E+01
 -0.862925E+01
 -0.882925E+01
 -0.902533E+01
 -0.921843E+01
 -0.940916E+01
 -0.960055E+01
 -0.979596E+01
 -0.999705E+01
 -0.102038E+02
 -0.104162E+02
 -0.106317E+02
 -0.108462E+02
 -0.110545E+02
 -0.112525E+02
 -0.114347E+02
 -0.115977E+02
 -0.117383E+02
 -0.118548E+02
 -0.119464E+02
 -0.120145E+02
 -0.120601E+02
 -0.120870E+02
 -0.120984E+02
 -0.120980E+02
 -0.120885E+02
 -0.120746E+02
 -0.120603E+02
 -0.120493E+02
 -0.120437E+02
 -0.120476E+02
 -0.120618E+02
 -0.120869E+02
 -0.121228E+02
 -0.121706E+02
 -0.122285E+02
 -0.122957E+02
 -0.123691E+02
 -0.124471E+02
 -0.125275E+02
 -0.126086E+02
 -0.126891E+02
 -0.127694E+02
 -0.128476E+02
 -0.129232E+02
 -0.129944E+02
 -0.130611E+02
 -0.131223E+02
 -0.131777E+02
 -0.132268E+02
 -0.132689E+02
 -0.133030E+02
 -0.133304E+02
 -0.133501E+02
 -0.133651E+02
 -0.133776E+02
 -0.133895E+02
 -0.134021E+02
 -0.134187E+02
 -0.134397E+02
 -0.134657E+02
 -0.134959E+02
 -0.135298E+02
 -0.135639E+02
 -0.135963E+02
 -0.136245E+02
 -0.136483E+02
 -0.136654E+02
 -0.136749E+02
 -0.136742E+02
 -0.136631E+02
 -0.136416E+02
 -0.136096E+02
 -0.135670E+02
 -0.135175E+02
 -0.134630E+02
 -0.134074E+02
 -0.133536E+02
 -0.133060E+02
 -0.132664E+02
 -0.132359E+02
 -0.132145E+02
 -0.132032E+02
 -0.132006E+02
 -0.132067E+02
 -0.132203E+02
 -0.132416E+02
 -0.132696E+02
 -0.133033E+02
 -0.133412E+02
 -0.133838E+02
 -0.134296E+02
 -0.134788E+02
 -0.135308E+02
 -0.135865E+02
 -0.136447E+02
 -0.137043E+02
 -0.137648E+02
 -0.138266E+02
 -0.138879E+02
 -0.139492E+02
 -0.140099E+02
 -0.140716E+02
 -0.141343E+02
 -0.141978E+02
 -0.142617E+02
 -0.143268E+02
 -0.143912E+02
 -0.144539E+02
 -0.145129E+02
 -0.145682E+02
 -0.146186E+02
 -0.146626E+02
 -0.146982E+02
 -0.147249E+02
 -0.147407E+02
 -0.147450E+02
 -0.147361E+02
 -0.147143E+02
 -0.146773E+02
 -0.146237E+02
 -0.145512E+02
 -0.144592E+02
 -0.143452E+02
 -0.142084E+02
 -0.140470E+02
 -0.138612E+02
 -0.136504E+02
 -0.134160E+02
 -0.131591E+02
 -0.128832E+02
 -0.125898E+02
 -0.122823E+02
 -0.119623E+02
 -0.116327E+02
 -0.112952E+02
 -0.109515E+02
 -0.106028E+02
 -0.102505E+02
 -0.989479E+01
 -0.953805E+01
 -0.918091E+01
 -0.882522E+01
 -0.847207E+01
 -0.812167E+01
 -0.777263E+01
 -0.742420E+01
 -0.707489E+01
 -0.672494E+01
 -0.637390E+01
 -0.602315E+01
 -0.567426E+01
 -0.532837E+01
 -0.498800E+01
 -0.465662E+01
 -0.433558E+01
 -0.402699E+01
 -0.373179E+01
 -0.344945E+01
 -0.317884E+01
 -0.291922E+01
 -0.266882E+01
 -0.242694E+01
 -0.219326E+01
 -0.196711E+01
 -0.174826E+01
 -0.153704E+01
 -0.133363E+01
 -0.113894E+01
 -0.952632E+00
 -0.774722E+00
 -0.604655E+00
 -0.441344E+00
 -0.284128E+00
 -0.131541E+00
  0.177350E-01
  0.164988E+00
  0.312575E+00
  0.463225E+00
  0.618968E+00
  0.781362E+00
  0.951483E+00
  0.112940E+01
  0.131398E+01
  0.150478E+01
  0.170152E+01
  0.190303E+01
  0.210819E+01
  0.231640E+01
  0.252671E+01
  0.273880E+01
  0.295227E+01
  0.316619E+01
  0.337900E+01
  0.358929E+01
  0.379472E+01
  0.399433E+01
  0.418701E+01
  0.437259E+01
  0.455130E+01
  0.472403E+01
  0.489135E+01
  0.505513E+01
  0.521771E+01
  0.538052E+01
  0.554472E+01
  0.571275E+01
  0.588544E+01
  0.606436E+01
  0.625154E+01
  0.645019E+01
  0.666247E+01
  0.689069E+01
  0.713620E+01
  0.740050E+01
  0.768335E+01
  0.798309E+01
  0.829747E+01
  0.862506E+01
  0.896214E+01
  0.930665E+01
  0.965571E+01
  0.100081E+02
  0.103623E+02
  0.107169E+02
  0.110703E+02
  0.114232E+02
  0.117742E+02
  0.121226E+02
  0.124667E+02
  0.128060E+02
  0.131386E+02
  0.134627E+02
  0.137758E+02
  0.140765E+02
  0.143615E+02
  0.146295E+02
  0.148777E+02
  0.151052E+02
  0.153108E+02
  0.154955E+02
  0.156599E+02
  0.158072E+02
  0.159380E+02
  0.160549E+02
  0.161584E+02
  0.162516E+02
  0.163362E+02
  0.164136E+02
  0.164843E+02
  0.165504E+02
  0.166111E+02
  0.166664E+02
  0.167151E+02
  0.167577E+02
  0.167935E+02
  0.168229E+02
  0.168462E+02
  0.168659E+02
  0.168817E+02
  0.168955E+02
  0.169063E+02
  0.169148E+02
  0.169210E+02
  0.169248E+02
  0.169263E+02
  0.169274E+02
  0.169272E+02
  0.169272E+02
  0.169269E+02
  0.169282E+02
  0.169315E+02
  0.169386E+02
  0.169504E+02
  0.169698E+02
  0.169972E+02
  0.170337E+02
  0.170777E+02
  0.171299E+02
  0.171880E+02
  0.172503E+02
  0.173153E+02
  0.173835E+02
  0.174537E+02
  0.175274E+02
  0.176035E+02
  0.176848E+02
  0.177706E+02
  0.178614E+02
  0.179580E+02
  0.180623E+02
  0.181742E+02
  0.182944E+02
  0.184208E+02
  0.185536E+02
  0.186913E+02
  0.188324E+02
  0.189747E+02
  0.191192E+02
  0.192642E+02
  0.194092E+02
  0.195516E+02
  0.196922E+02
  0.198284E+02
  0.199584E+02
  0.200799E+02
  0.201937E+02
  0.202984E+02
  0.203946E+02
  0.204824E+02
  0.205649E+02
  0.206417E+02
  0.207131E+02
  0.207783E+02
  0.208381E+02
  0.208905E+02
  0.209348E+02
  0.209684E+02
  0.209912E+02
  0.210008E+02
  0.209965E+02
  0.209762E+02
  0.209413E+02
  0.208910E+02
  0.208272E+02
  0.207499E+02
  0.206631E+02
  0.205683E+02
  0.204675E+02
  0.203623E+02
  0.202559E+02
  0.201479E+02
  0.200400E+02
  0.199305E+02
  0.198199E+02
  0.197066E+02
  0.195889E+02
  0.194641E+02
  0.193329E+02
  0.191940E+02
  0.190492E+02
  0.188981E+02
  0.187437E+02
  0.185871E+02
  0.184294E+02
  0.182713E+02
  0.181153E+02
  0.179621E+02
  0.178135E+02
  0.176687E+02
  0.175301E+02
  0.173974E+02
  0.172698E+02
  0.171457E+02
  0.170248E+02
  0.169044E+02
  0.167845E+02
  0.166623E+02
  0.165385E+02
  0.164120E+02
  0.162826E+02
  0.161509E+02
  0.160200E+02
  0.158918E+02
  0.157691E+02
  0.156533E+02
  0.155482E+02
  0.154554E+02
  0.153755E+02
  0.153085E+02
  0.152560E+02
  0.152163E+02
  0.151894E+02
  0.151733E+02
  0.151682E+02
  0.151727E+02
  0.151855E+02
  0.152047E+02
  0.152306E+02
  0.152613E+02
  0.152972E+02
  0.153356E+02
  0.153769E+02
  0.154195E+02
  0.154618E+02
  0.155025E+02
  0.155420E+02
  0.155785E+02
  0.156121E+02
  0.156416E+02
  0.156683E+02
  0.156917E+02
  0.157119E+02
  0.157285E+02
  0.157438E+02
  0.157581E+02
  0.157722E+02
  0.157855E+02
  0.158001E+02
  0.158152E+02
  0.158303E+02
  0.158445E+02
  0.158587E+02
  0.158709E+02
  0.158806E+02
  0.158854E+02
  0.158850E+02
  0.158772E+02
  0.158599E+02
  0.158310E+02
  0.157920E+02
  0.157413E+02
  0.156802E+02
  0.156084E+02
  0.155271E+02
  0.154359E+02
  0.153346E+02
  0.152217E+02
  0.150986E+02
  0.149635E+02
  0.148159E+02
  0.146541E+02
  0.144799E+02
  0.142929E+02
  0.140943E+02
  0.138862E+02
  0.136711E+02
  0.134496E+02
  0.132236E+02
  0.129935E+02
  0.127619E+02
  0.125288E+02
  0.122949E+02
  0.120602E+02
  0.118264E+02
  0.115935E+02
  0.113640E+02
  0.111392E+02
  0.109219E+02
  0.107127E+02
  0.105123E+02
  0.103214E+02
  0.101410E+02
  0.997038E+01
  0.980921E+01
  0.965678E+01
  0.951380E+01
  0.937843E+01
  0.924983E+01
  0.912722E+01
  0.901021E+01
  0.889712E+01
  0.878699E+01
  0.867776E+01
  0.856949E+01
  0.846135E+01
  0.835332E+01
  0.824591E+01
  0.814109E+01
  0.803975E+01
  0.794310E+01
  0.785065E+01
  0.776278E+01
  0.767773E+01
  0.759350E+01
  0.750805E+01
  0.742040E+01
  0.732817E+01
  0.723010E+01
  0.712522E+01
  0.701358E+01
  0.689466E+01
  0.676946E+01
  0.663908E+01
  0.650659E+01
  0.637373E+01
  0.624302E+01
  0.611573E+01
  0.599347E+01
  0.587560E+01
  0.576130E+01
  0.564957E+01
  0.553936E+01
  0.542973E+01
  0.532077E+01
  0.521167E+01
  0.510308E+01
  0.499443E+01
  0.488545E+01
  0.477492E+01
  0.466267E+01
  0.454834E+01
  0.443089E+01
  0.430994E+01
  0.418542E+01
  0.405636E+01
  0.392416E+01
  0.378887E+01
  0.365224E+01
  0.351574E+01
  0.338077E+01
  0.324875E+01
  0.312039E+01
  0.299630E+01
  0.287784E+01
  0.276509E+01
  0.265783E+01
  0.255565E+01
  0.245844E+01
  0.236423E+01
  0.227150E+01
  0.217911E+01
  0.208547E+01
  0.198774E+01
  0.188399E+01
  0.177227E+01
  0.165041E+01
  0.151632E+01
  0.136916E+01
  0.120838E+01
  0.103309E+01
  0.842660E+00
  0.637257E+00
  0.416977E+00
  0.183334E+00
 -0.627196E-01
 -0.319054E+00
 -0.583712E+00
 -0.855026E+00
 -0.113140E+01
 -0.141147E+01
 -0.169266E+01
 -0.197376E+01
 -0.225363E+01
 -0.253099E+01
 -0.280548E+01
 -0.307667E+01
 -0.334489E+01
 -0.361056E+01
 -0.387415E+01
 -0.413685E+01
 -0.439967E+01
 -0.466411E+01
 -0.493112E+01
 -0.520208E+01
 -0.547744E+01
 -0.575766E+01
 -0.604180E+01
 -0.632882E+01
 -0.661691E+01
 -0.690444E+01
 -0.718917E+01
 -0.746824E+01
 -0.773952E+01
 -0.800198E+01
 -0.825340E+01
 -0.849317E+01
 -0.871999E+01
 -0.893400E+01
 -0.913439E+01
 -0.932041E+01
 -0.949216E+01
 -0.965061E+01
 -0.979613E+01
 -0.992953E+01
 -0.100505E+02
 -0.101612E+02
 -0.102622E+02
 -0.103546E+02
 -0.104393E+02
 -0.105185E+02
 -0.105926E+02
 -0.106639E+02
 -0.107337E+02
 -0.108038E+02
 -0.108762E+02
 -0.109525E+02
 -0.110343E+02
 -0.111243E+02
 -0.112232E+02
 -0.113330E+02
 -0.114540E+02
 -0.115874E+02
 -0.117337E+02
 -0.118927E+02
 -0.120642E+02
 -0.122494E+02
 -0.124476E+02
 -0.126586E+02
 -0.128807E+02
 -0.131131E+02
 -0.133528E+02
 -0.135982E+02
 -0.138468E+02
 -0.140992E+02
 -0.143535E+02
 -0.146102E+02
 -0.148693E+02
 -0.151321E+02
 -0.153994E+02
 -0.156711E+02
 -0.159466E+02
 -0.162265E+02
 -0.165086E+02
 -0.167931E+02
 -0.170767E+02
 -0.173593E+02
 -0.176392E+02
 -0.179140E+02
 -0.181813E+02
 -0.184411E+02
 -0.186917E+02
 -0.189336E+02
 -0.191655E+02
 -0.193891E+02
 -0.196043E+02
 -0.198102E+02
 -0.200065E+02
 -0.201956E+02
 -0.203767E+02
 -0.205520E+02
 -0.207205E+02
 -0.208849E+02
 -0.210454E+02
 -0.212020E+02
 -0.213544E+02
 -0.215042E+02
 -0.216499E+02
 -0.217926E+02
 -0.219308E+02
 -0.220660E+02
 -0.221967E+02
 -0.223213E+02
 -0.224375E+02
 -0.225456E+02
 -0.226423E+02
 -0.227281E+02
 -0.228004E+02
 -0.228604E+02
 -0.229076E+02
 -0.229422E+02
 -0.229641E+02
 -0.229771E+02
 -0.229824E+02
 -0.229837E+02
 -0.229814E+02
 -0.229784E+02
 -0.229753E+02
 -0.229717E+02
 -0.229672E+02
 -0.229644E+02
 -0.229627E+02
 -0.229638E+02
 -0.229667E+02
 -0.229739E+02
 -0.229855E+02
 -0.230012E+02
 -0.230199E+02
 -0.230440E+02
 -0.230729E+02
 -0.231074E+02
 -0.231451E+02
 -0.231872E+02
 -0.232325E+02
 -0.232791E+02
 -0.233244E+02
 -0.233701E+02
 -0.234143E+02
 -0.234572E+02
 -0.234970E+02
 -0.235355E+02
 -0.235715E+02
 -0.236051E+02
 -0.236358E+02
 -0.236651E+02
 -0.236911E+02
 -0.237150E+02
 -0.237342E+02
 -0.237497E+02
 -0.237616E+02
 -0.237691E+02
 -0.237709E+02
 -0.237691E+02
 -0.237624E+02
 -0.237522E+02
 -0.237375E+02
 -0.237213E+02
 -0.237035E+02
 -0.236833E+02
 -0.236586E+02
 -0.236302E+02
 -0.235960E+02
 -0.235567E+02
 -0.235108E+02
 -0.234610E+02
 -0.234071E+02
 -0.233491E+02
 -0.232872E+02
 -0.232232E+02
 -0.231556E+02
 -0.230858E+02
 -0.230119E+02
 -0.229350E+02
 -0.228528E+02
 -0.227642E+02
 -0.226677E+02
 -0.225651E+02
 -0.224552E+02
 -0.223394E+02
 -0.222169E+02
 -0.220902E+02
 -0.219586E+02
 -0.218222E+02
 -0.216812E+02
 -0.215379E+02
 -0.213907E+02
 -0.212400E+02
 -0.210850E+02
 -0.209282E+02
 -0.207692E+02
 -0.206090E+02
 -0.204478E+02
 -0.202875E+02
 -0.201257E+02
 -0.199632E+02
 -0.197983E+02
 -0.196316E+02
 -0.194621E+02
 -0.192889E+02
 -0.191100E+02
 -0.189258E+02
 -0.187336E+02
 -0.185322E+02
 -0.183193E+02
 -0.180963E+02
 -0.178632E+02
 -0.176193E+02
 -0.173646E+02
 -0.171019E+02
 -0.168308E+02
 -0.165531E+02
 -0.162701E+02
 -0.159858E+02
 -0.157017E+02
 -0.154195E+02
 -0.151407E+02
 -0.148681E+02
 -0.146017E+02
 -0.143437E+02
 -0.140940E+02
 -0.138547E+02
 -0.136269E+02
 -0.134109E+02
 -0.132074E+02
 -0.130183E+02
 -0.128428E+02
 -0.126810E+02
 -0.125320E+02
 -0.123954E+02
 -0.122692E+02
 -0.121518E+02
 -0.120407E+02
 -0.119353E+02
 -0.118331E+02
 -0.117333E+02
 -0.116336E+02
 -0.115331E+02
 -0.114305E+02
 -0.113246E+02
 -0.112147E+02
 -0.111021E+02
 -0.109876E+02
 -0.108731E+02
 -0.107598E+02
 -0.106509E+02
 -0.105487E+02
 -0.104548E+02
 -0.103707E+02
 -0.102991E+02
 -0.102402E+02
 -0.101947E+02
 -0.101615E+02
 -0.101400E+02
 -0.101280E+02
 -0.101231E+02
 -0.101230E+02
 -0.101270E+02
 -0.101328E+02
 -0.101399E+02
 -0.101467E+02
 -0.101537E+02
 -0.101607E+02
 -0.101673E+02
 -0.101731E+02
 -0.101790E+02
 -0.101831E+02
 -0.101849E+02
 -0.101829E+02
 -0.101763E+02
 -0.101634E+02
 -0.101429E+02
 -0.101140E+02
 -0.100770E+02
 -0.100317E+02
 -0.997945E+01
 -0.992035E+01
 -0.985616E+01
 -0.978808E+01
 -0.971675E+01
 -0.964323E+01
 -0.956984E+01
 -0.949732E+01
 -0.942772E+01
 -0.936164E+01
 -0.930173E+01
 -0.924876E+01
 -0.920303E+01
 -0.916452E+01
 -0.913316E+01
 -0.910701E+01
 -0.908464E+01
 -0.906333E+01
 -0.904179E+01
 -0.901758E+01
 -0.898925E+01
 -0.895564E+01
 -0.891635E+01
 -0.887066E+01
 -0.881860E+01
 -0.875884E+01
 -0.869150E+01
 -0.861559E+01
 -0.853084E+01
 -0.843732E+01
 -0.833623E+01
 -0.822811E+01
 -0.811528E+01
 -0.799929E+01
 -0.788341E+01
 -0.777029E+01
 -0.766211E+01
 -0.756023E+01
 -0.746627E+01
 -0.737993E+01
 -0.730146E+01
 -0.723008E+01
 -0.716473E+01
 -0.710436E+01
 -0.704800E+01
 -0.699345E+01
 -0.693933E+01
 -0.688375E+01
 -0.682631E+01
 -0.676565E+01
 -0.670087E+01
 -0.663074E+01
 -0.655503E+01
 -0.647292E+01
 -0.638483E+01
 -0.629072E+01
 -0.619125E+01
 -0.608688E+01
 -0.597870E+01
 -0.586777E+01
 -0.575553E+01
 -0.564299E+01
 -0.553197E+01
 -0.542341E+01
 -0.531854E+01
 -0.521778E+01
 -0.512194E+01
 -0.503096E+01
 -0.494439E+01
 -0.486152E+01
 -0.478266E+01
 -0.470651E+01
 -0.463247E+01
 -0.455973E+01
 -0.448715E+01
 -0.441281E+01
 -0.433531E+01
 -0.425257E+01
 -0.416322E+01
 -0.406616E+01
 -0.396083E+01
 -0.384664E+01
 -0.372411E+01
 -0.359335E+01
 -0.345420E+01
 -0.330594E+01
 -0.314801E+01
 -0.298011E+01
 -0.280175E+01
 -0.261284E+01
 -0.241420E+01
 -0.220629E+01
 -0.199022E+01
 -0.176678E+01
 -0.153735E+01
 -0.130305E+01
 -0.106588E+01
 -0.827571E+00
 -0.589842E+00
 -0.354973E+00
 -0.125111E+00
  0.974907E-01
  0.310761E+00
  0.512780E+00
  0.702031E+00
  0.877884E+00
  0.104096E+01
  0.119146E+01
  0.132950E+01
  0.145659E+01
  0.157381E+01
  0.168134E+01
  0.178051E+01
  0.187174E+01
  0.195562E+01
  0.203267E+01
  0.210322E+01
  0.216658E+01
  0.222197E+01
  0.226880E+01
  0.230581E+01
  0.233210E+01
  0.234800E+01
  0.235419E+01
  0.235166E+01
  0.234200E+01
  0.232783E+01
  0.231084E+01
  0.229292E+01
  0.227433E+01
  0.225619E+01
  0.223860E+01
  0.222083E+01
  0.220273E+01
  0.218449E+01
  0.216590E+01
  0.214614E+01
  0.212534E+01
  0.210467E+01
  0.208356E+01
  0.206153E+01
  0.203923E+01
  0.201714E+01
  0.199519E+01
  0.197406E+01
  0.195331E+01
  0.193353E+01
  0.191531E+01
  0.189906E+01
  0.188587E+01
  0.187668E+01
  0.187225E+01
  0.187345E+01
  0.188091E+01
  0.189610E+01
  0.191977E+01
  0.195301E+01
  0.199688E+01
  0.205183E+01
  0.211656E+01
  0.218982E+01
  0.227029E+01
  0.235613E+01
  0.244543E+01
  0.253610E+01
  0.262703E+01
  0.271698E+01
  0.280393E+01
  0.288822E+01
  0.296935E+01
  0.304718E+01
  0.312217E+01
  0.319480E+01
  0.326479E+01
  0.333258E+01
  0.339809E+01
  0.346208E+01
  0.352441E+01
  0.358425E+01
  0.364124E+01
  0.369433E+01
  0.374198E+01
  0.378379E+01
  0.381920E+01
  0.384869E+01
  0.387224E+01
  0.389034E+01
  0.390343E+01
  0.391179E+01
  0.391473E+01
  0.391316E+01
  0.390748E+01
  0.389820E+01
  0.388598E+01
  0.387141E+01
  0.385409E+01
  0.383413E+01
  0.381161E+01
  0.378668E+01
  0.375920E+01
  0.372875E+01
  0.369425E+01
  0.365645E+01
  0.361517E+01
  0.357031E+01
  0.352257E+01
  0.347315E+01
  0.342310E+01
  0.337341E+01
  0.332446E+01
  0.327773E+01
  0.323390E+01
  0.319344E+01
  0.315651E+01
  0.312402E+01
  0.309597E+01
  0.307167E+01
  0.305022E+01
  0.303190E+01
  0.301604E+01
  0.300192E+01
  0.298967E+01
  0.297972E+01
  0.297193E+01
  0.296737E+01
  0.296659E+01
  0.297095E+01
  0.298134E+01
  0.299792E+01
  0.302098E+01
  0.305059E+01
  0.308603E+01
  0.312689E+01
  0.317173E+01
  0.321927E+01
  0.326749E+01
  0.331515E+01
  0.336125E+01
  0.340455E+01
  0.344395E+01
  0.347890E+01
  0.350816E+01
  0.353153E+01
  0.354902E+01
  0.356137E+01
  0.356932E+01
  0.357548E+01
  0.358154E+01
  0.358973E+01
  0.360183E+01
  0.361932E+01
  0.364326E+01
  0.367339E+01
  0.370954E+01
  0.375194E+01
  0.379924E+01
  0.385035E+01
  0.390354E+01
  0.395776E+01
  0.401207E+01
  0.406666E+01
  0.412090E+01
  0.417523E+01
  0.423076E+01
  0.428839E+01
  0.434789E+01
  0.441087E+01
  0.447853E+01
  0.455108E+01
  0.462851E+01
  0.471145E+01
  0.480011E+01
  0.489386E+01
  0.499156E+01
  0.509317E+01
  0.519656E+01
  0.529979E+01
  0.539992E+01
  0.549569E+01
  0.558480E+01
  0.566523E+01
  0.573540E+01
  0.579471E+01
  0.584202E+01
  0.587746E+01
  0.590222E+01
  0.591880E+01
  0.592842E+01
  0.593280E+01
  0.593325E+01
  0.593158E+01
  0.592863E+01
  0.592494E+01
  0.592149E+01
  0.592006E+01
  0.592049E+01
  0.592397E+01
  0.593067E+01
  0.594125E+01
  0.595605E+01
  0.597551E+01
  0.599995E+01
  0.602964E+01
  0.606267E+01
  0.609769E+01
  0.613188E+01
  0.616302E+01
  0.618813E+01
  0.620475E+01
  0.621072E+01
  0.620462E+01
  0.618473E+01
  0.615147E+01
  0.610474E+01
  0.604554E+01
  0.597554E+01
  0.589639E+01
  0.580949E+01
  0.571710E+01
  0.562037E+01
  0.552174E+01
  0.542234E+01
  0.532337E+01
  0.522575E+01
  0.513075E+01
  0.503819E+01
  0.494846E+01
  0.486157E+01
  0.477780E+01
  0.469659E+01
  0.461782E+01
  0.454055E+01
  0.446363E+01
  0.438588E+01
  0.430695E+01
  0.422600E+01
  0.414258E+01
  0.405584E+01
  0.396570E+01
  0.387166E+01
  0.377337E+01
  0.367089E+01
  0.356577E+01
  0.345874E+01
  0.335094E+01
  0.324256E+01
  0.313417E+01
  0.302618E+01
  0.291856E+01
  0.281107E+01
  0.270420E+01
  0.259758E+01
  0.249144E+01
  0.238599E+01
  0.228195E+01
  0.217970E+01
  0.207931E+01
  0.198108E+01
  0.188512E+01
  0.179080E+01
  0.169776E+01
  0.160532E+01
  0.151285E+01
  0.141931E+01
  0.132416E+01
  0.122644E+01
  0.112518E+01
  0.101980E+01
  0.910672E+00
  0.798179E+00
  0.683324E+00
  0.567433E+00
  0.451131E+00
  0.334785E+00
  0.219643E+00
  0.106822E+00
 -0.272214E-02
 -0.108344E+00
 -0.208283E+00
 -0.301162E+00
 -0.386813E+00
 -0.464843E+00
 -0.534971E+00
 -0.597394E+00
 -0.652964E+00
 -0.702404E+00
 -0.746601E+00
 -0.786463E+00
 -0.822987E+00
 -0.856978E+00
 -0.888744E+00
 -0.918459E+00
 -0.945676E+00
 -0.970454E+00
 -0.992006E+00
 -0.100897E+01
 -0.102002E+01
 -0.102413E+01
 -0.102127E+01
 -0.101117E+01
 -0.994550E+00
 -0.972103E+00
 -0.944625E+00
 -0.911638E+00
 -0.873146E+00
 -0.829309E+00
 -0.778981E+00
 -0.721528E+00
 -0.656255E+00
 -0.583473E+00
 -0.502980E+00
 -0.415085E+00
 -0.321168E+00
 -0.221749E+00
 -0.116945E+00
 -0.661850E-02
  0.109028E+00
  0.230410E+00
  0.357502E+00
  0.489833E+00
  0.627517E+00
  0.770757E+00
  0.919322E+00
  0.107317E+01
  0.123222E+01
  0.139568E+01
  0.156306E+01
  0.173337E+01
  0.190594E+01
  0.207924E+01
  0.225266E+01
  0.242587E+01
  0.259749E+01
  0.276644E+01
  0.293281E+01
  0.309585E+01
  0.325441E+01
  0.340816E+01
  0.355780E+01
  0.370308E+01
  0.384509E+01
  0.398427E+01
  0.412156E+01
  0.425790E+01
  0.439321E+01
  0.452661E+01
  0.465833E+01
  0.478715E+01
  0.491206E+01
  0.503282E+01
  0.514926E+01
  0.526060E+01
  0.536724E+01
  0.546881E+01
  0.556583E+01
  0.565803E+01
  0.574639E+01
  0.583039E+01
  0.591057E+01
  0.598722E+01
  0.606003E+01
  0.612928E+01
  0.619612E+01
  0.626037E+01
  0.632263E+01
  0.638234E+01
  0.643946E+01
  0.649348E+01
  0.654294E+01
  0.658575E+01
  0.662176E+01
  0.664889E+01
  0.666638E+01
  0.667343E+01
  0.667052E+01
  0.665809E+01
  0.663731E+01
  0.660859E+01
  0.657365E+01
  0.653373E+01
  0.649032E+01
  0.644343E+01
  0.639427E+01
  0.634375E+01
  0.629136E+01
  0.623706E+01
  0.618190E+01
  0.612542E+01
  0.606765E+01
  0.600708E+01
  0.594418E+01
  0.587906E+01
  0.581145E+01
  0.574047E+01
  0.566704E+01
  0.559060E+01
  0.550973E+01
  0.542380E+01
  0.533404E+01
  0.524038E+01
  0.514308E+01
  0.504344E+01
  0.494341E+01
  0.484343E+01
  0.474436E+01
  0.464584E+01
  0.454839E+01
  0.445111E+01
  0.435324E+01
  0.425459E+01
  0.415517E+01
  0.405367E+01
  0.394896E+01
  0.383964E+01
  0.372484E+01
  0.360336E+01
  0.347534E+01
  0.334074E+01
  0.320051E+01
  0.305554E+01
  0.290741E+01
  0.275612E+01
  0.260213E+01
  0.244633E+01
  0.228839E+01
  0.212817E+01
  0.196587E+01
  0.180100E+01
  0.163394E+01
  0.146503E+01
  0.129503E+01
  0.112454E+01
  0.954388E+00
  0.784387E+00
  0.614274E+00
  0.444019E+00
  0.274186E+00
  0.104183E+00
 -0.658053E-01
 -0.234740E+00
 -0.403104E+00
 -0.571418E+00
 -0.739198E+00
 -0.905259E+00
 -0.106924E+01
 -0.123059E+01
 -0.138758E+01
 -0.153893E+01
 -0.168412E+01
 -0.182361E+01
 -0.195646E+01
 -0.208224E+01
 -0.220285E+01
 -0.231909E+01
 -0.243123E+01
 -0.254005E+01
 -0.264687E+01
 -0.275125E+01
 -0.285340E+01
 -0.295374E+01
 -0.305154E+01
 -0.314597E+01
 -0.323676E+01
 -0.332366E+01
 -0.340583E+01
 -0.348307E+01
 -0.355574E+01
 -0.362320E+01
 -0.368631E+01
 -0.374465E+01
 -0.379762E+01
 -0.384424E+01
 -0.388364E+01
 -0.391555E+01
 -0.393989E+01
 -0.395657E+01
 -0.396632E+01
 -0.396944E+01
 -0.396631E+01
 -0.395699E+01
 -0.394169E+01
 -0.392030E+01
 -0.389330E+01
 -0.386015E+01
 -0.382000E+01
 -0.377183E+01
 -0.371586E+01
 -0.365121E+01
 -0.357739E+01
 -0.349475E+01
 -0.340368E+01
 -0.330482E+01
 -0.319980E+01
 -0.309102E+01
 -0.298127E+01
 -0.287209E+01
 -0.276531E+01
 -0.266327E+01
 -0.256758E+01
 -0.247780E+01
 -0.239482E+01
 -0.231909E+01
 -0.225064E+01
 -0.218939E+01
 -0.213516E+01
 -0.208811E+01
 -0.204767E+01
 -0.201235E+01
 -0.198028E+01
 -0.194928E+01
 -0.191694E+01
 -0.188060E+01
 -0.183841E+01
 -0.178807E+01
 -0.172842E+01
 -0.165871E+01
 -0.157856E+01
 -0.148806E+01
 -0.138772E+01
 -0.127843E+01
 -0.116145E+01
 -0.103898E+01
 -0.912776E+00
 -0.783842E+00
 -0.653917E+00
 -0.524806E+00
 -0.397854E+00
 -0.274104E+00
 -0.154965E+00
 -0.408336E-01
  0.684720E-01
  0.172769E+00
  0.272891E+00
  0.368686E+00
  0.459471E+00
  0.545539E+00
  0.625687E+00
  0.698846E+00
  0.766480E+00
  0.830071E+00
  0.891174E+00
  0.950764E+00
  0.100991E+01
  0.106996E+01
  0.113145E+01
  0.119375E+01
  0.125612E+01
  0.131818E+01
  0.137990E+01
  0.144047E+01
  0.149903E+01
  0.155445E+01
  0.160620E+01
  0.165335E+01
  0.169529E+01
  0.173190E+01
  0.176348E+01
  0.179068E+01
  0.181397E+01
  0.183408E+01
  0.185158E+01
  0.186637E+01
  0.187949E+01
  0.189131E+01
  0.190237E+01
  0.191277E+01
  0.192271E+01
  0.193209E+01
  0.194093E+01
  0.194864E+01
  0.195456E+01
  0.195842E+01
  0.196018E+01
  0.195912E+01
  0.195462E+01
  0.194664E+01
  0.193508E+01
  0.191920E+01
  0.190011E+01
  0.187873E+01
  0.185598E+01
  0.183337E+01
  0.181236E+01
  0.179374E+01
  0.177803E+01
  0.176477E+01
  0.175320E+01
  0.174185E+01
  0.172892E+01
  0.171259E+01
  0.169169E+01
  0.166498E+01
  0.163227E+01
  0.159358E+01
  0.154953E+01
  0.150040E+01
  0.144685E+01
  0.139036E+01
  0.133158E+01
  0.127132E+01
  0.121105E+01
  0.115153E+01
  0.109457E+01
  0.104023E+01
  0.989411E+00
  0.942775E+00
  0.899902E+00
  0.861718E+00
  0.827618E+00
  0.796844E+00
  0.769634E+00
  0.744865E+00
  0.722126E+00
  0.700650E+00
  0.679841E+00
  0.658770E+00
  0.635826E+00
  0.610733E+00
  0.583033E+00
  0.553084E+00
  0.522130E+00
  0.490794E+00
  0.460349E+00
  0.431335E+00
  0.404746E+00
  0.380716E+00
  0.359329E+00
  0.340697E+00
  0.323653E+00
  0.307691E+00
  0.291678E+00
  0.273697E+00
  0.252713E+00
  0.227538E+00
  0.197435E+00
  0.162100E+00
  0.121569E+00
  0.761259E-01
  0.260179E-01
 -0.282948E-01
 -0.852025E-01
 -0.144173E+00
 -0.204780E+00
 -0.265520E+00
 -0.326282E+00
 -0.386565E+00
 -0.445972E+00
 -0.504448E+00
 -0.560637E+00
 -0.614843E+00
 -0.666502E+00
 -0.714607E+00
 -0.759129E+00
 -0.799776E+00
 -0.836523E+00
 -0.868220E+00
 -0.894051E+00
 -0.913509E+00
 -0.925670E+00
 -0.930161E+00
 -0.927102E+00
 -0.916442E+00
 -0.898461E+00
 -0.873269E+00
 -0.841047E+00
 -0.802353E+00
 -0.756665E+00
 -0.703174E+00
 -0.641341E+00
 -0.570823E+00
 -0.490635E+00
 -0.400046E+00
 -0.298820E+00
 -0.186929E+00
 -0.642893E-01
  0.693586E-01
  0.213438E+00
  0.366777E+00
  0.528454E+00
  0.698137E+00
  0.874680E+00
  0.105679E+01
  0.124385E+01
  0.143467E+01
  0.162833E+01
  0.182270E+01
  0.201638E+01
  0.220779E+01
  0.239497E+01
  0.257607E+01
  0.275044E+01
  0.291705E+01
  0.307490E+01
  0.322323E+01
  0.336227E+01
  0.349190E+01
  0.361161E+01
  0.372089E+01
  0.382036E+01
  0.390988E+01
  0.398933E+01
  0.405803E+01
  0.411639E+01
  0.416403E+01
  0.420001E+01
  0.422405E+01
  0.423617E+01
  0.423510E+01
  0.422112E+01
  0.419330E+01
  0.415131E+01
  0.409519E+01
  0.402538E+01
  0.394260E+01
  0.384838E+01
  0.374326E+01
  0.362860E+01
  0.350568E+01
  0.337557E+01
  0.323853E+01
  0.309484E+01
  0.294468E+01
  0.278780E+01
  0.262287E+01
  0.244969E+01
  0.226769E+01
  0.207649E+01
  0.187544E+01
  0.166523E+01
  0.144666E+01
  0.122101E+01
  0.989841E+00
  0.754882E+00
  0.517148E+00
  0.277998E+00
  0.387743E-01
 -0.200221E+00
 -0.438539E+00
 -0.675610E+00
 -0.910917E+00
 -0.114392E+01
 -0.137367E+01
 -0.159919E+01
 -0.181998E+01
 -0.203473E+01
 -0.224219E+01
 -0.244192E+01
 -0.263358E+01
 -0.281717E+01
 -0.299230E+01
 -0.315887E+01
 -0.331646E+01
 -0.346385E+01
 -0.360063E+01
 -0.372736E+01
 -0.384335E+01
 -0.394888E+01
 -0.404364E+01
 -0.412793E+01
 -0.420226E+01
 -0.426708E+01
 -0.432271E+01
 -0.436999E+01
 -0.440891E+01
 -0.443962E+01
 -0.446166E+01
 -0.447576E+01
 -0.448185E+01
 -0.447875E+01
 -0.446619E+01
 -0.444372E+01
 -0.440896E+01
 -0.436131E+01
 -0.429977E+01
 -0.422376E+01
 -0.413367E+01
 -0.402966E+01
 -0.391259E+01
 -0.378469E+01
 -0.364652E+01
 -0.349962E+01
 -0.334483E+01
 -0.318337E+01
 -0.301580E+01
 -0.284192E+01
 -0.266197E+01
 -0.247668E+01
 -0.228746E+01
 -0.209622E+01
 -0.190415E+01
 -0.171331E+01
 -0.152531E+01
 -0.134085E+01
 -0.116129E+01
 -0.988245E+00
 -0.823009E+00
 -0.666561E+00
 -0.519495E+00
 -0.382966E+00
 -0.257628E+00
 -0.143695E+00
 -0.417378E-01
  0.482161E-01
  0.126561E+00
  0.193981E+00
  0.251037E+00
  0.297763E+00
  0.334488E+00
  0.360678E+00
  0.375220E+00
  0.377772E+00
  0.367466E+00
  0.344309E+00
  0.307483E+00
  0.256931E+00
  0.193400E+00
  0.115899E+00
  0.245397E-01
 -0.799937E-01
 -0.197976E+00
 -0.327997E+00
 -0.469028E+00
 -0.620093E+00
 -0.778963E+00
 -0.943895E+00
 -0.111241E+01
 -0.128247E+01
 -0.145225E+01
 -0.161981E+01
 -0.178437E+01
 -0.194495E+01
 -0.210130E+01
 -0.225375E+01
 -0.240246E+01
 -0.254816E+01
 -0.269138E+01
 -0.283299E+01
 -0.297306E+01
 -0.311227E+01
 -0.325099E+01
 -0.338831E+01
 -0.352401E+01
 -0.365890E+01
 -0.379269E+01
 -0.392583E+01
 -0.405825E+01
 -0.419053E+01
 -0.432291E+01
 -0.445508E+01
 -0.458829E+01
 -0.472318E+01
 -0.485925E+01
 -0.499733E+01
 -0.513665E+01
 -0.527705E+01
 -0.541807E+01
 -0.555921E+01
 -0.570005E+01
 -0.584033E+01
 -0.597921E+01
 -0.611673E+01
 -0.625148E+01
 -0.638361E+01
 -0.651240E+01
 -0.663687E+01
 -0.675669E+01
 -0.687129E+01
 -0.697944E+01
 -0.708104E+01
 -0.717542E+01
 -0.726374E+01
 -0.734665E+01
 -0.742445E+01
 -0.749708E+01
 -0.756581E+01
 -0.763149E+01
 -0.769530E+01
 -0.775716E+01
 -0.781856E+01
 -0.787970E+01
 -0.794079E+01
 -0.800209E+01
 -0.806482E+01
 -0.812942E+01
 -0.819648E+01
 -0.826619E+01
 -0.834022E+01
 -0.841786E+01
 -0.849925E+01
 -0.858463E+01
 -0.867462E+01
 -0.876859E+01
 -0.886598E+01
 -0.896528E+01
 -0.906651E+01
 -0.916865E+01
 -0.927114E+01
 -0.937356E+01
 -0.947664E+01
 -0.957984E+01
 -0.968324E+01
 -0.978643E+01
 -0.989114E+01
 -0.999743E+01
 -0.101057E+02
 -0.102159E+02
 -0.103281E+02
 -0.104408E+02
 -0.105535E+02
 -0.106651E+02
 -0.107756E+02
 -0.108840E+02
 -0.109901E+02
 -0.110925E+02
 -0.111913E+02
 -0.112851E+02
 -0.113727E+02
 -0.114525E+02
 -0.115253E+02
 -0.115900E+02
 -0.116464E+02
 -0.116938E+02
 -0.117329E+02
 -0.117637E+02
 -0.117877E+02
 -0.118047E+02
 -0.118156E+02
 -0.118205E+02
 -0.118185E+02
 -0.118098E+02
 -0.117963E+02
 -0.117778E+02
 -0.117560E+02
 -0.117317E+02
 -0.117070E+02
 -0.116821E+02
 -0.116579E+02
 -0.116350E+02
 -0.116140E+02
 -0.115933E+02
 -0.115728E+02
 -0.115516E+02
 -0.115304E+02
 -0.115088E+02
 -0.114870E+02
 -0.114651E+02
 -0.114441E+02
 -0.114230E+02
 -0.114027E+02
 -0.113821E+02
 -0.113616E+02
 -0.113412E+02
 -0.113213E+02
 -0.113011E+02
 -0.112809E+02
 -0.112600E+02
 -0.112400E+02
 -0.112212E+02
 -0.112045E+02
 -0.111902E+02
 -0.111781E+02
 -0.111670E+02
 -0.111575E+02
 -0.111483E+02
 -0.111397E+02
 -0.111297E+02
 -0.111179E+02
 -0.111036E+02
 -0.110864E+02
 -0.110659E+02
 -0.110433E+02
 -0.110180E+02
 -0.109912E+02
 -0.109622E+02
 -0.109317E+02
 -0.108991E+02
 -0.108638E+02
 -0.108257E+02
 -0.107861E+02
 -0.107447E+02
 -0.107024E+02
 -0.106584E+02
 -0.106132E+02
 -0.105666E+02
 -0.105184E+02
 -0.104680E+02
 -0.104154E+02
 -0.103595E+02
 -0.102998E+02
 -0.102349E+02
 -0.101648E+02
 -0.100883E+02
 -0.100048E+02
 -0.991323E+01
 -0.981326E+01
 -0.970440E+01
 -0.958803E+01
 -0.946343E+01
 -0.933217E+01
 -0.919557E+01
 -0.905439E+01
 -0.890975E+01
 -0.876404E+01
 -0.861788E+01
 -0.847277E+01
 -0.832865E+01
 -0.818641E+01
 -0.804557E+01
 -0.790468E+01
 -0.776211E+01
 -0.761802E+01
 -0.747149E+01
 -0.732298E+01
 -0.717180E+01
 -0.701849E+01
 -0.686304E+01
 -0.670470E+01
 -0.654290E+01
 -0.637764E+01
 -0.620817E+01
 -0.603491E+01
 -0.585715E+01
 -0.567633E+01
 -0.549317E+01
 -0.530826E+01
 -0.512277E+01
 -0.493837E+01
 -0.475632E+01
 -0.457721E+01
 -0.440125E+01
 -0.422990E+01
 -0.406291E+01
 -0.390043E+01
 -0.374250E+01
 -0.358915E+01
 -0.343984E+01
 -0.329371E+01
 -0.314890E+01
 -0.300390E+01
 -0.285710E+01
 -0.270730E+01
 -0.255338E+01
 -0.239551E+01
 -0.223384E+01
 -0.206939E+01
 -0.190292E+01
 -0.173495E+01
 -0.156603E+01
 -0.139632E+01
 -0.122547E+01
 -0.105401E+01
 -0.882163E+00
 -0.709758E+00
 -0.537017E+00
 -0.363569E+00
 -0.189297E+00
 -0.145791E-01
  0.160301E+00
  0.335004E+00
  0.509662E+00
  0.684217E+00
  0.858719E+00
  0.103317E+01
  0.120757E+01
  0.138189E+01
  0.155619E+01
  0.173070E+01
  0.190502E+01
  0.207886E+01
  0.225227E+01
  0.242550E+01
  0.259757E+01
  0.276802E+01
  0.293688E+01
  0.310427E+01
  0.326970E+01
  0.343372E+01
  0.359640E+01
  0.375827E+01
  0.391980E+01
  0.408083E+01
  0.424232E+01
  0.440563E+01
  0.457115E+01
  0.473992E+01
  0.491177E+01
  0.508749E+01
  0.526612E+01
  0.544697E+01
  0.562971E+01
  0.581366E+01
  0.599786E+01
  0.618138E+01
  0.636343E+01
  0.654463E+01
  0.672408E+01
  0.690176E+01
  0.707646E+01
  0.724780E+01
  0.741525E+01
  0.757897E+01
  0.773752E+01
  0.789082E+01
  0.803830E+01
  0.817922E+01
  0.831326E+01
  0.844144E+01
  0.856417E+01
  0.868325E+01
  0.879929E+01
  0.891429E+01
  0.902940E+01
  0.914548E+01
  0.926320E+01
  0.938470E+01
  0.950953E+01
  0.963794E+01
  0.976986E+01
  0.990698E+01
  0.100488E+02
  0.101949E+02
  0.103451E+02
  0.104996E+02
  0.106582E+02
  0.108195E+02
  0.109815E+02
  0.111446E+02
  0.113063E+02
  0.114655E+02
  0.116212E+02
  0.117738E+02
  0.119218E+02
  0.120650E+02
  0.122037E+02
  0.123388E+02
  0.124698E+02
  0.125968E+02
  0.127198E+02
  0.128408E+02
  0.129591E+02
  0.130757E+02
  0.131901E+02
  0.133038E+02
  0.134165E+02
  0.135277E+02
  0.136367E+02
  0.137446E+02
  0.138499E+02
  0.139524E+02
  0.140515E+02
  0.141485E+02
  0.142422E+02
  0.143318E+02
  0.144169E+02
  0.144977E+02
  0.145728E+02
  0.146430E+02
  0.147073E+02
  0.147663E+02
  0.148192E+02
  0.148662E+02
  0.149072E+02
  0.149429E+02
  0.149718E+02
  0.149944E+02
  0.150090E+02
  0.150159E+02
  0.150149E+02
  0.150060E+02
  0.149883E+02
  0.149632E+02
  0.149300E+02
  0.148892E+02
  0.148399E+02
  0.147834E+02
  0.147197E+02
  0.146502E+02
  0.145751E+02
  0.144972E+02
  0.144170E+02
  0.143356E+02
  0.142528E+02
  0.141704E+02
  0.140886E+02
  0.140079E+02
  0.139283E+02
  0.138508E+02
  0.137744E+02
  0.137008E+02
  0.136296E+02
  0.135625E+02
  0.134998E+02
  0.134407E+02
  0.133852E+02
  0.133349E+02
  0.132895E+02
  0.132497E+02
  0.132150E+02
  0.131872E+02
  0.131652E+02
  0.131485E+02
  0.131370E+02
  0.131311E+02
  0.131290E+02
  0.131310E+02
  0.131357E+02
  0.131439E+02
  0.131538E+02
  0.131652E+02
  0.131781E+02
  0.131928E+02
  0.132088E+02
  0.132280E+02
  0.132498E+02
  0.132754E+02
  0.133049E+02
  0.133399E+02
  0.133807E+02
  0.134287E+02
  0.134835E+02
  0.135460E+02
  0.136148E+02
  0.136917E+02
  0.137764E+02
  0.138680E+02
  0.139653E+02
  0.140685E+02
  0.141766E+02
  0.142899E+02
  0.144068E+02
  0.145286E+02
  0.146543E+02
  0.147838E+02
  0.149164E+02
  0.150530E+02
  0.151920E+02
  0.153335E+02
  0.154758E+02
  0.156191E+02
  0.157622E+02
  0.159041E+02
  0.160432E+02
  0.161796E+02
  0.163114E+02
  0.164389E+02
  0.165603E+02
  0.166769E+02
  0.167876E+02
  0.168913E+02
  0.169871E+02
  0.170770E+02
  0.171606E+02
  0.172388E+02
  0.173104E+02
  0.173777E+02
  0.174398E+02
  0.174963E+02
  0.175475E+02
  0.175950E+02
  0.176373E+02
  0.176750E+02
  0.177071E+02
  0.177355E+02
  0.177591E+02
  0.177777E+02
  0.177910E+02
  0.178007E+02
  0.178055E+02
  0.178071E+02
  0.178049E+02
  0.178012E+02
  0.177967E+02
  0.177929E+02
  0.177904E+02
  0.177922E+02
  0.177987E+02
  0.178115E+02
  0.178294E+02
  0.178538E+02
  0.178837E+02
  0.179181E+02
  0.179556E+02
  0.179964E+02
  0.180383E+02
  0.180808E+02
  0.181220E+02
  0.181627E+02
  0.182005E+02
  0.182348E+02
  0.182639E+02
  0.182886E+02
  0.183074E+02
  0.183204E+02
  0.183257E+02
  0.183250E+02
  0.183176E+02
  0.183034E+02
  0.182828E+02
  0.182584E+02
  0.182293E+02
  0.181962E+02
  0.181594E+02
  0.181208E+02
  0.180777E+02
  0.180303E+02
  0.179780E+02
  0.179216E+02
  0.178588E+02
  0.177902E+02
  0.177150E+02
  0.176347E+02
  0.175483E+02
  0.174561E+02
  0.173574E+02
  0.172533E+02
  0.171432E+02
  0.170272E+02
  0.169037E+02
  0.167745E+02
  0.166389E+02
  0.164966E+02
  0.163469E+02
  0.161918E+02
  0.160318E+02
  0.158686E+02
  0.157019E+02
  0.155343E+02
  0.153664E+02
  0.151992E+02
  0.150313E+02
  0.148640E+02
  0.146968E+02
  0.145295E+02
  0.143596E+02
  0.141877E+02
  0.140130E+02
  0.138342E+02
  0.136503E+02
  0.134635E+02
  0.132727E+02
  0.130796E+02
  0.128852E+02
  0.126917E+02
  0.124987E+02
  0.123068E+02
  0.121173E+02
  0.119300E+02
  0.117437E+02
  0.115601E+02
  0.113780E+02
  0.111978E+02
  0.110184E+02
  0.108401E+02
  0.106610E+02
  0.104822E+02
  0.103034E+02
  0.101248E+02
  0.994533E+01
  0.976522E+01
  0.958491E+01
  0.940407E+01
  0.922139E+01
  0.903820E+01
  0.885399E+01
  0.866915E+01
  0.848214E+01
  0.829349E+01
  0.810293E+01
  0.790977E+01
  0.771314E+01
  0.751410E+01
  0.731198E+01
  0.710634E+01
  0.689690E+01
  0.668426E+01
  0.646693E+01
  0.624456E+01
  0.601808E+01
  0.578844E+01
  0.555415E+01
  0.531657E+01
  0.507664E+01
  0.483468E+01
  0.458956E+01
  0.434145E+01
  0.409069E+01
  0.383619E+01
  0.357774E+01
  0.331610E+01
  0.305038E+01
  0.278235E+01
  0.251173E+01
  0.223741E+01
  0.195987E+01
  0.167972E+01
  0.139604E+01
  0.111000E+01
  0.823014E+00
  0.534792E+00
  0.245581E+00
 -0.428195E-01
 -0.329583E+00
 -0.614496E+00
 -0.897112E+00
 -0.117656E+01
 -0.145278E+01
 -0.172661E+01
 -0.199773E+01
 -0.226568E+01
 -0.253144E+01
 -0.279483E+01
 -0.305469E+01
 -0.331146E+01
 -0.356460E+01
 -0.381324E+01
 -0.405695E+01
 -0.429489E+01
 -0.452604E+01
 -0.474980E+01
 -0.496535E+01
 -0.517254E+01
 -0.537123E+01
 -0.556187E+01
 -0.574343E+01
 -0.591545E+01
 -0.607834E+01
 -0.623248E+01
 -0.637640E+01
 -0.651033E+01
 -0.663495E+01
 -0.675042E+01
 -0.685710E+01
 -0.695685E+01
 -0.705065E+01
 -0.713966E+01
 -0.722468E+01
 -0.730808E+01
 -0.738967E+01
 -0.746989E+01
 -0.754936E+01
 -0.762776E+01
 -0.770470E+01
 -0.778066E+01
 -0.785498E+01
 -0.792716E+01
 -0.799683E+01
 -0.806472E+01
 -0.812976E+01
 -0.819233E+01
 -0.825201E+01
 -0.830869E+01
 -0.836341E+01
 -0.841822E+01
 -0.847245E+01
 -0.852785E+01
 -0.858581E+01
 -0.864636E+01
 -0.870978E+01
 -0.877598E+01
 -0.884302E+01
 -0.891069E+01
 -0.897715E+01
 -0.904119E+01
 -0.910211E+01
 -0.915949E+01
 -0.921192E+01
 -0.925991E+01
 -0.930294E+01
 -0.934080E+01
 -0.937237E+01
 -0.939789E+01
 -0.941639E+01
 -0.942724E+01
 -0.943005E+01
 -0.942546E+01
 -0.941308E+01
 -0.939411E+01
 -0.936937E+01
 -0.934064E+01
 -0.930867E+01
 -0.927553E+01
 -0.924248E+01
 -0.921067E+01
 -0.918102E+01
 -0.915563E+01
 -0.913499E+01
 -0.911939E+01
 -0.910907E+01
 -0.910434E+01
 -0.910403E+01
 -0.910874E+01
 -0.911732E+01
 -0.912936E+01
 -0.914358E+01
 -0.916054E+01
 -0.917934E+01
 -0.919911E+01
 -0.921980E+01
 -0.924217E+01
 -0.926591E+01
 -0.929102E+01
 -0.931672E+01
 -0.934348E+01
 -0.937113E+01
 -0.939885E+01
 -0.942550E+01
 -0.945181E+01
 -0.947650E+01
 -0.949912E+01
 -0.951840E+01
 -0.953469E+01
 -0.954733E+01
 -0.955517E+01
 -0.955832E+01
 -0.955777E+01
 -0.955215E+01
 -0.954272E+01
 -0.952919E+01
 -0.951261E+01
 -0.949368E+01
 -0.947284E+01
 -0.945162E+01
 -0.943188E+01
 -0.941331E+01
 -0.939731E+01
 -0.938461E+01
 -0.937584E+01
 -0.937049E+01
 -0.936852E+01
 -0.936915E+01
 -0.937349E+01
 -0.938141E+01
 -0.939343E+01
 -0.940972E+01
 -0.943171E+01
 -0.945961E+01
 -0.949367E+01
 -0.953419E+01
 -0.958234E+01
 -0.963751E+01
 -0.969984E+01
 -0.976883E+01
 -0.984563E+01
 -0.992999E+01
 -0.100219E+02
 -0.101211E+02
 -0.102284E+02
 -0.103430E+02
 -0.104652E+02
 -0.105942E+02
 -0.107298E+02
 -0.108709E+02
 -0.110165E+02
 -0.111660E+02
 -0.113192E+02
 -0.114741E+02
 -0.116315E+02
 -0.117909E+02
 -0.119526E+02
 -0.121154E+02
 -0.122796E+02
 -0.124451E+02
 -0.126126E+02
 -0.127803E+02
 -0.129482E+02
 -0.131159E+02
 -0.132848E+02
 -0.134534E+02
 -0.136197E+02
 -0.137841E+02
 -0.139481E+02
 -0.141098E+02
 -0.142683E+02
 -0.144223E+02
 -0.145738E+02
 -0.147226E+02
 -0.148670E+02
 -0.150068E+02
 -0.151442E+02
 -0.152788E+02
 -0.154108E+02
 -0.155383E+02
 -0.156627E+02
 -0.157840E+02
 -0.159009E+02
 -0.160115E+02
 -0.161173E+02
 -0.162178E+02
 -0.163140E+02
 -0.164043E+02
 -0.164900E+02
 -0.165717E+02
 -0.166499E+02
 -0.167243E+02
 -0.167967E+02
 -0.168665E+02
 -0.169348E+02
 -0.170013E+02
 -0.170671E+02
 -0.171311E+02
 -0.171927E+02
 -0.172517E+02
 -0.173097E+02
 -0.173653E+02
 -0.174190E+02
 -0.174700E+02
 -0.175205E+02
 -0.175700E+02
 -0.176173E+02
 -0.176627E+02
 -0.177085E+02
 -0.177537E+02
 -0.177993E+02
 -0.178448E+02
 -0.178918E+02
 -0.179401E+02
 -0.179883E+02
 -0.180353E+02
 -0.180824E+02
 -0.181277E+02
 -0.181716E+02
 -0.182119E+02
 -0.182494E+02
 -0.182836E+02
 -0.183141E+02
 -0.183389E+02
 -0.183591E+02
 -0.183729E+02
 -0.183812E+02
 -0.183823E+02
 -0.183774E+02
 -0.183665E+02
 -0.183493E+02
 -0.183263E+02
 -0.182990E+02
 -0.182666E+02
 -0.182306E+02
 -0.181911E+02
 -0.181502E+02
 -0.181077E+02
 -0.180647E+02
 -0.180217E+02
 -0.179808E+02
 -0.179412E+02
 -0.179035E+02
 -0.178672E+02
 -0.178336E+02
 -0.178012E+02
 -0.177690E+02
 -0.177365E+02
 -0.177044E+02
 -0.176698E+02
 -0.176336E+02
 -0.175945E+02
 -0.175536E+02
 -0.175108E+02
 -0.174668E+02
 -0.174210E+02
 -0.173757E+02
 -0.173303E+02
 -0.172856E+02
 -0.172410E+02
 -0.171974E+02
 -0.171538E+02
 -0.171097E+02
 -0.170647E+02
 -0.170201E+02
 -0.169738E+02
 -0.169273E+02
 -0.168792E+02
 -0.168297E+02
 -0.167778E+02
 -0.167234E+02
 -0.166652E+02
 -0.166038E+02
 -0.165388E+02
 -0.164708E+02
 -0.163981E+02
 -0.163231E+02
 -0.162458E+02
 -0.161664E+02
 -0.160852E+02
 -0.160049E+02
 -0.159253E+02
 -0.158477E+02
 -0.157720E+02
 -0.157005E+02
 -0.156332E+02
 -0.155696E+02
 -0.155097E+02
 -0.154556E+02
 -0.154055E+02
 -0.153600E+02
 -0.153177E+02
 -0.152800E+02
 -0.152458E+02
 -0.152137E+02
 -0.151838E+02
 -0.151568E+02
 -0.151313E+02
 -0.151087E+02
 -0.150887E+02
 -0.150727E+02
 -0.150612E+02
 -0.150546E+02
 -0.150529E+02
 -0.150567E+02
 -0.150641E+02
 -0.150762E+02
 -0.150905E+02
 -0.151061E+02
 -0.151223E+02
 -0.151383E+02
 -0.151511E+02
 -0.151606E+02
 -0.151658E+02
 -0.151666E+02
 -0.151607E+02
 -0.151480E+02
 -0.151285E+02
 -0.151022E+02
 -0.150678E+02
 -0.150270E+02
 -0.149782E+02
 -0.149221E+02
 -0.148576E+02
 -0.147858E+02
 -0.147063E+02
 -0.146183E+02
 -0.145214E+02
 -0.144168E+02
 -0.143034E+02
 -0.141823E+02
 -0.140525E+02
 -0.139156E+02
 -0.137720E+02
 -0.136220E+02
 -0.134655E+02
 -0.133033E+02
 -0.131352E+02
 -0.129627E+02
 -0.127850E+02
 -0.126034E+02
 -0.124179E+02
 -0.122284E+02
 -0.120348E+02
 -0.118381E+02
 -0.116372E+02
 -0.114325E+02
 -0.112228E+02
 -0.110088E+02
 -0.107902E+02
 -0.105662E+02
 -0.103363E+02
 -0.101028E+02
 -0.986446E+01
 -0.962128E+01
 -0.937319E+01
 -0.912245E+01
 -0.886891E+01
 -0.861091E+01
 -0.834916E+01
 -0.808641E+01
 -0.782134E+01
 -0.755359E+01
 -0.728379E+01
 -0.701330E+01
 -0.674250E+01
 -0.647159E+01
 -0.620118E+01
 -0.593328E+01
 -0.566771E+01
 -0.540472E+01
 -0.514455E+01
 -0.488814E+01
 -0.463520E+01
 -0.438538E+01
 -0.413836E+01
 -0.389494E+01
 -0.365457E+01
 -0.341608E+01
 -0.317953E+01
 -0.294637E+01
 -0.271610E+01
 -0.248834E+01
 -0.226386E+01
 -0.204359E+01
 -0.182733E+01
 -0.161460E+01
 -0.140575E+01
 -0.120122E+01
 -0.999887E+00
 -0.801530E+00
 -0.605978E+00
 -0.412254E+00
 -0.219902E+00
 -0.291524E-01
  0.160261E+00
  0.348483E+00
  0.535043E+00
  0.719862E+00
  0.903192E+00
  0.108486E+01
  0.126474E+01
  0.144305E+01
  0.162005E+01
  0.179639E+01
  0.197176E+01
  0.214667E+01
  0.232161E+01
  0.249707E+01
  0.267387E+01
  0.285136E+01
  0.302922E+01
  0.320917E+01
  0.339063E+01
  0.357240E+01
  0.375407E+01
  0.393619E+01
  0.411859E+01
  0.430067E+01
  0.448232E+01
  0.466456E+01
  0.484730E+01
  0.503079E+01
  0.521476E+01
  0.539966E+01
  0.558533E+01
  0.577172E+01
  0.595806E+01
  0.614457E+01
  0.633050E+01
  0.651549E+01
  0.669920E+01
  0.688142E+01
  0.706086E+01
  0.723774E+01
  0.741138E+01
  0.758206E+01
  0.774889E+01
  0.791195E+01
  0.807143E+01
  0.822706E+01
  0.837762E+01
  0.852419E+01
  0.866649E+01
  0.880516E+01
  0.894035E+01
  0.907254E+01
  0.920162E+01
  0.932875E+01
  0.945352E+01
  0.957592E+01
  0.969511E+01
  0.981217E+01
  0.992574E+01
  0.100351E+02
  0.101402E+02
  0.102406E+02
  0.103351E+02
  0.104246E+02
  0.105080E+02
  0.105849E+02
  0.106550E+02
  0.107188E+02
  0.107752E+02
  0.108245E+02
  0.108666E+02
  0.109030E+02
  0.109331E+02
  0.109574E+02
  0.109756E+02
  0.109887E+02
  0.109956E+02
  0.109961E+02
  0.109891E+02
  0.109757E+02
  0.109547E+02
  0.109264E+02
  0.108900E+02
  0.108450E+02
  0.107909E+02
  0.107282E+02
  0.106555E+02
  0.105730E+02
  0.104792E+02
  0.103754E+02
  0.102612E+02
  0.101363E+02
  0.100011E+02
  0.985692E+01
  0.970422E+01
  0.954461E+01
  0.937823E+01
  0.920737E+01
  0.903315E+01
  0.885717E+01
  0.867995E+01
  0.850296E+01
  0.832675E+01
  0.815224E+01
  0.797889E+01
  0.780752E+01
  0.763873E+01
  0.747243E+01
  0.730837E+01
  0.714725E+01
  0.698862E+01
  0.683378E+01
  0.668272E+01
  0.653569E+01
  0.639265E+01
  0.625446E+01
  0.612086E+01
  0.599156E+01
  0.586590E+01
  0.574432E+01
  0.562570E+01
  0.551016E+01
  0.539775E+01
  0.528837E+01
  0.518178E+01
  0.507837E+01
  0.497823E+01
  0.488214E+01
  0.479005E+01
  0.470276E+01
  0.461989E+01
  0.454150E+01
  0.446773E+01
  0.439878E+01
  0.433385E+01
  0.427263E+01
  0.421480E+01
  0.415984E+01
  0.410692E+01
  0.405615E+01
  0.400639E+01
  0.395811E+01
  0.391046E+01
  0.386311E+01
  0.381603E+01
  0.376904E+01
  0.372178E+01
  0.367304E+01
  0.362260E+01
  0.357119E+01
  0.351734E+01
  0.346054E+01
  0.340049E+01
  0.333816E+01
  0.327301E+01
  0.320397E+01
  0.313150E+01
  0.305588E+01
  0.297736E+01
  0.289670E+01
  0.281263E+01
  0.272558E+01
  0.263681E+01
  0.254678E+01
  0.245448E+01
  0.236021E+01
  0.226526E+01
  0.217024E+01
  0.207469E+01
  0.197881E+01
  0.188324E+01
  0.178822E+01
  0.169362E+01
  0.160020E+01
  0.150820E+01
  0.141798E+01
  0.133099E+01
  0.124797E+01
  0.116819E+01
  0.109290E+01
  0.102350E+01
  0.959705E+00
  0.901328E+00
  0.849371E+00
  0.803459E+00
  0.762633E+00
  0.727267E+00
  0.696997E+00
  0.670242E+00
  0.647356E+00
  0.628685E+00
  0.612444E+00
  0.597492E+00
  0.584910E+00
  0.573525E+00
  0.561604E+00
  0.550544E+00
  0.541246E+00
  0.532032E+00
  0.523582E+00
  0.517642E+00
  0.513229E+00
  0.510094E+00
  0.509806E+00
  0.512304E+00
  0.516163E+00
  0.521428E+00
  0.529028E+00
  0.536848E+00
  0.544545E+00
  0.553200E+00
  0.561734E+00
  0.569600E+00
  0.578073E+00
  0.587638E+00
  0.597558E+00
  0.608417E+00
  0.621420E+00
  0.635385E+00
  0.650111E+00
  0.667456E+00
  0.687009E+00
  0.707781E+00
  0.730699E+00
  0.756331E+00
  0.784028E+00
  0.813299E+00
  0.845270E+00
  0.878584E+00
  0.912315E+00
  0.947162E+00
  0.982911E+00
  0.101892E+01
  0.105509E+01
  0.109144E+01
  0.112724E+01
  0.116214E+01
  0.119648E+01
  0.123026E+01
  0.126400E+01
  0.129833E+01
  0.133400E+01
  0.137118E+01
  0.141092E+01
  0.145434E+01
  0.150160E+01
  0.155321E+01
  0.161025E+01
  0.167292E+01
  0.174155E+01
  0.181639E+01
  0.189797E+01
  0.198604E+01
  0.208122E+01
  0.218397E+01
  0.229426E+01
  0.241191E+01
  0.253742E+01
  0.267088E+01
  0.281173E+01
  0.295947E+01
  0.311440E+01
  0.327585E+01
  0.344302E+01
  0.361487E+01
  0.379136E+01
  0.397226E+01
  0.415666E+01
  0.434314E+01
  0.453170E+01
  0.472164E+01
  0.491192E+01
  0.510129E+01
  0.529021E+01
  0.547833E+01
  0.566528E+01
  0.585024E+01
  0.603383E+01
  0.621556E+01
  0.639458E+01
  0.657020E+01
  0.674265E+01
  0.691032E+01
  0.707185E+01
  0.722636E+01
  0.737321E+01
  0.751077E+01
  0.763892E+01
  0.775643E+01
  0.786358E+01
  0.795965E+01
  0.804478E+01
  0.811910E+01
  0.818361E+01
  0.823816E+01
  0.828423E+01
  0.832270E+01
  0.835517E+01
  0.838261E+01
  0.840608E+01
  0.842634E+01
  0.844530E+01
  0.846224E+01
  0.847847E+01
  0.849350E+01
  0.850751E+01
  0.852068E+01
  0.853191E+01
  0.854064E+01
  0.854754E+01
  0.855148E+01
  0.855325E+01
  0.855206E+01
  0.854909E+01
  0.854511E+01
  0.854032E+01
  0.853513E+01
  0.853110E+01
  0.852791E+01
  0.852666E+01
  0.852743E+01
  0.853131E+01
  0.853890E+01
  0.854987E+01
  0.856365E+01
  0.858196E+01
  0.860418E+01
  0.863000E+01
  0.865870E+01
  0.869090E+01
  0.872565E+01
  0.876245E+01
  0.880144E+01
  0.884316E+01
  0.888640E+01
  0.893211E+01
  0.897978E+01
  0.902955E+01
  0.908130E+01
  0.913441E+01
  0.918965E+01
  0.924825E+01
  0.930796E+01
  0.936980E+01
  0.943358E+01
  0.949978E+01
  0.956761E+01
  0.963736E+01
  0.970877E+01
  0.978204E+01
  0.985692E+01
  0.993313E+01
  0.100099E+02
  0.100878E+02
  0.101667E+02
  0.102466E+02
  0.103266E+02
  0.104076E+02
  0.104885E+02
  0.105695E+02
  0.106492E+02
  0.107280E+02
  0.108055E+02
  0.108810E+02
  0.109543E+02
  0.110262E+02
  0.110956E+02
  0.111638E+02
  0.112298E+02
  0.112942E+02
  0.113565E+02
  0.114163E+02
  0.114729E+02
  0.115272E+02
  0.115783E+02
  0.116262E+02
  0.116706E+02
  0.117126E+02
  0.117515E+02
  0.117862E+02
  0.118162E+02
  0.118421E+02
  0.118622E+02
  0.118771E+02
  0.118864E+02
  0.118906E+02
  0.118895E+02
  0.118830E+02
  0.118708E+02
  0.118540E+02
  0.118319E+02
  0.118047E+02
  0.117714E+02
  0.117331E+02
  0.116895E+02
  0.116408E+02
  0.115863E+02
  0.115267E+02
  0.114618E+02
  0.113920E+02
  0.113159E+02
  0.112344E+02
  0.111468E+02
  0.110538E+02
  0.109553E+02
  0.108526E+02
  0.107459E+02
  0.106365E+02
  0.105242E+02
  0.104113E+02
  0.102983E+02
  0.101861E+02
  0.100751E+02
  0.996665E+01
  0.986108E+01
  0.975912E+01
  0.966041E+01
  0.956599E+01
  0.947478E+01
  0.938684E+01
  0.930169E+01
  0.921922E+01
  0.913849E+01
  0.905970E+01
  0.898218E+01
  0.890703E+01
  0.883401E+01
  0.876347E+01
  0.869472E+01
  0.862803E+01
  0.856280E+01
  0.849935E+01
  0.843621E+01
  0.837345E+01
  0.831037E+01
  0.824622E+01
  0.817997E+01
  0.811190E+01
  0.804086E+01
  0.796672E+01
  0.788911E+01
  0.780872E+01
  0.772472E+01
  0.763674E+01
  0.754453E+01
  0.744850E+01
  0.734820E+01
  0.724410E+01
  0.713533E+01
  0.702255E+01
  0.690595E+01
  0.678504E+01
  0.665963E+01
  0.653129E+01
  0.639984E+01
  0.626650E+01
  0.613116E+01
  0.599510E+01
  0.585934E+01
  0.572456E+01
  0.559124E+01
  0.546058E+01
  0.533276E+01
  0.520845E+01
  0.508818E+01
  0.497251E+01
  0.486093E+01
  0.475327E+01
  0.464876E+01
  0.454794E+01
  0.444956E+01
  0.435281E+01
  0.425682E+01
  0.416172E+01
  0.406669E+01
  0.397115E+01
  0.387470E+01
  0.377698E+01
  0.367682E+01
  0.357373E+01
  0.346739E+01
  0.335778E+01
  0.324352E+01
  0.312466E+01
  0.300119E+01
  0.287286E+01
  0.273952E+01
  0.260189E+01
  0.246035E+01
  0.231540E+01
  0.216792E+01
  0.201931E+01
  0.187017E+01
  0.172097E+01
  0.157193E+01
  0.142389E+01
  0.127712E+01
  0.113068E+01
  0.983847E+00
  0.837662E+00
  0.691563E+00
  0.544676E+00
  0.396934E+00
  0.248312E+00
  0.985923E-01
 -0.526479E-01
 -0.205665E+00
 -0.360423E+00
 -0.516598E+00
 -0.674043E+00
 -0.832359E+00
 -0.990926E+00
 -0.114911E+01
 -0.130550E+01
 -0.145923E+01
 -0.161019E+01
 -0.175750E+01
 -0.190058E+01
 -0.203957E+01
 -0.217362E+01
 -0.230213E+01
 -0.242497E+01
 -0.254167E+01
 -0.265185E+01
 -0.275475E+01
 -0.285084E+01
 -0.294011E+01
 -0.302213E+01
 -0.309683E+01
 -0.316513E+01
 -0.322716E+01
 -0.328327E+01
 -0.333454E+01
 -0.338200E+01
 -0.342627E+01
 -0.346845E+01
 -0.350888E+01
 -0.354791E+01
 -0.358584E+01
 -0.362283E+01
 -0.365895E+01
 -0.369335E+01
 -0.372548E+01
 -0.375608E+01
 -0.378345E+01
 -0.380759E+01
 -0.382917E+01
 -0.384802E+01
 -0.386448E+01
 -0.387893E+01
 -0.389202E+01
 -0.390452E+01
 -0.391609E+01
 -0.392795E+01
 -0.394086E+01
 -0.395498E+01
 -0.397043E+01
 -0.398821E+01
 -0.400782E+01
 -0.402868E+01
 -0.405026E+01
 -0.407205E+01
 -0.409356E+01
 -0.411384E+01
 -0.413223E+01
 -0.414933E+01
 -0.416454E+01
 -0.417750E+01
 -0.418828E+01
 -0.419726E+01
 -0.420418E+01
 -0.420909E+01
 -0.421174E+01
 -0.421217E+01
 -0.421004E+01
 -0.420539E+01
 -0.419790E+01
 -0.418687E+01
 -0.417122E+01
 -0.415136E+01
 -0.412677E+01
 -0.409673E+01
 -0.406098E+01
 -0.401968E+01
 -0.397270E+01
 -0.392050E+01
 -0.386299E+01
 -0.380018E+01
 -0.373233E+01
 -0.365976E+01
 -0.358257E+01
 -0.350144E+01
 -0.341683E+01
 -0.332976E+01
 -0.324035E+01
 -0.314882E+01
 -0.305518E+01
 -0.295978E+01
 -0.286298E+01
 -0.276543E+01
 -0.266686E+01
 -0.256760E+01
 -0.246834E+01
 -0.236934E+01
 -0.227021E+01
 -0.217091E+01
 -0.207177E+01
 -0.197352E+01
 -0.187619E+01
 -0.178009E+01
 -0.168562E+01
 -0.159281E+01
 -0.150158E+01
 -0.141132E+01
 -0.132200E+01
 -0.123375E+01
 -0.114498E+01
 -0.105472E+01
 -0.962170E+00
 -0.867032E+00
 -0.769031E+00
 -0.667629E+00
 -0.562753E+00
 -0.454718E+00
 -0.343252E+00
 -0.228260E+00
 -0.110120E+00
  0.105646E-01
  0.133020E+00
  0.256738E+00
  0.380604E+00
  0.504683E+00
  0.628461E+00
  0.751498E+00
  0.873477E+00
  0.993675E+00
  0.111255E+01
  0.123006E+01
  0.134605E+01
  0.146019E+01
  0.157145E+01
  0.168024E+01
  0.178621E+01
  0.188923E+01
  0.198943E+01
  0.208683E+01
  0.218158E+01
  0.227438E+01
  0.236554E+01
  0.245530E+01
  0.254284E+01
  0.262888E+01
  0.271413E+01
  0.279871E+01
  0.288220E+01
  0.296510E+01
  0.304722E+01
  0.312843E+01
  0.320870E+01
  0.328776E+01
  0.336552E+01
  0.344227E+01
  0.351758E+01
  0.359204E+01
  0.366568E+01
  0.373862E+01
  0.381074E+01
  0.388210E+01
  0.395204E+01
  0.402098E+01
  0.408808E+01
  0.415342E+01
  0.421698E+01
  0.427875E+01
  0.433850E+01
  0.439645E+01
  0.445232E+01
  0.450618E+01
  0.455746E+01
  0.460623E+01
  0.465203E+01
  0.469569E+01
  0.473695E+01
  0.477526E+01
  0.481021E+01
  0.484203E+01
  0.487001E+01
  0.489398E+01
  0.491336E+01
  0.492839E+01
  0.493832E+01
  0.494274E+01
  0.494119E+01
  0.493403E+01
  0.492088E+01
  0.490152E+01
  0.487551E+01
  0.484366E+01
  0.480515E+01
  0.475956E+01
  0.470652E+01
  0.464659E+01
  0.457952E+01
  0.450570E+01
  0.442612E+01
  0.434147E+01
  0.425217E+01
  0.415921E+01
  0.406344E+01
  0.396537E+01
  0.386415E+01
  0.376097E+01
  0.365630E+01
  0.355047E+01
  0.344253E+01
  0.333250E+01
  0.322141E+01
  0.310926E+01
  0.299524E+01
  0.288001E+01
  0.276308E+01
  0.264502E+01
  0.252569E+01
  0.240448E+01
  0.228171E+01
  0.215791E+01
  0.203326E+01
  0.190827E+01
  0.178241E+01
  0.165582E+01
  0.152897E+01
  0.140149E+01
  0.127347E+01
  0.114593E+01
  0.101881E+01
  0.893165E+00
  0.769382E+00
  0.648183E+00
  0.530661E+00
  0.416868E+00
  0.307399E+00
  0.203356E+00
  0.104868E+00
  0.117462E-01
 -0.758597E-01
 -0.157608E+00
 -0.234110E+00
 -0.304972E+00
 -0.369992E+00
 -0.429429E+00
 -0.482711E+00
 -0.530449E+00
 -0.572583E+00
 -0.608458E+00
 -0.638280E+00
 -0.662123E+00
 -0.679776E+00
 -0.690711E+00
 -0.694689E+00
 -0.692469E+00
 -0.684849E+00
 -0.671669E+00
 -0.653573E+00
 -0.631682E+00
 -0.606544E+00
 -0.578302E+00
 -0.548253E+00
 -0.517680E+00
 -0.486523E+00
 -0.455036E+00
 -0.423677E+00
 -0.393514E+00
 -0.365101E+00
 -0.337693E+00
 -0.311674E+00
 -0.287884E+00
 -0.266400E+00
 -0.246151E+00
 -0.227182E+00
 -0.210484E+00
 -0.195790E+00
 -0.182006E+00
 -0.169191E+00
 -0.157764E+00
 -0.147489E+00
 -0.137599E+00
 -0.128538E+00
 -0.121144E+00
 -0.115129E+00
 -0.110548E+00
 -0.108079E+00
 -0.108550E+00
 -0.112374E+00
 -0.119836E+00
 -0.131440E+00
 -0.147206E+00
 -0.167119E+00
 -0.190969E+00
 -0.218564E+00
 -0.249435E+00
 -0.283128E+00
 -0.319624E+00
 -0.359375E+00
 -0.401591E+00
 -0.446279E+00
 -0.494002E+00
 -0.544632E+00
 -0.597958E+00
 -0.653680E+00
 -0.711614E+00
 -0.771734E+00
 -0.833365E+00
 -0.895736E+00
 -0.958657E+00
 -0.102210E+01
 -0.108537E+01
 -0.114780E+01
 -0.120943E+01
 -0.126979E+01
 -0.132815E+01
 -0.138432E+01
 -0.143829E+01
 -0.148981E+01
 -0.153886E+01
 -0.158584E+01
 -0.163088E+01
 -0.167392E+01
 -0.171482E+01
 -0.175357E+01
 -0.179067E+01
 -0.182604E+01
 -0.185964E+01
 -0.189190E+01
 -0.192329E+01
 -0.195370E+01
 -0.198419E+01
 -0.201564E+01
 -0.204780E+01
 -0.208142E+01
 -0.211697E+01
 -0.215457E+01
 -0.219518E+01
 -0.223850E+01
 -0.228451E+01
 -0.233324E+01
 -0.238375E+01
 -0.243584E+01
 -0.248950E+01
 -0.254435E+01
 -0.260022E+01
 -0.265678E+01
 -0.271392E+01
 -0.277110E+01
 -0.282819E+01
 -0.288481E+01
 -0.294119E+01
 -0.299703E+01
 -0.305258E+01
 -0.310828E+01
 -0.316423E+01
 -0.322072E+01
 -0.327774E+01
 -0.333510E+01
 -0.339326E+01
 -0.345242E+01
 -0.351394E+01
 -0.357818E+01
 -0.364502E+01
 -0.371423E+01
 -0.378604E+01
 -0.386015E+01
 -0.393569E+01
 -0.401144E+01
 -0.408658E+01
 -0.415958E+01
 -0.422946E+01
 -0.429616E+01
 -0.435966E+01
 -0.441879E+01
 -0.447418E+01
 -0.452637E+01
 -0.457600E+01
 -0.462295E+01
 -0.466763E+01
 -0.471103E+01
 -0.475369E+01
 -0.479469E+01
 -0.483495E+01
 -0.487580E+01
 -0.491730E+01
 -0.495876E+01
 -0.500078E+01
 -0.504400E+01
 -0.508867E+01
 -0.513429E+01
 -0.518099E+01
 -0.522863E+01
 -0.527704E+01
 -0.532592E+01
 -0.537513E+01
 -0.542355E+01
 -0.547126E+01
 -0.551738E+01
 -0.556163E+01
 -0.560341E+01
 -0.564331E+01
 -0.568078E+01
 -0.571498E+01
 -0.574592E+01
 -0.577393E+01
 -0.579870E+01
 -0.582037E+01
 -0.583952E+01
 -0.585700E+01
 -0.587235E+01
 -0.588702E+01
 -0.590195E+01
 -0.591740E+01
 -0.593310E+01
 -0.595018E+01
 -0.596819E+01
 -0.598624E+01
 -0.600322E+01
 -0.601861E+01
 -0.603101E+01
 -0.603920E+01
 -0.604289E+01
 -0.604199E+01
 -0.603544E+01
 -0.602365E+01
 -0.600659E+01
 -0.598428E+01
 -0.595698E+01
 -0.592565E+01
 -0.589039E+01
 -0.585132E+01
 -0.580832E+01
 -0.576296E+01
 -0.571588E+01
 -0.566716E+01
 -0.561729E+01
 -0.556759E+01
 -0.551855E+01
 -0.547077E+01
 -0.542491E+01
 -0.538266E+01
 -0.534433E+01
 -0.530995E+01
 -0.528040E+01
 -0.525679E+01
 -0.523805E+01
 -0.522452E+01
 -0.521670E+01
 -0.521472E+01
 -0.521798E+01
 -0.522682E+01
 -0.524155E+01
 -0.526215E+01
 -0.528815E+01
 -0.532059E+01
 -0.535954E+01
 -0.540459E+01
 -0.545547E+01
 -0.551224E+01
 -0.557433E+01
 -0.564152E+01
 -0.571313E+01
 -0.578987E+01
 -0.587050E+01
 -0.595442E+01
 -0.604194E+01
 -0.613314E+01
 -0.622668E+01
 -0.632239E+01
 -0.642038E+01
 -0.652045E+01
 -0.662188E+01
 -0.672548E+01
 -0.683151E+01
 -0.693987E+01
 -0.705043E+01
 -0.716407E+01
 -0.728050E+01
 -0.739980E+01
 -0.752114E+01
 -0.764484E+01
 -0.777039E+01
 -0.789710E+01
 -0.802429E+01
 -0.815249E+01
 -0.828117E+01
 -0.840986E+01
 -0.853737E+01
 -0.866387E+01
 -0.878882E+01
 -0.891173E+01
 -0.903133E+01
 -0.914823E+01
 -0.926167E+01
 -0.937133E+01
 -0.947706E+01
 -0.957977E+01
 -0.967898E+01
 -0.977442E+01
 -0.986538E+01
 -0.995256E+01
 -0.100351E+02
 -0.101137E+02
 -0.101882E+02
 -0.102591E+02
 -0.103266E+02
 -0.103923E+02
 -0.104562E+02
 -0.105191E+02
 -0.105814E+02
 -0.106444E+02
 -0.107071E+02
 -0.107700E+02
 -0.108339E+02
 -0.108984E+02
 -0.109627E+02
 -0.110278E+02
 -0.110928E+02
 -0.111579E+02
 -0.112221E+02
 -0.112862E+02
 -0.113494E+02
 -0.114104E+02
 -0.114687E+02
 -0.115257E+02
 -0.115799E+02
 -0.116321E+02
 -0.116818E+02
 -0.117307E+02
 -0.117783E+02
 -0.118253E+02
 -0.118721E+02
 -0.119196E+02
 -0.119672E+02
 -0.120156E+02
 -0.120649E+02
 -0.121158E+02
 -0.121671E+02
 -0.122195E+02
 -0.122715E+02
 -0.123236E+02
 -0.123754E+02
 -0.124263E+02
 -0.124749E+02
 -0.125231E+02
 -0.125707E+02
 -0.126181E+02
 -0.126643E+02
 -0.127098E+02
 -0.127538E+02
 -0.127974E+02
 -0.128402E+02
 -0.128824E+02
 -0.129239E+02
 -0.129651E+02
 -0.130055E+02
 -0.130462E+02
 -0.130864E+02
 -0.131275E+02
 -0.131686E+02
 -0.132106E+02
 -0.132542E+02
 -0.133004E+02
 -0.133489E+02
 -0.134006E+02
 -0.134554E+02
 -0.135143E+02
 -0.135753E+02
 -0.136402E+02
 -0.137091E+02
 -0.137810E+02
 -0.138548E+02
 -0.139319E+02
 -0.140111E+02
 -0.140919E+02
 -0.141730E+02
 -0.142553E+02
 -0.143380E+02
 -0.144201E+02
 -0.145010E+02
 -0.145814E+02
 -0.146601E+02
 -0.147371E+02
 -0.148117E+02
 -0.148855E+02
 -0.149585E+02
 -0.150298E+02
 -0.150981E+02
 -0.151638E+02
 -0.152255E+02
 -0.152826E+02
 -0.153338E+02
 -0.153802E+02
 -0.154207E+02
 -0.154541E+02
 -0.154797E+02
 -0.154988E+02
 -0.155098E+02
 -0.155129E+02
 -0.155078E+02
 -0.154961E+02
 -0.154770E+02
 -0.154512E+02
 -0.154190E+02
 -0.153814E+02
 -0.153372E+02
 -0.152874E+02
 -0.152315E+02
 -0.151715E+02
 -0.151075E+02
 -0.150390E+02
 -0.149656E+02
 -0.148890E+02
 -0.148082E+02
 -0.147243E+02
 -0.146370E+02
 -0.145481E+02
 -0.144570E+02
 -0.143642E+02
 -0.142691E+02
 -0.141725E+02
 -0.140742E+02
 -0.139753E+02
 -0.138757E+02
 -0.137773E+02
 -0.136799E+02
 -0.135833E+02
 -0.134866E+02
 -0.133914E+02
 -0.132972E+02
 -0.132051E+02
 -0.131143E+02
 -0.130259E+02
 -0.129390E+02
 -0.128528E+02
 -0.127666E+02
 -0.126809E+02
 -0.125953E+02
 -0.125106E+02
 -0.124255E+02
 -0.123407E+02
 -0.122553E+02
 -0.121689E+02
 -0.120811E+02
 -0.119929E+02
 -0.119035E+02
 -0.118129E+02
 -0.117199E+02
 -0.116255E+02
 -0.115282E+02
 -0.114274E+02
 -0.113229E+02
 -0.112161E+02
 -0.111067E+02
 -0.109949E+02
 -0.108800E+02
 -0.107635E+02
 -0.106451E+02
 -0.105247E+02
 -0.104029E+02
 -0.102807E+02
 -0.101574E+02
 -0.100336E+02
 -0.990873E+01
 -0.978380E+01
 -0.965864E+01
 -0.953308E+01
 -0.940685E+01
 -0.928034E+01
 -0.915255E+01
 -0.902301E+01
 -0.889073E+01
 -0.875626E+01
 -0.861920E+01
 -0.847880E+01
 -0.833441E+01
 -0.818672E+01
 -0.803475E+01
 -0.787897E+01
 -0.771879E+01
 -0.755528E+01
 -0.738801E+01
 -0.721656E+01
 -0.704146E+01
 -0.686350E+01
 -0.668233E+01
 -0.649917E+01
 -0.631451E+01
 -0.612907E+01
 -0.594270E+01
 -0.575606E+01
 -0.556914E+01
 -0.538239E+01
 -0.519650E+01
 -0.501176E+01
 -0.482840E+01
 -0.464768E+01
 -0.446944E+01
 -0.429407E+01
 -0.412199E+01
 -0.395395E+01
 -0.379027E+01
 -0.363138E+01
 -0.347678E+01
 -0.332715E+01
 -0.318223E+01
 -0.304165E+01
 -0.290556E+01
 -0.277370E+01
 -0.264565E+01
 -0.252169E+01
 -0.240108E+01
 -0.228322E+01
 -0.216818E+01
 -0.205607E+01
 -0.194629E+01
 -0.183927E+01
 -0.173537E+01
 -0.163457E+01
 -0.153755E+01
 -0.144508E+01
 -0.135730E+01
 -0.127450E+01
 -0.119682E+01
 -0.112401E+01
 -0.105563E+01
 -0.991628E+00
 -0.931310E+00
 -0.873875E+00
 -0.819306E+00
 -0.767929E+00
 -0.719355E+00
 -0.673387E+00
 -0.630218E+00
 -0.589759E+00
 -0.551984E+00
 -0.516728E+00
 -0.484238E+00
 -0.455054E+00
 -0.428861E+00
 -0.405679E+00
 -0.385806E+00
 -0.368550E+00
 -0.354217E+00
 -0.343397E+00
 -0.335201E+00
 -0.329901E+00
 -0.327828E+00
 -0.328893E+00
 -0.333103E+00
 -0.339505E+00
 -0.348046E+00
 -0.358054E+00
 -0.368653E+00
 -0.380184E+00
 -0.392513E+00
 -0.405426E+00
 -0.419012E+00
 -0.433236E+00
 -0.448073E+00
 -0.463535E+00
 -0.480027E+00
 -0.497385E+00
 -0.515012E+00
 -0.532930E+00
 -0.551190E+00
 -0.569201E+00
 -0.587135E+00
 -0.605479E+00
 -0.624267E+00
 -0.643617E+00
 -0.663541E+00
 -0.684646E+00
 -0.707974E+00
 -0.734432E+00
 -0.763880E+00
 -0.796852E+00
 -0.834776E+00
 -0.876747E+00
 -0.921730E+00
 -0.969858E+00
 -0.102078E+01
 -0.107331E+01
 -0.112626E+01
 -0.117900E+01
 -0.123149E+01
 -0.128297E+01
 -0.133227E+01
 -0.138009E+01
 -0.142640E+01
 -0.147038E+01
 -0.151173E+01
 -0.155065E+01
 -0.158721E+01
 -0.162139E+01
 -0.165300E+01
 -0.168187E+01
 -0.170801E+01
 -0.173108E+01
 -0.175047E+01
 -0.176568E+01
 -0.177613E+01
 -0.178147E+01
 -0.178164E+01
 -0.177698E+01
 -0.176765E+01
 -0.175478E+01
 -0.173847E+01
 -0.171920E+01
 -0.169833E+01
 -0.167678E+01
 -0.165485E+01
 -0.163282E+01
 -0.161154E+01
 -0.159161E+01
 -0.157299E+01
 -0.155674E+01
 -0.154323E+01
 -0.153239E+01
 -0.152450E+01
 -0.151977E+01
 -0.151823E+01
 -0.151984E+01
 -0.152441E+01
 -0.153182E+01
 -0.154255E+01
 -0.155657E+01
 -0.157406E+01
 -0.159482E+01
 -0.161798E+01
 -0.164382E+01
 -0.167126E+01
 -0.169927E+01
 -0.172768E+01
 -0.175599E+01
 -0.178341E+01
 -0.180963E+01
 -0.183422E+01
 -0.185722E+01
 -0.187845E+01
 -0.189711E+01
 -0.191278E+01
 -0.192491E+01
 -0.193237E+01
 -0.193555E+01
 -0.193485E+01
 -0.192959E+01
 -0.192002E+01
 -0.190657E+01
 -0.188948E+01
 -0.186948E+01
 -0.184636E+01
 -0.182021E+01
 -0.179106E+01
 -0.175934E+01
 -0.172550E+01
 -0.168996E+01
 -0.165212E+01
 -0.161201E+01
 -0.157038E+01
 -0.152638E+01
 -0.147955E+01
 -0.143074E+01
 -0.137975E+01
 -0.132594E+01
 -0.127043E+01
 -0.121411E+01
 -0.115655E+01
 -0.109808E+01
 -0.103971E+01
 -0.982131E+00
 -0.925594E+00
 -0.870836E+00
 -0.818052E+00
 -0.767545E+00
 -0.720165E+00
 -0.675739E+00
 -0.634891E+00
 -0.598573E+00
 -0.566465E+00
 -0.538451E+00
 -0.514678E+00
 -0.495164E+00
 -0.479076E+00
 -0.466198E+00
 -0.457180E+00
 -0.451582E+00
 -0.449110E+00
 -0.449326E+00
 -0.452098E+00
 -0.456868E+00
 -0.463290E+00
 -0.471568E+00
 -0.481686E+00
 -0.493683E+00
 -0.507410E+00
 -0.523139E+00
 -0.540333E+00
 -0.557743E+00
 -0.575835E+00
 -0.594921E+00
 -0.613572E+00
 -0.631634E+00
 -0.649946E+00
 -0.667856E+00
 -0.684950E+00
 -0.701874E+00
 -0.719033E+00
 -0.736310E+00
 -0.753601E+00
 -0.771070E+00
 -0.789361E+00
 -0.808806E+00
 -0.828738E+00
 -0.849199E+00
 -0.871265E+00
 -0.895484E+00
 -0.921536E+00
 -0.949506E+00
 -0.980102E+00
 -0.101302E+01
 -0.104730E+01
 -0.108316E+01
 -0.112026E+01
 -0.115793E+01
 -0.119608E+01
 -0.123447E+01
 -0.127268E+01
 -0.131082E+01
 -0.134879E+01
 -0.138626E+01
 -0.142385E+01
 -0.146152E+01
 -0.149868E+01
 -0.153607E+01
 -0.157445E+01
 -0.161389E+01
 -0.165353E+01
 -0.169355E+01
 -0.173515E+01
 -0.177793E+01
 -0.182138E+01
 -0.186584E+01
 -0.191080E+01
 -0.195592E+01
 -0.200060E+01
 -0.204540E+01
 -0.209079E+01
 -0.213535E+01
 -0.217821E+01
 -0.222061E+01
 -0.226261E+01
 -0.230308E+01
 -0.234153E+01
 -0.237811E+01
 -0.241202E+01
 -0.244262E+01
 -0.246941E+01
 -0.249186E+01
 -0.250951E+01
 -0.252222E+01
 -0.253048E+01
 -0.253436E+01
 -0.253384E+01
 -0.252944E+01
 -0.252040E+01
 -0.250689E+01
 -0.248931E+01
 -0.246855E+01
 -0.244462E+01
 -0.241773E+01
 -0.238882E+01
 -0.235835E+01
 -0.232687E+01
 -0.229491E+01
 -0.226277E+01
 -0.223044E+01
 -0.219817E+01
 -0.216653E+01
 -0.213526E+01
 -0.210468E+01
 -0.207502E+01
 -0.204648E+01
 -0.201881E+01
 -0.199211E+01
 -0.196726E+01
 -0.194440E+01
 -0.192311E+01
 -0.190413E+01
 -0.188776E+01
 -0.187399E+01
 -0.186273E+01
 -0.185377E+01
 -0.184716E+01
 -0.184343E+01
 -0.184222E+01
 -0.184297E+01
 -0.184578E+01
 -0.184979E+01
 -0.185503E+01
 -0.186218E+01
 -0.187125E+01
 -0.188227E+01
 -0.189505E+01
 -0.191032E+01
 -0.192787E+01
 -0.194795E+01
 -0.197099E+01
 -0.199668E+01
 -0.202500E+01
 -0.205645E+01
 -0.209069E+01
 -0.212661E+01
 -0.216416E+01
 -0.220340E+01
 -0.224350E+01
 -0.228461E+01
 -0.232683E+01
 -0.236962E+01
 -0.241237E+01
 -0.245545E+01
 -0.249854E+01
 -0.254160E+01
 -0.258448E+01
 -0.262663E+01
 -0.266793E+01
 -0.270846E+01
 -0.274819E+01
 -0.278738E+01
 -0.282630E+01
 -0.286539E+01
 -0.290408E+01
 -0.294289E+01
 -0.298184E+01
 -0.302080E+01
 -0.305963E+01
 -0.309817E+01
 -0.313605E+01
 -0.317281E+01
 -0.320756E+01
 -0.324058E+01
 -0.327206E+01
 -0.330151E+01
 -0.332793E+01
 -0.335167E+01
 -0.337366E+01
 -0.339417E+01
 -0.341349E+01
 -0.343248E+01
 -0.345085E+01
 -0.346947E+01
 -0.348891E+01
 -0.350962E+01
 -0.353061E+01
 -0.355127E+01
 -0.357253E+01
 -0.359498E+01
 -0.361765E+01
 -0.364045E+01
 -0.366399E+01
 -0.368830E+01
 -0.371349E+01
 -0.374098E+01
 -0.377070E+01
 -0.380231E+01
 -0.383588E+01
 -0.387122E+01
 -0.390733E+01
 -0.394434E+01
 -0.398250E+01
 -0.402171E+01
 -0.406066E+01
 -0.409936E+01
 -0.413812E+01
 -0.417641E+01
 -0.421378E+01
 -0.425072E+01
 -0.428669E+01
 -0.432148E+01
 -0.435502E+01
 -0.438804E+01
 -0.442031E+01
 -0.445203E+01
 -0.448337E+01
 -0.451418E+01
 -0.454424E+01
 -0.457381E+01
 -0.460281E+01
 -0.463161E+01
 -0.466000E+01
 -0.468834E+01
 -0.471662E+01
 -0.474528E+01
 -0.477416E+01
 -0.480350E+01
 -0.483254E+01
 -0.486111E+01
 -0.488885E+01
 -0.491559E+01
 -0.494119E+01
 -0.496555E+01
 -0.498852E+01
 -0.501057E+01
 -0.503119E+01
 -0.505070E+01
 -0.506916E+01
 -0.508650E+01
 -0.510216E+01
 -0.511659E+01
 -0.512974E+01
 -0.514157E+01
 -0.515209E+01
 -0.516210E+01
 -0.517133E+01
 -0.518020E+01
 -0.518932E+01
 -0.519942E+01
 -0.521072E+01
 -0.522387E+01
 -0.523894E+01
 -0.525665E+01
 -0.527680E+01
 -0.529898E+01
 -0.532322E+01
 -0.535034E+01
 -0.537953E+01
 -0.541057E+01
 -0.544380E+01
 -0.547924E+01
 -0.551610E+01
 -0.555426E+01
 -0.559375E+01
 -0.563445E+01
 -0.567558E+01
 -0.571698E+01
 -0.575787E+01
 -0.579850E+01
 -0.583902E+01
 -0.588001E+01
 -0.592075E+01
 -0.596184E+01
 -0.600322E+01
 -0.604491E+01
 -0.608706E+01
 -0.613043E+01
 -0.617505E+01
 -0.622066E+01
 -0.626704E+01
 -0.631457E+01
 -0.636273E+01
 -0.641250E+01
 -0.646389E+01
 -0.651704E+01
 -0.657205E+01
 -0.662829E+01
 -0.668519E+01
 -0.674404E+01
 -0.680473E+01
 -0.686708E+01
 -0.693010E+01
 -0.699438E+01
 -0.705937E+01
 -0.712434E+01
 -0.718897E+01
 -0.725411E+01
 -0.731917E+01
 -0.738382E+01
 -0.744695E+01
 -0.750850E+01
 -0.756825E+01
 -0.762562E+01
 -0.767979E+01
 -0.773092E+01
 -0.777761E+01
 -0.781905E+01
 -0.785393E+01
 -0.788289E+01
 -0.790507E+01
 -0.791987E+01
 -0.792683E+01
 -0.792621E+01
 -0.791763E+01
 -0.790206E+01
 -0.787959E+01
 -0.785110E+01
 -0.781652E+01
 -0.777659E+01
 -0.773135E+01
 -0.768193E+01
 -0.762884E+01
 -0.757302E+01
 -0.751454E+01
 -0.745370E+01
 -0.739067E+01
 -0.732607E+01
 -0.725999E+01
 -0.719335E+01
 -0.712586E+01
 -0.705794E+01
 -0.698929E+01
 -0.692092E+01
 -0.685319E+01
 -0.678624E+01
 -0.672061E+01
 -0.665714E+01
 -0.659510E+01
 -0.653499E+01
 -0.647673E+01
 -0.642140E+01
 -0.636892E+01
 -0.631948E+01
 -0.627358E+01
 -0.623189E+01
 -0.619493E+01
 -0.616351E+01
 -0.613780E+01
 -0.611858E+01
 -0.610586E+01
 -0.609979E+01
 -0.609952E+01
 -0.610528E+01
 -0.611688E+01
 -0.613438E+01
 -0.615667E+01
 -0.618319E+01
 -0.621351E+01
 -0.624695E+01
 -0.628248E+01
 -0.632034E+01
 -0.636005E+01
 -0.640155E+01
 -0.644363E+01
 -0.648668E+01
 -0.653142E+01
 -0.657843E+01
 -0.662746E+01
 -0.667925E+01
 -0.673408E+01
 -0.679330E+01
 -0.685681E+01
 -0.692449E+01
 -0.699679E+01
 -0.707420E+01
 -0.715632E+01
 -0.724356E+01
 -0.733490E+01
 -0.743025E+01
 -0.752896E+01
 -0.763157E+01
 -0.773783E+01
 -0.784729E+01
 -0.795920E+01
 -0.807380E+01
 -0.818960E+01
 -0.830587E+01
 -0.842143E+01
 -0.853697E+01
 -0.865247E+01
 -0.876711E+01
 -0.888028E+01
 -0.899212E+01
 -0.910194E+01
 -0.920988E+01
 -0.931533E+01
 -0.941927E+01
 -0.952049E+01
 -0.961898E+01
 -0.971432E+01
 -0.980692E+01
 -0.989561E+01
 -0.998046E+01
 -0.100617E+02
 -0.101398E+02
 -0.102140E+02
 -0.102840E+02
 -0.103497E+02
 -0.104115E+02
 -0.104682E+02
 -0.105213E+02
 -0.105705E+02
 -0.106166E+02
 -0.106591E+02
 -0.106981E+02
 -0.107345E+02
 -0.107688E+02
 -0.108011E+02
 -0.108323E+02
 -0.108620E+02
 -0.108917E+02
 -0.109213E+02
 -0.109501E+02
 -0.109772E+02
 -0.110042E+02
 -0.110303E+02
 -0.110554E+02
 -0.110777E+02
 -0.110985E+02
 -0.111175E+02
 -0.111338E+02
 -0.111462E+02
 -0.111547E+02
 -0.111595E+02
 -0.111610E+02
 -0.111578E+02
 -0.111505E+02
 -0.111391E+02
 -0.111250E+02
 -0.111085E+02
 -0.110907E+02
 -0.110712E+02
 -0.110513E+02
 -0.110306E+02
 -0.110098E+02
 -0.109883E+02
 -0.109656E+02
 -0.109418E+02
 -0.109188E+02
 -0.108957E+02
 -0.108732E+02
 -0.108518E+02
 -0.108329E+02
 -0.108166E+02
 -0.108032E+02
 -0.107920E+02
 -0.107834E+02
 -0.107760E+02
 -0.107698E+02
 -0.107635E+02
 -0.107570E+02
 -0.107494E+02
 -0.107403E+02
 -0.107299E+02
 -0.107179E+02
 -0.107035E+02
 -0.106885E+02
 -0.106723E+02
 -0.106555E+02
 -0.106378E+02
 -0.106195E+02
 -0.106001E+02
 -0.105802E+02
 -0.105597E+02
 -0.105391E+02
 -0.105171E+02
 -0.104946E+02
 -0.104712E+02
 -0.104465E+02
 -0.104201E+02
 -0.103923E+02
 -0.103621E+02
 -0.103300E+02
 -0.102950E+02
 -0.102575E+02
 -0.102163E+02
 -0.101715E+02
 -0.101221E+02
 -0.100690E+02
 -0.100116E+02
 -0.995005E+01
 -0.988443E+01
 -0.981482E+01
 -0.974020E+01
 -0.966035E+01
 -0.957465E+01
 -0.948390E+01
 -0.938714E+01
 -0.928486E+01
 -0.917668E+01
 -0.906281E+01
 -0.894319E+01
 -0.881789E+01
 -0.868652E+01
 -0.855026E+01
 -0.840869E+01
 -0.826230E+01
 -0.811049E+01
 -0.795436E+01
 -0.779419E+01
 -0.763040E+01
 -0.746350E+01
 -0.729451E+01
 -0.712296E+01
 -0.694986E+01
 -0.677552E+01
 -0.660109E+01
 -0.642762E+01
 -0.625572E+01
 -0.608566E+01
 -0.591861E+01
 -0.575433E+01
 -0.559385E+01
 -0.543748E+01
 -0.528568E+01
 -0.513899E+01
 -0.499756E+01
 -0.486128E+01
 -0.473041E+01
 -0.460478E+01
 -0.448453E+01
 -0.436837E+01
 -0.425637E+01
 -0.414745E+01
 -0.404090E+01
 -0.393619E+01
 -0.383346E+01
 -0.373227E+01
 -0.363182E+01
 -0.353242E+01
 -0.343433E+01
 -0.333680E+01
 -0.323936E+01
 -0.314168E+01
 -0.304469E+01
 -0.294815E+01
 -0.285174E+01
 -0.275568E+01
 -0.266042E+01
 -0.256593E+01
 -0.247156E+01
 -0.237699E+01
 -0.228323E+01
 -0.218952E+01
 -0.209522E+01
 -0.199980E+01
 -0.190373E+01
 -0.180712E+01
 -0.170943E+01
 -0.161088E+01
 -0.151167E+01
 -0.141197E+01
 -0.131188E+01
 -0.121135E+01
 -0.111061E+01
 -0.100970E+01
 -0.908879E+00
 -0.808190E+00
 -0.707798E+00
 -0.607983E+00
 -0.509203E+00
 -0.411744E+00
 -0.315866E+00
 -0.221197E+00
 -0.127807E+00
 -0.366868E-01
  0.515803E-01
  0.137163E+00
  0.220439E+00
  0.301000E+00
  0.378502E+00
  0.453084E+00
  0.525007E+00
  0.594727E+00
  0.662690E+00
  0.729216E+00
  0.794833E+00
  0.859811E+00
  0.924247E+00
  0.987774E+00
  0.104996E+01
  0.111094E+01
  0.117146E+01
  0.123043E+01
  0.128691E+01
  0.134151E+01
  0.139438E+01
  0.144556E+01
  0.149488E+01
  0.154217E+01
  0.158849E+01
  0.163417E+01
  0.167939E+01
  0.172440E+01
  0.177013E+01
  0.181801E+01
  0.186781E+01
  0.191901E+01
  0.197218E+01
  0.202701E+01
  0.208424E+01
  0.214292E+01
  0.220275E+01
  0.226390E+01
  0.232537E+01
  0.238685E+01
  0.244826E+01
  0.250923E+01
  0.256965E+01
  0.262940E+01
  0.268852E+01
  0.274607E+01
  0.280251E+01
  0.285864E+01
  0.291504E+01
  0.297103E+01
  0.302677E+01
  0.308297E+01
  0.313971E+01
  0.319605E+01
  0.325153E+01
  0.330610E+01
  0.336031E+01
  0.341367E+01
  0.346627E+01
  0.351796E+01
  0.356948E+01
  0.362081E+01
  0.367187E+01
  0.372287E+01
  0.377404E+01
  0.382456E+01
  0.387407E+01
  0.392262E+01
  0.397101E+01
  0.401882E+01
  0.406569E+01
  0.411238E+01
  0.415888E+01
  0.420379E+01
  0.424783E+01
  0.429128E+01
  0.433495E+01
  0.437848E+01
  0.442215E+01
  0.446646E+01
  0.451168E+01
  0.455710E+01
  0.460275E+01
  0.464901E+01
  0.469672E+01
  0.474544E+01
  0.479444E+01
  0.484352E+01
  0.489314E+01
  0.494305E+01
  0.499375E+01
  0.504440E+01
  0.509559E+01
  0.514758E+01
  0.519987E+01
  0.525208E+01
  0.530491E+01
  0.535880E+01
  0.541489E+01
  0.547314E+01
  0.553422E+01
  0.559782E+01
  0.566434E+01
  0.573400E+01
  0.580725E+01
  0.588400E+01
  0.596457E+01
  0.604817E+01
  0.613529E+01
  0.622572E+01
  0.631832E+01
  0.641245E+01
  0.650875E+01
  0.660641E+01
  0.670536E+01
  0.680416E+01
  0.690337E+01
  0.700291E+01
  0.710134E+01
  0.719777E+01
  0.729301E+01
  0.738585E+01
  0.747647E+01
  0.756399E+01
  0.764888E+01
  0.773136E+01
  0.781060E+01
  0.788577E+01
  0.795759E+01
  0.802557E+01
  0.808984E+01
  0.814954E+01
  0.820513E+01
  0.825633E+01
  0.830324E+01
  0.834570E+01
  0.838451E+01
  0.841936E+01
  0.845119E+01
  0.847995E+01
  0.850683E+01
  0.853189E+01
  0.855614E+01
  0.858018E+01
  0.860509E+01
  0.863075E+01
  0.865802E+01
  0.868640E+01
  0.871639E+01
  0.874722E+01
  0.877841E+01
  0.880955E+01
  0.884124E+01
  0.887236E+01
  0.890307E+01
  0.893274E+01
  0.896183E+01
  0.899061E+01
  0.901926E+01
  0.904754E+01
  0.907667E+01
  0.910599E+01
  0.913623E+01
  0.916648E+01
  0.919692E+01
  0.922692E+01
  0.925645E+01
  0.928487E+01
  0.931237E+01
  0.933817E+01
  0.936362E+01
  0.938829E+01
  0.941190E+01
  0.943460E+01
  0.945695E+01
  0.947820E+01
  0.949852E+01
  0.951747E+01
  0.953561E+01
  0.955176E+01
  0.956665E+01
  0.957959E+01
  0.959066E+01
  0.959923E+01
  0.960615E+01
  0.961092E+01
  0.961396E+01
  0.961480E+01
  0.961419E+01
  0.961180E+01
  0.960730E+01
  0.960025E+01
  0.959129E+01
  0.957948E+01
  0.956536E+01
  0.954844E+01
  0.952950E+01
  0.950800E+01
  0.948387E+01
  0.945696E+01
  0.942862E+01
  0.939820E+01
  0.936638E+01
  0.933286E+01
  0.929894E+01
  0.926397E+01
  0.922709E+01
  0.918863E+01
  0.914981E+01
  0.910973E+01
  0.906915E+01
  0.902832E+01
  0.898867E+01
  0.895007E+01
  0.891280E+01
  0.887700E+01
  0.884399E+01
  0.881311E+01
  0.878479E+01
  0.875848E+01
  0.873538E+01
  0.871537E+01
  0.869750E+01
  0.868194E+01
  0.866966E+01
  0.866037E+01
  0.865483E+01
  0.865287E+01
  0.865607E+01
  0.866393E+01
  0.867655E+01
  0.869360E+01
  0.871599E+01
  0.874277E+01
  0.877398E+01
  0.880910E+01
  0.884817E+01
  0.889045E+01
  0.893576E+01
  0.898330E+01
  0.903296E+01
  0.908403E+01
  0.913680E+01
  0.918986E+01
  0.924427E+01
  0.929943E+01
  0.935403E+01
  0.940658E+01
  0.945831E+01
  0.950826E+01
  0.955616E+01
  0.960128E+01
  0.964416E+01
  0.968370E+01
  0.971952E+01
  0.975139E+01
  0.978019E+01
  0.980528E+01
  0.982668E+01
  0.984381E+01
  0.985816E+01
  0.986904E+01
  0.987557E+01
  0.987733E+01
  0.987577E+01
  0.987002E+01
  0.986096E+01
  0.984919E+01
  0.983617E+01
  0.982111E+01
  0.980439E+01
  0.978640E+01
  0.976817E+01
  0.974933E+01
  0.973081E+01
  0.971079E+01
  0.968920E+01
  0.966557E+01
  0.963943E+01
  0.961011E+01
  0.957836E+01
  0.954337E+01
  0.950475E+01
  0.946183E+01
  0.941543E+01
  0.936488E+01
  0.931068E+01
  0.925272E+01
  0.919139E+01
  0.912645E+01
  0.905875E+01
  0.898759E+01
  0.891441E+01
  0.883961E+01
  0.876317E+01
  0.868420E+01
  0.860389E+01
  0.852156E+01
  0.843738E+01
  0.835043E+01
  0.826058E+01
  0.816753E+01
  0.807107E+01
  0.797024E+01
  0.786591E+01
  0.775768E+01
  0.764557E+01
  0.752860E+01
  0.740754E+01
  0.728200E+01
  0.715119E+01
  0.701463E+01
  0.687298E+01
  0.672503E+01
  0.657160E+01
  0.641268E+01
  0.624894E+01
  0.608053E+01
  0.590771E+01
  0.573063E+01
  0.554989E+01
  0.536535E+01
  0.517827E+01
  0.498833E+01
  0.479574E+01
  0.460010E+01
  0.440098E+01
  0.419781E+01
  0.399074E+01
  0.377970E+01
  0.356520E+01
  0.334664E+01
  0.312443E+01
  0.289906E+01
  0.267064E+01
  0.243882E+01
  0.220459E+01
  0.196833E+01
  0.173018E+01
  0.149014E+01
  0.124901E+01
  0.100666E+01
  0.763461E+00
  0.520080E+00
  0.276565E+00
  0.332475E-01
 -0.209311E+00
 -0.451553E+00
 -0.694250E+00
 -0.937960E+00
 -0.118246E+01
 -0.142747E+01
 -0.167346E+01
 -0.192051E+01
 -0.216777E+01
 -0.241487E+01
 -0.266214E+01
 -0.290935E+01
 -0.315538E+01
 -0.339894E+01
 -0.363942E+01
 -0.387609E+01
 -0.410797E+01
 -0.433429E+01
 -0.455483E+01
 -0.476843E+01
 -0.497478E+01
 -0.517332E+01
 -0.536424E+01
 -0.554723E+01
 -0.572228E+01
 -0.588921E+01
 -0.604835E+01
 -0.619982E+01
 -0.634354E+01
 -0.647904E+01
 -0.660780E+01
 -0.672995E+01
 -0.684554E+01
 -0.695436E+01
 -0.705690E+01
 -0.715310E+01
 -0.724243E+01
 -0.732482E+01
 -0.740133E+01
 -0.747152E+01
 -0.753617E+01
 -0.759544E+01
 -0.765071E+01
 -0.770189E+01
 -0.774906E+01
 -0.779253E+01
 -0.783312E+01
 -0.787069E+01
 -0.790612E+01
 -0.793929E+01
 -0.797131E+01
 -0.800254E+01
 -0.803350E+01
 -0.806442E+01
 -0.809638E+01
 -0.812956E+01
 -0.816498E+01
 -0.820309E+01
 -0.824499E+01
 -0.829059E+01
 -0.833966E+01
 -0.839230E+01
 -0.844956E+01
 -0.851071E+01
 -0.857611E+01
 -0.864519E+01
 -0.871779E+01
 -0.879275E+01
 -0.886943E+01
 -0.894723E+01
 -0.902682E+01
 -0.910740E+01
 -0.918916E+01
 -0.927190E+01
 -0.935583E+01
 -0.944032E+01
 -0.952552E+01
 -0.961174E+01
 -0.969966E+01
 -0.978845E+01
 -0.987880E+01
 -0.997041E+01
 -0.100628E+02
 -0.101547E+02
 -0.102468E+02
 -0.103392E+02
 -0.104317E+02
 -0.105231E+02
 -0.106148E+02
 -0.107058E+02
 -0.107957E+02
 -0.108838E+02
 -0.109706E+02
 -0.110560E+02
 -0.111402E+02
 -0.112225E+02
 -0.113038E+02
 -0.113833E+02
 -0.114617E+02
 -0.115382E+02
 -0.116120E+02
 -0.116835E+02
 -0.117532E+02
 -0.118198E+02
 -0.118842E+02
 -0.119449E+02
 -0.120030E+02
 -0.120578E+02
 -0.121090E+02
 -0.121571E+02
 -0.122026E+02
 -0.122446E+02
 -0.122838E+02
 -0.123199E+02
 -0.123546E+02
 -0.123877E+02
 -0.124196E+02
 -0.124505E+02
 -0.124813E+02
 -0.125107E+02
 -0.125392E+02
 -0.125660E+02
 -0.125921E+02
 -0.126172E+02
 -0.126412E+02
 -0.126640E+02
 -0.126864E+02
 -0.127074E+02
 -0.127278E+02
 -0.127473E+02
 -0.127674E+02
 -0.127876E+02
 -0.128079E+02
 -0.128275E+02
 -0.128470E+02
 -0.128663E+02
 -0.128866E+02
 -0.129069E+02
 -0.129282E+02
 -0.129507E+02
 -0.129740E+02
 -0.129965E+02
 -0.130187E+02
 -0.130402E+02
 -0.130614E+02
 -0.130815E+02
 -0.131013E+02
 -0.131198E+02
 -0.131363E+02
 -0.131505E+02
 -0.131628E+02
 -0.131715E+02
 -0.131778E+02
 -0.131808E+02
 -0.131811E+02
 -0.131777E+02
 -0.131706E+02
 -0.131601E+02
 -0.131477E+02
 -0.131325E+02
 -0.131148E+02
 -0.130935E+02
 -0.130702E+02
 -0.130448E+02
 -0.130164E+02
 -0.129846E+02
 -0.129517E+02
 -0.129180E+02
 -0.128831E+02
 -0.128460E+02
 -0.128085E+02
 -0.127709E+02
 -0.127332E+02
 -0.126948E+02
 -0.126570E+02
 -0.126190E+02
 -0.125812E+02
 -0.125426E+02
 -0.125040E+02
 -0.124653E+02
 -0.124270E+02
 -0.123890E+02
 -0.123519E+02
 -0.123156E+02
 -0.122810E+02
 -0.122473E+02
 -0.122157E+02
 -0.121861E+02
 -0.121578E+02
 -0.121305E+02
 -0.121047E+02
 -0.120794E+02
 -0.120554E+02
 -0.120323E+02
 -0.120112E+02
 -0.119924E+02
 -0.119763E+02
 -0.119627E+02
 -0.119530E+02
 -0.119473E+02
 -0.119460E+02
 -0.119480E+02
 -0.119541E+02
 -0.119641E+02
 -0.119781E+02
 -0.119952E+02
 -0.120162E+02
 -0.120410E+02
 -0.120698E+02
 -0.121016E+02
 -0.121368E+02
 -0.121756E+02
 -0.122182E+02
 -0.122639E+02
 -0.123136E+02
 -0.123664E+02
 -0.124229E+02
 -0.124816E+02
 -0.125430E+02
 -0.126064E+02
 -0.126709E+02
 -0.127352E+02
 -0.127998E+02
 -0.128638E+02
 -0.129278E+02
 -0.129900E+02
 -0.130511E+02
 -0.131108E+02
 -0.131684E+02
 -0.132231E+02
 -0.132754E+02
 -0.133244E+02
 -0.133701E+02
 -0.134112E+02
 -0.134488E+02
 -0.134818E+02
 -0.135092E+02
 -0.135296E+02
 -0.135441E+02
 -0.135526E+02
 -0.135547E+02
 -0.135489E+02
 -0.135370E+02
 -0.135186E+02
 -0.134929E+02
 -0.134592E+02
 -0.134195E+02
 -0.133741E+02
 -0.133233E+02
 -0.132660E+02
 -0.132035E+02
 -0.131359E+02
 -0.130638E+02
 -0.129869E+02
 -0.129065E+02
 -0.128222E+02
 -0.127340E+02
 -0.126411E+02
 -0.125450E+02
 -0.124454E+02
 -0.123419E+02
 -0.122342E+02
 -0.121238E+02
 -0.120105E+02
 -0.118942E+02
 -0.117735E+02
 -0.116497E+02
 -0.115231E+02
 -0.113943E+02
 -0.112622E+02
 -0.111273E+02
 -0.109894E+02
 -0.108498E+02
 -0.107079E+02
 -0.105648E+02
 -0.104210E+02
 -0.102764E+02
 -0.101310E+02
 -0.998574E+01
 -0.984042E+01
 -0.969548E+01
 -0.955018E+01
 -0.940652E+01
 -0.926458E+01
 -0.912375E+01
 -0.898376E+01
 -0.884613E+01
 -0.871029E+01
 -0.857647E+01
 -0.844409E+01
 -0.831451E+01
 -0.818739E+01
 -0.806156E+01
 -0.793645E+01
 -0.781251E+01
 -0.768904E+01
 -0.756573E+01
 -0.744165E+01
 -0.731750E+01
 -0.719259E+01
 -0.706687E+01
 -0.693996E+01
 -0.681174E+01
 -0.668132E+01
 -0.654875E+01
 -0.641379E+01
 -0.627595E+01
 -0.613489E+01
 -0.599203E+01
 -0.584745E+01
 -0.570184E+01
 -0.555459E+01
 -0.540679E+01
 -0.525900E+01
 -0.511122E+01
 -0.496330E+01
 -0.481561E+01
 -0.466859E+01
 -0.452228E+01
 -0.437579E+01
 -0.422935E+01
 -0.408291E+01
 -0.393699E+01
 -0.379127E+01
 -0.364559E+01
 -0.349994E+01
 -0.335446E+01
 -0.320944E+01
 -0.306597E+01
 -0.292444E+01
 -0.278568E+01
 -0.265008E+01
 -0.251840E+01
 -0.239079E+01
 -0.226763E+01
 -0.214918E+01
 -0.203544E+01
 -0.192671E+01
 -0.182313E+01
 -0.172372E+01
 -0.162815E+01
 -0.153607E+01
 -0.144722E+01
 -0.136114E+01
 -0.127675E+01
 -0.119429E+01
 -0.111419E+01
 -0.103564E+01
 -0.958723E+00
 -0.883798E+00
 -0.811520E+00
 -0.741922E+00
 -0.674329E+00
 -0.608583E+00
 -0.544526E+00
 -0.481747E+00
 -0.419703E+00
 -0.358146E+00
 -0.297587E+00
 -0.237649E+00
 -0.177883E+00
 -0.118392E+00
 -0.591691E-01
 -0.526905E-04
  0.595447E-01
  0.119686E+00
  0.180290E+00
  0.241304E+00
  0.303354E+00
  0.367059E+00
  0.432169E+00
  0.498940E+00
  0.567743E+00
  0.638827E+00
  0.713025E+00
  0.790231E+00
  0.870419E+00
  0.954045E+00
  0.104136E+01
  0.113228E+01
  0.122633E+01
  0.132325E+01
  0.142277E+01
  0.152426E+01
  0.162791E+01
  0.173280E+01
  0.183842E+01
  0.194471E+01
  0.205142E+01
  0.215849E+01
  0.226578E+01
  0.237262E+01
  0.247930E+01
  0.258577E+01
  0.269202E+01
  0.279768E+01
  0.290280E+01
  0.300758E+01
  0.311210E+01
  0.321580E+01
  0.331862E+01
  0.342060E+01
  0.352248E+01
  0.362445E+01
  0.372601E+01
  0.382687E+01
  0.392771E+01
  0.402798E+01
  0.412728E+01
  0.422553E+01
  0.432390E+01
  0.442178E+01
  0.451835E+01
  0.461326E+01
  0.470714E+01
  0.479972E+01
  0.489142E+01
  0.498237E+01
  0.507360E+01
  0.516544E+01
  0.525779E+01
  0.535102E+01
  0.544597E+01
  0.554287E+01
  0.564249E+01
  0.574445E+01
  0.584905E+01
  0.595586E+01
  0.606516E+01
  0.617702E+01
  0.629134E+01
  0.640759E+01
  0.652627E+01
  0.664617E+01
  0.676731E+01
  0.688923E+01
  0.701210E+01
  0.713497E+01
  0.725813E+01
  0.738178E+01
  0.750529E+01
  0.762697E+01
  0.774776E+01
  0.786800E+01
  0.798683E+01
  0.810308E+01
  0.821804E+01
  0.833114E+01
  0.844118E+01
  0.854708E+01
  0.865067E+01
  0.875204E+01
  0.885012E+01
  0.894387E+01
  0.903475E+01
  0.912208E+01
  0.920562E+01
  0.928447E+01
  0.935979E+01
  0.943142E+01
  0.949872E+01
  0.956108E+01
  0.961873E+01
  0.967103E+01
  0.971842E+01
  0.975974E+01
  0.979579E+01
  0.982604E+01
  0.984989E+01
  0.986683E+01
  0.987769E+01
  0.988136E+01
  0.987923E+01
  0.987119E+01
  0.985812E+01
  0.983991E+01
  0.981635E+01
  0.978806E+01
  0.975617E+01
  0.971942E+01
  0.967879E+01
  0.963397E+01
  0.958613E+01
  0.953529E+01
  0.948172E+01
  0.942511E+01
  0.936634E+01
  0.930494E+01
  0.924099E+01
  0.917378E+01
  0.910412E+01
  0.903181E+01
  0.895716E+01
  0.887937E+01
  0.879916E+01
  0.871674E+01
  0.863299E+01
  0.854705E+01
  0.845989E+01
  0.837189E+01
  0.828277E+01
  0.819183E+01
  0.809964E+01
  0.800598E+01
  0.791145E+01
  0.781506E+01
  0.771757E+01
  0.761869E+01
  0.751831E+01
  0.741659E+01
  0.731405E+01
  0.721001E+01
  0.710555E+01
  0.700122E+01
  0.689809E+01
  0.679561E+01
  0.669406E+01
  0.659457E+01
  0.649873E+01
  0.640582E+01
  0.631662E+01
  0.623167E+01
  0.615146E+01
  0.607532E+01
  0.600317E+01
  0.593491E+01
  0.587077E+01
  0.580961E+01
  0.575182E+01
  0.569670E+01
  0.564399E+01
  0.559380E+01
  0.554562E+01
  0.549858E+01
  0.545331E+01
  0.540924E+01
  0.536642E+01
  0.532429E+01
  0.528310E+01
  0.524255E+01
  0.520284E+01
  0.516404E+01
  0.512673E+01
  0.509038E+01
  0.505549E+01
  0.502145E+01
  0.498829E+01
  0.495506E+01
  0.492094E+01
  0.488566E+01
  0.484943E+01
  0.481185E+01
  0.477312E+01
  0.473325E+01
  0.469325E+01
  0.465290E+01
  0.461187E+01
  0.456959E+01
  0.452639E+01
  0.448184E+01
  0.443583E+01
  0.438790E+01
  0.433917E+01
  0.428983E+01
  0.423985E+01
  0.418882E+01
  0.413773E+01
  0.408679E+01
  0.403596E+01
  0.398490E+01
  0.393366E+01
  0.388158E+01
  0.382835E+01
  0.377374E+01
  0.371760E+01
  0.365962E+01
  0.360029E+01
  0.353868E+01
  0.347471E+01
  0.340820E+01
  0.333865E+01
  0.326536E+01
  0.318880E+01
  0.310888E+01
  0.302525E+01
  0.293731E+01
  0.284597E+01
  0.275146E+01
  0.265341E+01
  0.255174E+01
  0.244736E+01
  0.234123E+01
  0.223343E+01
  0.212349E+01
  0.201324E+01
  0.190358E+01
  0.179460E+01
  0.168613E+01
  0.157918E+01
  0.147456E+01
  0.137234E+01
  0.127231E+01
  0.117466E+01
  0.107946E+01
  0.987060E+00
  0.897160E+00
  0.809351E+00
  0.723538E+00
  0.640101E+00
  0.559030E+00
  0.479848E+00
  0.401934E+00
  0.325764E+00
  0.251446E+00
  0.178747E+00
  0.107398E+00
  0.374955E-01
 -0.308175E-01
 -0.972335E-01
 -0.161941E+00
 -0.225640E+00
 -0.287814E+00
 -0.348627E+00
 -0.408716E+00
 -0.468691E+00
 -0.529382E+00
 -0.590608E+00
 -0.653433E+00
 -0.718659E+00
 -0.786843E+00
 -0.858510E+00
 -0.933880E+00
 -0.101340E+01
 -0.109675E+01
 -0.118399E+01
 -0.127497E+01
 -0.136872E+01
 -0.146474E+01
 -0.156267E+01
 -0.166148E+01
 -0.176074E+01
 -0.185992E+01
 -0.195865E+01
 -0.205671E+01
 -0.215397E+01
 -0.225038E+01
 -0.234545E+01
 -0.243907E+01
 -0.253129E+01
 -0.262167E+01
 -0.271057E+01
 -0.279843E+01
 -0.288554E+01
 -0.297154E+01
 -0.305672E+01
 -0.314169E+01
 -0.322635E+01
 -0.330951E+01
 -0.339114E+01
 -0.347142E+01
 -0.355049E+01
 -0.362744E+01
 -0.370172E+01
 -0.377380E+01
 -0.384446E+01
 -0.391201E+01
 -0.397545E+01
 -0.403627E+01
 -0.409537E+01
 -0.415211E+01
 -0.420618E+01
 -0.425791E+01
 -0.430858E+01
 -0.435773E+01
 -0.440545E+01
 -0.445159E+01
 -0.449662E+01
 -0.454133E+01
 -0.458507E+01
 -0.462659E+01
 -0.466669E+01
 -0.470579E+01
 -0.474404E+01
 -0.478031E+01
 -0.481430E+01
 -0.484611E+01
 -0.487566E+01
 -0.490169E+01
 -0.492408E+01
 -0.494252E+01
 -0.495807E+01
 -0.497091E+01
 -0.498015E+01
 -0.498584E+01
 -0.498930E+01
 -0.499080E+01
 -0.498979E+01
 -0.498584E+01
 -0.498058E+01
 -0.497414E+01
 -0.496597E+01
 -0.495553E+01
 -0.494402E+01
 -0.493209E+01
 -0.491954E+01
 -0.490602E+01
 -0.489235E+01
 -0.487885E+01
 -0.486584E+01
 -0.485286E+01
 -0.484022E+01
 -0.482829E+01
 -0.481802E+01
 -0.480888E+01
 -0.480045E+01
 -0.479289E+01
 -0.478717E+01
 -0.478360E+01
 -0.478150E+01
 -0.478057E+01
 -0.478193E+01
 -0.478510E+01
 -0.479046E+01
 -0.479805E+01
 -0.480796E+01
 -0.482060E+01
 -0.483701E+01
 -0.485652E+01
 -0.487847E+01
 -0.490277E+01
 -0.493038E+01
 -0.496088E+01
 -0.499352E+01
 -0.502762E+01
 -0.506407E+01
 -0.510261E+01
 -0.514193E+01
 -0.518165E+01
 -0.522272E+01
 -0.526461E+01
 -0.530711E+01
 -0.534977E+01
 -0.539268E+01
 -0.543559E+01
 -0.547874E+01
 -0.552180E+01
 -0.556484E+01
 -0.560731E+01
 -0.564934E+01
 -0.569138E+01
 -0.573311E+01
 -0.577317E+01
 -0.581295E+01
 -0.585240E+01
 -0.589120E+01
 -0.592900E+01
 -0.596587E+01
 -0.600167E+01
 -0.603610E+01
 -0.606814E+01
 -0.609832E+01
 -0.612681E+01
 -0.615404E+01
 -0.617960E+01
 -0.620371E+01
 -0.622662E+01
 -0.624854E+01
 -0.626882E+01
 -0.628760E+01
 -0.630472E+01
 -0.632122E+01
 -0.633617E+01
 -0.634886E+01
 -0.635921E+01
 -0.636793E+01
 -0.637386E+01
 -0.637661E+01
 -0.637679E+01
 -0.637504E+01
 -0.637059E+01
 -0.636347E+01
 -0.635354E+01
 -0.634162E+01
 -0.632721E+01
 -0.630975E+01
 -0.628924E+01
 -0.626652E+01
 -0.624142E+01
 -0.621330E+01
 -0.618184E+01
 -0.614787E+01
 -0.611146E+01
 -0.607314E+01
 -0.603164E+01
 -0.598804E+01
 -0.594250E+01
 -0.589476E+01
 -0.584377E+01
 -0.578980E+01
 -0.573411E+01
 -0.567780E+01
 -0.562002E+01
 -0.556018E+01
 -0.549906E+01
 -0.543736E+01
 -0.537428E+01
 -0.531002E+01
 -0.524447E+01
 -0.517861E+01
 -0.511209E+01
 -0.504472E+01
 -0.497588E+01
 -0.490610E+01
 -0.483655E+01
 -0.476662E+01
 -0.469458E+01
 -0.462155E+01
 -0.454769E+01
 -0.447258E+01
 -0.439551E+01
 -0.431677E+01
 -0.423663E+01
 -0.415525E+01
 -0.407144E+01
 -0.398489E+01
 -0.389587E+01
 -0.380473E+01
 -0.371119E+01
 -0.361490E+01
 -0.351594E+01
 -0.341499E+01
 -0.331217E+01
 -0.320751E+01
 -0.310056E+01
 -0.299243E+01
 -0.288404E+01
 -0.277496E+01
 -0.266434E+01
 -0.255338E+01
 -0.244257E+01
 -0.233104E+01
 -0.221832E+01
 -0.210544E+01
 -0.199256E+01
 -0.187936E+01
 -0.176524E+01
 -0.164966E+01
 -0.153301E+01
 -0.141533E+01
 -0.129599E+01
 -0.117518E+01
 -0.105313E+01
 -0.929893E+00
 -0.804824E+00
 -0.677582E+00
 -0.548221E+00
 -0.416977E+00
 -0.283666E+00
 -0.147683E+00
 -0.936913E-02
  0.130617E+00
  0.272637E+00
  0.416905E+00
  0.563216E+00
  0.711073E+00
  0.860058E+00
  0.101020E+01
  0.116137E+01
  0.131281E+01
  0.146378E+01
  0.161509E+01
  0.176618E+01
  0.191684E+01
  0.206734E+01
  0.221791E+01
  0.236929E+01
  0.252201E+01
  0.267582E+01
  0.283012E+01
  0.298416E+01
  0.313899E+01
  0.329433E+01
  0.344895E+01
  0.360257E+01
  0.375605E+01
  0.390915E+01
  0.406105E+01
  0.421174E+01
  0.436196E+01
  0.451067E+01
  0.465790E+01
  0.480349E+01
  0.494753E+01
  0.508961E+01
  0.522985E+01
  0.536764E+01
  0.550302E+01
  0.563544E+01
  0.576541E+01
  0.589280E+01
  0.601671E+01
  0.613669E+01
  0.625309E+01
  0.636517E+01
  0.647254E+01
  0.657395E+01
  0.667044E+01
  0.676162E+01
  0.684697E+01
  0.692648E+01
  0.700048E+01
  0.706910E+01
  0.713310E+01
  0.719136E+01
  0.724456E+01
  0.729261E+01
  0.733584E+01
  0.737407E+01
  0.740796E+01
  0.743750E+01
  0.746314E+01
  0.748427E+01
  0.750193E+01
  0.751642E+01
  0.752800E+01
  0.753676E+01
  0.754383E+01
  0.754929E+01
  0.755384E+01
  0.755731E+01
  0.756079E+01
  0.756477E+01
  0.756921E+01
  0.757344E+01
  0.757861E+01
  0.758413E+01
  0.759002E+01
  0.759511E+01
  0.760060E+01
  0.760610E+01
  0.761036E+01
  0.761324E+01
  0.761529E+01
  0.761578E+01
  0.761534E+01
  0.761352E+01
  0.761064E+01
  0.760630E+01
  0.760070E+01
  0.759291E+01
  0.758305E+01
  0.757010E+01
  0.755445E+01
  0.753550E+01
  0.751357E+01
  0.748846E+01
  0.745941E+01
  0.742622E+01
  0.739015E+01
  0.735068E+01
  0.730799E+01
  0.726153E+01
  0.721195E+01
  0.715917E+01
  0.710293E+01
  0.704209E+01
  0.697735E+01
  0.690868E+01
  0.683569E+01
  0.675759E+01
  0.667539E+01
  0.658950E+01
  0.649938E+01
  0.640463E+01
  0.630649E+01
  0.620505E+01
  0.610081E+01
  0.599233E+01
  0.588084E+01
  0.576712E+01
  0.565090E+01
  0.553185E+01
  0.541046E+01
  0.528636E+01
  0.516030E+01
  0.503170E+01
  0.490055E+01
  0.476718E+01
  0.463202E+01
  0.449474E+01
  0.435536E+01
  0.421371E+01
  0.407058E+01
  0.392542E+01
  0.377816E+01
  0.362883E+01
  0.347791E+01
  0.332542E+01
  0.317184E+01
  0.301739E+01
  0.286272E+01
  0.270787E+01
  0.255342E+01
  0.239933E+01
  0.224563E+01
  0.209255E+01
  0.194133E+01
  0.179178E+01
  0.164350E+01
  0.149669E+01
  0.135209E+01
  0.120977E+01
  0.106973E+01
  0.931545E+00
  0.794329E+00
  0.658243E+00
  0.523766E+00
  0.390307E+00
  0.258027E+00
  0.127181E+00
 -0.207466E-02
 -0.129729E+00
 -0.255592E+00
 -0.379748E+00
 -0.502943E+00
 -0.625117E+00
 -0.745891E+00
 -0.865094E+00
 -0.982512E+00
 -0.109818E+01
 -0.121158E+01
 -0.132252E+01
 -0.143068E+01
 -0.153554E+01
 -0.163761E+01
 -0.173687E+01
 -0.183297E+01
 -0.192581E+01
 -0.201536E+01
 -0.210083E+01
 -0.218195E+01
 -0.225843E+01
 -0.233071E+01
 -0.239845E+01
 -0.246121E+01
 -0.251994E+01
 -0.257493E+01
 -0.262551E+01
 -0.267170E+01
 -0.271401E+01
 -0.275294E+01
 -0.278825E+01
 -0.282031E+01
 -0.284950E+01
 -0.287566E+01
 -0.289868E+01
 -0.291957E+01
 -0.293814E+01
 -0.295489E+01
 -0.297092E+01
 -0.298642E+01
 -0.300132E+01
 -0.301584E+01
 -0.302971E+01
 -0.304317E+01
 -0.305626E+01
 -0.306986E+01
 -0.308355E+01
 -0.309703E+01
 -0.311081E+01
 -0.312446E+01
 -0.313763E+01
 -0.315074E+01
 -0.316361E+01
 -0.317611E+01
 -0.318790E+01
 -0.319862E+01
 -0.320793E+01
 -0.321597E+01
 -0.322194E+01
 -0.322636E+01
 -0.322883E+01
 -0.322897E+01
 -0.322708E+01
 -0.322324E+01
 -0.321802E+01
 -0.321205E+01
 -0.320507E+01
 -0.319728E+01
 -0.318914E+01
 -0.318123E+01
 -0.317367E+01
 -0.316620E+01
 -0.315811E+01
 -0.314968E+01
 -0.314144E+01
 -0.313358E+01
 -0.312466E+01
 -0.311430E+01
 -0.310279E+01
 -0.309048E+01
 -0.307665E+01
 -0.306110E+01
 -0.304436E+01
 -0.302598E+01
 -0.300572E+01
 -0.298477E+01
 -0.296309E+01
 -0.294108E+01
 -0.291870E+01
 -0.289605E+01
 -0.287331E+01
 -0.285031E+01
 -0.282672E+01
 -0.280286E+01
 -0.277894E+01
 -0.275446E+01
 -0.272937E+01
 -0.270400E+01
 -0.267780E+01
 -0.265067E+01
 -0.262199E+01
 -0.259181E+01
 -0.256064E+01
 -0.252823E+01
 -0.249420E+01
 -0.245877E+01
 -0.242179E+01
 -0.238282E+01
 -0.234171E+01
 -0.229981E+01
 -0.225642E+01
 -0.221088E+01
 -0.216346E+01
 -0.211456E+01
 -0.206483E+01
 -0.201381E+01
 -0.196093E+01
 -0.190696E+01
 -0.185144E+01
 -0.179341E+01
 -0.173357E+01
 -0.167116E+01
 -0.160623E+01
 -0.153947E+01
 -0.146898E+01
 -0.139715E+01
 -0.132410E+01
 -0.124918E+01
 -0.117418E+01
 -0.109797E+01
 -0.102223E+01
 -0.946993E+00
 -0.871640E+00
 -0.797500E+00
 -0.723043E+00
 -0.649114E+00
 -0.576512E+00
 -0.504909E+00
 -0.434198E+00
 -0.364372E+00
 -0.296394E+00
 -0.230000E+00
 -0.165412E+00
 -0.102893E+00
 -0.427806E-01
  0.146196E-01
  0.692422E-01
  0.120661E+00
  0.169108E+00
  0.214404E+00
  0.256524E+00
  0.295705E+00
  0.331336E+00
  0.364188E+00
  0.394381E+00
  0.421349E+00
  0.445670E+00
  0.466409E+00
  0.483269E+00
  0.496382E+00
  0.504731E+00
  0.508862E+00
  0.508324E+00
  0.503289E+00
  0.493693E+00
  0.480354E+00
  0.463722E+00
  0.443407E+00
  0.420771E+00
  0.395761E+00
  0.368479E+00
  0.339150E+00
  0.307794E+00
  0.275380E+00
  0.240885E+00
  0.204639E+00
  0.167103E+00
  0.128017E+00
  0.874946E-01
  0.459287E-01
  0.343013E-02
 -0.403912E-01
 -0.849087E-01
 -0.129858E+00
 -0.175318E+00
 -0.220965E+00
 -0.266398E+00
 -0.311292E+00
 -0.356040E+00
 -0.400292E+00
 -0.444342E+00
 -0.488217E+00
 -0.531667E+00
 -0.574826E+00
 -0.617037E+00
 -0.657947E+00
 -0.697946E+00
 -0.737581E+00
 -0.776778E+00
 -0.815391E+00
 -0.853480E+00
 -0.891909E+00
 -0.931127E+00
 -0.970534E+00
 -0.101026E+01
 -0.104957E+01
 -0.108780E+01
 -0.112490E+01
 -0.116040E+01
 -0.119354E+01
 -0.122414E+01
 -0.125244E+01
 -0.127770E+01
 -0.129994E+01
 -0.131897E+01
 -0.133506E+01
 -0.134857E+01
 -0.135899E+01
 -0.136679E+01
 -0.137258E+01
 -0.137616E+01
 -0.137829E+01
 -0.137955E+01
 -0.137991E+01
 -0.137940E+01
 -0.137882E+01
 -0.137867E+01
 -0.137872E+01
 -0.137990E+01
 -0.138315E+01
 -0.138872E+01
 -0.139744E+01
 -0.140958E+01
 -0.142558E+01
 -0.144574E+01
 -0.146983E+01
 -0.149770E+01
 -0.152975E+01
 -0.156567E+01
 -0.160482E+01
 -0.164681E+01
 -0.169167E+01
 -0.173829E+01
 -0.178677E+01
 -0.183745E+01
 -0.188967E+01
 -0.194334E+01
 -0.199822E+01
 -0.205450E+01
 -0.211217E+01
 -0.217144E+01
 -0.223230E+01
 -0.229425E+01
 -0.235786E+01
 -0.242222E+01
 -0.248687E+01
 -0.255164E+01
 -0.261625E+01
 -0.268081E+01
 -0.274522E+01
 -0.280889E+01
 -0.287228E+01
 -0.293533E+01
 -0.299825E+01
 -0.306171E+01
 -0.312540E+01
 -0.318902E+01
 -0.325280E+01
 -0.331638E+01
 -0.337991E+01
 -0.344303E+01
 -0.350587E+01
 -0.356813E+01
 -0.362985E+01
 -0.369051E+01
 -0.374983E+01
 -0.380757E+01
 -0.386401E+01
 -0.391904E+01
 -0.397257E+01
 -0.402440E+01
 -0.407479E+01
 -0.412304E+01
 -0.416913E+01
 -0.421301E+01
 -0.425541E+01
 -0.429638E+01
 -0.433593E+01
 -0.437437E+01
 -0.441265E+01
 -0.445090E+01
 -0.448871E+01
 -0.452599E+01
 -0.456335E+01
 -0.460035E+01
 -0.463668E+01
 -0.467188E+01
 -0.470653E+01
 -0.473991E+01
 -0.477208E+01
 -0.480222E+01
 -0.482947E+01
 -0.485381E+01
 -0.487518E+01
 -0.489246E+01
 -0.490541E+01
 -0.491379E+01
 -0.491803E+01
 -0.491774E+01
 -0.491272E+01
 -0.490303E+01
 -0.488932E+01
 -0.487086E+01
 -0.484827E+01
 -0.482214E+01
 -0.479207E+01
 -0.475792E+01
 -0.472087E+01
 -0.468036E+01
 -0.463609E+01
 -0.458882E+01
 -0.453877E+01
 -0.448507E+01
 -0.442868E+01
 -0.436972E+01
 -0.430823E+01
 -0.424391E+01
 -0.417744E+01
 -0.410866E+01
 -0.403825E+01
 -0.396630E+01
 -0.389280E+01
 -0.381764E+01
 -0.374073E+01
 -0.366257E+01
 -0.358282E+01
 -0.350177E+01
 -0.342046E+01
 -0.333797E+01
 -0.325506E+01
 -0.317149E+01
 -0.308702E+01
 -0.300182E+01
 -0.291549E+01
 -0.282691E+01
 -0.273644E+01
 -0.264418E+01
 -0.254924E+01
 -0.245198E+01
 -0.235342E+01
 -0.225331E+01
 -0.215188E+01
 -0.204975E+01
 -0.194708E+01
 -0.184426E+01
 -0.174235E+01
 -0.164098E+01
 -0.154064E+01
 -0.144216E+01
 -0.134543E+01
 -0.125018E+01
 -0.115649E+01
 -0.106425E+01
 -0.973457E+00
 -0.883949E+00
 -0.794895E+00
 -0.706266E+00
 -0.618009E+00
 -0.529552E+00
 -0.440814E+00
 -0.351165E+00
 -0.260588E+00
 -0.169245E+00
 -0.772265E-01
  0.153232E-01
  0.108353E+00
  0.201778E+00
  0.295726E+00
  0.389616E+00
  0.483026E+00
  0.576038E+00
  0.668680E+00
  0.761041E+00
  0.852747E+00
  0.943741E+00
  0.103493E+01
  0.112505E+01
  0.121453E+01
  0.130473E+01
  0.139454E+01
  0.148416E+01
  0.157367E+01
  0.166259E+01
  0.175159E+01
  0.184067E+01
  0.192977E+01
  0.201906E+01
  0.210864E+01
  0.219825E+01
  0.228792E+01
  0.237713E+01
  0.246640E+01
  0.255525E+01
  0.264363E+01
  0.273155E+01
  0.281910E+01
  0.290607E+01
  0.299207E+01
  0.307719E+01
  0.316154E+01
  0.324404E+01
  0.332485E+01
  0.340376E+01
  0.348045E+01
  0.355536E+01
  0.362818E+01
  0.369835E+01
  0.376685E+01
  0.383339E+01
  0.389792E+01
  0.395979E+01
  0.402018E+01
  0.407941E+01
  0.413689E+01
  0.419225E+01
  0.424644E+01
  0.429949E+01
  0.435114E+01
  0.440196E+01
  0.445276E+01
  0.450260E+01
  0.455169E+01
  0.460049E+01
  0.464878E+01
  0.469637E+01
  0.474488E+01
  0.479328E+01
  0.484162E+01
  0.489016E+01
  0.493837E+01
  0.498655E+01
  0.503467E+01
  0.508206E+01
  0.512937E+01
  0.517549E+01
  0.522124E+01
  0.526655E+01
  0.531151E+01
  0.535640E+01
  0.540132E+01
  0.544600E+01
  0.549109E+01
  0.553691E+01
  0.558407E+01
  0.563288E+01
  0.568371E+01
  0.573609E+01
  0.579092E+01
  0.584836E+01
  0.590855E+01
  0.597064E+01
  0.603489E+01
  0.610124E+01
  0.616919E+01
  0.623792E+01
  0.630785E+01
  0.637846E+01
  0.645038E+01
  0.652215E+01
  0.659369E+01
  0.666494E+01
  0.673544E+01
  0.680479E+01
  0.687347E+01
  0.694057E+01
  0.700688E+01
  0.707186E+01
  0.713523E+01
  0.719736E+01
  0.725839E+01
  0.731767E+01
  0.737531E+01
  0.743127E+01
  0.748643E+01
  0.753976E+01
  0.759267E+01
  0.764512E+01
  0.769713E+01
  0.774860E+01
  0.779985E+01
  0.785026E+01
  0.790012E+01
  0.794864E+01
  0.799569E+01
  0.804041E+01
  0.808284E+01
  0.812216E+01
  0.815849E+01
  0.819172E+01
  0.822248E+01
  0.824943E+01
  0.827249E+01
  0.829102E+01
  0.830476E+01
  0.831403E+01
  0.831894E+01
  0.831784E+01
  0.831174E+01
  0.829922E+01
  0.828115E+01
  0.825740E+01
  0.822768E+01
  0.819286E+01
  0.815325E+01
  0.810784E+01
  0.805793E+01
  0.800376E+01
  0.794646E+01
  0.788544E+01
  0.782100E+01
  0.775336E+01
  0.768274E+01
  0.760899E+01
  0.753274E+01
  0.745358E+01
  0.737212E+01
  0.728809E+01
  0.720165E+01
  0.711194E+01
  0.701962E+01
  0.692402E+01
  0.682575E+01
  0.672440E+01
  0.662019E+01
  0.651280E+01
  0.640240E+01
  0.628876E+01
  0.617224E+01
  0.605277E+01
  0.593131E+01
  0.580672E+01
  0.567937E+01
  0.554996E+01
  0.541806E+01
  0.528396E+01
  0.514880E+01
  0.501308E+01
  0.487780E+01
  0.474208E+01
  0.460732E+01
  0.447431E+01
  0.434299E+01
  0.421366E+01
  0.408800E+01
  0.396578E+01
  0.384740E+01
  0.373274E+01
  0.362185E+01
  0.351530E+01
  0.341363E+01
  0.331552E+01
  0.322117E+01
  0.313109E+01
  0.304359E+01
  0.295825E+01
  0.287582E+01
  0.279473E+01
  0.271446E+01
  0.263465E+01
  0.255484E+01
  0.247451E+01
  0.239388E+01
  0.231254E+01
  0.223033E+01
  0.214696E+01
  0.206244E+01
  0.197656E+01
  0.188974E+01
  0.180184E+01
  0.171355E+01
  0.162494E+01
  0.153593E+01
  0.144724E+01
  0.135891E+01
  0.127027E+01
  0.118188E+01
  0.109455E+01
  0.100834E+01
  0.922909E+00
  0.838735E+00
  0.756448E+00
  0.676674E+00
  0.599156E+00
  0.523958E+00
  0.451621E+00
  0.382674E+00
  0.316849E+00
  0.253791E+00
  0.193793E+00
  0.137041E+00
  0.829208E-01
  0.312278E-01
 -0.182498E-01
 -0.654633E-01
 -0.110023E+00
 -0.151666E+00
 -0.190866E+00
 -0.227690E+00
 -0.261773E+00
 -0.293620E+00
 -0.323226E+00
 -0.349829E+00
 -0.373474E+00
 -0.394455E+00
 -0.413076E+00
 -0.429194E+00
 -0.442345E+00
 -0.452317E+00
 -0.459539E+00
 -0.464436E+00
 -0.466722E+00
 -0.466248E+00
 -0.462922E+00
 -0.456517E+00
 -0.447222E+00
 -0.436116E+00
 -0.423772E+00
 -0.409665E+00
 -0.393833E+00
 -0.376680E+00
 -0.358622E+00
 -0.339700E+00
 -0.319680E+00
 -0.299025E+00
 -0.278163E+00
 -0.256947E+00
 -0.235258E+00
 -0.213117E+00
 -0.191274E+00
 -0.170313E+00
 -0.150533E+00
 -0.132390E+00
 -0.116321E+00
 -0.102681E+00
 -0.918925E-01
 -0.839608E-01
 -0.790370E-01
 -0.772688E-01
 -0.787394E-01
 -0.835574E-01
 -0.918610E-01
 -0.103523E+00
 -0.118776E+00
 -0.137899E+00
 -0.160288E+00
 -0.185703E+00
 -0.214444E+00
 -0.246986E+00
 -0.283546E+00
 -0.323084E+00
 -0.365973E+00
 -0.412399E+00
 -0.462174E+00
 -0.516002E+00
 -0.573440E+00
 -0.634233E+00
 -0.698928E+00
 -0.767145E+00
 -0.838257E+00
 -0.912443E+00
 -0.989783E+00
 -0.106940E+01
 -0.115075E+01
 -0.123401E+01
 -0.131900E+01
 -0.140548E+01
 -0.149335E+01
 -0.158234E+01
 -0.167196E+01
 -0.176194E+01
 -0.185277E+01
 -0.194452E+01
 -0.203620E+01
 -0.212723E+01
 -0.221783E+01
 -0.230825E+01
 -0.239787E+01
 -0.248641E+01
 -0.257418E+01
 -0.266137E+01
 -0.274765E+01
 -0.283333E+01
 -0.291827E+01
 -0.300220E+01
 -0.308539E+01
 -0.316798E+01
 -0.324964E+01
 -0.333102E+01
 -0.341219E+01
 -0.349308E+01
 -0.357395E+01
 -0.365529E+01
 -0.373651E+01
 -0.381766E+01
 -0.389905E+01
 -0.398104E+01
 -0.406332E+01
 -0.414640E+01
 -0.423065E+01
 -0.431597E+01
 -0.440228E+01
 -0.448943E+01
 -0.457743E+01
 -0.466696E+01
 -0.475735E+01
 -0.484860E+01
 -0.494036E+01
 -0.503275E+01
 -0.512518E+01
 -0.521781E+01
 -0.531067E+01
 -0.540393E+01
 -0.549720E+01
 -0.559038E+01
 -0.568339E+01
 -0.577667E+01
 -0.586996E+01
 -0.596352E+01
 -0.605723E+01
 -0.615126E+01
 -0.624559E+01
 -0.634082E+01
 -0.643621E+01
 -0.653231E+01
 -0.662933E+01
 -0.672653E+01
 -0.682302E+01
 -0.691981E+01
 -0.701623E+01
 -0.711209E+01
 -0.720761E+01
 -0.730341E+01
 -0.739894E+01
 -0.749387E+01
 -0.758746E+01
 -0.768007E+01
 -0.777131E+01
 -0.786152E+01
 -0.795045E+01
 -0.803861E+01
 -0.812587E+01
 -0.821219E+01
 -0.829824E+01
 -0.838488E+01
 -0.847114E+01
 -0.855808E+01
 -0.864503E+01
 -0.873317E+01
 -0.882290E+01
 -0.891416E+01
 -0.900754E+01
 -0.910393E+01
 -0.920325E+01
 -0.930669E+01
 -0.941392E+01
 -0.952578E+01
 -0.964259E+01
 -0.976492E+01
 -0.989272E+01
 -0.100271E+02
 -0.101676E+02
 -0.103152E+02
 -0.104697E+02
 -0.106324E+02
 -0.108025E+02
 -0.109799E+02
 -0.111645E+02
 -0.113555E+02
 -0.115526E+02
 -0.117559E+02
 -0.119639E+02
 -0.121768E+02
 -0.123930E+02
 -0.126124E+02
 -0.128338E+02
 -0.130574E+02
 -0.132816E+02
 -0.135063E+02
 -0.137305E+02
 -0.139547E+02
 -0.141780E+02
 -0.143996E+02
 -0.146188E+02
 -0.148358E+02
 -0.150494E+02
 -0.152599E+02
 -0.154663E+02
 -0.156695E+02
 -0.158677E+02
 -0.160603E+02
 -0.162467E+02
 -0.164282E+02
 -0.166028E+02
 -0.167718E+02
 -0.169340E+02
 -0.170903E+02
 -0.172401E+02
 -0.173825E+02
 -0.175167E+02
 -0.176434E+02
 -0.177616E+02
 -0.178724E+02
 -0.179738E+02
 -0.180672E+02
 -0.181514E+02
 -0.182260E+02
 -0.182910E+02
 -0.183479E+02
 -0.183953E+02
 -0.184345E+02
 -0.184649E+02
 -0.184874E+02
 -0.185020E+02
 -0.185089E+02
 -0.185073E+02
 -0.184991E+02
 -0.184834E+02
 -0.184614E+02
 -0.184318E+02
 -0.183964E+02
 -0.183544E+02
 -0.183054E+02
 -0.182490E+02
 -0.181873E+02
 -0.181195E+02
 -0.180462E+02
 -0.179671E+02
 -0.178831E+02
 -0.177943E+02
 -0.177010E+02
 -0.176016E+02
 -0.174981E+02
 -0.173886E+02
 -0.172740E+02
 -0.171536E+02
 -0.170278E+02
 -0.168961E+02
 -0.167582E+02
 -0.166141E+02
 -0.164648E+02
 -0.163094E+02
 -0.161492E+02
 -0.159830E+02
 -0.158117E+02
 -0.156349E+02
 -0.154522E+02
 -0.152627E+02
 -0.150673E+02
 -0.148643E+02
 -0.146542E+02
 -0.144363E+02
 -0.142118E+02
 -0.139801E+02
 -0.137415E+02
 -0.134955E+02
 -0.132436E+02
 -0.129850E+02
 -0.127199E+02
 -0.124484E+02
 -0.121718E+02
 -0.118894E+02
 -0.116023E+02
 -0.113105E+02
 -0.110151E+02
 -0.107157E+02
 -0.104137E+02
 -0.101088E+02
 -0.980188E+01
 -0.949423E+01
 -0.918551E+01
 -0.887512E+01
 -0.856456E+01
 -0.825346E+01
 -0.794238E+01
 -0.763077E+01
 -0.731925E+01
 -0.700798E+01
 -0.669781E+01
 -0.638791E+01
 -0.607852E+01
 -0.576966E+01
 -0.546248E+01
 -0.515660E+01
 -0.485094E+01
 -0.454630E+01
 -0.424305E+01
 -0.394108E+01
 -0.364086E+01
 -0.334113E+01
 -0.304316E+01
 -0.274630E+01
 -0.245075E+01
 -0.215687E+01
 -0.186414E+01
 -0.157323E+01
 -0.128476E+01
 -0.999217E+00
 -0.716796E+00
 -0.437591E+00
 -0.162338E+00
  0.108958E+00
  0.377031E+00
  0.642179E+00
  0.903880E+00
  0.116255E+01
  0.141837E+01
  0.167165E+01
  0.192232E+01
  0.217004E+01
  0.241474E+01
  0.265680E+01
  0.289600E+01
  0.313107E+01
  0.336261E+01
  0.358929E+01
  0.381197E+01
  0.403098E+01
  0.424533E+01
  0.445550E+01
  0.466192E+01
  0.486508E+01
  0.506610E+01
  0.526445E+01
  0.546045E+01
  0.565492E+01
  0.584788E+01
  0.603907E+01
  0.622930E+01
  0.641814E+01
  0.660616E+01
  0.679360E+01
  0.698165E+01
  0.716959E+01
  0.735760E+01
  0.754575E+01
  0.773441E+01
  0.792327E+01
  0.811220E+01
  0.830086E+01
  0.849016E+01
  0.867950E+01
  0.886855E+01
  0.905673E+01
  0.924443E+01
  0.943114E+01
  0.961666E+01
  0.979961E+01
  0.998113E+01
  0.101606E+02
  0.103380E+02
  0.105131E+02
  0.106868E+02
  0.108589E+02
  0.110303E+02
  0.112008E+02
  0.113711E+02
  0.115408E+02
  0.117095E+02
  0.118769E+02
  0.120436E+02
  0.122087E+02
  0.123732E+02
  0.125357E+02
  0.126962E+02
  0.128539E+02
  0.130088E+02
  0.131601E+02
  0.133082E+02
  0.134524E+02
  0.135932E+02
  0.137299E+02
  0.138627E+02
  0.139909E+02
  0.141143E+02
  0.142317E+02
  0.143435E+02
  0.144487E+02
  0.145477E+02
  0.146387E+02
  0.147231E+02
  0.148000E+02
  0.148684E+02
  0.149275E+02
  0.149780E+02
  0.150198E+02
  0.150528E+02
  0.150761E+02
  0.150921E+02
  0.151001E+02
  0.150997E+02
  0.150910E+02
  0.150757E+02
  0.150532E+02
  0.150252E+02
  0.149908E+02
  0.149507E+02
  0.149060E+02
  0.148568E+02
  0.148020E+02
  0.147428E+02
  0.146776E+02
  0.146078E+02
  0.145318E+02
  0.144507E+02
  0.143633E+02
  0.142692E+02
  0.141684E+02
  0.140619E+02
  0.139483E+02
  0.138275E+02
  0.136991E+02
  0.135651E+02
  0.134245E+02
  0.132775E+02
  0.131244E+02
  0.129668E+02
  0.128049E+02
  0.126393E+02
  0.124698E+02
  0.122982E+02
  0.121250E+02
  0.119501E+02
  0.117737E+02
  0.115971E+02
  0.114196E+02
  0.112434E+02
  0.110675E+02
  0.108926E+02
  0.107190E+02
  0.105465E+02
  0.103752E+02
  0.102049E+02
  0.100350E+02
  0.986673E+01
  0.969891E+01
  0.953158E+01
  0.936451E+01
  0.919793E+01
  0.903147E+01
  0.886579E+01
  0.870030E+01
  0.853551E+01
  0.837112E+01
  0.820862E+01
  0.804698E+01
  0.788612E+01
  0.772614E+01
  0.756819E+01
  0.741196E+01
  0.725715E+01
  0.710450E+01
  0.695446E+01
  0.680643E+01
  0.666066E+01
  0.651722E+01
  0.637750E+01
  0.624021E+01
  0.610560E+01
  0.597358E+01
  0.584473E+01
  0.571883E+01
  0.559491E+01
  0.547211E+01
  0.535145E+01
  0.523281E+01
  0.511565E+01
  0.499902E+01
  0.488327E+01
  0.476938E+01
  0.465683E+01
  0.454376E+01
  0.443131E+01
  0.432002E+01
  0.421006E+01
  0.410070E+01
  0.399222E+01
  0.388508E+01
  0.377976E+01
  0.367592E+01
  0.357377E+01
  0.347372E+01
  0.337658E+01
  0.328299E+01
  0.319374E+01
  0.310800E+01
  0.302680E+01
  0.295184E+01
  0.288276E+01
  0.281807E+01
  0.275873E+01
  0.270582E+01
  0.265982E+01
  0.261977E+01
  0.258529E+01
  0.255645E+01
  0.253399E+01
  0.251717E+01
  0.250497E+01
  0.249758E+01
  0.249486E+01
  0.249801E+01
  0.250685E+01
  0.251941E+01
  0.253676E+01
  0.255880E+01
  0.258627E+01
  0.261808E+01
  0.265372E+01
  0.269405E+01
  0.273854E+01
  0.278649E+01
  0.283749E+01
  0.289120E+01
  0.294663E+01
  0.300272E+01
  0.305999E+01
  0.311745E+01
  0.317417E+01
  0.323038E+01
  0.328751E+01
  0.334462E+01
  0.340131E+01
  0.345762E+01
  0.351392E+01
  0.357061E+01
  0.362700E+01
  0.368268E+01
  0.373876E+01
  0.379528E+01
  0.385222E+01
  0.390886E+01
  0.396560E+01
  0.402293E+01
  0.408170E+01
  0.414166E+01
  0.420317E+01
  0.426637E+01
  0.433168E+01
  0.439912E+01
  0.446915E+01
  0.454181E+01
  0.461667E+01
  0.469366E+01
  0.477344E+01
  0.485518E+01
  0.493841E+01
  0.502254E+01
  0.510869E+01
  0.519568E+01
  0.528264E+01
  0.536936E+01
  0.545621E+01
  0.554363E+01
  0.563079E+01
  0.571738E+01
  0.580416E+01
  0.589052E+01
  0.597715E+01
  0.606332E+01
  0.614956E+01
  0.623557E+01
  0.632115E+01
  0.640632E+01
  0.649091E+01
  0.657503E+01
  0.665867E+01
  0.674081E+01
  0.682301E+01
  0.690504E+01
  0.698723E+01
  0.706961E+01
  0.715290E+01
  0.723724E+01
  0.732334E+01
  0.741115E+01
  0.750123E+01
  0.759342E+01
  0.768899E+01
  0.778757E+01
  0.788903E+01
  0.799332E+01
  0.810064E+01
  0.821070E+01
  0.832354E+01
  0.843823E+01
  0.855529E+01
  0.867390E+01
  0.879413E+01
  0.891447E+01
  0.903499E+01
  0.915515E+01
  0.927510E+01
  0.939433E+01
  0.951331E+01
  0.963168E+01
  0.975070E+01
  0.986959E+01
  0.998773E+01
  0.101053E+02
  0.102237E+02
  0.103421E+02
  0.104600E+02
  0.105767E+02
  0.106937E+02
  0.108101E+02
  0.109245E+02
  0.110363E+02
  0.111465E+02
  0.112529E+02
  0.113563E+02
  0.114551E+02
  0.115501E+02
  0.116413E+02
  0.117276E+02
  0.118094E+02
  0.118878E+02
  0.119625E+02
  0.120349E+02
  0.121038E+02
  0.121702E+02
  0.122352E+02
  0.122987E+02
  0.123602E+02
  0.124214E+02
  0.124814E+02
  0.125410E+02
  0.126002E+02
  0.126599E+02
  0.127192E+02
  0.127777E+02
  0.128355E+02
  0.128935E+02
  0.129503E+02
  0.130060E+02
  0.130591E+02
  0.131106E+02
  0.131592E+02
  0.132041E+02
  0.132445E+02
  0.132812E+02
  0.133128E+02
  0.133399E+02
  0.133603E+02
  0.133747E+02
  0.133828E+02
  0.133834E+02
  0.133752E+02
  0.133587E+02
  0.133336E+02
  0.133006E+02
  0.132573E+02
  0.132054E+02
  0.131445E+02
  0.130745E+02
  0.129956E+02
  0.129090E+02
  0.128141E+02
  0.127128E+02
  0.126051E+02
  0.124935E+02
  0.123780E+02
  0.122592E+02
  0.121384E+02
  0.120170E+02
  0.118944E+02
  0.117718E+02
  0.116491E+02
  0.115275E+02
  0.114067E+02
  0.112867E+02
  0.111671E+02
  0.110492E+02
  0.109327E+02
  0.108175E+02
  0.107032E+02
  0.105903E+02
  0.104787E+02
  0.103681E+02
  0.102574E+02
  0.101481E+02
  0.100396E+02
  0.993302E+01
  0.982714E+01
  0.972249E+01
  0.961914E+01
  0.951637E+01
  0.941341E+01
  0.930995E+01
  0.920523E+01
  0.910057E+01
  0.899479E+01
  0.888807E+01
  0.878092E+01
  0.867446E+01
  0.856839E+01
  0.846261E+01
  0.835708E+01
  0.825349E+01
  0.815080E+01
  0.804864E+01
  0.794676E+01
  0.784621E+01
  0.774623E+01
  0.764704E+01
  0.754827E+01
  0.745083E+01
  0.735457E+01
  0.725960E+01
  0.716559E+01
  0.707270E+01
  0.698118E+01
  0.689150E+01
  0.680231E+01
  0.671397E+01
  0.662670E+01
  0.654083E+01
  0.645485E+01
  0.636848E+01
  0.628190E+01
  0.619565E+01
  0.610833E+01
  0.601893E+01
  0.592684E+01
  0.583320E+01
  0.573751E+01
  0.563966E+01
  0.553976E+01
  0.543930E+01
  0.533851E+01
  0.523741E+01
  0.513613E+01
  0.503599E+01
  0.493728E+01
  0.483957E+01
  0.474264E+01
  0.464752E+01
  0.455353E+01
  0.446033E+01
  0.436764E+01
  0.427610E+01
  0.418548E+01
  0.409519E+01
  0.400493E+01
  0.391571E+01
  0.382723E+01
  0.373923E+01
  0.365194E+01
  0.356614E+01
  0.348154E+01
  0.339838E+01
  0.331611E+01
  0.323506E+01
  0.315506E+01
  0.307655E+01
  0.299913E+01
  0.292330E+01
  0.284934E+01
  0.277710E+01
  0.270730E+01
  0.263956E+01
  0.257375E+01
  0.251095E+01
  0.245053E+01
  0.239254E+01
  0.233641E+01
  0.228295E+01
  0.223217E+01
  0.218347E+01
  0.213676E+01
  0.209352E+01
  0.205352E+01
  0.201625E+01
  0.198237E+01
  0.195218E+01
  0.192575E+01
  0.190326E+01
  0.188459E+01
  0.187023E+01
  0.186021E+01
  0.185488E+01
  0.185382E+01
  0.185684E+01
  0.186392E+01
  0.187526E+01
  0.189012E+01
  0.190783E+01
  0.192828E+01
  0.195146E+01
  0.197674E+01
  0.200369E+01
  0.203198E+01
  0.206194E+01
  0.209252E+01
  0.212305E+01
  0.215378E+01
  0.218543E+01
  0.221748E+01
  0.224984E+01
  0.228287E+01
  0.231692E+01
  0.235196E+01
  0.238819E+01
  0.242523E+01
  0.246322E+01
  0.250226E+01
  0.254219E+01
  0.258163E+01
  0.262021E+01
  0.265889E+01
  0.269810E+01
  0.273656E+01
  0.277450E+01
  0.281214E+01
  0.284987E+01
  0.288789E+01
  0.292626E+01
  0.296475E+01
  0.300405E+01
  0.304421E+01
  0.308504E+01
  0.312626E+01
  0.316805E+01
  0.321081E+01
  0.325493E+01
  0.330002E+01
  0.334691E+01
  0.339610E+01
  0.344769E+01
  0.350166E+01
  0.355852E+01
  0.361767E+01
  0.367969E+01
  0.374441E+01
  0.381092E+01
  0.387880E+01
  0.394876E+01
  0.402007E+01
  0.409219E+01
  0.416435E+01
  0.423679E+01
  0.430957E+01
  0.438204E+01
  0.445306E+01
  0.452271E+01
  0.459111E+01
  0.465837E+01
  0.472395E+01
  0.478825E+01
  0.485093E+01
  0.491315E+01
  0.497437E+01
  0.503438E+01
  0.509285E+01
  0.514942E+01
  0.520373E+01
  0.525531E+01
  0.530271E+01
  0.534663E+01
  0.538719E+01
  0.542445E+01
  0.545774E+01
  0.548732E+01
  0.551374E+01
  0.553805E+01
  0.555942E+01
  0.557815E+01
  0.559413E+01
  0.560797E+01
  0.562000E+01
  0.562953E+01
  0.563624E+01
  0.564125E+01
  0.564383E+01
  0.564398E+01
  0.564059E+01
  0.563382E+01
  0.562373E+01
  0.560955E+01
  0.559061E+01
  0.556716E+01
  0.553871E+01
  0.550652E+01
  0.546977E+01
  0.542884E+01
  0.538411E+01
  0.533584E+01
  0.528413E+01
  0.522939E+01
  0.517120E+01
  0.511023E+01
  0.504633E+01
  0.497951E+01
  0.490964E+01
  0.483721E+01
  0.476260E+01
  0.468615E+01
  0.460699E+01
  0.452682E+01
  0.444588E+01
  0.436453E+01
  0.428257E+01
  0.420020E+01
  0.411814E+01
  0.403663E+01
  0.395489E+01
  0.387253E+01
  0.378962E+01
  0.370684E+01
  0.362309E+01
  0.353779E+01
  0.345103E+01
  0.336380E+01
  0.327529E+01
  0.318545E+01
  0.309466E+01
  0.300400E+01
  0.291360E+01
  0.282241E+01
  0.272992E+01
  0.263754E+01
  0.254481E+01
  0.245104E+01
  0.235523E+01
  0.225791E+01
  0.215987E+01
  0.206039E+01
  0.195842E+01
  0.185463E+01
  0.174981E+01
  0.164355E+01
  0.153480E+01
  0.142421E+01
  0.131243E+01
  0.119912E+01
  0.108322E+01
  0.964775E+00
  0.844315E+00
  0.722395E+00
  0.597855E+00
  0.469764E+00
  0.338720E+00
  0.205623E+00
  0.700185E-01
 -0.692270E-01
 -0.212353E+00
 -0.358154E+00
 -0.506388E+00
 -0.657669E+00
 -0.812338E+00
 -0.969671E+00
 -0.112911E+01
 -0.129065E+01
 -0.145400E+01
 -0.161935E+01
 -0.178654E+01
 -0.195558E+01
 -0.212655E+01
 -0.229930E+01
 -0.247429E+01
 -0.265128E+01
 -0.282985E+01
 -0.301007E+01
 -0.319235E+01
 -0.337647E+01
 -0.356142E+01
 -0.374720E+01
 -0.393339E+01
 -0.412035E+01
 -0.430742E+01
 -0.449371E+01
 -0.467888E+01
 -0.486350E+01
 -0.504748E+01
 -0.523035E+01
 -0.541222E+01
 -0.559390E+01
 -0.577448E+01
 -0.595435E+01
 -0.613338E+01
 -0.631127E+01
 -0.648813E+01
 -0.666346E+01
 -0.683693E+01
 -0.700881E+01
 -0.717802E+01
 -0.734530E+01
 -0.750972E+01
 -0.767120E+01
 -0.782959E+01
 -0.798411E+01
 -0.813432E+01
 -0.828091E+01
 -0.842310E+01
 -0.856066E+01
 -0.869265E+01
 -0.882055E+01
 -0.894466E+01
 -0.906383E+01
 -0.917796E+01
 -0.928854E+01
 -0.939528E+01
 -0.949870E+01
 -0.959892E+01
 -0.969744E+01
 -0.979416E+01
 -0.988976E+01
 -0.998441E+01
 -0.100792E+02
 -0.101745E+02
 -0.102707E+02
 -0.103675E+02
 -0.104664E+02
 -0.105680E+02
 -0.106721E+02
 -0.107775E+02
 -0.108853E+02
 -0.109948E+02
 -0.111063E+02
 -0.112186E+02
 -0.113320E+02
 -0.114462E+02
 -0.115614E+02
 -0.116776E+02
 -0.117950E+02
 -0.119128E+02
 -0.120320E+02
 -0.121517E+02
 -0.122720E+02
 -0.123926E+02
 -0.125132E+02
 -0.126333E+02
 -0.127531E+02
 -0.128712E+02
 -0.129883E+02
 -0.131037E+02
 -0.132187E+02
 -0.133321E+02
 -0.134441E+02
 -0.135549E+02
 -0.136653E+02
 -0.137744E+02
 -0.138829E+02
 -0.139905E+02
 -0.140985E+02
 -0.142062E+02
 -0.143144E+02
 -0.144231E+02
 -0.145325E+02
 -0.146421E+02
 -0.147523E+02
 -0.148622E+02
 -0.149730E+02
 -0.150842E+02
 -0.151954E+02
 -0.153056E+02
 -0.154162E+02
 -0.155264E+02
 -0.156361E+02
 -0.157437E+02
 -0.158505E+02
 -0.159558E+02
 -0.160593E+02
 -0.161598E+02
 -0.162581E+02
 -0.163535E+02
 -0.164466E+02
 -0.165355E+02
 -0.166204E+02
 -0.167009E+02
 -0.167764E+02
 -0.168458E+02
 -0.169089E+02
 -0.169644E+02
 -0.170136E+02
 -0.170543E+02
 -0.170868E+02
 -0.171113E+02
 -0.171277E+02
 -0.171356E+02
 -0.171361E+02
 -0.171283E+02
 -0.171147E+02
 -0.170953E+02
 -0.170712E+02
 -0.170419E+02
 -0.170082E+02
 -0.169705E+02
 -0.169298E+02
 -0.168847E+02
 -0.168368E+02
 -0.167862E+02
 -0.167344E+02
 -0.166804E+02
 -0.166240E+02
 -0.165650E+02
 -0.165053E+02
 -0.164434E+02
 -0.163794E+02
 -0.163123E+02
 -0.162435E+02
 -0.161726E+02
 -0.160989E+02
 -0.160216E+02
 -0.159425E+02
 -0.158600E+02
 -0.157753E+02
 -0.156873E+02
 -0.155981E+02
 -0.155073E+02
 -0.154148E+02
 -0.153212E+02
 -0.152277E+02
 -0.151336E+02
 -0.150403E+02
 -0.149473E+02
 -0.148557E+02
 -0.147653E+02
 -0.146764E+02
 -0.145884E+02
 -0.145019E+02
 -0.144156E+02
 -0.143301E+02
 -0.142448E+02
 -0.141598E+02
 -0.140739E+02
 -0.139871E+02
 -0.138985E+02
 -0.138092E+02
 -0.137166E+02
 -0.136213E+02
 -0.135232E+02
 -0.134232E+02
 -0.133207E+02
 -0.132157E+02
 -0.131084E+02
 -0.129997E+02
 -0.128892E+02
 -0.127771E+02
 -0.126619E+02
 -0.125452E+02
 -0.124267E+02
 -0.123064E+02
 -0.121835E+02
 -0.120587E+02
 -0.119318E+02
 -0.118033E+02
 -0.116722E+02
 -0.115390E+02
 -0.114034E+02
 -0.112668E+02
 -0.111292E+02
 -0.109913E+02
 -0.108524E+02
 -0.107142E+02
 -0.105771E+02
 -0.104421E+02
 -0.103092E+02
 -0.101787E+02
 -0.100508E+02
 -0.992715E+01
 -0.980655E+01
 -0.968934E+01
 -0.957528E+01
 -0.946486E+01
 -0.935765E+01
 -0.925305E+01
 -0.914967E+01
 -0.904851E+01
 -0.894836E+01
 -0.884858E+01
 -0.874851E+01
 -0.864867E+01
 -0.854855E+01
 -0.844758E+01
 -0.834523E+01
 -0.824245E+01
 -0.813903E+01
 -0.803542E+01
 -0.793099E+01
 -0.782660E+01
 -0.772185E+01
 -0.761633E+01
 -0.751043E+01
 -0.740510E+01
 -0.729942E+01
 -0.719347E+01
 -0.708738E+01
 -0.698228E+01
 -0.687837E+01
 -0.677545E+01
 -0.667375E+01
 -0.657506E+01
 -0.647872E+01
 -0.638451E+01
 -0.629205E+01
 -0.620250E+01
 -0.611601E+01
 -0.603084E+01
 -0.594629E+01
 -0.586368E+01
 -0.578252E+01
 -0.570199E+01
 -0.562114E+01
 -0.554113E+01
 -0.546267E+01
 -0.538470E+01
 -0.530612E+01
 -0.522825E+01
 -0.515164E+01
 -0.507660E+01
 -0.500275E+01
 -0.493074E+01
 -0.486125E+01
 -0.479554E+01
 -0.473332E+01
 -0.467502E+01
 -0.462119E+01
 -0.457192E+01
 -0.452681E+01
 -0.448554E+01
 -0.444704E+01
 -0.441080E+01
 -0.437685E+01
 -0.434530E+01
 -0.431500E+01
 -0.428566E+01
 -0.425735E+01
 -0.423053E+01
 -0.420465E+01
 -0.417943E+01
 -0.415524E+01
 -0.413323E+01
 -0.411283E+01
 -0.409328E+01
 -0.407410E+01
 -0.405650E+01
 -0.404061E+01
 -0.402523E+01
 -0.400976E+01
 -0.399532E+01
 -0.398170E+01
 -0.396803E+01
 -0.395360E+01
 -0.393880E+01
 -0.392434E+01
 -0.390940E+01
 -0.389229E+01
 -0.387381E+01
 -0.385439E+01
 -0.383427E+01
 -0.381304E+01
 -0.379003E+01
 -0.376571E+01
 -0.374112E+01
 -0.371531E+01
 -0.368792E+01
 -0.365928E+01
 -0.363063E+01
 -0.360209E+01
 -0.357347E+01
 -0.354457E+01
 -0.351581E+01
 -0.348800E+01
 -0.346082E+01
 -0.343333E+01
 -0.340701E+01
 -0.338208E+01
 -0.335756E+01
 -0.333275E+01
 -0.330825E+01
 -0.328468E+01
 -0.326141E+01
 -0.323776E+01
 -0.321416E+01
 -0.319030E+01
 -0.316624E+01
 -0.314166E+01
 -0.311633E+01
 -0.309021E+01
 -0.306373E+01
 -0.303584E+01
 -0.300647E+01
 -0.297573E+01
 -0.294408E+01
 -0.291175E+01
 -0.287743E+01
 -0.284082E+01
 -0.280320E+01
 -0.276449E+01
 -0.272389E+01
 -0.268098E+01
 -0.263691E+01
 -0.259210E+01
 -0.254589E+01
 -0.249752E+01
 -0.244777E+01
 -0.239800E+01
 -0.234864E+01
 -0.229794E+01
 -0.224573E+01
 -0.219372E+01
 -0.214230E+01
 -0.209056E+01
 -0.203802E+01
 -0.198526E+01
 -0.193350E+01
 -0.188160E+01
 -0.182780E+01
 -0.177228E+01
 -0.171640E+01
 -0.165990E+01
 -0.160137E+01
 -0.154023E+01
 -0.147735E+01
 -0.141310E+01
 -0.134625E+01
 -0.127593E+01
 -0.120328E+01
 -0.112913E+01
 -0.105282E+01
 -0.973382E+00
 -0.891694E+00
 -0.809241E+00
 -0.725647E+00
 -0.639742E+00
 -0.552685E+00
 -0.465659E+00
 -0.378974E+00
 -0.291828E+00
 -0.202921E+00
 -0.113287E+00
 -0.237082E-01
  0.666988E-01
  0.158548E+00
  0.251303E+00
  0.344739E+00
  0.439117E+00
  0.535205E+00
  0.633065E+00
  0.731863E+00
  0.831575E+00
  0.932625E+00
  0.103562E+01
  0.113980E+01
  0.124378E+01
  0.134823E+01
  0.145365E+01
  0.156032E+01
  0.166701E+01
  0.177308E+01
  0.188003E+01
  0.198886E+01
  0.209884E+01
  0.220923E+01
  0.232042E+01
  0.243415E+01
  0.255011E+01
  0.266733E+01
  0.278583E+01
  0.290679E+01
  0.303024E+01
  0.315519E+01
  0.328074E+01
  0.340806E+01
  0.353754E+01
  0.366853E+01
  0.379977E+01
  0.393174E+01
  0.406572E+01
  0.420175E+01
  0.433856E+01
  0.447625E+01
  0.461573E+01
  0.475786E+01
  0.490103E+01
  0.504418E+01
  0.518833E+01
  0.533523E+01
  0.548354E+01
  0.563322E+01
  0.578411E+01
  0.593649E+01
  0.609077E+01
  0.624601E+01
  0.640122E+01
  0.655807E+01
  0.671668E+01
  0.687635E+01
  0.703534E+01
  0.719409E+01
  0.735355E+01
  0.751302E+01
  0.767036E+01
  0.782650E+01
  0.798104E+01
  0.813394E+01
  0.828390E+01
  0.843022E+01
  0.857229E+01
  0.871111E+01
  0.884601E+01
  0.897654E+01
  0.910170E+01
  0.922227E+01
  0.933859E+01
  0.945032E+01
  0.955607E+01
  0.965712E+01
  0.975435E+01
  0.984780E+01
  0.993594E+01
  0.100201E+02
  0.101004E+02
  0.101765E+02
  0.102473E+02
  0.103140E+02
  0.103752E+02
  0.104317E+02
  0.104837E+02
  0.105309E+02
  0.105729E+02
  0.106095E+02
  0.106402E+02
  0.106670E+02
  0.106885E+02
  0.107046E+02
  0.107157E+02
  0.107232E+02
  0.107266E+02
  0.107257E+02
  0.107197E+02
  0.107101E+02
  0.106971E+02
  0.106807E+02
  0.106594E+02
  0.106342E+02
  0.106051E+02
  0.105724E+02
  0.105359E+02
  0.104970E+02
  0.104550E+02
  0.104112E+02
  0.103646E+02
  0.103167E+02
  0.102676E+02
  0.102172E+02
  0.101658E+02
  0.101142E+02
  0.100623E+02
  0.100105E+02
  0.995825E+01
  0.990661E+01
  0.985505E+01
  0.980363E+01
  0.975204E+01
  0.970072E+01
  0.964873E+01
  0.959757E+01
  0.954601E+01
  0.949482E+01
  0.944403E+01
  0.939288E+01
  0.934095E+01
  0.928943E+01
  0.923804E+01
  0.918639E+01
  0.913386E+01
  0.908194E+01
  0.903012E+01
  0.897801E+01
  0.892493E+01
  0.887189E+01
  0.881908E+01
  0.876735E+01
  0.871555E+01
  0.866394E+01
  0.861331E+01
  0.856384E+01
  0.851474E+01
  0.846602E+01
  0.841694E+01
  0.836889E+01
  0.832049E+01
  0.827141E+01
  0.822133E+01
  0.817080E+01
  0.811959E+01
  0.806773E+01
  0.801443E+01
  0.795998E+01
  0.790468E+01
  0.784918E+01
  0.779192E+01
  0.773245E+01
  0.767139E+01
  0.761005E+01
  0.754663E+01
  0.748138E+01
  0.741451E+01
  0.734649E+01
  0.727679E+01
  0.720524E+01
  0.713231E+01
  0.705916E+01
  0.698489E+01
  0.690994E+01
  0.683429E+01
  0.675907E+01
  0.668428E+01
  0.660953E+01
  0.653472E+01
  0.646084E+01
  0.638787E+01
  0.631593E+01
  0.624415E+01
  0.617357E+01
  0.610427E+01
  0.603583E+01
  0.596745E+01
  0.589930E+01
  0.583124E+01
  0.576367E+01
  0.569535E+01
  0.562674E+01
  0.555828E+01
  0.549010E+01
  0.542149E+01
  0.535272E+01
  0.528438E+01
  0.521828E+01
  0.515423E+01
  0.509234E+01
  0.503283E+01
  0.497664E+01
  0.492412E+01
  0.487513E+01
  0.482853E+01
  0.478459E+01
  0.474360E+01
  0.470591E+01
  0.467007E+01
  0.463537E+01
  0.460236E+01
  0.457138E+01
  0.454080E+01
  0.451124E+01
  0.448337E+01
  0.445726E+01
  0.443184E+01
  0.440666E+01
  0.438203E+01
  0.435879E+01
  0.433620E+01
  0.431432E+01
  0.429266E+01
  0.427164E+01
  0.425191E+01
  0.423349E+01
  0.421550E+01
  0.419843E+01
  0.418343E+01
  0.417087E+01
  0.415922E+01
  0.414901E+01
  0.414031E+01
  0.413254E+01
  0.412496E+01
  0.411731E+01
  0.410935E+01
  0.410149E+01
  0.409299E+01
  0.408335E+01
  0.407191E+01
  0.405918E+01
  0.404533E+01
  0.403034E+01
  0.401344E+01
  0.399485E+01
  0.397491E+01
  0.395451E+01
  0.393363E+01
  0.391154E+01
  0.388820E+01
  0.386514E+01
  0.384246E+01
  0.382003E+01
  0.379745E+01
  0.377649E+01
  0.375831E+01
  0.374238E+01
  0.372828E+01
  0.371676E+01
  0.370752E+01
  0.370087E+01
  0.369639E+01
  0.369391E+01
  0.369296E+01
  0.369361E+01
  0.369564E+01
  0.369923E+01
  0.370376E+01
  0.370938E+01
  0.371636E+01
  0.372495E+01
  0.373479E+01
  0.374537E+01
  0.375647E+01
  0.376884E+01
  0.378211E+01
  0.379582E+01
  0.380900E+01
  0.382254E+01
  0.383662E+01
  0.385064E+01
  0.386384E+01
  0.387625E+01
  0.388768E+01
  0.389863E+01
  0.390828E+01
  0.391650E+01
  0.392274E+01
  0.392715E+01
  0.393036E+01
  0.393223E+01
  0.393250E+01
  0.393170E+01
  0.392952E+01
  0.392639E+01
  0.392225E+01
  0.391668E+01
  0.390913E+01
  0.390007E+01
  0.388941E+01
  0.387741E+01
  0.386311E+01
  0.384740E+01
  0.382990E+01
  0.381025E+01
  0.378775E+01
  0.376296E+01
  0.373545E+01
  0.370556E+01
  0.367410E+01
  0.363956E+01
  0.360462E+01
  0.356829E+01
  0.352832E+01
  0.348829E+01
  0.344514E+01
  0.340008E+01
  0.335364E+01
  0.330375E+01
  0.325346E+01
  0.320025E+01
  0.314255E+01
  0.308384E+01
  0.302033E+01
  0.295399E+01
  0.288477E+01
  0.281014E+01
  0.273405E+01
  0.265450E+01
  0.257138E+01
  0.248694E+01
  0.239918E+01
  0.231068E+01
  0.222004E+01
  0.212759E+01
  0.203427E+01
  0.193862E+01
  0.184254E+01
  0.174448E+01
  0.164377E+01
  0.154177E+01
  0.143701E+01
  0.132975E+01
  0.121946E+01
  0.110674E+01
  0.991400E+00
  0.873803E+00
  0.754811E+00
  0.634327E+00
  0.513360E+00
  0.392329E+00
  0.271564E+00
  0.151737E+00
  0.325487E-01
 -0.842044E-01
 -0.198934E+00
 -0.312114E+00
 -0.422773E+00
 -0.531485E+00
 -0.637240E+00
 -0.741369E+00
 -0.844139E+00
 -0.944907E+00
 -0.104418E+01
 -0.114202E+01
 -0.124022E+01
 -0.133726E+01
 -0.143314E+01
 -0.152863E+01
 -0.162386E+01
 -0.172034E+01
 -0.181650E+01
 -0.191347E+01
 -0.201196E+01
 -0.211194E+01
 -0.221374E+01
 -0.231600E+01
 -0.241930E+01
 -0.252406E+01
 -0.262952E+01
 -0.273464E+01
 -0.283838E+01
 -0.294149E+01
 -0.304384E+01
 -0.314525E+01
 -0.324487E+01
 -0.334308E+01
 -0.344147E+01
 -0.353982E+01
 -0.363750E+01
 -0.373503E+01
 -0.383269E+01
 -0.393090E+01
 -0.402909E+01
 -0.412747E+01
 -0.422603E+01
 -0.432503E+01
 -0.442484E+01
 -0.452489E+01
 -0.462405E+01
 -0.472339E+01
 -0.482275E+01
 -0.492187E+01
 -0.502010E+01
 -0.511695E+01
 -0.521235E+01
 -0.530600E+01
 -0.539777E+01
 -0.548762E+01
 -0.557510E+01
 -0.566098E+01
 -0.574495E+01
 -0.582749E+01
 -0.590854E+01
 -0.598834E+01
 -0.606738E+01
 -0.614631E+01
 -0.622479E+01
 -0.630379E+01
 -0.638333E+01
 -0.646306E+01
 -0.654282E+01
 -0.662401E+01
 -0.670620E+01
 -0.678855E+01
 -0.687057E+01
 -0.695324E+01
 -0.703654E+01
 -0.711993E+01
 -0.720221E+01
 -0.728449E+01
 -0.736765E+01
 -0.745108E+01
 -0.753434E+01
 -0.761827E+01
 -0.770312E+01
 -0.778924E+01
 -0.787592E+01
 -0.796397E+01
 -0.805307E+01
 -0.814353E+01
 -0.823474E+01
 -0.832691E+01
 -0.841833E+01
 -0.850889E+01
 -0.859924E+01
 -0.868989E+01
 -0.877962E+01
 -0.886793E+01
 -0.895520E+01
 -0.904234E+01
 -0.912840E+01
 -0.921315E+01
 -0.929618E+01
 -0.937907E+01
 -0.946155E+01
 -0.954322E+01
 -0.962376E+01
 -0.970394E+01
 -0.978249E+01
 -0.985954E+01
 -0.993472E+01
 -0.100088E+02
 -0.100809E+02
 -0.101501E+02
 -0.102158E+02
 -0.102790E+02
 -0.103391E+02
 -0.103959E+02
 -0.104493E+02
 -0.105003E+02
 -0.105491E+02
 -0.105965E+02
 -0.106423E+02
 -0.106883E+02
 -0.107339E+02
 -0.107792E+02
 -0.108236E+02
 -0.108681E+02
 -0.109129E+02
 -0.109584E+02
 -0.110040E+02
 -0.110505E+02
 -0.110965E+02
 -0.111426E+02
 -0.111882E+02
 -0.112336E+02
 -0.112778E+02
 -0.113208E+02
 -0.113625E+02
 -0.114043E+02
 -0.114447E+02
 -0.114841E+02
 -0.115227E+02
 -0.115612E+02
 -0.115989E+02
 -0.116354E+02
 -0.116704E+02
 -0.117053E+02
 -0.117388E+02
 -0.117713E+02
 -0.118020E+02
 -0.118313E+02
 -0.118587E+02
 -0.118843E+02
 -0.119071E+02
 -0.119276E+02
 -0.119454E+02
 -0.119609E+02
 -0.119737E+02
 -0.119844E+02
 -0.119922E+02
 -0.119971E+02
 -0.119987E+02
 -0.119980E+02
 -0.119941E+02
 -0.119878E+02
 -0.119785E+02
 -0.119671E+02
 -0.119531E+02
 -0.119366E+02
 -0.119166E+02
 -0.118942E+02
 -0.118689E+02
 -0.118412E+02
 -0.118103E+02
 -0.117773E+02
 -0.117413E+02
 -0.117024E+02
 -0.116602E+02
 -0.116155E+02
 -0.115675E+02
 -0.115162E+02
 -0.114611E+02
 -0.114032E+02
 -0.113415E+02
 -0.112753E+02
 -0.112042E+02
 -0.111287E+02
 -0.110479E+02
 -0.109622E+02
 -0.108713E+02
 -0.107759E+02
 -0.106753E+02
 -0.105696E+02
 -0.104583E+02
 -0.103431E+02
 -0.102238E+02
 -0.101005E+02
 -0.997275E+01
 -0.984190E+01
 -0.970777E+01
 -0.957010E+01
 -0.942890E+01
 -0.928537E+01
 -0.913867E+01
 -0.898891E+01
 -0.883635E+01
 -0.868267E+01
 -0.852724E+01
 -0.836966E+01
 -0.821052E+01
 -0.805166E+01
 -0.789263E+01
 -0.773243E+01
 -0.757070E+01
 -0.740943E+01
 -0.724907E+01
 -0.708890E+01
 -0.692777E+01
 -0.676697E+01
 -0.660648E+01
 -0.644642E+01
 -0.628576E+01
 -0.612534E+01
 -0.596574E+01
 -0.580784E+01
 -0.565091E+01
 -0.549457E+01
 -0.533945E+01
 -0.518615E+01
 -0.503406E+01
 -0.488307E+01
 -0.473264E+01
 -0.458294E+01
 -0.443419E+01
 -0.428587E+01
 -0.413683E+01
 -0.398805E+01
 -0.383978E+01
 -0.369238E+01
 -0.354536E+01
 -0.339883E+01
 -0.325358E+01
 -0.310950E+01
 -0.296596E+01
 -0.282358E+01
 -0.268212E+01
 -0.254128E+01
 -0.240085E+01
 -0.226063E+01
 -0.212068E+01
 -0.198074E+01
 -0.184009E+01
 -0.169927E+01
 -0.155772E+01
 -0.141561E+01
 -0.127332E+01
 -0.112975E+01
 -0.985171E+00
 -0.840316E+00
 -0.695358E+00
 -0.549945E+00
 -0.404043E+00
 -0.258250E+00
 -0.112750E+00
  0.316226E-01
  0.174913E+00
  0.317195E+00
  0.457429E+00
  0.594857E+00
  0.730340E+00
  0.864195E+00
  0.996168E+00
  0.112582E+01
  0.125212E+01
  0.137623E+01
  0.149830E+01
  0.161795E+01
  0.173497E+01
  0.184968E+01
  0.196247E+01
  0.207362E+01
  0.218340E+01
  0.229087E+01
  0.239597E+01
  0.250048E+01
  0.260469E+01
  0.270813E+01
  0.281040E+01
  0.291218E+01
  0.301367E+01
  0.311425E+01
  0.321328E+01
  0.331130E+01
  0.340775E+01
  0.350285E+01
  0.359629E+01
  0.368755E+01
  0.377644E+01
  0.386291E+01
  0.394693E+01
  0.402851E+01
  0.410713E+01
  0.418325E+01
  0.425640E+01
  0.432714E+01
  0.439501E+01
  0.446021E+01
  0.452339E+01
  0.458515E+01
  0.464523E+01
  0.470391E+01
  0.476229E+01
  0.482045E+01
  0.487828E+01
  0.493695E+01
  0.499618E+01
  0.505694E+01
  0.511832E+01
  0.518119E+01
  0.524562E+01
  0.531159E+01
  0.537919E+01
  0.544784E+01
  0.551717E+01
  0.558757E+01
  0.565884E+01
  0.573105E+01
  0.580330E+01
  0.587586E+01
  0.594818E+01
  0.602018E+01
  0.609157E+01
  0.616276E+01
  0.623338E+01
  0.630422E+01
  0.637498E+01
  0.644567E+01
  0.651643E+01
  0.658750E+01
  0.665839E+01
  0.673009E+01
  0.680214E+01
  0.687487E+01
  0.694806E+01
  0.702197E+01
  0.709614E+01
  0.717044E+01
  0.724443E+01
  0.731819E+01
  0.739109E+01
  0.746425E+01
  0.753719E+01
  0.760950E+01
  0.768082E+01
  0.775172E+01
  0.782179E+01
  0.789022E+01
  0.795656E+01
  0.802201E+01
  0.808560E+01
  0.814729E+01
  0.820629E+01
  0.826368E+01
  0.831894E+01
  0.837158E+01
  0.842149E+01
  0.846939E+01
  0.851444E+01
  0.855661E+01
  0.859538E+01
  0.863127E+01
  0.866446E+01
  0.869575E+01
  0.872406E+01
  0.874965E+01
  0.877253E+01
  0.879295E+01
  0.881073E+01
  0.882677E+01
  0.884098E+01
  0.885412E+01
  0.886561E+01
  0.887679E+01
  0.888707E+01
  0.889668E+01
  0.890606E+01
  0.891562E+01
  0.892522E+01
  0.893585E+01
  0.894707E+01
  0.895945E+01
  0.897197E+01
  0.898504E+01
  0.899823E+01
  0.901176E+01
  0.902488E+01
  0.903744E+01
  0.904927E+01
  0.906140E+01
  0.907265E+01
  0.908246E+01
  0.909019E+01
  0.909770E+01
  0.910422E+01
  0.910909E+01
  0.911200E+01
  0.911360E+01
  0.911496E+01
  0.911572E+01
  0.911460E+01
  0.911354E+01
  0.911204E+01
  0.911159E+01
  0.911155E+01
  0.911181E+01
  0.911219E+01
  0.911269E+01
  0.911333E+01
  0.911421E+01
  0.911428E+01
  0.911357E+01
  0.911146E+01
  0.910933E+01
  0.910653E+01
  0.910258E+01
  0.909702E+01
  0.909065E+01
  0.908324E+01
  0.907522E+01
  0.906505E+01
  0.905379E+01
  0.904193E+01
  0.902906E+01
  0.901447E+01
  0.899863E+01
  0.898081E+01
  0.896125E+01
  0.893914E+01
  0.891502E+01
  0.888802E+01
  0.885813E+01
  0.882516E+01
  0.878885E+01
  0.874839E+01
  0.870467E+01
  0.865710E+01
  0.860605E+01
  0.855110E+01
  0.849249E+01
  0.842979E+01
  0.836398E+01
  0.829469E+01
  0.822242E+01
  0.814829E+01
  0.807372E+01
  0.799770E+01
  0.792118E+01
  0.784409E+01
  0.776738E+01
  0.769058E+01
  0.761358E+01
  0.753677E+01
  0.746036E+01
  0.738360E+01
  0.730668E+01
  0.722886E+01
  0.715122E+01
  0.707373E+01
  0.699692E+01
  0.692019E+01
  0.684377E+01
  0.676825E+01
  0.669366E+01
  0.661948E+01
  0.654687E+01
  0.647520E+01
  0.640520E+01
  0.633673E+01
  0.627069E+01
  0.620709E+01
  0.614479E+01
  0.608316E+01
  0.602300E+01
  0.596369E+01
  0.590574E+01
  0.584867E+01
  0.579222E+01
  0.573574E+01
  0.567958E+01
  0.562284E+01
  0.556580E+01
  0.550854E+01
  0.545069E+01
  0.539186E+01
  0.533272E+01
  0.527302E+01
  0.521344E+01
  0.515336E+01
  0.509346E+01
  0.503354E+01
  0.497381E+01
  0.491375E+01
  0.485405E+01
  0.479556E+01
  0.473726E+01
  0.467844E+01
  0.461990E+01
  0.456171E+01
  0.450445E+01
  0.444714E+01
  0.438966E+01
  0.433225E+01
  0.427572E+01
  0.421951E+01
  0.416301E+01
  0.410636E+01
  0.405070E+01
  0.399571E+01
  0.394161E+01
  0.388812E+01
  0.383536E+01
  0.378355E+01
  0.373335E+01
  0.368438E+01
  0.363707E+01
  0.359157E+01
  0.354913E+01
  0.350971E+01
  0.347207E+01
  0.343598E+01
  0.340188E+01
  0.336957E+01
  0.333883E+01
  0.330923E+01
  0.328103E+01
  0.325436E+01
  0.322928E+01
  0.320466E+01
  0.318097E+01
  0.315842E+01
  0.313727E+01
  0.311708E+01
  0.309772E+01
  0.307907E+01
  0.306166E+01
  0.304452E+01
  0.302744E+01
  0.301010E+01
  0.299242E+01
  0.297445E+01
  0.295619E+01
  0.293735E+01
  0.291746E+01
  0.289715E+01
  0.287661E+01
  0.285472E+01
  0.283185E+01
  0.280817E+01
  0.278410E+01
  0.275877E+01
  0.273267E+01
  0.270582E+01
  0.267853E+01
  0.265072E+01
  0.262259E+01
  0.259407E+01
  0.256571E+01
  0.253771E+01
  0.250959E+01
  0.248128E+01
  0.245333E+01
  0.242527E+01
  0.239676E+01
  0.236733E+01
  0.233716E+01
  0.230632E+01
  0.227472E+01
  0.224178E+01
  0.220773E+01
  0.217246E+01
  0.213588E+01
  0.209727E+01
  0.205715E+01
  0.201562E+01
  0.197250E+01
  0.192765E+01
  0.188037E+01
  0.183052E+01
  0.177979E+01
  0.172797E+01
  0.167450E+01
  0.161803E+01
  0.155906E+01
  0.149926E+01
  0.143773E+01
  0.137436E+01
  0.130913E+01
  0.124197E+01
  0.117396E+01
  0.110497E+01
  0.103506E+01
  0.964090E+00
  0.892236E+00
  0.818697E+00
  0.743948E+00
  0.667723E+00
  0.590726E+00
  0.512861E+00
  0.432990E+00
  0.352010E+00
  0.269778E+00
  0.186156E+00
  0.101599E+00
  0.163629E-01
 -0.702040E-01
 -0.158555E+00
 -0.248039E+00
 -0.338416E+00
 -0.429677E+00
 -0.522251E+00
 -0.615250E+00
 -0.708699E+00
 -0.802644E+00
 -0.896290E+00
 -0.989622E+00
 -0.108270E+01
 -0.117537E+01
 -0.126805E+01
 -0.136073E+01
 -0.145252E+01
 -0.154352E+01
 -0.163407E+01
 -0.172466E+01
 -0.181483E+01
 -0.190480E+01
 -0.199479E+01
 -0.208486E+01
 -0.217533E+01
 -0.226643E+01
 -0.235845E+01
 -0.245157E+01
 -0.254590E+01
 -0.264159E+01
 -0.273847E+01
 -0.283650E+01
 -0.293515E+01
 -0.303409E+01
 -0.313271E+01
 -0.323103E+01
 -0.332941E+01
 -0.342727E+01
 -0.352424E+01
 -0.362080E+01
 -0.371602E+01
 -0.381075E+01
 -0.390498E+01
 -0.399776E+01
 -0.408925E+01
 -0.417981E+01
 -0.426916E+01
 -0.435731E+01
 -0.444413E+01
 -0.452953E+01
 -0.461281E+01
 -0.469406E+01
 -0.477263E+01
 -0.484915E+01
 -0.492296E+01
 -0.499361E+01
 -0.506129E+01
 -0.512580E+01
 -0.518739E+01
 -0.524550E+01
 -0.529862E+01
 -0.534772E+01
 -0.539306E+01
 -0.543458E+01
 -0.547143E+01
 -0.550378E+01
 -0.553220E+01
 -0.555727E+01
 -0.557803E+01
 -0.559432E+01
 -0.560587E+01
 -0.561347E+01
 -0.561664E+01
 -0.561570E+01
 -0.561045E+01
 -0.560120E+01
 -0.558876E+01
 -0.557329E+01
 -0.555328E+01
 -0.552887E+01
 -0.550084E+01
 -0.546957E+01
 -0.543414E+01
 -0.539343E+01
 -0.534766E+01
 -0.529857E+01
 -0.524645E+01
 -0.519089E+01
 -0.513050E+01
 -0.506653E+01
 -0.499972E+01
 -0.493066E+01
 -0.485822E+01
 -0.478187E+01
 -0.470193E+01
 -0.461950E+01
 -0.453429E+01
 -0.444553E+01
 -0.435253E+01
 -0.425568E+01
 -0.415613E+01
 -0.405381E+01
 -0.394841E+01
 -0.384010E+01
 -0.372821E+01
 -0.361380E+01
 -0.349764E+01
 -0.338027E+01
 -0.326144E+01
 -0.314121E+01
 -0.301988E+01
 -0.289809E+01
 -0.277587E+01
 -0.265350E+01
 -0.253096E+01
 -0.240865E+01
 -0.228681E+01
 -0.216612E+01
 -0.204647E+01
 -0.192799E+01
 -0.181157E+01
 -0.169742E+01
 -0.158540E+01
 -0.147502E+01
 -0.136653E+01
 -0.126013E+01
 -0.115521E+01
 -0.105212E+01
 -0.950065E+00
 -0.848826E+00
 -0.748408E+00
 -0.648399E+00
 -0.547804E+00
 -0.446208E+00
 -0.343762E+00
 -0.241137E+00
 -0.139070E+00
 -0.364414E-01
  0.671346E-01
  0.170825E+00
  0.273114E+00
  0.374118E+00
  0.474936E+00
  0.575198E+00
  0.673567E+00
  0.769459E+00
  0.863427E+00
  0.955617E+00
  0.104576E+01
  0.113352E+01
  0.121831E+01
  0.130047E+01
  0.138052E+01
  0.145865E+01
  0.153481E+01
  0.160950E+01
  0.168325E+01
  0.175674E+01
  0.182949E+01
  0.190136E+01
  0.197280E+01
  0.204455E+01
  0.211661E+01
  0.218921E+01
  0.226232E+01
  0.233585E+01
  0.241032E+01
  0.248578E+01
  0.256145E+01
  0.263784E+01
  0.271514E+01
  0.279340E+01
  0.287165E+01
  0.295031E+01
  0.302950E+01
  0.310803E+01
  0.318602E+01
  0.326398E+01
  0.334179E+01
  0.341973E+01
  0.349678E+01
  0.357288E+01
  0.364820E+01
  0.372370E+01
  0.379901E+01
  0.387421E+01
  0.395004E+01
  0.402692E+01
  0.410462E+01
  0.418306E+01
  0.426140E+01
  0.434012E+01
  0.441925E+01
  0.449907E+01
  0.457925E+01
  0.465956E+01
  0.473954E+01
  0.481964E+01
  0.489955E+01
  0.497803E+01
  0.505408E+01
  0.512843E+01
  0.520121E+01
  0.527189E+01
  0.533916E+01
  0.540315E+01
  0.546395E+01
  0.552252E+01
  0.557798E+01
  0.562967E+01
  0.567759E+01
  0.572267E+01
  0.576479E+01
  0.580468E+01
  0.584202E+01
  0.587736E+01
  0.591120E+01
  0.594481E+01
  0.597789E+01
  0.600920E+01
  0.603852E+01
  0.606732E+01
  0.609556E+01
  0.612271E+01
  0.614785E+01
  0.617233E+01
  0.619669E+01
  0.622039E+01
  0.624267E+01
  0.626498E+01
  0.628610E+01
  0.630651E+01
  0.632692E+01
  0.634706E+01
  0.636712E+01
  0.638708E+01
  0.640655E+01
  0.642640E+01
  0.644686E+01
  0.646868E+01
  0.649013E+01
  0.651199E+01
  0.653478E+01
  0.655826E+01
  0.658201E+01
  0.660582E+01
  0.662959E+01
  0.665404E+01
  0.667883E+01
  0.670441E+01
  0.672934E+01
  0.675403E+01
  0.677955E+01
  0.680658E+01
  0.683397E+01
  0.686163E+01
  0.688977E+01
  0.691977E+01
  0.695104E+01
  0.698269E+01
  0.701415E+01
  0.704638E+01
  0.707935E+01
  0.711335E+01
  0.714601E+01
  0.717734E+01
  0.720863E+01
  0.723937E+01
  0.726806E+01
  0.729456E+01
  0.731913E+01
  0.734254E+01
  0.736337E+01
  0.738201E+01
  0.739736E+01
  0.740985E+01
  0.741963E+01
  0.742642E+01
  0.742908E+01
  0.742869E+01
  0.742531E+01
  0.741932E+01
  0.740990E+01
  0.739714E+01
  0.738139E+01
  0.736288E+01
  0.734072E+01
  0.731551E+01
  0.728686E+01
  0.725479E+01
  0.721911E+01
  0.717933E+01
  0.713452E+01
  0.708599E+01
  0.703303E+01
  0.697619E+01
  0.691453E+01
  0.684895E+01
  0.678049E+01
  0.670854E+01
  0.663299E+01
  0.655536E+01
  0.647548E+01
  0.639360E+01
  0.631006E+01
  0.622587E+01
  0.614024E+01
  0.605388E+01
  0.596697E+01
  0.587959E+01
  0.579104E+01
  0.570191E+01
  0.561173E+01
  0.552083E+01
  0.542877E+01
  0.533451E+01
  0.523770E+01
  0.513907E+01
  0.503816E+01
  0.493545E+01
  0.483033E+01
  0.472339E+01
  0.461466E+01
  0.450409E+01
  0.439174E+01
  0.427830E+01
  0.416327E+01
  0.404696E+01
  0.392928E+01
  0.381131E+01
  0.369266E+01
  0.357261E+01
  0.345176E+01
  0.333065E+01
  0.320893E+01
  0.308720E+01
  0.296586E+01
  0.284483E+01
  0.272387E+01
  0.260409E+01
  0.248507E+01
  0.236709E+01
  0.224965E+01
  0.213310E+01
  0.201769E+01
  0.190351E+01
  0.179068E+01
  0.167891E+01
  0.156805E+01
  0.145854E+01
  0.135045E+01
  0.124382E+01
  0.113863E+01
  0.103514E+01
  0.933677E+00
  0.834320E+00
  0.736577E+00
  0.640796E+00
  0.546838E+00
  0.454510E+00
  0.363698E+00
  0.274409E+00
  0.186477E+00
  0.100113E+00
  0.151355E-01
 -0.688746E-01
 -0.151335E+00
 -0.231777E+00
 -0.310807E+00
 -0.388908E+00
 -0.466022E+00
 -0.541822E+00
 -0.616361E+00
 -0.689953E+00
 -0.762765E+00
 -0.835148E+00
 -0.906863E+00
 -0.977672E+00
 -0.104794E+01
 -0.111740E+01
 -0.118615E+01
 -0.125434E+01
 -0.132179E+01
 -0.138870E+01
 -0.145506E+01
 -0.152083E+01
 -0.158612E+01
 -0.165089E+01
 -0.171540E+01
 -0.177967E+01
 -0.184349E+01
 -0.190687E+01
 -0.196979E+01
 -0.203291E+01
 -0.209565E+01
 -0.215746E+01
 -0.221845E+01
 -0.227935E+01
 -0.233997E+01
 -0.239960E+01
 -0.245800E+01
 -0.251496E+01
 -0.257081E+01
 -0.262529E+01
 -0.267766E+01
 -0.272748E+01
 -0.277401E+01
 -0.281765E+01
 -0.285833E+01
 -0.289566E+01
 -0.292894E+01
 -0.295809E+01
 -0.298381E+01
 -0.300626E+01
 -0.302536E+01
 -0.304131E+01
 -0.305373E+01
 -0.306318E+01
 -0.307009E+01
 -0.307469E+01
 -0.307684E+01
 -0.307640E+01
 -0.307326E+01
 -0.306856E+01
 -0.306255E+01
 -0.305470E+01
 -0.304474E+01
 -0.303296E+01
 -0.302000E+01
 -0.300565E+01
 -0.298939E+01
 -0.297116E+01
 -0.295086E+01
 -0.292868E+01
 -0.290380E+01
 -0.287638E+01
 -0.284624E+01
 -0.281370E+01
 -0.277839E+01
 -0.274020E+01
 -0.269983E+01
 -0.265728E+01
 -0.261262E+01
 -0.256607E+01
 -0.251770E+01
 -0.246765E+01
 -0.241614E+01
 -0.236424E+01
 -0.231168E+01
 -0.225839E+01
 -0.220428E+01
 -0.215008E+01
 -0.209607E+01
 -0.204171E+01
 -0.198755E+01
 -0.193337E+01
 -0.187888E+01
 -0.182524E+01
 -0.177280E+01
 -0.172127E+01
 -0.167041E+01
 -0.162047E+01
 -0.157143E+01
 -0.152374E+01
 -0.147757E+01
 -0.143307E+01
 -0.139005E+01
 -0.134849E+01
 -0.130841E+01
 -0.126989E+01
 -0.123319E+01
 -0.119764E+01
 -0.116308E+01
 -0.112941E+01
 -0.109692E+01
 -0.106586E+01
 -0.103572E+01
 -0.100659E+01
 -0.978312E+00
 -0.950283E+00
 -0.922174E+00
 -0.894506E+00
 -0.867866E+00
 -0.841591E+00
 -0.814578E+00
 -0.787633E+00
 -0.760978E+00
 -0.734704E+00
 -0.708977E+00
 -0.683084E+00
 -0.657901E+00
 -0.633436E+00
 -0.608902E+00
 -0.584258E+00
 -0.559753E+00
 -0.535247E+00
 -0.510745E+00
 -0.485859E+00
 -0.459809E+00
 -0.433528E+00
 -0.407182E+00
 -0.379637E+00
 -0.350749E+00
 -0.320747E+00
 -0.290051E+00
 -0.258599E+00
 -0.225975E+00
 -0.191404E+00
 -0.154717E+00
 -0.117424E+00
 -0.791321E-01
 -0.393283E-01
  0.131285E-02
  0.425248E-01
  0.839741E-01
  0.126715E+00
  0.170641E+00
  0.215685E+00
  0.261422E+00
  0.308124E+00
  0.356255E+00
  0.405063E+00
  0.453691E+00
  0.501674E+00
  0.549682E+00
  0.597567E+00
  0.644033E+00
  0.688936E+00
  0.732963E+00
  0.775574E+00
  0.816317E+00
  0.855779E+00
  0.893963E+00
  0.931059E+00
  0.966726E+00
  0.100118E+01
  0.103435E+01
  0.106712E+01
  0.109891E+01
  0.112956E+01
  0.115958E+01
  0.118891E+01
  0.121816E+01
  0.124712E+01
  0.127563E+01
  0.130396E+01
  0.133163E+01
  0.135821E+01
  0.138305E+01
  0.140703E+01
  0.143029E+01
  0.145183E+01
  0.147150E+01
  0.149027E+01
  0.150803E+01
  0.152455E+01
  0.153932E+01
  0.155240E+01
  0.156406E+01
  0.157500E+01
  0.158483E+01
  0.159308E+01
  0.159998E+01
  0.160591E+01
  0.161111E+01
  0.161604E+01
  0.162042E+01
  0.162478E+01
  0.162983E+01
  0.163564E+01
  0.164175E+01
  0.164807E+01
  0.165494E+01
  0.166279E+01
  0.167177E+01
  0.168122E+01
  0.169048E+01
  0.170071E+01
  0.171201E+01
  0.172430E+01
  0.173676E+01
  0.174917E+01
  0.176179E+01
  0.177521E+01
  0.178908E+01
  0.180283E+01
  0.181600E+01
  0.182908E+01
  0.184238E+01
  0.185540E+01
  0.186745E+01
  0.187887E+01
  0.189010E+01
  0.190152E+01
  0.191209E+01
  0.192092E+01
  0.192800E+01
  0.193362E+01
  0.193779E+01
  0.194007E+01
  0.193919E+01
  0.193567E+01
  0.192958E+01
  0.192115E+01
  0.190970E+01
  0.189513E+01
  0.187760E+01
  0.185796E+01
  0.183636E+01
  0.181177E+01
  0.178480E+01
  0.175635E+01
  0.172650E+01
  0.169543E+01
  0.166209E+01
  0.162742E+01
  0.159213E+01
  0.155572E+01
  0.151767E+01
  0.147813E+01
  0.143738E+01
  0.139579E+01
  0.135299E+01
  0.130882E+01
  0.126347E+01
  0.121769E+01
  0.117078E+01
  0.112238E+01
  0.107265E+01
  0.102188E+01
  0.970081E+00
  0.916910E+00
  0.861718E+00
  0.805401E+00
  0.748105E+00
  0.688906E+00
  0.628126E+00
  0.565989E+00
  0.501701E+00
  0.435565E+00
  0.368108E+00
  0.299811E+00
  0.231249E+00
  0.163377E+00
  0.963068E-01
  0.303478E-01
 -0.340133E-01
 -0.965620E-01
 -0.157411E+00
 -0.216791E+00
 -0.274692E+00
 -0.330274E+00
 -0.383152E+00
 -0.433553E+00
 -0.482026E+00
 -0.529254E+00
 -0.575043E+00
 -0.619848E+00
 -0.663739E+00
 -0.706714E+00
 -0.748570E+00
 -0.788656E+00
 -0.827430E+00
 -0.865146E+00
 -0.902618E+00
 -0.939950E+00
 -0.977101E+00
 -0.101446E+01
 -0.105222E+01
 -0.109076E+01
 -0.112966E+01
 -0.116884E+01
 -0.120858E+01
 -0.124933E+01
 -0.129168E+01
 -0.133515E+01
 -0.137879E+01
 -0.142313E+01
 -0.146894E+01
 -0.151640E+01
 -0.156478E+01
 -0.161319E+01
 -0.166204E+01
 -0.171143E+01
 -0.176142E+01
 -0.181200E+01
 -0.186250E+01
 -0.191352E+01
 -0.196557E+01
 -0.201855E+01
 -0.207198E+01
 -0.212527E+01
 -0.217883E+01
 -0.223352E+01
 -0.228920E+01
 -0.234525E+01
 -0.240126E+01
 -0.245725E+01
 -0.251325E+01
 -0.257023E+01
 -0.262800E+01
 -0.268676E+01
 -0.274677E+01
 -0.280825E+01
 -0.287133E+01
 -0.293581E+01
 -0.300113E+01
 -0.306726E+01
 -0.313506E+01
 -0.320511E+01
 -0.327678E+01
 -0.334909E+01
 -0.342227E+01
 -0.349776E+01
 -0.357485E+01
 -0.365311E+01
 -0.373227E+01
 -0.381274E+01
 -0.389432E+01
 -0.397685E+01
 -0.405986E+01
 -0.414285E+01
 -0.422610E+01
 -0.430984E+01
 -0.439385E+01
 -0.447836E+01
 -0.456255E+01
 -0.464685E+01
 -0.473104E+01
 -0.481528E+01
 -0.489909E+01
 -0.498179E+01
 -0.506359E+01
 -0.514485E+01
 -0.522499E+01
 -0.530384E+01
 -0.538137E+01
 -0.545812E+01
 -0.553397E+01
 -0.560882E+01
 -0.568221E+01
 -0.575461E+01
 -0.582588E+01
 -0.589734E+01
 -0.596888E+01
 -0.604095E+01
 -0.611298E+01
 -0.618529E+01
 -0.625900E+01
 -0.633411E+01
 -0.641036E+01
 -0.648890E+01
 -0.656975E+01
 -0.665291E+01
 -0.673747E+01
 -0.682309E+01
 -0.691051E+01
 -0.700090E+01
 -0.709307E+01
 -0.718678E+01
 -0.728124E+01
 -0.737752E+01
 -0.747657E+01
 -0.757763E+01
 -0.767910E+01
 -0.778218E+01
 -0.788770E+01
 -0.799629E+01
 -0.810663E+01
 -0.821870E+01
 -0.833243E+01
 -0.844780E+01
 -0.856481E+01
 -0.868384E+01
 -0.880458E+01
 -0.892791E+01
 -0.905308E+01
 -0.918048E+01
 -0.930966E+01
 -0.944033E+01
 -0.957277E+01
 -0.970790E+01
 -0.984466E+01
 -0.998304E+01
 -0.101226E+02
 -0.102643E+02
 -0.104070E+02
 -0.105498E+02
 -0.106929E+02
 -0.108372E+02
 -0.109809E+02
 -0.111242E+02
 -0.112666E+02
 -0.114087E+02
 -0.115499E+02
 -0.116898E+02
 -0.118279E+02
 -0.119654E+02
 -0.121018E+02
 -0.122370E+02
 -0.123695E+02
 -0.125012E+02
 -0.126319E+02
 -0.127608E+02
 -0.128874E+02
 -0.130133E+02
 -0.131378E+02
 -0.132610E+02
 -0.133815E+02
 -0.135003E+02
 -0.136175E+02
 -0.137329E+02
 -0.138460E+02
 -0.139569E+02
 -0.140651E+02
 -0.141717E+02
 -0.142752E+02
 -0.143766E+02
 -0.144753E+02
 -0.145712E+02
 -0.146637E+02
 -0.147532E+02
 -0.148385E+02
 -0.149212E+02
 -0.150006E+02
 -0.150773E+02
 -0.151515E+02
 -0.152234E+02
 -0.152931E+02
 -0.153624E+02
 -0.154295E+02
 -0.154960E+02
 -0.155619E+02
 -0.156278E+02
 -0.156929E+02
 -0.157571E+02
 -0.158204E+02
 -0.158845E+02
 -0.159478E+02
 -0.160102E+02
 -0.160715E+02
 -0.161338E+02
 -0.161965E+02
 -0.162584E+02
 -0.163187E+02
 -0.163793E+02
 -0.164399E+02
 -0.165004E+02
 -0.165586E+02
 -0.166167E+02
 -0.166746E+02
 -0.167313E+02
 -0.167856E+02
 -0.168381E+02
 -0.168879E+02
 -0.169361E+02
 -0.169815E+02
 -0.170248E+02
 -0.170643E+02
 -0.170998E+02
 -0.171314E+02
 -0.171606E+02
 -0.171858E+02
 -0.172068E+02
 -0.172222E+02
 -0.172340E+02
 -0.172425E+02
 -0.172468E+02
 -0.172447E+02
 -0.172378E+02
 -0.172261E+02
 -0.172111E+02
 -0.171903E+02
 -0.171647E+02
 -0.171344E+02
 -0.170995E+02
 -0.170600E+02
 -0.170170E+02
 -0.169690E+02
 -0.169170E+02
 -0.168608E+02
 -0.168022E+02
 -0.167404E+02
 -0.166749E+02
 -0.166060E+02
 -0.165350E+02
 -0.164608E+02
 -0.163850E+02
 -0.163062E+02
 -0.162258E+02
 -0.161440E+02
 -0.160616E+02
 -0.159773E+02
 -0.158918E+02
 -0.158049E+02
 -0.157175E+02
 -0.156287E+02
 -0.155405E+02
 -0.154521E+02
 -0.153631E+02
 -0.152730E+02
 -0.151834E+02
 -0.150935E+02
 -0.150038E+02
 -0.149131E+02
 -0.148232E+02
 -0.147339E+02
 -0.146450E+02
 -0.145558E+02
 -0.144675E+02
 -0.143787E+02
 -0.142902E+02
 -0.142019E+02
 -0.141146E+02
 -0.140270E+02
 -0.139385E+02
 -0.138496E+02
 -0.137616E+02
 -0.136730E+02
 -0.135848E+02
 -0.134958E+02
 -0.134074E+02
 -0.133193E+02
 -0.132307E+02
 -0.131410E+02
 -0.130517E+02
 -0.129632E+02
 -0.128758E+02
 -0.127883E+02
 -0.127014E+02
 -0.126151E+02
 -0.125297E+02
 -0.124451E+02
 -0.123618E+02
 -0.122786E+02
 -0.121964E+02
 -0.121146E+02
 -0.120350E+02
 -0.119570E+02
 -0.118795E+02
 -0.118024E+02
 -0.117265E+02
 -0.116510E+02
 -0.115766E+02
 -0.115016E+02
 -0.114267E+02
 -0.113513E+02
 -0.112754E+02
 -0.111987E+02
 -0.111216E+02
 -0.110438E+02
 -0.109662E+02
 -0.108888E+02
 -0.108115E+02
 -0.107336E+02
 -0.106552E+02
 -0.105766E+02
 -0.104990E+02
 -0.104208E+02
 -0.103423E+02
 -0.102632E+02
 -0.101847E+02
 -0.101064E+02
 -0.100274E+02
 -0.994640E+01
 -0.986509E+01
 -0.978320E+01
 -0.970051E+01
 -0.961597E+01
 -0.953023E+01
 -0.944400E+01
 -0.935789E+01
 -0.927088E+01
 -0.918344E+01
 -0.909564E+01
 -0.900848E+01
 -0.892149E+01
 -0.883521E+01
 -0.874936E+01
 -0.866457E+01
 -0.858065E+01
 -0.849816E+01
 -0.841641E+01
 -0.833667E+01
 -0.825930E+01
 -0.818453E+01
 -0.811183E+01
 -0.804151E+01
 -0.797399E+01
 -0.790987E+01
 -0.784779E+01
 -0.778825E+01
 -0.773053E+01
 -0.767489E+01
 -0.762129E+01
 -0.756939E+01
 -0.751853E+01
 -0.746943E+01
 -0.742174E+01
 -0.737446E+01
 -0.732696E+01
 -0.728075E+01
 -0.723465E+01
 -0.718762E+01
 -0.713887E+01
 -0.708904E+01
 -0.703868E+01
 -0.698774E+01
 -0.693466E+01
 -0.688032E+01
 -0.682552E+01
 -0.676989E+01
 -0.671318E+01
 -0.665660E+01
 -0.659977E+01
 -0.654308E+01
 -0.648649E+01
 -0.643016E+01
 -0.637418E+01
 -0.631945E+01
 -0.626533E+01
 -0.621175E+01
 -0.615864E+01
 -0.610583E+01
 -0.605267E+01
 -0.600038E+01
 -0.594852E+01
 -0.589692E+01
 -0.584528E+01
 -0.579347E+01
 -0.574080E+01
 -0.568752E+01
 -0.563372E+01
 -0.557969E+01
 -0.552510E+01
 -0.547006E+01
 -0.541413E+01
 -0.535767E+01
 -0.530090E+01
 -0.524431E+01
 -0.518691E+01
 -0.512894E+01
 -0.507093E+01
 -0.501233E+01
 -0.495269E+01
 -0.489240E+01
 -0.483057E+01
 -0.476766E+01
 -0.470327E+01
 -0.463738E+01
 -0.456974E+01
 -0.450043E+01
 -0.442941E+01
 -0.435727E+01
 -0.428366E+01
 -0.420775E+01
 -0.412904E+01
 -0.404893E+01
 -0.396778E+01
 -0.388546E+01
 -0.380155E+01
 -0.371576E+01
 -0.362834E+01
 -0.354021E+01
 -0.345118E+01
 -0.336162E+01
 -0.327127E+01
 -0.317987E+01
 -0.308749E+01
 -0.299411E+01
 -0.289923E+01
 -0.280362E+01
 -0.270757E+01
 -0.261095E+01
 -0.251335E+01
 -0.241528E+01
 -0.231707E+01
 -0.221902E+01
 -0.212075E+01
 -0.202247E+01
 -0.192442E+01
 -0.182639E+01
 -0.172882E+01
 -0.163148E+01
 -0.153439E+01
 -0.143702E+01
 -0.133865E+01
 -0.124007E+01
 -0.114120E+01
 -0.104211E+01
 -0.942248E+00
 -0.841429E+00
 -0.740353E+00
 -0.639405E+00
 -0.538502E+00
 -0.437742E+00
 -0.336856E+00
 -0.236462E+00
 -0.137005E+00
 -0.378168E-01
  0.609553E-01
  0.158983E+00
  0.255776E+00
  0.351572E+00
  0.446638E+00
  0.541144E+00
  0.635250E+00
  0.728093E+00
  0.819955E+00
  0.911447E+00
  0.100224E+01
  0.109248E+01
  0.118220E+01
  0.127149E+01
  0.136004E+01
  0.144746E+01
  0.153358E+01
  0.161839E+01
  0.170229E+01
  0.178504E+01
  0.186576E+01
  0.194551E+01
  0.202452E+01
  0.210201E+01
  0.217769E+01
  0.225271E+01
  0.232727E+01
  0.240047E+01
  0.247156E+01
  0.254136E+01
  0.261085E+01
  0.268014E+01
  0.274822E+01
  0.281472E+01
  0.288012E+01
  0.294468E+01
  0.300799E+01
  0.307040E+01
  0.313200E+01
  0.319292E+01
  0.325302E+01
  0.331256E+01
  0.337098E+01
  0.342914E+01
  0.348825E+01
  0.354802E+01
  0.360745E+01
  0.366701E+01
  0.372737E+01
  0.378849E+01
  0.384925E+01
  0.391056E+01
  0.397231E+01
  0.403508E+01
  0.409846E+01
  0.416111E+01
  0.422397E+01
  0.428866E+01
  0.435413E+01
  0.441960E+01
  0.448460E+01
  0.455021E+01
  0.461547E+01
  0.467975E+01
  0.474297E+01
  0.480527E+01
  0.486704E+01
  0.492778E+01
  0.498618E+01
  0.504327E+01
  0.509997E+01
  0.515549E+01
  0.520892E+01
  0.526139E+01
  0.531218E+01
  0.536222E+01
  0.541027E+01
  0.545652E+01
  0.550205E+01
  0.554690E+01
  0.559020E+01
  0.563134E+01
  0.567110E+01
  0.571095E+01
  0.574972E+01
  0.578695E+01
  0.582296E+01
  0.585864E+01
  0.589459E+01
  0.593066E+01
  0.596546E+01
  0.600074E+01
  0.603663E+01
  0.607326E+01
  0.611023E+01
  0.614748E+01
  0.618602E+01
  0.622637E+01
  0.626763E+01
  0.630991E+01
  0.635329E+01
  0.639904E+01
  0.644687E+01
  0.649625E+01
  0.654664E+01
  0.659923E+01
  0.665306E+01
  0.670772E+01
  0.676334E+01
  0.682046E+01
  0.687871E+01
  0.693729E+01
  0.699569E+01
  0.705481E+01
  0.711378E+01
  0.717256E+01
  0.723047E+01
  0.728823E+01
  0.734481E+01
  0.740023E+01
  0.745431E+01
  0.750698E+01
  0.755785E+01
  0.760753E+01
  0.765544E+01
  0.770216E+01
  0.774810E+01
  0.779280E+01
  0.783582E+01
  0.787852E+01
  0.791983E+01
  0.795982E+01
  0.799783E+01
  0.803475E+01
  0.807065E+01
  0.810502E+01
  0.813715E+01
  0.816747E+01
  0.819573E+01
  0.822276E+01
  0.824723E+01
  0.826937E+01
  0.828894E+01
  0.830607E+01
  0.832025E+01
  0.833184E+01
  0.833986E+01
  0.834430E+01
  0.834543E+01
  0.834376E+01
  0.833828E+01
  0.832959E+01
  0.831812E+01
  0.830436E+01
  0.828734E+01
  0.826804E+01
  0.824552E+01
  0.822099E+01
  0.819538E+01
  0.816799E+01
  0.813860E+01
  0.810842E+01
  0.807729E+01
  0.804561E+01
  0.801275E+01
  0.798003E+01
  0.794723E+01
  0.791436E+01
  0.788132E+01
  0.784908E+01
  0.781672E+01
  0.778410E+01
  0.775129E+01
  0.771917E+01
  0.768711E+01
  0.765485E+01
  0.762251E+01
  0.759102E+01
  0.755938E+01
  0.752817E+01
  0.749706E+01
  0.746745E+01
  0.743945E+01
  0.741201E+01
  0.738471E+01
  0.735811E+01
  0.733208E+01
  0.730816E+01
  0.728512E+01
  0.726274E+01
  0.724132E+01
  0.722125E+01
  0.720219E+01
  0.718376E+01
  0.716482E+01
  0.714596E+01
  0.712710E+01
  0.710847E+01
  0.708951E+01
  0.706992E+01
  0.704923E+01
  0.702861E+01
  0.700725E+01
  0.698486E+01
  0.696105E+01
  0.693725E+01
  0.691366E+01
  0.689011E+01
  0.686561E+01
  0.684073E+01
  0.681633E+01
  0.679276E+01
  0.676918E+01
  0.674598E+01
  0.672320E+01
  0.670187E+01
  0.668126E+01
  0.666124E+01
  0.664134E+01
  0.662172E+01
  0.660274E+01
  0.658545E+01
  0.656892E+01
  0.655236E+01
  0.653545E+01
  0.651989E+01
  0.650547E+01
  0.649183E+01
  0.647763E+01
  0.646280E+01
  0.644834E+01
  0.643447E+01
  0.641983E+01
  0.640492E+01
  0.638956E+01
  0.637447E+01
  0.635928E+01
  0.634394E+01
  0.632778E+01
  0.631068E+01
  0.629314E+01
  0.627565E+01
  0.625662E+01
  0.623640E+01
  0.621466E+01
  0.619216E+01
  0.616913E+01
  0.614508E+01
  0.611880E+01
  0.609123E+01
  0.606267E+01
  0.603308E+01
  0.600172E+01
  0.596934E+01
  0.593575E+01
  0.590133E+01
  0.586599E+01
  0.582960E+01
  0.579233E+01
  0.575480E+01
  0.571678E+01
  0.567866E+01
  0.563997E+01
  0.560091E+01
  0.556096E+01
  0.552137E+01
  0.548233E+01
  0.544382E+01
  0.540529E+01
  0.536764E+01
  0.533060E+01
  0.529385E+01
  0.525725E+01
  0.522122E+01
  0.518531E+01
  0.514999E+01
  0.511482E+01
  0.507989E+01
  0.504536E+01
  0.501108E+01
  0.497701E+01
  0.494383E+01
  0.491045E+01
  0.487707E+01
  0.484363E+01
  0.481121E+01
  0.477959E+01
  0.474807E+01
  0.471595E+01
  0.468377E+01
  0.465221E+01
  0.462134E+01
  0.458976E+01
  0.455768E+01
  0.452495E+01
  0.449150E+01
  0.445625E+01
  0.441887E+01
  0.437949E+01
  0.433852E+01
  0.429518E+01
  0.424902E+01
  0.420031E+01
  0.414900E+01
  0.409462E+01
  0.403772E+01
  0.397722E+01
  0.391415E+01
  0.384885E+01
  0.378125E+01
  0.371096E+01
  0.363812E+01
  0.356313E+01
  0.348675E+01
  0.340849E+01
  0.332803E+01
  0.324609E+01
  0.316380E+01
  0.308084E+01
  0.299654E+01
  0.291053E+01
  0.282345E+01
  0.273522E+01
  0.264562E+01
  0.255438E+01
  0.246236E+01
  0.236940E+01
  0.227539E+01
  0.218020E+01
  0.208405E+01
  0.198720E+01
  0.189047E+01
  0.179369E+01
  0.169665E+01
  0.159944E+01
  0.150239E+01
  0.140568E+01
  0.130922E+01
  0.121239E+01
  0.111622E+01
  0.102095E+01
  0.926283E+00
  0.831803E+00
  0.737320E+00
  0.643292E+00
  0.549909E+00
  0.456973E+00
  0.363862E+00
  0.270253E+00
  0.176716E+00
  0.826538E-01
 -0.127442E-01
 -0.109160E+00
 -0.205800E+00
 -0.302815E+00
 -0.400460E+00
 -0.499313E+00
 -0.599258E+00
 -0.700022E+00
 -0.801852E+00
 -0.904565E+00
 -0.100797E+01
 -0.111109E+01
 -0.121444E+01
 -0.131905E+01
 -0.142438E+01
 -0.153006E+01
 -0.163590E+01
 -0.174147E+01
 -0.184692E+01
 -0.195236E+01
 -0.205711E+01
 -0.216105E+01
 -0.226465E+01
 -0.236732E+01
 -0.246867E+01
 -0.256831E+01
 -0.266664E+01
 -0.276366E+01
 -0.285947E+01
 -0.295335E+01
 -0.304526E+01
 -0.313594E+01
 -0.322496E+01
 -0.331220E+01
 -0.339739E+01
 -0.348016E+01
 -0.356088E+01
 -0.363864E+01
 -0.371329E+01
 -0.378424E+01
 -0.385148E+01
 -0.391474E+01
 -0.397422E+01
 -0.402957E+01
 -0.408012E+01
 -0.412633E+01
 -0.416884E+01
 -0.420690E+01
 -0.424016E+01
 -0.426830E+01
 -0.429197E+01
 -0.431132E+01
 -0.432643E+01
 -0.433711E+01
 -0.434386E+01
 -0.434755E+01
 -0.434832E+01
 -0.434545E+01
 -0.433975E+01
 -0.433156E+01
 -0.432178E+01
 -0.431055E+01
 -0.429806E+01
 -0.428385E+01
 -0.426824E+01
 -0.425216E+01
 -0.423593E+01
 -0.421901E+01
 -0.420163E+01
 -0.418365E+01
 -0.416550E+01
 -0.414709E+01
 -0.412793E+01
 -0.410807E+01
 -0.408880E+01
 -0.406987E+01
 -0.405128E+01
 -0.403278E+01
 -0.401463E+01
 -0.399701E+01
 -0.397986E+01
 -0.396325E+01
 -0.394788E+01
 -0.393294E+01
 -0.391840E+01
 -0.390432E+01
 -0.389045E+01
 -0.387578E+01
 -0.386076E+01
 -0.384586E+01
 -0.383091E+01
 -0.381483E+01
 -0.379758E+01
 -0.377936E+01
 -0.375969E+01
 -0.373832E+01
 -0.371553E+01
 -0.369133E+01
 -0.366563E+01
 -0.363797E+01
 -0.360886E+01
 -0.357744E+01
 -0.354362E+01
 -0.350777E+01
 -0.347023E+01
 -0.343076E+01
 -0.338952E+01
 -0.334637E+01
 -0.330127E+01
 -0.325386E+01
 -0.320486E+01
 -0.315410E+01
 -0.310157E+01
 -0.304791E+01
 -0.299321E+01
 -0.293682E+01
 -0.287893E+01
 -0.281990E+01
 -0.275999E+01
 -0.269863E+01
 -0.263579E+01
 -0.257187E+01
 -0.250728E+01
 -0.244137E+01
 -0.237408E+01
 -0.230616E+01
 -0.223821E+01
 -0.216946E+01
 -0.210031E+01
 -0.203123E+01
 -0.196224E+01
 -0.189339E+01
 -0.182484E+01
 -0.175650E+01
 -0.168833E+01
 -0.162054E+01
 -0.155303E+01
 -0.148574E+01
 -0.141850E+01
 -0.135162E+01
 -0.128539E+01
 -0.121894E+01
 -0.115248E+01
 -0.108653E+01
 -0.102128E+01
 -0.956462E+00
 -0.891675E+00
 -0.826889E+00
 -0.763307E+00
 -0.700718E+00
 -0.638531E+00
 -0.577087E+00
 -0.516585E+00
 -0.457324E+00
 -0.399378E+00
 -0.342016E+00
 -0.284987E+00
 -0.229190E+00
 -0.174551E+00
 -0.119962E+00
 -0.652466E-01
 -0.109808E-01
  0.434053E-01
  0.985274E-01
  0.154427E+00
  0.211178E+00
  0.268939E+00
  0.328367E+00
  0.389901E+00
  0.452600E+00
  0.515375E+00
  0.578944E+00
  0.643549E+00
  0.708396E+00
  0.773153E+00
  0.838011E+00
  0.903146E+00
  0.967514E+00
  0.103120E+01
  0.109410E+01
  0.115679E+01
  0.121917E+01
  0.128047E+01
  0.134081E+01
  0.140026E+01
  0.145958E+01
  0.151909E+01
  0.157800E+01
  0.163624E+01
  0.169427E+01
  0.175312E+01
  0.181221E+01
  0.187086E+01
  0.192963E+01
  0.199006E+01
  0.205275E+01
  0.211741E+01
  0.218340E+01
  0.225082E+01
  0.232083E+01
  0.239367E+01
  0.246855E+01
  0.254550E+01
  0.262424E+01
  0.270536E+01
  0.278865E+01
  0.287433E+01
  0.296180E+01
  0.305087E+01
  0.314150E+01
  0.323408E+01
  0.332880E+01
  0.342534E+01
  0.352265E+01
  0.362073E+01
  0.372057E+01
  0.382188E+01
  0.392375E+01
  0.402612E+01
  0.412851E+01
  0.423197E+01
  0.433595E+01
  0.444048E+01
  0.454463E+01
  0.464848E+01
  0.475250E+01
  0.485731E+01
  0.496237E+01
  0.506689E+01
  0.517068E+01
  0.527470E+01
  0.537894E+01
  0.548349E+01
  0.558780E+01
  0.569190E+01
  0.579603E+01
  0.590096E+01
  0.600581E+01
  0.611034E+01
  0.621457E+01
  0.631938E+01
  0.642415E+01
  0.652908E+01
  0.663365E+01
  0.673863E+01
  0.684358E+01
  0.694853E+01
  0.705332E+01
  0.715810E+01
  0.726220E+01
  0.736599E+01
  0.746924E+01
  0.757196E+01
  0.767386E+01
  0.777525E+01
  0.787489E+01
  0.797362E+01
  0.807146E+01
  0.816741E+01
  0.826044E+01
  0.835160E+01
  0.844051E+01
  0.852725E+01
  0.861109E+01
  0.869271E+01
  0.877163E+01
  0.884824E+01
  0.892223E+01
  0.899366E+01
  0.906187E+01
  0.912856E+01
  0.919318E+01
  0.925485E+01
  0.931402E+01
  0.937163E+01
  0.942682E+01
  0.948070E+01
  0.953272E+01
  0.958312E+01
  0.963167E+01
  0.967879E+01
  0.972358E+01
  0.976667E+01
  0.980834E+01
  0.984946E+01
  0.988844E+01
  0.992603E+01
  0.996284E+01
  0.999850E+01
  0.100324E+02
  0.100655E+02
  0.100964E+02
  0.101260E+02
  0.101543E+02
  0.101815E+02
  0.102066E+02
  0.102303E+02
  0.102523E+02
  0.102727E+02
  0.102910E+02
  0.103082E+02
  0.103241E+02
  0.103394E+02
  0.103535E+02
  0.103660E+02
  0.103771E+02
  0.103877E+02
  0.103967E+02
  0.104045E+02
  0.104104E+02
  0.104168E+02
  0.104231E+02
  0.104285E+02
  0.104328E+02
  0.104368E+02
  0.104403E+02
  0.104434E+02
  0.104453E+02
  0.104473E+02
  0.104488E+02
  0.104491E+02
  0.104486E+02
  0.104483E+02
  0.104476E+02
  0.104474E+02
  0.104463E+02
  0.104451E+02
  0.104436E+02
  0.104419E+02
  0.104394E+02
  0.104364E+02
  0.104323E+02
  0.104276E+02
  0.104220E+02
  0.104162E+02
  0.104094E+02
  0.104014E+02
  0.103917E+02
  0.103812E+02
  0.103687E+02
  0.103550E+02
  0.103388E+02
  0.103206E+02
  0.102997E+02
  0.102755E+02
  0.102477E+02
  0.102176E+02
  0.101841E+02
  0.101475E+02
  0.101069E+02
  0.100637E+02
  0.100174E+02
  0.996720E+01
  0.991377E+01
  0.985793E+01
  0.979804E+01
  0.973505E+01
  0.966829E+01
  0.959900E+01
  0.952729E+01
  0.945334E+01
  0.937660E+01
  0.929782E+01
  0.921686E+01
  0.913412E+01
  0.904923E+01
  0.896301E+01
  0.887551E+01
  0.878697E+01
  0.869657E+01
  0.860453E+01
  0.851105E+01
  0.841841E+01
  0.832464E+01
  0.823013E+01
  0.813567E+01
  0.804068E+01
  0.794552E+01
  0.785099E+01
  0.775589E+01
  0.766101E+01
  0.756576E+01
  0.747051E+01
  0.737463E+01
  0.727800E+01
  0.718081E+01
  0.708334E+01
  0.698514E+01
  0.688675E+01
  0.678754E+01
  0.668815E+01
  0.658801E+01
  0.648721E+01
  0.638571E+01
  0.628394E+01
  0.618161E+01
  0.607923E+01
  0.597598E+01
  0.587275E+01
  0.577014E+01
  0.566818E+01
  0.556618E+01
  0.546493E+01
  0.536416E+01
  0.526428E+01
  0.516510E+01
  0.506719E+01
  0.497098E+01
  0.487641E+01
  0.478299E+01
  0.469120E+01
  0.460104E+01
  0.451298E+01
  0.442626E+01
  0.434107E+01
  0.425764E+01
  0.417570E+01
  0.409528E+01
  0.401689E+01
  0.393969E+01
  0.386438E+01
  0.379047E+01
  0.371820E+01
  0.364760E+01
  0.357902E+01
  0.351166E+01
  0.344569E+01
  0.338186E+01
  0.331992E+01
  0.325940E+01
  0.320051E+01
  0.314281E+01
  0.308643E+01
  0.303150E+01
  0.297859E+01
  0.292718E+01
  0.287788E+01
  0.283052E+01
  0.278502E+01
  0.274170E+01
  0.270014E+01
  0.265995E+01
  0.262188E+01
  0.258537E+01
  0.255049E+01
  0.251783E+01
  0.248800E+01
  0.246070E+01
  0.243604E+01
  0.241344E+01
  0.239287E+01
  0.237464E+01
  0.235821E+01
  0.234333E+01
  0.233086E+01
  0.232065E+01
  0.231235E+01
  0.230585E+01
  0.230059E+01
  0.229570E+01
  0.229212E+01
  0.228971E+01
  0.228770E+01
  0.228560E+01
  0.228357E+01
  0.228138E+01
  0.227976E+01
  0.227856E+01
  0.227764E+01
  0.227718E+01
  0.227705E+01
  0.227731E+01
  0.227786E+01
  0.227807E+01
  0.227840E+01
  0.227836E+01
  0.227800E+01
  0.227744E+01
  0.227651E+01
  0.227531E+01
  0.227389E+01
  0.227189E+01
  0.226990E+01
  0.226728E+01
  0.226362E+01
  0.225901E+01
  0.225396E+01
  0.224819E+01
  0.224093E+01
  0.223156E+01
  0.222072E+01
  0.220812E+01
  0.219346E+01
  0.217694E+01
  0.215894E+01
  0.213909E+01
  0.211736E+01
  0.209395E+01
  0.206892E+01
  0.204214E+01
  0.201406E+01
  0.198456E+01
  0.195356E+01
  0.192047E+01
  0.188560E+01
  0.184985E+01
  0.181346E+01
  0.177579E+01
  0.173714E+01
  0.169727E+01
  0.165660E+01
  0.161491E+01
  0.157239E+01
  0.152948E+01
  0.148628E+01
  0.144280E+01
  0.139879E+01
  0.135415E+01
  0.130947E+01
  0.126481E+01
  0.122023E+01
  0.117562E+01
  0.113107E+01
  0.108656E+01
  0.104265E+01
  0.999429E+00
  0.956642E+00
  0.914444E+00
  0.873261E+00
  0.831924E+00
  0.790502E+00
  0.749168E+00
  0.707375E+00
  0.665858E+00
  0.625089E+00
  0.584513E+00
  0.544862E+00
  0.506294E+00
  0.469035E+00
  0.432634E+00
  0.396506E+00
  0.361698E+00
  0.327735E+00
  0.293952E+00
  0.260329E+00
  0.226744E+00
  0.193479E+00
  0.159527E+00
  0.125044E+00
  0.898376E-01
  0.540001E-01
  0.176775E-01
 -0.198002E-01
 -0.582967E-01
 -0.977023E-01
 -0.138383E+00
 -0.179621E+00
 -0.221195E+00
 -0.263444E+00
 -0.306121E+00
 -0.350021E+00
 -0.395022E+00
 -0.440316E+00
 -0.486386E+00
 -0.533210E+00
 -0.580994E+00
 -0.629629E+00
 -0.678587E+00
 -0.728066E+00
 -0.778510E+00
 -0.829800E+00
 -0.881905E+00
 -0.935022E+00
 -0.989653E+00
 -0.104616E+01
 -0.110413E+01
 -0.116331E+01
 -0.122421E+01
 -0.128668E+01
 -0.135032E+01
 -0.141534E+01
 -0.148090E+01
 -0.154760E+01
 -0.161569E+01
 -0.168477E+01
 -0.175522E+01
 -0.182638E+01
 -0.189814E+01
 -0.197046E+01
 -0.204259E+01
 -0.211493E+01
 -0.218734E+01
 -0.225966E+01
 -0.233214E+01
 -0.240473E+01
 -0.247746E+01
 -0.255056E+01
 -0.262419E+01
 -0.269864E+01
 -0.277336E+01
 -0.284842E+01
 -0.292451E+01
 -0.300158E+01
 -0.307899E+01
 -0.315697E+01
 -0.323575E+01
 -0.331601E+01
 -0.339712E+01
 -0.347859E+01
 -0.356036E+01
 -0.364262E+01
 -0.372483E+01
 -0.380662E+01
 -0.388773E+01
 -0.396822E+01
 -0.404749E+01
 -0.412514E+01
 -0.420142E+01
 -0.427637E+01
 -0.434951E+01
 -0.442095E+01
 -0.449008E+01
 -0.455751E+01
 -0.462267E+01
 -0.468600E+01
 -0.474746E+01
 -0.480675E+01
 -0.486433E+01
 -0.491999E+01
 -0.497375E+01
 -0.502643E+01
 -0.507728E+01
 -0.512693E+01
 -0.517545E+01
 -0.522276E+01
 -0.526890E+01
 -0.531390E+01
 -0.535746E+01
 -0.540069E+01
 -0.544333E+01
 -0.548497E+01
 -0.552646E+01
 -0.556800E+01
 -0.560918E+01
 -0.565028E+01
 -0.569060E+01
 -0.573093E+01
 -0.577065E+01
 -0.580981E+01
 -0.584861E+01
 -0.588697E+01
 -0.592435E+01
 -0.596117E+01
 -0.599723E+01
 -0.603243E+01
 -0.606622E+01
 -0.609889E+01
 -0.613022E+01
 -0.616052E+01
 -0.618974E+01
 -0.621821E+01
 -0.624584E+01
 -0.627283E+01
 -0.629887E+01
 -0.632436E+01
 -0.634900E+01
 -0.637283E+01
 -0.639585E+01
 -0.641888E+01
 -0.644132E+01
 -0.646329E+01
 -0.648438E+01
 -0.650465E+01
 -0.652341E+01
 -0.654094E+01
 -0.655694E+01
 -0.657198E+01
 -0.658586E+01
 -0.659845E+01
 -0.660997E+01
 -0.662074E+01
 -0.663051E+01
 -0.663982E+01
 -0.664877E+01
 -0.665807E+01
 -0.666690E+01
 -0.667545E+01
 -0.668355E+01
 -0.669074E+01
 -0.669644E+01
 -0.670121E+01
 -0.670497E+01
 -0.670834E+01
 -0.671080E+01
 -0.671284E+01
 -0.671428E+01
 -0.671552E+01
 -0.671591E+01
 -0.671527E+01
 -0.671414E+01
 -0.671332E+01
 -0.671168E+01
 -0.670952E+01
 -0.670715E+01
 -0.670459E+01
 -0.670126E+01
 -0.669722E+01
 -0.669263E+01
 -0.668811E+01
 -0.668284E+01
 -0.667705E+01
 -0.667080E+01
 -0.666416E+01
 -0.665668E+01
 -0.664922E+01
 -0.664117E+01
 -0.663325E+01
 -0.662511E+01
 -0.661691E+01
 -0.660890E+01
 -0.660043E+01
 -0.659195E+01
 -0.658415E+01
 -0.657579E+01
 -0.656791E+01
 -0.655981E+01
 -0.655168E+01
 -0.654404E+01
 -0.653651E+01
 -0.652882E+01
 -0.652103E+01
 -0.651282E+01
 -0.650487E+01
 -0.649618E+01
 -0.648730E+01
 -0.647727E+01
 -0.646524E+01
 -0.645142E+01
 -0.643656E+01
 -0.642004E+01
 -0.640243E+01
 -0.638352E+01
 -0.636322E+01
 -0.634111E+01
 -0.631719E+01
 -0.629149E+01
 -0.626368E+01
 -0.623315E+01
 -0.620032E+01
 -0.616420E+01
 -0.612576E+01
 -0.608440E+01
 -0.603995E+01
 -0.599254E+01
 -0.594190E+01
 -0.588809E+01
 -0.583209E+01
 -0.577318E+01
 -0.571047E+01
 -0.564402E+01
 -0.557553E+01
 -0.550459E+01
 -0.543125E+01
 -0.535558E+01
 -0.527815E+01
 -0.519832E+01
 -0.511642E+01
 -0.503314E+01
 -0.494815E+01
 -0.486120E+01
 -0.477282E+01
 -0.468320E+01
 -0.459270E+01
 -0.450127E+01
 -0.440959E+01
 -0.431771E+01
 -0.422623E+01
 -0.413469E+01
 -0.404343E+01
 -0.395243E+01
 -0.386166E+01
 -0.377109E+01
 -0.368098E+01
 -0.359168E+01
 -0.350291E+01
 -0.341474E+01
 -0.332805E+01
 -0.324220E+01
 -0.315713E+01
 -0.307194E+01
 -0.298661E+01
 -0.290167E+01
 -0.281716E+01
 -0.273298E+01
 -0.264890E+01
 -0.256528E+01
 -0.248263E+01
 -0.240064E+01
 -0.231928E+01
 -0.223776E+01
 -0.215665E+01
 -0.207619E+01
 -0.199581E+01
 -0.191530E+01
 -0.183529E+01
 -0.175578E+01
 -0.167646E+01
 -0.159761E+01
 -0.151931E+01
 -0.144123E+01
 -0.136414E+01
 -0.128842E+01
 -0.121339E+01
 -0.113883E+01
 -0.106573E+01
 -0.993645E+00
 -0.922328E+00
 -0.852151E+00
 -0.782895E+00
 -0.714326E+00
 -0.646672E+00
 -0.579835E+00
 -0.512675E+00
 -0.445381E+00
 -0.378681E+00
 -0.311797E+00
 -0.244768E+00
 -0.177811E+00
 -0.110650E+00
 -0.435231E-01
  0.238450E-01
  0.918772E-01
  0.160072E+00
  0.227526E+00
  0.294784E+00
  0.362199E+00
  0.429085E+00
  0.495643E+00
  0.561881E+00
  0.627239E+00
  0.692871E+00
  0.758418E+00
  0.822439E+00
  0.885989E+00
  0.949660E+00
  0.101320E+01
  0.107678E+01
  0.114000E+01
  0.120331E+01
  0.126645E+01
  0.132948E+01
  0.139189E+01
  0.145387E+01
  0.151671E+01
  0.157971E+01
  0.164162E+01
  0.170326E+01
  0.176495E+01
  0.182655E+01
  0.188699E+01
  0.194617E+01
  0.200467E+01
  0.206296E+01
  0.212012E+01
  0.217582E+01
  0.223049E+01
  0.228433E+01
  0.233744E+01
  0.238918E+01
  0.243902E+01
  0.248821E+01
  0.253663E+01
  0.258372E+01
  0.262947E+01
  0.267444E+01
  0.271798E+01
  0.276060E+01
  0.280192E+01
  0.284130E+01
  0.287939E+01
  0.291621E+01
  0.295094E+01
  0.298408E+01
  0.301542E+01
  0.304493E+01
  0.307224E+01
  0.309806E+01
  0.312208E+01
  0.314414E+01
  0.316470E+01
  0.318391E+01
  0.320115E+01
  0.321688E+01
  0.323071E+01
  0.324252E+01
  0.325271E+01
  0.326117E+01
  0.326729E+01
  0.327208E+01
  0.327529E+01
  0.327674E+01
  0.327649E+01
  0.327489E+01
  0.327180E+01
  0.326744E+01
  0.326130E+01
  0.325372E+01
  0.324471E+01
  0.323479E+01
  0.322347E+01
  0.321084E+01
  0.319740E+01
  0.318265E+01
  0.316660E+01
  0.315057E+01
  0.313349E+01
  0.311530E+01
  0.309693E+01
  0.307876E+01
  0.305946E+01
  0.303942E+01
  0.301954E+01
  0.299934E+01
  0.297839E+01
  0.295758E+01
  0.293609E+01
  0.291420E+01
  0.289310E+01
  0.287197E+01
  0.284975E+01
  0.282810E+01
  0.280732E+01
  0.278637E+01
  0.276454E+01
  0.274324E+01
  0.272274E+01
  0.270228E+01
  0.268164E+01
  0.266103E+01
  0.264062E+01
  0.262088E+01
  0.260010E+01
  0.257856E+01
  0.255679E+01
  0.253490E+01
  0.251221E+01
  0.248850E+01
  0.246437E+01
  0.243990E+01
  0.241549E+01
  0.239165E+01
  0.236727E+01
  0.234250E+01
  0.231780E+01
  0.229246E+01
  0.226584E+01
  0.223906E+01
  0.221195E+01
  0.218400E+01
  0.215458E+01
  0.212424E+01
  0.209238E+01
  0.205863E+01
  0.202354E+01
  0.198753E+01
  0.195037E+01
  0.191239E+01
  0.187383E+01
  0.183447E+01
  0.179428E+01
  0.175467E+01
  0.171498E+01
  0.167462E+01
  0.163442E+01
  0.159511E+01
  0.155655E+01
  0.151754E+01
  0.147834E+01
  0.144061E+01
  0.140378E+01
  0.136756E+01
  0.133167E+01
  0.129703E+01
  0.126391E+01
  0.123140E+01
  0.119923E+01
  0.116793E+01
  0.113765E+01
  0.110769E+01
  0.107834E+01
  0.105036E+01
  0.102297E+01
  0.996195E+00
  0.970442E+00
  0.945545E+00
  0.921674E+00
  0.899489E+00
  0.878270E+00
  0.858261E+00
  0.839566E+00
  0.821707E+00
  0.804738E+00
  0.788915E+00
  0.773934E+00
  0.759747E+00
  0.746636E+00
  0.733929E+00
  0.721399E+00
  0.709720E+00
  0.698302E+00
  0.687030E+00
  0.675269E+00
  0.663287E+00
  0.651227E+00
  0.638171E+00
  0.624240E+00
  0.609214E+00
  0.592879E+00
  0.576260E+00
  0.558572E+00
  0.539239E+00
  0.518752E+00
  0.497779E+00
  0.475635E+00
  0.452258E+00
  0.428754E+00
  0.404416E+00
  0.379568E+00
  0.355137E+00
  0.329497E+00
  0.303309E+00
  0.277413E+00
  0.250904E+00
  0.223645E+00
  0.195199E+00
  0.165871E+00
  0.136460E+00
  0.106195E+00
  0.748609E-01
  0.421687E-01
  0.836188E-02
 -0.262272E-01
 -0.622808E-01
 -0.996442E-01
 -0.138142E+00
 -0.177687E+00
 -0.217436E+00
 -0.257560E+00
 -0.299022E+00
 -0.340967E+00
 -0.382171E+00
 -0.423823E+00
 -0.465978E+00
 -0.508025E+00
 -0.549824E+00
 -0.591726E+00
 -0.634001E+00
 -0.676510E+00
 -0.718835E+00
 -0.760616E+00
 -0.802366E+00
 -0.844264E+00
 -0.886353E+00
 -0.928606E+00
 -0.970977E+00
 -0.101373E+01
 -0.105720E+01
 -0.110139E+01
 -0.114614E+01
 -0.119150E+01
 -0.123721E+01
 -0.128347E+01
 -0.133061E+01
 -0.137780E+01
 -0.142547E+01
 -0.147465E+01
 -0.152394E+01
 -0.157368E+01
 -0.162446E+01
 -0.167475E+01
 -0.172530E+01
 -0.177523E+01
 -0.182400E+01
 -0.187259E+01
 -0.191986E+01
 -0.196553E+01
 -0.201052E+01
 -0.205460E+01
 -0.209772E+01
 -0.213937E+01
 -0.217988E+01
 -0.221933E+01
 -0.225757E+01
 -0.229473E+01
 -0.233104E+01
 -0.236643E+01
 -0.240025E+01
 -0.243328E+01
 -0.246633E+01
 -0.249830E+01
 -0.252935E+01
 -0.256049E+01
 -0.259137E+01
 -0.262128E+01
 -0.265134E+01
 -0.268082E+01
 -0.270992E+01
 -0.273925E+01
 -0.276818E+01
 -0.279720E+01
 -0.282648E+01
 -0.285590E+01
 -0.288620E+01
 -0.291642E+01
 -0.294687E+01
 -0.297834E+01
 -0.301078E+01
 -0.304367E+01
 -0.307723E+01
 -0.311192E+01
 -0.314747E+01
 -0.318351E+01
 -0.322012E+01
 -0.325707E+01
 -0.329444E+01
 -0.333212E+01
 -0.336996E+01
 -0.340729E+01
 -0.344436E+01
 -0.348125E+01
 -0.351789E+01
 -0.355406E+01
 -0.358945E+01
 -0.362382E+01
 -0.365795E+01
 -0.369168E+01
 -0.372445E+01
 -0.375655E+01
 -0.378894E+01
 -0.382131E+01
 -0.385330E+01
 -0.388507E+01
 -0.391668E+01
 -0.394816E+01
 -0.398046E+01
 -0.401283E+01
 -0.404532E+01
 -0.407813E+01
 -0.411150E+01
 -0.414502E+01
 -0.417921E+01
 -0.421397E+01
 -0.424862E+01
 -0.428304E+01
 -0.431825E+01
 -0.435392E+01
 -0.438963E+01
 -0.442543E+01
 -0.446106E+01
 -0.449677E+01
 -0.453311E+01
 -0.456904E+01
 -0.460489E+01
 -0.464000E+01
 -0.467447E+01
 -0.470860E+01
 -0.474215E+01
 -0.477447E+01
 -0.480644E+01
 -0.483764E+01
 -0.486749E+01
 -0.489583E+01
 -0.492316E+01
 -0.494944E+01
 -0.497450E+01
 -0.499806E+01
 -0.501994E+01
 -0.504009E+01
 -0.505943E+01
 -0.507736E+01
 -0.509328E+01
 -0.510659E+01
 -0.511766E+01
 -0.512748E+01
 -0.513596E+01
 -0.514113E+01
 -0.514364E+01
 -0.514331E+01
 -0.514113E+01
 -0.513771E+01
 -0.513172E+01
 -0.512292E+01
 -0.511228E+01
 -0.509980E+01
 -0.508598E+01
 -0.507020E+01
 -0.505305E+01
 -0.503449E+01
 -0.501521E+01
 -0.499596E+01
 -0.497605E+01
 -0.495497E+01
 -0.493336E+01
 -0.491124E+01
 -0.488968E+01
 -0.486820E+01
 -0.484680E+01
 -0.482574E+01
 -0.480488E+01
 -0.478483E+01
 -0.476609E+01
 -0.474784E+01
 -0.473131E+01
 -0.471602E+01
 -0.470176E+01
 -0.468869E+01
 -0.467685E+01
 -0.466553E+01
 -0.465455E+01
 -0.464440E+01
 -0.463599E+01
 -0.462832E+01
 -0.462078E+01
 -0.461451E+01
 -0.460944E+01
 -0.460494E+01
 -0.460117E+01
 -0.459742E+01
 -0.459452E+01
 -0.459212E+01
 -0.459075E+01
 -0.459053E+01
 -0.459072E+01
 -0.459072E+01
 -0.459116E+01
 -0.459203E+01
 -0.459305E+01
 -0.459330E+01
 -0.459290E+01
 -0.459260E+01
 -0.459265E+01
 -0.459271E+01
 -0.459275E+01
 -0.459218E+01
 -0.459175E+01
 -0.459091E+01
 -0.458981E+01
 -0.458895E+01
 -0.458770E+01
 -0.458561E+01
 -0.458363E+01
 -0.458149E+01
 -0.457897E+01
 -0.457606E+01
 -0.457336E+01
 -0.457055E+01
 -0.456738E+01
 -0.456437E+01
 -0.456182E+01
 -0.455847E+01
 -0.455522E+01
 -0.455212E+01
 -0.454860E+01
 -0.454458E+01
 -0.454021E+01
 -0.453546E+01
 -0.453049E+01
 -0.452508E+01
 -0.451981E+01
 -0.451409E+01
 -0.450786E+01
 -0.450141E+01
 -0.449544E+01
 -0.449030E+01
 -0.448589E+01
 -0.448178E+01
 -0.447834E+01
 -0.447554E+01
 -0.447371E+01
 -0.447200E+01
 -0.447063E+01
 -0.446956E+01
 -0.446858E+01
 -0.446745E+01
 -0.446621E+01
 -0.446413E+01
 -0.446115E+01
 -0.445773E+01
 -0.445378E+01
 -0.444861E+01
 -0.444238E+01
 -0.443481E+01
 -0.442611E+01
 -0.441623E+01
 -0.440540E+01
 -0.439292E+01
 -0.437937E+01
 -0.436449E+01
 -0.434835E+01
 -0.433159E+01
 -0.431441E+01
 -0.429594E+01
 -0.427611E+01
 -0.425535E+01
 -0.423379E+01
 -0.421037E+01
 -0.418516E+01
 -0.415813E+01
 -0.412891E+01
 -0.409727E+01
 -0.406352E+01
 -0.402745E+01
 -0.398930E+01
 -0.394848E+01
 -0.390500E+01
 -0.385834E+01
 -0.380826E+01
 -0.375545E+01
 -0.369967E+01
 -0.363965E+01
 -0.357658E+01
 -0.351082E+01
 -0.344234E+01
 -0.337125E+01
 -0.329768E+01
 -0.322124E+01
 -0.314272E+01
 -0.306214E+01
 -0.297897E+01
 -0.289314E+01
 -0.280531E+01
 -0.271585E+01
 -0.262468E+01
 -0.253218E+01
 -0.243848E+01
 -0.234344E+01
 -0.224751E+01
 -0.215043E+01
 -0.205308E+01
 -0.195532E+01
 -0.185719E+01
 -0.175890E+01
 -0.166021E+01
 -0.156179E+01
 -0.146415E+01
 -0.136702E+01
 -0.127085E+01
 -0.117513E+01
 -0.107974E+01
 -0.985499E+00
 -0.892135E+00
 -0.799676E+00
 -0.708376E+00
 -0.617858E+00
 -0.528298E+00
 -0.439421E+00
 -0.350972E+00
 -0.264342E+00
 -0.179241E+00
 -0.946524E-01
 -0.111763E-01
  0.705566E-01
  0.149766E+00
  0.227244E+00
  0.303530E+00
  0.377608E+00
  0.448755E+00
  0.517164E+00
  0.583594E+00
  0.647790E+00
  0.709675E+00
  0.768452E+00
  0.824437E+00
  0.878459E+00
  0.930317E+00
  0.979572E+00
  0.102679E+01
  0.107267E+01
  0.111678E+01
  0.115880E+01
  0.119873E+01
  0.123673E+01
  0.127405E+01
  0.131080E+01
  0.134651E+01
  0.138116E+01
  0.141581E+01
  0.145063E+01
  0.148535E+01
  0.151973E+01
  0.155394E+01
  0.158795E+01
  0.162181E+01
  0.165558E+01
  0.168942E+01
  0.172350E+01
  0.175839E+01
  0.179454E+01
  0.183280E+01
  0.187209E+01
  0.191267E+01
  0.195494E+01
  0.199851E+01
  0.204342E+01
  0.208944E+01
  0.213704E+01
  0.218654E+01
  0.223720E+01
  0.228879E+01
  0.234123E+01
  0.239541E+01
  0.245095E+01
  0.250766E+01
  0.256524E+01
  0.262340E+01
  0.268254E+01
  0.274310E+01
  0.280426E+01
  0.286663E+01
  0.293011E+01
  0.299415E+01
  0.305867E+01
  0.312435E+01
  0.319035E+01
  0.325614E+01
  0.332173E+01
  0.338733E+01
  0.345263E+01
  0.351746E+01
  0.358156E+01
  0.364508E+01
  0.370743E+01
  0.376882E+01
  0.382932E+01
  0.388880E+01
  0.394658E+01
  0.400317E+01
  0.405800E+01
  0.411089E+01
  0.416138E+01
  0.420945E+01
  0.425522E+01
  0.429827E+01
  0.433831E+01
  0.437608E+01
  0.441103E+01
  0.444284E+01
  0.447058E+01
  0.449529E+01
  0.451738E+01
  0.453630E+01
  0.455170E+01
  0.456423E+01
  0.457355E+01
  0.457992E+01
  0.458334E+01
  0.458442E+01
  0.458293E+01
  0.457880E+01
  0.457161E+01
  0.456205E+01
  0.455042E+01
  0.453693E+01
  0.452112E+01
  0.450352E+01
  0.448364E+01
  0.446169E+01
  0.443805E+01
  0.441275E+01
  0.438546E+01
  0.435703E+01
  0.432712E+01
  0.429585E+01
  0.426283E+01
  0.422843E+01
  0.419325E+01
  0.415713E+01
  0.411902E+01
  0.407982E+01
  0.403979E+01
  0.399873E+01
  0.395628E+01
  0.391278E+01
  0.386859E+01
  0.382381E+01
  0.377769E+01
  0.373050E+01
  0.368214E+01
  0.363296E+01
  0.358224E+01
  0.353032E+01
  0.347717E+01
  0.342348E+01
  0.336923E+01
  0.331345E+01
  0.325638E+01
  0.319901E+01
  0.314099E+01
  0.308199E+01
  0.302191E+01
  0.296154E+01
  0.290042E+01
  0.283887E+01
  0.277672E+01
  0.271442E+01
  0.265219E+01
  0.259016E+01
  0.252773E+01
  0.246510E+01
  0.240279E+01
  0.234133E+01
  0.228086E+01
  0.222045E+01
  0.215996E+01
  0.210091E+01
  0.204296E+01
  0.198537E+01
  0.192817E+01
  0.187190E+01
  0.181661E+01
  0.176195E+01
  0.170722E+01
  0.165288E+01
  0.159912E+01
  0.154605E+01
  0.149263E+01
  0.143887E+01
  0.138563E+01
  0.133246E+01
  0.127908E+01
  0.122571E+01
  0.117230E+01
  0.111914E+01
  0.106596E+01
  0.101259E+01
  0.958540E+00
  0.904354E+00
  0.850974E+00
  0.798167E+00
  0.745442E+00
  0.693077E+00
  0.641131E+00
  0.589803E+00
  0.538922E+00
  0.489161E+00
  0.441190E+00
  0.394573E+00
  0.348962E+00
  0.304794E+00
  0.261898E+00
  0.220848E+00
  0.181490E+00
  0.143563E+00
  0.107441E+00
  0.732548E-01
  0.416105E-01
  0.124300E-01
 -0.149057E-01
 -0.398157E-01
 -0.619256E-01
 -0.816195E-01
 -0.995848E-01
 -0.115853E+00
 -0.130734E+00
 -0.144374E+00
 -0.157031E+00
 -0.168845E+00
 -0.179372E+00
 -0.189172E+00
 -0.198653E+00
 -0.207771E+00
 -0.216598E+00
 -0.224801E+00
 -0.232396E+00
 -0.239500E+00
 -0.246699E+00
 -0.253958E+00
 -0.260801E+00
 -0.267067E+00
 -0.273125E+00
 -0.279198E+00
 -0.284560E+00
 -0.289312E+00
 -0.293707E+00
 -0.297681E+00
 -0.301525E+00
 -0.305049E+00
 -0.308784E+00
 -0.312782E+00
 -0.316989E+00
 -0.321052E+00
 -0.325084E+00
 -0.329142E+00
 -0.332997E+00
 -0.336993E+00
 -0.340979E+00
 -0.344996E+00
 -0.349200E+00
 -0.353544E+00
 -0.357832E+00
 -0.361889E+00
 -0.365488E+00
 -0.368270E+00
 -0.370575E+00
 -0.372470E+00
 -0.373685E+00
 -0.373559E+00
 -0.372402E+00
 -0.370627E+00
 -0.367708E+00
 -0.363657E+00
 -0.358287E+00
 -0.351752E+00
 -0.344478E+00
 -0.335982E+00
 -0.326634E+00
 -0.316402E+00
 -0.304979E+00
 -0.292693E+00
 -0.279497E+00
 -0.265892E+00
 -0.252605E+00
 -0.239159E+00
 -0.225794E+00
 -0.212767E+00
 -0.200130E+00
 -0.187872E+00
 -0.175735E+00
 -0.164470E+00
 -0.154227E+00
 -0.144475E+00
 -0.135727E+00
 -0.127730E+00
 -0.120793E+00
 -0.115263E+00
 -0.111057E+00
 -0.108058E+00
 -0.105720E+00
 -0.104029E+00
 -0.103486E+00
 -0.103608E+00
 -0.103809E+00
 -0.104506E+00
 -0.105894E+00
 -0.107650E+00
 -0.109277E+00
 -0.110804E+00
 -0.112479E+00
 -0.114208E+00
 -0.116651E+00
 -0.119636E+00
 -0.122810E+00
 -0.125857E+00
 -0.129037E+00
 -0.133082E+00
 -0.137922E+00
 -0.143700E+00
 -0.150916E+00
 -0.159497E+00
 -0.169773E+00
 -0.181692E+00
 -0.195169E+00
 -0.210453E+00
 -0.227721E+00
 -0.247164E+00
 -0.269133E+00
 -0.293470E+00
 -0.319760E+00
 -0.347644E+00
 -0.377769E+00
 -0.410130E+00
 -0.444443E+00
 -0.481322E+00
 -0.520663E+00
 -0.562052E+00
 -0.605196E+00
 -0.650151E+00
 -0.697827E+00
 -0.748007E+00
 -0.799636E+00
 -0.852815E+00
 -0.908280E+00
 -0.965478E+00
 -0.102432E+01
 -0.108529E+01
 -0.114818E+01
 -0.121267E+01
 -0.127812E+01
 -0.134467E+01
 -0.141241E+01
 -0.148096E+01
 -0.154993E+01
 -0.161920E+01
 -0.168938E+01
 -0.176080E+01
 -0.183293E+01
 -0.190539E+01
 -0.197815E+01
 -0.205106E+01
 -0.212409E+01
 -0.219796E+01
 -0.227249E+01
 -0.234721E+01
 -0.242196E+01
 -0.249725E+01
 -0.257343E+01
 -0.265029E+01
 -0.272754E+01
 -0.280531E+01
 -0.288345E+01
 -0.296240E+01
 -0.304180E+01
 -0.312207E+01
 -0.320331E+01
 -0.328508E+01
 -0.336765E+01
 -0.345125E+01
 -0.353568E+01
 -0.362092E+01
 -0.370657E+01
 -0.379280E+01
 -0.387957E+01
 -0.396698E+01
 -0.405475E+01
 -0.414288E+01
 -0.423153E+01
 -0.432120E+01
 -0.441130E+01
 -0.450094E+01
 -0.459072E+01
 -0.468117E+01
 -0.477113E+01
 -0.486103E+01
 -0.495058E+01
 -0.504082E+01
 -0.513156E+01
 -0.522186E+01
 -0.531166E+01
 -0.540164E+01
 -0.549236E+01
 -0.558340E+01
 -0.567439E+01
 -0.576573E+01
 -0.585715E+01
 -0.594957E+01
 -0.604214E+01
 -0.613471E+01
 -0.622736E+01
 -0.632093E+01
 -0.641568E+01
 -0.651181E+01
 -0.660801E+01
 -0.670423E+01
 -0.680024E+01
 -0.689657E+01
 -0.699327E+01
 -0.708996E+01
 -0.718632E+01
 -0.728334E+01
 -0.738097E+01
 -0.747929E+01
 -0.757766E+01
 -0.767608E+01
 -0.777416E+01
 -0.787300E+01
 -0.797254E+01
 -0.807246E+01
 -0.817185E+01
 -0.827114E+01
 -0.837020E+01
 -0.846964E+01
 -0.856870E+01
 -0.866771E+01
 -0.876581E+01
 -0.886338E+01
 -0.896085E+01
 -0.905754E+01
 -0.915240E+01
 -0.924667E+01
 -0.934040E+01
 -0.943419E+01
 -0.952742E+01
 -0.962065E+01
 -0.971275E+01
 -0.980396E+01
 -0.989455E+01
 -0.998467E+01
 -0.100739E+02
 -0.101628E+02
 -0.102511E+02
 -0.103397E+02
 -0.104279E+02
 -0.105160E+02
 -0.106034E+02
 -0.106909E+02
 -0.107779E+02
 -0.108646E+02
 -0.109504E+02
 -0.110356E+02
 -0.111202E+02
 -0.112035E+02
 -0.112851E+02
 -0.113663E+02
 -0.114461E+02
 -0.115250E+02
 -0.116018E+02
 -0.116772E+02
 -0.117511E+02
 -0.118228E+02
 -0.118923E+02
 -0.119601E+02
 -0.120248E+02
 -0.120873E+02
 -0.121471E+02
 -0.122046E+02
 -0.122593E+02
 -0.123108E+02
 -0.123587E+02
 -0.124040E+02
 -0.124460E+02
 -0.124855E+02
 -0.125209E+02
 -0.125532E+02
 -0.125823E+02
 -0.126079E+02
 -0.126295E+02
 -0.126486E+02
 -0.126640E+02
 -0.126768E+02
 -0.126866E+02
 -0.126942E+02
 -0.126990E+02
 -0.127006E+02
 -0.126995E+02
 -0.126968E+02
 -0.126914E+02
 -0.126843E+02
 -0.126747E+02
 -0.126634E+02
 -0.126498E+02
 -0.126337E+02
 -0.126154E+02
 -0.125953E+02
 -0.125723E+02
 -0.125475E+02
 -0.125202E+02
 -0.124911E+02
 -0.124596E+02
 -0.124254E+02
 -0.123889E+02
 -0.123511E+02
 -0.123106E+02
 -0.122681E+02
 -0.122224E+02
 -0.121750E+02
 -0.121252E+02
 -0.120732E+02
 -0.120181E+02
 -0.119611E+02
 -0.119014E+02
 -0.118390E+02
 -0.117732E+02
 -0.117051E+02
 -0.116343E+02
 -0.115614E+02
 -0.114859E+02
 -0.114083E+02
 -0.113280E+02
 -0.112459E+02
 -0.111618E+02
 -0.110769E+02
 -0.109905E+02
 -0.109028E+02
 -0.108132E+02
 -0.107233E+02
 -0.106327E+02
 -0.105410E+02
 -0.104479E+02
 -0.103553E+02
 -0.102628E+02
 -0.101699E+02
 -0.100763E+02
 -0.998352E+01
 -0.989097E+01
 -0.979875E+01
 -0.970638E+01
 -0.961513E+01
 -0.952449E+01
 -0.943458E+01
 -0.934558E+01
 -0.925759E+01
 -0.917069E+01
 -0.908544E+01
 -0.900092E+01
 -0.891845E+01
 -0.883757E+01
 -0.875796E+01
 -0.867956E+01
 -0.860342E+01
 -0.852876E+01
 -0.845590E+01
 -0.838479E+01
 -0.831616E+01
 -0.824942E+01
 -0.818473E+01
 -0.812185E+01
 -0.806055E+01
 -0.800037E+01
 -0.794232E+01
 -0.788581E+01
 -0.783114E+01
 -0.777725E+01
 -0.772392E+01
 -0.767157E+01
 -0.762052E+01
 -0.756963E+01
 -0.751892E+01
 -0.746818E+01
 -0.741791E+01
 -0.736726E+01
 -0.731603E+01
 -0.726371E+01
 -0.721048E+01
 -0.715608E+01
 -0.710063E+01
 -0.704334E+01
 -0.698517E+01
 -0.692598E+01
 -0.686549E+01
 -0.680333E+01
 -0.674045E+01
 -0.667698E+01
 -0.661245E+01
 -0.654679E+01
 -0.648124E+01
 -0.641509E+01
 -0.634867E+01
 -0.628158E+01
 -0.621389E+01
 -0.614521E+01
 -0.607631E+01
 -0.600651E+01
 -0.593628E+01
 -0.586603E+01
 -0.579500E+01
 -0.572318E+01
 -0.565120E+01
 -0.557819E+01
 -0.550419E+01
 -0.542899E+01
 -0.535379E+01
 -0.527752E+01
 -0.519998E+01
 -0.512126E+01
 -0.504147E+01
 -0.496017E+01
 -0.487680E+01
 -0.479202E+01
 -0.470615E+01
 -0.461853E+01
 -0.452935E+01
 -0.443800E+01
 -0.434550E+01
 -0.425191E+01
 -0.415769E+01
 -0.406231E+01
 -0.396613E+01
 -0.386989E+01
 -0.377374E+01
 -0.367675E+01
 -0.357905E+01
 -0.348150E+01
 -0.338482E+01
 -0.328852E+01
 -0.319217E+01
 -0.309615E+01
 -0.300106E+01
 -0.290623E+01
 -0.281090E+01
 -0.271477E+01
 -0.261862E+01
 -0.252166E+01
 -0.242360E+01
 -0.232451E+01
 -0.222494E+01
 -0.212525E+01
 -0.202511E+01
 -0.192383E+01
 -0.182194E+01
 -0.172007E+01
 -0.161791E+01
 -0.151506E+01
 -0.141184E+01
 -0.130815E+01
 -0.120446E+01
 -0.110102E+01
 -0.997501E+00
 -0.894105E+00
 -0.791215E+00
 -0.688905E+00
 -0.587040E+00
 -0.485020E+00
 -0.383325E+00
 -0.282473E+00
 -0.181626E+00
 -0.804294E-01
  0.208997E-01
  0.122340E+00
  0.223759E+00
  0.324820E+00
  0.425712E+00
  0.526909E+00
  0.627912E+00
  0.728604E+00
  0.829698E+00
  0.931225E+00
  0.103308E+01
  0.113513E+01
  0.123767E+01
  0.134017E+01
  0.144269E+01
  0.154561E+01
  0.164908E+01
  0.175332E+01
  0.185808E+01
  0.196284E+01
  0.206822E+01
  0.217377E+01
  0.227947E+01
  0.238591E+01
  0.249214E+01
  0.259762E+01
  0.270283E+01
  0.280776E+01
  0.291224E+01
  0.301569E+01
  0.311846E+01
  0.322017E+01
  0.332122E+01
  0.342135E+01
  0.352062E+01
  0.361909E+01
  0.371698E+01
  0.381358E+01
  0.390898E+01
  0.400340E+01
  0.409715E+01
  0.419023E+01
  0.428212E+01
  0.437264E+01
  0.446272E+01
  0.455192E+01
  0.464004E+01
  0.472680E+01
  0.481211E+01
  0.489583E+01
  0.497834E+01
  0.505903E+01
  0.513842E+01
  0.521594E+01
  0.529172E+01
  0.536573E+01
  0.543885E+01
  0.551057E+01
  0.558062E+01
  0.564938E+01
  0.571707E+01
  0.578348E+01
  0.584875E+01
  0.591299E+01
  0.597670E+01
  0.603922E+01
  0.610093E+01
  0.616168E+01
  0.622229E+01
  0.628210E+01
  0.634178E+01
  0.640119E+01
  0.646035E+01
  0.651920E+01
  0.657795E+01
  0.663654E+01
  0.669571E+01
  0.675455E+01
  0.681322E+01
  0.687161E+01
  0.693008E+01
  0.698825E+01
  0.704622E+01
  0.710354E+01
  0.716039E+01
  0.721595E+01
  0.727095E+01
  0.732496E+01
  0.737784E+01
  0.742907E+01
  0.747900E+01
  0.752750E+01
  0.757499E+01
  0.762075E+01
  0.766533E+01
  0.770820E+01
  0.775004E+01
  0.779028E+01
  0.782853E+01
  0.786484E+01
  0.789965E+01
  0.793152E+01
  0.796124E+01
  0.798900E+01
  0.801481E+01
  0.803785E+01
  0.805792E+01
  0.807544E+01
  0.809073E+01
  0.810279E+01
  0.811312E+01
  0.812091E+01
  0.812666E+01
  0.813015E+01
  0.813123E+01
  0.813003E+01
  0.812750E+01
  0.812294E+01
  0.811641E+01
  0.810784E+01
  0.809806E+01
  0.808609E+01
  0.807203E+01
  0.805652E+01
  0.804021E+01
  0.802170E+01
  0.800175E+01
  0.797988E+01
  0.795683E+01
  0.793240E+01
  0.790609E+01
  0.787825E+01
  0.785029E+01
  0.782111E+01
  0.779043E+01
  0.775846E+01
  0.772654E+01
  0.769417E+01
  0.766108E+01
  0.762780E+01
  0.759521E+01
  0.756186E+01
  0.752815E+01
  0.749391E+01
  0.746014E+01
  0.742605E+01
  0.739134E+01
  0.735693E+01
  0.732341E+01
  0.728966E+01
  0.725613E+01
  0.722278E+01
  0.719066E+01
  0.715872E+01
  0.712673E+01
  0.709549E+01
  0.706555E+01
  0.703555E+01
  0.700610E+01
  0.697782E+01
  0.695113E+01
  0.692531E+01
  0.690077E+01
  0.687747E+01
  0.685602E+01
  0.683607E+01
  0.681812E+01
  0.680155E+01
  0.678713E+01
  0.677438E+01
  0.676280E+01
  0.675297E+01
  0.674514E+01
  0.673868E+01
  0.673330E+01
  0.672836E+01
  0.672512E+01
  0.672309E+01
  0.672190E+01
  0.672193E+01
  0.672403E+01
  0.672687E+01
  0.673073E+01
  0.673534E+01
  0.674150E+01
  0.674784E+01
  0.675374E+01
  0.676036E+01
  0.676817E+01
  0.677606E+01
  0.678395E+01
  0.679152E+01
  0.679962E+01
  0.680764E+01
  0.681541E+01
  0.682272E+01
  0.683032E+01
  0.683710E+01
  0.684329E+01
  0.684901E+01
  0.685465E+01
  0.685946E+01
  0.686350E+01
  0.686669E+01
  0.686935E+01
  0.687116E+01
  0.687288E+01
  0.687346E+01
  0.687368E+01
  0.687321E+01
  0.687170E+01
  0.686940E+01
  0.686662E+01
  0.686273E+01
  0.685830E+01
  0.685260E+01
  0.684590E+01
  0.683778E+01
  0.682848E+01
  0.681805E+01
  0.680630E+01
  0.679256E+01
  0.677782E+01
  0.676153E+01
  0.674457E+01
  0.672654E+01
  0.670719E+01
  0.668702E+01
  0.666642E+01
  0.664464E+01
  0.662260E+01
  0.659994E+01
  0.657695E+01
  0.655319E+01
  0.652896E+01
  0.650456E+01
  0.647999E+01
  0.645451E+01
  0.642889E+01
  0.640296E+01
  0.637739E+01
  0.635103E+01
  0.632369E+01
  0.629639E+01
  0.626924E+01
  0.624062E+01
  0.621117E+01
  0.618093E+01
  0.615009E+01
  0.611780E+01
  0.608425E+01
  0.604976E+01
  0.601420E+01
  0.597668E+01
  0.593820E+01
  0.589832E+01
  0.585716E+01
  0.581477E+01
  0.577153E+01
  0.572693E+01
  0.568178E+01
  0.563602E+01
  0.558969E+01
  0.554256E+01
  0.549530E+01
  0.544749E+01
  0.539905E+01
  0.535015E+01
  0.530135E+01
  0.525165E+01
  0.520158E+01
  0.515097E+01
  0.509995E+01
  0.504857E+01
  0.499664E+01
  0.494392E+01
  0.489126E+01
  0.483801E+01
  0.478425E+01
  0.472972E+01
  0.467504E+01
  0.461983E+01
  0.456425E+01
  0.450829E+01
  0.445230E+01
  0.439602E+01
  0.433991E+01
  0.428378E+01
  0.422803E+01
  0.417248E+01
  0.411682E+01
  0.406096E+01
  0.400541E+01
  0.394994E+01
  0.389456E+01
  0.383858E+01
  0.378263E+01
  0.372697E+01
  0.367121E+01
  0.361487E+01
  0.355882E+01
  0.350284E+01
  0.344673E+01
  0.339024E+01
  0.333393E+01
  0.327784E+01
  0.322177E+01
  0.316576E+01
  0.311035E+01
  0.305542E+01
  0.300080E+01
  0.294616E+01
  0.289231E+01
  0.283879E+01
  0.278533E+01
  0.273206E+01
  0.267935E+01
  0.262659E+01
  0.257399E+01
  0.252149E+01
  0.246933E+01
  0.241787E+01
  0.236682E+01
  0.231591E+01
  0.226541E+01
  0.221503E+01
  0.216526E+01
  0.211603E+01
  0.206746E+01
  0.201941E+01
  0.197199E+01
  0.192525E+01
  0.187937E+01
  0.183430E+01
  0.179012E+01
  0.174671E+01
  0.170431E+01
  0.166256E+01
  0.162149E+01
  0.158128E+01
  0.154190E+01
  0.150291E+01
  0.146462E+01
  0.142726E+01
  0.139069E+01
  0.135481E+01
  0.131982E+01
  0.128548E+01
  0.125160E+01
  0.121818E+01
  0.118547E+01
  0.115324E+01
  0.112171E+01
  0.109071E+01
  0.106030E+01
  0.103052E+01
  0.100128E+01
  0.972419E+00
  0.943925E+00
  0.915880E+00
  0.888393E+00
  0.861175E+00
  0.834226E+00
  0.807607E+00
  0.781291E+00
  0.755252E+00
  0.729632E+00
  0.704384E+00
  0.679892E+00
  0.655828E+00
  0.632235E+00
  0.609507E+00
  0.587193E+00
  0.565193E+00
  0.544116E+00
  0.523681E+00
  0.503836E+00
  0.484762E+00
  0.466496E+00
  0.448891E+00
  0.431883E+00
  0.415661E+00
  0.400138E+00
  0.385025E+00
  0.370518E+00
  0.356483E+00
  0.342759E+00
  0.329405E+00
  0.316591E+00
  0.304197E+00
  0.292119E+00
  0.280458E+00
  0.269342E+00
  0.258524E+00
  0.247952E+00
  0.237796E+00
  0.228003E+00
  0.218543E+00
  0.209468E+00
  0.200572E+00
  0.191914E+00
  0.183549E+00
  0.175524E+00
  0.167681E+00
  0.159977E+00
  0.152509E+00
  0.145277E+00
  0.138167E+00
  0.131182E+00
  0.124405E+00
  0.117810E+00
  0.111316E+00
  0.105008E+00
  0.988735E-01
  0.928359E-01
  0.869019E-01
  0.810754E-01
  0.752650E-01
  0.696028E-01
  0.640522E-01
  0.584698E-01
  0.528927E-01
  0.474261E-01
  0.419562E-01
  0.364739E-01
  0.310404E-01
  0.256849E-01
  0.203792E-01
  0.150888E-01
  0.991533E-02
  0.495269E-02
  0.153233E-03
 -0.450571E-02
 -0.897861E-02
 -0.132197E-01
 -0.172908E-01
 -0.211413E-01
 -0.247633E-01
 -0.282189E-01
 -0.315215E-01
 -0.346292E-01
 -0.375569E-01
 -0.403013E-01
 -0.428737E-01
 -0.452889E-01
 -0.475117E-01
 -0.495570E-01
 -0.514520E-01
 -0.531425E-01
 -0.546426E-01
 -0.559838E-01
 -0.571631E-01
 -0.581631E-01
 -0.589950E-01
 -0.596798E-01
 -0.602296E-01
 -0.606385E-01
 -0.608954E-01
 -0.610228E-01
 -0.610511E-01
 -0.609389E-01
 -0.606951E-01
 -0.603418E-01
 -0.598892E-01
 -0.593389E-01
 -0.586898E-01
 -0.579408E-01
 -0.571278E-01
 -0.562418E-01
 -0.552824E-01
 -0.542699E-01
 -0.531930E-01
 -0.520478E-01
 -0.508600E-01
 -0.496337E-01
 -0.483767E-01
 -0.470956E-01
 -0.457834E-01
 -0.444430E-01
 -0.431047E-01
 -0.417672E-01
 -0.404307E-01
 -0.390943E-01
 -0.377663E-01
 -0.364463E-01
 -0.351255E-01
 -0.338153E-01
 -0.325265E-01
 -0.312459E-01
 -0.299781E-01
 -0.287217E-01
 -0.274767E-01
 -0.262395E-01
 -0.250133E-01
 -0.238028E-01
 -0.226086E-01
 -0.214282E-01
 -0.202661E-01
 -0.191266E-01
 -0.180144E-01
 -0.169280E-01
 -0.158744E-01
 -0.148523E-01
 -0.138754E-01
 -0.129375E-01
 -0.120346E-01
 -0.111734E-01
 -0.103553E-01
 -0.957161E-02
 -0.882886E-02
 -0.812632E-02
 -0.746385E-02
 -0.683642E-02
 -0.624099E-02
 -0.568025E-02
 -0.515346E-02
 -0.465550E-02
 -0.418771E-02
 -0.374721E-02
 -0.333572E-02
 -0.294863E-02
 -0.258665E-02
 -0.224980E-02
 -0.194082E-02
 -0.165481E-02
 -0.139147E-02
 -0.114996E-02
 -0.930533E-03
 -0.728971E-03
 -0.546418E-03
 -0.381989E-03
 -0.234604E-03
 -0.101959E-03
  0.155929E-04
  0.119602E-03
  0.209203E-03
  0.288256E-03
  0.356207E-03
  0.413577E-03
  0.460298E-03
  0.499017E-03
  0.529181E-03
  0.552047E-03
  0.567626E-03
  0.578057E-03
  0.583194E-03
  0.583487E-03
  0.579070E-03
  0.571533E-03
  0.560424E-03
  0.546943E-03
  0.530649E-03
  0.512827E-03
  0.493702E-03
  0.473147E-03
  0.451210E-03
  0.428895E-03
  0.405928E-03
  0.382836E-03
  0.359329E-03
  0.336050E-03
  0.312919E-03
  0.290021E-03
  0.267315E-03
  0.245275E-03
  0.223693E-03
  0.202844E-03
  0.182602E-03
  0.163264E-03
  0.144789E-03
  0.127204E-03
  0.110516E-03
  0.949063E-04
  0.803253E-04
  0.668739E-04
  0.545273E-04
  0.433868E-04
  0.334523E-04
  0.247457E-04
  0.172903E-04
  0.111396E-04
  0.630598E-05
  0.282047E-05
  0.708971E-06
  0.000000E+00
