    10.00   0.0500     7800    40.65    16.70     210.33      4207      0.089538
  0.000000E+00
 -0.261443E-04
 -0.103087E-03
 -0.228193E-03
 -0.397214E-03
 -0.606176E-03
 -0.853256E-03
 -0.113614E-02
 -0.144640E-02
 -0.178394E-02
 -0.213918E-02
 -0.251616E-02
 -0.289212E-02
 -0.327347E-02
 -0.365201E-02
 -0.402659E-02
 -0.437491E-02
 -0.470245E-02
 -0.501843E-02
 -0.536082E-02
 -0.570297E-02
 -0.606175E-02
 -0.642804E-02
 -0.682956E-02
 -0.724181E-02
 -0.768706E-02
 -0.811202E-02
 -0.865366E-02
 -0.929690E-02
 -0.990990E-02
 -0.104217E-01
 -0.109951E-01
 -0.115514E-01
 -0.121554E-01
 -0.126523E-01
 -0.130786E-01
 -0.134411E-01
 -0.137139E-01
 -0.138413E-01
 -0.138773E-01
 -0.138896E-01
 -0.139205E-01
 -0.138728E-01
 -0.142082E-01
 -0.143093E-01
 -0.142261E-01
 -0.143120E-01
 -0.143846E-01
 -0.143562E-01
 -0.145870E-01
 -0.148914E-01
 -0.151025E-01
 -0.150539E-01
 -0.152155E-01
 -0.153543E-01
 -0.155256E-01
 -0.153764E-01
 -0.152133E-01
 -0.151197E-01
 -0.150859E-01
 -0.146897E-01
 -0.144562E-01
 -0.143908E-01
 -0.142499E-01
 -0.142328E-01
 -0.148892E-01
 -0.156079E-01
 -0.160041E-01
 -0.159666E-01
 -0.164673E-01
 -0.168190E-01
 -0.168884E-01
 -0.168412E-01
 -0.172380E-01
 -0.176189E-01
 -0.177725E-01
 -0.173262E-01
 -0.172544E-01
 -0.171241E-01
 -0.168628E-01
 -0.164480E-01
 -0.165044E-01
 -0.163652E-01
 -0.156740E-01
 -0.145905E-01
 -0.138995E-01
 -0.132523E-01
 -0.122164E-01
 -0.990266E-02
 -0.835672E-02
 -0.690603E-02
 -0.516321E-02
 -0.289079E-02
 -0.212303E-04
  0.298146E-02
  0.539599E-02
  0.808252E-02
  0.109825E-01
  0.142608E-01
  0.172801E-01
  0.216228E-01
  0.262816E-01
  0.312247E-01
  0.361279E-01
  0.409141E-01
  0.448187E-01
  0.487175E-01
  0.526398E-01
  0.570765E-01
  0.606933E-01
  0.644911E-01
  0.673746E-01
  0.695049E-01
  0.718739E-01
  0.748092E-01
  0.776286E-01
  0.807128E-01
  0.841823E-01
  0.888422E-01
  0.919618E-01
  0.953697E-01
  0.100083E+00
  0.105536E+00
  0.110304E+00
  0.116056E+00
  0.121325E+00
  0.125665E+00
  0.130084E+00
  0.135275E+00
  0.139881E+00
  0.143751E+00
  0.146150E+00
  0.149532E+00
  0.151156E+00
  0.152250E+00
  0.154206E+00
  0.153890E+00
  0.151775E+00
  0.151206E+00
  0.148844E+00
  0.146743E+00
  0.145724E+00
  0.142785E+00
  0.138796E+00
  0.135656E+00
  0.129647E+00
  0.125820E+00
  0.121753E+00
  0.116003E+00
  0.111931E+00
  0.106666E+00
  0.997051E-01
  0.945834E-01
  0.876280E-01
  0.805827E-01
  0.734011E-01
  0.669374E-01
  0.618049E-01
  0.571993E-01
  0.524683E-01
  0.498895E-01
  0.466377E-01
  0.449930E-01
  0.470335E-01
  0.509178E-01
  0.544963E-01
  0.604163E-01
  0.661416E-01
  0.728479E-01
  0.793977E-01
  0.856998E-01
  0.936685E-01
  0.102616E+00
  0.109947E+00
  0.118545E+00
  0.125939E+00
  0.132874E+00
  0.140053E+00
  0.145796E+00
  0.150513E+00
  0.155758E+00
  0.159179E+00
  0.164587E+00
  0.168150E+00
  0.171541E+00
  0.176209E+00
  0.179259E+00
  0.183708E+00
  0.191042E+00
  0.195368E+00
  0.201179E+00
  0.208808E+00
  0.216058E+00
  0.224031E+00
  0.232498E+00
  0.239704E+00
  0.248695E+00
  0.255951E+00
  0.263569E+00
  0.272344E+00
  0.281107E+00
  0.290837E+00
  0.302536E+00
  0.314348E+00
  0.329247E+00
  0.346087E+00
  0.367295E+00
  0.392633E+00
  0.422614E+00
  0.458911E+00
  0.500502E+00
  0.544524E+00
  0.593410E+00
  0.643669E+00
  0.696442E+00
  0.750876E+00
  0.805779E+00
  0.862095E+00
  0.918694E+00
  0.974319E+00
  0.103366E+01
  0.109373E+01
  0.115669E+01
  0.122397E+01
  0.129431E+01
  0.136838E+01
  0.144689E+01
  0.152815E+01
  0.161744E+01
  0.171171E+01
  0.181168E+01
  0.191935E+01
  0.203326E+01
  0.215384E+01
  0.228610E+01
  0.242927E+01
  0.258643E+01
  0.275639E+01
  0.293906E+01
  0.313490E+01
  0.334264E+01
  0.355763E+01
  0.377742E+01
  0.399566E+01
  0.421200E+01
  0.442131E+01
  0.462173E+01
  0.481529E+01
  0.500438E+01
  0.518917E+01
  0.537526E+01
  0.556677E+01
  0.577007E+01
  0.598478E+01
  0.621414E+01
  0.645846E+01
  0.671722E+01
  0.698494E+01
  0.726121E+01
  0.754403E+01
  0.783137E+01
  0.812040E+01
  0.840911E+01
  0.869486E+01
  0.898018E+01
  0.925914E+01
  0.953259E+01
  0.980226E+01
  0.100718E+02
  0.103395E+02
  0.106086E+02
  0.108801E+02
  0.111562E+02
  0.114347E+02
  0.117177E+02
  0.120047E+02
  0.122974E+02
  0.125942E+02
  0.128973E+02
  0.132071E+02
  0.135298E+02
  0.138682E+02
  0.142299E+02
  0.146179E+02
  0.150332E+02
  0.154703E+02
  0.159305E+02
  0.164085E+02
  0.169001E+02
  0.174001E+02
  0.179073E+02
  0.184120E+02
  0.189101E+02
  0.193959E+02
  0.198710E+02
  0.203388E+02
  0.208074E+02
  0.212778E+02
  0.217601E+02
  0.222585E+02
  0.227796E+02
  0.233250E+02
  0.238989E+02
  0.245015E+02
  0.251389E+02
  0.258076E+02
  0.265075E+02
  0.272361E+02
  0.279920E+02
  0.287664E+02
  0.295594E+02
  0.303656E+02
  0.311886E+02
  0.320275E+02
  0.328893E+02
  0.337789E+02
  0.347041E+02
  0.356640E+02
  0.366656E+02
  0.377074E+02
  0.387943E+02
  0.399221E+02
  0.410954E+02
  0.423151E+02
  0.435862E+02
  0.449026E+02
  0.462645E+02
  0.476658E+02
  0.491014E+02
  0.505538E+02
  0.520210E+02
  0.534932E+02
  0.549691E+02
  0.564407E+02
  0.579141E+02
  0.593907E+02
  0.608753E+02
  0.623627E+02
  0.638614E+02
  0.653666E+02
  0.668868E+02
  0.684172E+02
  0.699585E+02
  0.715054E+02
  0.730640E+02
  0.746191E+02
  0.761711E+02
  0.777113E+02
  0.792334E+02
  0.807276E+02
  0.821957E+02
  0.836299E+02
  0.850332E+02
  0.863925E+02
  0.877176E+02
  0.890071E+02
  0.902731E+02
  0.915150E+02
  0.927460E+02
  0.939716E+02
  0.952043E+02
  0.964335E+02
  0.976655E+02
  0.988907E+02
  0.100112E+03
  0.101311E+03
  0.102490E+03
  0.103639E+03
  0.104757E+03
  0.105827E+03
  0.106848E+03
  0.107811E+03
  0.108720E+03
  0.109554E+03
  0.110316E+03
  0.111003E+03
  0.111620E+03
  0.112157E+03
  0.112627E+03
  0.113030E+03
  0.113380E+03
  0.113670E+03
  0.113908E+03
  0.114092E+03
  0.114227E+03
  0.114300E+03
  0.114320E+03
  0.114275E+03
  0.114175E+03
  0.114009E+03
  0.113778E+03
  0.113479E+03
  0.113112E+03
  0.112656E+03
  0.112121E+03
  0.111493E+03
  0.110783E+03
  0.109988E+03
  0.109120E+03
  0.108192E+03
  0.107228E+03
  0.106227E+03
  0.105211E+03
  0.104184E+03
  0.103154E+03
  0.102109E+03
  0.101052E+03
  0.999748E+02
  0.988807E+02
  0.977560E+02
  0.966053E+02
  0.954251E+02
  0.942201E+02
  0.929776E+02
  0.917005E+02
  0.903855E+02
  0.890445E+02
  0.876691E+02
  0.862691E+02
  0.848463E+02
  0.834060E+02
  0.819425E+02
  0.804669E+02
  0.789787E+02
  0.774882E+02
  0.759908E+02
  0.744924E+02
  0.729905E+02
  0.714893E+02
  0.699766E+02
  0.684566E+02
  0.669242E+02
  0.653828E+02
  0.638225E+02
  0.622436E+02
  0.606435E+02
  0.590235E+02
  0.573707E+02
  0.556866E+02
  0.539694E+02
  0.522288E+02
  0.504705E+02
  0.487134E+02
  0.469681E+02
  0.452468E+02
  0.435509E+02
  0.418838E+02
  0.402396E+02
  0.386178E+02
  0.370068E+02
  0.354041E+02
  0.338046E+02
  0.322083E+02
  0.306112E+02
  0.290169E+02
  0.274272E+02
  0.258502E+02
  0.242839E+02
  0.227323E+02
  0.211977E+02
  0.196838E+02
  0.181882E+02
  0.167147E+02
  0.152640E+02
  0.138412E+02
  0.124465E+02
  0.110810E+02
  0.974284E+01
  0.843320E+01
  0.714693E+01
  0.588223E+01
  0.463543E+01
  0.340182E+01
  0.217560E+01
  0.957394E+00
 -0.249719E+00
 -0.143926E+01
 -0.260676E+01
 -0.375416E+01
 -0.488700E+01
 -0.600858E+01
 -0.712573E+01
 -0.824479E+01
 -0.936682E+01
 -0.104910E+02
 -0.116183E+02
 -0.127476E+02
 -0.138785E+02
 -0.150155E+02
 -0.161657E+02
 -0.173342E+02
 -0.185279E+02
 -0.197586E+02
 -0.210287E+02
 -0.223406E+02
 -0.236952E+02
 -0.250879E+02
 -0.265133E+02
 -0.279703E+02
 -0.294567E+02
 -0.309728E+02
 -0.325132E+02
 -0.340757E+02
 -0.356589E+02
 -0.372615E+02
 -0.388792E+02
 -0.405185E+02
 -0.421789E+02
 -0.438549E+02
 -0.455421E+02
 -0.472409E+02
 -0.489366E+02
 -0.506274E+02
 -0.523073E+02
 -0.539703E+02
 -0.556148E+02
 -0.572445E+02
 -0.588537E+02
 -0.604472E+02
 -0.620240E+02
 -0.635876E+02
 -0.651345E+02
 -0.666654E+02
 -0.681760E+02
 -0.696668E+02
 -0.711254E+02
 -0.725557E+02
 -0.739566E+02
 -0.753335E+02
 -0.766870E+02
 -0.780225E+02
 -0.793405E+02
 -0.806433E+02
 -0.819195E+02
 -0.831753E+02
 -0.844007E+02
 -0.855965E+02
 -0.867587E+02
 -0.878830E+02
 -0.889655E+02
 -0.900108E+02
 -0.910059E+02
 -0.919623E+02
 -0.928797E+02
 -0.937622E+02
 -0.946100E+02
 -0.954299E+02
 -0.962181E+02
 -0.969835E+02
 -0.977166E+02
 -0.984216E+02
 -0.990962E+02
 -0.997397E+02
 -0.100340E+03
 -0.100900E+03
 -0.101413E+03
 -0.101889E+03
 -0.102320E+03
 -0.102709E+03
 -0.103058E+03
 -0.103365E+03
 -0.103617E+03
 -0.103820E+03
 -0.103963E+03
 -0.104056E+03
 -0.104093E+03
 -0.104082E+03
 -0.104032E+03
 -0.103959E+03
 -0.103863E+03
 -0.103766E+03
 -0.103674E+03
 -0.103605E+03
 -0.103558E+03
 -0.103547E+03
 -0.103572E+03
 -0.103634E+03
 -0.103722E+03
 -0.103832E+03
 -0.103953E+03
 -0.104085E+03
 -0.104207E+03
 -0.104330E+03
 -0.104449E+03
 -0.104565E+03
 -0.104675E+03
 -0.104779E+03
 -0.104870E+03
 -0.104949E+03
 -0.105001E+03
 -0.105030E+03
 -0.105035E+03
 -0.105023E+03
 -0.104994E+03
 -0.104960E+03
 -0.104919E+03
 -0.104881E+03
 -0.104840E+03
 -0.104807E+03
 -0.104783E+03
 -0.104778E+03
 -0.104796E+03
 -0.104850E+03
 -0.104944E+03
 -0.105090E+03
 -0.105273E+03
 -0.105491E+03
 -0.105733E+03
 -0.105987E+03
 -0.106230E+03
 -0.106461E+03
 -0.106669E+03
 -0.106856E+03
 -0.107011E+03
 -0.107136E+03
 -0.107228E+03
 -0.107286E+03
 -0.107301E+03
 -0.107284E+03
 -0.107234E+03
 -0.107162E+03
 -0.107057E+03
 -0.106923E+03
 -0.106751E+03
 -0.106534E+03
 -0.106258E+03
 -0.105922E+03
 -0.105526E+03
 -0.105078E+03
 -0.104571E+03
 -0.104008E+03
 -0.103381E+03
 -0.102692E+03
 -0.101929E+03
 -0.101101E+03
 -0.100217E+03
 -0.992982E+02
 -0.983453E+02
 -0.973717E+02
 -0.963772E+02
 -0.953635E+02
 -0.943200E+02
 -0.932519E+02
 -0.921642E+02
 -0.910719E+02
 -0.899788E+02
 -0.889006E+02
 -0.878395E+02
 -0.867988E+02
 -0.857673E+02
 -0.847449E+02
 -0.837277E+02
 -0.827184E+02
 -0.817097E+02
 -0.807058E+02
 -0.797025E+02
 -0.786965E+02
 -0.776720E+02
 -0.766218E+02
 -0.755338E+02
 -0.744021E+02
 -0.732127E+02
 -0.719642E+02
 -0.706494E+02
 -0.692691E+02
 -0.678207E+02
 -0.663122E+02
 -0.647482E+02
 -0.631359E+02
 -0.614749E+02
 -0.597707E+02
 -0.580225E+02
 -0.562342E+02
 -0.544030E+02
 -0.525417E+02
 -0.506588E+02
 -0.487661E+02
 -0.468788E+02
 -0.450132E+02
 -0.431767E+02
 -0.413762E+02
 -0.396074E+02
 -0.378691E+02
 -0.361541E+02
 -0.344520E+02
 -0.327545E+02
 -0.310588E+02
 -0.293605E+02
 -0.276582E+02
 -0.259504E+02
 -0.242402E+02
 -0.225287E+02
 -0.208184E+02
 -0.191145E+02
 -0.174232E+02
 -0.157514E+02
 -0.141079E+02
 -0.125007E+02
 -0.109405E+02
 -0.944255E+01
 -0.801867E+01
 -0.667972E+01
 -0.543231E+01
 -0.427744E+01
 -0.320697E+01
 -0.220719E+01
 -0.125905E+01
 -0.344472E+00
  0.548840E+00
  0.142372E+01
  0.227733E+01
  0.309965E+01
  0.388724E+01
  0.463378E+01
  0.533698E+01
  0.599698E+01
  0.661586E+01
  0.719142E+01
  0.771960E+01
  0.819042E+01
  0.860056E+01
  0.894518E+01
  0.922619E+01
  0.944375E+01
  0.960048E+01
  0.969711E+01
  0.974009E+01
  0.973569E+01
  0.969414E+01
  0.962472E+01
  0.954185E+01
  0.945467E+01
  0.937107E+01
  0.929045E+01
  0.921168E+01
  0.913294E+01
  0.905584E+01
  0.897694E+01
  0.889930E+01
  0.882266E+01
  0.874810E+01
  0.867739E+01
  0.861606E+01
  0.856596E+01
  0.853409E+01
  0.852154E+01
  0.853130E+01
  0.856701E+01
  0.863382E+01
  0.873602E+01
  0.888236E+01
  0.906953E+01
  0.929391E+01
  0.954690E+01
  0.981737E+01
  0.100932E+02
  0.103726E+02
  0.106533E+02
  0.109410E+02
  0.112412E+02
  0.115577E+02
  0.118898E+02
  0.122422E+02
  0.126152E+02
  0.130111E+02
  0.134262E+02
  0.138574E+02
  0.143037E+02
  0.147630E+02
  0.152294E+02
  0.157092E+02
  0.162051E+02
  0.167227E+02
  0.172603E+02
  0.178139E+02
  0.183776E+02
  0.189465E+02
  0.195049E+02
  0.200462E+02
  0.205605E+02
  0.210461E+02
  0.215025E+02
  0.219347E+02
  0.223446E+02
  0.227442E+02
  0.231387E+02
  0.235385E+02
  0.239532E+02
  0.243885E+02
  0.248463E+02
  0.253328E+02
  0.258456E+02
  0.263863E+02
  0.269389E+02
  0.274972E+02
  0.280548E+02
  0.286021E+02
  0.291313E+02
  0.296384E+02
  0.301099E+02
  0.305429E+02
  0.309236E+02
  0.312527E+02
  0.315360E+02
  0.317822E+02
  0.320004E+02
  0.322037E+02
  0.323948E+02
  0.325824E+02
  0.327629E+02
  0.329436E+02
  0.331293E+02
  0.333245E+02
  0.335238E+02
  0.337263E+02
  0.339230E+02
  0.341087E+02
  0.342692E+02
  0.343952E+02
  0.344757E+02
  0.345081E+02
  0.344842E+02
  0.344098E+02
  0.342878E+02
  0.341227E+02
  0.339108E+02
  0.336532E+02
  0.333455E+02
  0.329910E+02
  0.325855E+02
  0.321395E+02
  0.316598E+02
  0.311568E+02
  0.306393E+02
  0.301211E+02
  0.296061E+02
  0.291014E+02
  0.286019E+02
  0.281048E+02
  0.276018E+02
  0.270798E+02
  0.265179E+02
  0.259047E+02
  0.252273E+02
  0.244870E+02
  0.236784E+02
  0.228080E+02
  0.218848E+02
  0.209184E+02
  0.199224E+02
  0.189144E+02
  0.179011E+02
  0.168921E+02
  0.158838E+02
  0.148750E+02
  0.138586E+02
  0.128279E+02
  0.117766E+02
  0.107047E+02
  0.961303E+01
  0.850315E+01
  0.736977E+01
  0.621209E+01
  0.502484E+01
  0.380569E+01
  0.255326E+01
  0.126878E+01
 -0.418348E-01
 -0.136737E+01
 -0.270006E+01
 -0.402582E+01
 -0.533371E+01
 -0.661067E+01
 -0.783984E+01
 -0.900764E+01
 -0.101039E+02
 -0.111226E+02
 -0.120618E+02
 -0.129205E+02
 -0.137027E+02
 -0.144114E+02
 -0.150486E+02
 -0.156179E+02
 -0.161191E+02
 -0.165519E+02
 -0.169179E+02
 -0.172180E+02
 -0.174577E+02
 -0.176435E+02
 -0.177814E+02
 -0.178796E+02
 -0.179479E+02
 -0.179984E+02
 -0.180372E+02
 -0.180690E+02
 -0.180995E+02
 -0.181326E+02
 -0.181685E+02
 -0.182048E+02
 -0.182361E+02
 -0.182560E+02
 -0.182509E+02
 -0.182096E+02
 -0.181249E+02
 -0.179904E+02
 -0.178088E+02
 -0.175849E+02
 -0.173227E+02
 -0.170303E+02
 -0.167125E+02
 -0.163753E+02
 -0.160208E+02
 -0.156464E+02
 -0.152499E+02
 -0.148248E+02
 -0.143669E+02
 -0.138760E+02
 -0.133536E+02
 -0.128066E+02
 -0.122427E+02
 -0.116667E+02
 -0.110828E+02
 -0.104960E+02
 -0.991232E+01
 -0.933271E+01
 -0.875905E+01
 -0.819274E+01
 -0.763296E+01
 -0.707899E+01
 -0.652746E+01
 -0.597248E+01
 -0.541418E+01
 -0.485336E+01
 -0.429460E+01
 -0.374302E+01
 -0.320064E+01
 -0.266949E+01
 -0.215662E+01
 -0.166617E+01
 -0.120369E+01
 -0.772339E+00
 -0.376450E+00
 -0.160666E-01
  0.310588E+00
  0.608966E+00
  0.888957E+00
  0.116708E+01
  0.145326E+01
  0.175711E+01
  0.207906E+01
  0.241485E+01
  0.276093E+01
  0.311382E+01
  0.347186E+01
  0.383899E+01
  0.421259E+01
  0.459420E+01
  0.497738E+01
  0.535547E+01
  0.572346E+01
  0.607686E+01
  0.641521E+01
  0.674188E+01
  0.705643E+01
  0.736474E+01
  0.766406E+01
  0.795523E+01
  0.823911E+01
  0.851550E+01
  0.878079E+01
  0.903349E+01
  0.926934E+01
  0.948685E+01
  0.967937E+01
  0.984811E+01
  0.999432E+01
  0.101238E+02
  0.102428E+02
  0.103576E+02
  0.104714E+02
  0.105911E+02
  0.107168E+02
  0.108542E+02
  0.110065E+02
  0.111758E+02
  0.113623E+02
  0.115660E+02
  0.117803E+02
  0.119984E+02
  0.122065E+02
  0.123981E+02
  0.125679E+02
  0.127126E+02
  0.128268E+02
  0.129141E+02
  0.129743E+02
  0.130102E+02
  0.130222E+02
  0.130131E+02
  0.129861E+02
  0.129468E+02
  0.128949E+02
  0.128353E+02
  0.127689E+02
  0.126995E+02
  0.126253E+02
  0.125496E+02
  0.124758E+02
  0.124071E+02
  0.123444E+02
  0.122921E+02
  0.122482E+02
  0.122150E+02
  0.121909E+02
  0.121789E+02
  0.121818E+02
  0.122038E+02
  0.122437E+02
  0.123035E+02
  0.123836E+02
  0.124875E+02
  0.126109E+02
  0.127537E+02
  0.129116E+02
  0.130802E+02
  0.132525E+02
  0.134269E+02
  0.136034E+02
  0.137861E+02
  0.139740E+02
  0.141667E+02
  0.143591E+02
  0.145490E+02
  0.147233E+02
  0.148795E+02
  0.150167E+02
  0.151347E+02
  0.152330E+02
  0.153129E+02
  0.153705E+02
  0.154119E+02
  0.154344E+02
  0.154418E+02
  0.154434E+02
  0.154391E+02
  0.154285E+02
  0.154154E+02
  0.153915E+02
  0.153603E+02
  0.153133E+02
  0.152496E+02
  0.151784E+02
  0.151009E+02
  0.150158E+02
  0.149323E+02
  0.148472E+02
  0.147640E+02
  0.146852E+02
  0.146106E+02
  0.145395E+02
  0.144746E+02
  0.144100E+02
  0.143440E+02
  0.142765E+02
  0.142099E+02
  0.141358E+02
  0.140497E+02
  0.139505E+02
  0.138367E+02
  0.136977E+02
  0.135383E+02
  0.133601E+02
  0.131609E+02
  0.129374E+02
  0.126916E+02
  0.124272E+02
  0.121524E+02
  0.118759E+02
  0.116086E+02
  0.113523E+02
  0.111092E+02
  0.108753E+02
  0.106495E+02
  0.104243E+02
  0.101998E+02
  0.997594E+01
  0.975602E+01
  0.954402E+01
  0.934300E+01
  0.915174E+01
  0.897395E+01
  0.880972E+01
  0.866249E+01
  0.853454E+01
  0.842764E+01
  0.834087E+01
  0.827741E+01
  0.823298E+01
  0.820904E+01
  0.820483E+01
  0.821578E+01
  0.823559E+01
  0.826085E+01
  0.828460E+01
  0.830548E+01
  0.831425E+01
  0.830630E+01
  0.827958E+01
  0.823413E+01
  0.816840E+01
  0.808228E+01
  0.797330E+01
  0.784262E+01
  0.768506E+01
  0.749990E+01
  0.728843E+01
  0.705284E+01
  0.679440E+01
  0.652036E+01
  0.623518E+01
  0.594602E+01
  0.565382E+01
  0.536271E+01
  0.507397E+01
  0.478791E+01
  0.450472E+01
  0.422899E+01
  0.396415E+01
  0.371522E+01
  0.348443E+01
  0.327683E+01
  0.309293E+01
  0.293460E+01
  0.279852E+01
  0.268146E+01
  0.258063E+01
  0.249323E+01
  0.241366E+01
  0.234624E+01
  0.229522E+01
  0.226587E+01
  0.226356E+01
  0.229238E+01
  0.235363E+01
  0.244669E+01
  0.255995E+01
  0.268388E+01
  0.280789E+01
  0.292406E+01
  0.302712E+01
  0.311921E+01
  0.320177E+01
  0.327795E+01
  0.335013E+01
  0.342633E+01
  0.351148E+01
  0.360846E+01
  0.371843E+01
  0.384385E+01
  0.398472E+01
  0.414626E+01
  0.432615E+01
  0.452284E+01
  0.474130E+01
  0.498859E+01
  0.526335E+01
  0.556879E+01
  0.590521E+01
  0.626780E+01
  0.665387E+01
  0.706171E+01
  0.747478E+01
  0.788845E+01
  0.829344E+01
  0.867499E+01
  0.902528E+01
  0.933379E+01
  0.958229E+01
  0.976770E+01
  0.988386E+01
  0.992674E+01
  0.989925E+01
  0.980684E+01
  0.965639E+01
  0.946074E+01
  0.922339E+01
  0.895324E+01
  0.865197E+01
  0.832445E+01
  0.797433E+01
  0.760535E+01
  0.722568E+01
  0.683731E+01
  0.643739E+01
  0.603413E+01
  0.562223E+01
  0.520278E+01
  0.478338E+01
  0.436704E+01
  0.395702E+01
  0.355599E+01
  0.315666E+01
  0.276093E+01
  0.236871E+01
  0.197993E+01
  0.159655E+01
  0.121793E+01
  0.842049E+00
  0.469290E+00
  0.928917E-01
 -0.290599E+00
 -0.686247E+00
 -0.109951E+01
 -0.153660E+01
 -0.200058E+01
 -0.249374E+01
 -0.301564E+01
 -0.356591E+01
 -0.413810E+01
 -0.472830E+01
 -0.533369E+01
 -0.595035E+01
 -0.657556E+01
 -0.720744E+01
 -0.784276E+01
 -0.847704E+01
 -0.910283E+01
 -0.971550E+01
 -0.103073E+02
 -0.108762E+02
 -0.114227E+02
 -0.119419E+02
 -0.124332E+02
 -0.128953E+02
 -0.133238E+02
 -0.137226E+02
 -0.140963E+02
 -0.144478E+02
 -0.147842E+02
 -0.151116E+02
 -0.154359E+02
 -0.157565E+02
 -0.160772E+02
 -0.164033E+02
 -0.167346E+02
 -0.170774E+02
 -0.174347E+02
 -0.178041E+02
 -0.181840E+02
 -0.185664E+02
 -0.189443E+02
 -0.193153E+02
 -0.196783E+02
 -0.200291E+02
 -0.203672E+02
 -0.206908E+02
 -0.209974E+02
 -0.212890E+02
 -0.215631E+02
 -0.218153E+02
 -0.220450E+02
 -0.222425E+02
 -0.224040E+02
 -0.225253E+02
 -0.225990E+02
 -0.226232E+02
 -0.225954E+02
 -0.225177E+02
 -0.223963E+02
 -0.222301E+02
 -0.220306E+02
 -0.218064E+02
 -0.215641E+02
 -0.213151E+02
 -0.210629E+02
 -0.208108E+02
 -0.205637E+02
 -0.203154E+02
 -0.200659E+02
 -0.198151E+02
 -0.195580E+02
 -0.192951E+02
 -0.190237E+02
 -0.187353E+02
 -0.184289E+02
 -0.180986E+02
 -0.177400E+02
 -0.173561E+02
 -0.169423E+02
 -0.165007E+02
 -0.160359E+02
 -0.155462E+02
 -0.150405E+02
 -0.145252E+02
 -0.140035E+02
 -0.134821E+02
 -0.129636E+02
 -0.124527E+02
 -0.119536E+02
 -0.114670E+02
 -0.109927E+02
 -0.105311E+02
 -0.100780E+02
 -0.962887E+01
 -0.917787E+01
 -0.871840E+01
 -0.824650E+01
 -0.776010E+01
 -0.726018E+01
 -0.675323E+01
 -0.624052E+01
 -0.572647E+01
 -0.521802E+01
 -0.471740E+01
 -0.423024E+01
 -0.376121E+01
 -0.330522E+01
 -0.286526E+01
 -0.244262E+01
 -0.203939E+01
 -0.166166E+01
 -0.131583E+01
 -0.100644E+01
 -0.739741E+00
 -0.515727E+00
 -0.335842E+00
 -0.197764E+00
 -0.957375E-01
 -0.224476E-01
  0.302925E-01
  0.716457E-01
  0.107243E+00
  0.146521E+00
  0.189862E+00
  0.237497E+00
  0.288721E+00
  0.338764E+00
  0.383878E+00
  0.422325E+00
  0.449776E+00
  0.469477E+00
  0.478668E+00
  0.477366E+00
  0.465358E+00
  0.440665E+00
  0.402809E+00
  0.350776E+00
  0.284050E+00
  0.208323E+00
  0.122484E+00
  0.310411E-01
 -0.637112E-01
 -0.164620E+00
 -0.270759E+00
 -0.380880E+00
 -0.496198E+00
 -0.610379E+00
 -0.725282E+00
 -0.838063E+00
 -0.947165E+00
 -0.105851E+01
 -0.117624E+01
 -0.130630E+01
 -0.145632E+01
 -0.162498E+01
 -0.181759E+01
 -0.203436E+01
 -0.227245E+01
 -0.253178E+01
 -0.280569E+01
 -0.308577E+01
 -0.336532E+01
 -0.363299E+01
 -0.388713E+01
 -0.412152E+01
 -0.433084E+01
 -0.451713E+01
 -0.467992E+01
 -0.481895E+01
 -0.493495E+01
 -0.502281E+01
 -0.508315E+01
 -0.511532E+01
 -0.511667E+01
 -0.508839E+01
 -0.503234E+01
 -0.494815E+01
 -0.484162E+01
 -0.471353E+01
 -0.456513E+01
 -0.439733E+01
 -0.420733E+01
 -0.399599E+01
 -0.376586E+01
 -0.351565E+01
 -0.325004E+01
 -0.296807E+01
 -0.266955E+01
 -0.235484E+01
 -0.202251E+01
 -0.167231E+01
 -0.130443E+01
 -0.917088E+00
 -0.514026E+00
 -0.958271E-01
  0.333706E+00
  0.769326E+00
  0.120653E+01
  0.164558E+01
  0.208462E+01
  0.252424E+01
  0.296464E+01
  0.340578E+01
  0.384461E+01
  0.427987E+01
  0.470759E+01
  0.512800E+01
  0.553536E+01
  0.592832E+01
  0.630198E+01
  0.664936E+01
  0.696671E+01
  0.725361E+01
  0.750859E+01
  0.773807E+01
  0.794363E+01
  0.813030E+01
  0.830046E+01
  0.845440E+01
  0.859208E+01
  0.871728E+01
  0.883201E+01
  0.894353E+01
  0.904856E+01
  0.914929E+01
  0.924650E+01
  0.933535E+01
  0.941334E+01
  0.948376E+01
  0.954371E+01
  0.959444E+01
  0.963288E+01
  0.965867E+01
  0.967049E+01
  0.967053E+01
  0.966082E+01
  0.964281E+01
  0.961393E+01
  0.957799E+01
  0.953326E+01
  0.948612E+01
  0.943852E+01
  0.938945E+01
  0.934026E+01
  0.929265E+01
  0.924713E+01
  0.920720E+01
  0.916351E+01
  0.911325E+01
  0.905073E+01
  0.896941E+01
  0.886479E+01
  0.873398E+01
  0.857633E+01
  0.839852E+01
  0.820042E+01
  0.798977E+01
  0.776880E+01
  0.753909E+01
  0.730436E+01
  0.706843E+01
  0.683283E+01
  0.660324E+01
  0.638070E+01
  0.617070E+01
  0.597493E+01
  0.579555E+01
  0.563416E+01
  0.549143E+01
  0.536725E+01
  0.526109E+01
  0.516295E+01
  0.507182E+01
  0.498396E+01
  0.489844E+01
  0.481581E+01
  0.473496E+01
  0.465780E+01
  0.458813E+01
  0.452455E+01
  0.447145E+01
  0.442459E+01
  0.438061E+01
  0.433442E+01
  0.428120E+01
  0.421891E+01
  0.414725E+01
  0.406605E+01
  0.398115E+01
  0.389163E+01
  0.380178E+01
  0.371617E+01
  0.363611E+01
  0.356337E+01
  0.350137E+01
  0.344769E+01
  0.340423E+01
  0.336721E+01
  0.333496E+01
  0.330292E+01
  0.326581E+01
  0.322219E+01
  0.317041E+01
  0.310517E+01
  0.302720E+01
  0.293494E+01
  0.283167E+01
  0.271650E+01
  0.258968E+01
  0.245379E+01
  0.231220E+01
  0.216597E+01
  0.201880E+01
  0.187024E+01
  0.172388E+01
  0.157835E+01
  0.142966E+01
  0.127414E+01
  0.110925E+01
  0.931777E+00
  0.742198E+00
  0.538013E+00
  0.320921E+00
  0.886021E-01
 -0.162192E+00
 -0.433783E+00
 -0.727757E+00
 -0.104409E+01
 -0.137871E+01
 -0.172909E+01
 -0.208672E+01
 -0.244881E+01
 -0.281138E+01
 -0.317090E+01
 -0.352660E+01
 -0.387589E+01
 -0.421602E+01
 -0.454696E+01
 -0.486591E+01
 -0.517070E+01
 -0.545854E+01
 -0.573037E+01
 -0.598374E+01
 -0.621821E+01
 -0.643441E+01
 -0.663169E+01
 -0.680845E+01
 -0.696494E+01
 -0.709903E+01
 -0.721063E+01
 -0.730415E+01
 -0.738044E+01
 -0.743948E+01
 -0.748539E+01
 -0.751827E+01
 -0.754133E+01
 -0.755451E+01
 -0.755922E+01
 -0.755883E+01
 -0.755248E+01
 -0.754079E+01
 -0.752674E+01
 -0.751057E+01
 -0.749345E+01
 -0.747621E+01
 -0.746445E+01
 -0.746226E+01
 -0.747242E+01
 -0.749730E+01
 -0.753849E+01
 -0.759596E+01
 -0.767101E+01
 -0.776424E+01
 -0.787468E+01
 -0.799930E+01
 -0.813768E+01
 -0.829036E+01
 -0.845565E+01
 -0.862896E+01
 -0.880835E+01
 -0.898779E+01
 -0.916669E+01
 -0.934702E+01
 -0.952162E+01
 -0.968849E+01
 -0.984990E+01
 -0.100018E+02
 -0.101448E+02
 -0.102775E+02
 -0.104011E+02
 -0.105171E+02
 -0.106225E+02
 -0.107159E+02
 -0.107955E+02
 -0.108593E+02
 -0.109046E+02
 -0.109296E+02
 -0.109393E+02
 -0.109365E+02
 -0.109242E+02
 -0.109093E+02
 -0.108973E+02
 -0.108939E+02
 -0.109052E+02
 -0.109308E+02
 -0.109718E+02
 -0.110334E+02
 -0.111118E+02
 -0.112012E+02
 -0.113010E+02
 -0.114034E+02
 -0.115026E+02
 -0.115994E+02
 -0.116884E+02
 -0.117648E+02
 -0.118291E+02
 -0.118790E+02
 -0.119177E+02
 -0.119494E+02
 -0.119700E+02
 -0.119838E+02
 -0.119970E+02
 -0.120125E+02
 -0.120396E+02
 -0.120782E+02
 -0.121316E+02
 -0.122076E+02
 -0.123030E+02
 -0.124188E+02
 -0.125543E+02
 -0.127012E+02
 -0.128607E+02
 -0.130315E+02
 -0.132094E+02
 -0.133981E+02
 -0.135961E+02
 -0.138035E+02
 -0.140242E+02
 -0.142556E+02
 -0.145001E+02
 -0.147566E+02
 -0.150160E+02
 -0.152773E+02
 -0.155322E+02
 -0.157716E+02
 -0.159956E+02
 -0.162001E+02
 -0.163871E+02
 -0.165605E+02
 -0.167242E+02
 -0.168833E+02
 -0.170388E+02
 -0.171990E+02
 -0.173620E+02
 -0.175208E+02
 -0.176762E+02
 -0.178236E+02
 -0.179612E+02
 -0.180834E+02
 -0.181833E+02
 -0.182636E+02
 -0.183213E+02
 -0.183576E+02
 -0.183734E+02
 -0.183672E+02
 -0.183445E+02
 -0.183035E+02
 -0.182437E+02
 -0.181717E+02
 -0.180849E+02
 -0.179853E+02
 -0.178790E+02
 -0.177656E+02
 -0.176485E+02
 -0.175286E+02
 -0.174014E+02
 -0.172699E+02
 -0.171335E+02
 -0.169921E+02
 -0.168465E+02
 -0.166952E+02
 -0.165443E+02
 -0.163967E+02
 -0.162515E+02
 -0.161091E+02
 -0.159675E+02
 -0.158256E+02
 -0.156810E+02
 -0.155335E+02
 -0.153808E+02
 -0.152205E+02
 -0.150514E+02
 -0.148706E+02
 -0.146772E+02
 -0.144717E+02
 -0.142546E+02
 -0.140277E+02
 -0.137935E+02
 -0.135557E+02
 -0.133166E+02
 -0.130756E+02
 -0.128369E+02
 -0.126073E+02
 -0.123889E+02
 -0.121822E+02
 -0.119885E+02
 -0.118088E+02
 -0.116445E+02
 -0.114963E+02
 -0.113643E+02
 -0.112465E+02
 -0.111408E+02
 -0.110438E+02
 -0.109538E+02
 -0.108668E+02
 -0.107778E+02
 -0.106837E+02
 -0.105774E+02
 -0.104558E+02
 -0.103175E+02
 -0.101575E+02
 -0.997538E+01
 -0.976894E+01
 -0.953555E+01
 -0.927426E+01
 -0.898791E+01
 -0.867750E+01
 -0.834533E+01
 -0.799395E+01
 -0.762392E+01
 -0.723605E+01
 -0.683587E+01
 -0.642806E+01
 -0.601741E+01
 -0.561150E+01
 -0.521597E+01
 -0.483108E+01
 -0.446330E+01
 -0.411121E+01
 -0.377089E+01
 -0.344245E+01
 -0.312481E+01
 -0.281762E+01
 -0.252049E+01
 -0.223267E+01
 -0.195754E+01
 -0.169295E+01
 -0.143914E+01
 -0.119266E+01
 -0.951665E+00
 -0.716707E+00
 -0.488322E+00
 -0.263025E+00
 -0.417738E-01
  0.176565E+00
  0.393435E+00
  0.609756E+00
  0.822865E+00
  0.103292E+01
  0.123835E+01
  0.143821E+01
  0.163089E+01
  0.181659E+01
  0.199446E+01
  0.216856E+01
  0.233595E+01
  0.249822E+01
  0.265588E+01
  0.280431E+01
  0.294392E+01
  0.307651E+01
  0.319332E+01
  0.329642E+01
  0.338728E+01
  0.346208E+01
  0.351864E+01
  0.356028E+01
  0.358394E+01
  0.358863E+01
  0.357346E+01
  0.353967E+01
  0.348647E+01
  0.341806E+01
  0.333790E+01
  0.324854E+01
  0.315065E+01
  0.305132E+01
  0.295105E+01
  0.284968E+01
  0.274850E+01
  0.264602E+01
  0.253871E+01
  0.243069E+01
  0.231764E+01
  0.219766E+01
  0.207085E+01
  0.193498E+01
  0.179032E+01
  0.163809E+01
  0.147377E+01
  0.129878E+01
  0.110814E+01
  0.901965E+00
  0.680005E+00
  0.438204E+00
  0.178285E+00
 -0.927477E-01
 -0.376367E+00
 -0.670781E+00
 -0.972018E+00
 -0.127702E+01
 -0.158703E+01
 -0.189946E+01
 -0.221057E+01
 -0.251849E+01
 -0.282356E+01
 -0.312289E+01
 -0.341337E+01
 -0.369243E+01
 -0.396170E+01
 -0.422076E+01
 -0.447193E+01
 -0.471402E+01
 -0.495069E+01
 -0.518120E+01
 -0.540251E+01
 -0.561282E+01
 -0.580694E+01
 -0.598452E+01
 -0.614560E+01
 -0.628544E+01
 -0.640297E+01
 -0.649597E+01
 -0.656381E+01
 -0.660573E+01
 -0.662436E+01
 -0.662039E+01
 -0.659543E+01
 -0.655306E+01
 -0.649582E+01
 -0.642590E+01
 -0.634808E+01
 -0.626323E+01
 -0.617331E+01
 -0.608073E+01
 -0.599026E+01
 -0.590475E+01
 -0.582649E+01
 -0.575724E+01
 -0.569791E+01
 -0.564964E+01
 -0.561358E+01
 -0.558760E+01
 -0.557095E+01
 -0.555994E+01
 -0.555044E+01
 -0.553841E+01
 -0.552234E+01
 -0.549688E+01
 -0.545769E+01
 -0.540230E+01
 -0.532752E+01
 -0.523317E+01
 -0.511862E+01
 -0.498027E+01
 -0.482255E+01
 -0.464241E+01
 -0.443691E+01
 -0.420830E+01
 -0.396264E+01
 -0.370098E+01
 -0.342268E+01
 -0.312961E+01
 -0.282637E+01
 -0.251603E+01
 -0.220023E+01
 -0.188174E+01
 -0.156291E+01
 -0.124275E+01
 -0.924495E+00
 -0.604551E+00
 -0.281176E+00
  0.430880E-01
  0.371658E+00
  0.711478E+00
  0.105429E+01
  0.139920E+01
  0.174550E+01
  0.208901E+01
  0.243065E+01
  0.276995E+01
  0.310181E+01
  0.342978E+01
  0.375065E+01
  0.406239E+01
  0.436292E+01
  0.465072E+01
  0.492579E+01
  0.518527E+01
  0.542425E+01
  0.564462E+01
  0.584035E+01
  0.601255E+01
  0.616168E+01
  0.628783E+01
  0.638966E+01
  0.646886E+01
  0.652609E+01
  0.656039E+01
  0.656888E+01
  0.655026E+01
  0.649991E+01
  0.641862E+01
  0.630251E+01
  0.615497E+01
  0.597496E+01
  0.576527E+01
  0.552876E+01
  0.526820E+01
  0.498741E+01
  0.469047E+01
  0.438208E+01
  0.406722E+01
  0.374491E+01
  0.342150E+01
  0.309752E+01
  0.277632E+01
  0.245849E+01
  0.214713E+01
  0.184504E+01
  0.155281E+01
  0.127051E+01
  0.100036E+01
  0.740818E+00
  0.494088E+00
  0.260893E+00
  0.421810E-01
 -0.162613E+00
 -0.353346E+00
 -0.530224E+00
 -0.690334E+00
 -0.834468E+00
 -0.960475E+00
 -0.107116E+01
 -0.116860E+01
 -0.125355E+01
 -0.132664E+01
 -0.138771E+01
 -0.143713E+01
 -0.147857E+01
 -0.151358E+01
 -0.154595E+01
 -0.157616E+01
 -0.160770E+01
 -0.163884E+01
 -0.166845E+01
 -0.169904E+01
 -0.173187E+01
 -0.176559E+01
 -0.180498E+01
 -0.184862E+01
 -0.189222E+01
 -0.193536E+01
 -0.197723E+01
 -0.201255E+01
 -0.203989E+01
 -0.205859E+01
 -0.207198E+01
 -0.207639E+01
 -0.207228E+01
 -0.206239E+01
 -0.204683E+01
 -0.202739E+01
 -0.200666E+01
 -0.198590E+01
 -0.197014E+01
 -0.196206E+01
 -0.196759E+01
 -0.198921E+01
 -0.202714E+01
 -0.208164E+01
 -0.215071E+01
 -0.222861E+01
 -0.231612E+01
 -0.241047E+01
 -0.251038E+01
 -0.261499E+01
 -0.272366E+01
 -0.283359E+01
 -0.294491E+01
 -0.305614E+01
 -0.316449E+01
 -0.327016E+01
 -0.337165E+01
 -0.346610E+01
 -0.355592E+01
 -0.363877E+01
 -0.371666E+01
 -0.379085E+01
 -0.386065E+01
 -0.392774E+01
 -0.399146E+01
 -0.404719E+01
 -0.409866E+01
 -0.414305E+01
 -0.417742E+01
 -0.420263E+01
 -0.421660E+01
 -0.422055E+01
 -0.421527E+01
 -0.419486E+01
 -0.416373E+01
 -0.412553E+01
 -0.407724E+01
 -0.402540E+01
 -0.397534E+01
 -0.392356E+01
 -0.388198E+01
 -0.385217E+01
 -0.383279E+01
 -0.383656E+01
 -0.386384E+01
 -0.391294E+01
 -0.399394E+01
 -0.410484E+01
 -0.424832E+01
 -0.442571E+01
 -0.463465E+01
 -0.487605E+01
 -0.514766E+01
 -0.544533E+01
 -0.576761E+01
 -0.611126E+01
 -0.647366E+01
 -0.685057E+01
 -0.723873E+01
 -0.763583E+01
 -0.803951E+01
 -0.844743E+01
 -0.886050E+01
 -0.927688E+01
 -0.969565E+01
 -0.101140E+02
 -0.105299E+02
 -0.109427E+02
 -0.113508E+02
 -0.117518E+02
 -0.121456E+02
 -0.125349E+02
 -0.129196E+02
 -0.133005E+02
 -0.136793E+02
 -0.140538E+02
 -0.144246E+02
 -0.147923E+02
 -0.151557E+02
 -0.155159E+02
 -0.158746E+02
 -0.162312E+02
 -0.165860E+02
 -0.169353E+02
 -0.172750E+02
 -0.176083E+02
 -0.179282E+02
 -0.182346E+02
 -0.185310E+02
 -0.188092E+02
 -0.190719E+02
 -0.193180E+02
 -0.195432E+02
 -0.197534E+02
 -0.199425E+02
 -0.201101E+02
 -0.202593E+02
 -0.203856E+02
 -0.204911E+02
 -0.205776E+02
 -0.206412E+02
 -0.206844E+02
 -0.207058E+02
 -0.207045E+02
 -0.206808E+02
 -0.206322E+02
 -0.205576E+02
 -0.204616E+02
 -0.203421E+02
 -0.202035E+02
 -0.200491E+02
 -0.198798E+02
 -0.197024E+02
 -0.195192E+02
 -0.193330E+02
 -0.191456E+02
 -0.189581E+02
 -0.187728E+02
 -0.185908E+02
 -0.184175E+02
 -0.182508E+02
 -0.180928E+02
 -0.179471E+02
 -0.178145E+02
 -0.176963E+02
 -0.175912E+02
 -0.174982E+02
 -0.174176E+02
 -0.173467E+02
 -0.172853E+02
 -0.172324E+02
 -0.171848E+02
 -0.171414E+02
 -0.170988E+02
 -0.170529E+02
 -0.170029E+02
 -0.169449E+02
 -0.168749E+02
 -0.167905E+02
 -0.166885E+02
 -0.165670E+02
 -0.164276E+02
 -0.162701E+02
 -0.160980E+02
 -0.159114E+02
 -0.157120E+02
 -0.155074E+02
 -0.152992E+02
 -0.150900E+02
 -0.148811E+02
 -0.146713E+02
 -0.144620E+02
 -0.142555E+02
 -0.140533E+02
 -0.138565E+02
 -0.136689E+02
 -0.134929E+02
 -0.133311E+02
 -0.131836E+02
 -0.130532E+02
 -0.129417E+02
 -0.128504E+02
 -0.127816E+02
 -0.127343E+02
 -0.127089E+02
 -0.127054E+02
 -0.127245E+02
 -0.127676E+02
 -0.128357E+02
 -0.129282E+02
 -0.130469E+02
 -0.131915E+02
 -0.133610E+02
 -0.135537E+02
 -0.137667E+02
 -0.139992E+02
 -0.142465E+02
 -0.145030E+02
 -0.147633E+02
 -0.150216E+02
 -0.152716E+02
 -0.155118E+02
 -0.157382E+02
 -0.159461E+02
 -0.161351E+02
 -0.163032E+02
 -0.164522E+02
 -0.165816E+02
 -0.166950E+02
 -0.167965E+02
 -0.168859E+02
 -0.169715E+02
 -0.170523E+02
 -0.171291E+02
 -0.172047E+02
 -0.172801E+02
 -0.173586E+02
 -0.174373E+02
 -0.175145E+02
 -0.175893E+02
 -0.176587E+02
 -0.177220E+02
 -0.177765E+02
 -0.178247E+02
 -0.178679E+02
 -0.179057E+02
 -0.179386E+02
 -0.179673E+02
 -0.179920E+02
 -0.180093E+02
 -0.180192E+02
 -0.180229E+02
 -0.180169E+02
 -0.180024E+02
 -0.179795E+02
 -0.179459E+02
 -0.179021E+02
 -0.178471E+02
 -0.177790E+02
 -0.177016E+02
 -0.176169E+02
 -0.175281E+02
 -0.174387E+02
 -0.173466E+02
 -0.172518E+02
 -0.171558E+02
 -0.170583E+02
 -0.169587E+02
 -0.168544E+02
 -0.167442E+02
 -0.166289E+02
 -0.165083E+02
 -0.163819E+02
 -0.162501E+02
 -0.161099E+02
 -0.159636E+02
 -0.158109E+02
 -0.156525E+02
 -0.154879E+02
 -0.153147E+02
 -0.151360E+02
 -0.149487E+02
 -0.147553E+02
 -0.145605E+02
 -0.143635E+02
 -0.141666E+02
 -0.139691E+02
 -0.137742E+02
 -0.135827E+02
 -0.133920E+02
 -0.132022E+02
 -0.130114E+02
 -0.128220E+02
 -0.126328E+02
 -0.124413E+02
 -0.122496E+02
 -0.120559E+02
 -0.118652E+02
 -0.116823E+02
 -0.115038E+02
 -0.113309E+02
 -0.111601E+02
 -0.109917E+02
 -0.108269E+02
 -0.106617E+02
 -0.104952E+02
 -0.103283E+02
 -0.101626E+02
 -0.999909E+01
 -0.984001E+01
 -0.968754E+01
 -0.953954E+01
 -0.939777E+01
 -0.926497E+01
 -0.913907E+01
 -0.901912E+01
 -0.890405E+01
 -0.879233E+01
 -0.868646E+01
 -0.858577E+01
 -0.849143E+01
 -0.839951E+01
 -0.830880E+01
 -0.822069E+01
 -0.813440E+01
 -0.805091E+01
 -0.797090E+01
 -0.789604E+01
 -0.782537E+01
 -0.776259E+01
 -0.771182E+01
 -0.766594E+01
 -0.763272E+01
 -0.761416E+01
 -0.760762E+01
 -0.761876E+01
 -0.764570E+01
 -0.768818E+01
 -0.774886E+01
 -0.782570E+01
 -0.791880E+01
 -0.802815E+01
 -0.815384E+01
 -0.829243E+01
 -0.844165E+01
 -0.859288E+01
 -0.874068E+01
 -0.888358E+01
 -0.901491E+01
 -0.913298E+01
 -0.923549E+01
 -0.931698E+01
 -0.937836E+01
 -0.941842E+01
 -0.943827E+01
 -0.944197E+01
 -0.942870E+01
 -0.939657E+01
 -0.935108E+01
 -0.929192E+01
 -0.921889E+01
 -0.913255E+01
 -0.903196E+01
 -0.892062E+01
 -0.879870E+01
 -0.866310E+01
 -0.851539E+01
 -0.835708E+01
 -0.818974E+01
 -0.801245E+01
 -0.782804E+01
 -0.763664E+01
 -0.744065E+01
 -0.724582E+01
 -0.705101E+01
 -0.686152E+01
 -0.668066E+01
 -0.650338E+01
 -0.633678E+01
 -0.617946E+01
 -0.603084E+01
 -0.589427E+01
 -0.576505E+01
 -0.564407E+01
 -0.553426E+01
 -0.542923E+01
 -0.533238E+01
 -0.524282E+01
 -0.515387E+01
 -0.506974E+01
 -0.498941E+01
 -0.490855E+01
 -0.482961E+01
 -0.474406E+01
 -0.465351E+01
 -0.455961E+01
 -0.445722E+01
 -0.435234E+01
 -0.424637E+01
 -0.413486E+01
 -0.402614E+01
 -0.392085E+01
 -0.382012E+01
 -0.372979E+01
 -0.364814E+01
 -0.357417E+01
 -0.351465E+01
 -0.346764E+01
 -0.343626E+01
 -0.342164E+01
 -0.342161E+01
 -0.343780E+01
 -0.346798E+01
 -0.350698E+01
 -0.355531E+01
 -0.361151E+01
 -0.367486E+01
 -0.374177E+01
 -0.381074E+01
 -0.387881E+01
 -0.394399E+01
 -0.400408E+01
 -0.405718E+01
 -0.410222E+01
 -0.413811E+01
 -0.416412E+01
 -0.418380E+01
 -0.419506E+01
 -0.420342E+01
 -0.421115E+01
 -0.421715E+01
 -0.422472E+01
 -0.423167E+01
 -0.423929E+01
 -0.425534E+01
 -0.427401E+01
 -0.429708E+01
 -0.432941E+01
 -0.436957E+01
 -0.442286E+01
 -0.449175E+01
 -0.457080E+01
 -0.466200E+01
 -0.476209E+01
 -0.487365E+01
 -0.499743E+01
 -0.512859E+01
 -0.526789E+01
 -0.541348E+01
 -0.556225E+01
 -0.571781E+01
 -0.587524E+01
 -0.603186E+01
 -0.618865E+01
 -0.634458E+01
 -0.650037E+01
 -0.665420E+01
 -0.680095E+01
 -0.694552E+01
 -0.709059E+01
 -0.723647E+01
 -0.738498E+01
 -0.753548E+01
 -0.768793E+01
 -0.784385E+01
 -0.800330E+01
 -0.816878E+01
 -0.833662E+01
 -0.850645E+01
 -0.867858E+01
 -0.884970E+01
 -0.902076E+01
 -0.918873E+01
 -0.934788E+01
 -0.950034E+01
 -0.964517E+01
 -0.978320E+01
 -0.991553E+01
 -0.100400E+02
 -0.101587E+02
 -0.102738E+02
 -0.103864E+02
 -0.105005E+02
 -0.106153E+02
 -0.107354E+02
 -0.108662E+02
 -0.110069E+02
 -0.111594E+02
 -0.113216E+02
 -0.114888E+02
 -0.116619E+02
 -0.118360E+02
 -0.120085E+02
 -0.121771E+02
 -0.123369E+02
 -0.124890E+02
 -0.126330E+02
 -0.127688E+02
 -0.128995E+02
 -0.130244E+02
 -0.131457E+02
 -0.132667E+02
 -0.133896E+02
 -0.135172E+02
 -0.136483E+02
 -0.137833E+02
 -0.139266E+02
 -0.140758E+02
 -0.142277E+02
 -0.143833E+02
 -0.145397E+02
 -0.146943E+02
 -0.148437E+02
 -0.149826E+02
 -0.151081E+02
 -0.152183E+02
 -0.153102E+02
 -0.153812E+02
 -0.154295E+02
 -0.154542E+02
 -0.154547E+02
 -0.154291E+02
 -0.153771E+02
 -0.152986E+02
 -0.151934E+02
 -0.150653E+02
 -0.149147E+02
 -0.147418E+02
 -0.145489E+02
 -0.143362E+02
 -0.141062E+02
 -0.138610E+02
 -0.135999E+02
 -0.133243E+02
 -0.130345E+02
 -0.127316E+02
 -0.124174E+02
 -0.120911E+02
 -0.117534E+02
 -0.114049E+02
 -0.110492E+02
 -0.106892E+02
 -0.103259E+02
 -0.996273E+01
 -0.960427E+01
 -0.925380E+01
 -0.891495E+01
 -0.858955E+01
 -0.827860E+01
 -0.798245E+01
 -0.770424E+01
 -0.744473E+01
 -0.720302E+01
 -0.697843E+01
 -0.677094E+01
 -0.657802E+01
 -0.639747E+01
 -0.622537E+01
 -0.605971E+01
 -0.589569E+01
 -0.573062E+01
 -0.556276E+01
 -0.538873E+01
 -0.520618E+01
 -0.501357E+01
 -0.480985E+01
 -0.459684E+01
 -0.437147E+01
 -0.413507E+01
 -0.388898E+01
 -0.363496E+01
 -0.337224E+01
 -0.310384E+01
 -0.283229E+01
 -0.255529E+01
 -0.227332E+01
 -0.198942E+01
 -0.170022E+01
 -0.140754E+01
 -0.111103E+01
 -0.809704E+00
 -0.506104E+00
 -0.202328E+00
  0.103959E+00
  0.410253E+00
  0.718569E+00
  0.102819E+01
  0.134010E+01
  0.165379E+01
  0.196561E+01
  0.227615E+01
  0.258295E+01
  0.287712E+01
  0.316258E+01
  0.343092E+01
  0.367907E+01
  0.390955E+01
  0.411772E+01
  0.430234E+01
  0.446719E+01
  0.461085E+01
  0.473948E+01
  0.485413E+01
  0.495555E+01
  0.504583E+01
  0.512786E+01
  0.520256E+01
  0.527276E+01
  0.533731E+01
  0.540159E+01
  0.546315E+01
  0.552030E+01
  0.557366E+01
  0.562457E+01
  0.567258E+01
  0.571815E+01
  0.575965E+01
  0.579945E+01
  0.583474E+01
  0.586517E+01
  0.588898E+01
  0.590734E+01
  0.591754E+01
  0.591846E+01
  0.590784E+01
  0.588630E+01
  0.584956E+01
  0.579715E+01
  0.572752E+01
  0.564246E+01
  0.554228E+01
  0.542707E+01
  0.529642E+01
  0.515390E+01
  0.499757E+01
  0.482878E+01
  0.464736E+01
  0.445337E+01
  0.424611E+01
  0.402683E+01
  0.379326E+01
  0.354755E+01
  0.328953E+01
  0.302182E+01
  0.274482E+01
  0.246304E+01
  0.217706E+01
  0.188774E+01
  0.159739E+01
  0.130725E+01
  0.101816E+01
  0.731596E+00
  0.445963E+00
  0.163046E+00
 -0.119698E+00
 -0.401007E+00
 -0.681708E+00
 -0.959854E+00
 -0.123596E+01
 -0.150916E+01
 -0.177822E+01
 -0.204459E+01
 -0.230875E+01
 -0.256843E+01
 -0.282635E+01
 -0.308182E+01
 -0.333422E+01
 -0.358552E+01
 -0.383656E+01
 -0.408560E+01
 -0.433681E+01
 -0.458853E+01
 -0.484200E+01
 -0.509972E+01
 -0.535836E+01
 -0.561710E+01
 -0.587840E+01
 -0.613850E+01
 -0.639552E+01
 -0.665006E+01
 -0.690104E+01
 -0.714646E+01
 -0.738522E+01
 -0.761535E+01
 -0.783738E+01
 -0.805006E+01
 -0.825373E+01
 -0.844695E+01
 -0.863012E+01
 -0.880405E+01
 -0.896891E+01
 -0.912657E+01
 -0.927537E+01
 -0.941227E+01
 -0.953812E+01
 -0.965007E+01
 -0.974746E+01
 -0.983244E+01
 -0.990422E+01
 -0.996426E+01
 -0.100173E+02
 -0.100631E+02
 -0.101043E+02
 -0.101469E+02
 -0.101956E+02
 -0.102524E+02
 -0.103196E+02
 -0.104007E+02
 -0.104973E+02
 -0.106087E+02
 -0.107331E+02
 -0.108685E+02
 -0.110139E+02
 -0.111669E+02
 -0.113266E+02
 -0.114930E+02
 -0.116667E+02
 -0.118447E+02
 -0.120256E+02
 -0.122098E+02
 -0.123956E+02
 -0.125834E+02
 -0.127716E+02
 -0.129564E+02
 -0.131375E+02
 -0.133141E+02
 -0.134843E+02
 -0.136462E+02
 -0.137988E+02
 -0.139411E+02
 -0.140736E+02
 -0.141992E+02
 -0.143204E+02
 -0.144380E+02
 -0.145543E+02
 -0.146714E+02
 -0.147901E+02
 -0.149118E+02
 -0.150376E+02
 -0.151688E+02
 -0.153068E+02
 -0.154507E+02
 -0.155990E+02
 -0.157518E+02
 -0.159106E+02
 -0.160753E+02
 -0.162433E+02
 -0.164141E+02
 -0.165886E+02
 -0.167655E+02
 -0.169417E+02
 -0.171167E+02
 -0.172905E+02
 -0.174626E+02
 -0.176329E+02
 -0.178006E+02
 -0.179642E+02
 -0.181237E+02
 -0.182802E+02
 -0.184322E+02
 -0.185791E+02
 -0.187243E+02
 -0.188629E+02
 -0.189953E+02
 -0.191240E+02
 -0.192473E+02
 -0.193691E+02
 -0.194895E+02
 -0.196086E+02
 -0.197305E+02
 -0.198540E+02
 -0.199818E+02
 -0.201097E+02
 -0.202395E+02
 -0.203723E+02
 -0.205045E+02
 -0.206399E+02
 -0.207753E+02
 -0.209076E+02
 -0.210409E+02
 -0.211698E+02
 -0.212947E+02
 -0.214173E+02
 -0.215354E+02
 -0.216520E+02
 -0.217692E+02
 -0.218857E+02
 -0.220052E+02
 -0.221249E+02
 -0.222461E+02
 -0.223687E+02
 -0.224912E+02
 -0.226169E+02
 -0.227430E+02
 -0.228666E+02
 -0.229912E+02
 -0.231130E+02
 -0.232314E+02
 -0.233483E+02
 -0.234626E+02
 -0.235752E+02
 -0.236880E+02
 -0.238019E+02
 -0.239184E+02
 -0.240345E+02
 -0.241538E+02
 -0.242730E+02
 -0.243912E+02
 -0.245112E+02
 -0.246285E+02
 -0.247414E+02
 -0.248514E+02
 -0.249523E+02
 -0.250479E+02
 -0.251370E+02
 -0.252179E+02
 -0.252972E+02
 -0.253726E+02
 -0.254458E+02
 -0.255208E+02
 -0.255923E+02
 -0.256656E+02
 -0.257364E+02
 -0.258054E+02
 -0.258763E+02
 -0.259420E+02
 -0.260065E+02
 -0.260719E+02
 -0.261313E+02
 -0.261922E+02
 -0.262508E+02
 -0.263064E+02
 -0.263643E+02
 -0.264199E+02
 -0.264734E+02
 -0.265251E+02
 -0.265687E+02
 -0.266075E+02
 -0.266378E+02
 -0.266614E+02
 -0.266805E+02
 -0.266933E+02
 -0.267008E+02
 -0.267042E+02
 -0.267017E+02
 -0.266928E+02
 -0.266738E+02
 -0.266459E+02
 -0.266064E+02
 -0.265547E+02
 -0.264916E+02
 -0.264191E+02
 -0.263372E+02
 -0.262477E+02
 -0.261496E+02
 -0.260436E+02
 -0.259277E+02
 -0.258038E+02
 -0.256734E+02
 -0.255371E+02
 -0.253959E+02
 -0.252499E+02
 -0.250985E+02
 -0.249423E+02
 -0.247793E+02
 -0.246103E+02
 -0.244340E+02
 -0.242494E+02
 -0.240551E+02
 -0.238519E+02
 -0.236392E+02
 -0.234191E+02
 -0.231936E+02
 -0.229644E+02
 -0.227322E+02
 -0.224988E+02
 -0.222655E+02
 -0.220356E+02
 -0.218069E+02
 -0.215804E+02
 -0.213579E+02
 -0.211394E+02
 -0.209275E+02
 -0.207227E+02
 -0.205231E+02
 -0.203300E+02
 -0.201419E+02
 -0.199609E+02
 -0.197865E+02
 -0.196173E+02
 -0.194532E+02
 -0.192932E+02
 -0.191359E+02
 -0.189813E+02
 -0.188294E+02
 -0.186814E+02
 -0.185369E+02
 -0.183958E+02
 -0.182581E+02
 -0.181224E+02
 -0.179869E+02
 -0.178512E+02
 -0.177130E+02
 -0.175717E+02
 -0.174278E+02
 -0.172807E+02
 -0.171304E+02
 -0.169771E+02
 -0.168191E+02
 -0.166571E+02
 -0.164925E+02
 -0.163260E+02
 -0.161586E+02
 -0.159903E+02
 -0.158212E+02
 -0.156524E+02
 -0.154845E+02
 -0.153188E+02
 -0.151556E+02
 -0.149950E+02
 -0.148371E+02
 -0.146823E+02
 -0.145301E+02
 -0.143807E+02
 -0.142350E+02
 -0.140941E+02
 -0.139561E+02
 -0.138186E+02
 -0.136813E+02
 -0.135437E+02
 -0.134032E+02
 -0.132578E+02
 -0.131078E+02
 -0.129527E+02
 -0.127931E+02
 -0.126293E+02
 -0.124617E+02
 -0.122927E+02
 -0.121247E+02
 -0.119595E+02
 -0.117983E+02
 -0.116418E+02
 -0.114907E+02
 -0.113430E+02
 -0.111987E+02
 -0.110569E+02
 -0.109144E+02
 -0.107705E+02
 -0.106236E+02
 -0.104724E+02
 -0.103174E+02
 -0.101578E+02
 -0.999505E+01
 -0.982775E+01
 -0.965630E+01
 -0.947856E+01
 -0.929234E+01
 -0.910089E+01
 -0.890444E+01
 -0.870253E+01
 -0.849672E+01
 -0.828799E+01
 -0.807893E+01
 -0.787045E+01
 -0.766459E+01
 -0.745968E+01
 -0.725880E+01
 -0.706341E+01
 -0.687179E+01
 -0.668493E+01
 -0.650362E+01
 -0.632829E+01
 -0.616039E+01
 -0.599825E+01
 -0.584258E+01
 -0.569337E+01
 -0.555146E+01
 -0.541722E+01
 -0.529306E+01
 -0.517880E+01
 -0.507609E+01
 -0.498645E+01
 -0.491200E+01
 -0.485352E+01
 -0.480991E+01
 -0.478050E+01
 -0.476595E+01
 -0.476303E+01
 -0.477163E+01
 -0.478957E+01
 -0.481764E+01
 -0.485459E+01
 -0.489606E+01
 -0.493925E+01
 -0.498349E+01
 -0.502590E+01
 -0.506643E+01
 -0.510299E+01
 -0.513542E+01
 -0.516420E+01
 -0.518808E+01
 -0.520583E+01
 -0.521856E+01
 -0.522659E+01
 -0.523119E+01
 -0.523143E+01
 -0.522950E+01
 -0.522408E+01
 -0.521586E+01
 -0.520557E+01
 -0.519168E+01
 -0.517281E+01
 -0.514797E+01
 -0.511649E+01
 -0.508001E+01
 -0.503702E+01
 -0.498772E+01
 -0.493149E+01
 -0.486998E+01
 -0.480320E+01
 -0.473268E+01
 -0.465998E+01
 -0.458780E+01
 -0.451644E+01
 -0.444437E+01
 -0.437050E+01
 -0.429535E+01
 -0.421909E+01
 -0.414506E+01
 -0.407459E+01
 -0.400729E+01
 -0.394104E+01
 -0.387758E+01
 -0.381593E+01
 -0.375717E+01
 -0.370180E+01
 -0.364849E+01
 -0.359686E+01
 -0.354938E+01
 -0.350345E+01
 -0.346051E+01
 -0.342240E+01
 -0.338910E+01
 -0.335944E+01
 -0.333455E+01
 -0.331572E+01
 -0.330435E+01
 -0.330145E+01
 -0.330800E+01
 -0.332134E+01
 -0.334310E+01
 -0.337300E+01
 -0.341436E+01
 -0.346703E+01
 -0.352783E+01
 -0.359411E+01
 -0.366460E+01
 -0.373916E+01
 -0.381876E+01
 -0.390099E+01
 -0.398367E+01
 -0.406331E+01
 -0.414251E+01
 -0.422371E+01
 -0.430640E+01
 -0.438999E+01
 -0.447763E+01
 -0.456992E+01
 -0.466931E+01
 -0.477725E+01
 -0.489448E+01
 -0.502224E+01
 -0.516037E+01
 -0.530764E+01
 -0.546737E+01
 -0.563781E+01
 -0.581797E+01
 -0.600723E+01
 -0.620399E+01
 -0.640632E+01
 -0.661393E+01
 -0.682481E+01
 -0.703776E+01
 -0.725032E+01
 -0.746048E+01
 -0.766686E+01
 -0.786930E+01
 -0.806721E+01
 -0.826080E+01
 -0.844800E+01
 -0.862827E+01
 -0.880237E+01
 -0.897127E+01
 -0.913472E+01
 -0.929210E+01
 -0.944535E+01
 -0.959571E+01
 -0.974228E+01
 -0.988608E+01
 -0.100270E+02
 -0.101665E+02
 -0.103041E+02
 -0.104405E+02
 -0.105768E+02
 -0.107154E+02
 -0.108564E+02
 -0.110008E+02
 -0.111480E+02
 -0.112951E+02
 -0.114460E+02
 -0.116023E+02
 -0.117614E+02
 -0.119238E+02
 -0.120879E+02
 -0.122529E+02
 -0.124166E+02
 -0.125779E+02
 -0.127378E+02
 -0.128952E+02
 -0.130485E+02
 -0.131973E+02
 -0.133406E+02
 -0.134769E+02
 -0.136064E+02
 -0.137292E+02
 -0.138462E+02
 -0.139602E+02
 -0.140731E+02
 -0.141857E+02
 -0.143001E+02
 -0.144173E+02
 -0.145390E+02
 -0.146668E+02
 -0.148005E+02
 -0.149407E+02
 -0.150877E+02
 -0.152411E+02
 -0.153994E+02
 -0.155596E+02
 -0.157222E+02
 -0.158859E+02
 -0.160471E+02
 -0.162052E+02
 -0.163600E+02
 -0.165090E+02
 -0.166532E+02
 -0.167902E+02
 -0.169174E+02
 -0.170355E+02
 -0.171476E+02
 -0.172550E+02
 -0.173550E+02
 -0.174496E+02
 -0.175422E+02
 -0.176318E+02
 -0.177201E+02
 -0.178047E+02
 -0.178842E+02
 -0.179587E+02
 -0.180280E+02
 -0.180917E+02
 -0.181510E+02
 -0.182072E+02
 -0.182624E+02
 -0.183161E+02
 -0.183670E+02
 -0.184184E+02
 -0.184729E+02
 -0.185286E+02
 -0.185869E+02
 -0.186494E+02
 -0.187147E+02
 -0.187821E+02
 -0.188546E+02
 -0.189327E+02
 -0.190202E+02
 -0.191148E+02
 -0.192192E+02
 -0.193379E+02
 -0.194670E+02
 -0.196058E+02
 -0.197551E+02
 -0.199143E+02
 -0.200819E+02
 -0.202534E+02
 -0.204278E+02
 -0.206012E+02
 -0.207698E+02
 -0.209340E+02
 -0.210902E+02
 -0.212376E+02
 -0.213774E+02
 -0.215037E+02
 -0.216187E+02
 -0.217202E+02
 -0.218071E+02
 -0.218818E+02
 -0.219424E+02
 -0.219885E+02
 -0.220209E+02
 -0.220377E+02
 -0.220416E+02
 -0.220322E+02
 -0.220102E+02
 -0.219787E+02
 -0.219389E+02
 -0.218890E+02
 -0.218312E+02
 -0.217655E+02
 -0.216933E+02
 -0.216150E+02
 -0.215309E+02
 -0.214440E+02
 -0.213573E+02
 -0.212697E+02
 -0.211858E+02
 -0.211072E+02
 -0.210332E+02
 -0.209659E+02
 -0.209065E+02
 -0.208547E+02
 -0.208139E+02
 -0.207808E+02
 -0.207557E+02
 -0.207385E+02
 -0.207276E+02
 -0.207226E+02
 -0.207196E+02
 -0.207172E+02
 -0.207162E+02
 -0.207122E+02
 -0.207078E+02
 -0.207036E+02
 -0.206982E+02
 -0.206935E+02
 -0.206870E+02
 -0.206780E+02
 -0.206717E+02
 -0.206653E+02
 -0.206599E+02
 -0.206562E+02
 -0.206532E+02
 -0.206533E+02
 -0.206570E+02
 -0.206644E+02
 -0.206773E+02
 -0.206928E+02
 -0.207098E+02
 -0.207265E+02
 -0.207415E+02
 -0.207542E+02
 -0.207630E+02
 -0.207655E+02
 -0.207626E+02
 -0.207531E+02
 -0.207380E+02
 -0.207161E+02
 -0.206876E+02
 -0.206534E+02
 -0.206113E+02
 -0.205629E+02
 -0.205124E+02
 -0.204590E+02
 -0.204063E+02
 -0.203535E+02
 -0.202992E+02
 -0.202473E+02
 -0.201976E+02
 -0.201489E+02
 -0.201060E+02
 -0.200651E+02
 -0.200248E+02
 -0.199883E+02
 -0.199570E+02
 -0.199315E+02
 -0.199119E+02
 -0.199004E+02
 -0.199019E+02
 -0.199147E+02
 -0.199389E+02
 -0.199760E+02
 -0.200229E+02
 -0.200788E+02
 -0.201439E+02
 -0.202134E+02
 -0.202872E+02
 -0.203635E+02
 -0.204394E+02
 -0.205137E+02
 -0.205865E+02
 -0.206555E+02
 -0.207189E+02
 -0.207747E+02
 -0.208221E+02
 -0.208608E+02
 -0.208896E+02
 -0.209090E+02
 -0.209215E+02
 -0.209242E+02
 -0.209174E+02
 -0.209011E+02
 -0.208759E+02
 -0.208430E+02
 -0.208008E+02
 -0.207499E+02
 -0.206932E+02
 -0.206284E+02
 -0.205561E+02
 -0.204763E+02
 -0.203880E+02
 -0.202914E+02
 -0.201882E+02
 -0.200769E+02
 -0.199596E+02
 -0.198346E+02
 -0.197011E+02
 -0.195621E+02
 -0.194145E+02
 -0.192556E+02
 -0.190873E+02
 -0.189103E+02
 -0.187238E+02
 -0.185264E+02
 -0.183188E+02
 -0.181012E+02
 -0.178743E+02
 -0.176369E+02
 -0.173910E+02
 -0.171350E+02
 -0.168683E+02
 -0.165921E+02
 -0.163068E+02
 -0.160102E+02
 -0.157016E+02
 -0.153839E+02
 -0.150572E+02
 -0.147227E+02
 -0.143815E+02
 -0.140332E+02
 -0.136786E+02
 -0.133180E+02
 -0.129542E+02
 -0.125893E+02
 -0.122244E+02
 -0.118606E+02
 -0.114994E+02
 -0.111423E+02
 -0.107889E+02
 -0.104399E+02
 -0.100960E+02
 -0.975729E+01
 -0.942422E+01
 -0.909764E+01
 -0.877820E+01
 -0.846575E+01
 -0.815768E+01
 -0.785588E+01
 -0.756168E+01
 -0.727322E+01
 -0.698986E+01
 -0.671057E+01
 -0.643575E+01
 -0.616750E+01
 -0.590358E+01
 -0.564792E+01
 -0.540100E+01
 -0.516218E+01
 -0.493260E+01
 -0.471303E+01
 -0.450205E+01
 -0.430310E+01
 -0.411638E+01
 -0.393930E+01
 -0.377041E+01
 -0.360763E+01
 -0.345057E+01
 -0.329919E+01
 -0.315173E+01
 -0.301098E+01
 -0.287341E+01
 -0.274092E+01
 -0.261475E+01
 -0.249502E+01
 -0.238358E+01
 -0.228016E+01
 -0.218326E+01
 -0.209455E+01
 -0.201385E+01
 -0.194478E+01
 -0.188822E+01
 -0.184105E+01
 -0.179914E+01
 -0.176709E+01
 -0.174296E+01
 -0.172597E+01
 -0.171753E+01
 -0.171603E+01
 -0.172066E+01
 -0.173242E+01
 -0.174866E+01
 -0.177165E+01
 -0.180267E+01
 -0.184049E+01
 -0.188406E+01
 -0.193501E+01
 -0.199008E+01
 -0.205237E+01
 -0.212304E+01
 -0.220169E+01
 -0.228715E+01
 -0.237898E+01
 -0.247766E+01
 -0.258268E+01
 -0.269143E+01
 -0.280706E+01
 -0.292735E+01
 -0.304951E+01
 -0.317324E+01
 -0.329910E+01
 -0.342793E+01
 -0.356346E+01
 -0.370311E+01
 -0.384693E+01
 -0.399795E+01
 -0.415674E+01
 -0.432194E+01
 -0.449714E+01
 -0.468190E+01
 -0.487565E+01
 -0.507802E+01
 -0.528682E+01
 -0.549928E+01
 -0.571424E+01
 -0.592942E+01
 -0.614588E+01
 -0.636069E+01
 -0.657377E+01
 -0.678595E+01
 -0.699544E+01
 -0.720391E+01
 -0.741153E+01
 -0.761428E+01
 -0.781547E+01
 -0.801602E+01
 -0.821694E+01
 -0.842141E+01
 -0.862864E+01
 -0.883866E+01
 -0.905312E+01
 -0.926986E+01
 -0.949093E+01
 -0.971713E+01
 -0.994640E+01
 -0.101783E+02
 -0.104130E+02
 -0.106493E+02
 -0.108866E+02
 -0.111261E+02
 -0.113691E+02
 -0.116123E+02
 -0.118557E+02
 -0.121013E+02
 -0.123486E+02
 -0.125969E+02
 -0.128425E+02
 -0.130832E+02
 -0.133215E+02
 -0.135555E+02
 -0.137847E+02
 -0.140087E+02
 -0.142234E+02
 -0.144320E+02
 -0.146356E+02
 -0.148316E+02
 -0.150237E+02
 -0.152118E+02
 -0.153957E+02
 -0.155787E+02
 -0.157586E+02
 -0.159377E+02
 -0.161171E+02
 -0.162929E+02
 -0.164676E+02
 -0.166422E+02
 -0.168139E+02
 -0.169841E+02
 -0.171498E+02
 -0.173131E+02
 -0.174759E+02
 -0.176345E+02
 -0.177918E+02
 -0.179479E+02
 -0.180998E+02
 -0.182513E+02
 -0.184006E+02
 -0.185476E+02
 -0.186945E+02
 -0.188400E+02
 -0.189846E+02
 -0.191295E+02
 -0.192752E+02
 -0.194260E+02
 -0.195766E+02
 -0.197271E+02
 -0.198823E+02
 -0.200386E+02
 -0.201964E+02
 -0.203572E+02
 -0.205157E+02
 -0.206745E+02
 -0.208326E+02
 -0.209905E+02
 -0.211514E+02
 -0.213122E+02
 -0.214744E+02
 -0.216395E+02
 -0.218024E+02
 -0.219672E+02
 -0.221319E+02
 -0.222931E+02
 -0.224534E+02
 -0.226097E+02
 -0.227620E+02
 -0.229142E+02
 -0.230630E+02
 -0.232098E+02
 -0.233539E+02
 -0.234942E+02
 -0.236330E+02
 -0.237716E+02
 -0.239074E+02
 -0.240421E+02
 -0.241752E+02
 -0.243096E+02
 -0.244459E+02
 -0.245812E+02
 -0.247178E+02
 -0.248563E+02
 -0.249934E+02
 -0.251308E+02
 -0.252637E+02
 -0.253927E+02
 -0.255178E+02
 -0.256363E+02
 -0.257509E+02
 -0.258634E+02
 -0.259723E+02
 -0.260794E+02
 -0.261821E+02
 -0.262829E+02
 -0.263827E+02
 -0.264812E+02
 -0.265777E+02
 -0.266737E+02
 -0.267699E+02
 -0.268692E+02
 -0.269691E+02
 -0.270672E+02
 -0.271626E+02
 -0.272567E+02
 -0.273515E+02
 -0.274481E+02
 -0.275422E+02
 -0.276384E+02
 -0.277367E+02
 -0.278377E+02
 -0.279391E+02
 -0.280390E+02
 -0.281435E+02
 -0.282541E+02
 -0.283699E+02
 -0.284968E+02
 -0.286306E+02
 -0.287725E+02
 -0.289232E+02
 -0.290774E+02
 -0.292368E+02
 -0.294033E+02
 -0.295699E+02
 -0.297383E+02
 -0.299059E+02
 -0.300760E+02
 -0.302461E+02
 -0.304106E+02
 -0.305728E+02
 -0.307350E+02
 -0.308956E+02
 -0.310600E+02
 -0.312228E+02
 -0.313834E+02
 -0.315428E+02
 -0.316986E+02
 -0.318569E+02
 -0.320204E+02
 -0.321809E+02
 -0.323444E+02
 -0.325063E+02
 -0.326633E+02
 -0.328192E+02
 -0.329758E+02
 -0.331344E+02
 -0.332955E+02
 -0.334509E+02
 -0.336042E+02
 -0.337575E+02
 -0.339080E+02
 -0.340569E+02
 -0.342037E+02
 -0.343437E+02
 -0.344845E+02
 -0.346252E+02
 -0.347612E+02
 -0.348894E+02
 -0.350165E+02
 -0.351388E+02
 -0.352513E+02
 -0.353584E+02
 -0.354610E+02
 -0.355522E+02
 -0.356361E+02
 -0.357084E+02
 -0.357679E+02
 -0.358182E+02
 -0.358584E+02
 -0.358850E+02
 -0.358999E+02
 -0.358981E+02
 -0.358814E+02
 -0.358494E+02
 -0.358028E+02
 -0.357428E+02
 -0.356693E+02
 -0.355804E+02
 -0.354781E+02
 -0.353598E+02
 -0.352271E+02
 -0.350796E+02
 -0.349227E+02
 -0.347585E+02
 -0.345878E+02
 -0.344095E+02
 -0.342265E+02
 -0.340390E+02
 -0.338466E+02
 -0.336463E+02
 -0.334411E+02
 -0.332299E+02
 -0.330133E+02
 -0.327916E+02
 -0.325624E+02
 -0.323207E+02
 -0.320703E+02
 -0.318083E+02
 -0.315337E+02
 -0.312449E+02
 -0.309425E+02
 -0.306283E+02
 -0.303029E+02
 -0.299638E+02
 -0.296124E+02
 -0.292483E+02
 -0.288732E+02
 -0.284864E+02
 -0.280918E+02
 -0.276891E+02
 -0.272766E+02
 -0.268555E+02
 -0.264329E+02
 -0.260098E+02
 -0.255851E+02
 -0.251596E+02
 -0.247359E+02
 -0.243150E+02
 -0.238992E+02
 -0.234873E+02
 -0.230824E+02
 -0.226861E+02
 -0.222973E+02
 -0.219150E+02
 -0.215412E+02
 -0.211789E+02
 -0.208281E+02
 -0.204850E+02
 -0.201479E+02
 -0.198184E+02
 -0.194980E+02
 -0.191817E+02
 -0.188687E+02
 -0.185611E+02
 -0.182573E+02
 -0.179546E+02
 -0.176530E+02
 -0.173522E+02
 -0.170515E+02
 -0.167487E+02
 -0.164424E+02
 -0.161342E+02
 -0.158231E+02
 -0.155087E+02
 -0.151930E+02
 -0.148748E+02
 -0.145559E+02
 -0.142399E+02
 -0.139276E+02
 -0.136191E+02
 -0.133149E+02
 -0.130188E+02
 -0.127333E+02
 -0.124585E+02
 -0.121950E+02
 -0.119415E+02
 -0.116969E+02
 -0.114623E+02
 -0.112384E+02
 -0.110265E+02
 -0.108274E+02
 -0.106387E+02
 -0.104597E+02
 -0.102942E+02
 -0.101400E+02
 -0.999415E+01
 -0.985805E+01
 -0.973213E+01
 -0.961614E+01
 -0.951023E+01
 -0.941339E+01
 -0.932601E+01
 -0.925021E+01
 -0.918782E+01
 -0.913392E+01
 -0.908881E+01
 -0.905484E+01
 -0.903068E+01
 -0.901666E+01
 -0.901119E+01
 -0.900791E+01
 -0.900671E+01
 -0.900767E+01
 -0.900973E+01
 -0.901569E+01
 -0.902266E+01
 -0.902632E+01
 -0.903111E+01
 -0.903652E+01
 -0.904379E+01
 -0.905472E+01
 -0.906602E+01
 -0.907841E+01
 -0.909504E+01
 -0.911522E+01
 -0.914007E+01
 -0.916748E+01
 -0.919528E+01
 -0.922199E+01
 -0.925020E+01
 -0.928444E+01
 -0.932165E+01
 -0.935827E+01
 -0.939584E+01
 -0.943386E+01
 -0.947343E+01
 -0.951510E+01
 -0.956219E+01
 -0.961661E+01
 -0.967828E+01
 -0.974667E+01
 -0.981923E+01
 -0.989582E+01
 -0.997702E+01
 -0.100615E+02
 -0.101522E+02
 -0.102472E+02
 -0.103437E+02
 -0.104420E+02
 -0.105400E+02
 -0.106383E+02
 -0.107393E+02
 -0.108399E+02
 -0.109429E+02
 -0.110468E+02
 -0.111486E+02
 -0.112523E+02
 -0.113561E+02
 -0.114586E+02
 -0.115601E+02
 -0.116577E+02
 -0.117549E+02
 -0.118503E+02
 -0.119421E+02
 -0.120333E+02
 -0.121213E+02
 -0.122061E+02
 -0.122903E+02
 -0.123717E+02
 -0.124530E+02
 -0.125354E+02
 -0.126189E+02
 -0.127046E+02
 -0.127915E+02
 -0.128798E+02
 -0.129700E+02
 -0.130596E+02
 -0.131481E+02
 -0.132371E+02
 -0.133232E+02
 -0.134044E+02
 -0.134794E+02
 -0.135481E+02
 -0.136120E+02
 -0.136672E+02
 -0.137164E+02
 -0.137594E+02
 -0.137937E+02
 -0.138210E+02
 -0.138418E+02
 -0.138588E+02
 -0.138707E+02
 -0.138786E+02
 -0.138859E+02
 -0.138928E+02
 -0.139005E+02
 -0.139084E+02
 -0.139181E+02
 -0.139331E+02
 -0.139521E+02
 -0.139745E+02
 -0.140022E+02
 -0.140344E+02
 -0.140710E+02
 -0.141137E+02
 -0.141630E+02
 -0.142207E+02
 -0.142873E+02
 -0.143620E+02
 -0.144453E+02
 -0.145384E+02
 -0.146426E+02
 -0.147589E+02
 -0.148862E+02
 -0.150262E+02
 -0.151787E+02
 -0.153416E+02
 -0.155183E+02
 -0.157053E+02
 -0.159021E+02
 -0.161111E+02
 -0.163266E+02
 -0.165499E+02
 -0.167799E+02
 -0.170132E+02
 -0.172507E+02
 -0.174905E+02
 -0.177321E+02
 -0.179745E+02
 -0.182160E+02
 -0.184571E+02
 -0.186953E+02
 -0.189324E+02
 -0.191654E+02
 -0.193909E+02
 -0.196119E+02
 -0.198277E+02
 -0.200350E+02
 -0.202351E+02
 -0.204293E+02
 -0.206201E+02
 -0.208055E+02
 -0.209844E+02
 -0.211574E+02
 -0.213246E+02
 -0.214869E+02
 -0.216442E+02
 -0.217937E+02
 -0.219406E+02
 -0.220836E+02
 -0.222207E+02
 -0.223544E+02
 -0.224837E+02
 -0.226079E+02
 -0.227286E+02
 -0.228449E+02
 -0.229590E+02
 -0.230724E+02
 -0.231889E+02
 -0.233077E+02
 -0.234259E+02
 -0.235457E+02
 -0.236694E+02
 -0.237938E+02
 -0.239228E+02
 -0.240555E+02
 -0.241889E+02
 -0.243226E+02
 -0.244565E+02
 -0.245886E+02
 -0.247205E+02
 -0.248506E+02
 -0.249792E+02
 -0.251074E+02
 -0.252374E+02
 -0.253708E+02
 -0.255100E+02
 -0.256566E+02
 -0.258129E+02
 -0.259788E+02
 -0.261587E+02
 -0.263517E+02
 -0.265601E+02
 -0.267860E+02
 -0.270272E+02
 -0.272841E+02
 -0.275594E+02
 -0.278481E+02
 -0.281483E+02
 -0.284586E+02
 -0.287785E+02
 -0.291043E+02
 -0.294324E+02
 -0.297597E+02
 -0.300838E+02
 -0.304024E+02
 -0.307159E+02
 -0.310203E+02
 -0.313200E+02
 -0.316150E+02
 -0.319045E+02
 -0.321882E+02
 -0.324688E+02
 -0.327461E+02
 -0.330210E+02
 -0.332930E+02
 -0.335629E+02
 -0.338300E+02
 -0.340969E+02
 -0.343607E+02
 -0.346217E+02
 -0.348812E+02
 -0.351398E+02
 -0.353944E+02
 -0.356482E+02
 -0.358976E+02
 -0.361430E+02
 -0.363834E+02
 -0.366156E+02
 -0.368384E+02
 -0.370551E+02
 -0.372611E+02
 -0.374593E+02
 -0.376483E+02
 -0.378281E+02
 -0.379976E+02
 -0.381579E+02
 -0.383108E+02
 -0.384579E+02
 -0.385992E+02
 -0.387373E+02
 -0.388673E+02
 -0.389952E+02
 -0.391152E+02
 -0.392250E+02
 -0.393272E+02
 -0.394193E+02
 -0.394979E+02
 -0.395636E+02
 -0.396130E+02
 -0.396485E+02
 -0.396664E+02
 -0.396688E+02
 -0.396556E+02
 -0.396281E+02
 -0.395832E+02
 -0.395208E+02
 -0.394408E+02
 -0.393450E+02
 -0.392303E+02
 -0.391008E+02
 -0.389576E+02
 -0.388023E+02
 -0.386332E+02
 -0.384524E+02
 -0.382586E+02
 -0.380536E+02
 -0.378349E+02
 -0.376066E+02
 -0.373695E+02
 -0.371230E+02
 -0.368651E+02
 -0.365977E+02
 -0.363191E+02
 -0.360312E+02
 -0.357332E+02
 -0.354279E+02
 -0.351152E+02
 -0.347952E+02
 -0.344653E+02
 -0.341261E+02
 -0.337807E+02
 -0.334320E+02
 -0.330776E+02
 -0.327212E+02
 -0.323636E+02
 -0.320081E+02
 -0.316546E+02
 -0.313044E+02
 -0.309589E+02
 -0.306201E+02
 -0.302876E+02
 -0.299656E+02
 -0.296545E+02
 -0.293557E+02
 -0.290684E+02
 -0.287935E+02
 -0.285326E+02
 -0.282864E+02
 -0.280528E+02
 -0.278331E+02
 -0.276260E+02
 -0.274327E+02
 -0.272506E+02
 -0.270794E+02
 -0.269202E+02
 -0.267724E+02
 -0.266362E+02
 -0.265135E+02
 -0.264035E+02
 -0.263079E+02
 -0.262256E+02
 -0.261576E+02
 -0.261037E+02
 -0.260643E+02
 -0.260373E+02
 -0.260241E+02
 -0.260240E+02
 -0.260387E+02
 -0.260670E+02
 -0.261086E+02
 -0.261632E+02
 -0.262297E+02
 -0.263068E+02
 -0.263929E+02
 -0.264830E+02
 -0.265781E+02
 -0.266755E+02
 -0.267752E+02
 -0.268768E+02
 -0.269778E+02
 -0.270781E+02
 -0.271776E+02
 -0.272735E+02
 -0.273697E+02
 -0.274644E+02
 -0.275570E+02
 -0.276490E+02
 -0.277425E+02
 -0.278371E+02
 -0.279342E+02
 -0.280325E+02
 -0.281322E+02
 -0.282314E+02
 -0.283322E+02
 -0.284367E+02
 -0.285437E+02
 -0.286519E+02
 -0.287617E+02
 -0.288699E+02
 -0.289799E+02
 -0.290878E+02
 -0.291900E+02
 -0.292853E+02
 -0.293716E+02
 -0.294465E+02
 -0.295089E+02
 -0.295565E+02
 -0.295924E+02
 -0.296155E+02
 -0.296253E+02
 -0.296216E+02
 -0.296066E+02
 -0.295794E+02
 -0.295414E+02
 -0.294946E+02
 -0.294409E+02
 -0.293782E+02
 -0.293052E+02
 -0.292199E+02
 -0.291226E+02
 -0.290124E+02
 -0.288922E+02
 -0.287598E+02
 -0.286165E+02
 -0.284608E+02
 -0.282905E+02
 -0.281064E+02
 -0.279105E+02
 -0.277005E+02
 -0.274772E+02
 -0.272406E+02
 -0.269924E+02
 -0.267317E+02
 -0.264599E+02
 -0.261784E+02
 -0.258882E+02
 -0.255907E+02
 -0.252871E+02
 -0.249767E+02
 -0.246616E+02
 -0.243410E+02
 -0.240151E+02
 -0.236834E+02
 -0.233491E+02
 -0.230130E+02
 -0.226748E+02
 -0.223332E+02
 -0.219894E+02
 -0.216457E+02
 -0.213029E+02
 -0.209594E+02
 -0.206185E+02
 -0.202792E+02
 -0.199396E+02
 -0.196021E+02
 -0.192685E+02
 -0.189356E+02
 -0.186029E+02
 -0.182718E+02
 -0.179415E+02
 -0.176135E+02
 -0.172878E+02
 -0.169634E+02
 -0.166434E+02
 -0.163255E+02
 -0.160104E+02
 -0.156972E+02
 -0.153828E+02
 -0.150682E+02
 -0.147529E+02
 -0.144359E+02
 -0.141178E+02
 -0.138006E+02
 -0.134848E+02
 -0.131689E+02
 -0.128557E+02
 -0.125503E+02
 -0.122542E+02
 -0.119698E+02
 -0.117002E+02
 -0.114470E+02
 -0.112102E+02
 -0.109896E+02
 -0.107851E+02
 -0.105954E+02
 -0.104211E+02
 -0.102629E+02
 -0.101175E+02
 -0.998679E+01
 -0.987135E+01
 -0.977017E+01
 -0.968650E+01
 -0.961894E+01
 -0.956671E+01
 -0.953433E+01
 -0.951999E+01
 -0.952655E+01
 -0.955384E+01
 -0.959629E+01
 -0.965607E+01
 -0.973075E+01
 -0.981549E+01
 -0.991530E+01
 -0.100267E+02
 -0.101488E+02
 -0.102840E+02
 -0.104270E+02
 -0.105808E+02
 -0.107490E+02
 -0.109288E+02
 -0.111224E+02
 -0.113245E+02
 -0.115323E+02
 -0.117477E+02
 -0.119656E+02
 -0.121868E+02
 -0.124099E+02
 -0.126297E+02
 -0.128493E+02
 -0.130674E+02
 -0.132841E+02
 -0.134987E+02
 -0.137075E+02
 -0.139130E+02
 -0.141150E+02
 -0.143132E+02
 -0.145096E+02
 -0.147032E+02
 -0.148961E+02
 -0.150889E+02
 -0.152790E+02
 -0.154668E+02
 -0.156506E+02
 -0.158315E+02
 -0.160133E+02
 -0.161909E+02
 -0.163633E+02
 -0.165330E+02
 -0.166959E+02
 -0.168524E+02
 -0.170031E+02
 -0.171465E+02
 -0.172826E+02
 -0.174112E+02
 -0.175346E+02
 -0.176528E+02
 -0.177645E+02
 -0.178715E+02
 -0.179708E+02
 -0.180635E+02
 -0.181532E+02
 -0.182395E+02
 -0.183227E+02
 -0.184019E+02
 -0.184773E+02
 -0.185502E+02
 -0.186166E+02
 -0.186796E+02
 -0.187429E+02
 -0.188036E+02
 -0.188637E+02
 -0.189263E+02
 -0.189910E+02
 -0.190593E+02
 -0.191287E+02
 -0.191996E+02
 -0.192746E+02
 -0.193513E+02
 -0.194281E+02
 -0.195069E+02
 -0.195857E+02
 -0.196655E+02
 -0.197483E+02
 -0.198349E+02
 -0.199256E+02
 -0.200187E+02
 -0.201118E+02
 -0.202040E+02
 -0.202937E+02
 -0.203848E+02
 -0.204760E+02
 -0.205657E+02
 -0.206550E+02
 -0.207428E+02
 -0.208305E+02
 -0.209215E+02
 -0.210106E+02
 -0.210995E+02
 -0.211878E+02
 -0.212733E+02
 -0.213599E+02
 -0.214477E+02
 -0.215309E+02
 -0.216121E+02
 -0.216917E+02
 -0.217681E+02
 -0.218406E+02
 -0.219059E+02
 -0.219650E+02
 -0.220219E+02
 -0.220749E+02
 -0.221250E+02
 -0.221719E+02
 -0.222193E+02
 -0.222664E+02
 -0.223117E+02
 -0.223584E+02
 -0.224108E+02
 -0.224657E+02
 -0.225206E+02
 -0.225762E+02
 -0.226319E+02
 -0.226890E+02
 -0.227469E+02
 -0.228017E+02
 -0.228575E+02
 -0.229137E+02
 -0.229658E+02
 -0.230133E+02
 -0.230583E+02
 -0.230988E+02
 -0.231378E+02
 -0.231754E+02
 -0.232120E+02
 -0.232474E+02
 -0.232851E+02
 -0.233280E+02
 -0.233722E+02
 -0.234179E+02
 -0.234701E+02
 -0.235270E+02
 -0.235900E+02
 -0.236570E+02
 -0.237267E+02
 -0.238023E+02
 -0.238824E+02
 -0.239620E+02
 -0.240452E+02
 -0.241319E+02
 -0.242213E+02
 -0.243147E+02
 -0.244124E+02
 -0.245154E+02
 -0.246259E+02
 -0.247419E+02
 -0.248630E+02
 -0.249872E+02
 -0.251150E+02
 -0.252478E+02
 -0.253845E+02
 -0.255204E+02
 -0.256558E+02
 -0.257917E+02
 -0.259299E+02
 -0.260684E+02
 -0.262082E+02
 -0.263500E+02
 -0.264956E+02
 -0.266462E+02
 -0.268022E+02
 -0.269612E+02
 -0.271250E+02
 -0.272921E+02
 -0.274624E+02
 -0.276344E+02
 -0.278074E+02
 -0.279790E+02
 -0.281477E+02
 -0.283110E+02
 -0.284703E+02
 -0.286259E+02
 -0.287829E+02
 -0.289405E+02
 -0.290999E+02
 -0.292653E+02
 -0.294416E+02
 -0.296293E+02
 -0.298292E+02
 -0.300428E+02
 -0.302750E+02
 -0.305251E+02
 -0.307920E+02
 -0.310725E+02
 -0.313663E+02
 -0.316674E+02
 -0.319717E+02
 -0.322754E+02
 -0.325761E+02
 -0.328691E+02
 -0.331547E+02
 -0.334333E+02
 -0.337066E+02
 -0.339730E+02
 -0.342343E+02
 -0.344899E+02
 -0.347418E+02
 -0.349869E+02
 -0.352291E+02
 -0.354684E+02
 -0.357054E+02
 -0.359409E+02
 -0.361750E+02
 -0.364092E+02
 -0.366457E+02
 -0.368804E+02
 -0.371141E+02
 -0.373441E+02
 -0.375717E+02
 -0.377929E+02
 -0.380092E+02
 -0.382200E+02
 -0.384264E+02
 -0.386256E+02
 -0.388168E+02
 -0.390011E+02
 -0.391812E+02
 -0.393523E+02
 -0.395162E+02
 -0.396721E+02
 -0.398236E+02
 -0.399701E+02
 -0.401118E+02
 -0.402460E+02
 -0.403739E+02
 -0.404908E+02
 -0.405990E+02
 -0.406953E+02
 -0.407755E+02
 -0.408377E+02
 -0.408812E+02
 -0.409047E+02
 -0.409096E+02
 -0.408926E+02
 -0.408593E+02
 -0.408087E+02
 -0.407433E+02
 -0.406613E+02
 -0.405627E+02
 -0.404464E+02
 -0.403140E+02
 -0.401637E+02
 -0.399973E+02
 -0.398136E+02
 -0.396123E+02
 -0.393908E+02
 -0.391472E+02
 -0.388778E+02
 -0.385835E+02
 -0.382587E+02
 -0.379039E+02
 -0.375191E+02
 -0.371045E+02
 -0.366575E+02
 -0.361817E+02
 -0.356748E+02
 -0.351352E+02
 -0.345642E+02
 -0.339625E+02
 -0.333266E+02
 -0.326562E+02
 -0.319468E+02
 -0.311988E+02
 -0.304121E+02
 -0.295865E+02
 -0.287235E+02
 -0.278271E+02
 -0.268939E+02
 -0.259285E+02
 -0.249323E+02
 -0.239053E+02
 -0.228531E+02
 -0.217775E+02
 -0.206806E+02
 -0.195666E+02
 -0.184329E+02
 -0.172812E+02
 -0.161127E+02
 -0.149247E+02
 -0.137197E+02
 -0.124962E+02
 -0.112524E+02
 -0.999012E+01
 -0.870896E+01
 -0.741013E+01
 -0.609643E+01
 -0.476603E+01
 -0.342325E+01
 -0.207068E+01
 -0.708326E+00
  0.659943E+00
  0.203238E+01
  0.340798E+01
  0.477929E+01
  0.614961E+01
  0.751608E+01
  0.887948E+01
  0.102405E+02
  0.115998E+02
  0.129593E+02
  0.143230E+02
  0.156881E+02
  0.170590E+02
  0.184349E+02
  0.198161E+02
  0.211999E+02
  0.225833E+02
  0.239628E+02
  0.253394E+02
  0.267028E+02
  0.280540E+02
  0.293904E+02
  0.307128E+02
  0.320148E+02
  0.332968E+02
  0.345539E+02
  0.357874E+02
  0.369924E+02
  0.381719E+02
  0.393257E+02
  0.404583E+02
  0.415624E+02
  0.426394E+02
  0.436872E+02
  0.447059E+02
  0.456882E+02
  0.466390E+02
  0.475561E+02
  0.484404E+02
  0.492849E+02
  0.500921E+02
  0.508560E+02
  0.515817E+02
  0.522618E+02
  0.528987E+02
  0.534932E+02
  0.540491E+02
  0.545599E+02
  0.550304E+02
  0.554570E+02
  0.558446E+02
  0.561879E+02
  0.564905E+02
  0.567515E+02
  0.569753E+02
  0.571524E+02
  0.572882E+02
  0.573795E+02
  0.574313E+02
  0.574384E+02
  0.574055E+02
  0.573322E+02
  0.572230E+02
  0.570712E+02
  0.568835E+02
  0.566595E+02
  0.564081E+02
  0.561270E+02
  0.558238E+02
  0.554998E+02
  0.551627E+02
  0.548087E+02
  0.544414E+02
  0.540599E+02
  0.536704E+02
  0.532650E+02
  0.528506E+02
  0.524253E+02
  0.519909E+02
  0.515441E+02
  0.510891E+02
  0.506254E+02
  0.501610E+02
  0.496912E+02
  0.492231E+02
  0.487572E+02
  0.482973E+02
  0.478398E+02
  0.473903E+02
  0.469456E+02
  0.465123E+02
  0.460841E+02
  0.456627E+02
  0.452463E+02
  0.448359E+02
  0.444262E+02
  0.440211E+02
  0.436178E+02
  0.432215E+02
  0.428259E+02
  0.424333E+02
  0.420396E+02
  0.416443E+02
  0.412432E+02
  0.408404E+02
  0.404321E+02
  0.400210E+02
  0.395999E+02
  0.391700E+02
  0.387293E+02
  0.382806E+02
  0.378183E+02
  0.373461E+02
  0.368635E+02
  0.363747E+02
  0.358748E+02
  0.353668E+02
  0.348485E+02
  0.343232E+02
  0.337890E+02
  0.332508E+02
  0.327084E+02
  0.321658E+02
  0.316176E+02
  0.310671E+02
  0.305133E+02
  0.299570E+02
  0.293946E+02
  0.288289E+02
  0.282578E+02
  0.276820E+02
  0.270945E+02
  0.264978E+02
  0.258891E+02
  0.252704E+02
  0.246387E+02
  0.239928E+02
  0.233309E+02
  0.226540E+02
  0.219552E+02
  0.212357E+02
  0.204925E+02
  0.197273E+02
  0.189381E+02
  0.181261E+02
  0.172908E+02
  0.164356E+02
  0.155577E+02
  0.146617E+02
  0.137488E+02
  0.128209E+02
  0.118773E+02
  0.109203E+02
  0.994940E+01
  0.896736E+01
  0.797379E+01
  0.697209E+01
  0.596287E+01
  0.494825E+01
  0.392703E+01
  0.289867E+01
  0.186198E+01
  0.816940E+00
 -0.238044E+00
 -0.130264E+01
 -0.237837E+01
 -0.346468E+01
 -0.456362E+01
 -0.567375E+01
 -0.679332E+01
 -0.792179E+01
 -0.905724E+01
 -0.101976E+02
 -0.113423E+02
 -0.124895E+02
 -0.136403E+02
 -0.147952E+02
 -0.159536E+02
 -0.171179E+02
 -0.182877E+02
 -0.194606E+02
 -0.206362E+02
 -0.218166E+02
 -0.230001E+02
 -0.241836E+02
 -0.253643E+02
 -0.265416E+02
 -0.277112E+02
 -0.288738E+02
 -0.300273E+02
 -0.311698E+02
 -0.322987E+02
 -0.334125E+02
 -0.345114E+02
 -0.355977E+02
 -0.366692E+02
 -0.377304E+02
 -0.387806E+02
 -0.398243E+02
 -0.408612E+02
 -0.418910E+02
 -0.429124E+02
 -0.439273E+02
 -0.449328E+02
 -0.459332E+02
 -0.469271E+02
 -0.479194E+02
 -0.489097E+02
 -0.498995E+02
 -0.508905E+02
 -0.518860E+02
 -0.528804E+02
 -0.538777E+02
 -0.548771E+02
 -0.558830E+02
 -0.568911E+02
 -0.579050E+02
 -0.589247E+02
 -0.599520E+02
 -0.609864E+02
 -0.620339E+02
 -0.630927E+02
 -0.641691E+02
 -0.652588E+02
 -0.663662E+02
 -0.674911E+02
 -0.686347E+02
 -0.697922E+02
 -0.709661E+02
 -0.721518E+02
 -0.733549E+02
 -0.745685E+02
 -0.757941E+02
 -0.770284E+02
 -0.782721E+02
 -0.795186E+02
 -0.807720E+02
 -0.820304E+02
 -0.833008E+02
 -0.845748E+02
 -0.858534E+02
 -0.871329E+02
 -0.884121E+02
 -0.896811E+02
 -0.909428E+02
 -0.921926E+02
 -0.934370E+02
 -0.946658E+02
 -0.958848E+02
 -0.970897E+02
 -0.982841E+02
 -0.994602E+02
 -0.100622E+03
 -0.101766E+03
 -0.102900E+03
 -0.104015E+03
 -0.105117E+03
 -0.106202E+03
 -0.107274E+03
 -0.108324E+03
 -0.109357E+03
 -0.110369E+03
 -0.111364E+03
 -0.112329E+03
 -0.113267E+03
 -0.114174E+03
 -0.115052E+03
 -0.115889E+03
 -0.116692E+03
 -0.117458E+03
 -0.118189E+03
 -0.118874E+03
 -0.119517E+03
 -0.120113E+03
 -0.120668E+03
 -0.121173E+03
 -0.121631E+03
 -0.122043E+03
 -0.122413E+03
 -0.122731E+03
 -0.123003E+03
 -0.123225E+03
 -0.123403E+03
 -0.123525E+03
 -0.123594E+03
 -0.123607E+03
 -0.123570E+03
 -0.123471E+03
 -0.123318E+03
 -0.123107E+03
 -0.122845E+03
 -0.122522E+03
 -0.122146E+03
 -0.121711E+03
 -0.121226E+03
 -0.120678E+03
 -0.120077E+03
 -0.119420E+03
 -0.118716E+03
 -0.117955E+03
 -0.117144E+03
 -0.116283E+03
 -0.115381E+03
 -0.114430E+03
 -0.113436E+03
 -0.112398E+03
 -0.111324E+03
 -0.110205E+03
 -0.109047E+03
 -0.107846E+03
 -0.106611E+03
 -0.105329E+03
 -0.104009E+03
 -0.102648E+03
 -0.101252E+03
 -0.998155E+02
 -0.983461E+02
 -0.968462E+02
 -0.953236E+02
 -0.937750E+02
 -0.922119E+02
 -0.906358E+02
 -0.890549E+02
 -0.874643E+02
 -0.858721E+02
 -0.842812E+02
 -0.827003E+02
 -0.811272E+02
 -0.795705E+02
 -0.780324E+02
 -0.765199E+02
 -0.750308E+02
 -0.735730E+02
 -0.721472E+02
 -0.707583E+02
 -0.694040E+02
 -0.680904E+02
 -0.668166E+02
 -0.655859E+02
 -0.643932E+02
 -0.632405E+02
 -0.621267E+02
 -0.610532E+02
 -0.600112E+02
 -0.590023E+02
 -0.580239E+02
 -0.570759E+02
 -0.561536E+02
 -0.552585E+02
 -0.543889E+02
 -0.535473E+02
 -0.527301E+02
 -0.519395E+02
 -0.511727E+02
 -0.504319E+02
 -0.497139E+02
 -0.490182E+02
 -0.483421E+02
 -0.476844E+02
 -0.470384E+02
 -0.464053E+02
 -0.457827E+02
 -0.451722E+02
 -0.445701E+02
 -0.439781E+02
 -0.433954E+02
 -0.428215E+02
 -0.422535E+02
 -0.416918E+02
 -0.411343E+02
 -0.405851E+02
 -0.400387E+02
 -0.394947E+02
 -0.389533E+02
 -0.384142E+02
 -0.378754E+02
 -0.373367E+02
 -0.367956E+02
 -0.362520E+02
 -0.357017E+02
 -0.351452E+02
 -0.345811E+02
 -0.340104E+02
 -0.334323E+02
 -0.328487E+02
 -0.322609E+02
 -0.316721E+02
 -0.310813E+02
 -0.304883E+02
 -0.298938E+02
 -0.292994E+02
 -0.287041E+02
 -0.281113E+02
 -0.275191E+02
 -0.269275E+02
 -0.263353E+02
 -0.257428E+02
 -0.251507E+02
 -0.245614E+02
 -0.239766E+02
 -0.233967E+02
 -0.228218E+02
 -0.222538E+02
 -0.216918E+02
 -0.211344E+02
 -0.205778E+02
 -0.200187E+02
 -0.194552E+02
 -0.188859E+02
 -0.183093E+02
 -0.177247E+02
 -0.171319E+02
 -0.165304E+02
 -0.159216E+02
 -0.153072E+02
 -0.146883E+02
 -0.140666E+02
 -0.134411E+02
 -0.128104E+02
 -0.121741E+02
 -0.115321E+02
 -0.108862E+02
 -0.102366E+02
 -0.958707E+01
 -0.893906E+01
 -0.829248E+01
 -0.765078E+01
 -0.701639E+01
 -0.639096E+01
 -0.577776E+01
 -0.517664E+01
 -0.458944E+01
 -0.401632E+01
 -0.345675E+01
 -0.291052E+01
 -0.238006E+01
 -0.186568E+01
 -0.136931E+01
 -0.889965E+00
 -0.430159E+00
  0.662231E-02
  0.419277E+00
  0.810706E+00
  0.117943E+01
  0.152698E+01
  0.185307E+01
  0.215999E+01
  0.244783E+01
  0.271792E+01
  0.296969E+01
  0.320381E+01
  0.341724E+01
  0.360921E+01
  0.377864E+01
  0.392664E+01
  0.405218E+01
  0.415679E+01
  0.424071E+01
  0.430689E+01
  0.435260E+01
  0.437930E+01
  0.438697E+01
  0.437775E+01
  0.435186E+01
  0.431054E+01
  0.425270E+01
  0.417984E+01
  0.409045E+01
  0.398606E+01
  0.386755E+01
  0.373478E+01
  0.358583E+01
  0.342169E+01
  0.323988E+01
  0.304123E+01
  0.282248E+01
  0.258400E+01
  0.232452E+01
  0.204453E+01
  0.174399E+01
  0.142487E+01
  0.108757E+01
  0.734341E+00
  0.365755E+00
 -0.145016E-01
 -0.404635E+00
 -0.801502E+00
 -0.120500E+01
 -0.161294E+01
 -0.202483E+01
 -0.244061E+01
 -0.286071E+01
 -0.328444E+01
 -0.371231E+01
 -0.414238E+01
 -0.457551E+01
 -0.501075E+01
 -0.545010E+01
 -0.589565E+01
 -0.634725E+01
 -0.680288E+01
 -0.726217E+01
 -0.772485E+01
 -0.819099E+01
 -0.865991E+01
 -0.913129E+01
 -0.960351E+01
 -0.100764E+02
 -0.105482E+02
 -0.110177E+02
 -0.114853E+02
 -0.119504E+02
 -0.124133E+02
 -0.128749E+02
 -0.133343E+02
 -0.137916E+02
 -0.142467E+02
 -0.147000E+02
 -0.151514E+02
 -0.155998E+02
 -0.160467E+02
 -0.164919E+02
 -0.169347E+02
 -0.173747E+02
 -0.178120E+02
 -0.182455E+02
 -0.186743E+02
 -0.190965E+02
 -0.195129E+02
 -0.199236E+02
 -0.203273E+02
 -0.207231E+02
 -0.211113E+02
 -0.214901E+02
 -0.218585E+02
 -0.222168E+02
 -0.225653E+02
 -0.229014E+02
 -0.232259E+02
 -0.235371E+02
 -0.238353E+02
 -0.241215E+02
 -0.243959E+02
 -0.246574E+02
 -0.249069E+02
 -0.251467E+02
 -0.253792E+02
 -0.256041E+02
 -0.258228E+02
 -0.260356E+02
 -0.262445E+02
 -0.264486E+02
 -0.266466E+02
 -0.268392E+02
 -0.270309E+02
 -0.272194E+02
 -0.274062E+02
 -0.275930E+02
 -0.277801E+02
 -0.279670E+02
 -0.281552E+02
 -0.283429E+02
 -0.285287E+02
 -0.287110E+02
 -0.288913E+02
 -0.290684E+02
 -0.292419E+02
 -0.294103E+02
 -0.295742E+02
 -0.297331E+02
 -0.298885E+02
 -0.300368E+02
 -0.301791E+02
 -0.303143E+02
 -0.304410E+02
 -0.305575E+02
 -0.306609E+02
 -0.307474E+02
 -0.308203E+02
 -0.308783E+02
 -0.309234E+02
 -0.309566E+02
 -0.309783E+02
 -0.309888E+02
 -0.309913E+02
 -0.309846E+02
 -0.309712E+02
 -0.309505E+02
 -0.309213E+02
 -0.308816E+02
 -0.308311E+02
 -0.307660E+02
 -0.306865E+02
 -0.305926E+02
 -0.304873E+02
 -0.303693E+02
 -0.302388E+02
 -0.300957E+02
 -0.299424E+02
 -0.297773E+02
 -0.296029E+02
 -0.294200E+02
 -0.292295E+02
 -0.290312E+02
 -0.288257E+02
 -0.286127E+02
 -0.283933E+02
 -0.281678E+02
 -0.279384E+02
 -0.277059E+02
 -0.274733E+02
 -0.272396E+02
 -0.270062E+02
 -0.267739E+02
 -0.265455E+02
 -0.263215E+02
 -0.261036E+02
 -0.258922E+02
 -0.256864E+02
 -0.254839E+02
 -0.252870E+02
 -0.250962E+02
 -0.249128E+02
 -0.247367E+02
 -0.245696E+02
 -0.244101E+02
 -0.242580E+02
 -0.241132E+02
 -0.239753E+02
 -0.238448E+02
 -0.237244E+02
 -0.236122E+02
 -0.235080E+02
 -0.234100E+02
 -0.233174E+02
 -0.232286E+02
 -0.231438E+02
 -0.230626E+02
 -0.229839E+02
 -0.229068E+02
 -0.228301E+02
 -0.227552E+02
 -0.226839E+02
 -0.226129E+02
 -0.225445E+02
 -0.224802E+02
 -0.224184E+02
 -0.223575E+02
 -0.222981E+02
 -0.222395E+02
 -0.221834E+02
 -0.221277E+02
 -0.220735E+02
 -0.220206E+02
 -0.219670E+02
 -0.219137E+02
 -0.218609E+02
 -0.218092E+02
 -0.217616E+02
 -0.217169E+02
 -0.216753E+02
 -0.216397E+02
 -0.216139E+02
 -0.215977E+02
 -0.215924E+02
 -0.215998E+02
 -0.216213E+02
 -0.216584E+02
 -0.217107E+02
 -0.217747E+02
 -0.218532E+02
 -0.219441E+02
 -0.220458E+02
 -0.221588E+02
 -0.222828E+02
 -0.224157E+02
 -0.225575E+02
 -0.227111E+02
 -0.228776E+02
 -0.230565E+02
 -0.232518E+02
 -0.234618E+02
 -0.236861E+02
 -0.239247E+02
 -0.241756E+02
 -0.244367E+02
 -0.247104E+02
 -0.249938E+02
 -0.252843E+02
 -0.255819E+02
 -0.258852E+02
 -0.261913E+02
 -0.265067E+02
 -0.268323E+02
 -0.271677E+02
 -0.275166E+02
 -0.278801E+02
 -0.282587E+02
 -0.286577E+02
 -0.290731E+02
 -0.295055E+02
 -0.299563E+02
 -0.304237E+02
 -0.309029E+02
 -0.313940E+02
 -0.318948E+02
 -0.324033E+02
 -0.329151E+02
 -0.334309E+02
 -0.339479E+02
 -0.344655E+02
 -0.349844E+02
 -0.355039E+02
 -0.360218E+02
 -0.365413E+02
 -0.370543E+02
 -0.375599E+02
 -0.380590E+02
 -0.385477E+02
 -0.390237E+02
 -0.394894E+02
 -0.399388E+02
 -0.403745E+02
 -0.407945E+02
 -0.412004E+02
 -0.415952E+02
 -0.419841E+02
 -0.423663E+02
 -0.427460E+02
 -0.431235E+02
 -0.435030E+02
 -0.438797E+02
 -0.442536E+02
 -0.446248E+02
 -0.449884E+02
 -0.453401E+02
 -0.456807E+02
 -0.460032E+02
 -0.463125E+02
 -0.466023E+02
 -0.468738E+02
 -0.471319E+02
 -0.473769E+02
 -0.476058E+02
 -0.478251E+02
 -0.480318E+02
 -0.482285E+02
 -0.484128E+02
 -0.485871E+02
 -0.487538E+02
 -0.489138E+02
 -0.490649E+02
 -0.492093E+02
 -0.493417E+02
 -0.494659E+02
 -0.495781E+02
 -0.496797E+02
 -0.497691E+02
 -0.498443E+02
 -0.498997E+02
 -0.499389E+02
 -0.499603E+02
 -0.499650E+02
 -0.499461E+02
 -0.499048E+02
 -0.498415E+02
 -0.497577E+02
 -0.496488E+02
 -0.495176E+02
 -0.493626E+02
 -0.491845E+02
 -0.489802E+02
 -0.487537E+02
 -0.485046E+02
 -0.482361E+02
 -0.479467E+02
 -0.476382E+02
 -0.473100E+02
 -0.469679E+02
 -0.466101E+02
 -0.462399E+02
 -0.458582E+02
 -0.454677E+02
 -0.450650E+02
 -0.446515E+02
 -0.442274E+02
 -0.437956E+02
 -0.433552E+02
 -0.429085E+02
 -0.424567E+02
 -0.420041E+02
 -0.415482E+02
 -0.410947E+02
 -0.406454E+02
 -0.402037E+02
 -0.397692E+02
 -0.393425E+02
 -0.389227E+02
 -0.385140E+02
 -0.381164E+02
 -0.377312E+02
 -0.373587E+02
 -0.370002E+02
 -0.366507E+02
 -0.363113E+02
 -0.359807E+02
 -0.356579E+02
 -0.353416E+02
 -0.350322E+02
 -0.347271E+02
 -0.344269E+02
 -0.341283E+02
 -0.338305E+02
 -0.335330E+02
 -0.332366E+02
 -0.329393E+02
 -0.326444E+02
 -0.323507E+02
 -0.320595E+02
 -0.317713E+02
 -0.314894E+02
 -0.312132E+02
 -0.309455E+02
 -0.306861E+02
 -0.304336E+02
 -0.301889E+02
 -0.299554E+02
 -0.297313E+02
 -0.295161E+02
 -0.293089E+02
 -0.291094E+02
 -0.289143E+02
 -0.287256E+02
 -0.285411E+02
 -0.283605E+02
 -0.281824E+02
 -0.280050E+02
 -0.278306E+02
 -0.276615E+02
 -0.274965E+02
 -0.273392E+02
 -0.271893E+02
 -0.270470E+02
 -0.269128E+02
 -0.267890E+02
 -0.266756E+02
 -0.265742E+02
 -0.264828E+02
 -0.264007E+02
 -0.263273E+02
 -0.262632E+02
 -0.262075E+02
 -0.261612E+02
 -0.261233E+02
 -0.260946E+02
 -0.260745E+02
 -0.260627E+02
 -0.260580E+02
 -0.260600E+02
 -0.260669E+02
 -0.260795E+02
 -0.260984E+02
 -0.261243E+02
 -0.261548E+02
 -0.261920E+02
 -0.262366E+02
 -0.262894E+02
 -0.263481E+02
 -0.264118E+02
 -0.264801E+02
 -0.265528E+02
 -0.266282E+02
 -0.267069E+02
 -0.267880E+02
 -0.268700E+02
 -0.269489E+02
 -0.270234E+02
 -0.270921E+02
 -0.271551E+02
 -0.272118E+02
 -0.272641E+02
 -0.273135E+02
 -0.273616E+02
 -0.274084E+02
 -0.274562E+02
 -0.275048E+02
 -0.275586E+02
 -0.276183E+02
 -0.276836E+02
 -0.277541E+02
 -0.278306E+02
 -0.279107E+02
 -0.279946E+02
 -0.280799E+02
 -0.281676E+02
 -0.282569E+02
 -0.283470E+02
 -0.284375E+02
 -0.285289E+02
 -0.286190E+02
 -0.287071E+02
 -0.287901E+02
 -0.288679E+02
 -0.289393E+02
 -0.290038E+02
 -0.290615E+02
 -0.291133E+02
 -0.291555E+02
 -0.291895E+02
 -0.292115E+02
 -0.292210E+02
 -0.292187E+02
 -0.292047E+02
 -0.291774E+02
 -0.291396E+02
 -0.290915E+02
 -0.290362E+02
 -0.289759E+02
 -0.289119E+02
 -0.288470E+02
 -0.287831E+02
 -0.287174E+02
 -0.286528E+02
 -0.285868E+02
 -0.285204E+02
 -0.284536E+02
 -0.283844E+02
 -0.283117E+02
 -0.282354E+02
 -0.281535E+02
 -0.280677E+02
 -0.279774E+02
 -0.278824E+02
 -0.277845E+02
 -0.276866E+02
 -0.275893E+02
 -0.274968E+02
 -0.274113E+02
 -0.273342E+02
 -0.272645E+02
 -0.272042E+02
 -0.271525E+02
 -0.271094E+02
 -0.270731E+02
 -0.270430E+02
 -0.270177E+02
 -0.269968E+02
 -0.269779E+02
 -0.269619E+02
 -0.269479E+02
 -0.269359E+02
 -0.269247E+02
 -0.269132E+02
 -0.269003E+02
 -0.268885E+02
 -0.268770E+02
 -0.268684E+02
 -0.268634E+02
 -0.268643E+02
 -0.268733E+02
 -0.268903E+02
 -0.269165E+02
 -0.269543E+02
 -0.270028E+02
 -0.270641E+02
 -0.271381E+02
 -0.272271E+02
 -0.273308E+02
 -0.274508E+02
 -0.275879E+02
 -0.277423E+02
 -0.279114E+02
 -0.280942E+02
 -0.282872E+02
 -0.284891E+02
 -0.286974E+02
 -0.289100E+02
 -0.291237E+02
 -0.293394E+02
 -0.295546E+02
 -0.297693E+02
 -0.299815E+02
 -0.301915E+02
 -0.303977E+02
 -0.305991E+02
 -0.307949E+02
 -0.309855E+02
 -0.311694E+02
 -0.313484E+02
 -0.315222E+02
 -0.316924E+02
 -0.318572E+02
 -0.320174E+02
 -0.321719E+02
 -0.323225E+02
 -0.324677E+02
 -0.326094E+02
 -0.327469E+02
 -0.328797E+02
 -0.330060E+02
 -0.331257E+02
 -0.332383E+02
 -0.333467E+02
 -0.334493E+02
 -0.335470E+02
 -0.336404E+02
 -0.337309E+02
 -0.338138E+02
 -0.338905E+02
 -0.339617E+02
 -0.340312E+02
 -0.340968E+02
 -0.341565E+02
 -0.342121E+02
 -0.342657E+02
 -0.343144E+02
 -0.343606E+02
 -0.344048E+02
 -0.344514E+02
 -0.344985E+02
 -0.345463E+02
 -0.345951E+02
 -0.346431E+02
 -0.346891E+02
 -0.347335E+02
 -0.347754E+02
 -0.348200E+02
 -0.348645E+02
 -0.349086E+02
 -0.349540E+02
 -0.350009E+02
 -0.350440E+02
 -0.350876E+02
 -0.351307E+02
 -0.351731E+02
 -0.352156E+02
 -0.352597E+02
 -0.353064E+02
 -0.353582E+02
 -0.354140E+02
 -0.354740E+02
 -0.355369E+02
 -0.356062E+02
 -0.356780E+02
 -0.357522E+02
 -0.358299E+02
 -0.359110E+02
 -0.359908E+02
 -0.360695E+02
 -0.361466E+02
 -0.362247E+02
 -0.363013E+02
 -0.363758E+02
 -0.364449E+02
 -0.365094E+02
 -0.365685E+02
 -0.366233E+02
 -0.366719E+02
 -0.367136E+02
 -0.367464E+02
 -0.367721E+02
 -0.367864E+02
 -0.367886E+02
 -0.367771E+02
 -0.367530E+02
 -0.367136E+02
 -0.366592E+02
 -0.365892E+02
 -0.365058E+02
 -0.364087E+02
 -0.363006E+02
 -0.361803E+02
 -0.360492E+02
 -0.359051E+02
 -0.357515E+02
 -0.355866E+02
 -0.354119E+02
 -0.352290E+02
 -0.350378E+02
 -0.348362E+02
 -0.346263E+02
 -0.344093E+02
 -0.341881E+02
 -0.339584E+02
 -0.337228E+02
 -0.334817E+02
 -0.332363E+02
 -0.329846E+02
 -0.327273E+02
 -0.324667E+02
 -0.322060E+02
 -0.319445E+02
 -0.316839E+02
 -0.314242E+02
 -0.311663E+02
 -0.309084E+02
 -0.306504E+02
 -0.303923E+02
 -0.301366E+02
 -0.298829E+02
 -0.296342E+02
 -0.293900E+02
 -0.291514E+02
 -0.289193E+02
 -0.286925E+02
 -0.284689E+02
 -0.282523E+02
 -0.280386E+02
 -0.278296E+02
 -0.276257E+02
 -0.274238E+02
 -0.272227E+02
 -0.270236E+02
 -0.268269E+02
 -0.266355E+02
 -0.264477E+02
 -0.262636E+02
 -0.260852E+02
 -0.259150E+02
 -0.257511E+02
 -0.255957E+02
 -0.254494E+02
 -0.253154E+02
 -0.251934E+02
 -0.250842E+02
 -0.249906E+02
 -0.249137E+02
 -0.248568E+02
 -0.248227E+02
 -0.248088E+02
 -0.248205E+02
 -0.248579E+02
 -0.249179E+02
 -0.250037E+02
 -0.251165E+02
 -0.252537E+02
 -0.254134E+02
 -0.255926E+02
 -0.257954E+02
 -0.260159E+02
 -0.262516E+02
 -0.265032E+02
 -0.267693E+02
 -0.270493E+02
 -0.273422E+02
 -0.276454E+02
 -0.279583E+02
 -0.282768E+02
 -0.286011E+02
 -0.289321E+02
 -0.292705E+02
 -0.296131E+02
 -0.299601E+02
 -0.303085E+02
 -0.306574E+02
 -0.310054E+02
 -0.313520E+02
 -0.316970E+02
 -0.320419E+02
 -0.323845E+02
 -0.327282E+02
 -0.330714E+02
 -0.334150E+02
 -0.337570E+02
 -0.340975E+02
 -0.344375E+02
 -0.347760E+02
 -0.351145E+02
 -0.354545E+02
 -0.357909E+02
 -0.361273E+02
 -0.364612E+02
 -0.367927E+02
 -0.371213E+02
 -0.374448E+02
 -0.377577E+02
 -0.380613E+02
 -0.383499E+02
 -0.386243E+02
 -0.388807E+02
 -0.391149E+02
 -0.393273E+02
 -0.395170E+02
 -0.396795E+02
 -0.398202E+02
 -0.399370E+02
 -0.400335E+02
 -0.401111E+02
 -0.401697E+02
 -0.402124E+02
 -0.402434E+02
 -0.402607E+02
 -0.402707E+02
 -0.402731E+02
 -0.402717E+02
 -0.402675E+02
 -0.402603E+02
 -0.402518E+02
 -0.402453E+02
 -0.402356E+02
 -0.402266E+02
 -0.402164E+02
 -0.402027E+02
 -0.401862E+02
 -0.401664E+02
 -0.401390E+02
 -0.401096E+02
 -0.400724E+02
 -0.400292E+02
 -0.399804E+02
 -0.399240E+02
 -0.398597E+02
 -0.397882E+02
 -0.397067E+02
 -0.396181E+02
 -0.395179E+02
 -0.394094E+02
 -0.392931E+02
 -0.391703E+02
 -0.390390E+02
 -0.389004E+02
 -0.387553E+02
 -0.386068E+02
 -0.384521E+02
 -0.382918E+02
 -0.381245E+02
 -0.379515E+02
 -0.377760E+02
 -0.375979E+02
 -0.374137E+02
 -0.372281E+02
 -0.370405E+02
 -0.368537E+02
 -0.366665E+02
 -0.364815E+02
 -0.362993E+02
 -0.361213E+02
 -0.359458E+02
 -0.357762E+02
 -0.356129E+02
 -0.354565E+02
 -0.353067E+02
 -0.351651E+02
 -0.350314E+02
 -0.349094E+02
 -0.347997E+02
 -0.347024E+02
 -0.346152E+02
 -0.345412E+02
 -0.344820E+02
 -0.344376E+02
 -0.344054E+02
 -0.343891E+02
 -0.343877E+02
 -0.344013E+02
 -0.344274E+02
 -0.344681E+02
 -0.345231E+02
 -0.345918E+02
 -0.346714E+02
 -0.347626E+02
 -0.348650E+02
 -0.349785E+02
 -0.350980E+02
 -0.352242E+02
 -0.353558E+02
 -0.354936E+02
 -0.356345E+02
 -0.357794E+02
 -0.359271E+02
 -0.360771E+02
 -0.362264E+02
 -0.363768E+02
 -0.365269E+02
 -0.366769E+02
 -0.368254E+02
 -0.369760E+02
 -0.371276E+02
 -0.372821E+02
 -0.374381E+02
 -0.375949E+02
 -0.377515E+02
 -0.379086E+02
 -0.380643E+02
 -0.382206E+02
 -0.383757E+02
 -0.385324E+02
 -0.386883E+02
 -0.388410E+02
 -0.389890E+02
 -0.391336E+02
 -0.392686E+02
 -0.393972E+02
 -0.395180E+02
 -0.396308E+02
 -0.397364E+02
 -0.398332E+02
 -0.399207E+02
 -0.400022E+02
 -0.400722E+02
 -0.401324E+02
 -0.401824E+02
 -0.402227E+02
 -0.402501E+02
 -0.402649E+02
 -0.402656E+02
 -0.402565E+02
 -0.402340E+02
 -0.401990E+02
 -0.401500E+02
 -0.400853E+02
 -0.400041E+02
 -0.399084E+02
 -0.397950E+02
 -0.396660E+02
 -0.395197E+02
 -0.393577E+02
 -0.391810E+02
 -0.389909E+02
 -0.387830E+02
 -0.385580E+02
 -0.383151E+02
 -0.380561E+02
 -0.377781E+02
 -0.374826E+02
 -0.371701E+02
 -0.368431E+02
 -0.365016E+02
 -0.361502E+02
 -0.357899E+02
 -0.354245E+02
 -0.350547E+02
 -0.346835E+02
 -0.343127E+02
 -0.339428E+02
 -0.335704E+02
 -0.331990E+02
 -0.328276E+02
 -0.324575E+02
 -0.320893E+02
 -0.317249E+02
 -0.313635E+02
 -0.310062E+02
 -0.306531E+02
 -0.303064E+02
 -0.299661E+02
 -0.296358E+02
 -0.293154E+02
 -0.290047E+02
 -0.287039E+02
 -0.284144E+02
 -0.281355E+02
 -0.278677E+02
 -0.276091E+02
 -0.273626E+02
 -0.271286E+02
 -0.269074E+02
 -0.266993E+02
 -0.265055E+02
 -0.263236E+02
 -0.261565E+02
 -0.260037E+02
 -0.258664E+02
 -0.257461E+02
 -0.256410E+02
 -0.255490E+02
 -0.254706E+02
 -0.254022E+02
 -0.253426E+02
 -0.252920E+02
 -0.252495E+02
 -0.252152E+02
 -0.251881E+02
 -0.251654E+02
 -0.251509E+02
 -0.251409E+02
 -0.251339E+02
 -0.251303E+02
 -0.251292E+02
 -0.251314E+02
 -0.251350E+02
 -0.251397E+02
 -0.251470E+02
 -0.251514E+02
 -0.251543E+02
 -0.251528E+02
 -0.251445E+02
 -0.251295E+02
 -0.251057E+02
 -0.250734E+02
 -0.250345E+02
 -0.249863E+02
 -0.249311E+02
 -0.248692E+02
 -0.248026E+02
 -0.247322E+02
 -0.246585E+02
 -0.245847E+02
 -0.245106E+02
 -0.244347E+02
 -0.243613E+02
 -0.242890E+02
 -0.242181E+02
 -0.241482E+02
 -0.240782E+02
 -0.240079E+02
 -0.239378E+02
 -0.238667E+02
 -0.237938E+02
 -0.237178E+02
 -0.236423E+02
 -0.235652E+02
 -0.234856E+02
 -0.234068E+02
 -0.233300E+02
 -0.232547E+02
 -0.231823E+02
 -0.231093E+02
 -0.230386E+02
 -0.229725E+02
 -0.229114E+02
 -0.228569E+02
 -0.228089E+02
 -0.227667E+02
 -0.227331E+02
 -0.227072E+02
 -0.226906E+02
 -0.226851E+02
 -0.226916E+02
 -0.227093E+02
 -0.227365E+02
 -0.227743E+02
 -0.228258E+02
 -0.228865E+02
 -0.229572E+02
 -0.230389E+02
 -0.231308E+02
 -0.232313E+02
 -0.233385E+02
 -0.234524E+02
 -0.235732E+02
 -0.236976E+02
 -0.238277E+02
 -0.239602E+02
 -0.240965E+02
 -0.242379E+02
 -0.243824E+02
 -0.245284E+02
 -0.246754E+02
 -0.248207E+02
 -0.249639E+02
 -0.251034E+02
 -0.252400E+02
 -0.253709E+02
 -0.254968E+02
 -0.256166E+02
 -0.257277E+02
 -0.258302E+02
 -0.259257E+02
 -0.260129E+02
 -0.260923E+02
 -0.261629E+02
 -0.262254E+02
 -0.262783E+02
 -0.263231E+02
 -0.263587E+02
 -0.263845E+02
 -0.263987E+02
 -0.264030E+02
 -0.263990E+02
 -0.263861E+02
 -0.263650E+02
 -0.263398E+02
 -0.263102E+02
 -0.262786E+02
 -0.262456E+02
 -0.262135E+02
 -0.261822E+02
 -0.261509E+02
 -0.261201E+02
 -0.260897E+02
 -0.260610E+02
 -0.260372E+02
 -0.260152E+02
 -0.259975E+02
 -0.259849E+02
 -0.259792E+02
 -0.259791E+02
 -0.259830E+02
 -0.259926E+02
 -0.260076E+02
 -0.260261E+02
 -0.260478E+02
 -0.260695E+02
 -0.260935E+02
 -0.261168E+02
 -0.261399E+02
 -0.261642E+02
 -0.261879E+02
 -0.262126E+02
 -0.262413E+02
 -0.262737E+02
 -0.263109E+02
 -0.263524E+02
 -0.264017E+02
 -0.264589E+02
 -0.265252E+02
 -0.266018E+02
 -0.266887E+02
 -0.267855E+02
 -0.268938E+02
 -0.270117E+02
 -0.271402E+02
 -0.272786E+02
 -0.274285E+02
 -0.275870E+02
 -0.277564E+02
 -0.279340E+02
 -0.281181E+02
 -0.283115E+02
 -0.285118E+02
 -0.287194E+02
 -0.289377E+02
 -0.291611E+02
 -0.293917E+02
 -0.296285E+02
 -0.298727E+02
 -0.301220E+02
 -0.303753E+02
 -0.306328E+02
 -0.308945E+02
 -0.311581E+02
 -0.314258E+02
 -0.316968E+02
 -0.319708E+02
 -0.322474E+02
 -0.325272E+02
 -0.328092E+02
 -0.330958E+02
 -0.333813E+02
 -0.336671E+02
 -0.339540E+02
 -0.342412E+02
 -0.345286E+02
 -0.348178E+02
 -0.351059E+02
 -0.353962E+02
 -0.356852E+02
 -0.359733E+02
 -0.362615E+02
 -0.365490E+02
 -0.368347E+02
 -0.371192E+02
 -0.374028E+02
 -0.376895E+02
 -0.379736E+02
 -0.382593E+02
 -0.385489E+02
 -0.388418E+02
 -0.391360E+02
 -0.394337E+02
 -0.397344E+02
 -0.400421E+02
 -0.403531E+02
 -0.406676E+02
 -0.409850E+02
 -0.413045E+02
 -0.416228E+02
 -0.419381E+02
 -0.422482E+02
 -0.425558E+02
 -0.428548E+02
 -0.431442E+02
 -0.434246E+02
 -0.436951E+02
 -0.439531E+02
 -0.442031E+02
 -0.444407E+02
 -0.446699E+02
 -0.448873E+02
 -0.450950E+02
 -0.452964E+02
 -0.454904E+02
 -0.456744E+02
 -0.458551E+02
 -0.460313E+02
 -0.462036E+02
 -0.463712E+02
 -0.465362E+02
 -0.466983E+02
 -0.468607E+02
 -0.470177E+02
 -0.471718E+02
 -0.473220E+02
 -0.474689E+02
 -0.476083E+02
 -0.477411E+02
 -0.478653E+02
 -0.479817E+02
 -0.480861E+02
 -0.481823E+02
 -0.482682E+02
 -0.483416E+02
 -0.483986E+02
 -0.484404E+02
 -0.484680E+02
 -0.484845E+02
 -0.484859E+02
 -0.484760E+02
 -0.484537E+02
 -0.484228E+02
 -0.483799E+02
 -0.483266E+02
 -0.482635E+02
 -0.481939E+02
 -0.481185E+02
 -0.480385E+02
 -0.479502E+02
 -0.478577E+02
 -0.477593E+02
 -0.476594E+02
 -0.475590E+02
 -0.474579E+02
 -0.473502E+02
 -0.472403E+02
 -0.471261E+02
 -0.470081E+02
 -0.468842E+02
 -0.467516E+02
 -0.466116E+02
 -0.464700E+02
 -0.463194E+02
 -0.461617E+02
 -0.459980E+02
 -0.458305E+02
 -0.456584E+02
 -0.454825E+02
 -0.453020E+02
 -0.451195E+02
 -0.449327E+02
 -0.447473E+02
 -0.445598E+02
 -0.443733E+02
 -0.441858E+02
 -0.439962E+02
 -0.438050E+02
 -0.436106E+02
 -0.434089E+02
 -0.432019E+02
 -0.429872E+02
 -0.427676E+02
 -0.425389E+02
 -0.423038E+02
 -0.420586E+02
 -0.418038E+02
 -0.415417E+02
 -0.412682E+02
 -0.409810E+02
 -0.406842E+02
 -0.403736E+02
 -0.400538E+02
 -0.397219E+02
 -0.393760E+02
 -0.390166E+02
 -0.386435E+02
 -0.382561E+02
 -0.378578E+02
 -0.374429E+02
 -0.370162E+02
 -0.365771E+02
 -0.361224E+02
 -0.356539E+02
 -0.351727E+02
 -0.346782E+02
 -0.341740E+02
 -0.336557E+02
 -0.331266E+02
 -0.325852E+02
 -0.320320E+02
 -0.314672E+02
 -0.308878E+02
 -0.302975E+02
 -0.296979E+02
 -0.290861E+02
 -0.284663E+02
 -0.278309E+02
 -0.271856E+02
 -0.265302E+02
 -0.258587E+02
 -0.251811E+02
 -0.244953E+02
 -0.238004E+02
 -0.231044E+02
 -0.224034E+02
 -0.217046E+02
 -0.210067E+02
 -0.203109E+02
 -0.196268E+02
 -0.189496E+02
 -0.182815E+02
 -0.176251E+02
 -0.169786E+02
 -0.163506E+02
 -0.157393E+02
 -0.151462E+02
 -0.145742E+02
 -0.140183E+02
 -0.134795E+02
 -0.129579E+02
 -0.124570E+02
 -0.119777E+02
 -0.115171E+02
 -0.110779E+02
 -0.106613E+02
 -0.102667E+02
 -0.989388E+01
 -0.954010E+01
 -0.920319E+01
 -0.888095E+01
 -0.857528E+01
 -0.828432E+01
 -0.800568E+01
 -0.774064E+01
 -0.749025E+01
 -0.725422E+01
 -0.703042E+01
 -0.681616E+01
 -0.661629E+01
 -0.642994E+01
 -0.625720E+01
 -0.609871E+01
 -0.595094E+01
 -0.581501E+01
 -0.569447E+01
 -0.558554E+01
 -0.548517E+01
 -0.539396E+01
 -0.531407E+01
 -0.524372E+01
 -0.518459E+01
 -0.513403E+01
 -0.509310E+01
 -0.506351E+01
 -0.504277E+01
 -0.503059E+01
 -0.502767E+01
 -0.503103E+01
 -0.504193E+01
 -0.505936E+01
 -0.508282E+01
 -0.511232E+01
 -0.514831E+01
 -0.518745E+01
 -0.522954E+01
 -0.527658E+01
 -0.532881E+01
 -0.538323E+01
 -0.544003E+01
 -0.549844E+01
 -0.555847E+01
 -0.561957E+01
 -0.568170E+01
 -0.574454E+01
 -0.581098E+01
 -0.588030E+01
 -0.595190E+01
 -0.602737E+01
 -0.610587E+01
 -0.618578E+01
 -0.626943E+01
 -0.635506E+01
 -0.644238E+01
 -0.653164E+01
 -0.662431E+01
 -0.671650E+01
 -0.680870E+01
 -0.690226E+01
 -0.699479E+01
 -0.708643E+01
 -0.717648E+01
 -0.726312E+01
 -0.734851E+01
 -0.743208E+01
 -0.751525E+01
 -0.759851E+01
 -0.768206E+01
 -0.776489E+01
 -0.784867E+01
 -0.793326E+01
 -0.801896E+01
 -0.810600E+01
 -0.819413E+01
 -0.828285E+01
 -0.837322E+01
 -0.846609E+01
 -0.856035E+01
 -0.865426E+01
 -0.874757E+01
 -0.884071E+01
 -0.893595E+01
 -0.903045E+01
 -0.912527E+01
 -0.922097E+01
 -0.931623E+01
 -0.941253E+01
 -0.951048E+01
 -0.961188E+01
 -0.971843E+01
 -0.982729E+01
 -0.993864E+01
 -0.100524E+02
 -0.101696E+02
 -0.102901E+02
 -0.104137E+02
 -0.105420E+02
 -0.106750E+02
 -0.108120E+02
 -0.109526E+02
 -0.110962E+02
 -0.112460E+02
 -0.114006E+02
 -0.115596E+02
 -0.117243E+02
 -0.118940E+02
 -0.120702E+02
 -0.122535E+02
 -0.124443E+02
 -0.126449E+02
 -0.128525E+02
 -0.130672E+02
 -0.132875E+02
 -0.135115E+02
 -0.137426E+02
 -0.139794E+02
 -0.142215E+02
 -0.144708E+02
 -0.147283E+02
 -0.149949E+02
 -0.152697E+02
 -0.155530E+02
 -0.158458E+02
 -0.161481E+02
 -0.164611E+02
 -0.167832E+02
 -0.171164E+02
 -0.174606E+02
 -0.178127E+02
 -0.181734E+02
 -0.185417E+02
 -0.189165E+02
 -0.192983E+02
 -0.196853E+02
 -0.200783E+02
 -0.204752E+02
 -0.208757E+02
 -0.212786E+02
 -0.216823E+02
 -0.220894E+02
 -0.224999E+02
 -0.229134E+02
 -0.233308E+02
 -0.237509E+02
 -0.241767E+02
 -0.246061E+02
 -0.250398E+02
 -0.254774E+02
 -0.259194E+02
 -0.263657E+02
 -0.268168E+02
 -0.272731E+02
 -0.277334E+02
 -0.281947E+02
 -0.286595E+02
 -0.291261E+02
 -0.295933E+02
 -0.300584E+02
 -0.305222E+02
 -0.309813E+02
 -0.314357E+02
 -0.318846E+02
 -0.323278E+02
 -0.327640E+02
 -0.331947E+02
 -0.336175E+02
 -0.340340E+02
 -0.344451E+02
 -0.348532E+02
 -0.352567E+02
 -0.356595E+02
 -0.360601E+02
 -0.364603E+02
 -0.368603E+02
 -0.372605E+02
 -0.376614E+02
 -0.380647E+02
 -0.384686E+02
 -0.388755E+02
 -0.392826E+02
 -0.396922E+02
 -0.401011E+02
 -0.405098E+02
 -0.409181E+02
 -0.413246E+02
 -0.417271E+02
 -0.421281E+02
 -0.425250E+02
 -0.429209E+02
 -0.433129E+02
 -0.437029E+02
 -0.440894E+02
 -0.444727E+02
 -0.448495E+02
 -0.452217E+02
 -0.455891E+02
 -0.459554E+02
 -0.463157E+02
 -0.466704E+02
 -0.470196E+02
 -0.473643E+02
 -0.476988E+02
 -0.480243E+02
 -0.483401E+02
 -0.486482E+02
 -0.489439E+02
 -0.492282E+02
 -0.495008E+02
 -0.497653E+02
 -0.500153E+02
 -0.502519E+02
 -0.504751E+02
 -0.506880E+02
 -0.508875E+02
 -0.510773E+02
 -0.512548E+02
 -0.514229E+02
 -0.515815E+02
 -0.517313E+02
 -0.518755E+02
 -0.520173E+02
 -0.521516E+02
 -0.522840E+02
 -0.524135E+02
 -0.525425E+02
 -0.526656E+02
 -0.527840E+02
 -0.528982E+02
 -0.530085E+02
 -0.531098E+02
 -0.532049E+02
 -0.532898E+02
 -0.533674E+02
 -0.534333E+02
 -0.534864E+02
 -0.535276E+02
 -0.535580E+02
 -0.535715E+02
 -0.535732E+02
 -0.535615E+02
 -0.535385E+02
 -0.535020E+02
 -0.534530E+02
 -0.533907E+02
 -0.533199E+02
 -0.532351E+02
 -0.531383E+02
 -0.530304E+02
 -0.529116E+02
 -0.527782E+02
 -0.526363E+02
 -0.524822E+02
 -0.523176E+02
 -0.521406E+02
 -0.519492E+02
 -0.517435E+02
 -0.515270E+02
 -0.512938E+02
 -0.510499E+02
 -0.507926E+02
 -0.505245E+02
 -0.502461E+02
 -0.499585E+02
 -0.496637E+02
 -0.493663E+02
 -0.490626E+02
 -0.487568E+02
 -0.484492E+02
 -0.481426E+02
 -0.478353E+02
 -0.475293E+02
 -0.472246E+02
 -0.469233E+02
 -0.466216E+02
 -0.463222E+02
 -0.460231E+02
 -0.457237E+02
 -0.454192E+02
 -0.451124E+02
 -0.448019E+02
 -0.444889E+02
 -0.441708E+02
 -0.438464E+02
 -0.435169E+02
 -0.431838E+02
 -0.428410E+02
 -0.424922E+02
 -0.421346E+02
 -0.417697E+02
 -0.413974E+02
 -0.410166E+02
 -0.406294E+02
 -0.402393E+02
 -0.398412E+02
 -0.394409E+02
 -0.390368E+02
 -0.386297E+02
 -0.382193E+02
 -0.378035E+02
 -0.373834E+02
 -0.369614E+02
 -0.365327E+02
 -0.361011E+02
 -0.356644E+02
 -0.352234E+02
 -0.347774E+02
 -0.343248E+02
 -0.338683E+02
 -0.334094E+02
 -0.329453E+02
 -0.324790E+02
 -0.320074E+02
 -0.315330E+02
 -0.310531E+02
 -0.305681E+02
 -0.300810E+02
 -0.295906E+02
 -0.290935E+02
 -0.285922E+02
 -0.280850E+02
 -0.275727E+02
 -0.270575E+02
 -0.265399E+02
 -0.260191E+02
 -0.254976E+02
 -0.249758E+02
 -0.244549E+02
 -0.239354E+02
 -0.234169E+02
 -0.228988E+02
 -0.223841E+02
 -0.218719E+02
 -0.213650E+02
 -0.208629E+02
 -0.203629E+02
 -0.198676E+02
 -0.193781E+02
 -0.188942E+02
 -0.184157E+02
 -0.179418E+02
 -0.174747E+02
 -0.170107E+02
 -0.165490E+02
 -0.160936E+02
 -0.156420E+02
 -0.151933E+02
 -0.147487E+02
 -0.143067E+02
 -0.138693E+02
 -0.134357E+02
 -0.130050E+02
 -0.125799E+02
 -0.121586E+02
 -0.117407E+02
 -0.113276E+02
 -0.109196E+02
 -0.105159E+02
 -0.101154E+02
 -0.971985E+01
 -0.932855E+01
 -0.894093E+01
 -0.856024E+01
 -0.818682E+01
 -0.782191E+01
 -0.746331E+01
 -0.711329E+01
 -0.677417E+01
 -0.644617E+01
 -0.613086E+01
 -0.582915E+01
 -0.554037E+01
 -0.526651E+01
 -0.500798E+01
 -0.476574E+01
 -0.453955E+01
 -0.432913E+01
 -0.413298E+01
 -0.395243E+01
 -0.378539E+01
 -0.363322E+01
 -0.349503E+01
 -0.336871E+01
 -0.325369E+01
 -0.314968E+01
 -0.305483E+01
 -0.296977E+01
 -0.289154E+01
 -0.281993E+01
 -0.275568E+01
 -0.269870E+01
 -0.264827E+01
 -0.260535E+01
 -0.256747E+01
 -0.253598E+01
 -0.250973E+01
 -0.248905E+01
 -0.247394E+01
 -0.246692E+01
 -0.246798E+01
 -0.247701E+01
 -0.249443E+01
 -0.252262E+01
 -0.256080E+01
 -0.260836E+01
 -0.266569E+01
 -0.273362E+01
 -0.281124E+01
 -0.289967E+01
 -0.299499E+01
 -0.309899E+01
 -0.321124E+01
 -0.333121E+01
 -0.345993E+01
 -0.359681E+01
 -0.374197E+01
 -0.389606E+01
 -0.405717E+01
 -0.422748E+01
 -0.440740E+01
 -0.459784E+01
 -0.479821E+01
 -0.501021E+01
 -0.523155E+01
 -0.546296E+01
 -0.570523E+01
 -0.595701E+01
 -0.622058E+01
 -0.649864E+01
 -0.678900E+01
 -0.709326E+01
 -0.741235E+01
 -0.774526E+01
 -0.809273E+01
 -0.845639E+01
 -0.883454E+01
 -0.922799E+01
 -0.963615E+01
 -0.100609E+02
 -0.105012E+02
 -0.109555E+02
 -0.114244E+02
 -0.119086E+02
 -0.124096E+02
 -0.129244E+02
 -0.134505E+02
 -0.139883E+02
 -0.145372E+02
 -0.150979E+02
 -0.156667E+02
 -0.162408E+02
 -0.168216E+02
 -0.174088E+02
 -0.179995E+02
 -0.185915E+02
 -0.191852E+02
 -0.197787E+02
 -0.203715E+02
 -0.209628E+02
 -0.215518E+02
 -0.221376E+02
 -0.227198E+02
 -0.232973E+02
 -0.238704E+02
 -0.244405E+02
 -0.250077E+02
 -0.255684E+02
 -0.261254E+02
 -0.266823E+02
 -0.272374E+02
 -0.277888E+02
 -0.283405E+02
 -0.288940E+02
 -0.294496E+02
 -0.300061E+02
 -0.305682E+02
 -0.311362E+02
 -0.317096E+02
 -0.322891E+02
 -0.328773E+02
 -0.334722E+02
 -0.340750E+02
 -0.346843E+02
 -0.353008E+02
 -0.359226E+02
 -0.365485E+02
 -0.371770E+02
 -0.378084E+02
 -0.384390E+02
 -0.390688E+02
 -0.396938E+02
 -0.403157E+02
 -0.409316E+02
 -0.415399E+02
 -0.421381E+02
 -0.427267E+02
 -0.433025E+02
 -0.438679E+02
 -0.444203E+02
 -0.449602E+02
 -0.454853E+02
 -0.459983E+02
 -0.464951E+02
 -0.469734E+02
 -0.474324E+02
 -0.478736E+02
 -0.482912E+02
 -0.486843E+02
 -0.490518E+02
 -0.493936E+02
 -0.497021E+02
 -0.499790E+02
 -0.502198E+02
 -0.504256E+02
 -0.505944E+02
 -0.507272E+02
 -0.508222E+02
 -0.508823E+02
 -0.509046E+02
 -0.508908E+02
 -0.508394E+02
 -0.507531E+02
 -0.506312E+02
 -0.504771E+02
 -0.502901E+02
 -0.500735E+02
 -0.498225E+02
 -0.495400E+02
 -0.492264E+02
 -0.488834E+02
 -0.485080E+02
 -0.481042E+02
 -0.476729E+02
 -0.472156E+02
 -0.467277E+02
 -0.462129E+02
 -0.456723E+02
 -0.451088E+02
 -0.445206E+02
 -0.439104E+02
 -0.432773E+02
 -0.426235E+02
 -0.419493E+02
 -0.412580E+02
 -0.405490E+02
 -0.398247E+02
 -0.390842E+02
 -0.383295E+02
 -0.375624E+02
 -0.367846E+02
 -0.359944E+02
 -0.351954E+02
 -0.343864E+02
 -0.335709E+02
 -0.327487E+02
 -0.319203E+02
 -0.310868E+02
 -0.302492E+02
 -0.294094E+02
 -0.285701E+02
 -0.277305E+02
 -0.268950E+02
 -0.260628E+02
 -0.252348E+02
 -0.244142E+02
 -0.236020E+02
 -0.227978E+02
 -0.220034E+02
 -0.212197E+02
 -0.204480E+02
 -0.196882E+02
 -0.189420E+02
 -0.182117E+02
 -0.174975E+02
 -0.167977E+02
 -0.161132E+02
 -0.154450E+02
 -0.147933E+02
 -0.141575E+02
 -0.135358E+02
 -0.129294E+02
 -0.123394E+02
 -0.117650E+02
 -0.112054E+02
 -0.106610E+02
 -0.101307E+02
 -0.961461E+01
 -0.911305E+01
 -0.862650E+01
 -0.815407E+01
 -0.769494E+01
 -0.724801E+01
 -0.681471E+01
 -0.639360E+01
 -0.598565E+01
 -0.559073E+01
 -0.520759E+01
 -0.483610E+01
 -0.447786E+01
 -0.413118E+01
 -0.379615E+01
 -0.347192E+01
 -0.315818E+01
 -0.285375E+01
 -0.255932E+01
 -0.227355E+01
 -0.199701E+01
 -0.172883E+01
 -0.146784E+01
 -0.121254E+01
 -0.965069E+00
 -0.722095E+00
 -0.482789E+00
 -0.246821E+00
 -0.141773E-01
  0.216788E+00
  0.444270E+00
  0.670449E+00
  0.896306E+00
  0.112487E+01
  0.135646E+01
  0.159061E+01
  0.182763E+01
  0.207072E+01
  0.231805E+01
  0.257159E+01
  0.283181E+01
  0.309961E+01
  0.337242E+01
  0.365240E+01
  0.393912E+01
  0.423299E+01
  0.453326E+01
  0.484077E+01
  0.515553E+01
  0.547924E+01
  0.580792E+01
  0.614494E+01
  0.649070E+01
  0.684436E+01
  0.720507E+01
  0.757438E+01
  0.795017E+01
  0.833535E+01
  0.872925E+01
  0.913349E+01
  0.954619E+01
  0.996739E+01
  0.103952E+02
  0.108338E+02
  0.112825E+02
  0.117403E+02
  0.122046E+02
  0.126793E+02
  0.131619E+02
  0.136523E+02
  0.141495E+02
  0.146558E+02
  0.151678E+02
  0.156874E+02
  0.162121E+02
  0.167425E+02
  0.172766E+02
  0.178137E+02
  0.183509E+02
  0.188910E+02
  0.194288E+02
  0.199645E+02
  0.204961E+02
  0.210248E+02
  0.215453E+02
  0.220580E+02
  0.225624E+02
  0.230598E+02
  0.235455E+02
  0.240220E+02
  0.244845E+02
  0.249351E+02
  0.253713E+02
  0.257937E+02
  0.262005E+02
  0.265936E+02
  0.269705E+02
  0.273350E+02
  0.276830E+02
  0.280180E+02
  0.283379E+02
  0.286447E+02
  0.289358E+02
  0.292180E+02
  0.294884E+02
  0.297479E+02
  0.299985E+02
  0.302431E+02
  0.304777E+02
  0.307069E+02
  0.309271E+02
  0.311408E+02
  0.313440E+02
  0.315363E+02
  0.317140E+02
  0.318788E+02
  0.320239E+02
  0.321512E+02
  0.322599E+02
  0.323508E+02
  0.324180E+02
  0.324676E+02
  0.324965E+02
  0.325088E+02
  0.325021E+02
  0.324789E+02
  0.324400E+02
  0.323858E+02
  0.323101E+02
  0.322192E+02
  0.321102E+02
  0.319856E+02
  0.318404E+02
  0.316755E+02
  0.314929E+02
  0.312952E+02
  0.310740E+02
  0.308336E+02
  0.305717E+02
  0.302928E+02
  0.299970E+02
  0.296834E+02
  0.293511E+02
  0.290063E+02
  0.286431E+02
  0.282654E+02
  0.278723E+02
  0.274658E+02
  0.270425E+02
  0.266039E+02
  0.261497E+02
  0.256814E+02
  0.251925E+02
  0.246881E+02
  0.241679E+02
  0.236326E+02
  0.230785E+02
  0.225097E+02
  0.219239E+02
  0.213260E+02
  0.207126E+02
  0.200837E+02
  0.194423E+02
  0.187886E+02
  0.181188E+02
  0.174362E+02
  0.167383E+02
  0.160268E+02
  0.152965E+02
  0.145488E+02
  0.137812E+02
  0.129943E+02
  0.121884E+02
  0.113633E+02
  0.105169E+02
  0.965102E+01
  0.876249E+01
  0.785469E+01
  0.692678E+01
  0.597974E+01
  0.501354E+01
  0.402733E+01
  0.302315E+01
  0.200364E+01
  0.966314E+00
 -0.865068E-01
 -0.115556E+01
 -0.223742E+01
 -0.333213E+01
 -0.443882E+01
 -0.555626E+01
 -0.668266E+01
 -0.781769E+01
 -0.896074E+01
 -0.101071E+02
 -0.112562E+02
 -0.124093E+02
 -0.135624E+02
 -0.147134E+02
 -0.158602E+02
 -0.170004E+02
 -0.181323E+02
 -0.192541E+02
 -0.203633E+02
 -0.214568E+02
 -0.225340E+02
 -0.235915E+02
 -0.246300E+02
 -0.256480E+02
 -0.266442E+02
 -0.276146E+02
 -0.285592E+02
 -0.294781E+02
 -0.303708E+02
 -0.312370E+02
 -0.320754E+02
 -0.328822E+02
 -0.336626E+02
 -0.344173E+02
 -0.351442E+02
 -0.358398E+02
 -0.365082E+02
 -0.371503E+02
 -0.377674E+02
 -0.383567E+02
 -0.389206E+02
 -0.394587E+02
 -0.399736E+02
 -0.404633E+02
 -0.409287E+02
 -0.413700E+02
 -0.417893E+02
 -0.421842E+02
 -0.425585E+02
 -0.429118E+02
 -0.432467E+02
 -0.435622E+02
 -0.438631E+02
 -0.441505E+02
 -0.444259E+02
 -0.446870E+02
 -0.449374E+02
 -0.451795E+02
 -0.454154E+02
 -0.456420E+02
 -0.458629E+02
 -0.460755E+02
 -0.462852E+02
 -0.464917E+02
 -0.466947E+02
 -0.468942E+02
 -0.470956E+02
 -0.472951E+02
 -0.474936E+02
 -0.476918E+02
 -0.478937E+02
 -0.480946E+02
 -0.482960E+02
 -0.485002E+02
 -0.487064E+02
 -0.489107E+02
 -0.491186E+02
 -0.493271E+02
 -0.495384E+02
 -0.497498E+02
 -0.499627E+02
 -0.501758E+02
 -0.503923E+02
 -0.506097E+02
 -0.508292E+02
 -0.510514E+02
 -0.512794E+02
 -0.515103E+02
 -0.517471E+02
 -0.519882E+02
 -0.522375E+02
 -0.524914E+02
 -0.527508E+02
 -0.530144E+02
 -0.532869E+02
 -0.535656E+02
 -0.538523E+02
 -0.541451E+02
 -0.544464E+02
 -0.547510E+02
 -0.550617E+02
 -0.553759E+02
 -0.556954E+02
 -0.560151E+02
 -0.563350E+02
 -0.566530E+02
 -0.569717E+02
 -0.572864E+02
 -0.575978E+02
 -0.579046E+02
 -0.582093E+02
 -0.585069E+02
 -0.588001E+02
 -0.590894E+02
 -0.593754E+02
 -0.596518E+02
 -0.599225E+02
 -0.601850E+02
 -0.604421E+02
 -0.606897E+02
 -0.609320E+02
 -0.611668E+02
 -0.613946E+02
 -0.616133E+02
 -0.618236E+02
 -0.620246E+02
 -0.622222E+02
 -0.624093E+02
 -0.625885E+02
 -0.627587E+02
 -0.629244E+02
 -0.630807E+02
 -0.632283E+02
 -0.633649E+02
 -0.634932E+02
 -0.636097E+02
 -0.637168E+02
 -0.638108E+02
 -0.638960E+02
 -0.639665E+02
 -0.640237E+02
 -0.640675E+02
 -0.640984E+02
 -0.641099E+02
 -0.641049E+02
 -0.640813E+02
 -0.640422E+02
 -0.639814E+02
 -0.639005E+02
 -0.637993E+02
 -0.636804E+02
 -0.635386E+02
 -0.633766E+02
 -0.631928E+02
 -0.629898E+02
 -0.627619E+02
 -0.625119E+02
 -0.622393E+02
 -0.619481E+02
 -0.616320E+02
 -0.612950E+02
 -0.609377E+02
 -0.605625E+02
 -0.601656E+02
 -0.597518E+02
 -0.593207E+02
 -0.588770E+02
 -0.584164E+02
 -0.579405E+02
 -0.574486E+02
 -0.569430E+02
 -0.564200E+02
 -0.558829E+02
 -0.553301E+02
 -0.547638E+02
 -0.541801E+02
 -0.535839E+02
 -0.529754E+02
 -0.523567E+02
 -0.517256E+02
 -0.510861E+02
 -0.504386E+02
 -0.497852E+02
 -0.491246E+02
 -0.484605E+02
 -0.477907E+02
 -0.471177E+02
 -0.464410E+02
 -0.457631E+02
 -0.450826E+02
 -0.444018E+02
 -0.437184E+02
 -0.430354E+02
 -0.423528E+02
 -0.416724E+02
 -0.409919E+02
 -0.403137E+02
 -0.396363E+02
 -0.389628E+02
 -0.382943E+02
 -0.376302E+02
 -0.369691E+02
 -0.363149E+02
 -0.356675E+02
 -0.350290E+02
 -0.343968E+02
 -0.337727E+02
 -0.331580E+02
 -0.325550E+02
 -0.319639E+02
 -0.313875E+02
 -0.308246E+02
 -0.302759E+02
 -0.297405E+02
 -0.292194E+02
 -0.287139E+02
 -0.282243E+02
 -0.277495E+02
 -0.272894E+02
 -0.268425E+02
 -0.264093E+02
 -0.259874E+02
 -0.255758E+02
 -0.251752E+02
 -0.247864E+02
 -0.244069E+02
 -0.240367E+02
 -0.236760E+02
 -0.233259E+02
 -0.229872E+02
 -0.226608E+02
 -0.223451E+02
 -0.220413E+02
 -0.217503E+02
 -0.214714E+02
 -0.212053E+02
 -0.209528E+02
 -0.207123E+02
 -0.204844E+02
 -0.202692E+02
 -0.200667E+02
 -0.198751E+02
 -0.196945E+02
 -0.195237E+02
 -0.193592E+02
 -0.192006E+02
 -0.190460E+02
 -0.188922E+02
 -0.187384E+02
 -0.185828E+02
 -0.184242E+02
 -0.182595E+02
 -0.180886E+02
 -0.179127E+02
 -0.177304E+02
 -0.175400E+02
 -0.173425E+02
 -0.171410E+02
 -0.169372E+02
 -0.167297E+02
 -0.165181E+02
 -0.163061E+02
 -0.160945E+02
 -0.158826E+02
 -0.156719E+02
 -0.154626E+02
 -0.152535E+02
 -0.150444E+02
 -0.148379E+02
 -0.146315E+02
 -0.144240E+02
 -0.142196E+02
 -0.140158E+02
 -0.138091E+02
 -0.136024E+02
 -0.133950E+02
 -0.131851E+02
 -0.129735E+02
 -0.127556E+02
 -0.125306E+02
 -0.122995E+02
 -0.120583E+02
 -0.118068E+02
 -0.115484E+02
 -0.112770E+02
 -0.109916E+02
 -0.106945E+02
 -0.103831E+02
 -0.100610E+02
 -0.972821E+01
 -0.938224E+01
 -0.902545E+01
 -0.865636E+01
 -0.827730E+01
 -0.788785E+01
 -0.748738E+01
 -0.707726E+01
 -0.665970E+01
 -0.623425E+01
 -0.580089E+01
 -0.536115E+01
 -0.491540E+01
 -0.446249E+01
 -0.400622E+01
 -0.354676E+01
 -0.308375E+01
 -0.261780E+01
 -0.215157E+01
 -0.168312E+01
 -0.121561E+01
 -0.750267E+00
 -0.286561E+00
  0.173772E+00
  0.629409E+00
  0.108180E+01
  0.152736E+01
  0.196918E+01
  0.240677E+01
  0.283980E+01
  0.326738E+01
  0.368869E+01
  0.410260E+01
  0.451238E+01
  0.491498E+01
  0.531221E+01
  0.570258E+01
  0.608627E+01
  0.646405E+01
  0.683472E+01
  0.719681E+01
  0.755459E+01
  0.790334E+01
  0.824653E+01
  0.858381E+01
  0.891319E+01
  0.923602E+01
  0.955385E+01
  0.986630E+01
  0.101760E+02
  0.104761E+02
  0.107725E+02
  0.110675E+02
  0.113588E+02
  0.116467E+02
  0.119329E+02
  0.122151E+02
  0.124982E+02
  0.127783E+02
  0.130568E+02
  0.133380E+02
  0.136229E+02
  0.139061E+02
  0.141925E+02
  0.144808E+02
  0.147733E+02
  0.150688E+02
  0.153674E+02
  0.156692E+02
  0.159804E+02
  0.162966E+02
  0.166180E+02
  0.169446E+02
  0.172776E+02
  0.176126E+02
  0.179516E+02
  0.182922E+02
  0.186366E+02
  0.189813E+02
  0.193261E+02
  0.196704E+02
  0.200177E+02
  0.203639E+02
  0.207100E+02
  0.210534E+02
  0.213980E+02
  0.217409E+02
  0.220824E+02
  0.224213E+02
  0.227587E+02
  0.230923E+02
  0.234255E+02
  0.237542E+02
  0.240814E+02
  0.244037E+02
  0.247227E+02
  0.250369E+02
  0.253475E+02
  0.256499E+02
  0.259466E+02
  0.262358E+02
  0.265199E+02
  0.267933E+02
  0.270579E+02
  0.273124E+02
  0.275589E+02
  0.277940E+02
  0.280190E+02
  0.282321E+02
  0.284360E+02
  0.286257E+02
  0.288044E+02
  0.289716E+02
  0.291300E+02
  0.292754E+02
  0.294095E+02
  0.295308E+02
  0.296428E+02
  0.297402E+02
  0.298274E+02
  0.299039E+02
  0.299703E+02
  0.300235E+02
  0.300675E+02
  0.301001E+02
  0.301224E+02
  0.301304E+02
  0.301291E+02
  0.301175E+02
  0.300988E+02
  0.300673E+02
  0.300264E+02
  0.299764E+02
  0.299186E+02
  0.298481E+02
  0.297693E+02
  0.296784E+02
  0.295788E+02
  0.294668E+02
  0.293413E+02
  0.292027E+02
  0.290528E+02
  0.288860E+02
  0.287057E+02
  0.285088E+02
  0.282953E+02
  0.280611E+02
  0.278088E+02
  0.275368E+02
  0.272489E+02
  0.269379E+02
  0.266088E+02
  0.262609E+02
  0.258955E+02
  0.255113E+02
  0.251094E+02
  0.246898E+02
  0.242570E+02
  0.238067E+02
  0.233426E+02
  0.228627E+02
  0.223673E+02
  0.218555E+02
  0.213312E+02
  0.207910E+02
  0.202394E+02
  0.196732E+02
  0.190903E+02
  0.184929E+02
  0.178838E+02
  0.172580E+02
  0.166212E+02
  0.159705E+02
  0.153076E+02
  0.146324E+02
  0.139459E+02
  0.132490E+02
  0.125458E+02
  0.118322E+02
  0.111105E+02
  0.103845E+02
  0.965747E+01
  0.892750E+01
  0.819613E+01
  0.746705E+01
  0.674245E+01
  0.601978E+01
  0.530726E+01
  0.460303E+01
  0.390637E+01
  0.321868E+01
  0.254290E+01
  0.187980E+01
  0.122961E+01
  0.590241E+00
 -0.361557E-01
 -0.649584E+00
 -0.125063E+01
 -0.184005E+01
 -0.241709E+01
 -0.298373E+01
 -0.353800E+01
 -0.408059E+01
 -0.461090E+01
 -0.513133E+01
 -0.564386E+01
 -0.614538E+01
 -0.663653E+01
 -0.711776E+01
 -0.758490E+01
 -0.804379E+01
 -0.849464E+01
 -0.893466E+01
 -0.936430E+01
 -0.978098E+01
 -0.101832E+02
 -0.105720E+02
 -0.109462E+02
 -0.113075E+02
 -0.116546E+02
 -0.119865E+02
 -0.123042E+02
 -0.126064E+02
 -0.128931E+02
 -0.131663E+02
 -0.134239E+02
 -0.136678E+02
 -0.139008E+02
 -0.141229E+02
 -0.143356E+02
 -0.145391E+02
 -0.147315E+02
 -0.149145E+02
 -0.150890E+02
 -0.152579E+02
 -0.154227E+02
 -0.155791E+02
 -0.157280E+02
 -0.158702E+02
 -0.160051E+02
 -0.161351E+02
 -0.162594E+02
 -0.163776E+02
 -0.164916E+02
 -0.166021E+02
 -0.167100E+02
 -0.168152E+02
 -0.169182E+02
 -0.170206E+02
 -0.171244E+02
 -0.172282E+02
 -0.173305E+02
 -0.174280E+02
 -0.175206E+02
 -0.176094E+02
 -0.176929E+02
 -0.177708E+02
 -0.178407E+02
 -0.179003E+02
 -0.179505E+02
 -0.179883E+02
 -0.180152E+02
 -0.180340E+02
 -0.180439E+02
 -0.180438E+02
 -0.180344E+02
 -0.180163E+02
 -0.179901E+02
 -0.179560E+02
 -0.179138E+02
 -0.178650E+02
 -0.178119E+02
 -0.177526E+02
 -0.176879E+02
 -0.176185E+02
 -0.175463E+02
 -0.174727E+02
 -0.173980E+02
 -0.173212E+02
 -0.172414E+02
 -0.171595E+02
 -0.170771E+02
 -0.169931E+02
 -0.169079E+02
 -0.168210E+02
 -0.167318E+02
 -0.166418E+02
 -0.165512E+02
 -0.164582E+02
 -0.163642E+02
 -0.162700E+02
 -0.161766E+02
 -0.160852E+02
 -0.159966E+02
 -0.159102E+02
 -0.158255E+02
 -0.157428E+02
 -0.156623E+02
 -0.155853E+02
 -0.155116E+02
 -0.154387E+02
 -0.153658E+02
 -0.152921E+02
 -0.152167E+02
 -0.151397E+02
 -0.150601E+02
 -0.149751E+02
 -0.148841E+02
 -0.147870E+02
 -0.146814E+02
 -0.145682E+02
 -0.144473E+02
 -0.143184E+02
 -0.141825E+02
 -0.140393E+02
 -0.138889E+02
 -0.137314E+02
 -0.135664E+02
 -0.133957E+02
 -0.132189E+02
 -0.130363E+02
 -0.128500E+02
 -0.126593E+02
 -0.124637E+02
 -0.122641E+02
 -0.120599E+02
 -0.118523E+02
 -0.116419E+02
 -0.114283E+02
 -0.112123E+02
 -0.109935E+02
 -0.107709E+02
 -0.105462E+02
 -0.103181E+02
 -0.100882E+02
 -0.985731E+01
 -0.962525E+01
 -0.939327E+01
 -0.916126E+01
 -0.892892E+01
 -0.869718E+01
 -0.846454E+01
 -0.823285E+01
 -0.800133E+01
 -0.777067E+01
 -0.754168E+01
 -0.731206E+01
 -0.708233E+01
 -0.685232E+01
 -0.662098E+01
 -0.639080E+01
 -0.615974E+01
 -0.592921E+01
 -0.569751E+01
 -0.546518E+01
 -0.523465E+01
 -0.500577E+01
 -0.477908E+01
 -0.455617E+01
 -0.433588E+01
 -0.411925E+01
 -0.390622E+01
 -0.369746E+01
 -0.349306E+01
 -0.329356E+01
 -0.309749E+01
 -0.290792E+01
 -0.272421E+01
 -0.254712E+01
 -0.237833E+01
 -0.222058E+01
 -0.207356E+01
 -0.193676E+01
 -0.180974E+01
 -0.169421E+01
 -0.158881E+01
 -0.149643E+01
 -0.141555E+01
 -0.134458E+01
 -0.128376E+01
 -0.123250E+01
 -0.118848E+01
 -0.115304E+01
 -0.112438E+01
 -0.110267E+01
 -0.108771E+01
 -0.108042E+01
 -0.107847E+01
 -0.108157E+01
 -0.108666E+01
 -0.109433E+01
 -0.110675E+01
 -0.112318E+01
 -0.114064E+01
 -0.116129E+01
 -0.118427E+01
 -0.121113E+01
 -0.124190E+01
 -0.127710E+01
 -0.131509E+01
 -0.135618E+01
 -0.140116E+01
 -0.145010E+01
 -0.150097E+01
 -0.155405E+01
 -0.160648E+01
 -0.165962E+01
 -0.171217E+01
 -0.176268E+01
 -0.181092E+01
 -0.185741E+01
 -0.189950E+01
 -0.193805E+01
 -0.197215E+01
 -0.200294E+01
 -0.203038E+01
 -0.205444E+01
 -0.207476E+01
 -0.209362E+01
 -0.211128E+01
 -0.212823E+01
 -0.214231E+01
 -0.215387E+01
 -0.216284E+01
 -0.217049E+01
 -0.217611E+01
 -0.217936E+01
 -0.217892E+01
 -0.217636E+01
 -0.217034E+01
 -0.216165E+01
 -0.215154E+01
 -0.214017E+01
 -0.212749E+01
 -0.211539E+01
 -0.210319E+01
 -0.209356E+01
 -0.208236E+01
 -0.207107E+01
 -0.206229E+01
 -0.205402E+01
 -0.204684E+01
 -0.204391E+01
 -0.204539E+01
 -0.205018E+01
 -0.205611E+01
 -0.206575E+01
 -0.207522E+01
 -0.208837E+01
 -0.210498E+01
 -0.212033E+01
 -0.213758E+01
 -0.215694E+01
 -0.217561E+01
 -0.219716E+01
 -0.222165E+01
 -0.224946E+01
 -0.228034E+01
 -0.231353E+01
 -0.234693E+01
 -0.238371E+01
 -0.241807E+01
 -0.245185E+01
 -0.248810E+01
 -0.252215E+01
 -0.255513E+01
 -0.258979E+01
 -0.262474E+01
 -0.265995E+01
 -0.269352E+01
 -0.272647E+01
 -0.275904E+01
 -0.279247E+01
 -0.282518E+01
 -0.285766E+01
 -0.289039E+01
 -0.292332E+01
 -0.295493E+01
 -0.298674E+01
 -0.301890E+01
 -0.305047E+01
 -0.308110E+01
 -0.311134E+01
 -0.313803E+01
 -0.316272E+01
 -0.318228E+01
 -0.319560E+01
 -0.320620E+01
 -0.321248E+01
 -0.321267E+01
 -0.320826E+01
 -0.319900E+01
 -0.318599E+01
 -0.316842E+01
 -0.314792E+01
 -0.312406E+01
 -0.309761E+01
 -0.306794E+01
 -0.303543E+01
 -0.300204E+01
 -0.296793E+01
 -0.293188E+01
 -0.289553E+01
 -0.285947E+01
 -0.282394E+01
 -0.278850E+01
 -0.275432E+01
 -0.272128E+01
 -0.269037E+01
 -0.266121E+01
 -0.263403E+01
 -0.260897E+01
 -0.258606E+01
 -0.256468E+01
 -0.254546E+01
 -0.252757E+01
 -0.251097E+01
 -0.249495E+01
 -0.247997E+01
 -0.246500E+01
 -0.244902E+01
 -0.243164E+01
 -0.241304E+01
 -0.239299E+01
 -0.237160E+01
 -0.234756E+01
 -0.232147E+01
 -0.229324E+01
 -0.226271E+01
 -0.222960E+01
 -0.219429E+01
 -0.215674E+01
 -0.211742E+01
 -0.207621E+01
 -0.203374E+01
 -0.198985E+01
 -0.194456E+01
 -0.189784E+01
 -0.185029E+01
 -0.180185E+01
 -0.175287E+01
 -0.170299E+01
 -0.165276E+01
 -0.160225E+01
 -0.155158E+01
 -0.150077E+01
 -0.145026E+01
 -0.139987E+01
 -0.134981E+01
 -0.130000E+01
 -0.125090E+01
 -0.120243E+01
 -0.115476E+01
 -0.110789E+01
 -0.106214E+01
 -0.101740E+01
 -0.973972E+00
 -0.931724E+00
 -0.890985E+00
 -0.851579E+00
 -0.813544E+00
 -0.776767E+00
 -0.741426E+00
 -0.707398E+00
 -0.674770E+00
 -0.643348E+00
 -0.613327E+00
 -0.584550E+00
 -0.556996E+00
 -0.530542E+00
 -0.505295E+00
 -0.481056E+00
 -0.457887E+00
 -0.435597E+00
 -0.414301E+00
 -0.393859E+00
 -0.374261E+00
 -0.355422E+00
 -0.337414E+00
 -0.320086E+00
 -0.303448E+00
 -0.287380E+00
 -0.271970E+00
 -0.257127E+00
 -0.242809E+00
 -0.228932E+00
 -0.215579E+00
 -0.202670E+00
 -0.190218E+00
 -0.178159E+00
 -0.166559E+00
 -0.155368E+00
 -0.144594E+00
 -0.134200E+00
 -0.124241E+00
 -0.114661E+00
 -0.105482E+00
 -0.966826E-01
 -0.882959E-01
 -0.802962E-01
 -0.726905E-01
 -0.654593E-01
 -0.586287E-01
 -0.521810E-01
 -0.461212E-01
 -0.404342E-01
 -0.351396E-01
 -0.302236E-01
 -0.256887E-01
 -0.215263E-01
 -0.177440E-01
 -0.143333E-01
 -0.112944E-01
 -0.862164E-02
 -0.631657E-02
 -0.437374E-02
 -0.279106E-02
 -0.156509E-02
 -0.693489E-03
 -0.172826E-03
  0.000000E+00
