    10.00   0.0500     7800   -22.10   166.31     154.07      3081      0.449346
  0.000000E+00
  0.411524E-04
  0.175230E-03
  0.417054E-03
  0.780432E-03
  0.127358E-02
  0.190164E-02
  0.267227E-02
  0.358677E-02
  0.463846E-02
  0.583003E-02
  0.715879E-02
  0.862190E-02
  0.102236E-01
  0.119568E-01
  0.138034E-01
  0.157705E-01
  0.178461E-01
  0.199736E-01
  0.221307E-01
  0.243279E-01
  0.264911E-01
  0.285693E-01
  0.306048E-01
  0.325694E-01
  0.343359E-01
  0.359313E-01
  0.373696E-01
  0.385063E-01
  0.393342E-01
  0.399492E-01
  0.402635E-01
  0.402785E-01
  0.400299E-01
  0.393951E-01
  0.384100E-01
  0.373217E-01
  0.359541E-01
  0.341008E-01
  0.319375E-01
  0.293714E-01
  0.261044E-01
  0.223153E-01
  0.181066E-01
  0.133098E-01
  0.799108E-02
  0.221132E-02
 -0.413419E-02
 -0.109131E-01
 -0.181467E-01
 -0.259188E-01
 -0.340688E-01
 -0.425429E-01
 -0.514772E-01
 -0.607830E-01
 -0.704224E-01
 -0.804342E-01
 -0.906640E-01
 -0.101042E+00
 -0.111473E+00
 -0.121831E+00
 -0.132257E+00
 -0.142527E+00
 -0.152584E+00
 -0.162458E+00
 -0.171808E+00
 -0.180703E+00
 -0.189236E+00
 -0.197038E+00
 -0.204332E+00
 -0.211422E+00
 -0.217715E+00
 -0.223311E+00
 -0.228748E+00
 -0.233354E+00
 -0.237125E+00
 -0.240778E+00
 -0.244033E+00
 -0.246584E+00
 -0.248745E+00
 -0.250291E+00
 -0.250850E+00
 -0.250498E+00
 -0.249395E+00
 -0.247866E+00
 -0.245896E+00
 -0.243050E+00
 -0.239444E+00
 -0.234665E+00
 -0.228315E+00
 -0.221345E+00
 -0.214193E+00
 -0.206001E+00
 -0.197044E+00
 -0.187828E+00
 -0.177954E+00
 -0.167684E+00
 -0.157677E+00
 -0.148120E+00
 -0.139301E+00
 -0.131081E+00
 -0.122931E+00
 -0.114546E+00
 -0.106155E+00
 -0.982400E-01
 -0.909528E-01
 -0.845497E-01
 -0.798783E-01
 -0.761474E-01
 -0.720534E-01
 -0.682042E-01
 -0.658848E-01
 -0.645482E-01
 -0.639194E-01
 -0.646032E-01
 -0.660816E-01
 -0.677162E-01
 -0.696888E-01
 -0.716964E-01
 -0.741759E-01
 -0.780425E-01
 -0.825648E-01
 -0.869886E-01
 -0.919864E-01
 -0.965002E-01
 -0.995823E-01
 -0.102741E+00
 -0.107207E+00
 -0.111858E+00
 -0.116339E+00
 -0.122351E+00
 -0.129354E+00
 -0.134587E+00
 -0.138768E+00
 -0.143676E+00
 -0.147832E+00
 -0.150025E+00
 -0.152009E+00
 -0.153006E+00
 -0.151597E+00
 -0.150212E+00
 -0.149533E+00
 -0.147406E+00
 -0.145114E+00
 -0.143709E+00
 -0.140066E+00
 -0.133541E+00
 -0.127144E+00
 -0.119835E+00
 -0.109998E+00
 -0.100253E+00
 -0.909999E-01
 -0.787255E-01
 -0.644127E-01
 -0.519851E-01
 -0.404833E-01
 -0.278845E-01
 -0.174972E-01
 -0.991748E-02
 -0.121492E-02
  0.743313E-02
  0.127845E-01
  0.179321E-01
  0.239599E-01
  0.267940E-01
  0.269603E-01
  0.271520E-01
  0.254892E-01
  0.225647E-01
  0.208528E-01
  0.183225E-01
  0.137216E-01
  0.107512E-01
  0.951167E-02
  0.732430E-02
  0.724109E-02
  0.114400E-01
  0.152616E-01
  0.184864E-01
  0.257235E-01
  0.362960E-01
  0.466099E-01
  0.583699E-01
  0.726630E-01
  0.866928E-01
  0.101613E+00
  0.120119E+00
  0.139976E+00
  0.161293E+00
  0.185873E+00
  0.210813E+00
  0.234459E+00
  0.260551E+00
  0.288703E+00
  0.315057E+00
  0.342174E+00
  0.372724E+00
  0.400978E+00
  0.425408E+00
  0.451082E+00
  0.475101E+00
  0.491660E+00
  0.505221E+00
  0.516675E+00
  0.519623E+00
  0.515820E+00
  0.510383E+00
  0.499841E+00
  0.484001E+00
  0.468057E+00
  0.449539E+00
  0.425631E+00
  0.401096E+00
  0.374319E+00
  0.340653E+00
  0.303735E+00
  0.264362E+00
  0.216498E+00
  0.161258E+00
  0.102138E+00
  0.346037E-01
 -0.446442E-01
 -0.131051E+00
 -0.224519E+00
 -0.329765E+00
 -0.445415E+00
 -0.568943E+00
 -0.703903E+00
 -0.851056E+00
 -0.100594E+01
 -0.116943E+01
 -0.134410E+01
 -0.152630E+01
 -0.171468E+01
 -0.191149E+01
 -0.211209E+01
 -0.231136E+01
 -0.251175E+01
 -0.271194E+01
 -0.290622E+01
 -0.309853E+01
 -0.329307E+01
 -0.348697E+01
 -0.368211E+01
 -0.388389E+01
 -0.408901E+01
 -0.429392E+01
 -0.450179E+01
 -0.471278E+01
 -0.492234E+01
 -0.513298E+01
 -0.534686E+01
 -0.555955E+01
 -0.576897E+01
 -0.597795E+01
 -0.618223E+01
 -0.637942E+01
 -0.657414E+01
 -0.676689E+01
 -0.695426E+01
 -0.713944E+01
 -0.732156E+01
 -0.749595E+01
 -0.766481E+01
 -0.783288E+01
 -0.799703E+01
 -0.815699E+01
 -0.831612E+01
 -0.847389E+01
 -0.862704E+01
 -0.877987E+01
 -0.893439E+01
 -0.908913E+01
 -0.924546E+01
 -0.940929E+01
 -0.958066E+01
 -0.975824E+01
 -0.994369E+01
 -0.101362E+02
 -0.103284E+02
 -0.105188E+02
 -0.107073E+02
 -0.108922E+02
 -0.110735E+02
 -0.112570E+02
 -0.114444E+02
 -0.116363E+02
 -0.118346E+02
 -0.120396E+02
 -0.122462E+02
 -0.124538E+02
 -0.126621E+02
 -0.128703E+02
 -0.130804E+02
 -0.132974E+02
 -0.135204E+02
 -0.137500E+02
 -0.139881E+02
 -0.142338E+02
 -0.144825E+02
 -0.147380E+02
 -0.150008E+02
 -0.152690E+02
 -0.155469E+02
 -0.158430E+02
 -0.161576E+02
 -0.164971E+02
 -0.168708E+02
 -0.172800E+02
 -0.177202E+02
 -0.181931E+02
 -0.186910E+02
 -0.192040E+02
 -0.197280E+02
 -0.202630E+02
 -0.208007E+02
 -0.213407E+02
 -0.218839E+02
 -0.224281E+02
 -0.229694E+02
 -0.235154E+02
 -0.240678E+02
 -0.246237E+02
 -0.251833E+02
 -0.257540E+02
 -0.263310E+02
 -0.269133E+02
 -0.275094E+02
 -0.281259E+02
 -0.287591E+02
 -0.294192E+02
 -0.301131E+02
 -0.308395E+02
 -0.315945E+02
 -0.323812E+02
 -0.331898E+02
 -0.340147E+02
 -0.348545E+02
 -0.357088E+02
 -0.365716E+02
 -0.374462E+02
 -0.383239E+02
 -0.391906E+02
 -0.400357E+02
 -0.408622E+02
 -0.416622E+02
 -0.424380E+02
 -0.431966E+02
 -0.439402E+02
 -0.446524E+02
 -0.453275E+02
 -0.459594E+02
 -0.465411E+02
 -0.470628E+02
 -0.475297E+02
 -0.479377E+02
 -0.482856E+02
 -0.485708E+02
 -0.487958E+02
 -0.489555E+02
 -0.490603E+02
 -0.491151E+02
 -0.491285E+02
 -0.491110E+02
 -0.490795E+02
 -0.490321E+02
 -0.489725E+02
 -0.489041E+02
 -0.488283E+02
 -0.487355E+02
 -0.486329E+02
 -0.485247E+02
 -0.484123E+02
 -0.482929E+02
 -0.481740E+02
 -0.480499E+02
 -0.479183E+02
 -0.477751E+02
 -0.476186E+02
 -0.474386E+02
 -0.472355E+02
 -0.470041E+02
 -0.467410E+02
 -0.464410E+02
 -0.461043E+02
 -0.457176E+02
 -0.452751E+02
 -0.447754E+02
 -0.442226E+02
 -0.436177E+02
 -0.429778E+02
 -0.423123E+02
 -0.416249E+02
 -0.409155E+02
 -0.401924E+02
 -0.394550E+02
 -0.387090E+02
 -0.379618E+02
 -0.372246E+02
 -0.365007E+02
 -0.357997E+02
 -0.351253E+02
 -0.344809E+02
 -0.338667E+02
 -0.332871E+02
 -0.327370E+02
 -0.322137E+02
 -0.317164E+02
 -0.312474E+02
 -0.308011E+02
 -0.303782E+02
 -0.299749E+02
 -0.295844E+02
 -0.292001E+02
 -0.288258E+02
 -0.284626E+02
 -0.281158E+02
 -0.277890E+02
 -0.274881E+02
 -0.272124E+02
 -0.269659E+02
 -0.267525E+02
 -0.265803E+02
 -0.264548E+02
 -0.263844E+02
 -0.263711E+02
 -0.264181E+02
 -0.265255E+02
 -0.266987E+02
 -0.269395E+02
 -0.272513E+02
 -0.276303E+02
 -0.280678E+02
 -0.285434E+02
 -0.290369E+02
 -0.295254E+02
 -0.299931E+02
 -0.304317E+02
 -0.308449E+02
 -0.312356E+02
 -0.316093E+02
 -0.319622E+02
 -0.322888E+02
 -0.325803E+02
 -0.328334E+02
 -0.330431E+02
 -0.332172E+02
 -0.333625E+02
 -0.334851E+02
 -0.335845E+02
 -0.336625E+02
 -0.337132E+02
 -0.337359E+02
 -0.337311E+02
 -0.337037E+02
 -0.336555E+02
 -0.335958E+02
 -0.335261E+02
 -0.334502E+02
 -0.333690E+02
 -0.332844E+02
 -0.331895E+02
 -0.330828E+02
 -0.329627E+02
 -0.328291E+02
 -0.326777E+02
 -0.325118E+02
 -0.323284E+02
 -0.321206E+02
 -0.318752E+02
 -0.315830E+02
 -0.312285E+02
 -0.308031E+02
 -0.303005E+02
 -0.297199E+02
 -0.290591E+02
 -0.283215E+02
 -0.275055E+02
 -0.266123E+02
 -0.256423E+02
 -0.245995E+02
 -0.234856E+02
 -0.223059E+02
 -0.210635E+02
 -0.197646E+02
 -0.184123E+02
 -0.170146E+02
 -0.155877E+02
 -0.141547E+02
 -0.127358E+02
 -0.113562E+02
 -0.100370E+02
 -0.878803E+01
 -0.761110E+01
 -0.650640E+01
 -0.547023E+01
 -0.450126E+01
 -0.360467E+01
 -0.278600E+01
 -0.204606E+01
 -0.138486E+01
 -0.798496E+00
 -0.275616E+00
  0.193395E+00
  0.614514E+00
  0.996927E+00
  0.135044E+01
  0.168085E+01
  0.199708E+01
  0.230910E+01
  0.262049E+01
  0.292831E+01
  0.322897E+01
  0.351382E+01
  0.377226E+01
  0.399517E+01
  0.417436E+01
  0.430025E+01
  0.436885E+01
  0.438259E+01
  0.434550E+01
  0.425991E+01
  0.413383E+01
  0.397414E+01
  0.378483E+01
  0.357533E+01
  0.336364E+01
  0.316524E+01
  0.299746E+01
  0.288339E+01
  0.284042E+01
  0.287425E+01
  0.299175E+01
  0.319577E+01
  0.348022E+01
  0.383809E+01
  0.426451E+01
  0.474750E+01
  0.527450E+01
  0.583335E+01
  0.640578E+01
  0.696880E+01
  0.750441E+01
  0.799199E+01
  0.840813E+01
  0.873430E+01
  0.896393E+01
  0.909632E+01
  0.914112E+01
  0.911303E+01
  0.902400E+01
  0.887993E+01
  0.869178E+01
  0.847057E+01
  0.823110E+01
  0.799524E+01
  0.778918E+01
  0.763333E+01
  0.754440E+01
  0.753319E+01
  0.760341E+01
  0.775100E+01
  0.797857E+01
  0.829386E+01
  0.870431E+01
  0.921823E+01
  0.984655E+01
  0.105900E+02
  0.114419E+02
  0.123925E+02
  0.134302E+02
  0.145365E+02
  0.156990E+02
  0.169038E+02
  0.181335E+02
  0.193734E+02
  0.206157E+02
  0.218390E+02
  0.230218E+02
  0.241476E+02
  0.252042E+02
  0.261751E+02
  0.270582E+02
  0.278539E+02
  0.285600E+02
  0.291714E+02
  0.296972E+02
  0.301458E+02
  0.305289E+02
  0.308596E+02
  0.311557E+02
  0.314245E+02
  0.316742E+02
  0.319059E+02
  0.321197E+02
  0.323146E+02
  0.324963E+02
  0.326581E+02
  0.327940E+02
  0.329007E+02
  0.329782E+02
  0.330144E+02
  0.330094E+02
  0.329672E+02
  0.328896E+02
  0.327732E+02
  0.326267E+02
  0.324516E+02
  0.322447E+02
  0.320007E+02
  0.317226E+02
  0.314068E+02
  0.310546E+02
  0.306696E+02
  0.302611E+02
  0.298341E+02
  0.293995E+02
  0.289569E+02
  0.285055E+02
  0.280449E+02
  0.275795E+02
  0.271031E+02
  0.266169E+02
  0.261275E+02
  0.256388E+02
  0.251492E+02
  0.246713E+02
  0.242126E+02
  0.237726E+02
  0.233463E+02
  0.229350E+02
  0.225318E+02
  0.221303E+02
  0.217294E+02
  0.213356E+02
  0.209504E+02
  0.205779E+02
  0.202203E+02
  0.198791E+02
  0.195513E+02
  0.192374E+02
  0.189366E+02
  0.186510E+02
  0.183812E+02
  0.181285E+02
  0.178862E+02
  0.176509E+02
  0.174202E+02
  0.171933E+02
  0.169692E+02
  0.167560E+02
  0.165601E+02
  0.163845E+02
  0.162238E+02
  0.160691E+02
  0.159042E+02
  0.157147E+02
  0.154883E+02
  0.152238E+02
  0.149223E+02
  0.145846E+02
  0.142123E+02
  0.138084E+02
  0.133666E+02
  0.128812E+02
  0.123484E+02
  0.117679E+02
  0.111421E+02
  0.104804E+02
  0.979192E+01
  0.908570E+01
  0.836931E+01
  0.765106E+01
  0.693898E+01
  0.624488E+01
  0.557948E+01
  0.495196E+01
  0.436796E+01
  0.383135E+01
  0.334038E+01
  0.289112E+01
  0.248249E+01
  0.211521E+01
  0.178709E+01
  0.149902E+01
  0.125384E+01
  0.104887E+01
  0.877905E+00
  0.739968E+00
  0.634753E+00
  0.558940E+00
  0.510838E+00
  0.488942E+00
  0.487007E+00
  0.497666E+00
  0.515038E+00
  0.534543E+00
  0.554677E+00
  0.579587E+00
  0.613866E+00
  0.660667E+00
  0.723467E+00
  0.801806E+00
  0.887573E+00
  0.972566E+00
  0.105091E+01
  0.111726E+01
  0.116623E+01
  0.119524E+01
  0.120208E+01
  0.118406E+01
  0.114207E+01
  0.108221E+01
  0.101400E+01
  0.948862E+00
  0.894186E+00
  0.854042E+00
  0.832129E+00
  0.830899E+00
  0.850540E+00
  0.894697E+00
  0.967816E+00
  0.107122E+01
  0.120693E+01
  0.137844E+01
  0.158502E+01
  0.182183E+01
  0.208163E+01
  0.235833E+01
  0.264639E+01
  0.294167E+01
  0.324084E+01
  0.353935E+01
  0.382870E+01
  0.409939E+01
  0.434270E+01
  0.455302E+01
  0.472810E+01
  0.487080E+01
  0.498366E+01
  0.507112E+01
  0.513696E+01
  0.518416E+01
  0.521602E+01
  0.523751E+01
  0.525291E+01
  0.526712E+01
  0.528414E+01
  0.530976E+01
  0.534824E+01
  0.540253E+01
  0.547439E+01
  0.556666E+01
  0.567857E+01
  0.580963E+01
  0.595969E+01
  0.612867E+01
  0.631576E+01
  0.652217E+01
  0.674703E+01
  0.698837E+01
  0.724429E+01
  0.751310E+01
  0.778984E+01
  0.807501E+01
  0.837053E+01
  0.867439E+01
  0.898141E+01
  0.928870E+01
  0.958738E+01
  0.986793E+01
  0.101257E+02
  0.103592E+02
  0.105630E+02
  0.107352E+02
  0.108739E+02
  0.109749E+02
  0.110332E+02
  0.110516E+02
  0.110347E+02
  0.109916E+02
  0.109332E+02
  0.108688E+02
  0.108017E+02
  0.107362E+02
  0.106731E+02
  0.106112E+02
  0.105506E+02
  0.104961E+02
  0.104474E+02
  0.104020E+02
  0.103572E+02
  0.103105E+02
  0.102571E+02
  0.101977E+02
  0.101339E+02
  0.100681E+02
  0.999976E+01
  0.992962E+01
  0.985521E+01
  0.977353E+01
  0.968062E+01
  0.957473E+01
  0.945216E+01
  0.930979E+01
  0.914253E+01
  0.894446E+01
  0.870700E+01
  0.842646E+01
  0.810199E+01
  0.773696E+01
  0.733954E+01
  0.692310E+01
  0.649670E+01
  0.606719E+01
  0.563787E+01
  0.520833E+01
  0.477594E+01
  0.434151E+01
  0.390812E+01
  0.348130E+01
  0.306619E+01
  0.266480E+01
  0.227623E+01
  0.190101E+01
  0.153805E+01
  0.118484E+01
  0.840396E+00
  0.504901E+00
  0.173669E+00
 -0.158100E+00
 -0.491015E+00
 -0.826255E+00
 -0.116650E+01
 -0.151123E+01
 -0.185835E+01
 -0.220818E+01
 -0.256082E+01
 -0.291359E+01
 -0.326511E+01
 -0.361613E+01
 -0.396255E+01
 -0.430254E+01
 -0.463966E+01
 -0.497436E+01
 -0.530292E+01
 -0.562483E+01
 -0.593793E+01
 -0.623284E+01
 -0.650288E+01
 -0.675061E+01
 -0.697447E+01
 -0.717394E+01
 -0.735558E+01
 -0.752533E+01
 -0.768386E+01
 -0.783789E+01
 -0.799565E+01
 -0.816223E+01
 -0.834383E+01
 -0.854862E+01
 -0.877811E+01
 -0.903069E+01
 -0.930431E+01
 -0.959500E+01
 -0.989357E+01
 -0.101965E+02
 -0.105017E+02
 -0.108038E+02
 -0.111006E+02
 -0.113964E+02
 -0.116874E+02
 -0.119680E+02
 -0.122369E+02
 -0.124907E+02
 -0.127184E+02
 -0.129166E+02
 -0.130827E+02
 -0.132113E+02
 -0.132999E+02
 -0.133530E+02
 -0.133720E+02
 -0.133596E+02
 -0.133201E+02
 -0.132574E+02
 -0.131713E+02
 -0.130669E+02
 -0.129493E+02
 -0.128231E+02
 -0.126935E+02
 -0.125657E+02
 -0.124345E+02
 -0.122910E+02
 -0.121299E+02
 -0.119436E+02
 -0.117191E+02
 -0.114547E+02
 -0.111517E+02
 -0.108056E+02
 -0.104136E+02
 -0.998393E+01
 -0.952081E+01
 -0.903020E+01
 -0.852613E+01
 -0.802165E+01
 -0.752243E+01
 -0.703640E+01
 -0.656793E+01
 -0.611424E+01
 -0.567305E+01
 -0.524454E+01
 -0.482315E+01
 -0.440652E+01
 -0.399888E+01
 -0.359988E+01
 -0.320589E+01
 -0.282265E+01
 -0.245623E+01
 -0.210530E+01
 -0.177453E+01
 -0.147504E+01
 -0.120887E+01
 -0.975399E+00
 -0.780743E+00
 -0.628338E+00
 -0.517744E+00
 -0.452650E+00
 -0.436436E+00
 -0.467385E+00
 -0.543984E+00
 -0.665728E+00
 -0.830811E+00
 -0.103757E+01
 -0.128396E+01
 -0.156167E+01
 -0.185886E+01
 -0.216622E+01
 -0.247725E+01
 -0.278838E+01
 -0.310100E+01
 -0.341967E+01
 -0.374392E+01
 -0.406821E+01
 -0.438591E+01
 -0.468904E+01
 -0.496559E+01
 -0.520770E+01
 -0.541638E+01
 -0.559533E+01
 -0.574713E+01
 -0.587767E+01
 -0.599260E+01
 -0.609543E+01
 -0.618791E+01
 -0.627435E+01
 -0.636073E+01
 -0.645092E+01
 -0.654428E+01
 -0.663875E+01
 -0.672788E+01
 -0.680188E+01
 -0.684906E+01
 -0.686277E+01
 -0.684177E+01
 -0.678870E+01
 -0.670945E+01
 -0.661587E+01
 -0.652066E+01
 -0.643124E+01
 -0.634914E+01
 -0.627585E+01
 -0.621137E+01
 -0.615528E+01
 -0.610832E+01
 -0.607633E+01
 -0.606386E+01
 -0.607224E+01
 -0.609928E+01
 -0.614166E+01
 -0.619613E+01
 -0.625802E+01
 -0.632106E+01
 -0.638411E+01
 -0.644544E+01
 -0.649915E+01
 -0.653872E+01
 -0.656106E+01
 -0.656212E+01
 -0.653918E+01
 -0.649329E+01
 -0.642718E+01
 -0.633985E+01
 -0.623019E+01
 -0.609688E+01
 -0.593824E+01
 -0.575388E+01
 -0.554646E+01
 -0.531783E+01
 -0.507359E+01
 -0.482286E+01
 -0.457022E+01
 -0.431630E+01
 -0.407006E+01
 -0.384031E+01
 -0.363111E+01
 -0.345417E+01
 -0.332460E+01
 -0.324698E+01
 -0.322209E+01
 -0.325206E+01
 -0.333123E+01
 -0.344636E+01
 -0.358808E+01
 -0.374820E+01
 -0.391682E+01
 -0.408665E+01
 -0.425288E+01
 -0.440735E+01
 -0.454176E+01
 -0.464869E+01
 -0.471897E+01
 -0.474286E+01
 -0.471628E+01
 -0.463816E+01
 -0.450689E+01
 -0.432600E+01
 -0.410308E+01
 -0.383989E+01
 -0.353799E+01
 -0.320319E+01
 -0.284011E+01
 -0.245064E+01
 -0.204225E+01
 -0.162674E+01
 -0.121035E+01
 -0.793925E+00
 -0.378017E+00
  0.404913E-01
  0.468272E+00
  0.909050E+00
  0.136232E+01
  0.182487E+01
  0.229294E+01
  0.276067E+01
  0.322160E+01
  0.367005E+01
  0.410473E+01
  0.452693E+01
  0.493965E+01
  0.534464E+01
  0.574467E+01
  0.614330E+01
  0.654556E+01
  0.695572E+01
  0.738160E+01
  0.783007E+01
  0.830313E+01
  0.879824E+01
  0.931401E+01
  0.984310E+01
  0.103748E+02
  0.108982E+02
  0.114076E+02
  0.118963E+02
  0.123591E+02
  0.127898E+02
  0.131841E+02
  0.135359E+02
  0.138404E+02
  0.140914E+02
  0.142875E+02
  0.144275E+02
  0.145129E+02
  0.145439E+02
  0.145267E+02
  0.144687E+02
  0.143791E+02
  0.142660E+02
  0.141425E+02
  0.140166E+02
  0.138929E+02
  0.137728E+02
  0.136597E+02
  0.135498E+02
  0.134388E+02
  0.133261E+02
  0.132123E+02
  0.130924E+02
  0.129651E+02
  0.128294E+02
  0.126815E+02
  0.125145E+02
  0.123241E+02
  0.121044E+02
  0.118538E+02
  0.115714E+02
  0.112579E+02
  0.109119E+02
  0.105344E+02
  0.101253E+02
  0.968739E+01
  0.922416E+01
  0.874125E+01
  0.824253E+01
  0.773179E+01
  0.721099E+01
  0.668223E+01
  0.614731E+01
  0.561180E+01
  0.508257E+01
  0.456694E+01
  0.406840E+01
  0.358832E+01
  0.312553E+01
  0.267614E+01
  0.223417E+01
  0.179783E+01
  0.136829E+01
  0.946994E+00
  0.536341E+00
  0.140423E+00
 -0.239519E+00
 -0.601564E+00
 -0.938937E+00
 -0.124494E+01
 -0.151490E+01
 -0.174282E+01
 -0.192278E+01
 -0.205377E+01
 -0.213757E+01
 -0.217666E+01
 -0.217794E+01
 -0.215108E+01
 -0.210219E+01
 -0.203571E+01
 -0.195855E+01
 -0.187506E+01
 -0.178500E+01
 -0.169361E+01
 -0.160814E+01
 -0.153112E+01
 -0.146836E+01
 -0.142989E+01
 -0.142036E+01
 -0.144148E+01
 -0.149754E+01
 -0.158850E+01
 -0.170987E+01
 -0.186141E+01
 -0.204298E+01
 -0.224937E+01
 -0.247562E+01
 -0.271977E+01
 -0.297687E+01
 -0.324250E+01
 -0.351736E+01
 -0.380076E+01
 -0.408715E+01
 -0.437285E+01
 -0.465453E+01
 -0.492682E+01
 -0.518993E+01
 -0.545211E+01
 -0.571773E+01
 -0.598960E+01
 -0.627404E+01
 -0.657491E+01
 -0.688990E+01
 -0.722044E+01
 -0.756765E+01
 -0.792839E+01
 -0.830074E+01
 -0.868671E+01
 -0.908235E+01
 -0.948260E+01
 -0.988520E+01
 -0.102878E+02
 -0.106852E+02
 -0.110773E+02
 -0.114650E+02
 -0.118462E+02
 -0.122165E+02
 -0.125765E+02
 -0.129246E+02
 -0.132573E+02
 -0.135731E+02
 -0.138747E+02
 -0.141595E+02
 -0.144260E+02
 -0.146745E+02
 -0.149047E+02
 -0.151111E+02
 -0.152933E+02
 -0.154498E+02
 -0.155779E+02
 -0.156743E+02
 -0.157401E+02
 -0.157702E+02
 -0.157598E+02
 -0.157083E+02
 -0.156197E+02
 -0.154945E+02
 -0.153402E+02
 -0.151645E+02
 -0.149700E+02
 -0.147561E+02
 -0.145264E+02
 -0.142811E+02
 -0.140211E+02
 -0.137488E+02
 -0.134684E+02
 -0.131796E+02
 -0.128847E+02
 -0.125873E+02
 -0.122925E+02
 -0.120061E+02
 -0.117380E+02
 -0.114931E+02
 -0.112713E+02
 -0.110694E+02
 -0.108848E+02
 -0.107074E+02
 -0.105280E+02
 -0.103418E+02
 -0.101468E+02
 -0.994015E+01
 -0.972349E+01
 -0.949764E+01
 -0.926044E+01
 -0.900789E+01
 -0.873686E+01
 -0.844250E+01
 -0.812315E+01
 -0.777939E+01
 -0.741398E+01
 -0.703132E+01
 -0.663695E+01
 -0.623396E+01
 -0.582443E+01
 -0.540848E+01
 -0.498920E+01
 -0.457147E+01
 -0.416101E+01
 -0.376333E+01
 -0.338189E+01
 -0.301650E+01
 -0.266489E+01
 -0.232534E+01
 -0.199763E+01
 -0.168148E+01
 -0.137738E+01
 -0.108646E+01
 -0.810752E+00
 -0.553065E+00
 -0.314789E+00
 -0.960053E-01
  0.103879E+00
  0.284166E+00
  0.444298E+00
  0.583253E+00
  0.698668E+00
  0.788517E+00
  0.852741E+00
  0.892747E+00
  0.908846E+00
  0.900859E+00
  0.871857E+00
  0.821346E+00
  0.746951E+00
  0.650127E+00
  0.534550E+00
  0.403507E+00
  0.261899E+00
  0.115072E+00
 -0.329156E-01
 -0.180429E+00
 -0.327197E+00
 -0.473312E+00
 -0.619595E+00
 -0.766471E+00
 -0.911507E+00
 -0.105277E+01
 -0.118887E+01
 -0.131709E+01
 -0.143702E+01
 -0.155248E+01
 -0.166495E+01
 -0.177289E+01
 -0.187772E+01
 -0.197950E+01
 -0.207521E+01
 -0.216520E+01
 -0.225255E+01
 -0.233720E+01
 -0.241850E+01
 -0.249973E+01
 -0.258300E+01
 -0.266590E+01
 -0.274900E+01
 -0.283396E+01
 -0.291734E+01
 -0.299684E+01
 -0.307527E+01
 -0.315181E+01
 -0.322398E+01
 -0.329330E+01
 -0.335857E+01
 -0.341631E+01
 -0.346965E+01
 -0.352184E+01
 -0.357281E+01
 -0.362508E+01
 -0.368050E+01
 -0.373628E+01
 -0.379262E+01
 -0.385169E+01
 -0.391435E+01
 -0.398225E+01
 -0.405910E+01
 -0.414696E+01
 -0.424814E+01
 -0.436390E+01
 -0.449140E+01
 -0.462608E+01
 -0.476402E+01
 -0.489898E+01
 -0.502425E+01
 -0.513514E+01
 -0.522973E+01
 -0.530452E+01
 -0.535453E+01
 -0.537483E+01
 -0.536103E+01
 -0.530635E+01
 -0.520542E+01
 -0.505723E+01
 -0.486399E+01
 -0.462719E+01
 -0.435026E+01
 -0.403818E+01
 -0.369570E+01
 -0.332619E+01
 -0.293343E+01
 -0.252189E+01
 -0.209610E+01
 -0.165814E+01
 -0.120884E+01
 -0.750092E+00
 -0.282661E+00
  0.193181E+00
  0.676751E+00
  0.116748E+01
  0.166476E+01
  0.216763E+01
  0.267753E+01
  0.319537E+01
  0.372036E+01
  0.425105E+01
  0.478733E+01
  0.532536E+01
  0.586014E+01
  0.638761E+01
  0.690728E+01
  0.741865E+01
  0.792231E+01
  0.841914E+01
  0.891071E+01
  0.939374E+01
  0.986494E+01
  0.103203E+02
  0.107578E+02
  0.111748E+02
  0.115716E+02
  0.119474E+02
  0.123028E+02
  0.126357E+02
  0.129444E+02
  0.132255E+02
  0.134765E+02
  0.136933E+02
  0.138750E+02
  0.140210E+02
  0.141330E+02
  0.142109E+02
  0.142574E+02
  0.142715E+02
  0.142551E+02
  0.142106E+02
  0.141428E+02
  0.140545E+02
  0.139534E+02
  0.138478E+02
  0.137445E+02
  0.136473E+02
  0.135639E+02
  0.134973E+02
  0.134460E+02
  0.134091E+02
  0.133898E+02
  0.133862E+02
  0.134010E+02
  0.134361E+02
  0.134910E+02
  0.135633E+02
  0.136543E+02
  0.137597E+02
  0.138763E+02
  0.140027E+02
  0.141368E+02
  0.142697E+02
  0.143972E+02
  0.145170E+02
  0.146258E+02
  0.147191E+02
  0.148000E+02
  0.148683E+02
  0.149209E+02
  0.149561E+02
  0.149779E+02
  0.149846E+02
  0.149813E+02
  0.149746E+02
  0.149670E+02
  0.149597E+02
  0.149577E+02
  0.149537E+02
  0.149401E+02
  0.149145E+02
  0.148731E+02
  0.148074E+02
  0.147216E+02
  0.146209E+02
  0.145099E+02
  0.143975E+02
  0.142960E+02
  0.142101E+02
  0.141448E+02
  0.141027E+02
  0.140830E+02
  0.140812E+02
  0.140951E+02
  0.141180E+02
  0.141450E+02
  0.141723E+02
  0.141991E+02
  0.142204E+02
  0.142316E+02
  0.142284E+02
  0.142077E+02
  0.141624E+02
  0.140899E+02
  0.139879E+02
  0.138531E+02
  0.136775E+02
  0.134567E+02
  0.131852E+02
  0.128564E+02
  0.124660E+02
  0.120144E+02
  0.115008E+02
  0.109316E+02
  0.103167E+02
  0.966446E+01
  0.898190E+01
  0.828293E+01
  0.757496E+01
  0.686106E+01
  0.614925E+01
  0.544501E+01
  0.474529E+01
  0.405471E+01
  0.338021E+01
  0.272306E+01
  0.208612E+01
  0.147532E+01
  0.889197E+00
  0.326132E+00
 -0.211340E+00
 -0.725212E+00
 -0.121906E+01
 -0.168954E+01
 -0.213170E+01
 -0.254424E+01
 -0.292241E+01
 -0.326011E+01
 -0.355788E+01
 -0.381884E+01
 -0.404228E+01
 -0.423020E+01
 -0.438956E+01
 -0.452584E+01
 -0.464222E+01
 -0.474614E+01
 -0.484465E+01
 -0.494091E+01
 -0.503784E+01
 -0.513952E+01
 -0.524509E+01
 -0.535389E+01
 -0.546721E+01
 -0.558309E+01
 -0.569745E+01
 -0.581110E+01
 -0.592248E+01
 -0.602797E+01
 -0.612767E+01
 -0.622551E+01
 -0.632326E+01
 -0.642410E+01
 -0.653255E+01
 -0.665100E+01
 -0.677781E+01
 -0.691371E+01
 -0.705919E+01
 -0.721263E+01
 -0.737124E+01
 -0.753397E+01
 -0.769613E+01
 -0.785288E+01
 -0.800184E+01
 -0.814161E+01
 -0.826985E+01
 -0.838907E+01
 -0.850280E+01
 -0.861403E+01
 -0.872534E+01
 -0.884066E+01
 -0.896265E+01
 -0.909716E+01
 -0.924840E+01
 -0.941895E+01
 -0.960995E+01
 -0.982302E+01
 -0.100561E+02
 -0.103061E+02
 -0.105691E+02
 -0.108417E+02
 -0.111171E+02
 -0.113903E+02
 -0.116586E+02
 -0.119205E+02
 -0.121696E+02
 -0.124045E+02
 -0.126246E+02
 -0.128277E+02
 -0.130105E+02
 -0.131719E+02
 -0.133086E+02
 -0.134207E+02
 -0.135054E+02
 -0.135597E+02
 -0.135830E+02
 -0.135783E+02
 -0.135434E+02
 -0.134793E+02
 -0.133890E+02
 -0.132751E+02
 -0.131374E+02
 -0.129803E+02
 -0.128085E+02
 -0.126253E+02
 -0.124334E+02
 -0.122391E+02
 -0.120465E+02
 -0.118585E+02
 -0.116764E+02
 -0.115037E+02
 -0.113391E+02
 -0.111828E+02
 -0.110335E+02
 -0.108889E+02
 -0.107471E+02
 -0.106095E+02
 -0.104738E+02
 -0.103404E+02
 -0.102141E+02
 -0.100989E+02
 -0.999337E+01
 -0.990262E+01
 -0.983099E+01
 -0.977585E+01
 -0.973414E+01
 -0.970772E+01
 -0.969256E+01
 -0.968289E+01
 -0.967715E+01
 -0.967379E+01
 -0.966799E+01
 -0.966082E+01
 -0.965231E+01
 -0.964241E+01
 -0.963333E+01
 -0.962840E+01
 -0.962716E+01
 -0.963194E+01
 -0.964483E+01
 -0.966503E+01
 -0.968950E+01
 -0.971754E+01
 -0.974633E+01
 -0.977134E+01
 -0.978836E+01
 -0.979781E+01
 -0.979945E+01
 -0.979436E+01
 -0.978575E+01
 -0.977914E+01
 -0.977624E+01
 -0.978163E+01
 -0.980252E+01
 -0.984437E+01
 -0.990897E+01
 -0.999966E+01
 -0.101160E+02
 -0.102568E+02
 -0.104224E+02
 -0.106150E+02
 -0.108346E+02
 -0.110837E+02
 -0.113638E+02
 -0.116748E+02
 -0.120123E+02
 -0.123739E+02
 -0.127536E+02
 -0.131435E+02
 -0.135382E+02
 -0.139378E+02
 -0.143394E+02
 -0.147407E+02
 -0.151387E+02
 -0.155313E+02
 -0.159129E+02
 -0.162814E+02
 -0.166363E+02
 -0.169780E+02
 -0.173056E+02
 -0.176213E+02
 -0.179203E+02
 -0.181969E+02
 -0.184454E+02
 -0.186617E+02
 -0.188381E+02
 -0.189726E+02
 -0.190648E+02
 -0.191157E+02
 -0.191256E+02
 -0.190957E+02
 -0.190230E+02
 -0.189067E+02
 -0.187447E+02
 -0.185389E+02
 -0.182917E+02
 -0.180085E+02
 -0.176933E+02
 -0.173533E+02
 -0.169942E+02
 -0.166242E+02
 -0.162470E+02
 -0.158694E+02
 -0.154984E+02
 -0.151401E+02
 -0.147964E+02
 -0.144683E+02
 -0.141515E+02
 -0.138423E+02
 -0.135347E+02
 -0.132240E+02
 -0.129051E+02
 -0.125766E+02
 -0.122359E+02
 -0.118815E+02
 -0.115128E+02
 -0.111306E+02
 -0.107329E+02
 -0.103203E+02
 -0.989515E+01
 -0.946046E+01
 -0.901757E+01
 -0.857051E+01
 -0.812407E+01
 -0.768183E+01
 -0.724377E+01
 -0.681094E+01
 -0.638384E+01
 -0.596374E+01
 -0.555166E+01
 -0.514825E+01
 -0.475649E+01
 -0.438189E+01
 -0.402602E+01
 -0.369043E+01
 -0.337839E+01
 -0.308886E+01
 -0.281712E+01
 -0.256115E+01
 -0.231754E+01
 -0.207933E+01
 -0.184126E+01
 -0.159868E+01
 -0.134611E+01
 -0.108169E+01
 -0.804957E+00
 -0.515077E+00
 -0.213180E+00
  0.100747E+00
  0.430366E+00
  0.779551E+00
  0.114936E+01
  0.154374E+01
  0.196665E+01
  0.241838E+01
  0.289706E+01
  0.340160E+01
  0.393002E+01
  0.447862E+01
  0.504239E+01
  0.561787E+01
  0.619778E+01
  0.677470E+01
  0.734294E+01
  0.789891E+01
  0.843714E+01
  0.895451E+01
  0.944678E+01
  0.991019E+01
  0.103396E+02
  0.107304E+02
  0.110787E+02
  0.113867E+02
  0.116552E+02
  0.118867E+02
  0.120863E+02
  0.122612E+02
  0.124144E+02
  0.125499E+02
  0.126725E+02
  0.127898E+02
  0.129032E+02
  0.130153E+02
  0.131290E+02
  0.132447E+02
  0.133568E+02
  0.134616E+02
  0.135539E+02
  0.136305E+02
  0.136906E+02
  0.137354E+02
  0.137622E+02
  0.137736E+02
  0.137681E+02
  0.137414E+02
  0.136914E+02
  0.136210E+02
  0.135274E+02
  0.134093E+02
  0.132690E+02
  0.131090E+02
  0.129250E+02
  0.127187E+02
  0.124940E+02
  0.122540E+02
  0.119997E+02
  0.117369E+02
  0.114671E+02
  0.111901E+02
  0.109085E+02
  0.106230E+02
  0.103296E+02
  0.100314E+02
  0.972876E+01
  0.941857E+01
  0.910044E+01
  0.877707E+01
  0.844217E+01
  0.809169E+01
  0.772660E+01
  0.734432E+01
  0.693910E+01
  0.651334E+01
  0.606833E+01
  0.560089E+01
  0.510973E+01
  0.459782E+01
  0.406409E+01
  0.350764E+01
  0.293007E+01
  0.233384E+01
  0.171960E+01
  0.108997E+01
  0.447280E+00
 -0.209221E+00
 -0.879371E+00
 -0.156013E+01
 -0.224842E+01
 -0.293967E+01
 -0.362689E+01
 -0.430564E+01
 -0.497430E+01
 -0.562976E+01
 -0.626693E+01
 -0.688273E+01
 -0.747221E+01
 -0.802926E+01
 -0.854964E+01
 -0.903325E+01
 -0.947743E+01
 -0.987913E+01
 -0.102376E+02
 -0.105531E+02
 -0.108214E+02
 -0.110405E+02
 -0.112097E+02
 -0.113295E+02
 -0.114014E+02
 -0.114307E+02
 -0.114196E+02
 -0.113711E+02
 -0.112875E+02
 -0.111684E+02
 -0.110116E+02
 -0.108209E+02
 -0.105986E+02
 -0.103446E+02
 -0.100616E+02
 -0.975662E+01
 -0.942956E+01
 -0.907961E+01
 -0.871144E+01
 -0.832885E+01
 -0.793104E+01
 -0.752204E+01
 -0.710678E+01
 -0.668820E+01
 -0.626828E+01
 -0.585086E+01
 -0.543787E+01
 -0.503190E+01
 -0.463407E+01
 -0.424451E+01
 -0.386649E+01
 -0.350492E+01
 -0.316046E+01
 -0.283274E+01
 -0.252245E+01
 -0.222965E+01
 -0.195348E+01
 -0.169182E+01
 -0.144179E+01
 -0.120136E+01
 -0.966787E+00
 -0.732813E+00
 -0.496574E+00
 -0.256862E+00
 -0.119126E-01
  0.238599E+00
  0.491124E+00
  0.742211E+00
  0.990075E+00
  0.123312E+01
  0.146916E+01
  0.169811E+01
  0.192052E+01
  0.213695E+01
  0.234591E+01
  0.254448E+01
  0.273119E+01
  0.290707E+01
  0.307019E+01
  0.321921E+01
  0.335552E+01
  0.347949E+01
  0.358833E+01
  0.368083E+01
  0.375523E+01
  0.380978E+01
  0.384213E+01
  0.385041E+01
  0.383126E+01
  0.378404E+01
  0.370852E+01
  0.360422E+01
  0.347318E+01
  0.331897E+01
  0.314156E+01
  0.294282E+01
  0.272829E+01
  0.250270E+01
  0.226894E+01
  0.203370E+01
  0.180167E+01
  0.157543E+01
  0.135840E+01
  0.115367E+01
  0.963276E+00
  0.790126E+00
  0.633417E+00
  0.491586E+00
  0.365501E+00
  0.253042E+00
  0.150596E+00
  0.580894E-01
 -0.258559E-01
 -0.103627E+00
 -0.177510E+00
 -0.250484E+00
 -0.325995E+00
 -0.406979E+00
 -0.497060E+00
 -0.599399E+00
 -0.714142E+00
 -0.840174E+00
 -0.977810E+00
 -0.112484E+01
 -0.127694E+01
 -0.143292E+01
 -0.159254E+01
 -0.175271E+01
 -0.191142E+01
 -0.206988E+01
 -0.222792E+01
 -0.238499E+01
 -0.254337E+01
 -0.270447E+01
 -0.286690E+01
 -0.302922E+01
 -0.318927E+01
 -0.334522E+01
 -0.349600E+01
 -0.363938E+01
 -0.377157E+01
 -0.389125E+01
 -0.399806E+01
 -0.409064E+01
 -0.416721E+01
 -0.422673E+01
 -0.426777E+01
 -0.429039E+01
 -0.429462E+01
 -0.428070E+01
 -0.425066E+01
 -0.420680E+01
 -0.414871E+01
 -0.407787E+01
 -0.399664E+01
 -0.390371E+01
 -0.379729E+01
 -0.368005E+01
 -0.355419E+01
 -0.342061E+01
 -0.328117E+01
 -0.313822E+01
 -0.299342E+01
 -0.285030E+01
 -0.271314E+01
 -0.258441E+01
 -0.246573E+01
 -0.235757E+01
 -0.225704E+01
 -0.216160E+01
 -0.207022E+01
 -0.198054E+01
 -0.189052E+01
 -0.180073E+01
 -0.171099E+01
 -0.161977E+01
 -0.152577E+01
 -0.142848E+01
 -0.132728E+01
 -0.122050E+01
 -0.110582E+01
 -0.980179E+00
 -0.840027E+00
 -0.681054E+00
 -0.500301E+00
 -0.294145E+00
 -0.577520E-01
  0.210230E+00
  0.510916E+00
  0.845366E+00
  0.120920E+01
  0.159887E+01
  0.201250E+01
  0.244607E+01
  0.289398E+01
  0.335507E+01
  0.382770E+01
  0.430636E+01
  0.478685E+01
  0.526796E+01
  0.574543E+01
  0.621688E+01
  0.668143E+01
  0.713742E+01
  0.757915E+01
  0.800356E+01
  0.840599E+01
  0.878218E+01
  0.912953E+01
  0.944669E+01
  0.972956E+01
  0.997882E+01
  0.101957E+02
  0.103787E+02
  0.105282E+02
  0.106530E+02
  0.107557E+02
  0.108403E+02
  0.109157E+02
  0.109872E+02
  0.110516E+02
  0.111114E+02
  0.111692E+02
  0.112243E+02
  0.112744E+02
  0.113231E+02
  0.113686E+02
  0.114078E+02
  0.114400E+02
  0.114655E+02
  0.114800E+02
  0.114841E+02
  0.114773E+02
  0.114586E+02
  0.114272E+02
  0.113850E+02
  0.113294E+02
  0.112611E+02
  0.111833E+02
  0.110972E+02
  0.110013E+02
  0.108971E+02
  0.107848E+02
  0.106652E+02
  0.105363E+02
  0.103986E+02
  0.102518E+02
  0.100962E+02
  0.992955E+01
  0.975448E+01
  0.957277E+01
  0.938532E+01
  0.919362E+01
  0.900045E+01
  0.880459E+01
  0.860640E+01
  0.840542E+01
  0.820104E+01
  0.799292E+01
  0.778494E+01
  0.757677E+01
  0.736993E+01
  0.716864E+01
  0.697370E+01
  0.678379E+01
  0.660366E+01
  0.643691E+01
  0.628347E+01
  0.614491E+01
  0.602638E+01
  0.592589E+01
  0.584257E+01
  0.577771E+01
  0.573047E+01
  0.569756E+01
  0.567897E+01
  0.567289E+01
  0.567615E+01
  0.568773E+01
  0.570727E+01
  0.573120E+01
  0.575917E+01
  0.579094E+01
  0.582425E+01
  0.585504E+01
  0.588385E+01
  0.591004E+01
  0.593023E+01
  0.594309E+01
  0.595149E+01
  0.595401E+01
  0.594958E+01
  0.594088E+01
  0.592874E+01
  0.590984E+01
  0.588788E+01
  0.586459E+01
  0.583678E+01
  0.580443E+01
  0.577045E+01
  0.573157E+01
  0.568741E+01
  0.564188E+01
  0.559589E+01
  0.554705E+01
  0.549899E+01
  0.545177E+01
  0.540159E+01
  0.534935E+01
  0.529897E+01
  0.524827E+01
  0.519621E+01
  0.514514E+01
  0.509383E+01
  0.503721E+01
  0.497734E+01
  0.491529E+01
  0.484758E+01
  0.477510E+01
  0.470435E+01
  0.463229E+01
  0.455321E+01
  0.446616E+01
  0.436775E+01
  0.424935E+01
  0.410692E+01
  0.393964E+01
  0.374592E+01
  0.352509E+01
  0.328038E+01
  0.301192E+01
  0.272009E+01
  0.240935E+01
  0.208389E+01
  0.174492E+01
  0.139734E+01
  0.104535E+01
  0.688309E+00
  0.327778E+00
 -0.294389E-01
 -0.381011E+00
 -0.727075E+00
 -0.106293E+01
 -0.138487E+01
 -0.169509E+01
 -0.199421E+01
 -0.227995E+01
 -0.255452E+01
 -0.282168E+01
 -0.308160E+01
 -0.333501E+01
 -0.358554E+01
 -0.383410E+01
 -0.408022E+01
 -0.432432E+01
 -0.456578E+01
 -0.480127E+01
 -0.502917E+01
 -0.524630E+01
 -0.544710E+01
 -0.562911E+01
 -0.579186E+01
 -0.592957E+01
 -0.603957E+01
 -0.612344E+01
 -0.617959E+01
 -0.620570E+01
 -0.620523E+01
 -0.618040E+01
 -0.613297E+01
 -0.606735E+01
 -0.598886E+01
 -0.590039E+01
 -0.580699E+01
 -0.571204E+01
 -0.561609E+01
 -0.552021E+01
 -0.542681E+01
 -0.533457E+01
 -0.524033E+01
 -0.514219E+01
 -0.503834E+01
 -0.492236E+01
 -0.479025E+01
 -0.464181E+01
 -0.447565E+01
 -0.429122E+01
 -0.409210E+01
 -0.387935E+01
 -0.365281E+01
 -0.341439E+01
 -0.316545E+01
 -0.290597E+01
 -0.263929E+01
 -0.236826E+01
 -0.209294E+01
 -0.181585E+01
 -0.154165E+01
 -0.127126E+01
 -0.100553E+01
 -0.749345E+00
 -0.506661E+00
 -0.278377E+00
 -0.679711E-01
  0.118966E+00
  0.283208E+00
  0.425206E+00
  0.541782E+00
  0.635318E+00
  0.710065E+00
  0.765088E+00
  0.802467E+00
  0.828011E+00
  0.842860E+00
  0.846764E+00
  0.844127E+00
  0.834889E+00
  0.816970E+00
  0.793582E+00
  0.768155E+00
  0.739189E+00
  0.707585E+00
  0.678400E+00
  0.652961E+00
  0.628195E+00
  0.606925E+00
  0.594261E+00
  0.588270E+00
  0.586465E+00
  0.592637E+00
  0.607364E+00
  0.627838E+00
  0.655826E+00
  0.693523E+00
  0.738614E+00
  0.791146E+00
  0.852700E+00
  0.923610E+00
  0.100386E+01
  0.109562E+01
  0.120044E+01
  0.131883E+01
  0.145149E+01
  0.159815E+01
  0.175591E+01
  0.192329E+01
  0.210045E+01
  0.228521E+01
  0.247469E+01
  0.267188E+01
  0.287822E+01
  0.309030E+01
  0.330578E+01
  0.352559E+01
  0.374688E+01
  0.396708E+01
  0.418526E+01
  0.439986E+01
  0.460938E+01
  0.481439E+01
  0.501338E+01
  0.520698E+01
  0.539660E+01
  0.558231E+01
  0.576172E+01
  0.593594E+01
  0.610459E+01
  0.626367E+01
  0.641042E+01
  0.654668E+01
  0.666970E+01
  0.677668E+01
  0.686765E+01
  0.694224E+01
  0.699668E+01
  0.703028E+01
  0.704266E+01
  0.703488E+01
  0.700874E+01
  0.696794E+01
  0.691468E+01
  0.685312E+01
  0.678633E+01
  0.671501E+01
  0.663857E+01
  0.656010E+01
  0.647928E+01
  0.639298E+01
  0.629897E+01
  0.619921E+01
  0.609302E+01
  0.597996E+01
  0.586275E+01
  0.574480E+01
  0.562466E+01
  0.550274E+01
  0.537966E+01
  0.525409E+01
  0.512472E+01
  0.499315E+01
  0.485759E+01
  0.471628E+01
  0.456939E+01
  0.441603E+01
  0.425227E+01
  0.407895E+01
  0.389657E+01
  0.370301E+01
  0.349923E+01
  0.328944E+01
  0.307314E+01
  0.285100E+01
  0.262739E+01
  0.240456E+01
  0.218205E+01
  0.196275E+01
  0.174955E+01
  0.154304E+01
  0.134221E+01
  0.114662E+01
  0.955204E+00
  0.768026E+00
  0.586793E+00
  0.413289E+00
  0.247550E+00
  0.908859E-01
 -0.560777E-01
 -0.195192E+00
 -0.325374E+00
 -0.444012E+00
 -0.552994E+00
 -0.653289E+00
 -0.742323E+00
 -0.820642E+00
 -0.891569E+00
 -0.953357E+00
 -0.100409E+01
 -0.104732E+01
 -0.108290E+01
 -0.110735E+01
 -0.112276E+01
 -0.113065E+01
 -0.112770E+01
 -0.111455E+01
 -0.109559E+01
 -0.107058E+01
 -0.104084E+01
 -0.101221E+01
 -0.984992E+00
 -0.958112E+00
 -0.937069E+00
 -0.925053E+00
 -0.920503E+00
 -0.928040E+00
 -0.954329E+00
 -0.998559E+00
 -0.106137E+01
 -0.114893E+01
 -0.126345E+01
 -0.140306E+01
 -0.156939E+01
 -0.176308E+01
 -0.197840E+01
 -0.221072E+01
 -0.245778E+01
 -0.271411E+01
 -0.297364E+01
 -0.323488E+01
 -0.349598E+01
 -0.375423E+01
 -0.401040E+01
 -0.426491E+01
 -0.451398E+01
 -0.475641E+01
 -0.499291E+01
 -0.522106E+01
 -0.543697E+01
 -0.564254E+01
 -0.583818E+01
 -0.602244E+01
 -0.619725E+01
 -0.636725E+01
 -0.653365E+01
 -0.669666E+01
 -0.685771E+01
 -0.701741E+01
 -0.717281E+01
 -0.732213E+01
 -0.746439E+01
 -0.759898E+01
 -0.772349E+01
 -0.783809E+01
 -0.794079E+01
 -0.802814E+01
 -0.809781E+01
 -0.814916E+01
 -0.817880E+01
 -0.818604E+01
 -0.817208E+01
 -0.813676E+01
 -0.807936E+01
 -0.800373E+01
 -0.791180E+01
 -0.780293E+01
 -0.767826E+01
 -0.754210E+01
 -0.739405E+01
 -0.723538E+01
 -0.707034E+01
 -0.690108E+01
 -0.672834E+01
 -0.655709E+01
 -0.638932E+01
 -0.622516E+01
 -0.606843E+01
 -0.592220E+01
 -0.578441E+01
 -0.565821E+01
 -0.554797E+01
 -0.545346E+01
 -0.537500E+01
 -0.531823E+01
 -0.528386E+01
 -0.526891E+01
 -0.527431E+01
 -0.530198E+01
 -0.534825E+01
 -0.541047E+01
 -0.548961E+01
 -0.558482E+01
 -0.569330E+01
 -0.581527E+01
 -0.594832E+01
 -0.608969E+01
 -0.623976E+01
 -0.639960E+01
 -0.656566E+01
 -0.673768E+01
 -0.691858E+01
 -0.710806E+01
 -0.730479E+01
 -0.751271E+01
 -0.773368E+01
 -0.796743E+01
 -0.821387E+01
 -0.847485E+01
 -0.874884E+01
 -0.903331E+01
 -0.932584E+01
 -0.962353E+01
 -0.992226E+01
 -0.102210E+02
 -0.105150E+02
 -0.108010E+02
 -0.110785E+02
 -0.113462E+02
 -0.115986E+02
 -0.118357E+02
 -0.120575E+02
 -0.122605E+02
 -0.124426E+02
 -0.126064E+02
 -0.127497E+02
 -0.128718E+02
 -0.129717E+02
 -0.130497E+02
 -0.131060E+02
 -0.131435E+02
 -0.131619E+02
 -0.131629E+02
 -0.131481E+02
 -0.131177E+02
 -0.130690E+02
 -0.130040E+02
 -0.129242E+02
 -0.128311E+02
 -0.127258E+02
 -0.126131E+02
 -0.124962E+02
 -0.123769E+02
 -0.122553E+02
 -0.121334E+02
 -0.120099E+02
 -0.118846E+02
 -0.117581E+02
 -0.116307E+02
 -0.115006E+02
 -0.113688E+02
 -0.112339E+02
 -0.110956E+02
 -0.109543E+02
 -0.108103E+02
 -0.106627E+02
 -0.105135E+02
 -0.103641E+02
 -0.102150E+02
 -0.100655E+02
 -0.991660E+01
 -0.976744E+01
 -0.961716E+01
 -0.946485E+01
 -0.931167E+01
 -0.915556E+01
 -0.899547E+01
 -0.883198E+01
 -0.866520E+01
 -0.849178E+01
 -0.831242E+01
 -0.812864E+01
 -0.793938E+01
 -0.774397E+01
 -0.754442E+01
 -0.734003E+01
 -0.712944E+01
 -0.691240E+01
 -0.668948E+01
 -0.645862E+01
 -0.621932E+01
 -0.597155E+01
 -0.571496E+01
 -0.544838E+01
 -0.517384E+01
 -0.489216E+01
 -0.460334E+01
 -0.430982E+01
 -0.401312E+01
 -0.371186E+01
 -0.340662E+01
 -0.309971E+01
 -0.279009E+01
 -0.247601E+01
 -0.216080E+01
 -0.184550E+01
 -0.152900E+01
 -0.121458E+01
 -0.905058E+00
 -0.600183E+00
 -0.303141E+00
 -0.189961E-01
  0.253538E+00
  0.514426E+00
  0.759731E+00
  0.991876E+00
  0.121348E+01
  0.142063E+01
  0.161400E+01
  0.179762E+01
  0.197271E+01
  0.213968E+01
  0.230239E+01
  0.246273E+01
  0.262167E+01
  0.278212E+01
  0.294829E+01
  0.312042E+01
  0.329931E+01
  0.349075E+01
  0.369964E+01
  0.392530E+01
  0.417173E+01
  0.444274E+01
  0.473617E+01
  0.505013E+01
  0.538806E+01
  0.574718E+01
  0.612474E+01
  0.652410E+01
  0.694505E+01
  0.738272E+01
  0.783997E+01
  0.831627E+01
  0.880624E+01
  0.930751E+01
  0.982076E+01
  0.103391E+02
  0.108586E+02
  0.113785E+02
  0.118958E+02
  0.124047E+02
  0.129074E+02
  0.134039E+02
  0.138905E+02
  0.143652E+02
  0.148322E+02
  0.152874E+02
  0.157287E+02
  0.161578E+02
  0.165763E+02
  0.169797E+02
  0.173718E+02
  0.177546E+02
  0.181270E+02
  0.184886E+02
  0.188443E+02
  0.191905E+02
  0.195267E+02
  0.198544E+02
  0.201744E+02
  0.204811E+02
  0.207770E+02
  0.210637E+02
  0.213399E+02
  0.216037E+02
  0.218600E+02
  0.221059E+02
  0.223388E+02
  0.225585E+02
  0.227656E+02
  0.229530E+02
  0.231217E+02
  0.232722E+02
  0.234042E+02
  0.235160E+02
  0.236131E+02
  0.236932E+02
  0.237572E+02
  0.238085E+02
  0.238506E+02
  0.238797E+02
  0.238988E+02
  0.239076E+02
  0.239037E+02
  0.238842E+02
  0.238532E+02
  0.238078E+02
  0.237466E+02
  0.236704E+02
  0.235829E+02
  0.234796E+02
  0.233614E+02
  0.232299E+02
  0.230862E+02
  0.229268E+02
  0.227547E+02
  0.225698E+02
  0.223731E+02
  0.221642E+02
  0.219458E+02
  0.217158E+02
  0.214760E+02
  0.212259E+02
  0.209644E+02
  0.206899E+02
  0.204058E+02
  0.201076E+02
  0.197946E+02
  0.194691E+02
  0.191339E+02
  0.187859E+02
  0.184280E+02
  0.180616E+02
  0.176863E+02
  0.172992E+02
  0.169032E+02
  0.164975E+02
  0.160812E+02
  0.156549E+02
  0.152230E+02
  0.147852E+02
  0.143447E+02
  0.139036E+02
  0.134632E+02
  0.130242E+02
  0.125907E+02
  0.121620E+02
  0.117389E+02
  0.113246E+02
  0.109223E+02
  0.105283E+02
  0.101446E+02
  0.977344E+01
  0.941222E+01
  0.905878E+01
  0.871775E+01
  0.838888E+01
  0.806998E+01
  0.776183E+01
  0.746630E+01
  0.718039E+01
  0.690423E+01
  0.663686E+01
  0.637666E+01
  0.612413E+01
  0.588122E+01
  0.564541E+01
  0.541638E+01
  0.519651E+01
  0.498594E+01
  0.478292E+01
  0.459074E+01
  0.441120E+01
  0.424191E+01
  0.408099E+01
  0.393036E+01
  0.378836E+01
  0.365235E+01
  0.352151E+01
  0.339484E+01
  0.326853E+01
  0.313983E+01
  0.300640E+01
  0.286604E+01
  0.271574E+01
  0.255424E+01
  0.238124E+01
  0.219498E+01
  0.199395E+01
  0.178016E+01
  0.155302E+01
  0.131200E+01
  0.106017E+01
  0.798704E+00
  0.526028E+00
  0.243839E+00
 -0.466741E-01
 -0.347150E+00
 -0.657773E+00
 -0.977509E+00
 -0.130695E+01
 -0.164688E+01
 -0.199758E+01
 -0.235898E+01
 -0.273082E+01
 -0.311350E+01
 -0.350642E+01
 -0.390808E+01
 -0.431627E+01
 -0.473027E+01
 -0.514857E+01
 -0.556936E+01
 -0.599017E+01
 -0.640909E+01
 -0.682411E+01
 -0.723145E+01
 -0.762695E+01
 -0.801044E+01
 -0.837881E+01
 -0.872947E+01
 -0.906287E+01
 -0.938086E+01
 -0.968118E+01
 -0.996382E+01
 -0.102297E+02
 -0.104809E+02
 -0.107185E+02
 -0.109450E+02
 -0.111633E+02
 -0.113764E+02
 -0.115830E+02
 -0.117853E+02
 -0.119849E+02
 -0.121806E+02
 -0.123716E+02
 -0.125620E+02
 -0.127511E+02
 -0.129380E+02
 -0.131240E+02
 -0.133084E+02
 -0.134878E+02
 -0.136657E+02
 -0.138413E+02
 -0.140121E+02
 -0.141790E+02
 -0.143460E+02
 -0.145100E+02
 -0.146712E+02
 -0.148326E+02
 -0.149932E+02
 -0.151488E+02
 -0.153035E+02
 -0.154592E+02
 -0.156160E+02
 -0.157741E+02
 -0.159384E+02
 -0.161090E+02
 -0.162856E+02
 -0.164688E+02
 -0.166606E+02
 -0.168583E+02
 -0.170634E+02
 -0.172759E+02
 -0.174937E+02
 -0.177158E+02
 -0.179446E+02
 -0.181743E+02
 -0.184032E+02
 -0.186316E+02
 -0.188566E+02
 -0.190693E+02
 -0.192704E+02
 -0.194591E+02
 -0.196314E+02
 -0.197832E+02
 -0.199160E+02
 -0.200278E+02
 -0.201170E+02
 -0.201823E+02
 -0.202264E+02
 -0.202486E+02
 -0.202502E+02
 -0.202315E+02
 -0.201950E+02
 -0.201409E+02
 -0.200718E+02
 -0.199850E+02
 -0.198797E+02
 -0.197563E+02
 -0.196165E+02
 -0.194562E+02
 -0.192765E+02
 -0.190785E+02
 -0.188612E+02
 -0.186215E+02
 -0.183634E+02
 -0.180865E+02
 -0.177889E+02
 -0.174710E+02
 -0.171365E+02
 -0.167837E+02
 -0.164142E+02
 -0.160305E+02
 -0.156351E+02
 -0.152274E+02
 -0.148098E+02
 -0.143826E+02
 -0.139455E+02
 -0.134976E+02
 -0.130397E+02
 -0.125705E+02
 -0.120915E+02
 -0.116033E+02
 -0.111071E+02
 -0.106013E+02
 -0.100893E+02
 -0.957318E+01
 -0.905311E+01
 -0.853005E+01
 -0.800850E+01
 -0.748833E+01
 -0.696728E+01
 -0.644585E+01
 -0.592561E+01
 -0.540413E+01
 -0.488119E+01
 -0.436042E+01
 -0.384378E+01
 -0.333052E+01
 -0.282438E+01
 -0.233005E+01
 -0.184879E+01
 -0.138197E+01
 -0.933170E+00
 -0.503588E+00
 -0.918976E-01
  0.301699E+00
  0.677894E+00
  0.103900E+01
  0.138734E+01
  0.172454E+01
  0.205203E+01
  0.236926E+01
  0.267616E+01
  0.297245E+01
  0.325756E+01
  0.353044E+01
  0.379181E+01
  0.404200E+01
  0.428129E+01
  0.450884E+01
  0.472576E+01
  0.493378E+01
  0.513313E+01
  0.532314E+01
  0.550684E+01
  0.568455E+01
  0.585612E+01
  0.602126E+01
  0.618121E+01
  0.633524E+01
  0.648271E+01
  0.662354E+01
  0.675886E+01
  0.688759E+01
  0.701012E+01
  0.712635E+01
  0.723766E+01
  0.734359E+01
  0.744431E+01
  0.754011E+01
  0.763363E+01
  0.772617E+01
  0.781796E+01
  0.790860E+01
  0.800105E+01
  0.809484E+01
  0.818979E+01
  0.828775E+01
  0.839114E+01
  0.849827E+01
  0.860945E+01
  0.872421E+01
  0.884357E+01
  0.896712E+01
  0.909546E+01
  0.922872E+01
  0.936868E+01
  0.951502E+01
  0.966735E+01
  0.982356E+01
  0.998485E+01
  0.101495E+02
  0.103155E+02
  0.104823E+02
  0.106518E+02
  0.108198E+02
  0.109841E+02
  0.111439E+02
  0.112983E+02
  0.114423E+02
  0.115758E+02
  0.116972E+02
  0.118040E+02
  0.118946E+02
  0.119700E+02
  0.120258E+02
  0.120631E+02
  0.120837E+02
  0.120873E+02
  0.120737E+02
  0.120479E+02
  0.120116E+02
  0.119658E+02
  0.119127E+02
  0.118580E+02
  0.118020E+02
  0.117459E+02
  0.116913E+02
  0.116403E+02
  0.115921E+02
  0.115488E+02
  0.115097E+02
  0.114743E+02
  0.114408E+02
  0.114097E+02
  0.113797E+02
  0.113520E+02
  0.113264E+02
  0.113036E+02
  0.112816E+02
  0.112608E+02
  0.112389E+02
  0.112153E+02
  0.111885E+02
  0.111597E+02
  0.111279E+02
  0.110946E+02
  0.110596E+02
  0.110235E+02
  0.109870E+02
  0.109519E+02
  0.109176E+02
  0.108863E+02
  0.108585E+02
  0.108341E+02
  0.108119E+02
  0.107925E+02
  0.107729E+02
  0.107513E+02
  0.107271E+02
  0.107001E+02
  0.106669E+02
  0.106278E+02
  0.105833E+02
  0.105332E+02
  0.104759E+02
  0.104142E+02
  0.103488E+02
  0.102804E+02
  0.102095E+02
  0.101382E+02
  0.100648E+02
  0.998985E+01
  0.991425E+01
  0.983777E+01
  0.975772E+01
  0.967505E+01
  0.958883E+01
  0.949786E+01
  0.940112E+01
  0.929954E+01
  0.919064E+01
  0.907274E+01
  0.894554E+01
  0.881080E+01
  0.866718E+01
  0.851506E+01
  0.835513E+01
  0.818851E+01
  0.801415E+01
  0.783345E+01
  0.764576E+01
  0.745056E+01
  0.724812E+01
  0.704046E+01
  0.682724E+01
  0.660977E+01
  0.638971E+01
  0.616835E+01
  0.594582E+01
  0.572563E+01
  0.550950E+01
  0.529871E+01
  0.509466E+01
  0.489741E+01
  0.470498E+01
  0.451781E+01
  0.433522E+01
  0.415527E+01
  0.397656E+01
  0.380139E+01
  0.362925E+01
  0.345743E+01
  0.328559E+01
  0.311514E+01
  0.294374E+01
  0.277007E+01
  0.259465E+01
  0.241643E+01
  0.223355E+01
  0.204826E+01
  0.186125E+01
  0.167179E+01
  0.148163E+01
  0.129354E+01
  0.110852E+01
  0.927146E+00
  0.749985E+00
  0.578144E+00
  0.411498E+00
  0.249912E+00
  0.941101E-01
 -0.551637E-01
 -0.198956E+00
 -0.336986E+00
 -0.467462E+00
 -0.590967E+00
 -0.708216E+00
 -0.816664E+00
 -0.914140E+00
 -0.100092E+01
 -0.107607E+01
 -0.113687E+01
 -0.118383E+01
 -0.121855E+01
 -0.123944E+01
 -0.124630E+01
 -0.124137E+01
 -0.122499E+01
 -0.119591E+01
 -0.115535E+01
 -0.110622E+01
 -0.104817E+01
 -0.981027E+00
 -0.906768E+00
 -0.825075E+00
 -0.734912E+00
 -0.637519E+00
 -0.535258E+00
 -0.427991E+00
 -0.315709E+00
 -0.202550E+00
 -0.900956E-01
  0.220803E-01
  0.129986E+00
  0.230679E+00
  0.325183E+00
  0.409403E+00
  0.478290E+00
  0.533010E+00
  0.571479E+00
  0.588265E+00
  0.585111E+00
  0.562394E+00
  0.516044E+00
  0.445885E+00
  0.354182E+00
  0.239313E+00
  0.100620E+00
 -0.585445E-01
 -0.237389E+00
 -0.437385E+00
 -0.656402E+00
 -0.891588E+00
 -0.114264E+01
 -0.140949E+01
 -0.168856E+01
 -0.197793E+01
 -0.227891E+01
 -0.258830E+01
 -0.290169E+01
 -0.321830E+01
 -0.353675E+01
 -0.385118E+01
 -0.415953E+01
 -0.446168E+01
 -0.475231E+01
 -0.502782E+01
 -0.529019E+01
 -0.553740E+01
 -0.576558E+01
 -0.597512E+01
 -0.616548E+01
 -0.632989E+01
 -0.646743E+01
 -0.657887E+01
 -0.666015E+01
 -0.670897E+01
 -0.672858E+01
 -0.671809E+01
 -0.667567E+01
 -0.660478E+01
 -0.650924E+01
 -0.638839E+01
 -0.624598E+01
 -0.608695E+01
 -0.591279E+01
 -0.572416E+01
 -0.552601E+01
 -0.532028E+01
 -0.510627E+01
 -0.488530E+01
 -0.465951E+01
 -0.442914E+01
 -0.419451E+01
 -0.395621E+01
 -0.371576E+01
 -0.347307E+01
 -0.322963E+01
 -0.298765E+01
 -0.274557E+01
 -0.250212E+01
 -0.225917E+01
 -0.201650E+01
 -0.177402E+01
 -0.153373E+01
 -0.129657E+01
 -0.106109E+01
 -0.828574E+00
 -0.601976E+00
 -0.380541E+00
 -0.164280E+00
  0.435354E-01
  0.242882E+00
  0.436663E+00
  0.622577E+00
  0.798268E+00
  0.965782E+00
  0.112475E+01
  0.127272E+01
  0.141144E+01
  0.154113E+01
  0.165957E+01
  0.176706E+01
  0.186601E+01
  0.195534E+01
  0.203466E+01
  0.210570E+01
  0.216778E+01
  0.221870E+01
  0.226033E+01
  0.229473E+01
  0.232120E+01
  0.233806E+01
  0.234634E+01
  0.234513E+01
  0.233272E+01
  0.230967E+01
  0.227626E+01
  0.223010E+01
  0.217178E+01
  0.210201E+01
  0.202012E+01
  0.192531E+01
  0.181702E+01
  0.169542E+01
  0.156149E+01
  0.141510E+01
  0.125757E+01
  0.108957E+01
  0.911227E+00
  0.724632E+00
  0.531860E+00
  0.331352E+00
  0.123554E+00
 -0.872680E-01
 -0.298255E+00
 -0.509360E+00
 -0.717683E+00
 -0.920653E+00
 -0.111995E+01
 -0.131673E+01
 -0.151046E+01
 -0.170257E+01
 -0.189541E+01
 -0.208884E+01
 -0.228396E+01
 -0.248346E+01
 -0.268820E+01
 -0.289871E+01
 -0.311636E+01
 -0.333947E+01
 -0.356566E+01
 -0.379460E+01
 -0.402493E+01
 -0.425341E+01
 -0.447935E+01
 -0.470235E+01
 -0.492029E+01
 -0.513150E+01
 -0.533555E+01
 -0.552911E+01
 -0.570999E+01
 -0.587716E+01
 -0.602938E+01
 -0.616417E+01
 -0.628122E+01
 -0.637942E+01
 -0.645816E+01
 -0.651812E+01
 -0.655972E+01
 -0.658173E+01
 -0.658551E+01
 -0.657156E+01
 -0.653917E+01
 -0.648913E+01
 -0.642404E+01
 -0.634362E+01
 -0.625011E+01
 -0.614601E+01
 -0.603182E+01
 -0.590850E+01
 -0.577950E+01
 -0.564567E+01
 -0.550767E+01
 -0.536725E+01
 -0.522476E+01
 -0.507944E+01
 -0.493513E+01
 -0.479456E+01
 -0.465797E+01
 -0.452690E+01
 -0.440446E+01
 -0.429104E+01
 -0.418762E+01
 -0.409670E+01
 -0.401961E+01
 -0.395585E+01
 -0.390630E+01
 -0.387133E+01
 -0.384925E+01
 -0.383846E+01
 -0.383990E+01
 -0.385172E+01
 -0.387194E+01
 -0.390218E+01
 -0.394195E+01
 -0.398725E+01
 -0.403807E+01
 -0.409498E+01
 -0.415637E+01
 -0.422105E+01
 -0.428940E+01
 -0.435927E+01
 -0.442803E+01
 -0.449460E+01
 -0.455767E+01
 -0.461399E+01
 -0.466160E+01
 -0.469911E+01
 -0.472505E+01
 -0.473858E+01
 -0.474125E+01
 -0.473249E+01
 -0.471080E+01
 -0.467701E+01
 -0.463373E+01
 -0.458122E+01
 -0.452131E+01
 -0.445707E+01
 -0.439001E+01
 -0.432111E+01
 -0.425392E+01
 -0.419023E+01
 -0.413032E+01
 -0.407621E+01
 -0.403029E+01
 -0.399193E+01
 -0.396248E+01
 -0.394425E+01
 -0.393721E+01
 -0.394087E+01
 -0.395688E+01
 -0.398524E+01
 -0.402468E+01
 -0.407546E+01
 -0.413849E+01
 -0.421198E+01
 -0.429563E+01
 -0.439081E+01
 -0.449763E+01
 -0.461487E+01
 -0.474442E+01
 -0.488560E+01
 -0.503599E+01
 -0.519702E+01
 -0.536977E+01
 -0.555093E+01
 -0.573977E+01
 -0.593563E+01
 -0.613508E+01
 -0.633584E+01
 -0.653971E+01
 -0.674335E+01
 -0.694155E+01
 -0.713252E+01
 -0.731424E+01
 -0.748069E+01
 -0.762946E+01
 -0.776011E+01
 -0.787163E+01
 -0.796200E+01
 -0.803233E+01
 -0.808386E+01
 -0.811786E+01
 -0.813627E+01
 -0.814312E+01
 -0.813864E+01
 -0.812316E+01
 -0.809829E+01
 -0.806643E+01
 -0.802874E+01
 -0.798826E+01
 -0.794611E+01
 -0.790329E+01
 -0.786165E+01
 -0.782267E+01
 -0.778503E+01
 -0.774962E+01
 -0.771759E+01
 -0.768951E+01
 -0.766375E+01
 -0.764155E+01
 -0.762396E+01
 -0.761095E+01
 -0.760113E+01
 -0.759571E+01
 -0.759549E+01
 -0.759926E+01
 -0.760615E+01
 -0.761849E+01
 -0.763530E+01
 -0.765508E+01
 -0.767857E+01
 -0.770784E+01
 -0.774180E+01
 -0.778104E+01
 -0.782533E+01
 -0.787510E+01
 -0.793097E+01
 -0.799210E+01
 -0.805665E+01
 -0.812630E+01
 -0.820057E+01
 -0.827806E+01
 -0.835899E+01
 -0.844581E+01
 -0.853724E+01
 -0.863147E+01
 -0.872780E+01
 -0.882851E+01
 -0.893315E+01
 -0.904057E+01
 -0.915013E+01
 -0.926326E+01
 -0.937884E+01
 -0.949482E+01
 -0.960962E+01
 -0.972290E+01
 -0.982924E+01
 -0.992483E+01
 -0.100091E+02
 -0.100818E+02
 -0.101388E+02
 -0.101791E+02
 -0.102044E+02
 -0.102137E+02
 -0.102040E+02
 -0.101779E+02
 -0.101358E+02
 -0.100776E+02
 -0.100052E+02
 -0.992068E+01
 -0.982278E+01
 -0.971635E+01
 -0.960460E+01
 -0.948582E+01
 -0.936355E+01
 -0.924679E+01
 -0.913500E+01
 -0.902739E+01
 -0.893019E+01
 -0.884676E+01
 -0.877153E+01
 -0.870543E+01
 -0.865119E+01
 -0.860577E+01
 -0.856451E+01
 -0.852840E+01
 -0.849664E+01
 -0.846571E+01
 -0.843337E+01
 -0.839854E+01
 -0.835770E+01
 -0.831127E+01
 -0.825813E+01
 -0.819386E+01
 -0.811736E+01
 -0.803289E+01
 -0.793739E+01
 -0.782757E+01
 -0.770817E+01
 -0.758241E+01
 -0.744463E+01
 -0.729573E+01
 -0.714032E+01
 -0.697600E+01
 -0.679983E+01
 -0.661600E+01
 -0.642572E+01
 -0.622746E+01
 -0.602224E+01
 -0.581287E+01
 -0.559900E+01
 -0.538256E+01
 -0.516591E+01
 -0.494827E+01
 -0.473077E+01
 -0.451860E+01
 -0.431049E+01
 -0.410371E+01
 -0.390377E+01
 -0.371337E+01
 -0.352586E+01
 -0.334319E+01
 -0.317186E+01
 -0.300852E+01
 -0.285035E+01
 -0.270345E+01
 -0.256816E+01
 -0.243906E+01
 -0.231817E+01
 -0.220829E+01
 -0.210634E+01
 -0.201324E+01
 -0.193282E+01
 -0.186408E+01
 -0.180537E+01
 -0.175983E+01
 -0.172854E+01
 -0.170914E+01
 -0.170360E+01
 -0.171392E+01
 -0.173587E+01
 -0.176740E+01
 -0.181201E+01
 -0.186820E+01
 -0.193013E+01
 -0.199991E+01
 -0.207894E+01
 -0.215980E+01
 -0.223940E+01
 -0.232000E+01
 -0.239730E+01
 -0.246627E+01
 -0.252919E+01
 -0.258640E+01
 -0.263372E+01
 -0.267321E+01
 -0.270771E+01
 -0.273578E+01
 -0.275900E+01
 -0.278088E+01
 -0.280152E+01
 -0.282249E+01
 -0.284746E+01
 -0.287785E+01
 -0.291367E+01
 -0.295686E+01
 -0.300968E+01
 -0.307353E+01
 -0.314871E+01
 -0.323736E+01
 -0.334129E+01
 -0.345942E+01
 -0.359118E+01
 -0.373806E+01
 -0.389913E+01
 -0.407193E+01
 -0.425651E+01
 -0.445399E+01
 -0.466170E+01
 -0.487859E+01
 -0.510523E+01
 -0.534139E+01
 -0.558409E+01
 -0.583205E+01
 -0.608514E+01
 -0.634180E+01
 -0.660033E+01
 -0.686108E+01
 -0.712241E+01
 -0.738285E+01
 -0.764238E+01
 -0.790043E+01
 -0.815291E+01
 -0.839957E+01
 -0.863911E+01
 -0.886923E+01
 -0.909003E+01
 -0.930269E+01
 -0.950475E+01
 -0.969586E+01
 -0.987578E+01
 -0.100442E+02
 -0.101999E+02
 -0.103435E+02
 -0.104734E+02
 -0.105889E+02
 -0.106894E+02
 -0.107752E+02
 -0.108446E+02
 -0.108971E+02
 -0.109309E+02
 -0.109459E+02
 -0.109409E+02
 -0.109153E+02
 -0.108683E+02
 -0.108013E+02
 -0.107146E+02
 -0.106090E+02
 -0.104841E+02
 -0.103416E+02
 -0.101810E+02
 -0.100034E+02
 -0.980992E+01
 -0.960259E+01
 -0.938128E+01
 -0.914674E+01
 -0.889830E+01
 -0.863788E+01
 -0.836736E+01
 -0.808815E+01
 -0.780076E+01
 -0.750716E+01
 -0.720768E+01
 -0.690246E+01
 -0.659153E+01
 -0.627740E+01
 -0.596119E+01
 -0.564229E+01
 -0.532156E+01
 -0.500208E+01
 -0.468394E+01
 -0.436497E+01
 -0.404536E+01
 -0.372756E+01
 -0.340958E+01
 -0.309115E+01
 -0.277509E+01
 -0.246118E+01
 -0.214762E+01
 -0.183583E+01
 -0.152789E+01
 -0.122267E+01
 -0.920401E+00
 -0.622749E+00
 -0.327001E+00
 -0.321198E-01
  0.259014E+00
  0.549064E+00
  0.840365E+00
  0.112959E+01
  0.141667E+01
  0.170631E+01
  0.199526E+01
  0.227929E+01
  0.256240E+01
  0.284683E+01
  0.312848E+01
  0.340806E+01
  0.368981E+01
  0.397371E+01
  0.425721E+01
  0.454331E+01
  0.483270E+01
  0.512329E+01
  0.541384E+01
  0.570505E+01
  0.599517E+01
  0.628378E+01
  0.657123E+01
  0.685625E+01
  0.713555E+01
  0.741172E+01
  0.768453E+01
  0.795109E+01
  0.821245E+01
  0.847197E+01
  0.872459E+01
  0.896848E+01
  0.920678E+01
  0.943788E+01
  0.965594E+01
  0.986362E+01
  0.100607E+02
  0.102437E+02
  0.104122E+02
  0.105699E+02
  0.107148E+02
  0.108473E+02
  0.109690E+02
  0.110792E+02
  0.111758E+02
  0.112625E+02
  0.113391E+02
  0.114045E+02
  0.114579E+02
  0.115023E+02
  0.115353E+02
  0.115554E+02
  0.115644E+02
  0.115639E+02
  0.115496E+02
  0.115230E+02
  0.114866E+02
  0.114384E+02
  0.113749E+02
  0.113009E+02
  0.112157E+02
  0.111166E+02
  0.110050E+02
  0.108851E+02
  0.107543E+02
  0.106139E+02
  0.104664E+02
  0.103124E+02
  0.101510E+02
  0.998536E+01
  0.981548E+01
  0.964212E+01
  0.946738E+01
  0.929260E+01
  0.911491E+01
  0.893663E+01
  0.876105E+01
  0.858650E+01
  0.841073E+01
  0.823805E+01
  0.806634E+01
  0.789267E+01
  0.771915E+01
  0.754905E+01
  0.737877E+01
  0.720766E+01
  0.703774E+01
  0.686728E+01
  0.669327E+01
  0.651746E+01
  0.633803E+01
  0.615445E+01
  0.596814E+01
  0.577864E+01
  0.558396E+01
  0.538728E+01
  0.518977E+01
  0.498941E+01
  0.478632E+01
  0.458411E+01
  0.438106E+01
  0.417426E+01
  0.396494E+01
  0.375497E+01
  0.354186E+01
  0.332442E+01
  0.310381E+01
  0.288124E+01
  0.265430E+01
  0.242215E+01
  0.218641E+01
  0.194693E+01
  0.170128E+01
  0.144973E+01
  0.119223E+01
  0.928125E+00
  0.657433E+00
  0.378807E+00
  0.906669E-01
 -0.205357E+00
 -0.508443E+00
 -0.819410E+00
 -0.113637E+01
 -0.145670E+01
 -0.178181E+01
 -0.211210E+01
 -0.244444E+01
 -0.277863E+01
 -0.311702E+01
 -0.345958E+01
 -0.380353E+01
 -0.414885E+01
 -0.449665E+01
 -0.484563E+01
 -0.519491E+01
 -0.554689E+01
 -0.590077E+01
 -0.625519E+01
 -0.661042E+01
 -0.696587E+01
 -0.731729E+01
 -0.766457E+01
 -0.800796E+01
 -0.834496E+01
 -0.867483E+01
 -0.900053E+01
 -0.932018E+01
 -0.963276E+01
 -0.993981E+01
 -0.102411E+02
 -0.105334E+02
 -0.108184E+02
 -0.110958E+02
 -0.113632E+02
 -0.116196E+02
 -0.118678E+02
 -0.121079E+02
 -0.123407E+02
 -0.125665E+02
 -0.127884E+02
 -0.130060E+02
 -0.132201E+02
 -0.134322E+02
 -0.136445E+02
 -0.138555E+02
 -0.140673E+02
 -0.142799E+02
 -0.144938E+02
 -0.147082E+02
 -0.149236E+02
 -0.151382E+02
 -0.153532E+02
 -0.155674E+02
 -0.157793E+02
 -0.159884E+02
 -0.161957E+02
 -0.163966E+02
 -0.165912E+02
 -0.167794E+02
 -0.169599E+02
 -0.171293E+02
 -0.172894E+02
 -0.174380E+02
 -0.175744E+02
 -0.176992E+02
 -0.178148E+02
 -0.179202E+02
 -0.180177E+02
 -0.181082E+02
 -0.181923E+02
 -0.182692E+02
 -0.183429E+02
 -0.184121E+02
 -0.184765E+02
 -0.185369E+02
 -0.185961E+02
 -0.186514E+02
 -0.187035E+02
 -0.187533E+02
 -0.188002E+02
 -0.188420E+02
 -0.188819E+02
 -0.189195E+02
 -0.189552E+02
 -0.189888E+02
 -0.190223E+02
 -0.190537E+02
 -0.190846E+02
 -0.191155E+02
 -0.191474E+02
 -0.191795E+02
 -0.192160E+02
 -0.192573E+02
 -0.193041E+02
 -0.193570E+02
 -0.194213E+02
 -0.194959E+02
 -0.195805E+02
 -0.196765E+02
 -0.197859E+02
 -0.199043E+02
 -0.200316E+02
 -0.201669E+02
 -0.203090E+02
 -0.204546E+02
 -0.206047E+02
 -0.207569E+02
 -0.209104E+02
 -0.210621E+02
 -0.212106E+02
 -0.213526E+02
 -0.214881E+02
 -0.216135E+02
 -0.217275E+02
 -0.218288E+02
 -0.219196E+02
 -0.219969E+02
 -0.220601E+02
 -0.221084E+02
 -0.221436E+02
 -0.221627E+02
 -0.221670E+02
 -0.221567E+02
 -0.221344E+02
 -0.220983E+02
 -0.220504E+02
 -0.219915E+02
 -0.219232E+02
 -0.218431E+02
 -0.217533E+02
 -0.216541E+02
 -0.215462E+02
 -0.214273E+02
 -0.212977E+02
 -0.211560E+02
 -0.210044E+02
 -0.208403E+02
 -0.206651E+02
 -0.204798E+02
 -0.202870E+02
 -0.200847E+02
 -0.198764E+02
 -0.196644E+02
 -0.194504E+02
 -0.192342E+02
 -0.190182E+02
 -0.188032E+02
 -0.185909E+02
 -0.183795E+02
 -0.181692E+02
 -0.179598E+02
 -0.177523E+02
 -0.175427E+02
 -0.173317E+02
 -0.171185E+02
 -0.169029E+02
 -0.166828E+02
 -0.164587E+02
 -0.162310E+02
 -0.159995E+02
 -0.157609E+02
 -0.155160E+02
 -0.152651E+02
 -0.150071E+02
 -0.147388E+02
 -0.144622E+02
 -0.141784E+02
 -0.138878E+02
 -0.135888E+02
 -0.132818E+02
 -0.129669E+02
 -0.126459E+02
 -0.123173E+02
 -0.119822E+02
 -0.116421E+02
 -0.112967E+02
 -0.109437E+02
 -0.105866E+02
 -0.102270E+02
 -0.986274E+01
 -0.949288E+01
 -0.912110E+01
 -0.874887E+01
 -0.837595E+01
 -0.800311E+01
 -0.763451E+01
 -0.727010E+01
 -0.690925E+01
 -0.655304E+01
 -0.620320E+01
 -0.585882E+01
 -0.551847E+01
 -0.518167E+01
 -0.484751E+01
 -0.451461E+01
 -0.418431E+01
 -0.385520E+01
 -0.352527E+01
 -0.319603E+01
 -0.286696E+01
 -0.253449E+01
 -0.219925E+01
 -0.186276E+01
 -0.152222E+01
 -0.117683E+01
 -0.831008E+00
 -0.485140E+00
 -0.135181E+00
  0.217413E+00
  0.569116E+00
  0.921591E+00
  0.127705E+01
  0.163243E+01
  0.198691E+01
  0.234270E+01
  0.270015E+01
  0.305834E+01
  0.341802E+01
  0.377898E+01
  0.414263E+01
  0.450879E+01
  0.487555E+01
  0.524255E+01
  0.561242E+01
  0.598169E+01
  0.634683E+01
  0.670845E+01
  0.706750E+01
  0.741988E+01
  0.776349E+01
  0.809948E+01
  0.842851E+01
  0.874613E+01
  0.905264E+01
  0.934808E+01
  0.963174E+01
  0.990261E+01
  0.101619E+02
  0.104093E+02
  0.106457E+02
  0.108691E+02
  0.110794E+02
  0.112779E+02
  0.114668E+02
  0.116436E+02
  0.118096E+02
  0.119676E+02
  0.121206E+02
  0.122661E+02
  0.124055E+02
  0.125405E+02
  0.126715E+02
  0.127956E+02
  0.129150E+02
  0.130305E+02
  0.131424E+02
  0.132497E+02
  0.133542E+02
  0.134556E+02
  0.135539E+02
  0.136462E+02
  0.137313E+02
  0.138077E+02
  0.138749E+02
  0.139286E+02
  0.139676E+02
  0.139901E+02
  0.139944E+02
  0.139770E+02
  0.139378E+02
  0.138749E+02
  0.137888E+02
  0.136795E+02
  0.135496E+02
  0.133995E+02
  0.132309E+02
  0.130439E+02
  0.128412E+02
  0.126239E+02
  0.123957E+02
  0.121575E+02
  0.119126E+02
  0.116641E+02
  0.114150E+02
  0.111645E+02
  0.109158E+02
  0.106721E+02
  0.104338E+02
  0.102008E+02
  0.997792E+01
  0.976484E+01
  0.956005E+01
  0.936490E+01
  0.918304E+01
  0.901062E+01
  0.884657E+01
  0.869300E+01
  0.854892E+01
  0.841006E+01
  0.827816E+01
  0.815199E+01
  0.802763E+01
  0.790524E+01
  0.778626E+01
  0.766593E+01
  0.754376E+01
  0.742066E+01
  0.729437E+01
  0.716210E+01
  0.702680E+01
  0.688679E+01
  0.673818E+01
  0.658027E+01
  0.641455E+01
  0.623701E+01
  0.604526E+01
  0.584113E+01
  0.562504E+01
  0.539407E+01
  0.515050E+01
  0.489649E+01
  0.463202E+01
  0.435643E+01
  0.407160E+01
  0.377886E+01
  0.347896E+01
  0.317271E+01
  0.286207E+01
  0.254714E+01
  0.222990E+01
  0.191249E+01
  0.159545E+01
  0.128010E+01
  0.969194E+00
  0.662262E+00
  0.358961E+00
  0.618153E-01
 -0.229150E+00
 -0.517174E+00
 -0.800807E+00
 -0.107728E+01
 -0.134914E+01
 -0.161794E+01
 -0.188096E+01
 -0.213802E+01
 -0.239225E+01
 -0.264363E+01
 -0.288979E+01
 -0.313194E+01
 -0.337168E+01
 -0.360690E+01
 -0.383852E+01
 -0.406791E+01
 -0.429365E+01
 -0.451536E+01
 -0.473462E+01
 -0.494936E+01
 -0.515849E+01
 -0.536448E+01
 -0.556714E+01
 -0.576317E+01
 -0.595605E+01
 -0.614877E+01
 -0.633884E+01
 -0.652527E+01
 -0.671213E+01
 -0.690008E+01
 -0.708803E+01
 -0.727826E+01
 -0.747327E+01
 -0.767023E+01
 -0.786918E+01
 -0.807148E+01
 -0.827654E+01
 -0.848261E+01
 -0.869226E+01
 -0.890400E+01
 -0.911587E+01
 -0.932990E+01
 -0.954620E+01
 -0.975927E+01
 -0.996973E+01
 -0.101792E+02
 -0.103852E+02
 -0.105859E+02
 -0.107849E+02
 -0.109812E+02
 -0.111735E+02
 -0.113641E+02
 -0.115543E+02
 -0.117406E+02
 -0.119215E+02
 -0.120963E+02
 -0.122653E+02
 -0.124257E+02
 -0.125777E+02
 -0.127202E+02
 -0.128518E+02
 -0.129710E+02
 -0.130797E+02
 -0.131769E+02
 -0.132608E+02
 -0.133314E+02
 -0.133905E+02
 -0.134351E+02
 -0.134650E+02
 -0.134815E+02
 -0.134850E+02
 -0.134729E+02
 -0.134493E+02
 -0.134154E+02
 -0.133701E+02
 -0.133147E+02
 -0.132543E+02
 -0.131886E+02
 -0.131183E+02
 -0.130467E+02
 -0.129762E+02
 -0.129041E+02
 -0.128331E+02
 -0.127651E+02
 -0.126992E+02
 -0.126350E+02
 -0.125770E+02
 -0.125237E+02
 -0.124733E+02
 -0.124277E+02
 -0.123885E+02
 -0.123525E+02
 -0.123215E+02
 -0.122961E+02
 -0.122758E+02
 -0.122597E+02
 -0.122517E+02
 -0.122518E+02
 -0.122566E+02
 -0.122650E+02
 -0.122787E+02
 -0.122951E+02
 -0.123141E+02
 -0.123371E+02
 -0.123632E+02
 -0.123889E+02
 -0.124163E+02
 -0.124452E+02
 -0.124747E+02
 -0.125050E+02
 -0.125392E+02
 -0.125754E+02
 -0.126136E+02
 -0.126542E+02
 -0.126962E+02
 -0.127355E+02
 -0.127730E+02
 -0.128077E+02
 -0.128368E+02
 -0.128578E+02
 -0.128721E+02
 -0.128773E+02
 -0.128720E+02
 -0.128572E+02
 -0.128337E+02
 -0.127992E+02
 -0.127570E+02
 -0.127087E+02
 -0.126538E+02
 -0.125922E+02
 -0.125275E+02
 -0.124581E+02
 -0.123834E+02
 -0.123051E+02
 -0.122256E+02
 -0.121432E+02
 -0.120588E+02
 -0.119734E+02
 -0.118862E+02
 -0.117956E+02
 -0.117046E+02
 -0.116133E+02
 -0.115215E+02
 -0.114295E+02
 -0.113394E+02
 -0.112499E+02
 -0.111604E+02
 -0.110715E+02
 -0.109833E+02
 -0.108944E+02
 -0.108070E+02
 -0.107221E+02
 -0.106408E+02
 -0.105638E+02
 -0.104922E+02
 -0.104250E+02
 -0.103622E+02
 -0.103043E+02
 -0.102526E+02
 -0.102048E+02
 -0.101611E+02
 -0.101215E+02
 -0.100856E+02
 -0.100522E+02
 -0.100223E+02
 -0.999487E+01
 -0.996954E+01
 -0.994675E+01
 -0.992715E+01
 -0.990707E+01
 -0.988610E+01
 -0.986366E+01
 -0.983723E+01
 -0.980525E+01
 -0.976990E+01
 -0.972954E+01
 -0.968318E+01
 -0.963169E+01
 -0.957590E+01
 -0.951469E+01
 -0.944978E+01
 -0.938142E+01
 -0.930826E+01
 -0.922960E+01
 -0.914832E+01
 -0.906421E+01
 -0.897741E+01
 -0.888912E+01
 -0.880069E+01
 -0.871040E+01
 -0.861942E+01
 -0.852946E+01
 -0.843975E+01
 -0.834908E+01
 -0.826029E+01
 -0.817317E+01
 -0.808602E+01
 -0.799970E+01
 -0.791635E+01
 -0.783388E+01
 -0.775151E+01
 -0.766877E+01
 -0.758487E+01
 -0.749716E+01
 -0.740542E+01
 -0.731035E+01
 -0.721081E+01
 -0.710426E+01
 -0.699183E+01
 -0.687280E+01
 -0.674517E+01
 -0.660996E+01
 -0.646813E+01
 -0.631704E+01
 -0.615739E+01
 -0.598962E+01
 -0.581328E+01
 -0.562969E+01
 -0.544044E+01
 -0.524374E+01
 -0.504019E+01
 -0.483226E+01
 -0.462132E+01
 -0.440718E+01
 -0.419096E+01
 -0.397389E+01
 -0.375607E+01
 -0.353660E+01
 -0.331581E+01
 -0.309502E+01
 -0.287496E+01
 -0.265505E+01
 -0.243601E+01
 -0.221789E+01
 -0.200028E+01
 -0.178345E+01
 -0.156658E+01
 -0.134964E+01
 -0.113410E+01
 -0.919768E+00
 -0.706370E+00
 -0.495486E+00
 -0.287602E+00
 -0.816027E-01
  0.123340E+00
  0.325595E+00
  0.525024E+00
  0.724020E+00
  0.923277E+00
  0.112191E+01
  0.132201E+01
  0.152578E+01
  0.173379E+01
  0.194651E+01
  0.216531E+01
  0.238989E+01
  0.262160E+01
  0.286207E+01
  0.311212E+01
  0.337210E+01
  0.364262E+01
  0.392150E+01
  0.420812E+01
  0.450225E+01
  0.480295E+01
  0.510842E+01
  0.541871E+01
  0.573173E+01
  0.604572E+01
  0.635980E+01
  0.667371E+01
  0.698408E+01
  0.729022E+01
  0.759271E+01
  0.789106E+01
  0.818300E+01
  0.847027E+01
  0.875210E+01
  0.902762E+01
  0.929643E+01
  0.955991E+01
  0.981550E+01
  0.100633E+02
  0.103045E+02
  0.105373E+02
  0.107593E+02
  0.109755E+02
  0.111842E+02
  0.113817E+02
  0.115696E+02
  0.117507E+02
  0.119181E+02
  0.120718E+02
  0.122160E+02
  0.123491E+02
  0.124660E+02
  0.125725E+02
  0.126700E+02
  0.127564E+02
  0.128340E+02
  0.129077E+02
  0.129743E+02
  0.130361E+02
  0.130964E+02
  0.131542E+02
  0.132067E+02
  0.132585E+02
  0.133071E+02
  0.133480E+02
  0.133825E+02
  0.134139E+02
  0.134359E+02
  0.134470E+02
  0.134499E+02
  0.134441E+02
  0.134242E+02
  0.133934E+02
  0.133540E+02
  0.133025E+02
  0.132371E+02
  0.131630E+02
  0.130782E+02
  0.129806E+02
  0.128723E+02
  0.127554E+02
  0.126260E+02
  0.124871E+02
  0.123402E+02
  0.121831E+02
  0.120161E+02
  0.118446E+02
  0.116656E+02
  0.114769E+02
  0.112815E+02
  0.110819E+02
  0.108724E+02
  0.106548E+02
  0.104346E+02
  0.102097E+02
  0.997704E+01
  0.974346E+01
  0.951029E+01
  0.927405E+01
  0.903616E+01
  0.880233E+01
  0.856879E+01
  0.833549E+01
  0.810783E+01
  0.788540E+01
  0.766446E+01
  0.744994E+01
  0.724211E+01
  0.703573E+01
  0.683184E+01
  0.663532E+01
  0.644131E+01
  0.624828E+01
  0.606146E+01
  0.587969E+01
  0.569607E+01
  0.551462E+01
  0.533727E+01
  0.515866E+01
  0.497908E+01
  0.480367E+01
  0.462958E+01
  0.445511E+01
  0.428342E+01
  0.411502E+01
  0.394658E+01
  0.378052E+01
  0.361921E+01
  0.346050E+01
  0.330346E+01
  0.315192E+01
  0.300676E+01
  0.286621E+01
  0.273110E+01
  0.260392E+01
  0.248165E+01
  0.236383E+01
  0.225336E+01
  0.214895E+01
  0.204770E+01
  0.195258E+01
  0.186365E+01
  0.177594E+01
  0.168882E+01
  0.160405E+01
  0.151812E+01
  0.142929E+01
  0.133846E+01
  0.124313E+01
  0.114025E+01
  0.103230E+01
  0.918944E+00
  0.796205E+00
  0.664858E+00
  0.526623E+00
  0.378274E+00
  0.219380E+00
  0.533248E-01
 -0.119351E+00
 -0.300759E+00
 -0.489482E+00
 -0.685208E+00
 -0.890849E+00
 -0.110521E+01
 -0.132613E+01
 -0.155526E+01
 -0.179248E+01
 -0.203444E+01
 -0.228076E+01
 -0.253172E+01
 -0.278468E+01
 -0.303945E+01
 -0.329757E+01
 -0.355738E+01
 -0.381743E+01
 -0.407862E+01
 -0.434267E+01
 -0.460862E+01
 -0.487548E+01
 -0.514232E+01
 -0.540762E+01
 -0.566735E+01
 -0.592025E+01
 -0.616601E+01
 -0.640236E+01
 -0.662826E+01
 -0.684458E+01
 -0.704994E+01
 -0.724464E+01
 -0.742843E+01
 -0.760099E+01
 -0.776183E+01
 -0.791165E+01
 -0.804908E+01
 -0.817437E+01
 -0.828856E+01
 -0.839231E+01
 -0.848556E+01
 -0.857025E+01
 -0.864713E+01
 -0.871745E+01
 -0.878049E+01
 -0.883618E+01
 -0.888376E+01
 -0.892426E+01
 -0.895892E+01
 -0.898777E+01
 -0.900941E+01
 -0.902702E+01
 -0.904083E+01
 -0.904904E+01
 -0.905280E+01
 -0.905400E+01
 -0.904916E+01
 -0.903921E+01
 -0.902681E+01
 -0.901178E+01
 -0.899274E+01
 -0.897170E+01
 -0.894889E+01
 -0.892306E+01
 -0.889264E+01
 -0.885898E+01
 -0.882047E+01
 -0.877498E+01
 -0.872192E+01
 -0.866218E+01
 -0.859294E+01
 -0.851383E+01
 -0.842670E+01
 -0.833064E+01
 -0.822344E+01
 -0.810815E+01
 -0.798347E+01
 -0.784709E+01
 -0.770125E+01
 -0.754778E+01
 -0.738389E+01
 -0.721059E+01
 -0.703038E+01
 -0.684308E+01
 -0.664831E+01
 -0.645049E+01
 -0.625024E+01
 -0.604510E+01
 -0.583648E+01
 -0.562720E+01
 -0.541470E+01
 -0.520096E+01
 -0.498991E+01
 -0.477985E+01
 -0.457072E+01
 -0.436564E+01
 -0.416303E+01
 -0.396242E+01
 -0.376623E+01
 -0.357443E+01
 -0.338546E+01
 -0.320189E+01
 -0.302412E+01
 -0.284991E+01
 -0.268065E+01
 -0.251764E+01
 -0.235852E+01
 -0.220335E+01
 -0.205378E+01
 -0.190790E+01
 -0.176483E+01
 -0.162630E+01
 -0.149163E+01
 -0.136213E+01
 -0.124105E+01
 -0.112858E+01
 -0.102482E+01
 -0.931134E+00
 -0.847740E+00
 -0.775124E+00
 -0.714714E+00
 -0.666863E+00
 -0.632388E+00
 -0.611981E+00
 -0.606291E+00
 -0.616730E+00
 -0.643047E+00
 -0.683742E+00
 -0.738807E+00
 -0.806700E+00
 -0.884264E+00
 -0.971029E+00
 -0.106537E+01
 -0.116331E+01
 -0.126557E+01
 -0.137260E+01
 -0.148092E+01
 -0.158985E+01
 -0.170076E+01
 -0.181176E+01
 -0.192082E+01
 -0.202923E+01
 -0.213710E+01
 -0.224261E+01
 -0.234624E+01
 -0.244957E+01
 -0.255041E+01
 -0.264778E+01
 -0.274401E+01
 -0.283830E+01
 -0.292891E+01
 -0.301842E+01
 -0.310790E+01
 -0.319676E+01
 -0.328714E+01
 -0.338213E+01
 -0.348154E+01
 -0.358545E+01
 -0.369582E+01
 -0.381318E+01
 -0.393535E+01
 -0.406298E+01
 -0.419835E+01
 -0.434136E+01
 -0.448952E+01
 -0.464344E+01
 -0.480312E+01
 -0.496633E+01
 -0.513284E+01
 -0.530260E+01
 -0.547150E+01
 -0.563766E+01
 -0.580081E+01
 -0.595834E+01
 -0.610789E+01
 -0.625129E+01
 -0.638641E+01
 -0.651053E+01
 -0.662430E+01
 -0.672766E+01
 -0.681800E+01
 -0.689578E+01
 -0.696078E+01
 -0.701250E+01
 -0.705117E+01
 -0.707691E+01
 -0.708762E+01
 -0.708351E+01
 -0.706398E+01
 -0.702922E+01
 -0.697961E+01
 -0.691567E+01
 -0.683813E+01
 -0.674746E+01
 -0.664343E+01
 -0.652923E+01
 -0.640624E+01
 -0.627462E+01
 -0.613674E+01
 -0.599543E+01
 -0.584903E+01
 -0.569929E+01
 -0.555082E+01
 -0.540520E+01
 -0.526290E+01
 -0.512729E+01
 -0.499898E+01
 -0.487794E+01
 -0.476467E+01
 -0.465952E+01
 -0.456382E+01
 -0.447905E+01
 -0.440442E+01
 -0.434070E+01
 -0.428867E+01
 -0.424817E+01
 -0.421731E+01
 -0.419509E+01
 -0.418165E+01
 -0.417598E+01
 -0.417559E+01
 -0.417847E+01
 -0.418338E+01
 -0.418971E+01
 -0.419536E+01
 -0.419938E+01
 -0.420120E+01
 -0.420002E+01
 -0.419401E+01
 -0.418259E+01
 -0.416701E+01
 -0.414827E+01
 -0.412468E+01
 -0.409561E+01
 -0.406243E+01
 -0.402446E+01
 -0.398085E+01
 -0.393390E+01
 -0.388417E+01
 -0.383111E+01
 -0.377460E+01
 -0.371557E+01
 -0.365315E+01
 -0.358701E+01
 -0.351748E+01
 -0.344324E+01
 -0.336410E+01
 -0.327976E+01
 -0.318704E+01
 -0.308467E+01
 -0.297446E+01
 -0.285584E+01
 -0.272540E+01
 -0.258583E+01
 -0.244103E+01
 -0.228956E+01
 -0.213150E+01
 -0.197117E+01
 -0.180956E+01
 -0.164445E+01
 -0.147804E+01
 -0.131267E+01
 -0.114625E+01
 -0.978269E+00
 -0.810386E+00
 -0.641755E+00
 -0.471795E+00
 -0.303504E+00
 -0.137177E+00
  0.304366E-01
  0.197261E+00
  0.362066E+00
  0.528814E+00
  0.697240E+00
  0.863721E+00
  0.103125E+01
  0.120274E+01
  0.137433E+01
  0.154487E+01
  0.172032E+01
  0.190025E+01
  0.208075E+01
  0.226356E+01
  0.245142E+01
  0.264081E+01
  0.282951E+01
  0.301846E+01
  0.320673E+01
  0.339182E+01
  0.357488E+01
  0.375490E+01
  0.392972E+01
  0.410047E+01
  0.426826E+01
  0.443038E+01
  0.458792E+01
  0.474131E+01
  0.488858E+01
  0.502899E+01
  0.516468E+01
  0.529397E+01
  0.541507E+01
  0.552841E+01
  0.563530E+01
  0.573296E+01
  0.582021E+01
  0.589724E+01
  0.596379E+01
  0.601732E+01
  0.605817E+01
  0.608686E+01
  0.610212E+01
  0.610224E+01
  0.608903E+01
  0.606207E+01
  0.602191E+01
  0.596982E+01
  0.590721E+01
  0.583394E+01
  0.575189E+01
  0.566012E+01
  0.555851E+01
  0.544911E+01
  0.533365E+01
  0.521094E+01
  0.508219E+01
  0.494850E+01
  0.480990E+01
  0.466534E+01
  0.451614E+01
  0.436168E+01
  0.420134E+01
  0.403547E+01
  0.386597E+01
  0.369478E+01
  0.352308E+01
  0.334829E+01
  0.317032E+01
  0.299090E+01
  0.280981E+01
  0.262767E+01
  0.245040E+01
  0.228010E+01
  0.211513E+01
  0.195527E+01
  0.180255E+01
  0.165527E+01
  0.151035E+01
  0.136956E+01
  0.123568E+01
  0.110712E+01
  0.983983E+00
  0.866328E+00
  0.751855E+00
  0.639942E+00
  0.531551E+00
  0.426698E+00
  0.328535E+00
  0.240404E+00
  0.161113E+00
  0.889755E-01
  0.270749E-01
 -0.235461E-01
 -0.648087E-01
 -0.951895E-01
 -0.110674E+00
 -0.111724E+00
 -0.999349E-01
 -0.720190E-01
 -0.268220E-01
  0.309922E-01
  0.101055E+00
  0.185405E+00
  0.282042E+00
  0.389524E+00
  0.508395E+00
  0.635899E+00
  0.769415E+00
  0.908337E+00
  0.105115E+01
  0.119500E+01
  0.133976E+01
  0.148406E+01
  0.162443E+01
  0.175987E+01
  0.189251E+01
  0.202177E+01
  0.214538E+01
  0.226480E+01
  0.238271E+01
  0.249634E+01
  0.260475E+01
  0.271074E+01
  0.281488E+01
  0.291390E+01
  0.300935E+01
  0.310262E+01
  0.319242E+01
  0.327860E+01
  0.336256E+01
  0.344459E+01
  0.352737E+01
  0.361224E+01
  0.369721E+01
  0.378073E+01
  0.386465E+01
  0.394591E+01
  0.402071E+01
  0.409026E+01
  0.415515E+01
  0.420875E+01
  0.424887E+01
  0.427733E+01
  0.429103E+01
  0.428482E+01
  0.426083E+01
  0.422100E+01
  0.416408E+01
  0.408986E+01
  0.400142E+01
  0.389898E+01
  0.378323E+01
  0.365714E+01
  0.352357E+01
  0.338209E+01
  0.323451E+01
  0.308260E+01
  0.292535E+01
  0.276313E+01
  0.260033E+01
  0.243593E+01
  0.226788E+01
  0.209903E+01
  0.193050E+01
  0.175965E+01
  0.158889E+01
  0.142228E+01
  0.126078E+01
  0.110591E+01
  0.961438E+00
  0.828484E+00
  0.707629E+00
  0.598923E+00
  0.503458E+00
  0.423548E+00
  0.359683E+00
  0.312499E+00
  0.284818E+00
  0.275532E+00
  0.282008E+00
  0.304356E+00
  0.342932E+00
  0.396113E+00
  0.462658E+00
  0.541246E+00
  0.629973E+00
  0.726393E+00
  0.828105E+00
  0.933129E+00
  0.104068E+01
  0.114936E+01
  0.125818E+01
  0.136612E+01
  0.147335E+01
  0.158032E+01
  0.168631E+01
  0.179165E+01
  0.190009E+01
  0.201237E+01
  0.212752E+01
  0.224655E+01
  0.237050E+01
  0.249656E+01
  0.262453E+01
  0.275506E+01
  0.288576E+01
  0.301384E+01
  0.313904E+01
  0.325969E+01
  0.337344E+01
  0.347888E+01
  0.357668E+01
  0.366522E+01
  0.374385E+01
  0.381380E+01
  0.387566E+01
  0.392936E+01
  0.397745E+01
  0.401911E+01
  0.405468E+01
  0.408775E+01
  0.412016E+01
  0.414959E+01
  0.417770E+01
  0.420531E+01
  0.422930E+01
  0.424780E+01
  0.426254E+01
  0.427193E+01
  0.427433E+01
  0.427083E+01
  0.426317E+01
  0.424977E+01
  0.423173E+01
  0.421085E+01
  0.418847E+01
  0.416654E+01
  0.414905E+01
  0.413731E+01
  0.413290E+01
  0.413850E+01
  0.415614E+01
  0.418499E+01
  0.422783E+01
  0.428749E+01
  0.436262E+01
  0.445175E+01
  0.455734E+01
  0.467743E+01
  0.480695E+01
  0.494343E+01
  0.508733E+01
  0.523404E+01
  0.538115E+01
  0.553007E+01
  0.568019E+01
  0.582816E+01
  0.597434E+01
  0.611910E+01
  0.626327E+01
  0.640710E+01
  0.655044E+01
  0.669073E+01
  0.682801E+01
  0.696140E+01
  0.709093E+01
  0.721657E+01
  0.733847E+01
  0.745506E+01
  0.756677E+01
  0.767300E+01
  0.777402E+01
  0.786887E+01
  0.795678E+01
  0.803576E+01
  0.810687E+01
  0.816797E+01
  0.821673E+01
  0.825341E+01
  0.827911E+01
  0.829137E+01
  0.829116E+01
  0.828034E+01
  0.825939E+01
  0.822654E+01
  0.818386E+01
  0.813247E+01
  0.807417E+01
  0.801089E+01
  0.794545E+01
  0.787803E+01
  0.780994E+01
  0.774091E+01
  0.767097E+01
  0.760002E+01
  0.752913E+01
  0.745669E+01
  0.738371E+01
  0.731123E+01
  0.723915E+01
  0.716600E+01
  0.709183E+01
  0.701535E+01
  0.693738E+01
  0.685717E+01
  0.677459E+01
  0.669058E+01
  0.660622E+01
  0.651849E+01
  0.642675E+01
  0.633125E+01
  0.623055E+01
  0.612320E+01
  0.601241E+01
  0.589731E+01
  0.577640E+01
  0.565117E+01
  0.552448E+01
  0.539555E+01
  0.526401E+01
  0.513109E+01
  0.499749E+01
  0.486089E+01
  0.472127E+01
  0.457792E+01
  0.442934E+01
  0.427384E+01
  0.411247E+01
  0.394454E+01
  0.377073E+01
  0.359360E+01
  0.341407E+01
  0.323236E+01
  0.305256E+01
  0.287657E+01
  0.270417E+01
  0.253754E+01
  0.238038E+01
  0.223144E+01
  0.208922E+01
  0.195351E+01
  0.182164E+01
  0.169022E+01
  0.155869E+01
  0.142542E+01
  0.128751E+01
  0.114348E+01
  0.992923E+00
  0.832650E+00
  0.662023E+00
  0.482942E+00
  0.295572E+00
  0.100466E+00
 -0.982097E-01
 -0.298282E+00
 -0.500305E+00
 -0.700290E+00
 -0.893268E+00
 -0.108010E+01
 -0.126067E+01
 -0.143165E+01
 -0.159328E+01
 -0.174739E+01
 -0.189210E+01
 -0.202669E+01
 -0.215552E+01
 -0.228050E+01
 -0.240040E+01
 -0.251714E+01
 -0.263159E+01
 -0.274020E+01
 -0.284301E+01
 -0.294162E+01
 -0.303474E+01
 -0.312164E+01
 -0.320400E+01
 -0.328110E+01
 -0.335058E+01
 -0.341239E+01
 -0.346681E+01
 -0.351257E+01
 -0.355008E+01
 -0.358035E+01
 -0.360486E+01
 -0.362464E+01
 -0.364032E+01
 -0.365236E+01
 -0.366172E+01
 -0.366784E+01
 -0.367047E+01
 -0.367046E+01
 -0.366793E+01
 -0.366219E+01
 -0.365443E+01
 -0.364506E+01
 -0.363339E+01
 -0.362015E+01
 -0.360846E+01
 -0.359905E+01
 -0.359133E+01
 -0.358573E+01
 -0.358193E+01
 -0.357807E+01
 -0.357444E+01
 -0.357221E+01
 -0.357096E+01
 -0.356972E+01
 -0.357030E+01
 -0.357301E+01
 -0.357625E+01
 -0.357951E+01
 -0.358267E+01
 -0.358385E+01
 -0.358218E+01
 -0.357678E+01
 -0.356696E+01
 -0.355175E+01
 -0.353065E+01
 -0.350333E+01
 -0.347046E+01
 -0.343333E+01
 -0.339271E+01
 -0.334852E+01
 -0.330143E+01
 -0.325252E+01
 -0.320227E+01
 -0.314968E+01
 -0.309509E+01
 -0.304029E+01
 -0.298617E+01
 -0.293281E+01
 -0.288264E+01
 -0.283807E+01
 -0.280011E+01
 -0.276842E+01
 -0.274357E+01
 -0.272570E+01
 -0.271338E+01
 -0.270504E+01
 -0.269980E+01
 -0.269606E+01
 -0.269155E+01
 -0.268555E+01
 -0.267841E+01
 -0.267066E+01
 -0.266343E+01
 -0.265672E+01
 -0.265132E+01
 -0.264804E+01
 -0.264677E+01
 -0.264649E+01
 -0.264667E+01
 -0.264701E+01
 -0.264583E+01
 -0.263994E+01
 -0.262852E+01
 -0.261068E+01
 -0.258340E+01
 -0.254615E+01
 -0.250094E+01
 -0.244791E+01
 -0.238756E+01
 -0.232376E+01
 -0.225888E+01
 -0.219267E+01
 -0.212796E+01
 -0.206647E+01
 -0.200744E+01
 -0.195087E+01
 -0.189576E+01
 -0.183892E+01
 -0.177993E+01
 -0.171860E+01
 -0.165214E+01
 -0.158060E+01
 -0.150532E+01
 -0.142491E+01
 -0.133865E+01
 -0.124804E+01
 -0.115409E+01
 -0.105698E+01
 -0.956112E+00
 -0.850777E+00
 -0.741996E+00
 -0.631266E+00
 -0.518769E+00
 -0.405086E+00
 -0.291887E+00
 -0.180535E+00
 -0.717715E-01
  0.332519E-01
  0.132312E+00
  0.224298E+00
  0.310907E+00
  0.391888E+00
  0.464721E+00
  0.526866E+00
  0.577960E+00
  0.616827E+00
  0.640187E+00
  0.647227E+00
  0.639934E+00
  0.615823E+00
  0.571729E+00
  0.510160E+00
  0.432387E+00
  0.335179E+00
  0.219766E+00
  0.882992E-01
 -0.604191E-01
 -0.225576E+00
 -0.404547E+00
 -0.596572E+00
 -0.798574E+00
 -0.100619E+01
 -0.121760E+01
 -0.143052E+01
 -0.164192E+01
 -0.185044E+01
 -0.205563E+01
 -0.225672E+01
 -0.245161E+01
 -0.263927E+01
 -0.282084E+01
 -0.299525E+01
 -0.316140E+01
 -0.332137E+01
 -0.347741E+01
 -0.362766E+01
 -0.377147E+01
 -0.391043E+01
 -0.404363E+01
 -0.416944E+01
 -0.428843E+01
 -0.440044E+01
 -0.450464E+01
 -0.459833E+01
 -0.468046E+01
 -0.475112E+01
 -0.481034E+01
 -0.485781E+01
 -0.489488E+01
 -0.492273E+01
 -0.494135E+01
 -0.495027E+01
 -0.495091E+01
 -0.494545E+01
 -0.493611E+01
 -0.492199E+01
 -0.490401E+01
 -0.488516E+01
 -0.486626E+01
 -0.484717E+01
 -0.483008E+01
 -0.481506E+01
 -0.480239E+01
 -0.479363E+01
 -0.479055E+01
 -0.479357E+01
 -0.480328E+01
 -0.481856E+01
 -0.483976E+01
 -0.486812E+01
 -0.490167E+01
 -0.493791E+01
 -0.497724E+01
 -0.501816E+01
 -0.505908E+01
 -0.509852E+01
 -0.513538E+01
 -0.516829E+01
 -0.519639E+01
 -0.521802E+01
 -0.523293E+01
 -0.524080E+01
 -0.524042E+01
 -0.523016E+01
 -0.521050E+01
 -0.518222E+01
 -0.514471E+01
 -0.509660E+01
 -0.504011E+01
 -0.497628E+01
 -0.490383E+01
 -0.482337E+01
 -0.473741E+01
 -0.464438E+01
 -0.454308E+01
 -0.443418E+01
 -0.431788E+01
 -0.419339E+01
 -0.406201E+01
 -0.392433E+01
 -0.378032E+01
 -0.363144E+01
 -0.347932E+01
 -0.332387E+01
 -0.316545E+01
 -0.300524E+01
 -0.284322E+01
 -0.267860E+01
 -0.251484E+01
 -0.235352E+01
 -0.219181E+01
 -0.203035E+01
 -0.187365E+01
 -0.172143E+01
 -0.157264E+01
 -0.143060E+01
 -0.129494E+01
 -0.116345E+01
 -0.103761E+01
 -0.918002E+00
 -0.803570E+00
 -0.694403E+00
 -0.590440E+00
 -0.491849E+00
 -0.398720E+00
 -0.309955E+00
 -0.225688E+00
 -0.146572E+00
 -0.716175E-01
 -0.913978E-03
  0.654560E-01
  0.127384E+00
  0.184986E+00
  0.238296E+00
  0.287664E+00
  0.333072E+00
  0.376054E+00
  0.418498E+00
  0.460267E+00
  0.502769E+00
  0.548051E+00
  0.596572E+00
  0.649760E+00
  0.707187E+00
  0.769066E+00
  0.837005E+00
  0.911300E+00
  0.990047E+00
  0.107332E+01
  0.116211E+01
  0.125552E+01
  0.135229E+01
  0.145310E+01
  0.155816E+01
  0.166721E+01
  0.177994E+01
  0.189784E+01
  0.202128E+01
  0.214802E+01
  0.227616E+01
  0.240683E+01
  0.253848E+01
  0.266936E+01
  0.279913E+01
  0.292714E+01
  0.305154E+01
  0.317154E+01
  0.328501E+01
  0.339090E+01
  0.348823E+01
  0.357452E+01
  0.364820E+01
  0.371010E+01
  0.375804E+01
  0.379065E+01
  0.380710E+01
  0.380714E+01
  0.379030E+01
  0.375711E+01
  0.370752E+01
  0.364208E+01
  0.356014E+01
  0.346066E+01
  0.334489E+01
  0.321502E+01
  0.306862E+01
  0.290665E+01
  0.273085E+01
  0.253889E+01
  0.232988E+01
  0.210710E+01
  0.187012E+01
  0.161942E+01
  0.135909E+01
  0.109063E+01
  0.812998E+00
  0.529317E+00
  0.242585E+00
 -0.462524E-01
 -0.335576E+00
 -0.622738E+00
 -0.906087E+00
 -0.118585E+01
 -0.146037E+01
 -0.172733E+01
 -0.198834E+01
 -0.224425E+01
 -0.249298E+01
 -0.273473E+01
 -0.297080E+01
 -0.319807E+01
 -0.341446E+01
 -0.362304E+01
 -0.382309E+01
 -0.401242E+01
 -0.419286E+01
 -0.436599E+01
 -0.452880E+01
 -0.468138E+01
 -0.482602E+01
 -0.496156E+01
 -0.508624E+01
 -0.520204E+01
 -0.530938E+01
 -0.540628E+01
 -0.549301E+01
 -0.557219E+01
 -0.564106E+01
 -0.569813E+01
 -0.574553E+01
 -0.578230E+01
 -0.580581E+01
 -0.581892E+01
 -0.582299E+01
 -0.581639E+01
 -0.580064E+01
 -0.577884E+01
 -0.574911E+01
 -0.571254E+01
 -0.567206E+01
 -0.562671E+01
 -0.557444E+01
 -0.551907E+01
 -0.546218E+01
 -0.540173E+01
 -0.533910E+01
 -0.527732E+01
 -0.521382E+01
 -0.514769E+01
 -0.508113E+01
 -0.501342E+01
 -0.494239E+01
 -0.487057E+01
 -0.479826E+01
 -0.472346E+01
 -0.464821E+01
 -0.457556E+01
 -0.450324E+01
 -0.443092E+01
 -0.436151E+01
 -0.429533E+01
 -0.422977E+01
 -0.416744E+01
 -0.411146E+01
 -0.405981E+01
 -0.401200E+01
 -0.397150E+01
 -0.393864E+01
 -0.391260E+01
 -0.389487E+01
 -0.388569E+01
 -0.388294E+01
 -0.388793E+01
 -0.390044E+01
 -0.391777E+01
 -0.393960E+01
 -0.396639E+01
 -0.399423E+01
 -0.402197E+01
 -0.405195E+01
 -0.408109E+01
 -0.410480E+01
 -0.412554E+01
 -0.414423E+01
 -0.415703E+01
 -0.416276E+01
 -0.416383E+01
 -0.415818E+01
 -0.414227E+01
 -0.411655E+01
 -0.408308E+01
 -0.404057E+01
 -0.398857E+01
 -0.392788E+01
 -0.385745E+01
 -0.377679E+01
 -0.368835E+01
 -0.359170E+01
 -0.348597E+01
 -0.337381E+01
 -0.325633E+01
 -0.313027E+01
 -0.299630E+01
 -0.285757E+01
 -0.271313E+01
 -0.256232E+01
 -0.240919E+01
 -0.225587E+01
 -0.210058E+01
 -0.194305E+01
 -0.178524E+01
 -0.162641E+01
 -0.146464E+01
 -0.130181E+01
 -0.113998E+01
 -0.978348E+00
 -0.817784E+00
 -0.660013E+00
 -0.505862E+00
 -0.358102E+00
 -0.217939E+00
 -0.851215E-01
  0.384275E-01
  0.151691E+00
  0.256260E+00
  0.352383E+00
  0.438753E+00
  0.514698E+00
  0.581759E+00
  0.640827E+00
  0.690852E+00
  0.731593E+00
  0.764887E+00
  0.787978E+00
  0.797608E+00
  0.794871E+00
  0.779224E+00
  0.748114E+00
  0.703081E+00
  0.644653E+00
  0.571506E+00
  0.484892E+00
  0.386447E+00
  0.275983E+00
  0.154923E+00
  0.246164E-01
 -0.115335E+00
 -0.264748E+00
 -0.420496E+00
 -0.581963E+00
 -0.751722E+00
 -0.928727E+00
 -0.110937E+01
 -0.129522E+01
 -0.148834E+01
 -0.168461E+01
 -0.188085E+01
 -0.207869E+01
 -0.227701E+01
 -0.247157E+01
 -0.266209E+01
 -0.284796E+01
 -0.302568E+01
 -0.319465E+01
 -0.335657E+01
 -0.351078E+01
 -0.365698E+01
 -0.379575E+01
 -0.392563E+01
 -0.404606E+01
 -0.415886E+01
 -0.426170E+01
 -0.435310E+01
 -0.443445E+01
 -0.450459E+01
 -0.455995E+01
 -0.460052E+01
 -0.462714E+01
 -0.463855E+01
 -0.463478E+01
 -0.461779E+01
 -0.458552E+01
 -0.453762E+01
 -0.447484E+01
 -0.439614E+01
 -0.430237E+01
 -0.419760E+01
 -0.408181E+01
 -0.395385E+01
 -0.381834E+01
 -0.367830E+01
 -0.353064E+01
 -0.337575E+01
 -0.321659E+01
 -0.305170E+01
 -0.287810E+01
 -0.269855E+01
 -0.251292E+01
 -0.231624E+01
 -0.210798E+01
 -0.189001E+01
 -0.166004E+01
 -0.141616E+01
 -0.116157E+01
 -0.898098E+00
 -0.624587E+00
 -0.343189E+00
 -0.560719E-01
  0.239137E+00
  0.542375E+00
  0.850957E+00
  0.116579E+01
  0.148760E+01
  0.181216E+01
  0.213877E+01
  0.246943E+01
  0.280137E+01
  0.313097E+01
  0.346132E+01
  0.379333E+01
  0.412447E+01
  0.445527E+01
  0.478783E+01
  0.511805E+01
  0.544423E+01
  0.576822E+01
  0.608908E+01
  0.640251E+01
  0.670943E+01
  0.700942E+01
  0.730055E+01
  0.758370E+01
  0.786164E+01
  0.813148E+01
  0.839373E+01
  0.865055E+01
  0.890158E+01
  0.914490E+01
  0.938273E+01
  0.961447E+01
  0.983843E+01
  0.100545E+02
  0.102652E+02
  0.104676E+02
  0.106613E+02
  0.108466E+02
  0.110238E+02
  0.111892E+02
  0.113448E+02
  0.114908E+02
  0.116233E+02
  0.117401E+02
  0.118442E+02
  0.119330E+02
  0.120073E+02
  0.120696E+02
  0.121195E+02
  0.121554E+02
  0.121820E+02
  0.121980E+02
  0.122028E+02
  0.121992E+02
  0.121901E+02
  0.121720E+02
  0.121468E+02
  0.121172E+02
  0.120818E+02
  0.120368E+02
  0.119857E+02
  0.119286E+02
  0.118628E+02
  0.117883E+02
  0.117081E+02
  0.116187E+02
  0.115210E+02
  0.114179E+02
  0.113102E+02
  0.111960E+02
  0.110784E+02
  0.109563E+02
  0.108289E+02
  0.106969E+02
  0.105614E+02
  0.104201E+02
  0.102734E+02
  0.101221E+02
  0.996840E+01
  0.981160E+01
  0.965212E+01
  0.949002E+01
  0.932496E+01
  0.915621E+01
  0.898569E+01
  0.881174E+01
  0.863380E+01
  0.845298E+01
  0.827002E+01
  0.808303E+01
  0.789440E+01
  0.770388E+01
  0.751136E+01
  0.731751E+01
  0.712327E+01
  0.692840E+01
  0.673411E+01
  0.653895E+01
  0.634193E+01
  0.614301E+01
  0.594184E+01
  0.573617E+01
  0.552814E+01
  0.531723E+01
  0.510201E+01
  0.488394E+01
  0.466496E+01
  0.444511E+01
  0.422663E+01
  0.401044E+01
  0.379749E+01
  0.358855E+01
  0.338372E+01
  0.318159E+01
  0.298206E+01
  0.278518E+01
  0.259035E+01
  0.239626E+01
  0.220405E+01
  0.201495E+01
  0.182949E+01
  0.164750E+01
  0.146921E+01
  0.129405E+01
  0.112162E+01
  0.951356E+00
  0.782596E+00
  0.614961E+00
  0.448426E+00
  0.281222E+00
  0.112940E+00
 -0.549268E-01
 -0.223472E+00
 -0.394767E+00
 -0.567551E+00
 -0.740800E+00
 -0.915484E+00
 -0.109104E+01
 -0.126512E+01
 -0.143729E+01
 -0.160825E+01
 -0.177833E+01
 -0.194809E+01
 -0.211703E+01
 -0.228418E+01
 -0.244913E+01
 -0.261204E+01
 -0.277215E+01
 -0.292841E+01
 -0.308083E+01
 -0.322952E+01
 -0.337185E+01
 -0.350842E+01
 -0.364167E+01
 -0.376903E+01
 -0.388892E+01
 -0.400650E+01
 -0.412333E+01
 -0.423831E+01
 -0.435432E+01
 -0.447409E+01
 -0.459664E+01
 -0.472472E+01
 -0.486060E+01
 -0.500267E+01
 -0.515069E+01
 -0.530632E+01
 -0.546788E+01
 -0.563496E+01
 -0.580895E+01
 -0.599101E+01
 -0.617908E+01
 -0.637447E+01
 -0.658088E+01
 -0.679676E+01
 -0.702013E+01
 -0.725669E+01
 -0.750707E+01
 -0.776747E+01
 -0.803894E+01
 -0.832489E+01
 -0.862094E+01
 -0.892704E+01
 -0.924668E+01
 -0.957780E+01
 -0.991720E+01
 -0.102673E+02
 -0.106262E+02
 -0.109904E+02
 -0.113604E+02
 -0.117385E+02
 -0.121190E+02
 -0.125021E+02
 -0.128910E+02
 -0.132829E+02
 -0.136705E+02
 -0.140578E+02
 -0.144464E+02
 -0.148295E+02
 -0.152050E+02
 -0.155794E+02
 -0.159495E+02
 -0.163133E+02
 -0.166748E+02
 -0.170358E+02
 -0.173907E+02
 -0.177426E+02
 -0.180932E+02
 -0.184399E+02
 -0.187817E+02
 -0.191225E+02
 -0.194580E+02
 -0.197881E+02
 -0.201168E+02
 -0.204467E+02
 -0.207738E+02
 -0.211025E+02
 -0.214349E+02
 -0.217690E+02
 -0.221020E+02
 -0.224372E+02
 -0.227728E+02
 -0.231094E+02
 -0.234448E+02
 -0.237791E+02
 -0.241100E+02
 -0.244403E+02
 -0.247681E+02
 -0.250941E+02
 -0.254192E+02
 -0.257460E+02
 -0.260704E+02
 -0.263943E+02
 -0.267184E+02
 -0.270415E+02
 -0.273603E+02
 -0.276787E+02
 -0.279963E+02
 -0.283134E+02
 -0.286274E+02
 -0.289396E+02
 -0.292467E+02
 -0.295502E+02
 -0.298485E+02
 -0.301410E+02
 -0.304260E+02
 -0.307079E+02
 -0.309832E+02
 -0.312518E+02
 -0.315154E+02
 -0.317762E+02
 -0.320265E+02
 -0.322675E+02
 -0.325014E+02
 -0.327266E+02
 -0.329366E+02
 -0.331355E+02
 -0.333231E+02
 -0.334994E+02
 -0.336621E+02
 -0.338146E+02
 -0.339535E+02
 -0.340785E+02
 -0.341874E+02
 -0.342803E+02
 -0.343531E+02
 -0.344089E+02
 -0.344450E+02
 -0.344610E+02
 -0.344569E+02
 -0.344377E+02
 -0.343985E+02
 -0.343388E+02
 -0.342611E+02
 -0.341678E+02
 -0.340511E+02
 -0.339158E+02
 -0.337650E+02
 -0.335962E+02
 -0.334048E+02
 -0.331988E+02
 -0.329766E+02
 -0.327346E+02
 -0.324728E+02
 -0.321958E+02
 -0.318992E+02
 -0.315858E+02
 -0.312559E+02
 -0.309092E+02
 -0.305452E+02
 -0.301690E+02
 -0.297757E+02
 -0.293662E+02
 -0.289425E+02
 -0.285062E+02
 -0.280524E+02
 -0.275842E+02
 -0.271039E+02
 -0.266121E+02
 -0.261061E+02
 -0.255908E+02
 -0.250676E+02
 -0.245369E+02
 -0.239983E+02
 -0.234571E+02
 -0.229114E+02
 -0.223621E+02
 -0.218125E+02
 -0.212659E+02
 -0.207190E+02
 -0.201741E+02
 -0.196309E+02
 -0.190883E+02
 -0.185454E+02
 -0.180045E+02
 -0.174623E+02
 -0.169195E+02
 -0.163779E+02
 -0.158371E+02
 -0.152948E+02
 -0.147546E+02
 -0.142160E+02
 -0.136758E+02
 -0.131342E+02
 -0.125958E+02
 -0.120586E+02
 -0.115209E+02
 -0.109854E+02
 -0.104545E+02
 -0.992491E+01
 -0.939891E+01
 -0.887897E+01
 -0.836446E+01
 -0.785515E+01
 -0.735262E+01
 -0.685680E+01
 -0.636759E+01
 -0.588508E+01
 -0.541099E+01
 -0.494550E+01
 -0.448887E+01
 -0.404216E+01
 -0.360597E+01
 -0.318015E+01
 -0.276624E+01
 -0.236531E+01
 -0.197681E+01
 -0.160077E+01
 -0.123786E+01
 -0.886572E+00
 -0.544486E+00
 -0.212934E+00
  0.106905E+00
  0.417571E+00
  0.719032E+00
  0.100805E+01
  0.128818E+01
  0.156272E+01
  0.182985E+01
  0.209044E+01
  0.234844E+01
  0.260327E+01
  0.285491E+01
  0.310593E+01
  0.335670E+01
  0.360495E+01
  0.385156E+01
  0.409590E+01
  0.433682E+01
  0.457505E+01
  0.481304E+01
  0.504904E+01
  0.528399E+01
  0.552040E+01
  0.575631E+01
  0.598772E+01
  0.621682E+01
  0.644296E+01
  0.666265E+01
  0.687495E+01
  0.708183E+01
  0.728029E+01
  0.746852E+01
  0.764784E+01
  0.781925E+01
  0.797976E+01
  0.813052E+01
  0.827167E+01
  0.840211E+01
  0.851983E+01
  0.862599E+01
  0.871971E+01
  0.880126E+01
  0.887062E+01
  0.892788E+01
  0.897147E+01
  0.900297E+01
  0.902264E+01
  0.903088E+01
  0.902842E+01
  0.901792E+01
  0.899839E+01
  0.897247E+01
  0.894312E+01
  0.891178E+01
  0.887794E+01
  0.884259E+01
  0.880527E+01
  0.876721E+01
  0.872777E+01
  0.868739E+01
  0.864614E+01
  0.860612E+01
  0.856716E+01
  0.853000E+01
  0.849496E+01
  0.846313E+01
  0.843343E+01
  0.840770E+01
  0.838596E+01
  0.836792E+01
  0.835299E+01
  0.834289E+01
  0.833837E+01
  0.834035E+01
  0.834762E+01
  0.836190E+01
  0.838285E+01
  0.841013E+01
  0.844393E+01
  0.848544E+01
  0.853447E+01
  0.859389E+01
  0.866312E+01
  0.874063E+01
  0.882694E+01
  0.892422E+01
  0.902917E+01
  0.914101E+01
  0.925915E+01
  0.938127E+01
  0.950329E+01
  0.962721E+01
  0.975152E+01
  0.987215E+01
  0.998873E+01
  0.101037E+02
  0.102141E+02
  0.103186E+02
  0.104166E+02
  0.105084E+02
  0.105915E+02
  0.106679E+02
  0.107373E+02
  0.107997E+02
  0.108545E+02
  0.109034E+02
  0.109463E+02
  0.109844E+02
  0.110182E+02
  0.110474E+02
  0.110684E+02
  0.110831E+02
  0.110902E+02
  0.110869E+02
  0.110731E+02
  0.110524E+02
  0.110213E+02
  0.109791E+02
  0.109299E+02
  0.108754E+02
  0.108117E+02
  0.107421E+02
  0.106693E+02
  0.105918E+02
  0.105095E+02
  0.104276E+02
  0.103441E+02
  0.102574E+02
  0.101694E+02
  0.100814E+02
  0.999097E+01
  0.990224E+01
  0.981560E+01
  0.972715E+01
  0.963734E+01
  0.955126E+01
  0.946565E+01
  0.938035E+01
  0.929961E+01
  0.922519E+01
  0.915388E+01
  0.908793E+01
  0.902827E+01
  0.897331E+01
  0.892169E+01
  0.887474E+01
  0.883228E+01
  0.879514E+01
  0.876189E+01
  0.873241E+01
  0.870628E+01
  0.868523E+01
  0.866772E+01
  0.865367E+01
  0.864327E+01
  0.863643E+01
  0.863119E+01
  0.862808E+01
  0.862743E+01
  0.862871E+01
  0.862898E+01
  0.862880E+01
  0.862711E+01
  0.862230E+01
  0.861238E+01
  0.859906E+01
  0.858158E+01
  0.855856E+01
  0.852857E+01
  0.849159E+01
  0.844629E+01
  0.839334E+01
  0.833131E+01
  0.826146E+01
  0.818552E+01
  0.810391E+01
  0.801502E+01
  0.792136E+01
  0.782504E+01
  0.772645E+01
  0.762420E+01
  0.752147E+01
  0.741943E+01
  0.731658E+01
  0.721223E+01
  0.711022E+01
  0.701032E+01
  0.691118E+01
  0.681327E+01
  0.671807E+01
  0.662292E+01
  0.652678E+01
  0.642994E+01
  0.633278E+01
  0.623546E+01
  0.613998E+01
  0.604552E+01
  0.595441E+01
  0.586900E+01
  0.578914E+01
  0.571320E+01
  0.564390E+01
  0.558196E+01
  0.552659E+01
  0.547920E+01
  0.544229E+01
  0.541414E+01
  0.539386E+01
  0.538152E+01
  0.537744E+01
  0.538100E+01
  0.539251E+01
  0.541039E+01
  0.543573E+01
  0.546854E+01
  0.550729E+01
  0.555024E+01
  0.559852E+01
  0.565106E+01
  0.570599E+01
  0.576301E+01
  0.582382E+01
  0.588589E+01
  0.594817E+01
  0.601290E+01
  0.608085E+01
  0.615032E+01
  0.622374E+01
  0.630205E+01
  0.638503E+01
  0.647107E+01
  0.656072E+01
  0.665324E+01
  0.674866E+01
  0.684656E+01
  0.694787E+01
  0.705230E+01
  0.715989E+01
  0.726970E+01
  0.738191E+01
  0.749477E+01
  0.760806E+01
  0.772099E+01
  0.783327E+01
  0.794392E+01
  0.805316E+01
  0.815893E+01
  0.826174E+01
  0.836168E+01
  0.845815E+01
  0.854883E+01
  0.863531E+01
  0.871737E+01
  0.879370E+01
  0.886374E+01
  0.892864E+01
  0.898694E+01
  0.904055E+01
  0.909036E+01
  0.913640E+01
  0.917801E+01
  0.921744E+01
  0.925386E+01
  0.928839E+01
  0.932245E+01
  0.935578E+01
  0.938662E+01
  0.941849E+01
  0.945188E+01
  0.948464E+01
  0.951786E+01
  0.955685E+01
  0.959944E+01
  0.964448E+01
  0.969439E+01
  0.975100E+01
  0.981142E+01
  0.987811E+01
  0.995264E+01
  0.100334E+02
  0.101194E+02
  0.102119E+02
  0.103076E+02
  0.104078E+02
  0.105128E+02
  0.106223E+02
  0.107353E+02
  0.108547E+02
  0.109790E+02
  0.111052E+02
  0.112339E+02
  0.113696E+02
  0.115097E+02
  0.116536E+02
  0.118028E+02
  0.119594E+02
  0.121200E+02
  0.122853E+02
  0.124558E+02
  0.126309E+02
  0.128094E+02
  0.129923E+02
  0.131773E+02
  0.133648E+02
  0.135530E+02
  0.137410E+02
  0.139282E+02
  0.141161E+02
  0.143011E+02
  0.144827E+02
  0.146627E+02
  0.148433E+02
  0.150214E+02
  0.151970E+02
  0.153694E+02
  0.155389E+02
  0.157021E+02
  0.158594E+02
  0.160108E+02
  0.161602E+02
  0.163055E+02
  0.164462E+02
  0.165832E+02
  0.167175E+02
  0.168446E+02
  0.169672E+02
  0.170876E+02
  0.172057E+02
  0.173196E+02
  0.174313E+02
  0.175387E+02
  0.176436E+02
  0.177446E+02
  0.178405E+02
  0.179314E+02
  0.180204E+02
  0.181036E+02
  0.181798E+02
  0.182503E+02
  0.183164E+02
  0.183743E+02
  0.184263E+02
  0.184740E+02
  0.185173E+02
  0.185520E+02
  0.185800E+02
  0.186004E+02
  0.186117E+02
  0.186121E+02
  0.186050E+02
  0.185891E+02
  0.185651E+02
  0.185315E+02
  0.184891E+02
  0.184364E+02
  0.183745E+02
  0.183004E+02
  0.182151E+02
  0.181202E+02
  0.180160E+02
  0.178986E+02
  0.177715E+02
  0.176359E+02
  0.174909E+02
  0.173334E+02
  0.171670E+02
  0.169921E+02
  0.168079E+02
  0.166138E+02
  0.164137E+02
  0.162069E+02
  0.159943E+02
  0.157763E+02
  0.155537E+02
  0.153255E+02
  0.150945E+02
  0.148584E+02
  0.146178E+02
  0.143751E+02
  0.141309E+02
  0.138812E+02
  0.136297E+02
  0.133770E+02
  0.131198E+02
  0.128564E+02
  0.125913E+02
  0.123241E+02
  0.120535E+02
  0.117797E+02
  0.115062E+02
  0.112314E+02
  0.109553E+02
  0.106797E+02
  0.104077E+02
  0.101387E+02
  0.987299E+01
  0.961158E+01
  0.935516E+01
  0.910185E+01
  0.885380E+01
  0.861112E+01
  0.837405E+01
  0.814291E+01
  0.791705E+01
  0.769422E+01
  0.747634E+01
  0.726287E+01
  0.705194E+01
  0.684348E+01
  0.663902E+01
  0.643545E+01
  0.623165E+01
  0.602806E+01
  0.582495E+01
  0.561956E+01
  0.541112E+01
  0.520114E+01
  0.499026E+01
  0.477680E+01
  0.456158E+01
  0.434437E+01
  0.412433E+01
  0.390020E+01
  0.367224E+01
  0.343996E+01
  0.320362E+01
  0.296245E+01
  0.271523E+01
  0.246268E+01
  0.220673E+01
  0.194506E+01
  0.167665E+01
  0.140329E+01
  0.112434E+01
  0.837273E+00
  0.542548E+00
  0.240880E+00
 -0.685445E-01
 -0.387336E+00
 -0.715636E+00
 -0.105224E+01
 -0.139718E+01
 -0.175110E+01
 -0.211353E+01
 -0.248309E+01
 -0.285910E+01
 -0.324091E+01
 -0.362690E+01
 -0.401471E+01
 -0.440427E+01
 -0.479529E+01
 -0.518492E+01
 -0.557033E+01
 -0.595198E+01
 -0.632727E+01
 -0.669269E+01
 -0.704729E+01
 -0.739210E+01
 -0.772525E+01
 -0.804541E+01
 -0.835186E+01
 -0.864470E+01
 -0.892280E+01
 -0.918725E+01
 -0.943795E+01
 -0.967496E+01
 -0.989884E+01
 -0.101115E+02
 -0.103115E+02
 -0.104988E+02
 -0.106749E+02
 -0.108399E+02
 -0.109908E+02
 -0.111288E+02
 -0.112557E+02
 -0.113707E+02
 -0.114730E+02
 -0.115666E+02
 -0.116503E+02
 -0.117225E+02
 -0.117839E+02
 -0.118373E+02
 -0.118814E+02
 -0.119161E+02
 -0.119431E+02
 -0.119647E+02
 -0.119781E+02
 -0.119841E+02
 -0.119837E+02
 -0.119753E+02
 -0.119578E+02
 -0.119356E+02
 -0.119068E+02
 -0.118702E+02
 -0.118297E+02
 -0.117862E+02
 -0.117359E+02
 -0.116823E+02
 -0.116275E+02
 -0.115705E+02
 -0.115118E+02
 -0.114567E+02
 -0.114046E+02
 -0.113555E+02
 -0.113118E+02
 -0.112751E+02
 -0.112419E+02
 -0.112111E+02
 -0.111816E+02
 -0.111503E+02
 -0.111158E+02
 -0.110806E+02
 -0.110421E+02
 -0.109999E+02
 -0.109567E+02
 -0.109124E+02
 -0.108639E+02
 -0.108146E+02
 -0.107645E+02
 -0.107117E+02
 -0.106577E+02
 -0.106060E+02
 -0.105547E+02
 -0.105035E+02
 -0.104544E+02
 -0.104090E+02
 -0.103659E+02
 -0.103263E+02
 -0.102899E+02
 -0.102555E+02
 -0.102228E+02
 -0.101942E+02
 -0.101679E+02
 -0.101431E+02
 -0.101195E+02
 -0.100974E+02
 -0.100751E+02
 -0.100543E+02
 -0.100349E+02
 -0.100164E+02
 -0.999932E+01
 -0.998520E+01
 -0.997287E+01
 -0.996275E+01
 -0.995493E+01
 -0.995029E+01
 -0.994885E+01
 -0.995101E+01
 -0.995696E+01
 -0.996735E+01
 -0.997952E+01
 -0.999502E+01
 -0.100147E+02
 -0.100386E+02
 -0.100675E+02
 -0.101016E+02
 -0.101380E+02
 -0.101751E+02
 -0.102124E+02
 -0.102505E+02
 -0.102875E+02
 -0.103221E+02
 -0.103528E+02
 -0.103801E+02
 -0.104014E+02
 -0.104151E+02
 -0.104199E+02
 -0.104144E+02
 -0.103973E+02
 -0.103693E+02
 -0.103275E+02
 -0.102738E+02
 -0.102100E+02
 -0.101331E+02
 -0.100417E+02
 -0.994042E+01
 -0.982662E+01
 -0.969955E+01
 -0.956302E+01
 -0.941688E+01
 -0.925698E+01
 -0.908646E+01
 -0.890646E+01
 -0.871413E+01
 -0.851093E+01
 -0.830027E+01
 -0.807978E+01
 -0.785055E+01
 -0.761450E+01
 -0.737084E+01
 -0.711883E+01
 -0.686301E+01
 -0.660371E+01
 -0.633771E+01
 -0.606696E+01
 -0.579564E+01
 -0.552101E+01
 -0.524141E+01
 -0.496051E+01
 -0.467988E+01
 -0.439718E+01
 -0.411403E+01
 -0.383302E+01
 -0.355371E+01
 -0.327473E+01
 -0.299699E+01
 -0.272041E+01
 -0.244315E+01
 -0.216441E+01
 -0.188332E+01
 -0.159908E+01
 -0.131279E+01
 -0.102371E+01
 -0.730099E+00
 -0.433297E+00
 -0.135043E+00
  0.165839E+00
  0.469559E+00
  0.772424E+00
  0.107532E+01
  0.138129E+01
  0.168740E+01
  0.199062E+01
  0.229351E+01
  0.259571E+01
  0.289453E+01
  0.319039E+01
  0.348464E+01
  0.377460E+01
  0.406188E+01
  0.434812E+01
  0.463213E+01
  0.491607E+01
  0.520408E+01
  0.549297E+01
  0.578113E+01
  0.607204E+01
  0.636597E+01
  0.665798E+01
  0.695111E+01
  0.724761E+01
  0.754277E+01
  0.783276E+01
  0.812243E+01
  0.841090E+01
  0.869345E+01
  0.897109E+01
  0.924748E+01
  0.951902E+01
  0.978603E+01
  0.100511E+02
  0.103151E+02
  0.105752E+02
  0.108332E+02
  0.110880E+02
  0.113373E+02
  0.115795E+02
  0.118149E+02
  0.120387E+02
  0.122507E+02
  0.124507E+02
  0.126361E+02
  0.128036E+02
  0.129587E+02
  0.131021E+02
  0.132319E+02
  0.133488E+02
  0.134555E+02
  0.135485E+02
  0.136257E+02
  0.136858E+02
  0.137295E+02
  0.137530E+02
  0.137568E+02
  0.137424E+02
  0.137119E+02
  0.136657E+02
  0.136078E+02
  0.135382E+02
  0.134572E+02
  0.133650E+02
  0.132609E+02
  0.131411E+02
  0.130090E+02
  0.128653E+02
  0.127079E+02
  0.125377E+02
  0.123610E+02
  0.121753E+02
  0.119806E+02
  0.117814E+02
  0.115796E+02
  0.113713E+02
  0.111608E+02
  0.109498E+02
  0.107363E+02
  0.105190E+02
  0.103015E+02
  0.100816E+02
  0.985946E+01
  0.963799E+01
  0.941816E+01
  0.919837E+01
  0.898271E+01
  0.877139E+01
  0.856361E+01
  0.836074E+01
  0.816497E+01
  0.797270E+01
  0.778381E+01
  0.760123E+01
  0.742579E+01
  0.725543E+01
  0.709202E+01
  0.693609E+01
  0.678598E+01
  0.663951E+01
  0.649855E+01
  0.636180E+01
  0.622750E+01
  0.609771E+01
  0.597416E+01
  0.585465E+01
  0.574156E+01
  0.563516E+01
  0.553339E+01
  0.543658E+01
  0.534588E+01
  0.525763E+01
  0.517046E+01
  0.508539E+01
  0.500124E+01
  0.491534E+01
  0.483102E+01
  0.474890E+01
  0.466549E+01
  0.457959E+01
  0.449379E+01
  0.440551E+01
  0.431098E+01
  0.421029E+01
  0.410418E+01
  0.398989E+01
  0.386873E+01
  0.374336E+01
  0.361377E+01
  0.347916E+01
  0.334037E+01
  0.319627E+01
  0.304639E+01
  0.289139E+01
  0.273119E+01
  0.256473E+01
  0.239420E+01
  0.221951E+01
  0.203838E+01
  0.185127E+01
  0.166003E+01
  0.146239E+01
  0.125693E+01
  0.104556E+01
  0.829444E+00
  0.606361E+00
  0.376838E+00
  0.143832E+00
 -0.919694E-01
 -0.331010E+00
 -0.571610E+00
 -0.812397E+00
 -0.105337E+01
 -0.129341E+01
 -0.153217E+01
 -0.177044E+01
 -0.200720E+01
 -0.224236E+01
 -0.247785E+01
 -0.271196E+01
 -0.294245E+01
 -0.317209E+01
 -0.340207E+01
 -0.362793E+01
 -0.384953E+01
 -0.406998E+01
 -0.428780E+01
 -0.449987E+01
 -0.470888E+01
 -0.491527E+01
 -0.511528E+01
 -0.530997E+01
 -0.550180E+01
 -0.568649E+01
 -0.586447E+01
 -0.603821E+01
 -0.620381E+01
 -0.635893E+01
 -0.650864E+01
 -0.665072E+01
 -0.678123E+01
 -0.690418E+01
 -0.702023E+01
 -0.712353E+01
 -0.721586E+01
 -0.729935E+01
 -0.737038E+01
 -0.742711E+01
 -0.747380E+01
 -0.750953E+01
 -0.753277E+01
 -0.754447E+01
 -0.754624E+01
 -0.753690E+01
 -0.751645E+01
 -0.748661E+01
 -0.744790E+01
 -0.739911E+01
 -0.734256E+01
 -0.727881E+01
 -0.720736E+01
 -0.712916E+01
 -0.704703E+01
 -0.695945E+01
 -0.686584E+01
 -0.676895E+01
 -0.666945E+01
 -0.656423E+01
 -0.645451E+01
 -0.634191E+01
 -0.622586E+01
 -0.610551E+01
 -0.598480E+01
 -0.586527E+01
 -0.574554E+01
 -0.562706E+01
 -0.551257E+01
 -0.540058E+01
 -0.528998E+01
 -0.518109E+01
 -0.507268E+01
 -0.496221E+01
 -0.485143E+01
 -0.474061E+01
 -0.462825E+01
 -0.451610E+01
 -0.440792E+01
 -0.430125E+01
 -0.419414E+01
 -0.409008E+01
 -0.398906E+01
 -0.388670E+01
 -0.378427E+01
 -0.368381E+01
 -0.358263E+01
 -0.348030E+01
 -0.338105E+01
 -0.328489E+01
 -0.319032E+01
 -0.310000E+01
 -0.301495E+01
 -0.293275E+01
 -0.285473E+01
 -0.278201E+01
 -0.271263E+01
 -0.264688E+01
 -0.258672E+01
 -0.253149E+01
 -0.248117E+01
 -0.243800E+01
 -0.240368E+01
 -0.237629E+01
 -0.235492E+01
 -0.234162E+01
 -0.233588E+01
 -0.233540E+01
 -0.234164E+01
 -0.235557E+01
 -0.237551E+01
 -0.240238E+01
 -0.243809E+01
 -0.248086E+01
 -0.253030E+01
 -0.258744E+01
 -0.265096E+01
 -0.271810E+01
 -0.278840E+01
 -0.286156E+01
 -0.293488E+01
 -0.300861E+01
 -0.308491E+01
 -0.316242E+01
 -0.324134E+01
 -0.332307E+01
 -0.340619E+01
 -0.348783E+01
 -0.356887E+01
 -0.364933E+01
 -0.372676E+01
 -0.380084E+01
 -0.387256E+01
 -0.394190E+01
 -0.400954E+01
 -0.407636E+01
 -0.414208E+01
 -0.420414E+01
 -0.426271E+01
 -0.431767E+01
 -0.436778E+01
 -0.441342E+01
 -0.445511E+01
 -0.449112E+01
 -0.452245E+01
 -0.455168E+01
 -0.457789E+01
 -0.459841E+01
 -0.461427E+01
 -0.462535E+01
 -0.463031E+01
 -0.462856E+01
 -0.462055E+01
 -0.460425E+01
 -0.457772E+01
 -0.454118E+01
 -0.449581E+01
 -0.444161E+01
 -0.437891E+01
 -0.430962E+01
 -0.423569E+01
 -0.415655E+01
 -0.407393E+01
 -0.398903E+01
 -0.390100E+01
 -0.381048E+01
 -0.371860E+01
 -0.362338E+01
 -0.352464E+01
 -0.342262E+01
 -0.331526E+01
 -0.320202E+01
 -0.308410E+01
 -0.296164E+01
 -0.283535E+01
 -0.270655E+01
 -0.257619E+01
 -0.244443E+01
 -0.231182E+01
 -0.217788E+01
 -0.204338E+01
 -0.191014E+01
 -0.177730E+01
 -0.164378E+01
 -0.151123E+01
 -0.137989E+01
 -0.124881E+01
 -0.111831E+01
 -0.987403E+00
 -0.854495E+00
 -0.719885E+00
 -0.584957E+00
 -0.450898E+00
 -0.318025E+00
 -0.186696E+00
 -0.586890E-01
  0.658790E-01
  0.187140E+00
  0.303755E+00
  0.416419E+00
  0.528068E+00
  0.638727E+00
  0.748024E+00
  0.856871E+00
  0.964912E+00
  0.107146E+01
  0.117804E+01
  0.128411E+01
  0.138834E+01
  0.149088E+01
  0.159211E+01
  0.169170E+01
  0.179156E+01
  0.189258E+01
  0.199403E+01
  0.209589E+01
  0.219995E+01
  0.230631E+01
  0.241427E+01
  0.252314E+01
  0.263405E+01
  0.274713E+01
  0.286177E+01
  0.297848E+01
  0.309792E+01
  0.321818E+01
  0.333829E+01
  0.345879E+01
  0.358135E+01
  0.370372E+01
  0.382499E+01
  0.394614E+01
  0.406677E+01
  0.418582E+01
  0.430505E+01
  0.442256E+01
  0.453615E+01
  0.464646E+01
  0.475394E+01
  0.485599E+01
  0.495311E+01
  0.504607E+01
  0.513391E+01
  0.521498E+01
  0.529076E+01
  0.536106E+01
  0.542500E+01
  0.548304E+01
  0.553713E+01
  0.558552E+01
  0.562792E+01
  0.566536E+01
  0.569787E+01
  0.572370E+01
  0.574433E+01
  0.576001E+01
  0.577036E+01
  0.577535E+01
  0.577647E+01
  0.577292E+01
  0.576486E+01
  0.575177E+01
  0.573399E+01
  0.571191E+01
  0.568538E+01
  0.565369E+01
  0.561945E+01
  0.558161E+01
  0.553904E+01
  0.549276E+01
  0.544380E+01
  0.539113E+01
  0.533648E+01
  0.528021E+01
  0.522169E+01
  0.516225E+01
  0.510357E+01
  0.504306E+01
  0.498137E+01
  0.491916E+01
  0.485517E+01
  0.478900E+01
  0.472352E+01
  0.465833E+01
  0.459260E+01
  0.452647E+01
  0.446054E+01
  0.439474E+01
  0.432936E+01
  0.426368E+01
  0.419861E+01
  0.413323E+01
  0.406597E+01
  0.399629E+01
  0.392545E+01
  0.385270E+01
  0.377754E+01
  0.370036E+01
  0.362220E+01
  0.354204E+01
  0.345959E+01
  0.337428E+01
  0.328587E+01
  0.319435E+01
  0.309979E+01
  0.300106E+01
  0.289843E+01
  0.279227E+01
  0.268238E+01
  0.256823E+01
  0.245253E+01
  0.233546E+01
  0.221574E+01
  0.209429E+01
  0.197196E+01
  0.184712E+01
  0.171845E+01
  0.158576E+01
  0.144974E+01
  0.130977E+01
  0.116615E+01
  0.101937E+01
  0.870504E+00
  0.720344E+00
  0.569371E+00
  0.418096E+00
  0.266497E+00
  0.114201E+00
 -0.382956E-01
 -0.190554E+00
 -0.342506E+00
 -0.494665E+00
 -0.645949E+00
 -0.795264E+00
 -0.941791E+00
 -0.108403E+01
 -0.122096E+01
 -0.135158E+01
 -0.147525E+01
 -0.159167E+01
 -0.170171E+01
 -0.180601E+01
 -0.190326E+01
 -0.199518E+01
 -0.208434E+01
 -0.216870E+01
 -0.224786E+01
 -0.232465E+01
 -0.239856E+01
 -0.246691E+01
 -0.253240E+01
 -0.259778E+01
 -0.266169E+01
 -0.272467E+01
 -0.279053E+01
 -0.285951E+01
 -0.293037E+01
 -0.300471E+01
 -0.308471E+01
 -0.316924E+01
 -0.325821E+01
 -0.335427E+01
 -0.345662E+01
 -0.356351E+01
 -0.367804E+01
 -0.379988E+01
 -0.392544E+01
 -0.405458E+01
 -0.418804E+01
 -0.432184E+01
 -0.445561E+01
 -0.459247E+01
 -0.473104E+01
 -0.486936E+01
 -0.501001E+01
 -0.515204E+01
 -0.529336E+01
 -0.543428E+01
 -0.557581E+01
 -0.571564E+01
 -0.585236E+01
 -0.598748E+01
 -0.612096E+01
 -0.625039E+01
 -0.637712E+01
 -0.650102E+01
 -0.662154E+01
 -0.674017E+01
 -0.685841E+01
 -0.697296E+01
 -0.708419E+01
 -0.719466E+01
 -0.730282E+01
 -0.740613E+01
 -0.750848E+01
 -0.761056E+01
 -0.770935E+01
 -0.780574E+01
 -0.790392E+01
 -0.800107E+01
 -0.809454E+01
 -0.818659E+01
 -0.827851E+01
 -0.836725E+01
 -0.845402E+01
 -0.854094E+01
 -0.862711E+01
 -0.871130E+01
 -0.879707E+01
 -0.888249E+01
 -0.896505E+01
 -0.904680E+01
 -0.912906E+01
 -0.920796E+01
 -0.928480E+01
 -0.936195E+01
 -0.943761E+01
 -0.950881E+01
 -0.957933E+01
 -0.964983E+01
 -0.971679E+01
 -0.978095E+01
 -0.984568E+01
 -0.990720E+01
 -0.996653E+01
 -0.100272E+02
 -0.100873E+02
 -0.101438E+02
 -0.102001E+02
 -0.102544E+02
 -0.103045E+02
 -0.103538E+02
 -0.104027E+02
 -0.104460E+02
 -0.104869E+02
 -0.105262E+02
 -0.105585E+02
 -0.105820E+02
 -0.106002E+02
 -0.106091E+02
 -0.106068E+02
 -0.105961E+02
 -0.105760E+02
 -0.105425E+02
 -0.104974E+02
 -0.104408E+02
 -0.103701E+02
 -0.102859E+02
 -0.101926E+02
 -0.100886E+02
 -0.997382E+01
 -0.985215E+01
 -0.972345E+01
 -0.958458E+01
 -0.944004E+01
 -0.929099E+01
 -0.913425E+01
 -0.897036E+01
 -0.880343E+01
 -0.863151E+01
 -0.845411E+01
 -0.827367E+01
 -0.809216E+01
 -0.790799E+01
 -0.772315E+01
 -0.753901E+01
 -0.735545E+01
 -0.717340E+01
 -0.699412E+01
 -0.681600E+01
 -0.663819E+01
 -0.646212E+01
 -0.628905E+01
 -0.611561E+01
 -0.594204E+01
 -0.576975E+01
 -0.559697E+01
 -0.542181E+01
 -0.524638E+01
 -0.507145E+01
 -0.489627E+01
 -0.472059E+01
 -0.454493E+01
 -0.436912E+01
 -0.419328E+01
 -0.401686E+01
 -0.384059E+01
 -0.366491E+01
 -0.348930E+01
 -0.331302E+01
 -0.313759E+01
 -0.296456E+01
 -0.279360E+01
 -0.262502E+01
 -0.246040E+01
 -0.229861E+01
 -0.213822E+01
 -0.197966E+01
 -0.182281E+01
 -0.166756E+01
 -0.151584E+01
 -0.136825E+01
 -0.122398E+01
 -0.108401E+01
 -0.949827E+00
 -0.820878E+00
 -0.697977E+00
 -0.583712E+00
 -0.476439E+00
 -0.374047E+00
 -0.278465E+00
 -0.191202E+00
 -0.109273E+00
 -0.306745E-01
  0.427586E-01
  0.112029E+00
  0.180000E+00
  0.244759E+00
  0.305103E+00
  0.363646E+00
  0.421686E+00
  0.477504E+00
  0.532879E+00
  0.588662E+00
  0.642468E+00
  0.696025E+00
  0.751963E+00
  0.807566E+00
  0.862145E+00
  0.918268E+00
  0.974236E+00
  0.102624E+01
  0.107754E+01
  0.113036E+01
  0.118024E+01
  0.122646E+01
  0.127378E+01
  0.131990E+01
  0.136136E+01
  0.140090E+01
  0.143980E+01
  0.147471E+01
  0.150674E+01
  0.153781E+01
  0.156564E+01
  0.158866E+01
  0.160756E+01
  0.162162E+01
  0.162909E+01
  0.163021E+01
  0.162820E+01
  0.162231E+01
  0.161141E+01
  0.159749E+01
  0.158117E+01
  0.155985E+01
  0.153492E+01
  0.150705E+01
  0.147306E+01
  0.143313E+01
  0.139005E+01
  0.134165E+01
  0.128623E+01
  0.122668E+01
  0.116402E+01
  0.109591E+01
  0.102324E+01
  0.946853E+00
  0.865310E+00
  0.778195E+00
  0.687828E+00
  0.594102E+00
  0.496790E+00
  0.397980E+00
  0.297428E+00
  0.193604E+00
  0.888788E-01
 -0.156602E-01
 -0.121554E+00
 -0.227787E+00
 -0.333958E+00
 -0.443073E+00
 -0.555235E+00
 -0.669610E+00
 -0.787379E+00
 -0.908124E+00
 -0.103009E+01
 -0.115355E+01
 -0.127869E+01
 -0.140412E+01
 -0.152988E+01
 -0.165590E+01
 -0.178034E+01
 -0.190185E+01
 -0.201949E+01
 -0.213219E+01
 -0.223988E+01
 -0.234377E+01
 -0.244366E+01
 -0.253678E+01
 -0.262294E+01
 -0.270301E+01
 -0.277512E+01
 -0.283798E+01
 -0.289288E+01
 -0.293910E+01
 -0.297497E+01
 -0.300078E+01
 -0.301793E+01
 -0.302654E+01
 -0.302653E+01
 -0.301857E+01
 -0.300399E+01
 -0.298200E+01
 -0.295182E+01
 -0.291360E+01
 -0.286727E+01
 -0.281367E+01
 -0.275419E+01
 -0.268923E+01
 -0.262072E+01
 -0.255047E+01
 -0.247750E+01
 -0.240081E+01
 -0.232292E+01
 -0.224450E+01
 -0.216380E+01
 -0.208106E+01
 -0.199792E+01
 -0.191396E+01
 -0.182798E+01
 -0.174094E+01
 -0.165419E+01
 -0.156664E+01
 -0.147775E+01
 -0.138874E+01
 -0.129880E+01
 -0.120656E+01
 -0.111239E+01
 -0.101546E+01
 -0.916016E+00
 -0.816050E+00
 -0.714473E+00
 -0.610122E+00
 -0.505783E+00
 -0.401786E+00
 -0.293982E+00
 -0.183061E+00
 -0.722584E-01
  0.402114E-01
  0.156627E+00
  0.274167E+00
  0.391310E+00
  0.509442E+00
  0.626572E+00
  0.740053E+00
  0.851312E+00
  0.959694E+00
  0.106316E+01
  0.116250E+01
  0.125822E+01
  0.134680E+01
  0.142811E+01
  0.150426E+01
  0.157319E+01
  0.163227E+01
  0.168464E+01
  0.173019E+01
  0.176549E+01
  0.179291E+01
  0.181558E+01
  0.183059E+01
  0.183749E+01
  0.183837E+01
  0.183185E+01
  0.181464E+01
  0.178885E+01
  0.175654E+01
  0.171630E+01
  0.166734E+01
  0.161113E+01
  0.154685E+01
  0.147262E+01
  0.138946E+01
  0.129860E+01
  0.119759E+01
  0.108795E+01
  0.972076E+00
  0.848171E+00
  0.716529E+00
  0.579582E+00
  0.435713E+00
  0.284903E+00
  0.129719E+00
 -0.304540E-01
 -0.197396E+00
 -0.367822E+00
 -0.539399E+00
 -0.714356E+00
 -0.892240E+00
 -0.107081E+01
 -0.125132E+01
 -0.143468E+01
 -0.161994E+01
 -0.180663E+01
 -0.199524E+01
 -0.218625E+01
 -0.237897E+01
 -0.257193E+01
 -0.276438E+01
 -0.295633E+01
 -0.314736E+01
 -0.333744E+01
 -0.352544E+01
 -0.371064E+01
 -0.389327E+01
 -0.407273E+01
 -0.424691E+01
 -0.441786E+01
 -0.458721E+01
 -0.475210E+01
 -0.491130E+01
 -0.506786E+01
 -0.522136E+01
 -0.536938E+01
 -0.551278E+01
 -0.565311E+01
 -0.578781E+01
 -0.591705E+01
 -0.604205E+01
 -0.616301E+01
 -0.627968E+01
 -0.639251E+01
 -0.650028E+01
 -0.660452E+01
 -0.670703E+01
 -0.680619E+01
 -0.690048E+01
 -0.699240E+01
 -0.708157E+01
 -0.716537E+01
 -0.724384E+01
 -0.731993E+01
 -0.739171E+01
 -0.745866E+01
 -0.752181E+01
 -0.758125E+01
 -0.763590E+01
 -0.768700E+01
 -0.773450E+01
 -0.777814E+01
 -0.781746E+01
 -0.785239E+01
 -0.788243E+01
 -0.790952E+01
 -0.793399E+01
 -0.795545E+01
 -0.797306E+01
 -0.798929E+01
 -0.800486E+01
 -0.801856E+01
 -0.803077E+01
 -0.804508E+01
 -0.806143E+01
 -0.807873E+01
 -0.809780E+01
 -0.812134E+01
 -0.814780E+01
 -0.817662E+01
 -0.820951E+01
 -0.824776E+01
 -0.828912E+01
 -0.833412E+01
 -0.838457E+01
 -0.844031E+01
 -0.849899E+01
 -0.856157E+01
 -0.862760E+01
 -0.869645E+01
 -0.876740E+01
 -0.884067E+01
 -0.891483E+01
 -0.899075E+01
 -0.906786E+01
 -0.914481E+01
 -0.922204E+01
 -0.930140E+01
 -0.938003E+01
 -0.945704E+01
 -0.953349E+01
 -0.960970E+01
 -0.968316E+01
 -0.975449E+01
 -0.982477E+01
 -0.989428E+01
 -0.996058E+01
 -0.100245E+02
 -0.100873E+02
 -0.101485E+02
 -0.102066E+02
 -0.102622E+02
 -0.103146E+02
 -0.103633E+02
 -0.104062E+02
 -0.104430E+02
 -0.104734E+02
 -0.104964E+02
 -0.105093E+02
 -0.105144E+02
 -0.105119E+02
 -0.104999E+02
 -0.104778E+02
 -0.104463E+02
 -0.104037E+02
 -0.103514E+02
 -0.102896E+02
 -0.102178E+02
 -0.101371E+02
 -0.100500E+02
 -0.995512E+01
 -0.985337E+01
 -0.974715E+01
 -0.963582E+01
 -0.951679E+01
 -0.939274E+01
 -0.926482E+01
 -0.913240E+01
 -0.899482E+01
 -0.885353E+01
 -0.870759E+01
 -0.855645E+01
 -0.839999E+01
 -0.823952E+01
 -0.807452E+01
 -0.790564E+01
 -0.773396E+01
 -0.756009E+01
 -0.738507E+01
 -0.721079E+01
 -0.703510E+01
 -0.685800E+01
 -0.667988E+01
 -0.650035E+01
 -0.631811E+01
 -0.613371E+01
 -0.594896E+01
 -0.576481E+01
 -0.558034E+01
 -0.539687E+01
 -0.521602E+01
 -0.503701E+01
 -0.485921E+01
 -0.468620E+01
 -0.451793E+01
 -0.435297E+01
 -0.419156E+01
 -0.403410E+01
 -0.388068E+01
 -0.373084E+01
 -0.358463E+01
 -0.344311E+01
 -0.330645E+01
 -0.317628E+01
 -0.305329E+01
 -0.293712E+01
 -0.282734E+01
 -0.272378E+01
 -0.262561E+01
 -0.253318E+01
 -0.244888E+01
 -0.237129E+01
 -0.229845E+01
 -0.223235E+01
 -0.217153E+01
 -0.211360E+01
 -0.205999E+01
 -0.201159E+01
 -0.196608E+01
 -0.192320E+01
 -0.188357E+01
 -0.184566E+01
 -0.180913E+01
 -0.177387E+01
 -0.173855E+01
 -0.170180E+01
 -0.166268E+01
 -0.161991E+01
 -0.157202E+01
 -0.152037E+01
 -0.146556E+01
 -0.140496E+01
 -0.133878E+01
 -0.126984E+01
 -0.119828E+01
 -0.112352E+01
 -0.104678E+01
 -0.968339E+00
 -0.887781E+00
 -0.805663E+00
 -0.722673E+00
 -0.638842E+00
 -0.555445E+00
 -0.473992E+00
 -0.394159E+00
 -0.315842E+00
 -0.239840E+00
 -0.165306E+00
 -0.920355E-01
 -0.212449E-01
  0.471798E-01
  0.114793E+00
  0.180497E+00
  0.242422E+00
  0.302024E+00
  0.361395E+00
  0.418926E+00
  0.473997E+00
  0.529124E+00
  0.584927E+00
  0.638749E+00
  0.691010E+00
  0.742361E+00
  0.791765E+00
  0.839385E+00
  0.887160E+00
  0.934954E+00
  0.981675E+00
  0.102851E+01
  0.107627E+01
  0.112331E+01
  0.117078E+01
  0.121979E+01
  0.126876E+01
  0.131756E+01
  0.136885E+01
  0.142118E+01
  0.147255E+01
  0.152441E+01
  0.157740E+01
  0.162933E+01
  0.168087E+01
  0.173277E+01
  0.178354E+01
  0.183236E+01
  0.187971E+01
  0.192451E+01
  0.196687E+01
  0.200663E+01
  0.204258E+01
  0.207401E+01
  0.210258E+01
  0.212863E+01
  0.215094E+01
  0.216971E+01
  0.218659E+01
  0.220001E+01
  0.220923E+01
  0.221543E+01
  0.221885E+01
  0.221810E+01
  0.221394E+01
  0.220734E+01
  0.219794E+01
  0.218564E+01
  0.217127E+01
  0.215433E+01
  0.213535E+01
  0.211488E+01
  0.209299E+01
  0.206921E+01
  0.204466E+01
  0.201974E+01
  0.199385E+01
  0.196680E+01
  0.193956E+01
  0.191158E+01
  0.188229E+01
  0.185233E+01
  0.182246E+01
  0.179162E+01
  0.175999E+01
  0.172840E+01
  0.169671E+01
  0.166388E+01
  0.163038E+01
  0.159637E+01
  0.156158E+01
  0.152599E+01
  0.149010E+01
  0.145354E+01
  0.141643E+01
  0.137901E+01
  0.134126E+01
  0.130300E+01
  0.126478E+01
  0.122644E+01
  0.118777E+01
  0.114908E+01
  0.111077E+01
  0.107240E+01
  0.103423E+01
  0.996629E+00
  0.959685E+00
  0.923072E+00
  0.886988E+00
  0.851635E+00
  0.817061E+00
  0.783065E+00
  0.749914E+00
  0.717634E+00
  0.686131E+00
  0.655371E+00
  0.625516E+00
  0.596446E+00
  0.568227E+00
  0.540818E+00
  0.514214E+00
  0.488426E+00
  0.463576E+00
  0.439501E+00
  0.416213E+00
  0.393774E+00
  0.372212E+00
  0.351390E+00
  0.331350E+00
  0.312114E+00
  0.293692E+00
  0.276003E+00
  0.259087E+00
  0.242967E+00
  0.227661E+00
  0.213059E+00
  0.199186E+00
  0.186054E+00
  0.173634E+00
  0.161851E+00
  0.150727E+00
  0.140224E+00
  0.130308E+00
  0.120944E+00
  0.112135E+00
  0.103842E+00
  0.960629E-01
  0.887597E-01
  0.819168E-01
  0.755076E-01
  0.695207E-01
  0.639120E-01
  0.586690E-01
  0.537705E-01
  0.492025E-01
  0.449318E-01
  0.409491E-01
  0.372344E-01
  0.337737E-01
  0.305426E-01
  0.275328E-01
  0.247275E-01
  0.221166E-01
  0.196836E-01
  0.174228E-01
  0.153243E-01
  0.133828E-01
  0.115878E-01
  0.993619E-02
  0.842236E-02
  0.704335E-02
  0.579414E-02
  0.467284E-02
  0.367662E-02
  0.280384E-02
  0.205184E-02
  0.141940E-02
  0.904910E-03
  0.507136E-03
  0.224515E-03
  0.559097E-04
  0.000000E+00
