    10.00   0.0250    15600     7.27    80.70     151.40      6056      0.052402
  0.000000E+00
 -0.585137E-06
 -0.240217E-05
 -0.549339E-05
 -0.999928E-05
 -0.159957E-04
 -0.231911E-04
 -0.323654E-04
 -0.433937E-04
 -0.557915E-04
 -0.705624E-04
 -0.878082E-04
 -0.107190E-03
 -0.127630E-03
 -0.149765E-03
 -0.175491E-03
 -0.202944E-03
 -0.233037E-03
 -0.264344E-03
 -0.297769E-03
 -0.337344E-03
 -0.379141E-03
 -0.421761E-03
 -0.469082E-03
 -0.520705E-03
 -0.576035E-03
 -0.635401E-03
 -0.702875E-03
 -0.772809E-03
 -0.841689E-03
 -0.916836E-03
 -0.999535E-03
 -0.108393E-02
 -0.117402E-02
 -0.126702E-02
 -0.135806E-02
 -0.144887E-02
 -0.154322E-02
 -0.164283E-02
 -0.175590E-02
 -0.186848E-02
 -0.197246E-02
 -0.207908E-02
 -0.218508E-02
 -0.227933E-02
 -0.237465E-02
 -0.247121E-02
 -0.255308E-02
 -0.263120E-02
 -0.271708E-02
 -0.279068E-02
 -0.285393E-02
 -0.291183E-02
 -0.296665E-02
 -0.302022E-02
 -0.307506E-02
 -0.311526E-02
 -0.313937E-02
 -0.314488E-02
 -0.314824E-02
 -0.313909E-02
 -0.310920E-02
 -0.306617E-02
 -0.300832E-02
 -0.295001E-02
 -0.287711E-02
 -0.277436E-02
 -0.266285E-02
 -0.251027E-02
 -0.234501E-02
 -0.217905E-02
 -0.199743E-02
 -0.179236E-02
 -0.152829E-02
 -0.122862E-02
 -0.956256E-03
 -0.666947E-03
 -0.345253E-03
 -0.103817E-04
  0.344090E-03
  0.713375E-03
  0.106245E-02
  0.144792E-02
  0.185110E-02
  0.220617E-02
  0.256872E-02
  0.296514E-02
  0.333808E-02
  0.370024E-02
  0.406867E-02
  0.445296E-02
  0.482621E-02
  0.522799E-02
  0.563541E-02
  0.600187E-02
  0.638010E-02
  0.674026E-02
  0.704193E-02
  0.736525E-02
  0.762612E-02
  0.785895E-02
  0.814255E-02
  0.841033E-02
  0.864494E-02
  0.888352E-02
  0.911747E-02
  0.931112E-02
  0.948061E-02
  0.965215E-02
  0.979881E-02
  0.992759E-02
  0.996552E-02
  0.100154E-01
  0.100054E-01
  0.993837E-02
  0.991698E-02
  0.984063E-02
  0.986181E-02
  0.989583E-02
  0.983377E-02
  0.985799E-02
  0.978589E-02
  0.971804E-02
  0.963938E-02
  0.952206E-02
  0.942860E-02
  0.928478E-02
  0.912736E-02
  0.891189E-02
  0.869816E-02
  0.849759E-02
  0.822448E-02
  0.806079E-02
  0.787161E-02
  0.770346E-02
  0.755344E-02
  0.723367E-02
  0.694487E-02
  0.675848E-02
  0.655024E-02
  0.643062E-02
  0.623583E-02
  0.596408E-02
  0.565158E-02
  0.533129E-02
  0.505860E-02
  0.472638E-02
  0.443338E-02
  0.422972E-02
  0.395320E-02
  0.376099E-02
  0.355323E-02
  0.333755E-02
  0.313681E-02
  0.288449E-02
  0.284294E-02
  0.284215E-02
  0.261718E-02
  0.246209E-02
  0.237728E-02
  0.244500E-02
  0.243193E-02
  0.234215E-02
  0.247629E-02
  0.271940E-02
  0.290450E-02
  0.308666E-02
  0.328123E-02
  0.345879E-02
  0.365630E-02
  0.388896E-02
  0.418449E-02
  0.457265E-02
  0.475512E-02
  0.493417E-02
  0.514366E-02
  0.529667E-02
  0.546945E-02
  0.568657E-02
  0.589623E-02
  0.620549E-02
  0.644877E-02
  0.661969E-02
  0.686246E-02
  0.737997E-02
  0.794503E-02
  0.817985E-02
  0.859424E-02
  0.928770E-02
  0.981545E-02
  0.105252E-01
  0.110925E-01
  0.115798E-01
  0.122581E-01
  0.128272E-01
  0.133817E-01
  0.138990E-01
  0.145256E-01
  0.154690E-01
  0.161609E-01
  0.169007E-01
  0.176346E-01
  0.181152E-01
  0.186294E-01
  0.192878E-01
  0.199648E-01
  0.205421E-01
  0.209562E-01
  0.213590E-01
  0.216791E-01
  0.220570E-01
  0.224691E-01
  0.227636E-01
  0.229883E-01
  0.234634E-01
  0.240678E-01
  0.246541E-01
  0.250980E-01
  0.255678E-01
  0.260350E-01
  0.264241E-01
  0.268593E-01
  0.276622E-01
  0.285852E-01
  0.293970E-01
  0.302854E-01
  0.310936E-01
  0.316803E-01
  0.323388E-01
  0.330435E-01
  0.339398E-01
  0.345065E-01
  0.350825E-01
  0.358043E-01
  0.362781E-01
  0.368053E-01
  0.372153E-01
  0.376181E-01
  0.380726E-01
  0.382032E-01
  0.384972E-01
  0.385385E-01
  0.384877E-01
  0.385158E-01
  0.382960E-01
  0.380692E-01
  0.380143E-01
  0.375545E-01
  0.368818E-01
  0.364671E-01
  0.359283E-01
  0.353882E-01
  0.349248E-01
  0.342790E-01
  0.336191E-01
  0.324817E-01
  0.313801E-01
  0.302583E-01
  0.289540E-01
  0.276724E-01
  0.265446E-01
  0.254731E-01
  0.243890E-01
  0.234094E-01
  0.223331E-01
  0.209834E-01
  0.197012E-01
  0.183855E-01
  0.171735E-01
  0.159071E-01
  0.144944E-01
  0.130861E-01
  0.118977E-01
  0.106666E-01
  0.955322E-02
  0.831761E-02
  0.721140E-02
  0.651064E-02
  0.575531E-02
  0.500072E-02
  0.415944E-02
  0.315598E-02
  0.265493E-02
  0.182937E-02
  0.749460E-03
  0.146712E-04
 -0.723476E-03
 -0.182254E-02
 -0.265701E-02
 -0.333614E-02
 -0.430132E-02
 -0.509678E-02
 -0.564732E-02
 -0.626854E-02
 -0.718544E-02
 -0.856599E-02
 -0.982872E-02
 -0.113364E-01
 -0.130797E-01
 -0.147201E-01
 -0.160575E-01
 -0.174985E-01
 -0.189303E-01
 -0.204724E-01
 -0.216293E-01
 -0.224560E-01
 -0.240383E-01
 -0.257119E-01
 -0.268423E-01
 -0.279444E-01
 -0.289919E-01
 -0.300444E-01
 -0.307605E-01
 -0.317543E-01
 -0.326322E-01
 -0.333229E-01
 -0.341452E-01
 -0.348807E-01
 -0.352551E-01
 -0.357932E-01
 -0.365551E-01
 -0.364794E-01
 -0.364853E-01
 -0.370065E-01
 -0.367146E-01
 -0.367951E-01
 -0.370353E-01
 -0.374058E-01
 -0.379667E-01
 -0.382345E-01
 -0.384625E-01
 -0.384052E-01
 -0.379644E-01
 -0.376154E-01
 -0.371298E-01
 -0.366424E-01
 -0.362722E-01
 -0.362837E-01
 -0.362888E-01
 -0.362722E-01
 -0.360288E-01
 -0.357419E-01
 -0.355358E-01
 -0.353109E-01
 -0.352427E-01
 -0.350356E-01
 -0.346233E-01
 -0.345875E-01
 -0.340750E-01
 -0.335594E-01
 -0.333761E-01
 -0.330140E-01
 -0.324175E-01
 -0.318722E-01
 -0.315084E-01
 -0.314528E-01
 -0.312266E-01
 -0.310518E-01
 -0.309469E-01
 -0.306128E-01
 -0.300657E-01
 -0.295116E-01
 -0.284150E-01
 -0.274585E-01
 -0.269016E-01
 -0.265109E-01
 -0.257096E-01
 -0.245429E-01
 -0.236443E-01
 -0.226711E-01
 -0.211712E-01
 -0.198236E-01
 -0.186487E-01
 -0.176062E-01
 -0.159928E-01
 -0.142385E-01
 -0.126847E-01
 -0.114460E-01
 -0.101755E-01
 -0.843227E-02
 -0.685151E-02
 -0.505045E-02
 -0.285853E-02
 -0.128286E-02
  0.329302E-03
  0.199142E-02
  0.406208E-02
  0.582085E-02
  0.739646E-02
  0.930652E-02
  0.108576E-01
  0.124443E-01
  0.143418E-01
  0.159700E-01
  0.175095E-01
  0.186956E-01
  0.202537E-01
  0.223782E-01
  0.244224E-01
  0.261619E-01
  0.279226E-01
  0.295510E-01
  0.314183E-01
  0.330074E-01
  0.346479E-01
  0.369151E-01
  0.392478E-01
  0.416081E-01
  0.445313E-01
  0.478618E-01
  0.518293E-01
  0.562601E-01
  0.610435E-01
  0.660480E-01
  0.717548E-01
  0.783069E-01
  0.859734E-01
  0.945008E-01
  0.103890E+00
  0.114446E+00
  0.126015E+00
  0.138720E+00
  0.152574E+00
  0.167008E+00
  0.182787E+00
  0.199836E+00
  0.218106E+00
  0.237485E+00
  0.258273E+00
  0.279952E+00
  0.302139E+00
  0.326110E+00
  0.351822E+00
  0.378347E+00
  0.406615E+00
  0.436614E+00
  0.467916E+00
  0.500540E+00
  0.534637E+00
  0.569965E+00
  0.606709E+00
  0.645056E+00
  0.684827E+00
  0.725733E+00
  0.767657E+00
  0.810572E+00
  0.855243E+00
  0.900910E+00
  0.947327E+00
  0.995022E+00
  0.104374E+01
  0.109356E+01
  0.114482E+01
  0.119711E+01
  0.125034E+01
  0.130470E+01
  0.136080E+01
  0.141809E+01
  0.147673E+01
  0.153702E+01
  0.159822E+01
  0.166106E+01
  0.172571E+01
  0.179190E+01
  0.186013E+01
  0.192982E+01
  0.200191E+01
  0.207603E+01
  0.215162E+01
  0.222948E+01
  0.230891E+01
  0.239043E+01
  0.247437E+01
  0.255966E+01
  0.264681E+01
  0.273610E+01
  0.282737E+01
  0.292052E+01
  0.301518E+01
  0.311181E+01
  0.321077E+01
  0.331170E+01
  0.341440E+01
  0.351902E+01
  0.362571E+01
  0.373440E+01
  0.384497E+01
  0.395785E+01
  0.407256E+01
  0.418909E+01
  0.430791E+01
  0.442882E+01
  0.455188E+01
  0.467732E+01
  0.480443E+01
  0.493367E+01
  0.506468E+01
  0.519754E+01
  0.533266E+01
  0.546914E+01
  0.560678E+01
  0.574623E+01
  0.588707E+01
  0.602945E+01
  0.617312E+01
  0.631815E+01
  0.646451E+01
  0.661258E+01
  0.676211E+01
  0.691319E+01
  0.706578E+01
  0.722050E+01
  0.737646E+01
  0.753374E+01
  0.769257E+01
  0.785279E+01
  0.801428E+01
  0.817725E+01
  0.834143E+01
  0.850804E+01
  0.867621E+01
  0.884538E+01
  0.901547E+01
  0.918714E+01
  0.936001E+01
  0.953377E+01
  0.970778E+01
  0.988264E+01
  0.100579E+02
  0.102335E+02
  0.104095E+02
  0.105864E+02
  0.107630E+02
  0.109405E+02
  0.111179E+02
  0.112953E+02
  0.114736E+02
  0.116524E+02
  0.118313E+02
  0.120112E+02
  0.121914E+02
  0.123729E+02
  0.125548E+02
  0.127377E+02
  0.129215E+02
  0.131058E+02
  0.132903E+02
  0.134758E+02
  0.136619E+02
  0.138485E+02
  0.140352E+02
  0.142239E+02
  0.144134E+02
  0.146039E+02
  0.147959E+02
  0.149901E+02
  0.151858E+02
  0.153846E+02
  0.155852E+02
  0.157892E+02
  0.159973E+02
  0.162084E+02
  0.164217E+02
  0.166401E+02
  0.168623E+02
  0.170878E+02
  0.173157E+02
  0.175485E+02
  0.177850E+02
  0.180247E+02
  0.182674E+02
  0.185145E+02
  0.187648E+02
  0.190192E+02
  0.192770E+02
  0.195396E+02
  0.198072E+02
  0.200797E+02
  0.203569E+02
  0.206409E+02
  0.209305E+02
  0.212272E+02
  0.215305E+02
  0.218415E+02
  0.221606E+02
  0.224880E+02
  0.228221E+02
  0.231651E+02
  0.235152E+02
  0.238735E+02
  0.242392E+02
  0.246131E+02
  0.249948E+02
  0.253832E+02
  0.257781E+02
  0.261821E+02
  0.265936E+02
  0.270147E+02
  0.274430E+02
  0.278807E+02
  0.283280E+02
  0.287844E+02
  0.292489E+02
  0.297243E+02
  0.302091E+02
  0.307046E+02
  0.312090E+02
  0.317246E+02
  0.322515E+02
  0.327896E+02
  0.333376E+02
  0.338983E+02
  0.344699E+02
  0.350545E+02
  0.356496E+02
  0.362578E+02
  0.368788E+02
  0.375120E+02
  0.381560E+02
  0.388140E+02
  0.394832E+02
  0.401658E+02
  0.408599E+02
  0.415679E+02
  0.422895E+02
  0.430229E+02
  0.437665E+02
  0.445242E+02
  0.452927E+02
  0.460738E+02
  0.468647E+02
  0.476687E+02
  0.484837E+02
  0.493087E+02
  0.501424E+02
  0.509877E+02
  0.518412E+02
  0.527059E+02
  0.535781E+02
  0.544618E+02
  0.553555E+02
  0.562581E+02
  0.571676E+02
  0.580881E+02
  0.590154E+02
  0.599525E+02
  0.608949E+02
  0.618471E+02
  0.628061E+02
  0.637703E+02
  0.647374E+02
  0.657115E+02
  0.666875E+02
  0.676683E+02
  0.686486E+02
  0.696336E+02
  0.706209E+02
  0.716069E+02
  0.725895E+02
  0.735735E+02
  0.745536E+02
  0.755326E+02
  0.765046E+02
  0.774762E+02
  0.784433E+02
  0.794043E+02
  0.803567E+02
  0.813064E+02
  0.822479E+02
  0.831845E+02
  0.841109E+02
  0.850331E+02
  0.859481E+02
  0.868536E+02
  0.877462E+02
  0.886330E+02
  0.895069E+02
  0.903719E+02
  0.912222E+02
  0.920649E+02
  0.928965E+02
  0.937151E+02
  0.945189E+02
  0.953156E+02
  0.960979E+02
  0.968716E+02
  0.976303E+02
  0.983820E+02
  0.991236E+02
  0.998525E+02
  0.100565E+03
  0.101270E+03
  0.101960E+03
  0.102639E+03
  0.103299E+03
  0.103951E+03
  0.104588E+03
  0.105211E+03
  0.105813E+03
  0.106405E+03
  0.106980E+03
  0.107544E+03
  0.108088E+03
  0.108623E+03
  0.109145E+03
  0.109653E+03
  0.110144E+03
  0.110626E+03
  0.111092E+03
  0.111550E+03
  0.111990E+03
  0.112424E+03
  0.112846E+03
  0.113257E+03
  0.113652E+03
  0.114040E+03
  0.114411E+03
  0.114773E+03
  0.115116E+03
  0.115450E+03
  0.115771E+03
  0.116075E+03
  0.116359E+03
  0.116633E+03
  0.116888E+03
  0.117128E+03
  0.117345E+03
  0.117548E+03
  0.117731E+03
  0.117892E+03
  0.118025E+03
  0.118139E+03
  0.118226E+03
  0.118292E+03
  0.118328E+03
  0.118345E+03
  0.118337E+03
  0.118305E+03
  0.118243E+03
  0.118161E+03
  0.118052E+03
  0.117921E+03
  0.117760E+03
  0.117581E+03
  0.117379E+03
  0.117153E+03
  0.116900E+03
  0.116628E+03
  0.116332E+03
  0.116017E+03
  0.115675E+03
  0.115317E+03
  0.114938E+03
  0.114537E+03
  0.114111E+03
  0.113669E+03
  0.113203E+03
  0.112721E+03
  0.112215E+03
  0.111695E+03
  0.111157E+03
  0.110601E+03
  0.110022E+03
  0.109432E+03
  0.108822E+03
  0.108200E+03
  0.107559E+03
  0.106908E+03
  0.106245E+03
  0.105569E+03
  0.104876E+03
  0.104176E+03
  0.103463E+03
  0.102742E+03
  0.102007E+03
  0.101267E+03
  0.100519E+03
  0.997617E+02
  0.989925E+02
  0.982201E+02
  0.974379E+02
  0.966514E+02
  0.958549E+02
  0.950570E+02
  0.942548E+02
  0.934464E+02
  0.926297E+02
  0.918130E+02
  0.909907E+02
  0.901682E+02
  0.893401E+02
  0.885150E+02
  0.876904E+02
  0.868661E+02
  0.860399E+02
  0.852195E+02
  0.843992E+02
  0.835848E+02
  0.827709E+02
  0.819651E+02
  0.811648E+02
  0.803696E+02
  0.795771E+02
  0.787932E+02
  0.780128E+02
  0.772404E+02
  0.764708E+02
  0.757102E+02
  0.749550E+02
  0.742051E+02
  0.734579E+02
  0.727190E+02
  0.719833E+02
  0.712540E+02
  0.705262E+02
  0.698054E+02
  0.690880E+02
  0.683725E+02
  0.676554E+02
  0.669417E+02
  0.662264E+02
  0.655114E+02
  0.647917E+02
  0.640719E+02
  0.633477E+02
  0.626187E+02
  0.618818E+02
  0.611416E+02
  0.603933E+02
  0.596393E+02
  0.588757E+02
  0.581073E+02
  0.573313E+02
  0.565477E+02
  0.557548E+02
  0.549573E+02
  0.541520E+02
  0.533430E+02
  0.525262E+02
  0.517064E+02
  0.508821E+02
  0.500536E+02
  0.492189E+02
  0.483822E+02
  0.475408E+02
  0.466978E+02
  0.458507E+02
  0.450041E+02
  0.441572E+02
  0.433097E+02
  0.424603E+02
  0.416136E+02
  0.407658E+02
  0.399203E+02
  0.390747E+02
  0.382312E+02
  0.373885E+02
  0.365459E+02
  0.357024E+02
  0.348618E+02
  0.340204E+02
  0.331813E+02
  0.323423E+02
  0.315062E+02
  0.306716E+02
  0.298385E+02
  0.290065E+02
  0.281778E+02
  0.273501E+02
  0.265256E+02
  0.257025E+02
  0.248829E+02
  0.240659E+02
  0.232514E+02
  0.224384E+02
  0.216283E+02
  0.208188E+02
  0.200110E+02
  0.192029E+02
  0.183961E+02
  0.175902E+02
  0.167852E+02
  0.159809E+02
  0.151785E+02
  0.143763E+02
  0.135771E+02
  0.127794E+02
  0.119844E+02
  0.111931E+02
  0.104060E+02
  0.962284E+01
  0.884552E+01
  0.807381E+01
  0.730876E+01
  0.654962E+01
  0.579761E+01
  0.505278E+01
  0.431551E+01
  0.358559E+01
  0.286402E+01
  0.215060E+01
  0.144584E+01
  0.750446E+00
  0.652533E-01
 -0.610326E+00
 -0.127557E+01
 -0.193014E+01
 -0.257430E+01
 -0.320851E+01
 -0.383346E+01
 -0.444971E+01
 -0.505703E+01
 -0.565667E+01
 -0.624875E+01
 -0.683296E+01
 -0.741088E+01
 -0.798247E+01
 -0.854817E+01
 -0.910899E+01
 -0.966598E+01
 -0.102202E+02
 -0.107725E+02
 -0.113234E+02
 -0.118748E+02
 -0.124265E+02
 -0.129794E+02
 -0.135338E+02
 -0.140910E+02
 -0.146512E+02
 -0.152149E+02
 -0.157816E+02
 -0.163523E+02
 -0.169275E+02
 -0.175080E+02
 -0.180922E+02
 -0.186825E+02
 -0.192787E+02
 -0.198797E+02
 -0.204858E+02
 -0.210991E+02
 -0.217182E+02
 -0.223443E+02
 -0.229767E+02
 -0.236175E+02
 -0.242665E+02
 -0.249227E+02
 -0.255861E+02
 -0.262587E+02
 -0.269391E+02
 -0.276292E+02
 -0.283274E+02
 -0.290360E+02
 -0.297548E+02
 -0.304828E+02
 -0.312195E+02
 -0.319669E+02
 -0.327233E+02
 -0.334905E+02
 -0.342655E+02
 -0.350510E+02
 -0.358462E+02
 -0.366490E+02
 -0.374583E+02
 -0.382772E+02
 -0.391024E+02
 -0.399356E+02
 -0.407747E+02
 -0.416230E+02
 -0.424795E+02
 -0.433433E+02
 -0.442136E+02
 -0.450941E+02
 -0.459817E+02
 -0.468782E+02
 -0.477805E+02
 -0.486920E+02
 -0.496105E+02
 -0.505335E+02
 -0.514585E+02
 -0.523886E+02
 -0.533201E+02
 -0.542544E+02
 -0.551872E+02
 -0.561224E+02
 -0.570584E+02
 -0.579931E+02
 -0.589236E+02
 -0.598544E+02
 -0.607819E+02
 -0.617082E+02
 -0.626289E+02
 -0.635483E+02
 -0.644645E+02
 -0.653767E+02
 -0.662825E+02
 -0.671867E+02
 -0.680858E+02
 -0.689835E+02
 -0.698742E+02
 -0.707635E+02
 -0.716495E+02
 -0.725312E+02
 -0.734063E+02
 -0.742813E+02
 -0.751517E+02
 -0.760215E+02
 -0.768862E+02
 -0.777524E+02
 -0.786182E+02
 -0.794815E+02
 -0.803399E+02
 -0.811998E+02
 -0.820558E+02
 -0.829110E+02
 -0.837597E+02
 -0.846090E+02
 -0.854560E+02
 -0.862990E+02
 -0.871343E+02
 -0.879693E+02
 -0.887981E+02
 -0.896238E+02
 -0.904412E+02
 -0.912573E+02
 -0.920693E+02
 -0.928754E+02
 -0.936724E+02
 -0.944686E+02
 -0.952580E+02
 -0.960460E+02
 -0.968265E+02
 -0.976069E+02
 -0.983848E+02
 -0.991594E+02
 -0.999262E+02
 -0.100694E+03
 -0.101456E+03
 -0.102216E+03
 -0.102968E+03
 -0.103719E+03
 -0.104466E+03
 -0.105206E+03
 -0.105936E+03
 -0.106664E+03
 -0.107383E+03
 -0.108099E+03
 -0.108804E+03
 -0.109509E+03
 -0.110209E+03
 -0.110904E+03
 -0.111589E+03
 -0.112276E+03
 -0.112956E+03
 -0.113635E+03
 -0.114308E+03
 -0.114982E+03
 -0.115656E+03
 -0.116328E+03
 -0.116994E+03
 -0.117665E+03
 -0.118333E+03
 -0.119005E+03
 -0.119673E+03
 -0.120346E+03
 -0.121022E+03
 -0.121698E+03
 -0.122368E+03
 -0.123041E+03
 -0.123709E+03
 -0.124377E+03
 -0.125033E+03
 -0.125689E+03
 -0.126338E+03
 -0.126977E+03
 -0.127601E+03
 -0.128218E+03
 -0.128821E+03
 -0.129415E+03
 -0.129989E+03
 -0.130555E+03
 -0.131107E+03
 -0.131642E+03
 -0.132154E+03
 -0.132656E+03
 -0.133136E+03
 -0.133602E+03
 -0.134044E+03
 -0.134474E+03
 -0.134887E+03
 -0.135282E+03
 -0.135655E+03
 -0.136017E+03
 -0.136360E+03
 -0.136693E+03
 -0.137007E+03
 -0.137316E+03
 -0.137615E+03
 -0.137905E+03
 -0.138182E+03
 -0.138459E+03
 -0.138727E+03
 -0.138995E+03
 -0.139255E+03
 -0.139519E+03
 -0.139785E+03
 -0.140048E+03
 -0.140307E+03
 -0.140573E+03
 -0.140837E+03
 -0.141107E+03
 -0.141372E+03
 -0.141645E+03
 -0.141921E+03
 -0.142198E+03
 -0.142471E+03
 -0.142752E+03
 -0.143031E+03
 -0.143316E+03
 -0.143598E+03
 -0.143888E+03
 -0.144183E+03
 -0.144482E+03
 -0.144779E+03
 -0.145087E+03
 -0.145397E+03
 -0.145717E+03
 -0.146039E+03
 -0.146374E+03
 -0.146717E+03
 -0.147067E+03
 -0.147419E+03
 -0.147786E+03
 -0.148157E+03
 -0.148540E+03
 -0.148926E+03
 -0.149327E+03
 -0.149737E+03
 -0.150153E+03
 -0.150570E+03
 -0.151001E+03
 -0.151434E+03
 -0.151877E+03
 -0.152318E+03
 -0.152770E+03
 -0.153226E+03
 -0.153685E+03
 -0.154140E+03
 -0.154605E+03
 -0.155069E+03
 -0.155540E+03
 -0.156007E+03
 -0.156484E+03
 -0.156963E+03
 -0.157442E+03
 -0.157916E+03
 -0.158399E+03
 -0.158877E+03
 -0.159361E+03
 -0.159838E+03
 -0.160323E+03
 -0.160808E+03
 -0.161293E+03
 -0.161771E+03
 -0.162254E+03
 -0.162732E+03
 -0.163213E+03
 -0.163683E+03
 -0.164156E+03
 -0.164626E+03
 -0.165087E+03
 -0.165534E+03
 -0.165979E+03
 -0.166410E+03
 -0.166836E+03
 -0.167245E+03
 -0.167650E+03
 -0.168045E+03
 -0.168427E+03
 -0.168790E+03
 -0.169147E+03
 -0.169485E+03
 -0.169812E+03
 -0.170115E+03
 -0.170407E+03
 -0.170681E+03
 -0.170934E+03
 -0.171160E+03
 -0.171373E+03
 -0.171560E+03
 -0.171731E+03
 -0.171875E+03
 -0.172005E+03
 -0.172115E+03
 -0.172203E+03
 -0.172261E+03
 -0.172305E+03
 -0.172323E+03
 -0.172323E+03
 -0.172292E+03
 -0.172245E+03
 -0.172175E+03
 -0.172079E+03
 -0.171952E+03
 -0.171805E+03
 -0.171628E+03
 -0.171429E+03
 -0.171195E+03
 -0.170941E+03
 -0.170660E+03
 -0.170351E+03
 -0.170008E+03
 -0.169645E+03
 -0.169253E+03
 -0.168839E+03
 -0.168394E+03
 -0.167934E+03
 -0.167452E+03
 -0.166949E+03
 -0.166421E+03
 -0.165882E+03
 -0.165323E+03
 -0.164753E+03
 -0.164164E+03
 -0.163570E+03
 -0.162964E+03
 -0.162346E+03
 -0.161709E+03
 -0.161068E+03
 -0.160411E+03
 -0.159748E+03
 -0.159069E+03
 -0.158387E+03
 -0.157698E+03
 -0.156998E+03
 -0.156283E+03
 -0.155567E+03
 -0.154837E+03
 -0.154104E+03
 -0.153355E+03
 -0.152604E+03
 -0.151845E+03
 -0.151077E+03
 -0.150293E+03
 -0.149509E+03
 -0.148713E+03
 -0.147916E+03
 -0.147107E+03
 -0.146299E+03
 -0.145488E+03
 -0.144672E+03
 -0.143845E+03
 -0.143020E+03
 -0.142187E+03
 -0.141353E+03
 -0.140508E+03
 -0.139664E+03
 -0.138815E+03
 -0.137959E+03
 -0.137092E+03
 -0.136225E+03
 -0.135348E+03
 -0.134470E+03
 -0.133580E+03
 -0.132690E+03
 -0.131794E+03
 -0.130890E+03
 -0.129973E+03
 -0.129053E+03
 -0.128119E+03
 -0.127177E+03
 -0.126219E+03
 -0.125254E+03
 -0.124276E+03
 -0.123285E+03
 -0.122276E+03
 -0.121258E+03
 -0.120224E+03
 -0.119181E+03
 -0.118122E+03
 -0.117056E+03
 -0.115980E+03
 -0.114892E+03
 -0.113789E+03
 -0.112679E+03
 -0.111555E+03
 -0.110422E+03
 -0.109273E+03
 -0.108117E+03
 -0.106950E+03
 -0.105772E+03
 -0.104581E+03
 -0.103386E+03
 -0.102180E+03
 -0.100972E+03
 -0.997562E+02
 -0.985403E+02
 -0.973230E+02
 -0.961030E+02
 -0.948776E+02
 -0.936555E+02
 -0.924308E+02
 -0.912089E+02
 -0.899839E+02
 -0.887643E+02
 -0.875469E+02
 -0.863314E+02
 -0.851151E+02
 -0.839059E+02
 -0.826978E+02
 -0.814960E+02
 -0.802941E+02
 -0.790991E+02
 -0.779089E+02
 -0.767222E+02
 -0.755379E+02
 -0.743629E+02
 -0.731916E+02
 -0.720293E+02
 -0.708708E+02
 -0.697224E+02
 -0.685823E+02
 -0.674502E+02
 -0.663242E+02
 -0.652104E+02
 -0.641047E+02
 -0.630112E+02
 -0.619254E+02
 -0.608533E+02
 -0.597926E+02
 -0.587429E+02
 -0.577025E+02
 -0.566765E+02
 -0.556610E+02
 -0.546586E+02
 -0.536657E+02
 -0.526870E+02
 -0.517198E+02
 -0.507633E+02
 -0.498149E+02
 -0.488787E+02
 -0.479515E+02
 -0.470357E+02
 -0.461284E+02
 -0.452341E+02
 -0.443513E+02
 -0.434799E+02
 -0.426188E+02
 -0.417719E+02
 -0.409359E+02
 -0.401134E+02
 -0.393010E+02
 -0.385020E+02
 -0.377148E+02
 -0.369383E+02
 -0.361712E+02
 -0.354164E+02
 -0.346708E+02
 -0.339368E+02
 -0.332123E+02
 -0.325000E+02
 -0.317997E+02
 -0.311112E+02
 -0.304337E+02
 -0.297709E+02
 -0.291210E+02
 -0.284861E+02
 -0.278643E+02
 -0.272583E+02
 -0.266675E+02
 -0.260920E+02
 -0.255302E+02
 -0.249847E+02
 -0.244534E+02
 -0.239379E+02
 -0.234367E+02
 -0.229520E+02
 -0.224841E+02
 -0.220325E+02
 -0.215965E+02
 -0.211788E+02
 -0.207772E+02
 -0.203934E+02
 -0.200252E+02
 -0.196738E+02
 -0.193381E+02
 -0.190174E+02
 -0.187100E+02
 -0.184167E+02
 -0.181352E+02
 -0.178656E+02
 -0.176060E+02
 -0.173569E+02
 -0.171168E+02
 -0.168847E+02
 -0.166586E+02
 -0.164392E+02
 -0.162243E+02
 -0.160139E+02
 -0.158063E+02
 -0.156022E+02
 -0.153991E+02
 -0.151962E+02
 -0.149923E+02
 -0.147874E+02
 -0.145788E+02
 -0.143662E+02
 -0.141476E+02
 -0.139235E+02
 -0.136923E+02
 -0.134538E+02
 -0.132064E+02
 -0.129516E+02
 -0.126880E+02
 -0.124159E+02
 -0.121344E+02
 -0.118453E+02
 -0.115480E+02
 -0.112433E+02
 -0.109308E+02
 -0.106122E+02
 -0.102868E+02
 -0.995600E+01
 -0.961878E+01
 -0.927602E+01
 -0.892822E+01
 -0.857567E+01
 -0.821792E+01
 -0.785637E+01
 -0.749043E+01
 -0.712099E+01
 -0.674701E+01
 -0.636870E+01
 -0.598602E+01
 -0.559878E+01
 -0.520522E+01
 -0.480631E+01
 -0.440189E+01
 -0.399127E+01
 -0.357365E+01
 -0.314990E+01
 -0.271898E+01
 -0.228123E+01
 -0.183643E+01
 -0.138480E+01
 -0.926612E+00
 -0.462162E+00
  0.911009E-02
  0.487142E+00
  0.972138E+00
  0.146402E+01
  0.196386E+01
  0.247159E+01
  0.298743E+01
  0.351212E+01
  0.404574E+01
  0.458802E+01
  0.513846E+01
  0.569676E+01
  0.626323E+01
  0.683732E+01
  0.741903E+01
  0.800935E+01
  0.860888E+01
  0.921854E+01
  0.983913E+01
  0.104713E+02
  0.111149E+02
  0.117711E+02
  0.124393E+02
  0.131195E+02
  0.138113E+02
  0.145149E+02
  0.152296E+02
  0.159543E+02
  0.166881E+02
  0.174320E+02
  0.181841E+02
  0.189453E+02
  0.197146E+02
  0.204925E+02
  0.212786E+02
  0.220725E+02
  0.228736E+02
  0.236823E+02
  0.244965E+02
  0.253173E+02
  0.261412E+02
  0.269695E+02
  0.278019E+02
  0.286354E+02
  0.294683E+02
  0.303015E+02
  0.311316E+02
  0.319594E+02
  0.327810E+02
  0.335977E+02
  0.344077E+02
  0.352090E+02
  0.360006E+02
  0.367856E+02
  0.375612E+02
  0.383300E+02
  0.390904E+02
  0.398452E+02
  0.405938E+02
  0.413364E+02
  0.420718E+02
  0.428037E+02
  0.435294E+02
  0.442509E+02
  0.449658E+02
  0.456769E+02
  0.463824E+02
  0.470809E+02
  0.477698E+02
  0.484526E+02
  0.491253E+02
  0.497894E+02
  0.504407E+02
  0.510817E+02
  0.517113E+02
  0.523277E+02
  0.529290E+02
  0.535190E+02
  0.540950E+02
  0.546597E+02
  0.552091E+02
  0.557482E+02
  0.562768E+02
  0.567939E+02
  0.572980E+02
  0.577947E+02
  0.582820E+02
  0.587631E+02
  0.592350E+02
  0.597032E+02
  0.601660E+02
  0.606233E+02
  0.610736E+02
  0.615217E+02
  0.619636E+02
  0.624022E+02
  0.628333E+02
  0.632614E+02
  0.636848E+02
  0.641027E+02
  0.645126E+02
  0.649200E+02
  0.653200E+02
  0.657152E+02
  0.661012E+02
  0.664819E+02
  0.668550E+02
  0.672180E+02
  0.675677E+02
  0.679092E+02
  0.682370E+02
  0.685538E+02
  0.688551E+02
  0.691461E+02
  0.694243E+02
  0.696884E+02
  0.699362E+02
  0.701734E+02
  0.703958E+02
  0.706077E+02
  0.708052E+02
  0.709949E+02
  0.711756E+02
  0.713470E+02
  0.715075E+02
  0.716634E+02
  0.718099E+02
  0.719499E+02
  0.720790E+02
  0.722019E+02
  0.723154E+02
  0.724187E+02
  0.725084E+02
  0.725903E+02
  0.726599E+02
  0.727201E+02
  0.727666E+02
  0.728055E+02
  0.728343E+02
  0.728525E+02
  0.728584E+02
  0.728579E+02
  0.728470E+02
  0.728302E+02
  0.728035E+02
  0.727732E+02
  0.727373E+02
  0.726952E+02
  0.726447E+02
  0.725919E+02
  0.725317E+02
  0.724682E+02
  0.723972E+02
  0.723250E+02
  0.722491E+02
  0.721683E+02
  0.720811E+02
  0.719929E+02
  0.718986E+02
  0.718020E+02
  0.716975E+02
  0.715906E+02
  0.714784E+02
  0.713589E+02
  0.712287E+02
  0.710937E+02
  0.709487E+02
  0.707959E+02
  0.706311E+02
  0.704595E+02
  0.702777E+02
  0.700847E+02
  0.698780E+02
  0.696621E+02
  0.694332E+02
  0.691949E+02
  0.689417E+02
  0.686791E+02
  0.684048E+02
  0.681181E+02
  0.678160E+02
  0.675035E+02
  0.671764E+02
  0.668384E+02
  0.664848E+02
  0.661208E+02
  0.657451E+02
  0.653576E+02
  0.649563E+02
  0.645472E+02
  0.641270E+02
  0.636992E+02
  0.632602E+02
  0.628157E+02
  0.623636E+02
  0.619035E+02
  0.614335E+02
  0.609583E+02
  0.604741E+02
  0.599846E+02
  0.594854E+02
  0.589817E+02
  0.584717E+02
  0.579548E+02
  0.574293E+02
  0.568996E+02
  0.563630E+02
  0.558225E+02
  0.552744E+02
  0.547242E+02
  0.541704E+02
  0.536139E+02
  0.530538E+02
  0.524958E+02
  0.519388E+02
  0.513874E+02
  0.508396E+02
  0.503012E+02
  0.497721E+02
  0.492524E+02
  0.487421E+02
  0.482464E+02
  0.477624E+02
  0.472933E+02
  0.468365E+02
  0.463954E+02
  0.459691E+02
  0.455571E+02
  0.451580E+02
  0.447749E+02
  0.444055E+02
  0.440528E+02
  0.437133E+02
  0.433906E+02
  0.430837E+02
  0.427911E+02
  0.425120E+02
  0.422490E+02
  0.419992E+02
  0.417645E+02
  0.415412E+02
  0.413326E+02
  0.411372E+02
  0.409535E+02
  0.407800E+02
  0.406200E+02
  0.404704E+02
  0.403329E+02
  0.402051E+02
  0.400900E+02
  0.399857E+02
  0.398916E+02
  0.398060E+02
  0.397318E+02
  0.396666E+02
  0.396123E+02
  0.395657E+02
  0.395297E+02
  0.395028E+02
  0.394838E+02
  0.394709E+02
  0.394663E+02
  0.394666E+02
  0.394737E+02
  0.394843E+02
  0.395014E+02
  0.395231E+02
  0.395480E+02
  0.395742E+02
  0.396033E+02
  0.396320E+02
  0.396613E+02
  0.396873E+02
  0.397121E+02
  0.397328E+02
  0.397483E+02
  0.397562E+02
  0.397595E+02
  0.397563E+02
  0.397468E+02
  0.397291E+02
  0.397066E+02
  0.396770E+02
  0.396408E+02
  0.395974E+02
  0.395509E+02
  0.394999E+02
  0.394469E+02
  0.393904E+02
  0.393346E+02
  0.392790E+02
  0.392240E+02
  0.391687E+02
  0.391160E+02
  0.390636E+02
  0.390132E+02
  0.389619E+02
  0.389125E+02
  0.388635E+02
  0.388136E+02
  0.387616E+02
  0.387095E+02
  0.386552E+02
  0.386006E+02
  0.385422E+02
  0.384830E+02
  0.384218E+02
  0.383578E+02
  0.382899E+02
  0.382211E+02
  0.381491E+02
  0.380763E+02
  0.380007E+02
  0.379250E+02
  0.378493E+02
  0.377733E+02
  0.376953E+02
  0.376191E+02
  0.375427E+02
  0.374676E+02
  0.373921E+02
  0.373196E+02
  0.372485E+02
  0.371786E+02
  0.371089E+02
  0.370419E+02
  0.369747E+02
  0.369087E+02
  0.368408E+02
  0.367731E+02
  0.367033E+02
  0.366300E+02
  0.365519E+02
  0.364711E+02
  0.363850E+02
  0.362955E+02
  0.362002E+02
  0.361026E+02
  0.360015E+02
  0.358971E+02
  0.357892E+02
  0.356811E+02
  0.355716E+02
  0.354632E+02
  0.353549E+02
  0.352504E+02
  0.351495E+02
  0.350532E+02
  0.349611E+02
  0.348760E+02
  0.347968E+02
  0.347252E+02
  0.346583E+02
  0.345985E+02
  0.345438E+02
  0.344930E+02
  0.344440E+02
  0.343984E+02
  0.343532E+02
  0.343094E+02
  0.342639E+02
  0.342188E+02
  0.341725E+02
  0.341231E+02
  0.340699E+02
  0.340156E+02
  0.339575E+02
  0.338977E+02
  0.338338E+02
  0.337683E+02
  0.337002E+02
  0.336291E+02
  0.335541E+02
  0.334781E+02
  0.333988E+02
  0.333176E+02
  0.332327E+02
  0.331467E+02
  0.330584E+02
  0.329678E+02
  0.328741E+02
  0.327801E+02
  0.326851E+02
  0.325908E+02
  0.324953E+02
  0.324023E+02
  0.323104E+02
  0.322196E+02
  0.321297E+02
  0.320424E+02
  0.319560E+02
  0.318722E+02
  0.317886E+02
  0.317077E+02
  0.316280E+02
  0.315490E+02
  0.314693E+02
  0.313905E+02
  0.313103E+02
  0.312299E+02
  0.311472E+02
  0.310641E+02
  0.309790E+02
  0.308909E+02
  0.307988E+02
  0.307046E+02
  0.306060E+02
  0.305049E+02
  0.303988E+02
  0.302906E+02
  0.301795E+02
  0.300649E+02
  0.299467E+02
  0.298277E+02
  0.297063E+02
  0.295847E+02
  0.294620E+02
  0.293412E+02
  0.292220E+02
  0.291044E+02
  0.289875E+02
  0.288737E+02
  0.287615E+02
  0.286522E+02
  0.285435E+02
  0.284377E+02
  0.283334E+02
  0.282297E+02
  0.281251E+02
  0.280212E+02
  0.279167E+02
  0.278120E+02
  0.277053E+02
  0.275987E+02
  0.274910E+02
  0.273826E+02
  0.272719E+02
  0.271613E+02
  0.270495E+02
  0.269378E+02
  0.268247E+02
  0.267120E+02
  0.266000E+02
  0.264883E+02
  0.263768E+02
  0.262690E+02
  0.261624E+02
  0.260595E+02
  0.259598E+02
  0.258655E+02
  0.257769E+02
  0.256932E+02
  0.256140E+02
  0.255408E+02
  0.254711E+02
  0.254058E+02
  0.253419E+02
  0.252803E+02
  0.252189E+02
  0.251562E+02
  0.250902E+02
  0.250220E+02
  0.249500E+02
  0.248746E+02
  0.247943E+02
  0.247114E+02
  0.246250E+02
  0.245351E+02
  0.244413E+02
  0.243463E+02
  0.242493E+02
  0.241516E+02
  0.240533E+02
  0.239563E+02
  0.238606E+02
  0.237668E+02
  0.236739E+02
  0.235837E+02
  0.234955E+02
  0.234103E+02
  0.233263E+02
  0.232456E+02
  0.231674E+02
  0.230912E+02
  0.230163E+02
  0.229437E+02
  0.228719E+02
  0.228023E+02
  0.227332E+02
  0.226663E+02
  0.226009E+02
  0.225362E+02
  0.224723E+02
  0.224112E+02
  0.223505E+02
  0.222917E+02
  0.222338E+02
  0.221772E+02
  0.221209E+02
  0.220647E+02
  0.220073E+02
  0.219500E+02
  0.218910E+02
  0.218314E+02
  0.217694E+02
  0.217063E+02
  0.216417E+02
  0.215753E+02
  0.215065E+02
  0.214368E+02
  0.213652E+02
  0.212933E+02
  0.212196E+02
  0.211454E+02
  0.210706E+02
  0.209945E+02
  0.209167E+02
  0.208391E+02
  0.207602E+02
  0.206816E+02
  0.206021E+02
  0.205231E+02
  0.204445E+02
  0.203666E+02
  0.202894E+02
  0.202140E+02
  0.201403E+02
  0.200700E+02
  0.200022E+02
  0.199387E+02
  0.198794E+02
  0.198250E+02
  0.197750E+02
  0.197311E+02
  0.196926E+02
  0.196602E+02
  0.196325E+02
  0.196110E+02
  0.195953E+02
  0.195849E+02
  0.195792E+02
  0.195799E+02
  0.195861E+02
  0.195987E+02
  0.196171E+02
  0.196430E+02
  0.196755E+02
  0.197148E+02
  0.197605E+02
  0.198139E+02
  0.198739E+02
  0.199410E+02
  0.200137E+02
  0.200930E+02
  0.201783E+02
  0.202691E+02
  0.203637E+02
  0.204633E+02
  0.205671E+02
  0.206747E+02
  0.207848E+02
  0.208991E+02
  0.210161E+02
  0.211356E+02
  0.212568E+02
  0.213808E+02
  0.215064E+02
  0.216342E+02
  0.217628E+02
  0.218935E+02
  0.220253E+02
  0.221587E+02
  0.222933E+02
  0.224312E+02
  0.225706E+02
  0.227137E+02
  0.228600E+02
  0.230097E+02
  0.231636E+02
  0.233212E+02
  0.234817E+02
  0.236473E+02
  0.238156E+02
  0.239883E+02
  0.241629E+02
  0.243411E+02
  0.245222E+02
  0.247046E+02
  0.248886E+02
  0.250750E+02
  0.252615E+02
  0.254489E+02
  0.256351E+02
  0.258213E+02
  0.260061E+02
  0.261892E+02
  0.263686E+02
  0.265463E+02
  0.267212E+02
  0.268940E+02
  0.270638E+02
  0.272328E+02
  0.274000E+02
  0.275653E+02
  0.277282E+02
  0.278899E+02
  0.280486E+02
  0.282055E+02
  0.283583E+02
  0.285096E+02
  0.286583E+02
  0.288039E+02
  0.289458E+02
  0.290857E+02
  0.292225E+02
  0.293576E+02
  0.294894E+02
  0.296208E+02
  0.297509E+02
  0.298791E+02
  0.300049E+02
  0.301303E+02
  0.302537E+02
  0.303768E+02
  0.304973E+02
  0.306175E+02
  0.307364E+02
  0.308535E+02
  0.309680E+02
  0.310817E+02
  0.311923E+02
  0.313016E+02
  0.314072E+02
  0.315112E+02
  0.316125E+02
  0.317101E+02
  0.318025E+02
  0.318918E+02
  0.319759E+02
  0.320560E+02
  0.321291E+02
  0.321977E+02
  0.322603E+02
  0.323171E+02
  0.323670E+02
  0.324121E+02
  0.324512E+02
  0.324865E+02
  0.325161E+02
  0.325422E+02
  0.325652E+02
  0.325841E+02
  0.325981E+02
  0.326111E+02
  0.326203E+02
  0.326276E+02
  0.326309E+02
  0.326321E+02
  0.326302E+02
  0.326253E+02
  0.326160E+02
  0.326042E+02
  0.325876E+02
  0.325675E+02
  0.325418E+02
  0.325130E+02
  0.324796E+02
  0.324418E+02
  0.323987E+02
  0.323528E+02
  0.323027E+02
  0.322495E+02
  0.321919E+02
  0.321326E+02
  0.320703E+02
  0.320052E+02
  0.319364E+02
  0.318661E+02
  0.317936E+02
  0.317198E+02
  0.316429E+02
  0.315659E+02
  0.314864E+02
  0.314044E+02
  0.313191E+02
  0.312322E+02
  0.311426E+02
  0.310514E+02
  0.309563E+02
  0.308606E+02
  0.307626E+02
  0.306620E+02
  0.305580E+02
  0.304530E+02
  0.303454E+02
  0.302372E+02
  0.301260E+02
  0.300138E+02
  0.299003E+02
  0.297842E+02
  0.296644E+02
  0.295442E+02
  0.294205E+02
  0.292942E+02
  0.291638E+02
  0.290307E+02
  0.288945E+02
  0.287550E+02
  0.286108E+02
  0.284657E+02
  0.283176E+02
  0.281685E+02
  0.280173E+02
  0.278663E+02
  0.277153E+02
  0.275634E+02
  0.274100E+02
  0.272572E+02
  0.271030E+02
  0.269489E+02
  0.267925E+02
  0.266365E+02
  0.264796E+02
  0.263214E+02
  0.261613E+02
  0.260005E+02
  0.258376E+02
  0.256740E+02
  0.255082E+02
  0.253427E+02
  0.251747E+02
  0.250056E+02
  0.248349E+02
  0.246624E+02
  0.244888E+02
  0.243143E+02
  0.241369E+02
  0.239597E+02
  0.237797E+02
  0.235987E+02
  0.234144E+02
  0.232268E+02
  0.230369E+02
  0.228441E+02
  0.226469E+02
  0.224488E+02
  0.222471E+02
  0.220428E+02
  0.218353E+02
  0.216255E+02
  0.214148E+02
  0.212028E+02
  0.209885E+02
  0.207753E+02
  0.205599E+02
  0.203442E+02
  0.201274E+02
  0.199103E+02
  0.196926E+02
  0.194743E+02
  0.192549E+02
  0.190356E+02
  0.188146E+02
  0.185924E+02
  0.183683E+02
  0.181435E+02
  0.179169E+02
  0.176895E+02
  0.174607E+02
  0.172322E+02
  0.170035E+02
  0.167749E+02
  0.165461E+02
  0.163191E+02
  0.160929E+02
  0.158682E+02
  0.156444E+02
  0.154228E+02
  0.152029E+02
  0.149846E+02
  0.147684E+02
  0.145539E+02
  0.143404E+02
  0.141293E+02
  0.139183E+02
  0.137087E+02
  0.134995E+02
  0.132905E+02
  0.130806E+02
  0.128704E+02
  0.126594E+02
  0.124471E+02
  0.122323E+02
  0.120164E+02
  0.117979E+02
  0.115760E+02
  0.113506E+02
  0.111226E+02
  0.108893E+02
  0.106514E+02
  0.104089E+02
  0.101612E+02
  0.990722E+01
  0.964743E+01
  0.938097E+01
  0.910850E+01
  0.882951E+01
  0.854421E+01
  0.825290E+01
  0.795620E+01
  0.765393E+01
  0.734759E+01
  0.703647E+01
  0.672032E+01
  0.639956E+01
  0.607413E+01
  0.574284E+01
  0.540581E+01
  0.506276E+01
  0.471330E+01
  0.435638E+01
  0.399261E+01
  0.362089E+01
  0.324167E+01
  0.285527E+01
  0.246091E+01
  0.205930E+01
  0.165065E+01
  0.123593E+01
  0.816000E+00
  0.391262E+00
 -0.364051E-01
 -0.466999E+00
 -0.899125E+00
 -0.133144E+01
 -0.176297E+01
 -0.219268E+01
 -0.262001E+01
 -0.304298E+01
 -0.346165E+01
 -0.387514E+01
 -0.428301E+01
 -0.468474E+01
 -0.508015E+01
 -0.546942E+01
 -0.585193E+01
 -0.622795E+01
 -0.659734E+01
 -0.695921E+01
 -0.731490E+01
 -0.766332E+01
 -0.800532E+01
 -0.834012E+01
 -0.866822E+01
 -0.898981E+01
 -0.930451E+01
 -0.961279E+01
 -0.991544E+01
 -0.102117E+02
 -0.105012E+02
 -0.107836E+02
 -0.110602E+02
 -0.113288E+02
 -0.115912E+02
 -0.118468E+02
 -0.120951E+02
 -0.123375E+02
 -0.125730E+02
 -0.127998E+02
 -0.130212E+02
 -0.132353E+02
 -0.134423E+02
 -0.136426E+02
 -0.138365E+02
 -0.140241E+02
 -0.142051E+02
 -0.143786E+02
 -0.145463E+02
 -0.147063E+02
 -0.148596E+02
 -0.150056E+02
 -0.151446E+02
 -0.152760E+02
 -0.154001E+02
 -0.155155E+02
 -0.156239E+02
 -0.157245E+02
 -0.158174E+02
 -0.159022E+02
 -0.159802E+02
 -0.160506E+02
 -0.161140E+02
 -0.161694E+02
 -0.162182E+02
 -0.162597E+02
 -0.162943E+02
 -0.163215E+02
 -0.163432E+02
 -0.163597E+02
 -0.163710E+02
 -0.163763E+02
 -0.163781E+02
 -0.163750E+02
 -0.163688E+02
 -0.163588E+02
 -0.163460E+02
 -0.163309E+02
 -0.163132E+02
 -0.162922E+02
 -0.162696E+02
 -0.162440E+02
 -0.162161E+02
 -0.161848E+02
 -0.161509E+02
 -0.161139E+02
 -0.160727E+02
 -0.160267E+02
 -0.159771E+02
 -0.159230E+02
 -0.158648E+02
 -0.158007E+02
 -0.157332E+02
 -0.156622E+02
 -0.155873E+02
 -0.155094E+02
 -0.154299E+02
 -0.153484E+02
 -0.152669E+02
 -0.151850E+02
 -0.151047E+02
 -0.150259E+02
 -0.149495E+02
 -0.148748E+02
 -0.148032E+02
 -0.147339E+02
 -0.146669E+02
 -0.146018E+02
 -0.145396E+02
 -0.144795E+02
 -0.144218E+02
 -0.143661E+02
 -0.143135E+02
 -0.142639E+02
 -0.142180E+02
 -0.141741E+02
 -0.141344E+02
 -0.140979E+02
 -0.140647E+02
 -0.140347E+02
 -0.140092E+02
 -0.139875E+02
 -0.139704E+02
 -0.139573E+02
 -0.139498E+02
 -0.139473E+02
 -0.139495E+02
 -0.139560E+02
 -0.139681E+02
 -0.139844E+02
 -0.140060E+02
 -0.140316E+02
 -0.140622E+02
 -0.140972E+02
 -0.141366E+02
 -0.141797E+02
 -0.142272E+02
 -0.142779E+02
 -0.143324E+02
 -0.143885E+02
 -0.144477E+02
 -0.145093E+02
 -0.145716E+02
 -0.146335E+02
 -0.146955E+02
 -0.147560E+02
 -0.148146E+02
 -0.148698E+02
 -0.149225E+02
 -0.149714E+02
 -0.150162E+02
 -0.150563E+02
 -0.150928E+02
 -0.151240E+02
 -0.151512E+02
 -0.151729E+02
 -0.151901E+02
 -0.152030E+02
 -0.152115E+02
 -0.152147E+02
 -0.152142E+02
 -0.152095E+02
 -0.152011E+02
 -0.151884E+02
 -0.151730E+02
 -0.151543E+02
 -0.151326E+02
 -0.151071E+02
 -0.150793E+02
 -0.150481E+02
 -0.150141E+02
 -0.149766E+02
 -0.149372E+02
 -0.148951E+02
 -0.148503E+02
 -0.148031E+02
 -0.147550E+02
 -0.147053E+02
 -0.146555E+02
 -0.146046E+02
 -0.145545E+02
 -0.145050E+02
 -0.144555E+02
 -0.144049E+02
 -0.143548E+02
 -0.143037E+02
 -0.142522E+02
 -0.141996E+02
 -0.141466E+02
 -0.140926E+02
 -0.140378E+02
 -0.139811E+02
 -0.139240E+02
 -0.138652E+02
 -0.138057E+02
 -0.137444E+02
 -0.136831E+02
 -0.136213E+02
 -0.135586E+02
 -0.134948E+02
 -0.134314E+02
 -0.133676E+02
 -0.133044E+02
 -0.132413E+02
 -0.131803E+02
 -0.131206E+02
 -0.130613E+02
 -0.130032E+02
 -0.129469E+02
 -0.128909E+02
 -0.128367E+02
 -0.127831E+02
 -0.127310E+02
 -0.126803E+02
 -0.126308E+02
 -0.125818E+02
 -0.125351E+02
 -0.124899E+02
 -0.124463E+02
 -0.124041E+02
 -0.123644E+02
 -0.123268E+02
 -0.122913E+02
 -0.122573E+02
 -0.122261E+02
 -0.121966E+02
 -0.121697E+02
 -0.121442E+02
 -0.121218E+02
 -0.121018E+02
 -0.120834E+02
 -0.120662E+02
 -0.120509E+02
 -0.120361E+02
 -0.120227E+02
 -0.120089E+02
 -0.119949E+02
 -0.119793E+02
 -0.119607E+02
 -0.119376E+02
 -0.119099E+02
 -0.118752E+02
 -0.118332E+02
 -0.117820E+02
 -0.117223E+02
 -0.116522E+02
 -0.115710E+02
 -0.114784E+02
 -0.113748E+02
 -0.112593E+02
 -0.111330E+02
 -0.109947E+02
 -0.108461E+02
 -0.106872E+02
 -0.105179E+02
 -0.103382E+02
 -0.101498E+02
 -0.995272E+01
 -0.974819E+01
 -0.953587E+01
 -0.931705E+01
 -0.909242E+01
 -0.886197E+01
 -0.862531E+01
 -0.838428E+01
 -0.813832E+01
 -0.788837E+01
 -0.763428E+01
 -0.737696E+01
 -0.711632E+01
 -0.685263E+01
 -0.658679E+01
 -0.631955E+01
 -0.605058E+01
 -0.578116E+01
 -0.551113E+01
 -0.524148E+01
 -0.497198E+01
 -0.470258E+01
 -0.443339E+01
 -0.416507E+01
 -0.389707E+01
 -0.362989E+01
 -0.336387E+01
 -0.309935E+01
 -0.283631E+01
 -0.257538E+01
 -0.231598E+01
 -0.205867E+01
 -0.180332E+01
 -0.154946E+01
 -0.129789E+01
 -0.104916E+01
 -0.802365E+00
 -0.558095E+00
 -0.316679E+00
 -0.783005E-01
  0.156746E+00
  0.387621E+00
  0.614681E+00
  0.837990E+00
  0.105694E+01
  0.127162E+01
  0.148152E+01
  0.168650E+01
  0.188692E+01
  0.208243E+01
  0.227375E+01
  0.246137E+01
  0.264537E+01
  0.282598E+01
  0.300311E+01
  0.317721E+01
  0.334871E+01
  0.351752E+01
  0.368309E+01
  0.384551E+01
  0.400440E+01
  0.415962E+01
  0.431114E+01
  0.445870E+01
  0.460210E+01
  0.474154E+01
  0.487673E+01
  0.500772E+01
  0.513506E+01
  0.525922E+01
  0.537945E+01
  0.549640E+01
  0.561054E+01
  0.572168E+01
  0.582980E+01
  0.593589E+01
  0.603966E+01
  0.614174E+01
  0.624264E+01
  0.634228E+01
  0.644131E+01
  0.654041E+01
  0.663839E+01
  0.673693E+01
  0.683586E+01
  0.693412E+01
  0.703208E+01
  0.712990E+01
  0.722738E+01
  0.732476E+01
  0.742132E+01
  0.751751E+01
  0.761298E+01
  0.770795E+01
  0.780208E+01
  0.789621E+01
  0.799044E+01
  0.808490E+01
  0.817926E+01
  0.827441E+01
  0.837001E+01
  0.846583E+01
  0.856240E+01
  0.866053E+01
  0.875955E+01
  0.886005E+01
  0.896145E+01
  0.906441E+01
  0.916871E+01
  0.927418E+01
  0.938090E+01
  0.948941E+01
  0.959943E+01
  0.971214E+01
  0.982633E+01
  0.994291E+01
  0.100629E+02
  0.101853E+02
  0.103101E+02
  0.104384E+02
  0.105686E+02
  0.107014E+02
  0.108355E+02
  0.109713E+02
  0.111090E+02
  0.112480E+02
  0.113882E+02
  0.115306E+02
  0.116739E+02
  0.118193E+02
  0.119667E+02
  0.121163E+02
  0.122686E+02
  0.124229E+02
  0.125782E+02
  0.127362E+02
  0.128950E+02
  0.130553E+02
  0.132163E+02
  0.133775E+02
  0.135386E+02
  0.136989E+02
  0.138571E+02
  0.140137E+02
  0.141672E+02
  0.143183E+02
  0.144653E+02
  0.146087E+02
  0.147484E+02
  0.148846E+02
  0.150172E+02
  0.151472E+02
  0.152740E+02
  0.153994E+02
  0.155229E+02
  0.156459E+02
  0.157684E+02
  0.158905E+02
  0.160126E+02
  0.161356E+02
  0.162595E+02
  0.163850E+02
  0.165104E+02
  0.166369E+02
  0.167635E+02
  0.168898E+02
  0.170152E+02
  0.171409E+02
  0.172654E+02
  0.173897E+02
  0.175121E+02
  0.176338E+02
  0.177546E+02
  0.178736E+02
  0.179901E+02
  0.181049E+02
  0.182171E+02
  0.183274E+02
  0.184344E+02
  0.185394E+02
  0.186414E+02
  0.187405E+02
  0.188362E+02
  0.189291E+02
  0.190183E+02
  0.191051E+02
  0.191880E+02
  0.192685E+02
  0.193458E+02
  0.194197E+02
  0.194895E+02
  0.195568E+02
  0.196203E+02
  0.196808E+02
  0.197378E+02
  0.197930E+02
  0.198450E+02
  0.198941E+02
  0.199401E+02
  0.199834E+02
  0.200237E+02
  0.200624E+02
  0.200972E+02
  0.201300E+02
  0.201609E+02
  0.201893E+02
  0.202139E+02
  0.202371E+02
  0.202576E+02
  0.202758E+02
  0.202908E+02
  0.203042E+02
  0.203157E+02
  0.203251E+02
  0.203317E+02
  0.203377E+02
  0.203416E+02
  0.203445E+02
  0.203450E+02
  0.203442E+02
  0.203412E+02
  0.203361E+02
  0.203277E+02
  0.203170E+02
  0.203028E+02
  0.202857E+02
  0.202644E+02
  0.202407E+02
  0.202135E+02
  0.201823E+02
  0.201466E+02
  0.201077E+02
  0.200638E+02
  0.200162E+02
  0.199630E+02
  0.199051E+02
  0.198414E+02
  0.197706E+02
  0.196920E+02
  0.196067E+02
  0.195130E+02
  0.194118E+02
  0.193018E+02
  0.191843E+02
  0.190590E+02
  0.189261E+02
  0.187854E+02
  0.186390E+02
  0.184857E+02
  0.183271E+02
  0.181627E+02
  0.179936E+02
  0.178202E+02
  0.176422E+02
  0.174587E+02
  0.172718E+02
  0.170802E+02
  0.168843E+02
  0.166831E+02
  0.164778E+02
  0.162678E+02
  0.160529E+02
  0.158325E+02
  0.156075E+02
  0.153773E+02
  0.151425E+02
  0.149023E+02
  0.146586E+02
  0.144102E+02
  0.141573E+02
  0.138995E+02
  0.136382E+02
  0.133731E+02
  0.131040E+02
  0.128302E+02
  0.125531E+02
  0.122715E+02
  0.119861E+02
  0.116966E+02
  0.114039E+02
  0.111079E+02
  0.108092E+02
  0.105083E+02
  0.102061E+02
  0.990312E+01
  0.960024E+01
  0.929706E+01
  0.899501E+01
  0.869425E+01
  0.839522E+01
  0.809782E+01
  0.780281E+01
  0.751035E+01
  0.722112E+01
  0.693428E+01
  0.665068E+01
  0.637044E+01
  0.609361E+01
  0.582009E+01
  0.555028E+01
  0.528433E+01
  0.502290E+01
  0.476595E+01
  0.451408E+01
  0.426766E+01
  0.402736E+01
  0.379354E+01
  0.356680E+01
  0.334659E+01
  0.313359E+01
  0.292879E+01
  0.273198E+01
  0.254275E+01
  0.236136E+01
  0.218713E+01
  0.202006E+01
  0.185976E+01
  0.170588E+01
  0.155847E+01
  0.141648E+01
  0.127907E+01
  0.114656E+01
  0.101858E+01
  0.895056E+00
  0.775233E+00
  0.658419E+00
  0.544638E+00
  0.432945E+00
  0.322629E+00
  0.213610E+00
  0.104967E+00
 -0.388908E-02
 -0.112706E+00
 -0.222271E+00
 -0.332986E+00
 -0.444940E+00
 -0.558512E+00
 -0.673531E+00
 -0.789928E+00
 -0.907946E+00
 -0.102743E+01
 -0.114818E+01
 -0.127090E+01
 -0.139555E+01
 -0.152155E+01
 -0.164986E+01
 -0.178014E+01
 -0.191299E+01
 -0.204799E+01
 -0.218461E+01
 -0.232359E+01
 -0.246436E+01
 -0.260710E+01
 -0.275232E+01
 -0.289885E+01
 -0.304757E+01
 -0.319763E+01
 -0.334876E+01
 -0.350113E+01
 -0.365380E+01
 -0.380672E+01
 -0.395991E+01
 -0.411237E+01
 -0.426454E+01
 -0.441565E+01
 -0.456563E+01
 -0.471411E+01
 -0.486060E+01
 -0.500481E+01
 -0.514609E+01
 -0.528345E+01
 -0.541782E+01
 -0.554845E+01
 -0.567481E+01
 -0.579643E+01
 -0.591377E+01
 -0.602604E+01
 -0.613299E+01
 -0.623433E+01
 -0.633052E+01
 -0.642112E+01
 -0.650541E+01
 -0.658323E+01
 -0.665546E+01
 -0.672113E+01
 -0.678072E+01
 -0.683340E+01
 -0.688002E+01
 -0.692085E+01
 -0.695568E+01
 -0.698512E+01
 -0.701025E+01
 -0.703088E+01
 -0.704793E+01
 -0.706132E+01
 -0.707256E+01
 -0.708117E+01
 -0.708770E+01
 -0.709344E+01
 -0.709833E+01
 -0.710207E+01
 -0.710607E+01
 -0.710979E+01
 -0.711416E+01
 -0.711886E+01
 -0.712351E+01
 -0.712826E+01
 -0.713419E+01
 -0.714024E+01
 -0.714650E+01
 -0.715308E+01
 -0.716026E+01
 -0.716706E+01
 -0.717405E+01
 -0.718122E+01
 -0.718845E+01
 -0.719529E+01
 -0.720232E+01
 -0.720905E+01
 -0.721635E+01
 -0.722339E+01
 -0.723023E+01
 -0.723688E+01
 -0.724401E+01
 -0.725123E+01
 -0.725849E+01
 -0.726545E+01
 -0.727330E+01
 -0.728178E+01
 -0.729077E+01
 -0.730040E+01
 -0.731165E+01
 -0.732418E+01
 -0.733837E+01
 -0.735357E+01
 -0.737090E+01
 -0.739033E+01
 -0.741147E+01
 -0.743371E+01
 -0.745800E+01
 -0.748371E+01
 -0.751061E+01
 -0.753802E+01
 -0.756655E+01
 -0.759557E+01
 -0.762452E+01
 -0.765295E+01
 -0.768125E+01
 -0.770846E+01
 -0.773501E+01
 -0.775976E+01
 -0.778339E+01
 -0.780606E+01
 -0.782702E+01
 -0.784616E+01
 -0.786451E+01
 -0.788120E+01
 -0.789752E+01
 -0.791318E+01
 -0.792940E+01
 -0.794675E+01
 -0.796514E+01
 -0.798452E+01
 -0.800534E+01
 -0.802745E+01
 -0.805179E+01
 -0.807726E+01
 -0.810414E+01
 -0.813211E+01
 -0.816117E+01
 -0.819083E+01
 -0.822226E+01
 -0.825457E+01
 -0.828831E+01
 -0.832350E+01
 -0.836040E+01
 -0.839908E+01
 -0.843979E+01
 -0.848224E+01
 -0.852724E+01
 -0.857352E+01
 -0.862193E+01
 -0.867208E+01
 -0.872438E+01
 -0.877857E+01
 -0.883461E+01
 -0.889133E+01
 -0.894961E+01
 -0.900924E+01
 -0.906956E+01
 -0.912995E+01
 -0.919172E+01
 -0.925363E+01
 -0.931522E+01
 -0.937619E+01
 -0.943687E+01
 -0.949688E+01
 -0.955647E+01
 -0.961451E+01
 -0.967270E+01
 -0.973067E+01
 -0.978780E+01
 -0.984412E+01
 -0.990052E+01
 -0.995559E+01
 -0.100099E+02
 -0.100629E+02
 -0.101154E+02
 -0.101673E+02
 -0.102185E+02
 -0.102690E+02
 -0.103194E+02
 -0.103694E+02
 -0.104200E+02
 -0.104709E+02
 -0.105233E+02
 -0.105769E+02
 -0.106322E+02
 -0.106892E+02
 -0.107494E+02
 -0.108124E+02
 -0.108787E+02
 -0.109475E+02
 -0.110201E+02
 -0.110962E+02
 -0.111756E+02
 -0.112578E+02
 -0.113439E+02
 -0.114322E+02
 -0.115236E+02
 -0.116165E+02
 -0.117119E+02
 -0.118093E+02
 -0.119081E+02
 -0.120078E+02
 -0.121088E+02
 -0.122106E+02
 -0.123141E+02
 -0.124184E+02
 -0.125246E+02
 -0.126317E+02
 -0.127396E+02
 -0.128480E+02
 -0.129573E+02
 -0.130664E+02
 -0.131760E+02
 -0.132851E+02
 -0.133940E+02
 -0.135023E+02
 -0.136103E+02
 -0.137165E+02
 -0.138212E+02
 -0.139243E+02
 -0.140264E+02
 -0.141258E+02
 -0.142243E+02
 -0.143213E+02
 -0.144163E+02
 -0.145097E+02
 -0.146030E+02
 -0.146943E+02
 -0.147850E+02
 -0.148748E+02
 -0.149639E+02
 -0.150523E+02
 -0.151403E+02
 -0.152259E+02
 -0.153110E+02
 -0.153943E+02
 -0.154759E+02
 -0.155547E+02
 -0.156315E+02
 -0.157055E+02
 -0.157763E+02
 -0.158436E+02
 -0.159080E+02
 -0.159680E+02
 -0.160257E+02
 -0.160792E+02
 -0.161300E+02
 -0.161779E+02
 -0.162230E+02
 -0.162648E+02
 -0.163044E+02
 -0.163411E+02
 -0.163762E+02
 -0.164087E+02
 -0.164401E+02
 -0.164691E+02
 -0.164960E+02
 -0.165206E+02
 -0.165434E+02
 -0.165633E+02
 -0.165820E+02
 -0.165974E+02
 -0.166108E+02
 -0.166216E+02
 -0.166295E+02
 -0.166337E+02
 -0.166358E+02
 -0.166340E+02
 -0.166291E+02
 -0.166203E+02
 -0.166086E+02
 -0.165933E+02
 -0.165740E+02
 -0.165504E+02
 -0.165236E+02
 -0.164920E+02
 -0.164575E+02
 -0.164188E+02
 -0.163769E+02
 -0.163317E+02
 -0.162836E+02
 -0.162318E+02
 -0.161774E+02
 -0.161205E+02
 -0.160620E+02
 -0.160006E+02
 -0.159395E+02
 -0.158780E+02
 -0.158156E+02
 -0.157531E+02
 -0.156919E+02
 -0.156309E+02
 -0.155724E+02
 -0.155153E+02
 -0.154607E+02
 -0.154086E+02
 -0.153587E+02
 -0.153105E+02
 -0.152661E+02
 -0.152241E+02
 -0.151845E+02
 -0.151461E+02
 -0.151103E+02
 -0.150758E+02
 -0.150418E+02
 -0.150070E+02
 -0.149725E+02
 -0.149367E+02
 -0.149000E+02
 -0.148608E+02
 -0.148205E+02
 -0.147784E+02
 -0.147342E+02
 -0.146867E+02
 -0.146378E+02
 -0.145864E+02
 -0.145333E+02
 -0.144773E+02
 -0.144202E+02
 -0.143617E+02
 -0.143014E+02
 -0.142385E+02
 -0.141741E+02
 -0.141072E+02
 -0.140386E+02
 -0.139672E+02
 -0.138942E+02
 -0.138182E+02
 -0.137390E+02
 -0.136565E+02
 -0.135715E+02
 -0.134825E+02
 -0.133899E+02
 -0.132929E+02
 -0.131922E+02
 -0.130870E+02
 -0.129775E+02
 -0.128633E+02
 -0.127446E+02
 -0.126205E+02
 -0.124920E+02
 -0.123583E+02
 -0.122206E+02
 -0.120790E+02
 -0.119328E+02
 -0.117823E+02
 -0.116288E+02
 -0.114707E+02
 -0.113100E+02
 -0.111456E+02
 -0.109782E+02
 -0.108084E+02
 -0.106352E+02
 -0.104585E+02
 -0.102795E+02
 -0.100963E+02
 -0.991028E+01
 -0.972038E+01
 -0.952637E+01
 -0.932803E+01
 -0.912541E+01
 -0.891761E+01
 -0.870589E+01
 -0.848913E+01
 -0.826751E+01
 -0.804054E+01
 -0.780828E+01
 -0.757077E+01
 -0.732832E+01
 -0.707975E+01
 -0.682605E+01
 -0.656645E+01
 -0.630155E+01
 -0.603213E+01
 -0.575827E+01
 -0.547958E+01
 -0.519743E+01
 -0.491135E+01
 -0.462193E+01
 -0.432945E+01
 -0.403416E+01
 -0.373612E+01
 -0.343622E+01
 -0.313412E+01
 -0.283008E+01
 -0.252385E+01
 -0.221644E+01
 -0.190769E+01
 -0.159773E+01
 -0.128716E+01
 -0.975518E+00
 -0.663077E+00
 -0.350667E+00
 -0.382218E-01
  0.273503E+00
  0.585329E+00
  0.896688E+00
  0.120669E+01
  0.151618E+01
  0.182507E+01
  0.213313E+01
  0.244082E+01
  0.274754E+01
  0.305333E+01
  0.335870E+01
  0.366301E+01
  0.396706E+01
  0.427100E+01
  0.457421E+01
  0.487696E+01
  0.517940E+01
  0.548113E+01
  0.578243E+01
  0.608232E+01
  0.638163E+01
  0.668076E+01
  0.697883E+01
  0.727644E+01
  0.757405E+01
  0.787151E+01
  0.817021E+01
  0.846875E+01
  0.876800E+01
  0.906811E+01
  0.936844E+01
  0.966925E+01
  0.997048E+01
  0.102715E+02
  0.105729E+02
  0.108736E+02
  0.111747E+02
  0.114754E+02
  0.117754E+02
  0.120740E+02
  0.123720E+02
  0.126680E+02
  0.129617E+02
  0.132524E+02
  0.135403E+02
  0.138242E+02
  0.141036E+02
  0.143778E+02
  0.146471E+02
  0.149102E+02
  0.151676E+02
  0.154182E+02
  0.156627E+02
  0.159011E+02
  0.161333E+02
  0.163583E+02
  0.165776E+02
  0.167906E+02
  0.169988E+02
  0.172007E+02
  0.173973E+02
  0.175891E+02
  0.177754E+02
  0.179559E+02
  0.181320E+02
  0.183028E+02
  0.184697E+02
  0.186315E+02
  0.187900E+02
  0.189455E+02
  0.190972E+02
  0.192449E+02
  0.193911E+02
  0.195350E+02
  0.196775E+02
  0.198176E+02
  0.199571E+02
  0.200956E+02
  0.202332E+02
  0.203690E+02
  0.205048E+02
  0.206397E+02
  0.207741E+02
  0.209070E+02
  0.210395E+02
  0.211710E+02
  0.213011E+02
  0.214286E+02
  0.215542E+02
  0.216759E+02
  0.217957E+02
  0.219109E+02
  0.220224E+02
  0.221300E+02
  0.222327E+02
  0.223300E+02
  0.224231E+02
  0.225102E+02
  0.225932E+02
  0.226698E+02
  0.227420E+02
  0.228096E+02
  0.228709E+02
  0.229256E+02
  0.229756E+02
  0.230192E+02
  0.230577E+02
  0.230888E+02
  0.231141E+02
  0.231331E+02
  0.231453E+02
  0.231494E+02
  0.231475E+02
  0.231382E+02
  0.231217E+02
  0.230964E+02
  0.230640E+02
  0.230234E+02
  0.229740E+02
  0.229150E+02
  0.228483E+02
  0.227722E+02
  0.226879E+02
  0.225938E+02
  0.224916E+02
  0.223808E+02
  0.222608E+02
  0.221318E+02
  0.219956E+02
  0.218501E+02
  0.216975E+02
  0.215368E+02
  0.213698E+02
  0.211967E+02
  0.210170E+02
  0.208310E+02
  0.206404E+02
  0.204447E+02
  0.202454E+02
  0.200407E+02
  0.198334E+02
  0.196228E+02
  0.194086E+02
  0.191911E+02
  0.189716E+02
  0.187499E+02
  0.185271E+02
  0.183018E+02
  0.180756E+02
  0.178479E+02
  0.176187E+02
  0.173871E+02
  0.171543E+02
  0.169196E+02
  0.166836E+02
  0.164452E+02
  0.162055E+02
  0.159645E+02
  0.157218E+02
  0.154769E+02
  0.152315E+02
  0.149842E+02
  0.147358E+02
  0.144859E+02
  0.142356E+02
  0.139845E+02
  0.137324E+02
  0.134794E+02
  0.132264E+02
  0.129728E+02
  0.127196E+02
  0.124658E+02
  0.122126E+02
  0.119599E+02
  0.117067E+02
  0.114527E+02
  0.111985E+02
  0.109439E+02
  0.106892E+02
  0.104332E+02
  0.101773E+02
  0.992098E+01
  0.966403E+01
  0.940654E+01
  0.914893E+01
  0.889165E+01
  0.863493E+01
  0.837874E+01
  0.812492E+01
  0.787245E+01
  0.762208E+01
  0.737440E+01
  0.713027E+01
  0.688999E+01
  0.665434E+01
  0.642325E+01
  0.619753E+01
  0.597726E+01
  0.576227E+01
  0.555305E+01
  0.534984E+01
  0.515264E+01
  0.496275E+01
  0.477907E+01
  0.460196E+01
  0.443182E+01
  0.426887E+01
  0.411289E+01
  0.396373E+01
  0.382153E+01
  0.368660E+01
  0.355861E+01
  0.343736E+01
  0.332307E+01
  0.321601E+01
  0.311561E+01
  0.302267E+01
  0.293731E+01
  0.285884E+01
  0.278725E+01
  0.272313E+01
  0.266589E+01
  0.261530E+01
  0.257165E+01
  0.253452E+01
  0.250361E+01
  0.247918E+01
  0.246077E+01
  0.244840E+01
  0.244156E+01
  0.243993E+01
  0.244365E+01
  0.245290E+01
  0.246702E+01
  0.248601E+01
  0.250999E+01
  0.253924E+01
  0.257390E+01
  0.261327E+01
  0.265772E+01
  0.270788E+01
  0.276318E+01
  0.282416E+01
  0.289060E+01
  0.296237E+01
  0.304000E+01
  0.312328E+01
  0.321160E+01
  0.330535E+01
  0.340465E+01
  0.350970E+01
  0.362015E+01
  0.373568E+01
  0.385630E+01
  0.398189E+01
  0.411170E+01
  0.424560E+01
  0.438333E+01
  0.452463E+01
  0.466892E+01
  0.481690E+01
  0.496778E+01
  0.512134E+01
  0.527785E+01
  0.543666E+01
  0.559802E+01
  0.576207E+01
  0.592751E+01
  0.609496E+01
  0.626388E+01
  0.643412E+01
  0.660510E+01
  0.677701E+01
  0.694954E+01
  0.712203E+01
  0.729413E+01
  0.746652E+01
  0.763830E+01
  0.780909E+01
  0.797881E+01
  0.814774E+01
  0.831552E+01
  0.848288E+01
  0.864870E+01
  0.881353E+01
  0.897771E+01
  0.914129E+01
  0.930366E+01
  0.946550E+01
  0.962704E+01
  0.978862E+01
  0.994922E+01
  0.101099E+02
  0.102698E+02
  0.104287E+02
  0.105859E+02
  0.107414E+02
  0.108942E+02
  0.110445E+02
  0.111913E+02
  0.113344E+02
  0.114727E+02
  0.116061E+02
  0.117338E+02
  0.118561E+02
  0.119717E+02
  0.120810E+02
  0.121826E+02
  0.122772E+02
  0.123642E+02
  0.124429E+02
  0.125127E+02
  0.125746E+02
  0.126275E+02
  0.126724E+02
  0.127083E+02
  0.127364E+02
  0.127563E+02
  0.127676E+02
  0.127702E+02
  0.127652E+02
  0.127514E+02
  0.127296E+02
  0.126989E+02
  0.126604E+02
  0.126140E+02
  0.125593E+02
  0.124962E+02
  0.124259E+02
  0.123479E+02
  0.122634E+02
  0.121714E+02
  0.120732E+02
  0.119692E+02
  0.118595E+02
  0.117437E+02
  0.116238E+02
  0.114993E+02
  0.113712E+02
  0.112392E+02
  0.111043E+02
  0.109667E+02
  0.108262E+02
  0.106830E+02
  0.105385E+02
  0.103920E+02
  0.102445E+02
  0.100963E+02
  0.994777E+01
  0.979911E+01
  0.965082E+01
  0.950231E+01
  0.935522E+01
  0.920876E+01
  0.906329E+01
  0.891844E+01
  0.877469E+01
  0.863189E+01
  0.848993E+01
  0.834846E+01
  0.820775E+01
  0.806704E+01
  0.792673E+01
  0.778604E+01
  0.764549E+01
  0.750480E+01
  0.736414E+01
  0.722313E+01
  0.708227E+01
  0.694212E+01
  0.680342E+01
  0.666527E+01
  0.652860E+01
  0.639404E+01
  0.626119E+01
  0.612985E+01
  0.600090E+01
  0.587404E+01
  0.574997E+01
  0.562854E+01
  0.550979E+01
  0.539359E+01
  0.528083E+01
  0.517104E+01
  0.506434E+01
  0.496116E+01
  0.486133E+01
  0.476432E+01
  0.467052E+01
  0.457964E+01
  0.449133E+01
  0.440516E+01
  0.432137E+01
  0.423925E+01
  0.415804E+01
  0.407680E+01
  0.399572E+01
  0.391429E+01
  0.383202E+01
  0.374882E+01
  0.366480E+01
  0.357932E+01
  0.349221E+01
  0.340357E+01
  0.331356E+01
  0.322193E+01
  0.312830E+01
  0.303300E+01
  0.293693E+01
  0.283900E+01
  0.273990E+01
  0.263960E+01
  0.253782E+01
  0.243504E+01
  0.233106E+01
  0.222569E+01
  0.211871E+01
  0.201015E+01
  0.190059E+01
  0.178999E+01
  0.167832E+01
  0.156526E+01
  0.145128E+01
  0.133708E+01
  0.122223E+01
  0.110685E+01
  0.991875E+00
  0.877064E+00
  0.762596E+00
  0.648836E+00
  0.536031E+00
  0.424100E+00
  0.312690E+00
  0.202843E+00
  0.947971E-01
 -0.121422E-01
 -0.116911E+00
 -0.219018E+00
 -0.319280E+00
 -0.417065E+00
 -0.511872E+00
 -0.603769E+00
 -0.692835E+00
 -0.779022E+00
 -0.862105E+00
 -0.941780E+00
 -0.101801E+01
 -0.109114E+01
 -0.116153E+01
 -0.122899E+01
 -0.129397E+01
 -0.135673E+01
 -0.141809E+01
 -0.147836E+01
 -0.153770E+01
 -0.159661E+01
 -0.165553E+01
 -0.171494E+01
 -0.177513E+01
 -0.183566E+01
 -0.189758E+01
 -0.196129E+01
 -0.202637E+01
 -0.209279E+01
 -0.216111E+01
 -0.223091E+01
 -0.230176E+01
 -0.237402E+01
 -0.244829E+01
 -0.252377E+01
 -0.260023E+01
 -0.267762E+01
 -0.275575E+01
 -0.283363E+01
 -0.291104E+01
 -0.298778E+01
 -0.306327E+01
 -0.313669E+01
 -0.320823E+01
 -0.327757E+01
 -0.334522E+01
 -0.341131E+01
 -0.347550E+01
 -0.353791E+01
 -0.359941E+01
 -0.365964E+01
 -0.371918E+01
 -0.377805E+01
 -0.383635E+01
 -0.389427E+01
 -0.395252E+01
 -0.401072E+01
 -0.406929E+01
 -0.412847E+01
 -0.418836E+01
 -0.424920E+01
 -0.431120E+01
 -0.437406E+01
 -0.443811E+01
 -0.450274E+01
 -0.456957E+01
 -0.463835E+01
 -0.470773E+01
 -0.477813E+01
 -0.485024E+01
 -0.492328E+01
 -0.499765E+01
 -0.507347E+01
 -0.515119E+01
 -0.523068E+01
 -0.531219E+01
 -0.539545E+01
 -0.548114E+01
 -0.556890E+01
 -0.565907E+01
 -0.575153E+01
 -0.584668E+01
 -0.594427E+01
 -0.604417E+01
 -0.614598E+01
 -0.625027E+01
 -0.635636E+01
 -0.646485E+01
 -0.657521E+01
 -0.668743E+01
 -0.680145E+01
 -0.691663E+01
 -0.703207E+01
 -0.714854E+01
 -0.726492E+01
 -0.738106E+01
 -0.749605E+01
 -0.760986E+01
 -0.772171E+01
 -0.783064E+01
 -0.793650E+01
 -0.804008E+01
 -0.813988E+01
 -0.823660E+01
 -0.832975E+01
 -0.841971E+01
 -0.850665E+01
 -0.859011E+01
 -0.866967E+01
 -0.874680E+01
 -0.882088E+01
 -0.889251E+01
 -0.896173E+01
 -0.902946E+01
 -0.909544E+01
 -0.916017E+01
 -0.922378E+01
 -0.928749E+01
 -0.935074E+01
 -0.941443E+01
 -0.947841E+01
 -0.954363E+01
 -0.961019E+01
 -0.967800E+01
 -0.974688E+01
 -0.981800E+01
 -0.989066E+01
 -0.996550E+01
 -0.100415E+02
 -0.101198E+02
 -0.102003E+02
 -0.102826E+02
 -0.103664E+02
 -0.104529E+02
 -0.105412E+02
 -0.106317E+02
 -0.107235E+02
 -0.108180E+02
 -0.109146E+02
 -0.110129E+02
 -0.111129E+02
 -0.112151E+02
 -0.113186E+02
 -0.114243E+02
 -0.115311E+02
 -0.116406E+02
 -0.117522E+02
 -0.118658E+02
 -0.119811E+02
 -0.120992E+02
 -0.122196E+02
 -0.123431E+02
 -0.124690E+02
 -0.125985E+02
 -0.127312E+02
 -0.128670E+02
 -0.130055E+02
 -0.131480E+02
 -0.132928E+02
 -0.134407E+02
 -0.135910E+02
 -0.137442E+02
 -0.139000E+02
 -0.140575E+02
 -0.142158E+02
 -0.143760E+02
 -0.145368E+02
 -0.146991E+02
 -0.148615E+02
 -0.150249E+02
 -0.151884E+02
 -0.153515E+02
 -0.155135E+02
 -0.156752E+02
 -0.158356E+02
 -0.159957E+02
 -0.161540E+02
 -0.163120E+02
 -0.164686E+02
 -0.166227E+02
 -0.167738E+02
 -0.169227E+02
 -0.170679E+02
 -0.172099E+02
 -0.173467E+02
 -0.174796E+02
 -0.176073E+02
 -0.177288E+02
 -0.178433E+02
 -0.179520E+02
 -0.180535E+02
 -0.181489E+02
 -0.182367E+02
 -0.183180E+02
 -0.183914E+02
 -0.184568E+02
 -0.185139E+02
 -0.185635E+02
 -0.186045E+02
 -0.186385E+02
 -0.186640E+02
 -0.186822E+02
 -0.186928E+02
 -0.186957E+02
 -0.186901E+02
 -0.186781E+02
 -0.186582E+02
 -0.186315E+02
 -0.185965E+02
 -0.185551E+02
 -0.185073E+02
 -0.184525E+02
 -0.183896E+02
 -0.183208E+02
 -0.182448E+02
 -0.181623E+02
 -0.180719E+02
 -0.179754E+02
 -0.178714E+02
 -0.177604E+02
 -0.176418E+02
 -0.175167E+02
 -0.173850E+02
 -0.172472E+02
 -0.171021E+02
 -0.169518E+02
 -0.167959E+02
 -0.166351E+02
 -0.164686E+02
 -0.162985E+02
 -0.161245E+02
 -0.159466E+02
 -0.157639E+02
 -0.155779E+02
 -0.153871E+02
 -0.151916E+02
 -0.149913E+02
 -0.147875E+02
 -0.145788E+02
 -0.143656E+02
 -0.141464E+02
 -0.139222E+02
 -0.136925E+02
 -0.134567E+02
 -0.132144E+02
 -0.129680E+02
 -0.127164E+02
 -0.124612E+02
 -0.122015E+02
 -0.119391E+02
 -0.116738E+02
 -0.114062E+02
 -0.111366E+02
 -0.108661E+02
 -0.105948E+02
 -0.103239E+02
 -0.100528E+02
 -0.978275E+01
 -0.951397E+01
 -0.924689E+01
 -0.898120E+01
 -0.871832E+01
 -0.845875E+01
 -0.820313E+01
 -0.795152E+01
 -0.770532E+01
 -0.746428E+01
 -0.722896E+01
 -0.699885E+01
 -0.677423E+01
 -0.655512E+01
 -0.634202E+01
 -0.613453E+01
 -0.593376E+01
 -0.573945E+01
 -0.555142E+01
 -0.536977E+01
 -0.519581E+01
 -0.502861E+01
 -0.486857E+01
 -0.471663E+01
 -0.457292E+01
 -0.443679E+01
 -0.430906E+01
 -0.419001E+01
 -0.407928E+01
 -0.397648E+01
 -0.388279E+01
 -0.379679E+01
 -0.371860E+01
 -0.364871E+01
 -0.358679E+01
 -0.353270E+01
 -0.348666E+01
 -0.344876E+01
 -0.341928E+01
 -0.339755E+01
 -0.338405E+01
 -0.337765E+01
 -0.337846E+01
 -0.338665E+01
 -0.340163E+01
 -0.342302E+01
 -0.345076E+01
 -0.348380E+01
 -0.352206E+01
 -0.356501E+01
 -0.361286E+01
 -0.366510E+01
 -0.372171E+01
 -0.378212E+01
 -0.384551E+01
 -0.391175E+01
 -0.398122E+01
 -0.405297E+01
 -0.412731E+01
 -0.420340E+01
 -0.428135E+01
 -0.436140E+01
 -0.444374E+01
 -0.452738E+01
 -0.461217E+01
 -0.469776E+01
 -0.478385E+01
 -0.487021E+01
 -0.495643E+01
 -0.504203E+01
 -0.512735E+01
 -0.521117E+01
 -0.529409E+01
 -0.537551E+01
 -0.545554E+01
 -0.553330E+01
 -0.560826E+01
 -0.568049E+01
 -0.574993E+01
 -0.581549E+01
 -0.587823E+01
 -0.593758E+01
 -0.599267E+01
 -0.604305E+01
 -0.608943E+01
 -0.613114E+01
 -0.616800E+01
 -0.619945E+01
 -0.622615E+01
 -0.624740E+01
 -0.626326E+01
 -0.627370E+01
 -0.627933E+01
 -0.627987E+01
 -0.627593E+01
 -0.626753E+01
 -0.625585E+01
 -0.624076E+01
 -0.622236E+01
 -0.620135E+01
 -0.617871E+01
 -0.615346E+01
 -0.612618E+01
 -0.609657E+01
 -0.606532E+01
 -0.603272E+01
 -0.599842E+01
 -0.596166E+01
 -0.592335E+01
 -0.588341E+01
 -0.584206E+01
 -0.579884E+01
 -0.575430E+01
 -0.570886E+01
 -0.566288E+01
 -0.561541E+01
 -0.556815E+01
 -0.552115E+01
 -0.547447E+01
 -0.542876E+01
 -0.538448E+01
 -0.534167E+01
 -0.530088E+01
 -0.526163E+01
 -0.522511E+01
 -0.519073E+01
 -0.515860E+01
 -0.512942E+01
 -0.510310E+01
 -0.507896E+01
 -0.505794E+01
 -0.503957E+01
 -0.502379E+01
 -0.501018E+01
 -0.499900E+01
 -0.498997E+01
 -0.498327E+01
 -0.497800E+01
 -0.497442E+01
 -0.497244E+01
 -0.497199E+01
 -0.497262E+01
 -0.497499E+01
 -0.497826E+01
 -0.498292E+01
 -0.498861E+01
 -0.499461E+01
 -0.500069E+01
 -0.500730E+01
 -0.501406E+01
 -0.502059E+01
 -0.502621E+01
 -0.503170E+01
 -0.503578E+01
 -0.503846E+01
 -0.503995E+01
 -0.503974E+01
 -0.503690E+01
 -0.503235E+01
 -0.502559E+01
 -0.501612E+01
 -0.500374E+01
 -0.498896E+01
 -0.497110E+01
 -0.495022E+01
 -0.492625E+01
 -0.489910E+01
 -0.486753E+01
 -0.483217E+01
 -0.479294E+01
 -0.474941E+01
 -0.470139E+01
 -0.464948E+01
 -0.459290E+01
 -0.453220E+01
 -0.446766E+01
 -0.439947E+01
 -0.432741E+01
 -0.425202E+01
 -0.417369E+01
 -0.409319E+01
 -0.401016E+01
 -0.392539E+01
 -0.383856E+01
 -0.374993E+01
 -0.365991E+01
 -0.356899E+01
 -0.347693E+01
 -0.338412E+01
 -0.329072E+01
 -0.319692E+01
 -0.310243E+01
 -0.300841E+01
 -0.291454E+01
 -0.282025E+01
 -0.272598E+01
 -0.263225E+01
 -0.253832E+01
 -0.244461E+01
 -0.235086E+01
 -0.225718E+01
 -0.216393E+01
 -0.207093E+01
 -0.197779E+01
 -0.188546E+01
 -0.179359E+01
 -0.170246E+01
 -0.161205E+01
 -0.152172E+01
 -0.143220E+01
 -0.134401E+01
 -0.125641E+01
 -0.116987E+01
 -0.108379E+01
 -0.998363E+00
 -0.913649E+00
 -0.829659E+00
 -0.746356E+00
 -0.663577E+00
 -0.581101E+00
 -0.498590E+00
 -0.416597E+00
 -0.335412E+00
 -0.254124E+00
 -0.173512E+00
 -0.930538E-01
 -0.125542E-01
  0.673885E-01
  0.147184E+00
  0.227004E+00
  0.306444E+00
  0.385435E+00
  0.464227E+00
  0.542867E+00
  0.621140E+00
  0.699757E+00
  0.778574E+00
  0.857348E+00
  0.936165E+00
  0.101529E+01
  0.109540E+01
  0.117657E+01
  0.125864E+01
  0.134140E+01
  0.142454E+01
  0.150777E+01
  0.159112E+01
  0.167490E+01
  0.175822E+01
  0.184032E+01
  0.192151E+01
  0.200158E+01
  0.207983E+01
  0.215551E+01
  0.222831E+01
  0.229819E+01
  0.236478E+01
  0.242737E+01
  0.248600E+01
  0.254047E+01
  0.259023E+01
  0.263545E+01
  0.267624E+01
  0.271176E+01
  0.274219E+01
  0.276720E+01
  0.278673E+01
  0.280108E+01
  0.280983E+01
  0.281289E+01
  0.281043E+01
  0.280214E+01
  0.278864E+01
  0.277019E+01
  0.274671E+01
  0.271832E+01
  0.268545E+01
  0.264840E+01
  0.260769E+01
  0.256307E+01
  0.251512E+01
  0.246490E+01
  0.241224E+01
  0.235723E+01
  0.230022E+01
  0.224089E+01
  0.217964E+01
  0.211644E+01
  0.205144E+01
  0.198469E+01
  0.191602E+01
  0.184556E+01
  0.177375E+01
  0.170034E+01
  0.162493E+01
  0.154827E+01
  0.147051E+01
  0.139122E+01
  0.131066E+01
  0.122869E+01
  0.114563E+01
  0.106195E+01
  0.977504E+00
  0.892170E+00
  0.806620E+00
  0.721382E+00
  0.636228E+00
  0.551326E+00
  0.467380E+00
  0.384536E+00
  0.302519E+00
  0.221749E+00
  0.141836E+00
  0.627327E-01
 -0.150595E-01
 -0.919018E-01
 -0.168154E+00
 -0.243532E+00
 -0.318194E+00
 -0.391624E+00
 -0.463815E+00
 -0.535064E+00
 -0.604877E+00
 -0.672876E+00
 -0.739700E+00
 -0.804953E+00
 -0.868061E+00
 -0.928892E+00
 -0.987535E+00
 -0.104375E+01
 -0.109733E+01
 -0.114816E+01
 -0.119645E+01
 -0.124189E+01
 -0.128420E+01
 -0.132311E+01
 -0.135936E+01
 -0.139219E+01
 -0.142116E+01
 -0.144633E+01
 -0.146741E+01
 -0.148488E+01
 -0.149885E+01
 -0.150852E+01
 -0.151447E+01
 -0.151639E+01
 -0.151413E+01
 -0.150764E+01
 -0.149706E+01
 -0.148249E+01
 -0.146394E+01
 -0.144133E+01
 -0.141507E+01
 -0.138559E+01
 -0.135353E+01
 -0.131847E+01
 -0.128093E+01
 -0.124097E+01
 -0.119848E+01
 -0.115394E+01
 -0.110794E+01
 -0.106029E+01
 -0.101075E+01
 -0.959293E+00
 -0.906427E+00
 -0.851665E+00
 -0.794550E+00
 -0.735276E+00
 -0.673961E+00
 -0.609961E+00
 -0.543615E+00
 -0.474904E+00
 -0.403838E+00
 -0.330320E+00
 -0.254755E+00
 -0.177336E+00
 -0.977030E-01
 -0.164871E-01
  0.658417E-01
  0.150011E+00
  0.235569E+00
  0.322315E+00
  0.410076E+00
  0.498213E+00
  0.586350E+00
  0.675030E+00
  0.764208E+00
  0.852782E+00
  0.940828E+00
  0.102864E+01
  0.111581E+01
  0.120251E+01
  0.128854E+01
  0.137395E+01
  0.145885E+01
  0.154319E+01
  0.162709E+01
  0.171088E+01
  0.179490E+01
  0.187874E+01
  0.196293E+01
  0.204741E+01
  0.213213E+01
  0.221724E+01
  0.230236E+01
  0.238792E+01
  0.247347E+01
  0.255898E+01
  0.264457E+01
  0.272953E+01
  0.281430E+01
  0.289836E+01
  0.298213E+01
  0.306565E+01
  0.314810E+01
  0.322976E+01
  0.331050E+01
  0.338997E+01
  0.346821E+01
  0.354524E+01
  0.362121E+01
  0.369556E+01
  0.376837E+01
  0.383906E+01
  0.390801E+01
  0.397503E+01
  0.403928E+01
  0.410062E+01
  0.415881E+01
  0.421356E+01
  0.426492E+01
  0.431221E+01
  0.435593E+01
  0.439524E+01
  0.443019E+01
  0.446083E+01
  0.448596E+01
  0.450595E+01
  0.452126E+01
  0.453081E+01
  0.453505E+01
  0.453426E+01
  0.452878E+01
  0.451815E+01
  0.450355E+01
  0.448561E+01
  0.446372E+01
  0.443858E+01
  0.441139E+01
  0.438198E+01
  0.435065E+01
  0.431791E+01
  0.428421E+01
  0.424940E+01
  0.421421E+01
  0.417887E+01
  0.414352E+01
  0.410771E+01
  0.407212E+01
  0.403732E+01
  0.400310E+01
  0.396947E+01
  0.393702E+01
  0.390522E+01
  0.387436E+01
  0.384461E+01
  0.381606E+01
  0.378845E+01
  0.376157E+01
  0.373553E+01
  0.371010E+01
  0.368434E+01
  0.365874E+01
  0.363320E+01
  0.360688E+01
  0.357948E+01
  0.355137E+01
  0.352198E+01
  0.349121E+01
  0.345874E+01
  0.342473E+01
  0.338919E+01
  0.335215E+01
  0.331409E+01
  0.327517E+01
  0.323507E+01
  0.319437E+01
  0.315284E+01
  0.311020E+01
  0.306651E+01
  0.302206E+01
  0.297679E+01
  0.293065E+01
  0.288333E+01
  0.283535E+01
  0.278709E+01
  0.273825E+01
  0.268890E+01
  0.263944E+01
  0.258987E+01
  0.254070E+01
  0.249189E+01
  0.244345E+01
  0.239523E+01
  0.234760E+01
  0.230085E+01
  0.225467E+01
  0.220881E+01
  0.216349E+01
  0.211867E+01
  0.207408E+01
  0.202979E+01
  0.198545E+01
  0.194050E+01
  0.189515E+01
  0.184895E+01
  0.180193E+01
  0.175393E+01
  0.170434E+01
  0.165357E+01
  0.160124E+01
  0.154692E+01
  0.149123E+01
  0.143394E+01
  0.137502E+01
  0.131404E+01
  0.125079E+01
  0.118580E+01
  0.111877E+01
  0.104955E+01
  0.978300E+00
  0.904572E+00
  0.828820E+00
  0.751319E+00
  0.671868E+00
  0.591058E+00
  0.508845E+00
  0.425203E+00
  0.340379E+00
  0.254479E+00
  0.167720E+00
  0.799397E-01
 -0.898254E-02
 -0.988804E-01
 -0.189682E+00
 -0.281122E+00
 -0.373239E+00
 -0.465725E+00
 -0.558629E+00
 -0.651469E+00
 -0.744245E+00
 -0.837144E+00
 -0.929641E+00
 -0.102139E+01
 -0.111220E+01
 -0.120166E+01
 -0.128982E+01
 -0.137594E+01
 -0.146008E+01
 -0.154196E+01
 -0.162158E+01
 -0.169871E+01
 -0.177279E+01
 -0.184383E+01
 -0.191223E+01
 -0.197724E+01
 -0.203865E+01
 -0.209631E+01
 -0.215020E+01
 -0.220004E+01
 -0.224585E+01
 -0.228735E+01
 -0.232498E+01
 -0.235880E+01
 -0.238897E+01
 -0.241551E+01
 -0.243880E+01
 -0.245879E+01
 -0.247594E+01
 -0.249005E+01
 -0.250115E+01
 -0.250933E+01
 -0.251566E+01
 -0.251948E+01
 -0.252117E+01
 -0.252136E+01
 -0.251949E+01
 -0.251655E+01
 -0.251291E+01
 -0.250745E+01
 -0.250171E+01
 -0.249532E+01
 -0.248823E+01
 -0.248060E+01
 -0.247242E+01
 -0.246425E+01
 -0.245607E+01
 -0.244745E+01
 -0.243905E+01
 -0.243036E+01
 -0.242187E+01
 -0.241366E+01
 -0.240541E+01
 -0.239668E+01
 -0.238774E+01
 -0.237809E+01
 -0.236717E+01
 -0.235458E+01
 -0.234032E+01
 -0.232410E+01
 -0.230562E+01
 -0.228433E+01
 -0.226090E+01
 -0.223462E+01
 -0.220531E+01
 -0.217325E+01
 -0.213861E+01
 -0.210117E+01
 -0.206038E+01
 -0.201640E+01
 -0.196990E+01
 -0.192013E+01
 -0.186742E+01
 -0.181123E+01
 -0.175167E+01
 -0.168892E+01
 -0.162265E+01
 -0.155288E+01
 -0.148045E+01
 -0.140477E+01
 -0.132601E+01
 -0.124446E+01
 -0.115987E+01
 -0.107223E+01
 -0.981522E+00
 -0.887825E+00
 -0.791624E+00
 -0.692320E+00
 -0.590034E+00
 -0.485142E+00
 -0.377621E+00
 -0.267304E+00
 -0.154731E+00
 -0.399318E-01
  0.770588E-01
  0.196002E+00
  0.316442E+00
  0.438058E+00
  0.560686E+00
  0.684245E+00
  0.807903E+00
  0.931557E+00
  0.105480E+01
  0.117713E+01
  0.129870E+01
  0.141904E+01
  0.153832E+01
  0.165620E+01
  0.177238E+01
  0.188754E+01
  0.200115E+01
  0.211305E+01
  0.222345E+01
  0.233272E+01
  0.244098E+01
  0.254775E+01
  0.265349E+01
  0.275822E+01
  0.286220E+01
  0.296513E+01
  0.306670E+01
  0.316772E+01
  0.326802E+01
  0.336719E+01
  0.346576E+01
  0.356323E+01
  0.365984E+01
  0.375609E+01
  0.385138E+01
  0.394534E+01
  0.403872E+01
  0.413146E+01
  0.422339E+01
  0.431434E+01
  0.440489E+01
  0.449520E+01
  0.458517E+01
  0.467448E+01
  0.476353E+01
  0.485193E+01
  0.493977E+01
  0.502755E+01
  0.511516E+01
  0.520232E+01
  0.528922E+01
  0.537493E+01
  0.546054E+01
  0.554578E+01
  0.562938E+01
  0.571210E+01
  0.579404E+01
  0.587430E+01
  0.595362E+01
  0.603040E+01
  0.610549E+01
  0.617923E+01
  0.625064E+01
  0.632038E+01
  0.638844E+01
  0.645446E+01
  0.651975E+01
  0.658317E+01
  0.664548E+01
  0.670720E+01
  0.676754E+01
  0.682664E+01
  0.688545E+01
  0.694360E+01
  0.700187E+01
  0.705940E+01
  0.711658E+01
  0.717447E+01
  0.723262E+01
  0.729052E+01
  0.734910E+01
  0.740778E+01
  0.746729E+01
  0.752681E+01
  0.758667E+01
  0.764708E+01
  0.770778E+01
  0.776851E+01
  0.782972E+01
  0.789134E+01
  0.795363E+01
  0.801583E+01
  0.807896E+01
  0.814271E+01
  0.820677E+01
  0.827143E+01
  0.833694E+01
  0.840269E+01
  0.846991E+01
  0.853788E+01
  0.860689E+01
  0.867710E+01
  0.874806E+01
  0.881957E+01
  0.889226E+01
  0.896527E+01
  0.903912E+01
  0.911301E+01
  0.918732E+01
  0.926190E+01
  0.933624E+01
  0.940982E+01
  0.948331E+01
  0.955592E+01
  0.962856E+01
  0.970068E+01
  0.977233E+01
  0.984329E+01
  0.991370E+01
  0.998319E+01
  0.100525E+02
  0.101209E+02
  0.101890E+02
  0.102563E+02
  0.103232E+02
  0.103897E+02
  0.104558E+02
  0.105204E+02
  0.105845E+02
  0.106475E+02
  0.107096E+02
  0.107699E+02
  0.108293E+02
  0.108874E+02
  0.109438E+02
  0.109985E+02
  0.110515E+02
  0.111020E+02
  0.111509E+02
  0.111963E+02
  0.112397E+02
  0.112808E+02
  0.113184E+02
  0.113528E+02
  0.113847E+02
  0.114129E+02
  0.114390E+02
  0.114614E+02
  0.114813E+02
  0.114984E+02
  0.115125E+02
  0.115235E+02
  0.115321E+02
  0.115382E+02
  0.115428E+02
  0.115450E+02
  0.115458E+02
  0.115449E+02
  0.115423E+02
  0.115377E+02
  0.115318E+02
  0.115245E+02
  0.115162E+02
  0.115057E+02
  0.114942E+02
  0.114809E+02
  0.114655E+02
  0.114477E+02
  0.114280E+02
  0.114060E+02
  0.113815E+02
  0.113540E+02
  0.113255E+02
  0.112948E+02
  0.112616E+02
  0.112251E+02
  0.111866E+02
  0.111465E+02
  0.111041E+02
  0.110588E+02
  0.110120E+02
  0.109638E+02
  0.109138E+02
  0.108615E+02
  0.108082E+02
  0.107536E+02
  0.106984E+02
  0.106418E+02
  0.105845E+02
  0.105267E+02
  0.104679E+02
  0.104084E+02
  0.103490E+02
  0.102878E+02
  0.102257E+02
  0.101621E+02
  0.100978E+02
  0.100324E+02
  0.996575E+01
  0.989708E+01
  0.982717E+01
  0.975518E+01
  0.968156E+01
  0.960570E+01
  0.952822E+01
  0.944897E+01
  0.936788E+01
  0.928444E+01
  0.919971E+01
  0.911307E+01
  0.902452E+01
  0.893406E+01
  0.884246E+01
  0.874910E+01
  0.865416E+01
  0.855723E+01
  0.845922E+01
  0.835958E+01
  0.825839E+01
  0.815493E+01
  0.804976E+01
  0.794332E+01
  0.783456E+01
  0.772280E+01
  0.760886E+01
  0.749189E+01
  0.737267E+01
  0.724980E+01
  0.712345E+01
  0.699427E+01
  0.686155E+01
  0.672519E+01
  0.658566E+01
  0.644220E+01
  0.629581E+01
  0.614603E+01
  0.599283E+01
  0.583597E+01
  0.567564E+01
  0.551212E+01
  0.534551E+01
  0.517517E+01
  0.500143E+01
  0.482392E+01
  0.464335E+01
  0.445976E+01
  0.427295E+01
  0.408319E+01
  0.389113E+01
  0.369663E+01
  0.349965E+01
  0.329996E+01
  0.309828E+01
  0.289486E+01
  0.268966E+01
  0.248270E+01
  0.227429E+01
  0.206443E+01
  0.185335E+01
  0.164100E+01
  0.142794E+01
  0.121449E+01
  0.100066E+01
  0.786556E+00
  0.571878E+00
  0.356986E+00
  0.142460E+00
 -0.720384E-01
 -0.286880E+00
 -0.501771E+00
 -0.715942E+00
 -0.929706E+00
 -0.114376E+01
 -0.135713E+01
 -0.157010E+01
 -0.178320E+01
 -0.199676E+01
 -0.221062E+01
 -0.242456E+01
 -0.263876E+01
 -0.285355E+01
 -0.306892E+01
 -0.328534E+01
 -0.350253E+01
 -0.372119E+01
 -0.394109E+01
 -0.416217E+01
 -0.438453E+01
 -0.460780E+01
 -0.483224E+01
 -0.505808E+01
 -0.528389E+01
 -0.551090E+01
 -0.573887E+01
 -0.596729E+01
 -0.619586E+01
 -0.642419E+01
 -0.665180E+01
 -0.687933E+01
 -0.710591E+01
 -0.733208E+01
 -0.755721E+01
 -0.778116E+01
 -0.800396E+01
 -0.822523E+01
 -0.844377E+01
 -0.866052E+01
 -0.887463E+01
 -0.908622E+01
 -0.929453E+01
 -0.949931E+01
 -0.969997E+01
 -0.989704E+01
 -0.100900E+02
 -0.102790E+02
 -0.104631E+02
 -0.106431E+02
 -0.108181E+02
 -0.109880E+02
 -0.111522E+02
 -0.113117E+02
 -0.114654E+02
 -0.116136E+02
 -0.117558E+02
 -0.118927E+02
 -0.120241E+02
 -0.121496E+02
 -0.122683E+02
 -0.123819E+02
 -0.124896E+02
 -0.125925E+02
 -0.126895E+02
 -0.127819E+02
 -0.128700E+02
 -0.129531E+02
 -0.130309E+02
 -0.131047E+02
 -0.131735E+02
 -0.132378E+02
 -0.132970E+02
 -0.133525E+02
 -0.134037E+02
 -0.134505E+02
 -0.134923E+02
 -0.135305E+02
 -0.135642E+02
 -0.135940E+02
 -0.136194E+02
 -0.136412E+02
 -0.136588E+02
 -0.136725E+02
 -0.136816E+02
 -0.136874E+02
 -0.136886E+02
 -0.136860E+02
 -0.136790E+02
 -0.136690E+02
 -0.136553E+02
 -0.136379E+02
 -0.136170E+02
 -0.135937E+02
 -0.135675E+02
 -0.135391E+02
 -0.135076E+02
 -0.134746E+02
 -0.134391E+02
 -0.134020E+02
 -0.133627E+02
 -0.133217E+02
 -0.132790E+02
 -0.132351E+02
 -0.131888E+02
 -0.131415E+02
 -0.130927E+02
 -0.130427E+02
 -0.129906E+02
 -0.129380E+02
 -0.128841E+02
 -0.128296E+02
 -0.127737E+02
 -0.127175E+02
 -0.126606E+02
 -0.126029E+02
 -0.125440E+02
 -0.124850E+02
 -0.124244E+02
 -0.123638E+02
 -0.123025E+02
 -0.122411E+02
 -0.121793E+02
 -0.121174E+02
 -0.120545E+02
 -0.119920E+02
 -0.119288E+02
 -0.118657E+02
 -0.118018E+02
 -0.117385E+02
 -0.116754E+02
 -0.116119E+02
 -0.115480E+02
 -0.114850E+02
 -0.114213E+02
 -0.113583E+02
 -0.112947E+02
 -0.112316E+02
 -0.111688E+02
 -0.111058E+02
 -0.110420E+02
 -0.109791E+02
 -0.109162E+02
 -0.108537E+02
 -0.107909E+02
 -0.107286E+02
 -0.106665E+02
 -0.106046E+02
 -0.105423E+02
 -0.104803E+02
 -0.104179E+02
 -0.103558E+02
 -0.102930E+02
 -0.102301E+02
 -0.101667E+02
 -0.101032E+02
 -0.100391E+02
 -0.997520E+01
 -0.991053E+01
 -0.984602E+01
 -0.978086E+01
 -0.971633E+01
 -0.965227E+01
 -0.958778E+01
 -0.952292E+01
 -0.945906E+01
 -0.939525E+01
 -0.933179E+01
 -0.926800E+01
 -0.920512E+01
 -0.914233E+01
 -0.907936E+01
 -0.901612E+01
 -0.895321E+01
 -0.888996E+01
 -0.882690E+01
 -0.876317E+01
 -0.869953E+01
 -0.863572E+01
 -0.857186E+01
 -0.850721E+01
 -0.844177E+01
 -0.837498E+01
 -0.830760E+01
 -0.823848E+01
 -0.816797E+01
 -0.809585E+01
 -0.802172E+01
 -0.794456E+01
 -0.786491E+01
 -0.778214E+01
 -0.769637E+01
 -0.760704E+01
 -0.751489E+01
 -0.741916E+01
 -0.732004E+01
 -0.721733E+01
 -0.711147E+01
 -0.700179E+01
 -0.688902E+01
 -0.677327E+01
 -0.665496E+01
 -0.653364E+01
 -0.640985E+01
 -0.628351E+01
 -0.615573E+01
 -0.602634E+01
 -0.589574E+01
 -0.576431E+01
 -0.563320E+01
 -0.550227E+01
 -0.537219E+01
 -0.524285E+01
 -0.511502E+01
 -0.498911E+01
 -0.486536E+01
 -0.474383E+01
 -0.462524E+01
 -0.450957E+01
 -0.439755E+01
 -0.428862E+01
 -0.418354E+01
 -0.408194E+01
 -0.398391E+01
 -0.388946E+01
 -0.379867E+01
 -0.371140E+01
 -0.362741E+01
 -0.354640E+01
 -0.346882E+01
 -0.339377E+01
 -0.332163E+01
 -0.325143E+01
 -0.318324E+01
 -0.311754E+01
 -0.305325E+01
 -0.298997E+01
 -0.292861E+01
 -0.286793E+01
 -0.280810E+01
 -0.274919E+01
 -0.269087E+01
 -0.263319E+01
 -0.257599E+01
 -0.251821E+01
 -0.246045E+01
 -0.240273E+01
 -0.234457E+01
 -0.228586E+01
 -0.222706E+01
 -0.216772E+01
 -0.210759E+01
 -0.204623E+01
 -0.198395E+01
 -0.192048E+01
 -0.185568E+01
 -0.178977E+01
 -0.172243E+01
 -0.165340E+01
 -0.158364E+01
 -0.151241E+01
 -0.143990E+01
 -0.136617E+01
 -0.129124E+01
 -0.121499E+01
 -0.113727E+01
 -0.105881E+01
 -0.979198E+00
 -0.898125E+00
 -0.816667E+00
 -0.734411E+00
 -0.651813E+00
 -0.568779E+00
 -0.485373E+00
 -0.401970E+00
 -0.318468E+00
 -0.234899E+00
 -0.151203E+00
 -0.675936E-01
  0.154200E-01
  0.986919E-01
  0.182430E+00
  0.266678E+00
  0.351482E+00
  0.436719E+00
  0.522692E+00
  0.609618E+00
  0.697228E+00
  0.785556E+00
  0.874828E+00
  0.965015E+00
  0.105585E+01
  0.114753E+01
  0.123995E+01
  0.133312E+01
  0.142708E+01
  0.152178E+01
  0.161728E+01
  0.171322E+01
  0.180969E+01
  0.190668E+01
  0.200402E+01
  0.210199E+01
  0.219995E+01
  0.229812E+01
  0.239718E+01
  0.249608E+01
  0.259477E+01
  0.269346E+01
  0.279206E+01
  0.289062E+01
  0.298915E+01
  0.308777E+01
  0.318645E+01
  0.328515E+01
  0.338427E+01
  0.348373E+01
  0.358382E+01
  0.368454E+01
  0.378604E+01
  0.388831E+01
  0.399175E+01
  0.409645E+01
  0.420247E+01
  0.430958E+01
  0.441818E+01
  0.452838E+01
  0.464025E+01
  0.475359E+01
  0.486893E+01
  0.498615E+01
  0.510564E+01
  0.522735E+01
  0.535123E+01
  0.547734E+01
  0.560529E+01
  0.573453E+01
  0.586607E+01
  0.599921E+01
  0.613398E+01
  0.627030E+01
  0.640803E+01
  0.654724E+01
  0.668795E+01
  0.682953E+01
  0.697227E+01
  0.711572E+01
  0.725976E+01
  0.740390E+01
  0.754840E+01
  0.769274E+01
  0.783686E+01
  0.798026E+01
  0.812372E+01
  0.826662E+01
  0.840891E+01
  0.855065E+01
  0.869223E+01
  0.883295E+01
  0.897329E+01
  0.911237E+01
  0.925068E+01
  0.938860E+01
  0.952555E+01
  0.966097E+01
  0.979595E+01
  0.992970E+01
  0.100630E+02
  0.101953E+02
  0.103272E+02
  0.104586E+02
  0.105891E+02
  0.107186E+02
  0.108480E+02
  0.109765E+02
  0.111043E+02
  0.112314E+02
  0.113587E+02
  0.114852E+02
  0.116106E+02
  0.117347E+02
  0.118585E+02
  0.119815E+02
  0.121036E+02
  0.122247E+02
  0.123459E+02
  0.124662E+02
  0.125860E+02
  0.127043E+02
  0.128219E+02
  0.129385E+02
  0.130545E+02
  0.131693E+02
  0.132838E+02
  0.133979E+02
  0.135113E+02
  0.136231E+02
  0.137346E+02
  0.138450E+02
  0.139549E+02
  0.140631E+02
  0.141710E+02
  0.142784E+02
  0.143843E+02
  0.144885E+02
  0.145925E+02
  0.146951E+02
  0.147969E+02
  0.148972E+02
  0.149968E+02
  0.150949E+02
  0.151912E+02
  0.152853E+02
  0.153784E+02
  0.154697E+02
  0.155596E+02
  0.156470E+02
  0.157330E+02
  0.158167E+02
  0.158975E+02
  0.159749E+02
  0.160506E+02
  0.161230E+02
  0.161930E+02
  0.162594E+02
  0.163230E+02
  0.163837E+02
  0.164416E+02
  0.164952E+02
  0.165461E+02
  0.165930E+02
  0.166364E+02
  0.166754E+02
  0.167107E+02
  0.167425E+02
  0.167706E+02
  0.167937E+02
  0.168133E+02
  0.168282E+02
  0.168397E+02
  0.168462E+02
  0.168485E+02
  0.168472E+02
  0.168420E+02
  0.168322E+02
  0.168192E+02
  0.168013E+02
  0.167794E+02
  0.167527E+02
  0.167228E+02
  0.166885E+02
  0.166497E+02
  0.166059E+02
  0.165588E+02
  0.165074E+02
  0.164522E+02
  0.163921E+02
  0.163286E+02
  0.162611E+02
  0.161896E+02
  0.161138E+02
  0.160353E+02
  0.159533E+02
  0.158686E+02
  0.157802E+02
  0.156899E+02
  0.155972E+02
  0.155019E+02
  0.154041E+02
  0.153050E+02
  0.152040E+02
  0.151022E+02
  0.149989E+02
  0.148957E+02
  0.147928E+02
  0.146897E+02
  0.145863E+02
  0.144840E+02
  0.143819E+02
  0.142804E+02
  0.141789E+02
  0.140791E+02
  0.139802E+02
  0.138817E+02
  0.137834E+02
  0.136861E+02
  0.135886E+02
  0.134921E+02
  0.133953E+02
  0.132986E+02
  0.132018E+02
  0.131052E+02
  0.130079E+02
  0.129106E+02
  0.128125E+02
  0.127135E+02
  0.126131E+02
  0.125123E+02
  0.124104E+02
  0.123070E+02
  0.122018E+02
  0.120954E+02
  0.119869E+02
  0.118768E+02
  0.117642E+02
  0.116503E+02
  0.115343E+02
  0.114158E+02
  0.112946E+02
  0.111711E+02
  0.110451E+02
  0.109169E+02
  0.107857E+02
  0.106525E+02
  0.105169E+02
  0.103793E+02
  0.102389E+02
  0.100965E+02
  0.995210E+01
  0.980597E+01
  0.965722E+01
  0.950731E+01
  0.935579E+01
  0.920248E+01
  0.904746E+01
  0.889141E+01
  0.873382E+01
  0.857523E+01
  0.841549E+01
  0.825524E+01
  0.809378E+01
  0.793131E+01
  0.776821E+01
  0.760494E+01
  0.744114E+01
  0.727742E+01
  0.711378E+01
  0.695080E+01
  0.678812E+01
  0.662619E+01
  0.646484E+01
  0.630457E+01
  0.614501E+01
  0.598657E+01
  0.582892E+01
  0.567209E+01
  0.551622E+01
  0.536177E+01
  0.520814E+01
  0.505549E+01
  0.490393E+01
  0.475320E+01
  0.460269E+01
  0.445314E+01
  0.430391E+01
  0.415501E+01
  0.400675E+01
  0.385931E+01
  0.371218E+01
  0.356527E+01
  0.341871E+01
  0.327295E+01
  0.312791E+01
  0.298396E+01
  0.284106E+01
  0.269910E+01
  0.255862E+01
  0.242034E+01
  0.228364E+01
  0.214848E+01
  0.201500E+01
  0.188369E+01
  0.175435E+01
  0.162651E+01
  0.150043E+01
  0.137582E+01
  0.125276E+01
  0.113202E+01
  0.101263E+01
  0.894310E+00
  0.778024E+00
  0.663652E+00
  0.550115E+00
  0.437590E+00
  0.327092E+00
  0.218233E+00
  0.110407E+00
  0.387144E-02
 -0.100965E+00
 -0.204386E+00
 -0.306546E+00
 -0.406983E+00
 -0.505402E+00
 -0.602585E+00
 -0.698790E+00
 -0.793433E+00
 -0.887021E+00
 -0.979934E+00
 -0.107189E+01
 -0.116365E+01
 -0.125542E+01
 -0.134716E+01
 -0.143880E+01
 -0.153060E+01
 -0.162304E+01
 -0.171629E+01
 -0.181018E+01
 -0.190555E+01
 -0.200243E+01
 -0.210109E+01
 -0.220148E+01
 -0.230343E+01
 -0.240708E+01
 -0.251218E+01
 -0.261882E+01
 -0.272701E+01
 -0.283563E+01
 -0.294539E+01
 -0.305601E+01
 -0.316674E+01
 -0.327729E+01
 -0.338796E+01
 -0.349814E+01
 -0.360769E+01
 -0.371663E+01
 -0.382510E+01
 -0.393309E+01
 -0.404057E+01
 -0.414712E+01
 -0.425381E+01
 -0.436049E+01
 -0.446758E+01
 -0.457478E+01
 -0.468227E+01
 -0.479068E+01
 -0.489936E+01
 -0.500861E+01
 -0.511966E+01
 -0.523099E+01
 -0.534360E+01
 -0.545739E+01
 -0.557260E+01
 -0.568903E+01
 -0.580595E+01
 -0.592384E+01
 -0.604305E+01
 -0.616262E+01
 -0.628317E+01
 -0.640408E+01
 -0.652593E+01
 -0.664778E+01
 -0.676953E+01
 -0.689141E+01
 -0.701272E+01
 -0.713284E+01
 -0.725262E+01
 -0.737107E+01
 -0.748886E+01
 -0.760518E+01
 -0.772008E+01
 -0.783378E+01
 -0.794610E+01
 -0.805629E+01
 -0.816499E+01
 -0.827159E+01
 -0.837681E+01
 -0.848020E+01
 -0.858160E+01
 -0.868116E+01
 -0.877881E+01
 -0.887388E+01
 -0.896824E+01
 -0.906005E+01
 -0.914981E+01
 -0.923834E+01
 -0.932536E+01
 -0.941056E+01
 -0.949499E+01
 -0.957861E+01
 -0.966195E+01
 -0.974374E+01
 -0.982528E+01
 -0.990654E+01
 -0.998703E+01
 -0.100661E+02
 -0.101452E+02
 -0.102241E+02
 -0.103028E+02
 -0.103808E+02
 -0.104591E+02
 -0.105372E+02
 -0.106146E+02
 -0.106914E+02
 -0.107683E+02
 -0.108444E+02
 -0.109204E+02
 -0.109958E+02
 -0.110717E+02
 -0.111474E+02
 -0.112228E+02
 -0.112978E+02
 -0.113734E+02
 -0.114491E+02
 -0.115250E+02
 -0.116006E+02
 -0.116770E+02
 -0.117536E+02
 -0.118304E+02
 -0.119070E+02
 -0.119845E+02
 -0.120622E+02
 -0.121409E+02
 -0.122196E+02
 -0.122995E+02
 -0.123808E+02
 -0.124628E+02
 -0.125451E+02
 -0.126291E+02
 -0.127139E+02
 -0.128009E+02
 -0.128888E+02
 -0.129782E+02
 -0.130690E+02
 -0.131608E+02
 -0.132539E+02
 -0.133489E+02
 -0.134446E+02
 -0.135423E+02
 -0.136407E+02
 -0.137411E+02
 -0.138427E+02
 -0.139453E+02
 -0.140487E+02
 -0.141534E+02
 -0.142583E+02
 -0.143642E+02
 -0.144697E+02
 -0.145757E+02
 -0.146815E+02
 -0.147864E+02
 -0.148899E+02
 -0.149935E+02
 -0.150957E+02
 -0.151968E+02
 -0.152956E+02
 -0.153936E+02
 -0.154904E+02
 -0.155860E+02
 -0.156798E+02
 -0.157728E+02
 -0.158637E+02
 -0.159540E+02
 -0.160426E+02
 -0.161307E+02
 -0.162182E+02
 -0.163054E+02
 -0.163918E+02
 -0.164790E+02
 -0.165661E+02
 -0.166541E+02
 -0.167424E+02
 -0.168326E+02
 -0.169245E+02
 -0.170181E+02
 -0.171128E+02
 -0.172102E+02
 -0.173089E+02
 -0.174102E+02
 -0.175129E+02
 -0.176180E+02
 -0.177258E+02
 -0.178358E+02
 -0.179471E+02
 -0.180612E+02
 -0.181766E+02
 -0.182944E+02
 -0.184129E+02
 -0.185333E+02
 -0.186548E+02
 -0.187767E+02
 -0.188978E+02
 -0.190209E+02
 -0.191442E+02
 -0.192676E+02
 -0.193905E+02
 -0.195142E+02
 -0.196382E+02
 -0.197615E+02
 -0.198833E+02
 -0.200058E+02
 -0.201272E+02
 -0.202489E+02
 -0.203689E+02
 -0.204888E+02
 -0.206085E+02
 -0.207270E+02
 -0.208433E+02
 -0.209592E+02
 -0.210730E+02
 -0.211861E+02
 -0.212963E+02
 -0.214055E+02
 -0.215132E+02
 -0.216186E+02
 -0.217210E+02
 -0.218217E+02
 -0.219191E+02
 -0.220143E+02
 -0.221052E+02
 -0.221936E+02
 -0.222781E+02
 -0.223590E+02
 -0.224355E+02
 -0.225091E+02
 -0.225779E+02
 -0.226433E+02
 -0.227039E+02
 -0.227608E+02
 -0.228139E+02
 -0.228624E+02
 -0.229048E+02
 -0.229438E+02
 -0.229771E+02
 -0.230062E+02
 -0.230301E+02
 -0.230500E+02
 -0.230647E+02
 -0.230745E+02
 -0.230784E+02
 -0.230783E+02
 -0.230720E+02
 -0.230614E+02
 -0.230450E+02
 -0.230247E+02
 -0.229997E+02
 -0.229697E+02
 -0.229332E+02
 -0.228924E+02
 -0.228465E+02
 -0.227964E+02
 -0.227404E+02
 -0.226810E+02
 -0.226168E+02
 -0.225478E+02
 -0.224739E+02
 -0.223969E+02
 -0.223151E+02
 -0.222301E+02
 -0.221409E+02
 -0.220493E+02
 -0.219543E+02
 -0.218553E+02
 -0.217527E+02
 -0.216480E+02
 -0.215398E+02
 -0.214297E+02
 -0.213158E+02
 -0.212004E+02
 -0.210830E+02
 -0.209632E+02
 -0.208403E+02
 -0.207167E+02
 -0.205903E+02
 -0.204627E+02
 -0.203328E+02
 -0.202019E+02
 -0.200697E+02
 -0.199358E+02
 -0.197990E+02
 -0.196617E+02
 -0.195220E+02
 -0.193814E+02
 -0.192384E+02
 -0.190943E+02
 -0.189494E+02
 -0.188030E+02
 -0.186541E+02
 -0.185047E+02
 -0.183531E+02
 -0.182008E+02
 -0.180463E+02
 -0.178914E+02
 -0.177357E+02
 -0.175789E+02
 -0.174205E+02
 -0.172622E+02
 -0.171028E+02
 -0.169434E+02
 -0.167826E+02
 -0.166216E+02
 -0.164606E+02
 -0.162992E+02
 -0.161366E+02
 -0.159743E+02
 -0.158101E+02
 -0.156455E+02
 -0.154795E+02
 -0.153131E+02
 -0.151465E+02
 -0.149786E+02
 -0.148087E+02
 -0.146391E+02
 -0.144685E+02
 -0.142980E+02
 -0.141261E+02
 -0.139543E+02
 -0.137823E+02
 -0.136102E+02
 -0.134374E+02
 -0.132657E+02
 -0.130939E+02
 -0.129232E+02
 -0.127523E+02
 -0.125826E+02
 -0.124145E+02
 -0.122471E+02
 -0.120803E+02
 -0.119153E+02
 -0.117510E+02
 -0.115882E+02
 -0.114263E+02
 -0.112659E+02
 -0.111057E+02
 -0.109461E+02
 -0.107867E+02
 -0.106274E+02
 -0.104674E+02
 -0.103073E+02
 -0.101467E+02
 -0.998568E+01
 -0.982445E+01
 -0.966289E+01
 -0.949973E+01
 -0.933673E+01
 -0.917278E+01
 -0.900872E+01
 -0.884452E+01
 -0.868050E+01
 -0.851735E+01
 -0.835482E+01
 -0.819301E+01
 -0.803301E+01
 -0.787347E+01
 -0.771623E+01
 -0.756062E+01
 -0.740702E+01
 -0.725557E+01
 -0.710642E+01
 -0.695909E+01
 -0.681379E+01
 -0.667065E+01
 -0.652969E+01
 -0.639017E+01
 -0.625314E+01
 -0.611746E+01
 -0.598341E+01
 -0.585090E+01
 -0.571988E+01
 -0.559002E+01
 -0.546197E+01
 -0.533528E+01
 -0.520993E+01
 -0.508581E+01
 -0.496352E+01
 -0.484275E+01
 -0.472395E+01
 -0.460675E+01
 -0.449131E+01
 -0.437733E+01
 -0.426553E+01
 -0.415559E+01
 -0.404768E+01
 -0.394190E+01
 -0.383873E+01
 -0.373803E+01
 -0.364009E+01
 -0.354485E+01
 -0.345291E+01
 -0.336359E+01
 -0.327727E+01
 -0.319423E+01
 -0.311443E+01
 -0.303786E+01
 -0.296489E+01
 -0.289547E+01
 -0.283014E+01
 -0.276818E+01
 -0.270955E+01
 -0.265426E+01
 -0.260247E+01
 -0.255370E+01
 -0.250819E+01
 -0.246522E+01
 -0.242474E+01
 -0.238674E+01
 -0.235123E+01
 -0.231783E+01
 -0.228624E+01
 -0.225621E+01
 -0.222769E+01
 -0.220024E+01
 -0.217445E+01
 -0.214942E+01
 -0.212524E+01
 -0.210214E+01
 -0.207978E+01
 -0.205791E+01
 -0.203673E+01
 -0.201584E+01
 -0.199549E+01
 -0.197574E+01
 -0.195704E+01
 -0.193892E+01
 -0.192116E+01
 -0.190397E+01
 -0.188762E+01
 -0.187150E+01
 -0.185561E+01
 -0.183925E+01
 -0.182275E+01
 -0.180658E+01
 -0.179033E+01
 -0.177356E+01
 -0.175685E+01
 -0.173996E+01
 -0.172313E+01
 -0.170637E+01
 -0.169011E+01
 -0.167383E+01
 -0.165753E+01
 -0.164126E+01
 -0.162472E+01
 -0.160786E+01
 -0.159099E+01
 -0.157379E+01
 -0.155618E+01
 -0.153744E+01
 -0.151774E+01
 -0.149661E+01
 -0.147400E+01
 -0.144985E+01
 -0.142403E+01
 -0.139620E+01
 -0.136637E+01
 -0.133400E+01
 -0.129865E+01
 -0.126048E+01
 -0.121965E+01
 -0.117531E+01
 -0.112754E+01
 -0.107568E+01
 -0.102023E+01
 -0.961258E+00
 -0.898342E+00
 -0.831573E+00
 -0.760843E+00
 -0.686186E+00
 -0.607983E+00
 -0.525751E+00
 -0.439519E+00
 -0.348960E+00
 -0.254166E+00
 -0.154862E+00
 -0.514796E-01
  0.563197E-01
  0.168674E+00
  0.285224E+00
  0.406099E+00
  0.531412E+00
  0.661114E+00
  0.795144E+00
  0.932925E+00
  0.107413E+01
  0.121900E+01
  0.136755E+01
  0.151900E+01
  0.167355E+01
  0.183124E+01
  0.199118E+01
  0.215326E+01
  0.231765E+01
  0.248416E+01
  0.265272E+01
  0.282300E+01
  0.299512E+01
  0.316957E+01
  0.334555E+01
  0.352299E+01
  0.370218E+01
  0.388283E+01
  0.406442E+01
  0.424761E+01
  0.443232E+01
  0.461790E+01
  0.480444E+01
  0.499230E+01
  0.518103E+01
  0.537101E+01
  0.556225E+01
  0.575457E+01
  0.594781E+01
  0.614225E+01
  0.633762E+01
  0.653407E+01
  0.673084E+01
  0.692882E+01
  0.712800E+01
  0.732760E+01
  0.752755E+01
  0.772827E+01
  0.792920E+01
  0.813029E+01
  0.833119E+01
  0.853284E+01
  0.873435E+01
  0.893541E+01
  0.913648E+01
  0.933762E+01
  0.953787E+01
  0.973773E+01
  0.993648E+01
  0.101348E+02
  0.103325E+02
  0.105291E+02
  0.107241E+02
  0.109188E+02
  0.111126E+02
  0.113054E+02
  0.114969E+02
  0.116878E+02
  0.118775E+02
  0.120657E+02
  0.122521E+02
  0.124380E+02
  0.126227E+02
  0.128068E+02
  0.129894E+02
  0.131721E+02
  0.133539E+02
  0.135342E+02
  0.137133E+02
  0.138924E+02
  0.140705E+02
  0.142475E+02
  0.144229E+02
  0.145980E+02
  0.147714E+02
  0.149429E+02
  0.151123E+02
  0.152805E+02
  0.154468E+02
  0.156115E+02
  0.157735E+02
  0.159341E+02
  0.160927E+02
  0.162483E+02
  0.164009E+02
  0.165514E+02
  0.166984E+02
  0.168425E+02
  0.169828E+02
  0.171202E+02
  0.172545E+02
  0.173851E+02
  0.175109E+02
  0.176334E+02
  0.177515E+02
  0.178662E+02
  0.179758E+02
  0.180812E+02
  0.181829E+02
  0.182799E+02
  0.183711E+02
  0.184589E+02
  0.185419E+02
  0.186204E+02
  0.186943E+02
  0.187644E+02
  0.188297E+02
  0.188905E+02
  0.189460E+02
  0.189974E+02
  0.190437E+02
  0.190857E+02
  0.191222E+02
  0.191547E+02
  0.191827E+02
  0.192057E+02
  0.192230E+02
  0.192362E+02
  0.192444E+02
  0.192482E+02
  0.192465E+02
  0.192409E+02
  0.192309E+02
  0.192165E+02
  0.191962E+02
  0.191716E+02
  0.191423E+02
  0.191092E+02
  0.190713E+02
  0.190304E+02
  0.189858E+02
  0.189371E+02
  0.188841E+02
  0.188279E+02
  0.187679E+02
  0.187057E+02
  0.186397E+02
  0.185715E+02
  0.185011E+02
  0.184278E+02
  0.183514E+02
  0.182730E+02
  0.181914E+02
  0.181080E+02
  0.180213E+02
  0.179325E+02
  0.178412E+02
  0.177474E+02
  0.176500E+02
  0.175507E+02
  0.174488E+02
  0.173447E+02
  0.172370E+02
  0.171279E+02
  0.170167E+02
  0.169026E+02
  0.167859E+02
  0.166680E+02
  0.165477E+02
  0.164259E+02
  0.163011E+02
  0.161749E+02
  0.160469E+02
  0.159166E+02
  0.157839E+02
  0.156496E+02
  0.155131E+02
  0.153752E+02
  0.152350E+02
  0.150943E+02
  0.149523E+02
  0.148092E+02
  0.146649E+02
  0.145206E+02
  0.143757E+02
  0.142305E+02
  0.140850E+02
  0.139401E+02
  0.137952E+02
  0.136505E+02
  0.135055E+02
  0.133613E+02
  0.132171E+02
  0.130737E+02
  0.129303E+02
  0.127879E+02
  0.126459E+02
  0.125040E+02
  0.123625E+02
  0.122223E+02
  0.120822E+02
  0.119431E+02
  0.118040E+02
  0.116658E+02
  0.115286E+02
  0.113919E+02
  0.112552E+02
  0.111195E+02
  0.109842E+02
  0.108497E+02
  0.107153E+02
  0.105820E+02
  0.104496E+02
  0.103177E+02
  0.101859E+02
  0.100551E+02
  0.992512E+01
  0.979606E+01
  0.966720E+01
  0.953968E+01
  0.941313E+01
  0.928755E+01
  0.916292E+01
  0.903997E+01
  0.891854E+01
  0.879869E+01
  0.867965E+01
  0.856318E+01
  0.844902E+01
  0.833605E+01
  0.822467E+01
  0.811564E+01
  0.800815E+01
  0.790279E+01
  0.779861E+01
  0.769623E+01
  0.759559E+01
  0.749599E+01
  0.739736E+01
  0.729982E+01
  0.720256E+01
  0.710571E+01
  0.700835E+01
  0.691164E+01
  0.681528E+01
  0.671828E+01
  0.662115E+01
  0.652447E+01
  0.642761E+01
  0.633083E+01
  0.623418E+01
  0.613806E+01
  0.604182E+01
  0.594626E+01
  0.585101E+01
  0.575595E+01
  0.566183E+01
  0.556824E+01
  0.547453E+01
  0.538167E+01
  0.528918E+01
  0.519733E+01
  0.510592E+01
  0.501484E+01
  0.492386E+01
  0.483231E+01
  0.474055E+01
  0.464932E+01
  0.455728E+01
  0.446441E+01
  0.437087E+01
  0.427680E+01
  0.418187E+01
  0.408592E+01
  0.398878E+01
  0.389093E+01
  0.379225E+01
  0.369250E+01
  0.359181E+01
  0.349039E+01
  0.338846E+01
  0.328630E+01
  0.318369E+01
  0.308138E+01
  0.297950E+01
  0.287801E+01
  0.277710E+01
  0.267674E+01
  0.257704E+01
  0.247808E+01
  0.237976E+01
  0.228262E+01
  0.218620E+01
  0.209010E+01
  0.199459E+01
  0.189927E+01
  0.180408E+01
  0.170873E+01
  0.161269E+01
  0.151634E+01
  0.141927E+01
  0.132103E+01
  0.122182E+01
  0.112115E+01
  0.101896E+01
  0.914854E+00
  0.808276E+00
  0.699958E+00
  0.589464E+00
  0.476024E+00
  0.360498E+00
  0.242552E+00
  0.121460E+00
 -0.298965E-02
 -0.130517E+00
 -0.261101E+00
 -0.394907E+00
 -0.531971E+00
 -0.672391E+00
 -0.816183E+00
 -0.962962E+00
 -0.111327E+01
 -0.126678E+01
 -0.142348E+01
 -0.158337E+01
 -0.174622E+01
 -0.191201E+01
 -0.208089E+01
 -0.225266E+01
 -0.242718E+01
 -0.260309E+01
 -0.278111E+01
 -0.296142E+01
 -0.314330E+01
 -0.332645E+01
 -0.351088E+01
 -0.369651E+01
 -0.388309E+01
 -0.406977E+01
 -0.425710E+01
 -0.444422E+01
 -0.463177E+01
 -0.481940E+01
 -0.500623E+01
 -0.519237E+01
 -0.537834E+01
 -0.556307E+01
 -0.574688E+01
 -0.592974E+01
 -0.611178E+01
 -0.629186E+01
 -0.647054E+01
 -0.664774E+01
 -0.682363E+01
 -0.699742E+01
 -0.716985E+01
 -0.734067E+01
 -0.750978E+01
 -0.767682E+01
 -0.784222E+01
 -0.800515E+01
 -0.816646E+01
 -0.832512E+01
 -0.848143E+01
 -0.863575E+01
 -0.878807E+01
 -0.893739E+01
 -0.908443E+01
 -0.922874E+01
 -0.937050E+01
 -0.950908E+01
 -0.964565E+01
 -0.977920E+01
 -0.990948E+01
 -0.100363E+02
 -0.101602E+02
 -0.102802E+02
 -0.103971E+02
 -0.105099E+02
 -0.106193E+02
 -0.107253E+02
 -0.108278E+02
 -0.109261E+02
 -0.110215E+02
 -0.111134E+02
 -0.112025E+02
 -0.112882E+02
 -0.113715E+02
 -0.114511E+02
 -0.115278E+02
 -0.116011E+02
 -0.116715E+02
 -0.117389E+02
 -0.118041E+02
 -0.118656E+02
 -0.119240E+02
 -0.119792E+02
 -0.120312E+02
 -0.120791E+02
 -0.121238E+02
 -0.121646E+02
 -0.122021E+02
 -0.122349E+02
 -0.122636E+02
 -0.122882E+02
 -0.123086E+02
 -0.123232E+02
 -0.123333E+02
 -0.123387E+02
 -0.123391E+02
 -0.123332E+02
 -0.123217E+02
 -0.123043E+02
 -0.122809E+02
 -0.122508E+02
 -0.122146E+02
 -0.121712E+02
 -0.121212E+02
 -0.120635E+02
 -0.119991E+02
 -0.119272E+02
 -0.118482E+02
 -0.117613E+02
 -0.116667E+02
 -0.115640E+02
 -0.114542E+02
 -0.113358E+02
 -0.112098E+02
 -0.110758E+02
 -0.109337E+02
 -0.107834E+02
 -0.106257E+02
 -0.104600E+02
 -0.102872E+02
 -0.101064E+02
 -0.991894E+01
 -0.972387E+01
 -0.952147E+01
 -0.931111E+01
 -0.909381E+01
 -0.886949E+01
 -0.863826E+01
 -0.839956E+01
 -0.815458E+01
 -0.790188E+01
 -0.764203E+01
 -0.737519E+01
 -0.710126E+01
 -0.681982E+01
 -0.653088E+01
 -0.623365E+01
 -0.592938E+01
 -0.561684E+01
 -0.529668E+01
 -0.496877E+01
 -0.463284E+01
 -0.428890E+01
 -0.393701E+01
 -0.357636E+01
 -0.320832E+01
 -0.283264E+01
 -0.244919E+01
 -0.205756E+01
 -0.165807E+01
 -0.125052E+01
 -0.835110E+00
 -0.412043E+00
  0.185022E-01
  0.456464E+00
  0.901498E+00
  0.135399E+01
  0.181306E+01
  0.227905E+01
  0.275159E+01
  0.322980E+01
  0.371397E+01
  0.420342E+01
  0.469783E+01
  0.519706E+01
  0.570074E+01
  0.620871E+01
  0.672042E+01
  0.723506E+01
  0.775286E+01
  0.827347E+01
  0.879682E+01
  0.932187E+01
  0.984844E+01
  0.103759E+02
  0.109039E+02
  0.114318E+02
  0.119604E+02
  0.124887E+02
  0.130161E+02
  0.135423E+02
  0.140679E+02
  0.145919E+02
  0.151148E+02
  0.156357E+02
  0.161552E+02
  0.166724E+02
  0.171873E+02
  0.176993E+02
  0.182097E+02
  0.187174E+02
  0.192228E+02
  0.197254E+02
  0.202266E+02
  0.207255E+02
  0.212217E+02
  0.217152E+02
  0.222076E+02
  0.226976E+02
  0.231865E+02
  0.236732E+02
  0.241600E+02
  0.246460E+02
  0.251310E+02
  0.256146E+02
  0.260987E+02
  0.265818E+02
  0.270650E+02
  0.275468E+02
  0.280291E+02
  0.285109E+02
  0.289918E+02
  0.294710E+02
  0.299500E+02
  0.304264E+02
  0.309021E+02
  0.313746E+02
  0.318453E+02
  0.323135E+02
  0.327787E+02
  0.332393E+02
  0.336977E+02
  0.341516E+02
  0.346021E+02
  0.350467E+02
  0.354881E+02
  0.359250E+02
  0.363567E+02
  0.367823E+02
  0.372044E+02
  0.376201E+02
  0.380319E+02
  0.384376E+02
  0.388398E+02
  0.392369E+02
  0.396287E+02
  0.400138E+02
  0.403950E+02
  0.407704E+02
  0.411418E+02
  0.415067E+02
  0.418686E+02
  0.422262E+02
  0.425780E+02
  0.429229E+02
  0.432644E+02
  0.436002E+02
  0.439325E+02
  0.442588E+02
  0.445823E+02
  0.449019E+02
  0.452173E+02
  0.455271E+02
  0.458351E+02
  0.461384E+02
  0.464397E+02
  0.467363E+02
  0.470319E+02
  0.473255E+02
  0.476166E+02
  0.479036E+02
  0.481907E+02
  0.484747E+02
  0.487583E+02
  0.490380E+02
  0.493184E+02
  0.495986E+02
  0.498769E+02
  0.501520E+02
  0.504290E+02
  0.507038E+02
  0.509785E+02
  0.512506E+02
  0.515235E+02
  0.517957E+02
  0.520660E+02
  0.523325E+02
  0.525998E+02
  0.528635E+02
  0.531262E+02
  0.533846E+02
  0.536423E+02
  0.538977E+02
  0.541496E+02
  0.543955E+02
  0.546401E+02
  0.548793E+02
  0.551158E+02
  0.553456E+02
  0.555729E+02
  0.557956E+02
  0.560125E+02
  0.562227E+02
  0.564301E+02
  0.566307E+02
  0.568281E+02
  0.570184E+02
  0.572062E+02
  0.573898E+02
  0.575688E+02
  0.577417E+02
  0.579128E+02
  0.580789E+02
  0.582426E+02
  0.584000E+02
  0.585568E+02
  0.587112E+02
  0.588614E+02
  0.590069E+02
  0.591520E+02
  0.592927E+02
  0.594318E+02
  0.595660E+02
  0.596996E+02
  0.598304E+02
  0.599579E+02
  0.600799E+02
  0.602005E+02
  0.603160E+02
  0.604295E+02
  0.605368E+02
  0.606428E+02
  0.607454E+02
  0.608433E+02
  0.609345E+02
  0.610240E+02
  0.611078E+02
  0.611893E+02
  0.612648E+02
  0.613388E+02
  0.614092E+02
  0.614755E+02
  0.615356E+02
  0.615939E+02
  0.616469E+02
  0.616982E+02
  0.617436E+02
  0.617881E+02
  0.618300E+02
  0.618675E+02
  0.618993E+02
  0.619305E+02
  0.619568E+02
  0.619813E+02
  0.620002E+02
  0.620186E+02
  0.620339E+02
  0.620457E+02
  0.620518E+02
  0.620573E+02
  0.620582E+02
  0.620575E+02
  0.620513E+02
  0.620443E+02
  0.620347E+02
  0.620216E+02
  0.620031E+02
  0.619844E+02
  0.619613E+02
  0.619371E+02
  0.619078E+02
  0.618781E+02
  0.618460E+02
  0.618109E+02
  0.617705E+02
  0.617300E+02
  0.616855E+02
  0.616400E+02
  0.615896E+02
  0.615393E+02
  0.614873E+02
  0.614322E+02
  0.613727E+02
  0.613138E+02
  0.612515E+02
  0.611895E+02
  0.611237E+02
  0.610596E+02
  0.609954E+02
  0.609304E+02
  0.608625E+02
  0.607967E+02
  0.607295E+02
  0.606638E+02
  0.605960E+02
  0.605314E+02
  0.604677E+02
  0.604037E+02
  0.603374E+02
  0.602737E+02
  0.602086E+02
  0.601448E+02
  0.600777E+02
  0.600126E+02
  0.599473E+02
  0.598803E+02
  0.598095E+02
  0.597397E+02
  0.596665E+02
  0.595922E+02
  0.595128E+02
  0.594328E+02
  0.593502E+02
  0.592637E+02
  0.591714E+02
  0.590775E+02
  0.589780E+02
  0.588768E+02
  0.587690E+02
  0.586586E+02
  0.585441E+02
  0.584246E+02
  0.582983E+02
  0.581696E+02
  0.580343E+02
  0.578958E+02
  0.577506E+02
  0.576034E+02
  0.574519E+02
  0.572959E+02
  0.571334E+02
  0.569693E+02
  0.568000E+02
  0.566279E+02
  0.564504E+02
  0.562721E+02
  0.560903E+02
  0.559056E+02
  0.557159E+02
  0.555255E+02
  0.553308E+02
  0.551348E+02
  0.549340E+02
  0.547327E+02
  0.545294E+02
  0.543234E+02
  0.541133E+02
  0.539032E+02
  0.536897E+02
  0.534759E+02
  0.532582E+02
  0.530411E+02
  0.528226E+02
  0.526024E+02
  0.523792E+02
  0.521568E+02
  0.519316E+02
  0.517070E+02
  0.514795E+02
  0.512525E+02
  0.510241E+02
  0.507944E+02
  0.505616E+02
  0.503299E+02
  0.500953E+02
  0.498604E+02
  0.496225E+02
  0.493857E+02
  0.491478E+02
  0.489079E+02
  0.486644E+02
  0.484219E+02
  0.481763E+02
  0.479304E+02
  0.476816E+02
  0.474334E+02
  0.471841E+02
  0.469332E+02
  0.466785E+02
  0.464248E+02
  0.461689E+02
  0.459134E+02
  0.456553E+02
  0.453990E+02
  0.451431E+02
  0.448868E+02
  0.446282E+02
  0.443717E+02
  0.441142E+02
  0.438577E+02
  0.435996E+02
  0.433438E+02
  0.430882E+02
  0.428324E+02
  0.425752E+02
  0.423200E+02
  0.420631E+02
  0.418070E+02
  0.415482E+02
  0.412898E+02
  0.410300E+02
  0.407677E+02
  0.405021E+02
  0.402362E+02
  0.399658E+02
  0.396936E+02
  0.394164E+02
  0.391368E+02
  0.388537E+02
  0.385662E+02
  0.382729E+02
  0.379765E+02
  0.376744E+02
  0.373685E+02
  0.370560E+02
  0.367399E+02
  0.364188E+02
  0.360928E+02
  0.357601E+02
  0.354236E+02
  0.350812E+02
  0.347345E+02
  0.343810E+02
  0.340241E+02
  0.336621E+02
  0.332951E+02
  0.329219E+02
  0.325449E+02
  0.321622E+02
  0.317762E+02
  0.313836E+02
  0.309875E+02
  0.305872E+02
  0.301823E+02
  0.297720E+02
  0.293586E+02
  0.289404E+02
  0.285190E+02
  0.280924E+02
  0.276630E+02
  0.272297E+02
  0.267925E+02
  0.263508E+02
  0.259068E+02
  0.254580E+02
  0.250061E+02
  0.245497E+02
  0.240908E+02
  0.236282E+02
  0.231620E+02
  0.226915E+02
  0.222177E+02
  0.217386E+02
  0.212563E+02
  0.207694E+02
  0.202789E+02
  0.197841E+02
  0.192852E+02
  0.187811E+02
  0.182735E+02
  0.177610E+02
  0.172450E+02
  0.167242E+02
  0.161989E+02
  0.156689E+02
  0.151347E+02
  0.145954E+02
  0.140521E+02
  0.135031E+02
  0.129496E+02
  0.123909E+02
  0.118274E+02
  0.112584E+02
  0.106842E+02
  0.101047E+02
  0.952041E+01
  0.893059E+01
  0.833598E+01
  0.773578E+01
  0.713077E+01
  0.652077E+01
  0.590565E+01
  0.528511E+01
  0.466039E+01
  0.403079E+01
  0.339687E+01
  0.275910E+01
  0.211748E+01
  0.147214E+01
  0.823689E+00
  0.171398E+00
 -0.483994E+00
 -0.114221E+01
 -0.180324E+01
 -0.246692E+01
 -0.313345E+01
 -0.380264E+01
 -0.447386E+01
 -0.514722E+01
 -0.582328E+01
 -0.650149E+01
 -0.718173E+01
 -0.786399E+01
 -0.854878E+01
 -0.923573E+01
 -0.992439E+01
 -0.106142E+02
 -0.113057E+02
 -0.119991E+02
 -0.126945E+02
 -0.133900E+02
 -0.140877E+02
 -0.147871E+02
 -0.154874E+02
 -0.161882E+02
 -0.168908E+02
 -0.175940E+02
 -0.182989E+02
 -0.190045E+02
 -0.197122E+02
 -0.204217E+02
 -0.211319E+02
 -0.218426E+02
 -0.225556E+02
 -0.232693E+02
 -0.239850E+02
 -0.247013E+02
 -0.254207E+02
 -0.261424E+02
 -0.268650E+02
 -0.275882E+02
 -0.283146E+02
 -0.290421E+02
 -0.297718E+02
 -0.305022E+02
 -0.312353E+02
 -0.319701E+02
 -0.327051E+02
 -0.334393E+02
 -0.341755E+02
 -0.349112E+02
 -0.356473E+02
 -0.363813E+02
 -0.371164E+02
 -0.378508E+02
 -0.385835E+02
 -0.393133E+02
 -0.400428E+02
 -0.407695E+02
 -0.414950E+02
 -0.422162E+02
 -0.429366E+02
 -0.436546E+02
 -0.443694E+02
 -0.450794E+02
 -0.457883E+02
 -0.464927E+02
 -0.471954E+02
 -0.478928E+02
 -0.485888E+02
 -0.492820E+02
 -0.499713E+02
 -0.506555E+02
 -0.513387E+02
 -0.520171E+02
 -0.526930E+02
 -0.533631E+02
 -0.540319E+02
 -0.546971E+02
 -0.553574E+02
 -0.560117E+02
 -0.566634E+02
 -0.573091E+02
 -0.579511E+02
 -0.585851E+02
 -0.592161E+02
 -0.598411E+02
 -0.604594E+02
 -0.610686E+02
 -0.616731E+02
 -0.622686E+02
 -0.628582E+02
 -0.634373E+02
 -0.640111E+02
 -0.645772E+02
 -0.651344E+02
 -0.656806E+02
 -0.662211E+02
 -0.667519E+02
 -0.672763E+02
 -0.677898E+02
 -0.682979E+02
 -0.687985E+02
 -0.692907E+02
 -0.697724E+02
 -0.702491E+02
 -0.707167E+02
 -0.711792E+02
 -0.716315E+02
 -0.720800E+02
 -0.725225E+02
 -0.729568E+02
 -0.733813E+02
 -0.738018E+02
 -0.742133E+02
 -0.746200E+02
 -0.750167E+02
 -0.754097E+02
 -0.757969E+02
 -0.761768E+02
 -0.765462E+02
 -0.769119E+02
 -0.772689E+02
 -0.776210E+02
 -0.779634E+02
 -0.783026E+02
 -0.786362E+02
 -0.789627E+02
 -0.792796E+02
 -0.795935E+02
 -0.798987E+02
 -0.801999E+02
 -0.804919E+02
 -0.807809E+02
 -0.810645E+02
 -0.813415E+02
 -0.816088E+02
 -0.818737E+02
 -0.821305E+02
 -0.823832E+02
 -0.826267E+02
 -0.828675E+02
 -0.831029E+02
 -0.833316E+02
 -0.835507E+02
 -0.837671E+02
 -0.839755E+02
 -0.841802E+02
 -0.843750E+02
 -0.845670E+02
 -0.847540E+02
 -0.849341E+02
 -0.851045E+02
 -0.852729E+02
 -0.854331E+02
 -0.855893E+02
 -0.857357E+02
 -0.858793E+02
 -0.860173E+02
 -0.861483E+02
 -0.862696E+02
 -0.863884E+02
 -0.864991E+02
 -0.866065E+02
 -0.867048E+02
 -0.868012E+02
 -0.868933E+02
 -0.869798E+02
 -0.870579E+02
 -0.871354E+02
 -0.872063E+02
 -0.872751E+02
 -0.873364E+02
 -0.873977E+02
 -0.874569E+02
 -0.875116E+02
 -0.875598E+02
 -0.876088E+02
 -0.876522E+02
 -0.876949E+02
 -0.877311E+02
 -0.877677E+02
 -0.878019E+02
 -0.878328E+02
 -0.878571E+02
 -0.878821E+02
 -0.879021E+02
 -0.879217E+02
 -0.879346E+02
 -0.879483E+02
 -0.879596E+02
 -0.879672E+02
 -0.879678E+02
 -0.879694E+02
 -0.879661E+02
 -0.879622E+02
 -0.879519E+02
 -0.879423E+02
 -0.879306E+02
 -0.879158E+02
 -0.878951E+02
 -0.878757E+02
 -0.878515E+02
 -0.878277E+02
 -0.877983E+02
 -0.877706E+02
 -0.877425E+02
 -0.877114E+02
 -0.876748E+02
 -0.876404E+02
 -0.876018E+02
 -0.875635E+02
 -0.875194E+02
 -0.874774E+02
 -0.874339E+02
 -0.873873E+02
 -0.873354E+02
 -0.872847E+02
 -0.872292E+02
 -0.871736E+02
 -0.871116E+02
 -0.870506E+02
 -0.869874E+02
 -0.869206E+02
 -0.868471E+02
 -0.867740E+02
 -0.866952E+02
 -0.866150E+02
 -0.865271E+02
 -0.864382E+02
 -0.863454E+02
 -0.862477E+02
 -0.861414E+02
 -0.860338E+02
 -0.859186E+02
 -0.858003E+02
 -0.856733E+02
 -0.855442E+02
 -0.854111E+02
 -0.852716E+02
 -0.851223E+02
 -0.849716E+02
 -0.848134E+02
 -0.846520E+02
 -0.844825E+02
 -0.843112E+02
 -0.841352E+02
 -0.839538E+02
 -0.837642E+02
 -0.835732E+02
 -0.833750E+02
 -0.831748E+02
 -0.829659E+02
 -0.827557E+02
 -0.825418E+02
 -0.823225E+02
 -0.820955E+02
 -0.818677E+02
 -0.816338E+02
 -0.813983E+02
 -0.811559E+02
 -0.809135E+02
 -0.806682E+02
 -0.804197E+02
 -0.801654E+02
 -0.799118E+02
 -0.796534E+02
 -0.793943E+02
 -0.791293E+02
 -0.788649E+02
 -0.785990E+02
 -0.783300E+02
 -0.780551E+02
 -0.777811E+02
 -0.775024E+02
 -0.772235E+02
 -0.769389E+02
 -0.766547E+02
 -0.763683E+02
 -0.760789E+02
 -0.757833E+02
 -0.754883E+02
 -0.751881E+02
 -0.748869E+02
 -0.745802E+02
 -0.742737E+02
 -0.739648E+02
 -0.736527E+02
 -0.733349E+02
 -0.730172E+02
 -0.726948E+02
 -0.723718E+02
 -0.720434E+02
 -0.717157E+02
 -0.713854E+02
 -0.710522E+02
 -0.707136E+02
 -0.703756E+02
 -0.700335E+02
 -0.696906E+02
 -0.693424E+02
 -0.689941E+02
 -0.686437E+02
 -0.682889E+02
 -0.679276E+02
 -0.675659E+02
 -0.671987E+02
 -0.668294E+02
 -0.664533E+02
 -0.660755E+02
 -0.656931E+02
 -0.653053E+02
 -0.649096E+02
 -0.645114E+02
 -0.641056E+02
 -0.636960E+02
 -0.632784E+02
 -0.628580E+02
 -0.624323E+02
 -0.620006E+02
 -0.615610E+02
 -0.611182E+02
 -0.606683E+02
 -0.602149E+02
 -0.597538E+02
 -0.592904E+02
 -0.588226E+02
 -0.583497E+02
 -0.578698E+02
 -0.573878E+02
 -0.568998E+02
 -0.564097E+02
 -0.559138E+02
 -0.554168E+02
 -0.549167E+02
 -0.544133E+02
 -0.539052E+02
 -0.533969E+02
 -0.528855E+02
 -0.523734E+02
 -0.518574E+02
 -0.513424E+02
 -0.508266E+02
 -0.503101E+02
 -0.497911E+02
 -0.492737E+02
 -0.487551E+02
 -0.482378E+02
 -0.477192E+02
 -0.472035E+02
 -0.466888E+02
 -0.461753E+02
 -0.456613E+02
 -0.451509E+02
 -0.446413E+02
 -0.441344E+02
 -0.436271E+02
 -0.431239E+02
 -0.426232E+02
 -0.421239E+02
 -0.416248E+02
 -0.411301E+02
 -0.406360E+02
 -0.401451E+02
 -0.396543E+02
 -0.391665E+02
 -0.386804E+02
 -0.381952E+02
 -0.377096E+02
 -0.372267E+02
 -0.367440E+02
 -0.362633E+02
 -0.357824E+02
 -0.353043E+02
 -0.348275E+02
 -0.343518E+02
 -0.338759E+02
 -0.334031E+02
 -0.329311E+02
 -0.324615E+02
 -0.319922E+02
 -0.315262E+02
 -0.310622E+02
 -0.305998E+02
 -0.301381E+02
 -0.296796E+02
 -0.292226E+02
 -0.287686E+02
 -0.283155E+02
 -0.278665E+02
 -0.274198E+02
 -0.269748E+02
 -0.265314E+02
 -0.260914E+02
 -0.256528E+02
 -0.252176E+02
 -0.247838E+02
 -0.243539E+02
 -0.239272E+02
 -0.235033E+02
 -0.230811E+02
 -0.226630E+02
 -0.222475E+02
 -0.218359E+02
 -0.214268E+02
 -0.210216E+02
 -0.206193E+02
 -0.202202E+02
 -0.198234E+02
 -0.194306E+02
 -0.190402E+02
 -0.186532E+02
 -0.182683E+02
 -0.178872E+02
 -0.175089E+02
 -0.171334E+02
 -0.167601E+02
 -0.163904E+02
 -0.160226E+02
 -0.156576E+02
 -0.152947E+02
 -0.149357E+02
 -0.145796E+02
 -0.142262E+02
 -0.138753E+02
 -0.135286E+02
 -0.131846E+02
 -0.128440E+02
 -0.125058E+02
 -0.121712E+02
 -0.118399E+02
 -0.115111E+02
 -0.111849E+02
 -0.108622E+02
 -0.105423E+02
 -0.102257E+02
 -0.991123E+01
 -0.960033E+01
 -0.929211E+01
 -0.898666E+01
 -0.868387E+01
 -0.838381E+01
 -0.808657E+01
 -0.779307E+01
 -0.750235E+01
 -0.721539E+01
 -0.693156E+01
 -0.665105E+01
 -0.637372E+01
 -0.610032E+01
 -0.583048E+01
 -0.556434E+01
 -0.530177E+01
 -0.504354E+01
 -0.478899E+01
 -0.453852E+01
 -0.429182E+01
 -0.404945E+01
 -0.381112E+01
 -0.357649E+01
 -0.334551E+01
 -0.311850E+01
 -0.289501E+01
 -0.267550E+01
 -0.245916E+01
 -0.224644E+01
 -0.203715E+01
 -0.183117E+01
 -0.162813E+01
 -0.142770E+01
 -0.123005E+01
 -0.103530E+01
 -0.842858E+00
 -0.653100E+00
 -0.465274E+00
 -0.279320E+00
 -0.954009E-01
  0.866808E-01
  0.267023E+00
  0.446047E+00
  0.624003E+00
  0.800507E+00
  0.975902E+00
  0.115047E+01
  0.132413E+01
  0.149644E+01
  0.166778E+01
  0.183802E+01
  0.200731E+01
  0.217567E+01
  0.234263E+01
  0.250858E+01
  0.267321E+01
  0.283658E+01
  0.299845E+01
  0.315833E+01
  0.331669E+01
  0.347276E+01
  0.362663E+01
  0.377845E+01
  0.392727E+01
  0.407356E+01
  0.421671E+01
  0.435637E+01
  0.449273E+01
  0.462582E+01
  0.475520E+01
  0.488070E+01
  0.500202E+01
  0.511894E+01
  0.523071E+01
  0.533733E+01
  0.543851E+01
  0.553446E+01
  0.562444E+01
  0.570817E+01
  0.578607E+01
  0.585802E+01
  0.592385E+01
  0.598408E+01
  0.603798E+01
  0.608626E+01
  0.612912E+01
  0.616682E+01
  0.619908E+01
  0.622671E+01
  0.624975E+01
  0.626826E+01
  0.628285E+01
  0.629380E+01
  0.630109E+01
  0.630580E+01
  0.630767E+01
  0.630700E+01
  0.630417E+01
  0.629955E+01
  0.629297E+01
  0.628469E+01
  0.627441E+01
  0.626290E+01
  0.624978E+01
  0.623542E+01
  0.622025E+01
  0.620372E+01
  0.618611E+01
  0.616839E+01
  0.614955E+01
  0.613014E+01
  0.610982E+01
  0.608876E+01
  0.606744E+01
  0.604528E+01
  0.602231E+01
  0.599923E+01
  0.597523E+01
  0.595093E+01
  0.592607E+01
  0.590128E+01
  0.587651E+01
  0.585107E+01
  0.582549E+01
  0.580010E+01
  0.577445E+01
  0.574964E+01
  0.572496E+01
  0.570042E+01
  0.567664E+01
  0.565352E+01
  0.563103E+01
  0.560935E+01
  0.558823E+01
  0.556801E+01
  0.554851E+01
  0.553046E+01
  0.551346E+01
  0.549780E+01
  0.548295E+01
  0.546871E+01
  0.545547E+01
  0.544342E+01
  0.543222E+01
  0.542222E+01
  0.541308E+01
  0.540446E+01
  0.539624E+01
  0.538942E+01
  0.538336E+01
  0.537803E+01
  0.537352E+01
  0.536978E+01
  0.536695E+01
  0.536483E+01
  0.536329E+01
  0.536279E+01
  0.536304E+01
  0.536443E+01
  0.536635E+01
  0.536969E+01
  0.537417E+01
  0.537934E+01
  0.538587E+01
  0.539347E+01
  0.540205E+01
  0.541249E+01
  0.542386E+01
  0.543645E+01
  0.545052E+01
  0.546556E+01
  0.548156E+01
  0.549881E+01
  0.551660E+01
  0.553574E+01
  0.555618E+01
  0.557740E+01
  0.559950E+01
  0.562231E+01
  0.564499E+01
  0.566864E+01
  0.569313E+01
  0.571800E+01
  0.574306E+01
  0.576874E+01
  0.579511E+01
  0.582091E+01
  0.584642E+01
  0.587305E+01
  0.589903E+01
  0.592487E+01
  0.595082E+01
  0.597691E+01
  0.600349E+01
  0.603036E+01
  0.605779E+01
  0.608632E+01
  0.611515E+01
  0.614492E+01
  0.617587E+01
  0.620830E+01
  0.624227E+01
  0.627767E+01
  0.631445E+01
  0.635352E+01
  0.639403E+01
  0.643692E+01
  0.648209E+01
  0.652951E+01
  0.657999E+01
  0.663289E+01
  0.668856E+01
  0.674790E+01
  0.681005E+01
  0.687637E+01
  0.694610E+01
  0.701939E+01
  0.709664E+01
  0.717745E+01
  0.726206E+01
  0.735093E+01
  0.744346E+01
  0.754032E+01
  0.764103E+01
  0.774585E+01
  0.785476E+01
  0.796739E+01
  0.808334E+01
  0.820340E+01
  0.832691E+01
  0.845442E+01
  0.858530E+01
  0.871950E+01
  0.885714E+01
  0.899788E+01
  0.914118E+01
  0.928751E+01
  0.943590E+01
  0.958701E+01
  0.974021E+01
  0.989541E+01
  0.100526E+02
  0.102116E+02
  0.103715E+02
  0.105329E+02
  0.106950E+02
  0.108582E+02
  0.110217E+02
  0.111856E+02
  0.113497E+02
  0.115133E+02
  0.116762E+02
  0.118393E+02
  0.120014E+02
  0.121629E+02
  0.123225E+02
  0.124808E+02
  0.126374E+02
  0.127922E+02
  0.129442E+02
  0.130942E+02
  0.132420E+02
  0.133880E+02
  0.135306E+02
  0.136705E+02
  0.138082E+02
  0.139435E+02
  0.140759E+02
  0.142061E+02
  0.143335E+02
  0.144591E+02
  0.145820E+02
  0.147038E+02
  0.148245E+02
  0.149431E+02
  0.150596E+02
  0.151755E+02
  0.152902E+02
  0.154044E+02
  0.155171E+02
  0.156301E+02
  0.157430E+02
  0.158551E+02
  0.159664E+02
  0.160778E+02
  0.161883E+02
  0.162981E+02
  0.164069E+02
  0.165157E+02
  0.166234E+02
  0.167295E+02
  0.168335E+02
  0.169371E+02
  0.170388E+02
  0.171388E+02
  0.172363E+02
  0.173323E+02
  0.174259E+02
  0.175167E+02
  0.176042E+02
  0.176898E+02
  0.177716E+02
  0.178508E+02
  0.179263E+02
  0.179985E+02
  0.180669E+02
  0.181314E+02
  0.181916E+02
  0.182481E+02
  0.182996E+02
  0.183476E+02
  0.183907E+02
  0.184301E+02
  0.184652E+02
  0.184963E+02
  0.185230E+02
  0.185461E+02
  0.185654E+02
  0.185817E+02
  0.185937E+02
  0.186034E+02
  0.186100E+02
  0.186135E+02
  0.186141E+02
  0.186128E+02
  0.186091E+02
  0.186038E+02
  0.185960E+02
  0.185880E+02
  0.185795E+02
  0.185691E+02
  0.185567E+02
  0.185448E+02
  0.185320E+02
  0.185190E+02
  0.185049E+02
  0.184910E+02
  0.184775E+02
  0.184637E+02
  0.184485E+02
  0.184340E+02
  0.184197E+02
  0.184062E+02
  0.183917E+02
  0.183779E+02
  0.183643E+02
  0.183504E+02
  0.183363E+02
  0.183229E+02
  0.183090E+02
  0.182957E+02
  0.182821E+02
  0.182690E+02
  0.182560E+02
  0.182431E+02
  0.182296E+02
  0.182169E+02
  0.182044E+02
  0.181925E+02
  0.181802E+02
  0.181694E+02
  0.181595E+02
  0.181499E+02
  0.181403E+02
  0.181321E+02
  0.181250E+02
  0.181195E+02
  0.181146E+02
  0.181119E+02
  0.181106E+02
  0.181107E+02
  0.181114E+02
  0.181139E+02
  0.181174E+02
  0.181221E+02
  0.181266E+02
  0.181331E+02
  0.181414E+02
  0.181502E+02
  0.181591E+02
  0.181692E+02
  0.181793E+02
  0.181903E+02
  0.182005E+02
  0.182112E+02
  0.182212E+02
  0.182306E+02
  0.182391E+02
  0.182472E+02
  0.182538E+02
  0.182603E+02
  0.182650E+02
  0.182690E+02
  0.182721E+02
  0.182736E+02
  0.182729E+02
  0.182722E+02
  0.182699E+02
  0.182663E+02
  0.182607E+02
  0.182545E+02
  0.182470E+02
  0.182377E+02
  0.182264E+02
  0.182146E+02
  0.182005E+02
  0.181858E+02
  0.181695E+02
  0.181528E+02
  0.181355E+02
  0.181165E+02
  0.180953E+02
  0.180739E+02
  0.180511E+02
  0.180279E+02
  0.180031E+02
  0.179784E+02
  0.179535E+02
  0.179278E+02
  0.179011E+02
  0.178750E+02
  0.178483E+02
  0.178221E+02
  0.177955E+02
  0.177695E+02
  0.177442E+02
  0.177196E+02
  0.176950E+02
  0.176721E+02
  0.176500E+02
  0.176295E+02
  0.176103E+02
  0.175938E+02
  0.175793E+02
  0.175663E+02
  0.175544E+02
  0.175450E+02
  0.175368E+02
  0.175308E+02
  0.175258E+02
  0.175230E+02
  0.175218E+02
  0.175218E+02
  0.175228E+02
  0.175261E+02
  0.175299E+02
  0.175354E+02
  0.175418E+02
  0.175501E+02
  0.175598E+02
  0.175703E+02
  0.175808E+02
  0.175926E+02
  0.176047E+02
  0.176180E+02
  0.176313E+02
  0.176456E+02
  0.176604E+02
  0.176754E+02
  0.176908E+02
  0.177072E+02
  0.177234E+02
  0.177406E+02
  0.177574E+02
  0.177755E+02
  0.177939E+02
  0.178128E+02
  0.178316E+02
  0.178515E+02
  0.178715E+02
  0.178919E+02
  0.179118E+02
  0.179328E+02
  0.179544E+02
  0.179761E+02
  0.179970E+02
  0.180186E+02
  0.180395E+02
  0.180606E+02
  0.180815E+02
  0.181029E+02
  0.181241E+02
  0.181446E+02
  0.181636E+02
  0.181832E+02
  0.182017E+02
  0.182199E+02
  0.182366E+02
  0.182532E+02
  0.182689E+02
  0.182834E+02
  0.182956E+02
  0.183066E+02
  0.183162E+02
  0.183249E+02
  0.183306E+02
  0.183356E+02
  0.183394E+02
  0.183414E+02
  0.183408E+02
  0.183396E+02
  0.183367E+02
  0.183327E+02
  0.183270E+02
  0.183214E+02
  0.183146E+02
  0.183069E+02
  0.182978E+02
  0.182883E+02
  0.182780E+02
  0.182675E+02
  0.182552E+02
  0.182431E+02
  0.182306E+02
  0.182172E+02
  0.182023E+02
  0.181876E+02
  0.181713E+02
  0.181544E+02
  0.181356E+02
  0.181159E+02
  0.180950E+02
  0.180725E+02
  0.180481E+02
  0.180227E+02
  0.179948E+02
  0.179657E+02
  0.179342E+02
  0.179017E+02
  0.178674E+02
  0.178306E+02
  0.177913E+02
  0.177505E+02
  0.177068E+02
  0.176611E+02
  0.176119E+02
  0.175602E+02
  0.175059E+02
  0.174485E+02
  0.173873E+02
  0.173234E+02
  0.172554E+02
  0.171847E+02
  0.171094E+02
  0.170307E+02
  0.169485E+02
  0.168616E+02
  0.167698E+02
  0.166747E+02
  0.165743E+02
  0.164708E+02
  0.163624E+02
  0.162493E+02
  0.161324E+02
  0.160112E+02
  0.158846E+02
  0.157550E+02
  0.156210E+02
  0.154831E+02
  0.153407E+02
  0.151945E+02
  0.150441E+02
  0.148898E+02
  0.147308E+02
  0.145680E+02
  0.144015E+02
  0.142314E+02
  0.140570E+02
  0.138795E+02
  0.136982E+02
  0.135139E+02
  0.133257E+02
  0.131342E+02
  0.129397E+02
  0.127425E+02
  0.125411E+02
  0.123370E+02
  0.121292E+02
  0.119178E+02
  0.117025E+02
  0.114838E+02
  0.112611E+02
  0.110347E+02
  0.108040E+02
  0.105701E+02
  0.103324E+02
  0.100908E+02
  0.984479E+01
  0.959503E+01
  0.934168E+01
  0.908479E+01
  0.882373E+01
  0.855989E+01
  0.829256E+01
  0.802188E+01
  0.774782E+01
  0.747058E+01
  0.719020E+01
  0.690730E+01
  0.662133E+01
  0.633298E+01
  0.604224E+01
  0.574907E+01
  0.545339E+01
  0.515584E+01
  0.485605E+01
  0.455392E+01
  0.424953E+01
  0.394332E+01
  0.363505E+01
  0.332514E+01
  0.301322E+01
  0.269955E+01
  0.238467E+01
  0.206817E+01
  0.174944E+01
  0.142915E+01
  0.110749E+01
  0.784124E+00
  0.459088E+00
  0.133162E+00
 -0.193822E+00
 -0.522397E+00
 -0.852176E+00
 -0.118354E+01
 -0.151614E+01
 -0.184947E+01
 -0.218380E+01
 -0.251908E+01
 -0.285471E+01
 -0.319074E+01
 -0.352657E+01
 -0.386248E+01
 -0.419822E+01
 -0.453362E+01
 -0.486893E+01
 -0.520389E+01
 -0.553778E+01
 -0.587082E+01
 -0.620229E+01
 -0.653267E+01
 -0.686082E+01
 -0.718685E+01
 -0.751093E+01
 -0.783277E+01
 -0.815180E+01
 -0.846881E+01
 -0.878240E+01
 -0.909263E+01
 -0.939933E+01
 -0.970236E+01
 -0.100008E+02
 -0.102946E+02
 -0.105832E+02
 -0.108674E+02
 -0.111455E+02
 -0.114181E+02
 -0.116841E+02
 -0.119431E+02
 -0.121950E+02
 -0.124404E+02
 -0.126780E+02
 -0.129080E+02
 -0.131294E+02
 -0.133440E+02
 -0.135509E+02
 -0.137496E+02
 -0.139390E+02
 -0.141207E+02
 -0.142939E+02
 -0.144590E+02
 -0.146149E+02
 -0.147630E+02
 -0.149023E+02
 -0.150334E+02
 -0.151558E+02
 -0.152703E+02
 -0.153758E+02
 -0.154733E+02
 -0.155620E+02
 -0.156431E+02
 -0.157161E+02
 -0.157815E+02
 -0.158384E+02
 -0.158880E+02
 -0.159299E+02
 -0.159651E+02
 -0.159922E+02
 -0.160128E+02
 -0.160270E+02
 -0.160350E+02
 -0.160362E+02
 -0.160324E+02
 -0.160224E+02
 -0.160075E+02
 -0.159864E+02
 -0.159605E+02
 -0.159303E+02
 -0.158953E+02
 -0.158550E+02
 -0.158116E+02
 -0.157633E+02
 -0.157111E+02
 -0.156545E+02
 -0.155944E+02
 -0.155306E+02
 -0.154632E+02
 -0.153914E+02
 -0.153172E+02
 -0.152394E+02
 -0.151588E+02
 -0.150745E+02
 -0.149879E+02
 -0.148991E+02
 -0.148073E+02
 -0.147124E+02
 -0.146161E+02
 -0.145169E+02
 -0.144165E+02
 -0.143136E+02
 -0.142094E+02
 -0.141040E+02
 -0.139968E+02
 -0.138872E+02
 -0.137763E+02
 -0.136630E+02
 -0.135492E+02
 -0.134330E+02
 -0.133157E+02
 -0.131968E+02
 -0.130757E+02
 -0.129520E+02
 -0.128266E+02
 -0.126987E+02
 -0.125688E+02
 -0.124363E+02
 -0.123027E+02
 -0.121668E+02
 -0.120290E+02
 -0.118890E+02
 -0.117471E+02
 -0.116028E+02
 -0.114568E+02
 -0.113084E+02
 -0.111590E+02
 -0.110075E+02
 -0.108545E+02
 -0.106996E+02
 -0.105434E+02
 -0.103855E+02
 -0.102264E+02
 -0.100654E+02
 -0.990359E+01
 -0.974111E+01
 -0.957762E+01
 -0.941239E+01
 -0.924685E+01
 -0.908039E+01
 -0.891405E+01
 -0.874726E+01
 -0.858095E+01
 -0.841510E+01
 -0.824956E+01
 -0.808467E+01
 -0.792113E+01
 -0.775828E+01
 -0.759713E+01
 -0.743764E+01
 -0.728067E+01
 -0.712574E+01
 -0.697312E+01
 -0.682249E+01
 -0.667504E+01
 -0.653007E+01
 -0.638760E+01
 -0.624795E+01
 -0.611122E+01
 -0.597654E+01
 -0.584495E+01
 -0.571629E+01
 -0.559036E+01
 -0.546701E+01
 -0.534679E+01
 -0.522888E+01
 -0.511405E+01
 -0.500223E+01
 -0.489312E+01
 -0.478644E+01
 -0.468269E+01
 -0.458147E+01
 -0.448291E+01
 -0.438638E+01
 -0.429245E+01
 -0.420090E+01
 -0.411195E+01
 -0.402499E+01
 -0.394023E+01
 -0.385814E+01
 -0.377879E+01
 -0.370174E+01
 -0.362738E+01
 -0.355534E+01
 -0.348551E+01
 -0.341749E+01
 -0.335230E+01
 -0.328980E+01
 -0.322970E+01
 -0.317233E+01
 -0.311831E+01
 -0.306690E+01
 -0.301864E+01
 -0.297345E+01
 -0.293108E+01
 -0.289169E+01
 -0.285581E+01
 -0.282292E+01
 -0.279312E+01
 -0.276634E+01
 -0.274270E+01
 -0.272143E+01
 -0.270268E+01
 -0.268671E+01
 -0.267322E+01
 -0.266178E+01
 -0.265293E+01
 -0.264585E+01
 -0.264053E+01
 -0.263698E+01
 -0.263523E+01
 -0.263487E+01
 -0.263611E+01
 -0.263868E+01
 -0.264261E+01
 -0.264779E+01
 -0.265372E+01
 -0.266017E+01
 -0.266737E+01
 -0.267426E+01
 -0.268159E+01
 -0.268876E+01
 -0.269550E+01
 -0.270208E+01
 -0.270820E+01
 -0.271333E+01
 -0.271747E+01
 -0.272034E+01
 -0.272218E+01
 -0.272260E+01
 -0.272211E+01
 -0.272014E+01
 -0.271648E+01
 -0.271132E+01
 -0.270490E+01
 -0.269694E+01
 -0.268763E+01
 -0.267690E+01
 -0.266537E+01
 -0.265278E+01
 -0.263929E+01
 -0.262492E+01
 -0.260968E+01
 -0.259395E+01
 -0.257819E+01
 -0.256163E+01
 -0.254537E+01
 -0.252954E+01
 -0.251325E+01
 -0.249688E+01
 -0.248127E+01
 -0.246576E+01
 -0.245104E+01
 -0.243698E+01
 -0.242384E+01
 -0.241183E+01
 -0.240068E+01
 -0.239098E+01
 -0.238302E+01
 -0.237620E+01
 -0.237115E+01
 -0.236735E+01
 -0.236541E+01
 -0.236562E+01
 -0.236776E+01
 -0.237204E+01
 -0.237885E+01
 -0.238758E+01
 -0.239864E+01
 -0.241152E+01
 -0.242631E+01
 -0.244333E+01
 -0.246211E+01
 -0.248231E+01
 -0.250483E+01
 -0.252947E+01
 -0.255581E+01
 -0.258344E+01
 -0.261253E+01
 -0.264266E+01
 -0.267411E+01
 -0.270658E+01
 -0.274006E+01
 -0.277442E+01
 -0.280999E+01
 -0.284630E+01
 -0.288327E+01
 -0.292067E+01
 -0.295856E+01
 -0.299644E+01
 -0.303426E+01
 -0.307241E+01
 -0.311108E+01
 -0.314948E+01
 -0.318814E+01
 -0.322627E+01
 -0.326370E+01
 -0.330063E+01
 -0.333738E+01
 -0.337322E+01
 -0.340837E+01
 -0.344296E+01
 -0.347709E+01
 -0.351032E+01
 -0.354258E+01
 -0.357359E+01
 -0.360374E+01
 -0.363263E+01
 -0.366069E+01
 -0.368765E+01
 -0.371313E+01
 -0.373678E+01
 -0.375946E+01
 -0.378041E+01
 -0.379933E+01
 -0.381634E+01
 -0.383147E+01
 -0.384440E+01
 -0.385537E+01
 -0.386407E+01
 -0.387112E+01
 -0.387600E+01
 -0.387923E+01
 -0.388082E+01
 -0.388094E+01
 -0.387973E+01
 -0.387753E+01
 -0.387414E+01
 -0.387002E+01
 -0.386495E+01
 -0.385906E+01
 -0.385239E+01
 -0.384552E+01
 -0.383768E+01
 -0.382944E+01
 -0.382101E+01
 -0.381204E+01
 -0.380211E+01
 -0.379177E+01
 -0.378096E+01
 -0.376983E+01
 -0.375784E+01
 -0.374534E+01
 -0.373229E+01
 -0.371880E+01
 -0.370450E+01
 -0.369007E+01
 -0.367526E+01
 -0.365979E+01
 -0.364354E+01
 -0.362705E+01
 -0.361022E+01
 -0.359312E+01
 -0.357565E+01
 -0.355842E+01
 -0.354077E+01
 -0.352327E+01
 -0.350522E+01
 -0.348695E+01
 -0.346893E+01
 -0.345065E+01
 -0.343211E+01
 -0.341364E+01
 -0.339475E+01
 -0.337661E+01
 -0.335847E+01
 -0.334043E+01
 -0.332299E+01
 -0.330590E+01
 -0.328912E+01
 -0.327251E+01
 -0.325581E+01
 -0.323928E+01
 -0.322213E+01
 -0.320596E+01
 -0.318999E+01
 -0.317363E+01
 -0.315759E+01
 -0.314180E+01
 -0.312578E+01
 -0.310976E+01
 -0.309280E+01
 -0.307510E+01
 -0.305741E+01
 -0.303937E+01
 -0.301977E+01
 -0.299947E+01
 -0.297809E+01
 -0.295518E+01
 -0.293015E+01
 -0.290327E+01
 -0.287477E+01
 -0.284408E+01
 -0.281039E+01
 -0.277442E+01
 -0.273577E+01
 -0.269408E+01
 -0.264918E+01
 -0.260125E+01
 -0.254964E+01
 -0.249466E+01
 -0.243634E+01
 -0.237425E+01
 -0.230806E+01
 -0.223823E+01
 -0.216432E+01
 -0.208645E+01
 -0.200400E+01
 -0.191695E+01
 -0.182521E+01
 -0.172852E+01
 -0.162682E+01
 -0.151989E+01
 -0.140768E+01
 -0.129054E+01
 -0.116765E+01
 -0.103929E+01
 -0.905582E+00
 -0.766382E+00
 -0.621326E+00
 -0.471018E+00
 -0.315548E+00
 -0.154366E+00
  0.121245E-01
  0.183456E+00
  0.360327E+00
  0.541847E+00
  0.727673E+00
  0.917980E+00
  0.111269E+01
  0.131154E+01
  0.151421E+01
  0.172108E+01
  0.193188E+01
  0.214587E+01
  0.236329E+01
  0.258417E+01
  0.280774E+01
  0.303402E+01
  0.326294E+01
  0.349353E+01
  0.372604E+01
  0.396107E+01
  0.419766E+01
  0.443566E+01
  0.467504E+01
  0.491619E+01
  0.515869E+01
  0.540176E+01
  0.564594E+01
  0.589118E+01
  0.613631E+01
  0.638257E+01
  0.662933E+01
  0.687635E+01
  0.712428E+01
  0.737243E+01
  0.761998E+01
  0.786813E+01
  0.811632E+01
  0.836403E+01
  0.861130E+01
  0.885876E+01
  0.910575E+01
  0.935273E+01
  0.959899E+01
  0.984449E+01
  0.100890E+02
  0.103331E+02
  0.105761E+02
  0.108184E+02
  0.110597E+02
  0.112996E+02
  0.115379E+02
  0.117749E+02
  0.120095E+02
  0.122422E+02
  0.124721E+02
  0.126998E+02
  0.129248E+02
  0.131469E+02
  0.133655E+02
  0.135809E+02
  0.137926E+02
  0.140005E+02
  0.142035E+02
  0.144030E+02
  0.145979E+02
  0.147877E+02
  0.149724E+02
  0.151530E+02
  0.153280E+02
  0.154974E+02
  0.156606E+02
  0.158190E+02
  0.159715E+02
  0.161178E+02
  0.162579E+02
  0.163923E+02
  0.165202E+02
  0.166426E+02
  0.167584E+02
  0.168689E+02
  0.169733E+02
  0.170711E+02
  0.171627E+02
  0.172491E+02
  0.173295E+02
  0.174049E+02
  0.174739E+02
  0.175384E+02
  0.175975E+02
  0.176509E+02
  0.176988E+02
  0.177422E+02
  0.177803E+02
  0.178139E+02
  0.178420E+02
  0.178662E+02
  0.178851E+02
  0.178991E+02
  0.179078E+02
  0.179123E+02
  0.179121E+02
  0.179080E+02
  0.178989E+02
  0.178860E+02
  0.178693E+02
  0.178484E+02
  0.178226E+02
  0.177936E+02
  0.177605E+02
  0.177239E+02
  0.176829E+02
  0.176390E+02
  0.175911E+02
  0.175397E+02
  0.174844E+02
  0.174263E+02
  0.173645E+02
  0.172994E+02
  0.172306E+02
  0.171592E+02
  0.170846E+02
  0.170071E+02
  0.169255E+02
  0.168412E+02
  0.167540E+02
  0.166642E+02
  0.165709E+02
  0.164756E+02
  0.163781E+02
  0.162779E+02
  0.161745E+02
  0.160692E+02
  0.159609E+02
  0.158505E+02
  0.157374E+02
  0.156229E+02
  0.155063E+02
  0.153875E+02
  0.152661E+02
  0.151434E+02
  0.150185E+02
  0.148918E+02
  0.147628E+02
  0.146328E+02
  0.145013E+02
  0.143688E+02
  0.142348E+02
  0.141001E+02
  0.139640E+02
  0.138275E+02
  0.136902E+02
  0.135527E+02
  0.134151E+02
  0.132771E+02
  0.131383E+02
  0.130002E+02
  0.128616E+02
  0.127233E+02
  0.125851E+02
  0.124473E+02
  0.123094E+02
  0.121720E+02
  0.120344E+02
  0.118979E+02
  0.117618E+02
  0.116259E+02
  0.114899E+02
  0.113548E+02
  0.112200E+02
  0.110853E+02
  0.109507E+02
  0.108169E+02
  0.106828E+02
  0.105493E+02
  0.104160E+02
  0.102830E+02
  0.101503E+02
  0.100180E+02
  0.988583E+01
  0.975454E+01
  0.962341E+01
  0.949268E+01
  0.936192E+01
  0.923207E+01
  0.910265E+01
  0.897366E+01
  0.884532E+01
  0.871778E+01
  0.858994E+01
  0.846271E+01
  0.833577E+01
  0.820972E+01
  0.808453E+01
  0.796008E+01
  0.783581E+01
  0.771226E+01
  0.758913E+01
  0.746623E+01
  0.734324E+01
  0.722107E+01
  0.709881E+01
  0.697625E+01
  0.685379E+01
  0.673132E+01
  0.660830E+01
  0.648591E+01
  0.636325E+01
  0.624024E+01
  0.611662E+01
  0.599234E+01
  0.586748E+01
  0.574230E+01
  0.561639E+01
  0.548936E+01
  0.536125E+01
  0.523263E+01
  0.510277E+01
  0.497212E+01
  0.483997E+01
  0.470665E+01
  0.457248E+01
  0.443726E+01
  0.430088E+01
  0.416339E+01
  0.402491E+01
  0.388623E+01
  0.374673E+01
  0.360581E+01
  0.346361E+01
  0.332106E+01
  0.317840E+01
  0.303564E+01
  0.289238E+01
  0.274867E+01
  0.260471E+01
  0.246076E+01
  0.231664E+01
  0.217229E+01
  0.202804E+01
  0.188385E+01
  0.174017E+01
  0.159765E+01
  0.145531E+01
  0.131350E+01
  0.117340E+01
  0.103462E+01
  0.896936E+00
  0.761065E+00
  0.626679E+00
  0.493280E+00
  0.361665E+00
  0.232353E+00
  0.105247E+00
 -0.200794E-01
 -0.143710E+00
 -0.265288E+00
 -0.384306E+00
 -0.500310E+00
 -0.613581E+00
 -0.724865E+00
 -0.833360E+00
 -0.938631E+00
 -0.104062E+01
 -0.113949E+01
 -0.123590E+01
 -0.132959E+01
 -0.141920E+01
 -0.150522E+01
 -0.158807E+01
 -0.166765E+01
 -0.174404E+01
 -0.181694E+01
 -0.188540E+01
 -0.194962E+01
 -0.201022E+01
 -0.206752E+01
 -0.212032E+01
 -0.216842E+01
 -0.221199E+01
 -0.225170E+01
 -0.228748E+01
 -0.231885E+01
 -0.234536E+01
 -0.236701E+01
 -0.238447E+01
 -0.239842E+01
 -0.240756E+01
 -0.241224E+01
 -0.241280E+01
 -0.240950E+01
 -0.240220E+01
 -0.239076E+01
 -0.237525E+01
 -0.235649E+01
 -0.233424E+01
 -0.230870E+01
 -0.228026E+01
 -0.224880E+01
 -0.221415E+01
 -0.217697E+01
 -0.213688E+01
 -0.209409E+01
 -0.204886E+01
 -0.200129E+01
 -0.195110E+01
 -0.189854E+01
 -0.184346E+01
 -0.178689E+01
 -0.172883E+01
 -0.166872E+01
 -0.160682E+01
 -0.154375E+01
 -0.147958E+01
 -0.141452E+01
 -0.134836E+01
 -0.128160E+01
 -0.121438E+01
 -0.114704E+01
 -0.107942E+01
 -0.101139E+01
 -0.943180E+00
 -0.875320E+00
 -0.807175E+00
 -0.739182E+00
 -0.671778E+00
 -0.604328E+00
 -0.536776E+00
 -0.469538E+00
 -0.402168E+00
 -0.334604E+00
 -0.267399E+00
 -0.200563E+00
 -0.133134E+00
 -0.658461E-01
  0.142980E-02
  0.688548E-01
  0.136165E+00
  0.203916E+00
  0.272013E+00
  0.340370E+00
  0.409212E+00
  0.477838E+00
  0.546552E+00
  0.615763E+00
  0.685508E+00
  0.755808E+00
  0.826645E+00
  0.898080E+00
  0.969876E+00
  0.104237E+01
  0.111661E+01
  0.119177E+01
  0.126730E+01
  0.134361E+01
  0.142091E+01
  0.149932E+01
  0.157867E+01
  0.165924E+01
  0.174100E+01
  0.182341E+01
  0.190695E+01
  0.199162E+01
  0.207714E+01
  0.216360E+01
  0.225078E+01
  0.233873E+01
  0.242694E+01
  0.251581E+01
  0.260522E+01
  0.269446E+01
  0.278371E+01
  0.287264E+01
  0.296154E+01
  0.305008E+01
  0.313787E+01
  0.322537E+01
  0.331178E+01
  0.339783E+01
  0.348307E+01
  0.356700E+01
  0.364967E+01
  0.373054E+01
  0.381034E+01
  0.388893E+01
  0.396563E+01
  0.404080E+01
  0.411393E+01
  0.418563E+01
  0.425551E+01
  0.432346E+01
  0.438922E+01
  0.445222E+01
  0.451325E+01
  0.457230E+01
  0.462883E+01
  0.468357E+01
  0.473621E+01
  0.478731E+01
  0.483641E+01
  0.488338E+01
  0.492834E+01
  0.497113E+01
  0.501213E+01
  0.505184E+01
  0.509001E+01
  0.512680E+01
  0.516193E+01
  0.519630E+01
  0.522940E+01
  0.526106E+01
  0.529188E+01
  0.532178E+01
  0.535094E+01
  0.537998E+01
  0.540767E+01
  0.543444E+01
  0.546081E+01
  0.548687E+01
  0.551230E+01
  0.553663E+01
  0.555994E+01
  0.558266E+01
  0.560461E+01
  0.562616E+01
  0.564648E+01
  0.566589E+01
  0.568437E+01
  0.570170E+01
  0.571733E+01
  0.573186E+01
  0.574528E+01
  0.575774E+01
  0.576924E+01
  0.577931E+01
  0.578734E+01
  0.579382E+01
  0.579866E+01
  0.580199E+01
  0.580325E+01
  0.580316E+01
  0.580210E+01
  0.579982E+01
  0.579637E+01
  0.579204E+01
  0.578647E+01
  0.578037E+01
  0.577329E+01
  0.576634E+01
  0.575908E+01
  0.575125E+01
  0.574372E+01
  0.573626E+01
  0.572894E+01
  0.572242E+01
  0.571588E+01
  0.570994E+01
  0.570431E+01
  0.569902E+01
  0.569412E+01
  0.568941E+01
  0.568442E+01
  0.567945E+01
  0.567403E+01
  0.566811E+01
  0.566177E+01
  0.565524E+01
  0.564785E+01
  0.563968E+01
  0.562988E+01
  0.561890E+01
  0.560724E+01
  0.559432E+01
  0.557990E+01
  0.556438E+01
  0.554738E+01
  0.552943E+01
  0.550962E+01
  0.548817E+01
  0.546557E+01
  0.544200E+01
  0.541732E+01
  0.539147E+01
  0.536418E+01
  0.533584E+01
  0.530652E+01
  0.527699E+01
  0.524672E+01
  0.521544E+01
  0.518394E+01
  0.515217E+01
  0.511917E+01
  0.508616E+01
  0.505299E+01
  0.501953E+01
  0.498634E+01
  0.495338E+01
  0.492036E+01
  0.488767E+01
  0.485500E+01
  0.482265E+01
  0.479087E+01
  0.475992E+01
  0.472951E+01
  0.469985E+01
  0.467060E+01
  0.464212E+01
  0.461442E+01
  0.458727E+01
  0.456087E+01
  0.453567E+01
  0.451098E+01
  0.448688E+01
  0.446375E+01
  0.444141E+01
  0.441968E+01
  0.439938E+01
  0.437950E+01
  0.435981E+01
  0.434096E+01
  0.432269E+01
  0.430492E+01
  0.428785E+01
  0.427138E+01
  0.425615E+01
  0.424137E+01
  0.422709E+01
  0.421315E+01
  0.420029E+01
  0.418890E+01
  0.417816E+01
  0.416847E+01
  0.415970E+01
  0.415111E+01
  0.414374E+01
  0.413709E+01
  0.413123E+01
  0.412631E+01
  0.412206E+01
  0.411855E+01
  0.411597E+01
  0.411415E+01
  0.411371E+01
  0.411369E+01
  0.411397E+01
  0.411534E+01
  0.411721E+01
  0.411929E+01
  0.412241E+01
  0.412603E+01
  0.413027E+01
  0.413486E+01
  0.413982E+01
  0.414520E+01
  0.415051E+01
  0.415599E+01
  0.416192E+01
  0.416747E+01
  0.417340E+01
  0.417926E+01
  0.418465E+01
  0.419004E+01
  0.419532E+01
  0.420018E+01
  0.420501E+01
  0.420960E+01
  0.421355E+01
  0.421651E+01
  0.421908E+01
  0.422098E+01
  0.422189E+01
  0.422141E+01
  0.422018E+01
  0.421762E+01
  0.421356E+01
  0.420857E+01
  0.420212E+01
  0.419438E+01
  0.418562E+01
  0.417534E+01
  0.416385E+01
  0.415088E+01
  0.413708E+01
  0.412180E+01
  0.410559E+01
  0.408827E+01
  0.406945E+01
  0.405012E+01
  0.402967E+01
  0.400824E+01
  0.398598E+01
  0.396247E+01
  0.393882E+01
  0.391392E+01
  0.388815E+01
  0.386176E+01
  0.383411E+01
  0.380526E+01
  0.377549E+01
  0.374481E+01
  0.371304E+01
  0.367961E+01
  0.364476E+01
  0.360795E+01
  0.356941E+01
  0.352973E+01
  0.348848E+01
  0.344524E+01
  0.340002E+01
  0.335264E+01
  0.330379E+01
  0.325288E+01
  0.320002E+01
  0.314546E+01
  0.308879E+01
  0.303017E+01
  0.296944E+01
  0.290629E+01
  0.284140E+01
  0.277416E+01
  0.270478E+01
  0.263367E+01
  0.256054E+01
  0.248557E+01
  0.240884E+01
  0.233029E+01
  0.225047E+01
  0.216903E+01
  0.208551E+01
  0.200018E+01
  0.191284E+01
  0.182379E+01
  0.173363E+01
  0.164141E+01
  0.154765E+01
  0.145304E+01
  0.135682E+01
  0.125949E+01
  0.116129E+01
  0.106212E+01
  0.962196E+00
  0.861046E+00
  0.759342E+00
  0.657551E+00
  0.554832E+00
  0.452038E+00
  0.349430E+00
  0.246742E+00
  0.144753E+00
  0.427475E-01
 -0.592842E-01
 -0.160221E+00
 -0.261002E+00
 -0.361423E+00
 -0.460991E+00
 -0.560211E+00
 -0.659172E+00
 -0.756908E+00
 -0.854233E+00
 -0.951275E+00
 -0.104724E+01
 -0.114273E+01
 -0.123779E+01
 -0.133208E+01
 -0.142624E+01
 -0.151991E+01
 -0.161300E+01
 -0.170514E+01
 -0.179673E+01
 -0.188743E+01
 -0.197685E+01
 -0.206495E+01
 -0.215198E+01
 -0.223758E+01
 -0.232146E+01
 -0.240304E+01
 -0.248324E+01
 -0.256190E+01
 -0.263815E+01
 -0.271191E+01
 -0.278377E+01
 -0.285356E+01
 -0.292138E+01
 -0.298735E+01
 -0.305180E+01
 -0.311430E+01
 -0.317518E+01
 -0.323383E+01
 -0.329083E+01
 -0.334609E+01
 -0.339945E+01
 -0.345128E+01
 -0.350170E+01
 -0.355084E+01
 -0.359875E+01
 -0.364503E+01
 -0.369086E+01
 -0.373573E+01
 -0.378010E+01
 -0.382324E+01
 -0.386543E+01
 -0.390721E+01
 -0.394828E+01
 -0.398829E+01
 -0.402809E+01
 -0.406710E+01
 -0.410526E+01
 -0.414273E+01
 -0.417955E+01
 -0.421526E+01
 -0.425032E+01
 -0.428420E+01
 -0.431768E+01
 -0.435049E+01
 -0.438232E+01
 -0.441319E+01
 -0.444340E+01
 -0.447272E+01
 -0.450175E+01
 -0.452932E+01
 -0.455607E+01
 -0.458231E+01
 -0.460759E+01
 -0.463227E+01
 -0.465678E+01
 -0.468044E+01
 -0.470370E+01
 -0.472611E+01
 -0.474831E+01
 -0.476970E+01
 -0.479058E+01
 -0.481137E+01
 -0.483193E+01
 -0.485173E+01
 -0.487178E+01
 -0.489152E+01
 -0.491147E+01
 -0.493184E+01
 -0.495259E+01
 -0.497331E+01
 -0.499444E+01
 -0.501611E+01
 -0.503868E+01
 -0.506150E+01
 -0.508586E+01
 -0.511149E+01
 -0.513785E+01
 -0.516542E+01
 -0.519456E+01
 -0.522457E+01
 -0.525604E+01
 -0.528863E+01
 -0.532312E+01
 -0.535888E+01
 -0.539596E+01
 -0.543420E+01
 -0.547397E+01
 -0.551481E+01
 -0.555687E+01
 -0.559970E+01
 -0.564347E+01
 -0.568792E+01
 -0.573292E+01
 -0.577789E+01
 -0.582340E+01
 -0.586857E+01
 -0.591390E+01
 -0.595909E+01
 -0.600434E+01
 -0.604946E+01
 -0.609398E+01
 -0.613722E+01
 -0.618029E+01
 -0.622268E+01
 -0.626455E+01
 -0.630544E+01
 -0.634612E+01
 -0.638622E+01
 -0.642486E+01
 -0.646227E+01
 -0.649942E+01
 -0.653517E+01
 -0.657035E+01
 -0.660404E+01
 -0.663690E+01
 -0.666916E+01
 -0.670023E+01
 -0.672979E+01
 -0.675840E+01
 -0.678531E+01
 -0.681083E+01
 -0.683464E+01
 -0.685744E+01
 -0.687836E+01
 -0.689778E+01
 -0.691536E+01
 -0.693115E+01
 -0.694515E+01
 -0.695762E+01
 -0.696764E+01
 -0.697614E+01
 -0.698252E+01
 -0.698703E+01
 -0.698935E+01
 -0.699017E+01
 -0.698885E+01
 -0.698547E+01
 -0.698034E+01
 -0.697376E+01
 -0.696497E+01
 -0.695450E+01
 -0.694184E+01
 -0.692752E+01
 -0.691094E+01
 -0.689251E+01
 -0.687182E+01
 -0.684986E+01
 -0.682650E+01
 -0.680114E+01
 -0.677383E+01
 -0.674550E+01
 -0.671542E+01
 -0.668430E+01
 -0.665113E+01
 -0.661714E+01
 -0.658201E+01
 -0.654492E+01
 -0.650654E+01
 -0.646722E+01
 -0.642598E+01
 -0.638397E+01
 -0.634071E+01
 -0.629670E+01
 -0.625171E+01
 -0.620576E+01
 -0.615892E+01
 -0.611192E+01
 -0.606415E+01
 -0.601624E+01
 -0.596770E+01
 -0.591902E+01
 -0.587001E+01
 -0.582059E+01
 -0.577057E+01
 -0.572081E+01
 -0.567073E+01
 -0.562088E+01
 -0.557089E+01
 -0.552088E+01
 -0.547102E+01
 -0.542103E+01
 -0.537028E+01
 -0.531997E+01
 -0.526890E+01
 -0.521744E+01
 -0.516563E+01
 -0.511357E+01
 -0.506102E+01
 -0.500749E+01
 -0.495283E+01
 -0.489774E+01
 -0.484153E+01
 -0.478460E+01
 -0.472588E+01
 -0.466578E+01
 -0.460431E+01
 -0.454136E+01
 -0.447639E+01
 -0.440967E+01
 -0.434137E+01
 -0.427122E+01
 -0.419855E+01
 -0.412444E+01
 -0.404785E+01
 -0.396912E+01
 -0.388840E+01
 -0.380566E+01
 -0.372093E+01
 -0.363387E+01
 -0.354437E+01
 -0.345333E+01
 -0.336006E+01
 -0.326503E+01
 -0.316791E+01
 -0.306884E+01
 -0.296778E+01
 -0.286470E+01
 -0.275941E+01
 -0.265235E+01
 -0.254330E+01
 -0.243249E+01
 -0.231985E+01
 -0.220553E+01
 -0.208907E+01
 -0.197079E+01
 -0.185020E+01
 -0.172746E+01
 -0.160244E+01
 -0.147497E+01
 -0.134515E+01
 -0.121293E+01
 -0.107828E+01
 -0.940971E+00
 -0.800545E+00
 -0.657837E+00
 -0.512299E+00
 -0.364052E+00
 -0.213261E+00
 -0.599594E-01
  0.961952E-01
  0.255039E+00
  0.416431E+00
  0.580776E+00
  0.747772E+00
  0.917236E+00
  0.108969E+01
  0.126476E+01
  0.144222E+01
  0.162206E+01
  0.180407E+01
  0.198841E+01
  0.217511E+01
  0.236392E+01
  0.255522E+01
  0.274871E+01
  0.294379E+01
  0.314061E+01
  0.333863E+01
  0.353773E+01
  0.373803E+01
  0.393912E+01
  0.414058E+01
  0.434279E+01
  0.454539E+01
  0.474838E+01
  0.495183E+01
  0.515550E+01
  0.535925E+01
  0.556310E+01
  0.576678E+01
  0.597066E+01
  0.617418E+01
  0.637775E+01
  0.658146E+01
  0.678492E+01
  0.698844E+01
  0.719233E+01
  0.739586E+01
  0.760001E+01
  0.780418E+01
  0.800877E+01
  0.821377E+01
  0.841948E+01
  0.862562E+01
  0.883163E+01
  0.903744E+01
  0.924378E+01
  0.944997E+01
  0.965630E+01
  0.986185E+01
  0.100676E+02
  0.102731E+02
  0.104782E+02
  0.106822E+02
  0.108857E+02
  0.110883E+02
  0.112905E+02
  0.114915E+02
  0.116921E+02
  0.118919E+02
  0.120906E+02
  0.122877E+02
  0.124845E+02
  0.126803E+02
  0.128750E+02
  0.130675E+02
  0.132591E+02
  0.134498E+02
  0.136390E+02
  0.138260E+02
  0.140121E+02
  0.141962E+02
  0.143793E+02
  0.145602E+02
  0.147397E+02
  0.149181E+02
  0.150945E+02
  0.152687E+02
  0.154423E+02
  0.156134E+02
  0.157833E+02
  0.159511E+02
  0.161176E+02
  0.162825E+02
  0.164450E+02
  0.166050E+02
  0.167640E+02
  0.169208E+02
  0.170759E+02
  0.172283E+02
  0.173792E+02
  0.175286E+02
  0.176759E+02
  0.178198E+02
  0.179623E+02
  0.181026E+02
  0.182410E+02
  0.183767E+02
  0.185112E+02
  0.186439E+02
  0.187747E+02
  0.189024E+02
  0.190286E+02
  0.191524E+02
  0.192747E+02
  0.193943E+02
  0.195130E+02
  0.196303E+02
  0.197454E+02
  0.198579E+02
  0.199690E+02
  0.200770E+02
  0.201836E+02
  0.202871E+02
  0.203889E+02
  0.204885E+02
  0.205860E+02
  0.206802E+02
  0.207726E+02
  0.208619E+02
  0.209494E+02
  0.210336E+02
  0.211163E+02
  0.211969E+02
  0.212747E+02
  0.213496E+02
  0.214234E+02
  0.214941E+02
  0.215630E+02
  0.216284E+02
  0.216924E+02
  0.217548E+02
  0.218153E+02
  0.218725E+02
  0.219284E+02
  0.219819E+02
  0.220343E+02
  0.220839E+02
  0.221322E+02
  0.221795E+02
  0.222248E+02
  0.222670E+02
  0.223087E+02
  0.223483E+02
  0.223868E+02
  0.224225E+02
  0.224573E+02
  0.224907E+02
  0.225223E+02
  0.225513E+02
  0.225794E+02
  0.226055E+02
  0.226303E+02
  0.226521E+02
  0.226731E+02
  0.226928E+02
  0.227103E+02
  0.227254E+02
  0.227395E+02
  0.227509E+02
  0.227616E+02
  0.227695E+02
  0.227766E+02
  0.227819E+02
  0.227845E+02
  0.227840E+02
  0.227823E+02
  0.227780E+02
  0.227721E+02
  0.227627E+02
  0.227519E+02
  0.227387E+02
  0.227227E+02
  0.227022E+02
  0.226793E+02
  0.226526E+02
  0.226230E+02
  0.225886E+02
  0.225509E+02
  0.225094E+02
  0.224633E+02
  0.224122E+02
  0.223580E+02
  0.222990E+02
  0.222366E+02
  0.221689E+02
  0.220976E+02
  0.220219E+02
  0.219419E+02
  0.218569E+02
  0.217683E+02
  0.216748E+02
  0.215779E+02
  0.214762E+02
  0.213713E+02
  0.212624E+02
  0.211495E+02
  0.210320E+02
  0.209110E+02
  0.207858E+02
  0.206576E+02
  0.205246E+02
  0.203888E+02
  0.202500E+02
  0.201076E+02
  0.199608E+02
  0.198118E+02
  0.196589E+02
  0.195034E+02
  0.193442E+02
  0.191827E+02
  0.190183E+02
  0.188507E+02
  0.186793E+02
  0.185062E+02
  0.183298E+02
  0.181510E+02
  0.179691E+02
  0.177853E+02
  0.175995E+02
  0.174111E+02
  0.172194E+02
  0.170267E+02
  0.168318E+02
  0.166353E+02
  0.164364E+02
  0.162367E+02
  0.160357E+02
  0.158328E+02
  0.156280E+02
  0.154229E+02
  0.152164E+02
  0.150094E+02
  0.148012E+02
  0.145928E+02
  0.143838E+02
  0.141741E+02
  0.139635E+02
  0.137533E+02
  0.135424E+02
  0.133312E+02
  0.131190E+02
  0.129070E+02
  0.126945E+02
  0.124820E+02
  0.122687E+02
  0.120555E+02
  0.118416E+02
  0.116275E+02
  0.114129E+02
  0.111983E+02
  0.109836E+02
  0.107686E+02
  0.105526E+02
  0.103367E+02
  0.101203E+02
  0.990385E+01
  0.968666E+01
  0.946967E+01
  0.925336E+01
  0.903719E+01
  0.882052E+01
  0.860480E+01
  0.838950E+01
  0.817473E+01
  0.796008E+01
  0.774653E+01
  0.753408E+01
  0.732257E+01
  0.711141E+01
  0.690158E+01
  0.669343E+01
  0.648643E+01
  0.628037E+01
  0.607623E+01
  0.587286E+01
  0.567090E+01
  0.547018E+01
  0.527067E+01
  0.507209E+01
  0.487487E+01
  0.467912E+01
  0.448433E+01
  0.429066E+01
  0.409833E+01
  0.390690E+01
  0.371702E+01
  0.352831E+01
  0.334145E+01
  0.315599E+01
  0.297181E+01
  0.278963E+01
  0.260908E+01
  0.242961E+01
  0.225172E+01
  0.207606E+01
  0.190254E+01
  0.173041E+01
  0.156092E+01
  0.139402E+01
  0.122915E+01
  0.106681E+01
  0.906742E+00
  0.749634E+00
  0.595261E+00
  0.443039E+00
  0.294205E+00
  0.148159E+00
  0.499344E-02
 -0.134613E+00
 -0.271515E+00
 -0.405310E+00
 -0.535927E+00
 -0.663357E+00
 -0.787453E+00
 -0.908493E+00
 -0.102638E+01
 -0.114092E+01
 -0.125222E+01
 -0.136040E+01
 -0.146580E+01
 -0.156828E+01
 -0.166787E+01
 -0.176473E+01
 -0.185898E+01
 -0.194991E+01
 -0.203829E+01
 -0.212391E+01
 -0.220641E+01
 -0.228668E+01
 -0.236436E+01
 -0.243921E+01
 -0.251213E+01
 -0.258242E+01
 -0.265043E+01
 -0.271637E+01
 -0.278006E+01
 -0.284185E+01
 -0.290222E+01
 -0.296043E+01
 -0.301702E+01
 -0.307222E+01
 -0.312600E+01
 -0.317831E+01
 -0.322939E+01
 -0.327948E+01
 -0.332885E+01
 -0.337731E+01
 -0.342507E+01
 -0.347156E+01
 -0.351779E+01
 -0.356343E+01
 -0.360795E+01
 -0.365162E+01
 -0.369484E+01
 -0.373733E+01
 -0.377908E+01
 -0.382018E+01
 -0.386068E+01
 -0.389990E+01
 -0.393900E+01
 -0.397727E+01
 -0.401437E+01
 -0.405058E+01
 -0.408555E+01
 -0.411860E+01
 -0.415040E+01
 -0.418056E+01
 -0.420903E+01
 -0.423545E+01
 -0.425995E+01
 -0.428237E+01
 -0.430273E+01
 -0.432019E+01
 -0.433539E+01
 -0.434796E+01
 -0.435762E+01
 -0.436458E+01
 -0.436921E+01
 -0.437116E+01
 -0.437043E+01
 -0.436648E+01
 -0.435981E+01
 -0.434993E+01
 -0.433665E+01
 -0.431976E+01
 -0.430007E+01
 -0.427695E+01
 -0.425059E+01
 -0.422109E+01
 -0.418826E+01
 -0.415201E+01
 -0.411275E+01
 -0.406944E+01
 -0.402303E+01
 -0.397374E+01
 -0.392121E+01
 -0.386579E+01
 -0.380761E+01
 -0.374644E+01
 -0.368317E+01
 -0.361750E+01
 -0.354991E+01
 -0.348030E+01
 -0.340915E+01
 -0.333654E+01
 -0.326278E+01
 -0.318797E+01
 -0.311283E+01
 -0.303764E+01
 -0.296252E+01
 -0.288763E+01
 -0.281334E+01
 -0.273944E+01
 -0.266656E+01
 -0.259441E+01
 -0.252328E+01
 -0.245346E+01
 -0.238532E+01
 -0.231854E+01
 -0.225303E+01
 -0.218936E+01
 -0.212798E+01
 -0.206814E+01
 -0.201076E+01
 -0.195586E+01
 -0.190318E+01
 -0.185338E+01
 -0.180634E+01
 -0.176187E+01
 -0.172071E+01
 -0.168262E+01
 -0.164811E+01
 -0.161702E+01
 -0.158939E+01
 -0.156540E+01
 -0.154530E+01
 -0.152923E+01
 -0.151707E+01
 -0.150884E+01
 -0.150487E+01
 -0.150456E+01
 -0.150842E+01
 -0.151656E+01
 -0.152849E+01
 -0.154435E+01
 -0.156457E+01
 -0.158849E+01
 -0.161644E+01
 -0.164873E+01
 -0.168507E+01
 -0.172514E+01
 -0.176903E+01
 -0.181655E+01
 -0.186789E+01
 -0.192249E+01
 -0.198069E+01
 -0.204303E+01
 -0.210864E+01
 -0.217723E+01
 -0.224951E+01
 -0.232459E+01
 -0.240302E+01
 -0.248448E+01
 -0.256873E+01
 -0.265603E+01
 -0.274606E+01
 -0.283832E+01
 -0.293262E+01
 -0.302906E+01
 -0.312786E+01
 -0.322871E+01
 -0.333171E+01
 -0.343590E+01
 -0.354223E+01
 -0.365030E+01
 -0.375930E+01
 -0.386969E+01
 -0.398145E+01
 -0.409402E+01
 -0.420772E+01
 -0.432195E+01
 -0.443729E+01
 -0.455330E+01
 -0.466995E+01
 -0.478708E+01
 -0.490503E+01
 -0.502365E+01
 -0.514293E+01
 -0.526240E+01
 -0.538243E+01
 -0.550290E+01
 -0.562426E+01
 -0.574579E+01
 -0.586767E+01
 -0.599003E+01
 -0.611334E+01
 -0.623656E+01
 -0.636057E+01
 -0.648573E+01
 -0.661151E+01
 -0.673708E+01
 -0.686294E+01
 -0.698925E+01
 -0.711679E+01
 -0.724436E+01
 -0.737264E+01
 -0.750171E+01
 -0.763130E+01
 -0.776121E+01
 -0.789200E+01
 -0.802320E+01
 -0.815524E+01
 -0.828718E+01
 -0.842007E+01
 -0.855339E+01
 -0.868714E+01
 -0.882152E+01
 -0.895658E+01
 -0.909145E+01
 -0.922742E+01
 -0.936375E+01
 -0.950071E+01
 -0.963809E+01
 -0.977567E+01
 -0.991298E+01
 -0.100510E+02
 -0.101886E+02
 -0.103266E+02
 -0.104644E+02
 -0.106021E+02
 -0.107395E+02
 -0.108767E+02
 -0.110130E+02
 -0.111495E+02
 -0.112852E+02
 -0.114207E+02
 -0.115552E+02
 -0.116897E+02
 -0.118238E+02
 -0.119571E+02
 -0.120890E+02
 -0.122209E+02
 -0.123519E+02
 -0.124827E+02
 -0.126124E+02
 -0.127422E+02
 -0.128714E+02
 -0.129995E+02
 -0.131264E+02
 -0.132529E+02
 -0.133775E+02
 -0.135013E+02
 -0.136231E+02
 -0.137439E+02
 -0.138638E+02
 -0.139822E+02
 -0.140985E+02
 -0.142137E+02
 -0.143268E+02
 -0.144387E+02
 -0.145484E+02
 -0.146571E+02
 -0.147644E+02
 -0.148703E+02
 -0.149744E+02
 -0.150778E+02
 -0.151792E+02
 -0.152799E+02
 -0.153786E+02
 -0.154766E+02
 -0.155734E+02
 -0.156685E+02
 -0.157617E+02
 -0.158540E+02
 -0.159443E+02
 -0.160339E+02
 -0.161216E+02
 -0.162082E+02
 -0.162932E+02
 -0.163768E+02
 -0.164577E+02
 -0.165373E+02
 -0.166145E+02
 -0.166898E+02
 -0.167622E+02
 -0.168331E+02
 -0.169017E+02
 -0.169682E+02
 -0.170321E+02
 -0.170946E+02
 -0.171548E+02
 -0.172139E+02
 -0.172702E+02
 -0.173257E+02
 -0.173795E+02
 -0.174311E+02
 -0.174802E+02
 -0.175282E+02
 -0.175736E+02
 -0.176173E+02
 -0.176585E+02
 -0.176983E+02
 -0.177358E+02
 -0.177711E+02
 -0.178034E+02
 -0.178341E+02
 -0.178620E+02
 -0.178878E+02
 -0.179107E+02
 -0.179318E+02
 -0.179502E+02
 -0.179665E+02
 -0.179795E+02
 -0.179904E+02
 -0.179979E+02
 -0.180026E+02
 -0.180038E+02
 -0.180028E+02
 -0.179985E+02
 -0.179907E+02
 -0.179788E+02
 -0.179644E+02
 -0.179460E+02
 -0.179243E+02
 -0.178980E+02
 -0.178686E+02
 -0.178353E+02
 -0.177977E+02
 -0.177556E+02
 -0.177108E+02
 -0.176620E+02
 -0.176101E+02
 -0.175539E+02
 -0.174949E+02
 -0.174324E+02
 -0.173656E+02
 -0.172953E+02
 -0.172229E+02
 -0.171466E+02
 -0.170676E+02
 -0.169846E+02
 -0.168996E+02
 -0.168118E+02
 -0.167207E+02
 -0.166257E+02
 -0.165286E+02
 -0.164278E+02
 -0.163244E+02
 -0.162179E+02
 -0.161095E+02
 -0.159988E+02
 -0.158858E+02
 -0.157695E+02
 -0.156520E+02
 -0.155314E+02
 -0.154095E+02
 -0.152856E+02
 -0.151606E+02
 -0.150344E+02
 -0.149070E+02
 -0.147777E+02
 -0.146472E+02
 -0.145150E+02
 -0.143822E+02
 -0.142473E+02
 -0.141121E+02
 -0.139760E+02
 -0.138391E+02
 -0.137008E+02
 -0.135617E+02
 -0.134214E+02
 -0.132809E+02
 -0.131392E+02
 -0.129967E+02
 -0.128531E+02
 -0.127092E+02
 -0.125637E+02
 -0.124180E+02
 -0.122715E+02
 -0.121247E+02
 -0.119769E+02
 -0.118290E+02
 -0.116804E+02
 -0.115313E+02
 -0.113805E+02
 -0.112301E+02
 -0.110788E+02
 -0.109269E+02
 -0.107739E+02
 -0.106206E+02
 -0.104668E+02
 -0.103126E+02
 -0.101575E+02
 -0.100020E+02
 -0.984547E+01
 -0.968918E+01
 -0.953209E+01
 -0.937482E+01
 -0.921713E+01
 -0.905891E+01
 -0.889958E+01
 -0.874010E+01
 -0.857978E+01
 -0.841935E+01
 -0.825839E+01
 -0.809744E+01
 -0.793614E+01
 -0.777446E+01
 -0.761194E+01
 -0.744946E+01
 -0.728612E+01
 -0.712261E+01
 -0.695827E+01
 -0.679346E+01
 -0.662770E+01
 -0.646097E+01
 -0.629329E+01
 -0.612530E+01
 -0.595628E+01
 -0.578696E+01
 -0.561665E+01
 -0.544589E+01
 -0.527464E+01
 -0.510240E+01
 -0.492898E+01
 -0.475541E+01
 -0.458127E+01
 -0.440716E+01
 -0.423233E+01
 -0.405751E+01
 -0.388237E+01
 -0.370661E+01
 -0.353030E+01
 -0.335389E+01
 -0.317750E+01
 -0.300125E+01
 -0.282479E+01
 -0.264842E+01
 -0.247185E+01
 -0.229593E+01
 -0.212026E+01
 -0.194502E+01
 -0.177018E+01
 -0.159603E+01
 -0.142245E+01
 -0.124954E+01
 -0.107773E+01
 -0.907671E+00
 -0.739187E+00
 -0.572096E+00
 -0.406086E+00
 -0.241896E+00
 -0.793457E-01
  0.816345E-01
  0.241093E+00
  0.398563E+00
  0.553513E+00
  0.706493E+00
  0.857679E+00
  0.100649E+01
  0.115313E+01
  0.129715E+01
  0.143878E+01
  0.157740E+01
  0.171261E+01
  0.184534E+01
  0.197503E+01
  0.210129E+01
  0.222426E+01
  0.234413E+01
  0.246143E+01
  0.257590E+01
  0.268764E+01
  0.279700E+01
  0.290381E+01
  0.300817E+01
  0.311025E+01
  0.321012E+01
  0.330785E+01
  0.340353E+01
  0.349738E+01
  0.358989E+01
  0.368031E+01
  0.376880E+01
  0.385570E+01
  0.394078E+01
  0.402444E+01
  0.410623E+01
  0.418613E+01
  0.426526E+01
  0.434283E+01
  0.441860E+01
  0.449258E+01
  0.456548E+01
  0.463710E+01
  0.470700E+01
  0.477554E+01
  0.484315E+01
  0.491004E+01
  0.497571E+01
  0.504002E+01
  0.510412E+01
  0.516743E+01
  0.522993E+01
  0.529166E+01
  0.535275E+01
  0.541324E+01
  0.547265E+01
  0.553097E+01
  0.558910E+01
  0.564638E+01
  0.570262E+01
  0.575708E+01
  0.581038E+01
  0.586468E+01
  0.591764E+01
  0.596636E+01
  0.601566E+01
  0.606490E+01
  0.611043E+01
  0.615537E+01
  0.620068E+01
  0.624310E+01
  0.628410E+01
  0.632548E+01
  0.636611E+01
  0.640492E+01
  0.644322E+01
  0.648111E+01
  0.651768E+01
  0.655300E+01
  0.658922E+01
  0.662531E+01
  0.666034E+01
  0.669626E+01
  0.673285E+01
  0.676734E+01
  0.680216E+01
  0.683801E+01
  0.687324E+01
  0.690760E+01
  0.694223E+01
  0.697718E+01
  0.701117E+01
  0.704427E+01
  0.707799E+01
  0.711138E+01
  0.714520E+01
  0.717921E+01
  0.721338E+01
  0.724803E+01
  0.728292E+01
  0.731794E+01
  0.735371E+01
  0.739010E+01
  0.742748E+01
  0.746512E+01
  0.750391E+01
  0.754395E+01
  0.758475E+01
  0.762644E+01
  0.766989E+01
  0.771487E+01
  0.776113E+01
  0.780842E+01
  0.785806E+01
  0.790943E+01
  0.796231E+01
  0.801732E+01
  0.807487E+01
  0.813423E+01
  0.819589E+01
  0.825996E+01
  0.832695E+01
  0.839678E+01
  0.846962E+01
  0.854446E+01
  0.862188E+01
  0.870189E+01
  0.878397E+01
  0.886802E+01
  0.895477E+01
  0.904315E+01
  0.913337E+01
  0.922489E+01
  0.931814E+01
  0.941357E+01
  0.951081E+01
  0.960905E+01
  0.970961E+01
  0.981193E+01
  0.991572E+01
  0.100206E+02
  0.101272E+02
  0.102352E+02
  0.103448E+02
  0.104557E+02
  0.105686E+02
  0.106830E+02
  0.107991E+02
  0.109167E+02
  0.110367E+02
  0.111580E+02
  0.112811E+02
  0.114055E+02
  0.115323E+02
  0.116610E+02
  0.117915E+02
  0.119236E+02
  0.120576E+02
  0.121933E+02
  0.123309E+02
  0.124696E+02
  0.126107E+02
  0.127538E+02
  0.128987E+02
  0.130455E+02
  0.131953E+02
  0.133472E+02
  0.135017E+02
  0.136579E+02
  0.138169E+02
  0.139789E+02
  0.141429E+02
  0.143088E+02
  0.144781E+02
  0.146495E+02
  0.148235E+02
  0.149992E+02
  0.151781E+02
  0.153593E+02
  0.155424E+02
  0.157272E+02
  0.159150E+02
  0.161042E+02
  0.162956E+02
  0.164886E+02
  0.166843E+02
  0.168823E+02
  0.170822E+02
  0.172833E+02
  0.174873E+02
  0.176932E+02
  0.179014E+02
  0.181113E+02
  0.183243E+02
  0.185398E+02
  0.187575E+02
  0.189768E+02
  0.191993E+02
  0.194236E+02
  0.196511E+02
  0.198805E+02
  0.201123E+02
  0.203468E+02
  0.205831E+02
  0.208206E+02
  0.210608E+02
  0.213022E+02
  0.215456E+02
  0.217894E+02
  0.220352E+02
  0.222831E+02
  0.225317E+02
  0.227805E+02
  0.230314E+02
  0.232824E+02
  0.235346E+02
  0.237864E+02
  0.240401E+02
  0.242950E+02
  0.245501E+02
  0.248053E+02
  0.250621E+02
  0.253191E+02
  0.255778E+02
  0.258364E+02
  0.260965E+02
  0.263570E+02
  0.266178E+02
  0.268780E+02
  0.271394E+02
  0.274010E+02
  0.276635E+02
  0.279249E+02
  0.281874E+02
  0.284503E+02
  0.287129E+02
  0.289741E+02
  0.292364E+02
  0.294975E+02
  0.297589E+02
  0.300193E+02
  0.302802E+02
  0.305409E+02
  0.308009E+02
  0.310589E+02
  0.313177E+02
  0.315746E+02
  0.318311E+02
  0.320857E+02
  0.323404E+02
  0.325948E+02
  0.328476E+02
  0.330981E+02
  0.333490E+02
  0.335978E+02
  0.338463E+02
  0.340916E+02
  0.343362E+02
  0.345798E+02
  0.348218E+02
  0.350607E+02
  0.352998E+02
  0.355366E+02
  0.357726E+02
  0.360059E+02
  0.362389E+02
  0.364711E+02
  0.367017E+02
  0.369297E+02
  0.371581E+02
  0.373843E+02
  0.376099E+02
  0.378330E+02
  0.380563E+02
  0.382782E+02
  0.384984E+02
  0.387153E+02
  0.389320E+02
  0.391461E+02
  0.393597E+02
  0.395697E+02
  0.397793E+02
  0.399866E+02
  0.401908E+02
  0.403912E+02
  0.405903E+02
  0.407850E+02
  0.409773E+02
  0.411648E+02
  0.413509E+02
  0.415331E+02
  0.417111E+02
  0.418839E+02
  0.420541E+02
  0.422189E+02
  0.423803E+02
  0.425353E+02
  0.426875E+02
  0.428358E+02
  0.429784E+02
  0.431144E+02
  0.432469E+02
  0.433735E+02
  0.434963E+02
  0.436120E+02
  0.437245E+02
  0.438324E+02
  0.439351E+02
  0.440307E+02
  0.441229E+02
  0.442092E+02
  0.442913E+02
  0.443668E+02
  0.444388E+02
  0.445058E+02
  0.445673E+02
  0.446217E+02
  0.446728E+02
  0.447172E+02
  0.447575E+02
  0.447909E+02
  0.448209E+02
  0.448459E+02
  0.448649E+02
  0.448765E+02
  0.448847E+02
  0.448865E+02
  0.448840E+02
  0.448747E+02
  0.448625E+02
  0.448454E+02
  0.448227E+02
  0.447937E+02
  0.447616E+02
  0.447234E+02
  0.446818E+02
  0.446343E+02
  0.445843E+02
  0.445307E+02
  0.444725E+02
  0.444081E+02
  0.443421E+02
  0.442709E+02
  0.441966E+02
  0.441166E+02
  0.440349E+02
  0.439498E+02
  0.438604E+02
  0.437654E+02
  0.436689E+02
  0.435679E+02
  0.434642E+02
  0.433552E+02
  0.432444E+02
  0.431306E+02
  0.430140E+02
  0.428924E+02
  0.427697E+02
  0.426429E+02
  0.425142E+02
  0.423812E+02
  0.422472E+02
  0.421119E+02
  0.419739E+02
  0.418319E+02
  0.416897E+02
  0.415438E+02
  0.413964E+02
  0.412453E+02
  0.410933E+02
  0.409388E+02
  0.407816E+02
  0.406209E+02
  0.404597E+02
  0.402949E+02
  0.401289E+02
  0.399589E+02
  0.397883E+02
  0.396155E+02
  0.394405E+02
  0.392621E+02
  0.390828E+02
  0.389002E+02
  0.387165E+02
  0.385294E+02
  0.383416E+02
  0.381515E+02
  0.379588E+02
  0.377623E+02
  0.375652E+02
  0.373648E+02
  0.371633E+02
  0.369587E+02
  0.367540E+02
  0.365479E+02
  0.363402E+02
  0.361299E+02
  0.359195E+02
  0.357070E+02
  0.354945E+02
  0.352797E+02
  0.350654E+02
  0.348502E+02
  0.346346E+02
  0.344172E+02
  0.342000E+02
  0.339811E+02
  0.337621E+02
  0.335415E+02
  0.333221E+02
  0.331017E+02
  0.328801E+02
  0.326571E+02
  0.324347E+02
  0.322104E+02
  0.319861E+02
  0.317602E+02
  0.315344E+02
  0.313076E+02
  0.310802E+02
  0.308507E+02
  0.306218E+02
  0.303913E+02
  0.301608E+02
  0.299284E+02
  0.296966E+02
  0.294649E+02
  0.292322E+02
  0.289976E+02
  0.287642E+02
  0.285303E+02
  0.282970E+02
  0.280630E+02
  0.278309E+02
  0.275993E+02
  0.273685E+02
  0.271376E+02
  0.269090E+02
  0.266811E+02
  0.264556E+02
  0.262313E+02
  0.260100E+02
  0.257908E+02
  0.255744E+02
  0.253601E+02
  0.251494E+02
  0.249413E+02
  0.247370E+02
  0.245351E+02
  0.243374E+02
  0.241431E+02
  0.239522E+02
  0.237642E+02
  0.235811E+02
  0.234007E+02
  0.232248E+02
  0.230517E+02
  0.228831E+02
  0.227183E+02
  0.225570E+02
  0.223988E+02
  0.222452E+02
  0.220945E+02
  0.219479E+02
  0.218038E+02
  0.216640E+02
  0.215276E+02
  0.213947E+02
  0.212640E+02
  0.211371E+02
  0.210126E+02
  0.208916E+02
  0.207729E+02
  0.206570E+02
  0.205435E+02
  0.204324E+02
  0.203222E+02
  0.202150E+02
  0.201093E+02
  0.200060E+02
  0.199031E+02
  0.198020E+02
  0.197021E+02
  0.196033E+02
  0.195050E+02
  0.194079E+02
  0.193108E+02
  0.192153E+02
  0.191197E+02
  0.190256E+02
  0.189318E+02
  0.188382E+02
  0.187444E+02
  0.186519E+02
  0.185591E+02
  0.184665E+02
  0.183736E+02
  0.182817E+02
  0.181892E+02
  0.180967E+02
  0.180032E+02
  0.179101E+02
  0.178160E+02
  0.177219E+02
  0.176263E+02
  0.175304E+02
  0.174338E+02
  0.173356E+02
  0.172361E+02
  0.171365E+02
  0.170349E+02
  0.169332E+02
  0.168291E+02
  0.167245E+02
  0.166192E+02
  0.165123E+02
  0.164038E+02
  0.162948E+02
  0.161841E+02
  0.160729E+02
  0.159603E+02
  0.158468E+02
  0.157323E+02
  0.156168E+02
  0.154990E+02
  0.153811E+02
  0.152613E+02
  0.151399E+02
  0.150168E+02
  0.148924E+02
  0.147661E+02
  0.146376E+02
  0.145059E+02
  0.143723E+02
  0.142355E+02
  0.140961E+02
  0.139542E+02
  0.138104E+02
  0.136635E+02
  0.135144E+02
  0.133622E+02
  0.132075E+02
  0.130497E+02
  0.128896E+02
  0.127264E+02
  0.125612E+02
  0.123932E+02
  0.122222E+02
  0.120480E+02
  0.118718E+02
  0.116926E+02
  0.115107E+02
  0.113251E+02
  0.111368E+02
  0.109458E+02
  0.107516E+02
  0.105548E+02
  0.103555E+02
  0.101527E+02
  0.994766E+01
  0.973917E+01
  0.952876E+01
  0.931561E+01
  0.909928E+01
  0.888073E+01
  0.865972E+01
  0.843564E+01
  0.820899E+01
  0.797934E+01
  0.774780E+01
  0.751296E+01
  0.727522E+01
  0.703442E+01
  0.679127E+01
  0.654556E+01
  0.629707E+01
  0.604569E+01
  0.579197E+01
  0.553559E+01
  0.527603E+01
  0.501316E+01
  0.474755E+01
  0.447879E+01
  0.420747E+01
  0.393267E+01
  0.365504E+01
  0.337441E+01
  0.309097E+01
  0.280477E+01
  0.251562E+01
  0.222390E+01
  0.192933E+01
  0.163226E+01
  0.133319E+01
  0.103168E+01
  0.728445E+00
  0.423449E+00
  0.117401E+00
 -0.190343E+00
 -0.499885E+00
 -0.810568E+00
 -0.112283E+01
 -0.143619E+01
 -0.175069E+01
 -0.206633E+01
 -0.238326E+01
 -0.270119E+01
 -0.302000E+01
 -0.333987E+01
 -0.366080E+01
 -0.398301E+01
 -0.430604E+01
 -0.462957E+01
 -0.495424E+01
 -0.527911E+01
 -0.560509E+01
 -0.593116E+01
 -0.625763E+01
 -0.658505E+01
 -0.691194E+01
 -0.723890E+01
 -0.756643E+01
 -0.789330E+01
 -0.822030E+01
 -0.854632E+01
 -0.887236E+01
 -0.919824E+01
 -0.952360E+01
 -0.984813E+01
 -0.101721E+02
 -0.104953E+02
 -0.108179E+02
 -0.111397E+02
 -0.114609E+02
 -0.117808E+02
 -0.120997E+02
 -0.124169E+02
 -0.127333E+02
 -0.130479E+02
 -0.133607E+02
 -0.136714E+02
 -0.139806E+02
 -0.142877E+02
 -0.145922E+02
 -0.148932E+02
 -0.151920E+02
 -0.154870E+02
 -0.157791E+02
 -0.160671E+02
 -0.163526E+02
 -0.166350E+02
 -0.169137E+02
 -0.171878E+02
 -0.174585E+02
 -0.177254E+02
 -0.179891E+02
 -0.182479E+02
 -0.185042E+02
 -0.187569E+02
 -0.190053E+02
 -0.192495E+02
 -0.194906E+02
 -0.197279E+02
 -0.199623E+02
 -0.201919E+02
 -0.204191E+02
 -0.206431E+02
 -0.208633E+02
 -0.210796E+02
 -0.212938E+02
 -0.215042E+02
 -0.217122E+02
 -0.219162E+02
 -0.221180E+02
 -0.223173E+02
 -0.225131E+02
 -0.227051E+02
 -0.228957E+02
 -0.230819E+02
 -0.232661E+02
 -0.234468E+02
 -0.236247E+02
 -0.238003E+02
 -0.239725E+02
 -0.241402E+02
 -0.243061E+02
 -0.244685E+02
 -0.246283E+02
 -0.247840E+02
 -0.249371E+02
 -0.250872E+02
 -0.252342E+02
 -0.253771E+02
 -0.255177E+02
 -0.256546E+02
 -0.257891E+02
 -0.259193E+02
 -0.260472E+02
 -0.261728E+02
 -0.262956E+02
 -0.264145E+02
 -0.265321E+02
 -0.266467E+02
 -0.267593E+02
 -0.268680E+02
 -0.269750E+02
 -0.270799E+02
 -0.271816E+02
 -0.272795E+02
 -0.273761E+02
 -0.274696E+02
 -0.275612E+02
 -0.276490E+02
 -0.277354E+02
 -0.278197E+02
 -0.279011E+02
 -0.279791E+02
 -0.280558E+02
 -0.281293E+02
 -0.282011E+02
 -0.282693E+02
 -0.283370E+02
 -0.284025E+02
 -0.284654E+02
 -0.285256E+02
 -0.285845E+02
 -0.286401E+02
 -0.286950E+02
 -0.287475E+02
 -0.287992E+02
 -0.288494E+02
 -0.288982E+02
 -0.289443E+02
 -0.289905E+02
 -0.290347E+02
 -0.290787E+02
 -0.291213E+02
 -0.291643E+02
 -0.292069E+02
 -0.292492E+02
 -0.292901E+02
 -0.293322E+02
 -0.293736E+02
 -0.294163E+02
 -0.294585E+02
 -0.295020E+02
 -0.295468E+02
 -0.295920E+02
 -0.296364E+02
 -0.296829E+02
 -0.297293E+02
 -0.297775E+02
 -0.298254E+02
 -0.298755E+02
 -0.299272E+02
 -0.299796E+02
 -0.300311E+02
 -0.300841E+02
 -0.301372E+02
 -0.301917E+02
 -0.302453E+02
 -0.303007E+02
 -0.303563E+02
 -0.304116E+02
 -0.304659E+02
 -0.305216E+02
 -0.305763E+02
 -0.306312E+02
 -0.306849E+02
 -0.307392E+02
 -0.307930E+02
 -0.308464E+02
 -0.308976E+02
 -0.309491E+02
 -0.309994E+02
 -0.310497E+02
 -0.310972E+02
 -0.311449E+02
 -0.311922E+02
 -0.312377E+02
 -0.312804E+02
 -0.313238E+02
 -0.313652E+02
 -0.314061E+02
 -0.314440E+02
 -0.314818E+02
 -0.315188E+02
 -0.315539E+02
 -0.315864E+02
 -0.316191E+02
 -0.316495E+02
 -0.316797E+02
 -0.317076E+02
 -0.317357E+02
 -0.317627E+02
 -0.317878E+02
 -0.318107E+02
 -0.318339E+02
 -0.318548E+02
 -0.318754E+02
 -0.318928E+02
 -0.319092E+02
 -0.319248E+02
 -0.319391E+02
 -0.319500E+02
 -0.319602E+02
 -0.319677E+02
 -0.319742E+02
 -0.319783E+02
 -0.319823E+02
 -0.319849E+02
 -0.319855E+02
 -0.319835E+02
 -0.319820E+02
 -0.319786E+02
 -0.319739E+02
 -0.319663E+02
 -0.319595E+02
 -0.319523E+02
 -0.319446E+02
 -0.319347E+02
 -0.319246E+02
 -0.319131E+02
 -0.319025E+02
 -0.318898E+02
 -0.318781E+02
 -0.318663E+02
 -0.318536E+02
 -0.318390E+02
 -0.318248E+02
 -0.318090E+02
 -0.317939E+02
 -0.317767E+02
 -0.317598E+02
 -0.317421E+02
 -0.317232E+02
 -0.317021E+02
 -0.316812E+02
 -0.316584E+02
 -0.316358E+02
 -0.316109E+02
 -0.315867E+02
 -0.315622E+02
 -0.315366E+02
 -0.315086E+02
 -0.314813E+02
 -0.314519E+02
 -0.314221E+02
 -0.313905E+02
 -0.313590E+02
 -0.313263E+02
 -0.312924E+02
 -0.312557E+02
 -0.312192E+02
 -0.311805E+02
 -0.311405E+02
 -0.310976E+02
 -0.310542E+02
 -0.310094E+02
 -0.309622E+02
 -0.309116E+02
 -0.308607E+02
 -0.308072E+02
 -0.307524E+02
 -0.306944E+02
 -0.306356E+02
 -0.305752E+02
 -0.305129E+02
 -0.304469E+02
 -0.303803E+02
 -0.303110E+02
 -0.302403E+02
 -0.301662E+02
 -0.300912E+02
 -0.300140E+02
 -0.299343E+02
 -0.298510E+02
 -0.297658E+02
 -0.296771E+02
 -0.295866E+02
 -0.294922E+02
 -0.293962E+02
 -0.292980E+02
 -0.291966E+02
 -0.290906E+02
 -0.289829E+02
 -0.288713E+02
 -0.287573E+02
 -0.286392E+02
 -0.285191E+02
 -0.283964E+02
 -0.282708E+02
 -0.281410E+02
 -0.280097E+02
 -0.278750E+02
 -0.277387E+02
 -0.275989E+02
 -0.274581E+02
 -0.273154E+02
 -0.271703E+02
 -0.270215E+02
 -0.268722E+02
 -0.267208E+02
 -0.265685E+02
 -0.264139E+02
 -0.262589E+02
 -0.261026E+02
 -0.259449E+02
 -0.257849E+02
 -0.256254E+02
 -0.254646E+02
 -0.253041E+02
 -0.251424E+02
 -0.249815E+02
 -0.248208E+02
 -0.246602E+02
 -0.244985E+02
 -0.243389E+02
 -0.241794E+02
 -0.240205E+02
 -0.238615E+02
 -0.237047E+02
 -0.235489E+02
 -0.233940E+02
 -0.232393E+02
 -0.230873E+02
 -0.229362E+02
 -0.227871E+02
 -0.226389E+02
 -0.224935E+02
 -0.223504E+02
 -0.222095E+02
 -0.220696E+02
 -0.219329E+02
 -0.217986E+02
 -0.216677E+02
 -0.215389E+02
 -0.214145E+02
 -0.212940E+02
 -0.211764E+02
 -0.210617E+02
 -0.209518E+02
 -0.208447E+02
 -0.207417E+02
 -0.206416E+02
 -0.205463E+02
 -0.204552E+02
 -0.203678E+02
 -0.202832E+02
 -0.202030E+02
 -0.201259E+02
 -0.200534E+02
 -0.199843E+02
 -0.199197E+02
 -0.198589E+02
 -0.198014E+02
 -0.197463E+02
 -0.196956E+02
 -0.196480E+02
 -0.196042E+02
 -0.195631E+02
 -0.195261E+02
 -0.194924E+02
 -0.194621E+02
 -0.194338E+02
 -0.194087E+02
 -0.193865E+02
 -0.193683E+02
 -0.193516E+02
 -0.193386E+02
 -0.193288E+02
 -0.193216E+02
 -0.193161E+02
 -0.193138E+02
 -0.193136E+02
 -0.193162E+02
 -0.193204E+02
 -0.193281E+02
 -0.193386E+02
 -0.193511E+02
 -0.193651E+02
 -0.193825E+02
 -0.194016E+02
 -0.194231E+02
 -0.194453E+02
 -0.194703E+02
 -0.194981E+02
 -0.195279E+02
 -0.195590E+02
 -0.195930E+02
 -0.196282E+02
 -0.196652E+02
 -0.197029E+02
 -0.197430E+02
 -0.197849E+02
 -0.198280E+02
 -0.198712E+02
 -0.199165E+02
 -0.199625E+02
 -0.200097E+02
 -0.200567E+02
 -0.201054E+02
 -0.201548E+02
 -0.202044E+02
 -0.202538E+02
 -0.203048E+02
 -0.203558E+02
 -0.204075E+02
 -0.204588E+02
 -0.205114E+02
 -0.205635E+02
 -0.206151E+02
 -0.206660E+02
 -0.207176E+02
 -0.207680E+02
 -0.208184E+02
 -0.208674E+02
 -0.209161E+02
 -0.209633E+02
 -0.210090E+02
 -0.210527E+02
 -0.210956E+02
 -0.211363E+02
 -0.211762E+02
 -0.212135E+02
 -0.212504E+02
 -0.212856E+02
 -0.213188E+02
 -0.213496E+02
 -0.213799E+02
 -0.214076E+02
 -0.214346E+02
 -0.214589E+02
 -0.214826E+02
 -0.215054E+02
 -0.215265E+02
 -0.215447E+02
 -0.215625E+02
 -0.215786E+02
 -0.215934E+02
 -0.216053E+02
 -0.216170E+02
 -0.216273E+02
 -0.216357E+02
 -0.216418E+02
 -0.216471E+02
 -0.216502E+02
 -0.216522E+02
 -0.216518E+02
 -0.216503E+02
 -0.216476E+02
 -0.216441E+02
 -0.216383E+02
 -0.216317E+02
 -0.216229E+02
 -0.216135E+02
 -0.216015E+02
 -0.215885E+02
 -0.215738E+02
 -0.215573E+02
 -0.215385E+02
 -0.215189E+02
 -0.214972E+02
 -0.214742E+02
 -0.214482E+02
 -0.214217E+02
 -0.213934E+02
 -0.213624E+02
 -0.213284E+02
 -0.212934E+02
 -0.212565E+02
 -0.212175E+02
 -0.211753E+02
 -0.211323E+02
 -0.210874E+02
 -0.210404E+02
 -0.209909E+02
 -0.209407E+02
 -0.208878E+02
 -0.208338E+02
 -0.207777E+02
 -0.207211E+02
 -0.206628E+02
 -0.206028E+02
 -0.205407E+02
 -0.204782E+02
 -0.204141E+02
 -0.203493E+02
 -0.202829E+02
 -0.202170E+02
 -0.201497E+02
 -0.200812E+02
 -0.200115E+02
 -0.199416E+02
 -0.198700E+02
 -0.197982E+02
 -0.197246E+02
 -0.196511E+02
 -0.195768E+02
 -0.195012E+02
 -0.194242E+02
 -0.193471E+02
 -0.192682E+02
 -0.191893E+02
 -0.191087E+02
 -0.190285E+02
 -0.189472E+02
 -0.188645E+02
 -0.187808E+02
 -0.186972E+02
 -0.186122E+02
 -0.185270E+02
 -0.184403E+02
 -0.183538E+02
 -0.182673E+02
 -0.181801E+02
 -0.180915E+02
 -0.180035E+02
 -0.179143E+02
 -0.178255E+02
 -0.177359E+02
 -0.176466E+02
 -0.175573E+02
 -0.174672E+02
 -0.173754E+02
 -0.172838E+02
 -0.171910E+02
 -0.170980E+02
 -0.170037E+02
 -0.169099E+02
 -0.168161E+02
 -0.167214E+02
 -0.166252E+02
 -0.165288E+02
 -0.164314E+02
 -0.163341E+02
 -0.162350E+02
 -0.161361E+02
 -0.160372E+02
 -0.159376E+02
 -0.158370E+02
 -0.157366E+02
 -0.156350E+02
 -0.155335E+02
 -0.154308E+02
 -0.153283E+02
 -0.152261E+02
 -0.151233E+02
 -0.150195E+02
 -0.149163E+02
 -0.148125E+02
 -0.147089E+02
 -0.146039E+02
 -0.144992E+02
 -0.143941E+02
 -0.142883E+02
 -0.141817E+02
 -0.140747E+02
 -0.139661E+02
 -0.138575E+02
 -0.137472E+02
 -0.136367E+02
 -0.135253E+02
 -0.134124E+02
 -0.132976E+02
 -0.131820E+02
 -0.130657E+02
 -0.129488E+02
 -0.128299E+02
 -0.127108E+02
 -0.125905E+02
 -0.124687E+02
 -0.123458E+02
 -0.122219E+02
 -0.120967E+02
 -0.119708E+02
 -0.118423E+02
 -0.117132E+02
 -0.115828E+02
 -0.114505E+02
 -0.113163E+02
 -0.111813E+02
 -0.110440E+02
 -0.109055E+02
 -0.107650E+02
 -0.106231E+02
 -0.104797E+02
 -0.103341E+02
 -0.101865E+02
 -0.100379E+02
 -0.988711E+01
 -0.973528E+01
 -0.958128E+01
 -0.942627E+01
 -0.927029E+01
 -0.911265E+01
 -0.895335E+01
 -0.879360E+01
 -0.863266E+01
 -0.847133E+01
 -0.830905E+01
 -0.814620E+01
 -0.798284E+01
 -0.781898E+01
 -0.765391E+01
 -0.748892E+01
 -0.732346E+01
 -0.715773E+01
 -0.699110E+01
 -0.682496E+01
 -0.665896E+01
 -0.649218E+01
 -0.632506E+01
 -0.615826E+01
 -0.599068E+01
 -0.582318E+01
 -0.565546E+01
 -0.548811E+01
 -0.532034E+01
 -0.515204E+01
 -0.498384E+01
 -0.481565E+01
 -0.464668E+01
 -0.447773E+01
 -0.430799E+01
 -0.413833E+01
 -0.396889E+01
 -0.379950E+01
 -0.362998E+01
 -0.346089E+01
 -0.329207E+01
 -0.312382E+01
 -0.295606E+01
 -0.278918E+01
 -0.262314E+01
 -0.245823E+01
 -0.229400E+01
 -0.213095E+01
 -0.196904E+01
 -0.180792E+01
 -0.164764E+01
 -0.148866E+01
 -0.133038E+01
 -0.117279E+01
 -0.101576E+01
 -0.859822E+00
 -0.704715E+00
 -0.550335E+00
 -0.396863E+00
 -0.244368E+00
 -0.921721E-01
  0.596962E-01
  0.210940E+00
  0.361774E+00
  0.511957E+00
  0.660942E+00
  0.809096E+00
  0.956329E+00
  0.110255E+01
  0.124775E+01
  0.139209E+01
  0.153549E+01
  0.167814E+01
  0.182016E+01
  0.196130E+01
  0.210136E+01
  0.224014E+01
  0.237769E+01
  0.251437E+01
  0.265014E+01
  0.278473E+01
  0.291873E+01
  0.305187E+01
  0.318335E+01
  0.331383E+01
  0.344312E+01
  0.357035E+01
  0.369636E+01
  0.382109E+01
  0.394481E+01
  0.406731E+01
  0.418822E+01
  0.430817E+01
  0.442694E+01
  0.454385E+01
  0.465947E+01
  0.477399E+01
  0.488782E+01
  0.500029E+01
  0.511207E+01
  0.522365E+01
  0.533437E+01
  0.544433E+01
  0.555396E+01
  0.566258E+01
  0.577063E+01
  0.587785E+01
  0.598472E+01
  0.609114E+01
  0.619666E+01
  0.630137E+01
  0.640565E+01
  0.650885E+01
  0.661107E+01
  0.671162E+01
  0.681139E+01
  0.691039E+01
  0.700815E+01
  0.710457E+01
  0.719980E+01
  0.729386E+01
  0.738704E+01
  0.747852E+01
  0.756907E+01
  0.765856E+01
  0.774724E+01
  0.783460E+01
  0.792067E+01
  0.800581E+01
  0.809063E+01
  0.817446E+01
  0.825764E+01
  0.834001E+01
  0.842169E+01
  0.850216E+01
  0.858198E+01
  0.866062E+01
  0.873866E+01
  0.881591E+01
  0.889256E+01
  0.896823E+01
  0.904254E+01
  0.911538E+01
  0.918731E+01
  0.925760E+01
  0.932666E+01
  0.939425E+01
  0.946113E+01
  0.952668E+01
  0.959088E+01
  0.965275E+01
  0.971306E+01
  0.977176E+01
  0.982868E+01
  0.988362E+01
  0.993715E+01
  0.998909E+01
  0.100398E+02
  0.100883E+02
  0.101355E+02
  0.101809E+02
  0.102245E+02
  0.102661E+02
  0.103063E+02
  0.103455E+02
  0.103838E+02
  0.104200E+02
  0.104553E+02
  0.104893E+02
  0.105217E+02
  0.105518E+02
  0.105806E+02
  0.106080E+02
  0.106339E+02
  0.106580E+02
  0.106809E+02
  0.107016E+02
  0.107214E+02
  0.107394E+02
  0.107561E+02
  0.107711E+02
  0.107843E+02
  0.107955E+02
  0.108058E+02
  0.108149E+02
  0.108232E+02
  0.108297E+02
  0.108356E+02
  0.108400E+02
  0.108428E+02
  0.108442E+02
  0.108445E+02
  0.108435E+02
  0.108419E+02
  0.108394E+02
  0.108365E+02
  0.108323E+02
  0.108271E+02
  0.108200E+02
  0.108116E+02
  0.108016E+02
  0.107903E+02
  0.107771E+02
  0.107627E+02
  0.107470E+02
  0.107296E+02
  0.107097E+02
  0.106882E+02
  0.106643E+02
  0.106388E+02
  0.106109E+02
  0.105811E+02
  0.105500E+02
  0.105170E+02
  0.104816E+02
  0.104444E+02
  0.104046E+02
  0.103630E+02
  0.103190E+02
  0.102729E+02
  0.102248E+02
  0.101747E+02
  0.101221E+02
  0.100681E+02
  0.100118E+02
  0.995350E+01
  0.989292E+01
  0.983060E+01
  0.976624E+01
  0.969967E+01
  0.963073E+01
  0.956039E+01
  0.948814E+01
  0.941425E+01
  0.933809E+01
  0.926006E+01
  0.918021E+01
  0.909826E+01
  0.901396E+01
  0.892846E+01
  0.884091E+01
  0.875218E+01
  0.866153E+01
  0.856857E+01
  0.847393E+01
  0.837756E+01
  0.827865E+01
  0.817824E+01
  0.807563E+01
  0.797117E+01
  0.786450E+01
  0.775597E+01
  0.764549E+01
  0.753303E+01
  0.741828E+01
  0.730162E+01
  0.718272E+01
  0.706173E+01
  0.693858E+01
  0.681359E+01
  0.668647E+01
  0.655745E+01
  0.642610E+01
  0.629304E+01
  0.615812E+01
  0.602152E+01
  0.588303E+01
  0.574292E+01
  0.560121E+01
  0.545795E+01
  0.531329E+01
  0.516775E+01
  0.502102E+01
  0.487349E+01
  0.472473E+01
  0.457516E+01
  0.442509E+01
  0.427445E+01
  0.412324E+01
  0.397190E+01
  0.382063E+01
  0.366952E+01
  0.351861E+01
  0.336876E+01
  0.321961E+01
  0.307082E+01
  0.292293E+01
  0.277609E+01
  0.262995E+01
  0.248520E+01
  0.234243E+01
  0.220172E+01
  0.206265E+01
  0.192494E+01
  0.178895E+01
  0.165484E+01
  0.152231E+01
  0.139162E+01
  0.126322E+01
  0.113693E+01
  0.101281E+01
  0.891265E+00
  0.772313E+00
  0.655890E+00
  0.542145E+00
  0.430758E+00
  0.322083E+00
  0.216139E+00
  0.113121E+00
  0.134002E-01
 -0.830990E-01
 -0.176197E+00
 -0.265786E+00
 -0.352084E+00
 -0.434492E+00
 -0.513235E+00
 -0.588248E+00
 -0.659281E+00
 -0.726094E+00
 -0.788667E+00
 -0.846684E+00
 -0.900816E+00
 -0.951185E+00
 -0.997278E+00
 -0.103928E+01
 -0.107745E+01
 -0.111121E+01
 -0.114113E+01
 -0.116726E+01
 -0.118928E+01
 -0.120709E+01
 -0.122129E+01
 -0.123176E+01
 -0.123883E+01
 -0.124251E+01
 -0.124283E+01
 -0.123938E+01
 -0.123244E+01
 -0.122210E+01
 -0.120866E+01
 -0.119220E+01
 -0.117279E+01
 -0.115058E+01
 -0.112586E+01
 -0.109831E+01
 -0.106818E+01
 -0.103498E+01
 -0.999150E+00
 -0.960800E+00
 -0.920044E+00
 -0.876786E+00
 -0.831201E+00
 -0.783620E+00
 -0.734078E+00
 -0.682395E+00
 -0.628691E+00
 -0.572436E+00
 -0.514166E+00
 -0.453654E+00
 -0.391136E+00
 -0.326935E+00
 -0.260995E+00
 -0.193702E+00
 -0.124949E+00
 -0.544052E-01
  0.177460E-01
  0.920343E-01
  0.167386E+00
  0.243839E+00
  0.321521E+00
  0.400055E+00
  0.479979E+00
  0.560850E+00
  0.642375E+00
  0.724824E+00
  0.807514E+00
  0.890955E+00
  0.975294E+00
  0.105996E+01
  0.114485E+01
  0.123017E+01
  0.131537E+01
  0.140063E+01
  0.148626E+01
  0.157198E+01
  0.165800E+01
  0.174407E+01
  0.183001E+01
  0.191648E+01
  0.200287E+01
  0.208923E+01
  0.217597E+01
  0.226266E+01
  0.234958E+01
  0.243647E+01
  0.252327E+01
  0.261007E+01
  0.269690E+01
  0.278390E+01
  0.287057E+01
  0.295704E+01
  0.304317E+01
  0.312856E+01
  0.321339E+01
  0.329763E+01
  0.338154E+01
  0.346463E+01
  0.354724E+01
  0.362884E+01
  0.370880E+01
  0.378757E+01
  0.386496E+01
  0.394118E+01
  0.401646E+01
  0.409024E+01
  0.416295E+01
  0.423403E+01
  0.430335E+01
  0.437147E+01
  0.443832E+01
  0.450332E+01
  0.456663E+01
  0.462851E+01
  0.468932E+01
  0.474884E+01
  0.480679E+01
  0.486267E+01
  0.491695E+01
  0.496969E+01
  0.502048E+01
  0.506916E+01
  0.511629E+01
  0.516166E+01
  0.520550E+01
  0.524753E+01
  0.528805E+01
  0.532665E+01
  0.536328E+01
  0.539841E+01
  0.543168E+01
  0.546320E+01
  0.549419E+01
  0.552369E+01
  0.555182E+01
  0.557886E+01
  0.560469E+01
  0.562913E+01
  0.565226E+01
  0.567423E+01
  0.569539E+01
  0.571531E+01
  0.573418E+01
  0.575210E+01
  0.576939E+01
  0.578581E+01
  0.580177E+01
  0.581690E+01
  0.583146E+01
  0.584509E+01
  0.585773E+01
  0.587026E+01
  0.588226E+01
  0.589310E+01
  0.590383E+01
  0.591396E+01
  0.592390E+01
  0.593326E+01
  0.594205E+01
  0.595055E+01
  0.595840E+01
  0.596571E+01
  0.597276E+01
  0.597914E+01
  0.598567E+01
  0.599193E+01
  0.599838E+01
  0.600506E+01
  0.601165E+01
  0.601788E+01
  0.602402E+01
  0.603042E+01
  0.603726E+01
  0.604453E+01
  0.605249E+01
  0.606088E+01
  0.607013E+01
  0.607955E+01
  0.608978E+01
  0.610054E+01
  0.611198E+01
  0.612472E+01
  0.613837E+01
  0.615290E+01
  0.616864E+01
  0.618501E+01
  0.620261E+01
  0.622111E+01
  0.624084E+01
  0.626195E+01
  0.628451E+01
  0.630874E+01
  0.633511E+01
  0.636290E+01
  0.639281E+01
  0.642503E+01
  0.645914E+01
  0.649517E+01
  0.653392E+01
  0.657532E+01
  0.661944E+01
  0.666590E+01
  0.671533E+01
  0.676778E+01
  0.682358E+01
  0.688219E+01
  0.694411E+01
  0.700994E+01
  0.707916E+01
  0.715191E+01
  0.722904E+01
  0.730991E+01
  0.739531E+01
  0.748464E+01
  0.757819E+01
  0.767618E+01
  0.777843E+01
  0.788479E+01
  0.799557E+01
  0.811071E+01
  0.823058E+01
  0.835457E+01
  0.848323E+01
  0.861624E+01
  0.875353E+01
  0.889512E+01
  0.904124E+01
  0.919150E+01
  0.934677E+01
  0.950593E+01
  0.966982E+01
  0.983848E+01
  0.100111E+02
  0.101877E+02
  0.103688E+02
  0.105537E+02
  0.107426E+02
  0.109345E+02
  0.111309E+02
  0.113312E+02
  0.115347E+02
  0.117414E+02
  0.119518E+02
  0.121652E+02
  0.123816E+02
  0.126003E+02
  0.128228E+02
  0.130486E+02
  0.132767E+02
  0.135074E+02
  0.137411E+02
  0.139773E+02
  0.142174E+02
  0.144594E+02
  0.147045E+02
  0.149526E+02
  0.152032E+02
  0.154559E+02
  0.157120E+02
  0.159704E+02
  0.162321E+02
  0.164963E+02
  0.167636E+02
  0.170333E+02
  0.173059E+02
  0.175806E+02
  0.178580E+02
  0.181372E+02
  0.184193E+02
  0.187028E+02
  0.189893E+02
  0.192783E+02
  0.195688E+02
  0.198602E+02
  0.201536E+02
  0.204476E+02
  0.207438E+02
  0.210401E+02
  0.213376E+02
  0.216363E+02
  0.219354E+02
  0.222340E+02
  0.225332E+02
  0.228320E+02
  0.231319E+02
  0.234302E+02
  0.237289E+02
  0.240275E+02
  0.243251E+02
  0.246207E+02
  0.249164E+02
  0.252110E+02
  0.255050E+02
  0.257964E+02
  0.260875E+02
  0.263772E+02
  0.266651E+02
  0.269499E+02
  0.272338E+02
  0.275150E+02
  0.277945E+02
  0.280706E+02
  0.283454E+02
  0.286179E+02
  0.288875E+02
  0.291530E+02
  0.294166E+02
  0.296767E+02
  0.299344E+02
  0.301874E+02
  0.304383E+02
  0.306860E+02
  0.309297E+02
  0.311690E+02
  0.314061E+02
  0.316388E+02
  0.318687E+02
  0.320937E+02
  0.323163E+02
  0.325354E+02
  0.327504E+02
  0.329598E+02
  0.331659E+02
  0.333673E+02
  0.335654E+02
  0.337576E+02
  0.339468E+02
  0.341320E+02
  0.343121E+02
  0.344860E+02
  0.346562E+02
  0.348207E+02
  0.349810E+02
  0.351348E+02
  0.352851E+02
  0.354310E+02
  0.355712E+02
  0.357049E+02
  0.358353E+02
  0.359598E+02
  0.360803E+02
  0.361950E+02
  0.363062E+02
  0.364132E+02
  0.365150E+02
  0.366109E+02
  0.367040E+02
  0.367912E+02
  0.368749E+02
  0.369527E+02
  0.370275E+02
  0.370985E+02
  0.371647E+02
  0.372253E+02
  0.372832E+02
  0.373357E+02
  0.373851E+02
  0.374286E+02
  0.374690E+02
  0.375055E+02
  0.375375E+02
  0.375636E+02
  0.375872E+02
  0.376054E+02
  0.376197E+02
  0.376283E+02
  0.376335E+02
  0.376345E+02
  0.376308E+02
  0.376208E+02
  0.376075E+02
  0.375886E+02
  0.375662E+02
  0.375373E+02
  0.375050E+02
  0.374685E+02
  0.374267E+02
  0.373787E+02
  0.373277E+02
  0.372708E+02
  0.372108E+02
  0.371448E+02
  0.370755E+02
  0.370018E+02
  0.369238E+02
  0.368400E+02
  0.367529E+02
  0.366607E+02
  0.365651E+02
  0.364636E+02
  0.363596E+02
  0.362514E+02
  0.361393E+02
  0.360218E+02
  0.359014E+02
  0.357764E+02
  0.356481E+02
  0.355143E+02
  0.353782E+02
  0.352387E+02
  0.350949E+02
  0.349457E+02
  0.347945E+02
  0.346384E+02
  0.344792E+02
  0.343152E+02
  0.341486E+02
  0.339785E+02
  0.338047E+02
  0.336257E+02
  0.334447E+02
  0.332594E+02
  0.330721E+02
  0.328802E+02
  0.326862E+02
  0.324893E+02
  0.322891E+02
  0.320848E+02
  0.318792E+02
  0.316700E+02
  0.314589E+02
  0.312444E+02
  0.310292E+02
  0.308121E+02
  0.305927E+02
  0.303704E+02
  0.301469E+02
  0.299204E+02
  0.296930E+02
  0.294626E+02
  0.292311E+02
  0.289980E+02
  0.287630E+02
  0.285251E+02
  0.282867E+02
  0.280459E+02
  0.278045E+02
  0.275602E+02
  0.273156E+02
  0.270698E+02
  0.268222E+02
  0.265725E+02
  0.263227E+02
  0.260709E+02
  0.258193E+02
  0.255655E+02
  0.253115E+02
  0.250572E+02
  0.248015E+02
  0.245443E+02
  0.242879E+02
  0.240299E+02
  0.237725E+02
  0.235142E+02
  0.232563E+02
  0.229983E+02
  0.227405E+02
  0.224820E+02
  0.222247E+02
  0.219670E+02
  0.217104E+02
  0.214535E+02
  0.211979E+02
  0.209436E+02
  0.206903E+02
  0.204369E+02
  0.201853E+02
  0.199346E+02
  0.196862E+02
  0.194386E+02
  0.191935E+02
  0.189501E+02
  0.187082E+02
  0.184675E+02
  0.182298E+02
  0.179935E+02
  0.177598E+02
  0.175279E+02
  0.172991E+02
  0.170726E+02
  0.168483E+02
  0.166255E+02
  0.164056E+02
  0.161876E+02
  0.159724E+02
  0.157593E+02
  0.155496E+02
  0.153422E+02
  0.151368E+02
  0.149334E+02
  0.147330E+02
  0.145344E+02
  0.143388E+02
  0.141449E+02
  0.139535E+02
  0.137645E+02
  0.135773E+02
  0.133919E+02
  0.132092E+02
  0.130285E+02
  0.128499E+02
  0.126725E+02
  0.124973E+02
  0.123239E+02
  0.121519E+02
  0.119813E+02
  0.118132E+02
  0.116467E+02
  0.114823E+02
  0.113191E+02
  0.111583E+02
  0.109993E+02
  0.108416E+02
  0.106847E+02
  0.105297E+02
  0.103759E+02
  0.102238E+02
  0.100727E+02
  0.992340E+01
  0.977584E+01
  0.962966E+01
  0.948433E+01
  0.934055E+01
  0.919744E+01
  0.905598E+01
  0.891509E+01
  0.877485E+01
  0.863599E+01
  0.849858E+01
  0.836168E+01
  0.822606E+01
  0.809114E+01
  0.795695E+01
  0.782324E+01
  0.769069E+01
  0.755882E+01
  0.742787E+01
  0.729793E+01
  0.716919E+01
  0.704146E+01
  0.691520E+01
  0.678992E+01
  0.666641E+01
  0.654412E+01
  0.642385E+01
  0.630551E+01
  0.618899E+01
  0.607431E+01
  0.596167E+01
  0.585065E+01
  0.574166E+01
  0.563463E+01
  0.553003E+01
  0.542720E+01
  0.532664E+01
  0.522856E+01
  0.513282E+01
  0.503900E+01
  0.494736E+01
  0.485772E+01
  0.477026E+01
  0.468460E+01
  0.460085E+01
  0.451921E+01
  0.444012E+01
  0.436250E+01
  0.428658E+01
  0.421245E+01
  0.414016E+01
  0.406944E+01
  0.400022E+01
  0.393258E+01
  0.386634E+01
  0.380133E+01
  0.373802E+01
  0.367532E+01
  0.361368E+01
  0.355320E+01
  0.349385E+01
  0.343552E+01
  0.337775E+01
  0.332044E+01
  0.326351E+01
  0.320656E+01
  0.314985E+01
  0.309272E+01
  0.303546E+01
  0.297778E+01
  0.291941E+01
  0.286043E+01
  0.280130E+01
  0.274161E+01
  0.268034E+01
  0.261881E+01
  0.255729E+01
  0.249393E+01
  0.242983E+01
  0.236470E+01
  0.229815E+01
  0.223059E+01
  0.216168E+01
  0.209193E+01
  0.202152E+01
  0.194989E+01
  0.187729E+01
  0.180385E+01
  0.172956E+01
  0.165404E+01
  0.157802E+01
  0.150129E+01
  0.142315E+01
  0.134430E+01
  0.126491E+01
  0.118471E+01
  0.110422E+01
  0.102299E+01
  0.940750E+00
  0.857967E+00
  0.775034E+00
  0.691752E+00
  0.607579E+00
  0.522984E+00
  0.438262E+00
  0.352889E+00
  0.267443E+00
  0.181711E+00
  0.954208E-01
  0.887012E-02
 -0.782623E-01
 -0.165334E+00
 -0.252303E+00
 -0.339880E+00
 -0.427625E+00
 -0.514869E+00
 -0.602368E+00
 -0.690096E+00
 -0.777044E+00
 -0.863865E+00
 -0.951110E+00
 -0.103811E+01
 -0.112511E+01
 -0.121225E+01
 -0.129939E+01
 -0.138568E+01
 -0.147134E+01
 -0.155726E+01
 -0.164321E+01
 -0.172874E+01
 -0.181401E+01
 -0.189864E+01
 -0.198285E+01
 -0.206680E+01
 -0.215061E+01
 -0.223419E+01
 -0.231783E+01
 -0.240089E+01
 -0.248343E+01
 -0.256591E+01
 -0.264814E+01
 -0.272967E+01
 -0.281061E+01
 -0.289072E+01
 -0.297040E+01
 -0.304902E+01
 -0.312698E+01
 -0.320462E+01
 -0.328151E+01
 -0.335772E+01
 -0.343341E+01
 -0.350751E+01
 -0.358073E+01
 -0.365352E+01
 -0.372512E+01
 -0.379533E+01
 -0.386516E+01
 -0.393414E+01
 -0.400239E+01
 -0.406947E+01
 -0.413587E+01
 -0.420164E+01
 -0.426626E+01
 -0.432961E+01
 -0.439248E+01
 -0.445405E+01
 -0.451489E+01
 -0.457542E+01
 -0.463523E+01
 -0.469401E+01
 -0.475214E+01
 -0.480934E+01
 -0.486587E+01
 -0.492139E+01
 -0.497673E+01
 -0.503116E+01
 -0.508472E+01
 -0.513760E+01
 -0.518957E+01
 -0.524055E+01
 -0.529105E+01
 -0.534057E+01
 -0.538968E+01
 -0.543767E+01
 -0.548526E+01
 -0.553270E+01
 -0.557922E+01
 -0.562491E+01
 -0.567029E+01
 -0.571466E+01
 -0.575921E+01
 -0.580315E+01
 -0.584677E+01
 -0.589071E+01
 -0.593433E+01
 -0.597742E+01
 -0.602100E+01
 -0.606395E+01
 -0.610729E+01
 -0.615069E+01
 -0.619370E+01
 -0.623713E+01
 -0.628090E+01
 -0.632434E+01
 -0.636803E+01
 -0.641180E+01
 -0.645668E+01
 -0.650106E+01
 -0.654577E+01
 -0.659119E+01
 -0.663687E+01
 -0.668311E+01
 -0.672947E+01
 -0.677595E+01
 -0.682376E+01
 -0.687104E+01
 -0.691927E+01
 -0.696818E+01
 -0.701701E+01
 -0.706626E+01
 -0.711599E+01
 -0.716594E+01
 -0.721662E+01
 -0.726724E+01
 -0.731888E+01
 -0.737081E+01
 -0.742309E+01
 -0.747535E+01
 -0.752830E+01
 -0.758171E+01
 -0.763588E+01
 -0.769097E+01
 -0.774732E+01
 -0.780416E+01
 -0.786198E+01
 -0.792063E+01
 -0.798055E+01
 -0.804135E+01
 -0.810410E+01
 -0.816786E+01
 -0.823283E+01
 -0.829928E+01
 -0.836693E+01
 -0.843574E+01
 -0.850583E+01
 -0.857679E+01
 -0.864960E+01
 -0.872290E+01
 -0.879804E+01
 -0.887416E+01
 -0.895122E+01
 -0.902905E+01
 -0.910780E+01
 -0.918727E+01
 -0.926768E+01
 -0.934874E+01
 -0.943113E+01
 -0.951448E+01
 -0.959868E+01
 -0.968339E+01
 -0.977004E+01
 -0.985658E+01
 -0.994412E+01
 -0.100330E+02
 -0.101236E+02
 -0.102160E+02
 -0.103096E+02
 -0.104041E+02
 -0.105008E+02
 -0.105984E+02
 -0.106979E+02
 -0.107990E+02
 -0.109022E+02
 -0.110068E+02
 -0.111134E+02
 -0.112215E+02
 -0.113311E+02
 -0.114426E+02
 -0.115563E+02
 -0.116705E+02
 -0.117873E+02
 -0.119060E+02
 -0.120254E+02
 -0.121458E+02
 -0.122687E+02
 -0.123921E+02
 -0.125177E+02
 -0.126444E+02
 -0.127723E+02
 -0.129021E+02
 -0.130331E+02
 -0.131650E+02
 -0.132987E+02
 -0.134330E+02
 -0.135696E+02
 -0.137061E+02
 -0.138442E+02
 -0.139847E+02
 -0.141259E+02
 -0.142676E+02
 -0.144109E+02
 -0.145550E+02
 -0.147010E+02
 -0.148467E+02
 -0.149938E+02
 -0.151420E+02
 -0.152903E+02
 -0.154378E+02
 -0.155863E+02
 -0.157346E+02
 -0.158830E+02
 -0.160305E+02
 -0.161788E+02
 -0.163271E+02
 -0.164742E+02
 -0.166203E+02
 -0.167663E+02
 -0.169106E+02
 -0.170547E+02
 -0.171969E+02
 -0.173389E+02
 -0.174801E+02
 -0.176196E+02
 -0.177572E+02
 -0.178944E+02
 -0.180295E+02
 -0.181639E+02
 -0.182960E+02
 -0.184275E+02
 -0.185577E+02
 -0.186862E+02
 -0.188126E+02
 -0.189386E+02
 -0.190629E+02
 -0.191861E+02
 -0.193072E+02
 -0.194277E+02
 -0.195471E+02
 -0.196653E+02
 -0.197816E+02
 -0.198977E+02
 -0.200121E+02
 -0.201262E+02
 -0.202387E+02
 -0.203508E+02
 -0.204620E+02
 -0.205717E+02
 -0.206793E+02
 -0.207871E+02
 -0.208933E+02
 -0.209990E+02
 -0.211026E+02
 -0.212056E+02
 -0.213079E+02
 -0.214088E+02
 -0.215075E+02
 -0.216056E+02
 -0.217019E+02
 -0.217979E+02
 -0.218917E+02
 -0.219850E+02
 -0.220772E+02
 -0.221678E+02
 -0.222559E+02
 -0.223433E+02
 -0.224286E+02
 -0.225129E+02
 -0.225944E+02
 -0.226753E+02
 -0.227544E+02
 -0.228318E+02
 -0.229065E+02
 -0.229799E+02
 -0.230509E+02
 -0.231203E+02
 -0.231863E+02
 -0.232523E+02
 -0.233163E+02
 -0.233781E+02
 -0.234372E+02
 -0.234949E+02
 -0.235503E+02
 -0.236041E+02
 -0.236545E+02
 -0.237045E+02
 -0.237525E+02
 -0.237987E+02
 -0.238424E+02
 -0.238852E+02
 -0.239259E+02
 -0.239656E+02
 -0.240032E+02
 -0.240405E+02
 -0.240764E+02
 -0.241112E+02
 -0.241433E+02
 -0.241750E+02
 -0.242058E+02
 -0.242361E+02
 -0.242639E+02
 -0.242923E+02
 -0.243204E+02
 -0.243475E+02
 -0.243727E+02
 -0.243985E+02
 -0.244234E+02
 -0.244474E+02
 -0.244693E+02
 -0.244918E+02
 -0.245134E+02
 -0.245339E+02
 -0.245528E+02
 -0.245719E+02
 -0.245894E+02
 -0.246063E+02
 -0.246211E+02
 -0.246361E+02
 -0.246499E+02
 -0.246622E+02
 -0.246724E+02
 -0.246821E+02
 -0.246895E+02
 -0.246962E+02
 -0.247000E+02
 -0.247028E+02
 -0.247044E+02
 -0.247040E+02
 -0.247006E+02
 -0.246963E+02
 -0.246895E+02
 -0.246812E+02
 -0.246699E+02
 -0.246576E+02
 -0.246430E+02
 -0.246264E+02
 -0.246066E+02
 -0.245859E+02
 -0.245627E+02
 -0.245379E+02
 -0.245105E+02
 -0.244819E+02
 -0.244514E+02
 -0.244192E+02
 -0.243841E+02
 -0.243483E+02
 -0.243103E+02
 -0.242714E+02
 -0.242301E+02
 -0.241885E+02
 -0.241459E+02
 -0.241020E+02
 -0.240563E+02
 -0.240109E+02
 -0.239641E+02
 -0.239173E+02
 -0.238687E+02
 -0.238205E+02
 -0.237724E+02
 -0.237236E+02
 -0.236732E+02
 -0.236241E+02
 -0.235748E+02
 -0.235259E+02
 -0.234760E+02
 -0.234275E+02
 -0.233794E+02
 -0.233320E+02
 -0.232840E+02
 -0.232374E+02
 -0.231912E+02
 -0.231464E+02
 -0.231016E+02
 -0.230585E+02
 -0.230167E+02
 -0.229759E+02
 -0.229353E+02
 -0.228968E+02
 -0.228591E+02
 -0.228236E+02
 -0.227884E+02
 -0.227554E+02
 -0.227239E+02
 -0.226939E+02
 -0.226640E+02
 -0.226367E+02
 -0.226104E+02
 -0.225863E+02
 -0.225630E+02
 -0.225422E+02
 -0.225230E+02
 -0.225046E+02
 -0.224865E+02
 -0.224706E+02
 -0.224549E+02
 -0.224410E+02
 -0.224268E+02
 -0.224146E+02
 -0.224031E+02
 -0.223920E+02
 -0.223806E+02
 -0.223705E+02
 -0.223600E+02
 -0.223504E+02
 -0.223400E+02
 -0.223305E+02
 -0.223211E+02
 -0.223117E+02
 -0.223009E+02
 -0.222907E+02
 -0.222796E+02
 -0.222687E+02
 -0.222559E+02
 -0.222433E+02
 -0.222299E+02
 -0.222153E+02
 -0.221986E+02
 -0.221817E+02
 -0.221632E+02
 -0.221440E+02
 -0.221229E+02
 -0.221012E+02
 -0.220780E+02
 -0.220531E+02
 -0.220258E+02
 -0.219979E+02
 -0.219680E+02
 -0.219370E+02
 -0.219035E+02
 -0.218692E+02
 -0.218332E+02
 -0.217957E+02
 -0.217555E+02
 -0.217145E+02
 -0.216716E+02
 -0.216278E+02
 -0.215819E+02
 -0.215354E+02
 -0.214876E+02
 -0.214382E+02
 -0.213860E+02
 -0.213337E+02
 -0.212797E+02
 -0.212250E+02
 -0.211683E+02
 -0.211116E+02
 -0.210538E+02
 -0.209950E+02
 -0.209346E+02
 -0.208737E+02
 -0.208111E+02
 -0.207483E+02
 -0.206835E+02
 -0.206185E+02
 -0.205526E+02
 -0.204854E+02
 -0.204164E+02
 -0.203469E+02
 -0.202756E+02
 -0.202033E+02
 -0.201287E+02
 -0.200542E+02
 -0.199781E+02
 -0.199002E+02
 -0.198198E+02
 -0.197385E+02
 -0.196551E+02
 -0.195704E+02
 -0.194831E+02
 -0.193951E+02
 -0.193055E+02
 -0.192140E+02
 -0.191201E+02
 -0.190256E+02
 -0.189286E+02
 -0.188304E+02
 -0.187298E+02
 -0.186285E+02
 -0.185256E+02
 -0.184211E+02
 -0.183142E+02
 -0.182065E+02
 -0.180969E+02
 -0.179865E+02
 -0.178735E+02
 -0.177596E+02
 -0.176447E+02
 -0.175282E+02
 -0.174092E+02
 -0.172900E+02
 -0.171690E+02
 -0.170471E+02
 -0.169236E+02
 -0.167997E+02
 -0.166744E+02
 -0.165488E+02
 -0.164211E+02
 -0.162929E+02
 -0.161639E+02
 -0.160344E+02
 -0.159039E+02
 -0.157731E+02
 -0.156415E+02
 -0.155097E+02
 -0.153759E+02
 -0.152421E+02
 -0.151069E+02
 -0.149717E+02
 -0.148354E+02
 -0.146988E+02
 -0.145618E+02
 -0.144243E+02
 -0.142855E+02
 -0.141469E+02
 -0.140071E+02
 -0.138676E+02
 -0.137270E+02
 -0.135866E+02
 -0.134465E+02
 -0.133057E+02
 -0.131636E+02
 -0.130222E+02
 -0.128805E+02
 -0.127385E+02
 -0.125955E+02
 -0.124529E+02
 -0.123096E+02
 -0.121661E+02
 -0.120215E+02
 -0.118768E+02
 -0.117317E+02
 -0.115864E+02
 -0.114404E+02
 -0.112941E+02
 -0.111471E+02
 -0.109999E+02
 -0.108518E+02
 -0.107036E+02
 -0.105547E+02
 -0.104061E+02
 -0.102568E+02
 -0.101076E+02
 -0.995826E+01
 -0.980861E+01
 -0.965854E+01
 -0.950863E+01
 -0.935827E+01
 -0.920829E+01
 -0.905754E+01
 -0.890720E+01
 -0.875717E+01
 -0.860716E+01
 -0.845687E+01
 -0.830682E+01
 -0.815622E+01
 -0.800607E+01
 -0.785557E+01
 -0.770531E+01
 -0.755511E+01
 -0.740489E+01
 -0.725428E+01
 -0.710403E+01
 -0.695331E+01
 -0.680258E+01
 -0.665181E+01
 -0.650177E+01
 -0.635142E+01
 -0.620128E+01
 -0.605127E+01
 -0.590124E+01
 -0.575095E+01
 -0.560079E+01
 -0.545017E+01
 -0.529980E+01
 -0.514907E+01
 -0.499799E+01
 -0.484621E+01
 -0.469412E+01
 -0.454156E+01
 -0.438871E+01
 -0.423483E+01
 -0.408084E+01
 -0.392657E+01
 -0.377169E+01
 -0.361614E+01
 -0.346062E+01
 -0.330470E+01
 -0.314842E+01
 -0.299130E+01
 -0.283381E+01
 -0.267603E+01
 -0.251822E+01
 -0.235985E+01
 -0.220109E+01
 -0.204200E+01
 -0.188293E+01
 -0.172342E+01
 -0.156373E+01
 -0.140395E+01
 -0.124407E+01
 -0.108343E+01
 -0.922459E+00
 -0.760985E+00
 -0.598807E+00
 -0.436038E+00
 -0.272604E+00
 -0.108535E+00
  0.559133E-01
  0.221338E+00
  0.387558E+00
  0.554951E+00
  0.723106E+00
  0.892382E+00
  0.106317E+01
  0.123482E+01
  0.140771E+01
  0.158191E+01
  0.175704E+01
  0.193357E+01
  0.211110E+01
  0.228967E+01
  0.246963E+01
  0.265062E+01
  0.283225E+01
  0.301511E+01
  0.319913E+01
  0.338333E+01
  0.356829E+01
  0.375427E+01
  0.394136E+01
  0.412933E+01
  0.431755E+01
  0.450658E+01
  0.469635E+01
  0.488614E+01
  0.507628E+01
  0.526617E+01
  0.545685E+01
  0.564777E+01
  0.583787E+01
  0.602778E+01
  0.621759E+01
  0.640699E+01
  0.659596E+01
  0.678376E+01
  0.697142E+01
  0.715833E+01
  0.734413E+01
  0.752928E+01
  0.771318E+01
  0.789572E+01
  0.807766E+01
  0.825810E+01
  0.843786E+01
  0.861585E+01
  0.879280E+01
  0.896859E+01
  0.914248E+01
  0.931512E+01
  0.948713E+01
  0.965765E+01
  0.982696E+01
  0.999485E+01
  0.101616E+02
  0.103264E+02
  0.104900E+02
  0.106521E+02
  0.108125E+02
  0.109710E+02
  0.111285E+02
  0.112839E+02
  0.114370E+02
  0.115876E+02
  0.117363E+02
  0.118822E+02
  0.120262E+02
  0.121676E+02
  0.123070E+02
  0.124440E+02
  0.125782E+02
  0.127094E+02
  0.128384E+02
  0.129644E+02
  0.130879E+02
  0.132078E+02
  0.133253E+02
  0.134404E+02
  0.135523E+02
  0.136610E+02
  0.137677E+02
  0.138708E+02
  0.139716E+02
  0.140694E+02
  0.141646E+02
  0.142568E+02
  0.143461E+02
  0.144322E+02
  0.145159E+02
  0.145962E+02
  0.146742E+02
  0.147492E+02
  0.148217E+02
  0.148913E+02
  0.149581E+02
  0.150213E+02
  0.150819E+02
  0.151394E+02
  0.151948E+02
  0.152472E+02
  0.152970E+02
  0.153444E+02
  0.153891E+02
  0.154301E+02
  0.154697E+02
  0.155064E+02
  0.155406E+02
  0.155723E+02
  0.156025E+02
  0.156310E+02
  0.156572E+02
  0.156811E+02
  0.157040E+02
  0.157246E+02
  0.157442E+02
  0.157619E+02
  0.157785E+02
  0.157941E+02
  0.158088E+02
  0.158218E+02
  0.158344E+02
  0.158463E+02
  0.158576E+02
  0.158672E+02
  0.158766E+02
  0.158853E+02
  0.158939E+02
  0.159012E+02
  0.159087E+02
  0.159162E+02
  0.159232E+02
  0.159290E+02
  0.159358E+02
  0.159424E+02
  0.159481E+02
  0.159535E+02
  0.159595E+02
  0.159647E+02
  0.159704E+02
  0.159755E+02
  0.159811E+02
  0.159865E+02
  0.159914E+02
  0.159957E+02
  0.160003E+02
  0.160045E+02
  0.160091E+02
  0.160129E+02
  0.160173E+02
  0.160216E+02
  0.160260E+02
  0.160295E+02
  0.160330E+02
  0.160364E+02
  0.160401E+02
  0.160429E+02
  0.160462E+02
  0.160495E+02
  0.160524E+02
  0.160543E+02
  0.160569E+02
  0.160585E+02
  0.160596E+02
  0.160599E+02
  0.160603E+02
  0.160600E+02
  0.160586E+02
  0.160556E+02
  0.160522E+02
  0.160472E+02
  0.160419E+02
  0.160352E+02
  0.160272E+02
  0.160180E+02
  0.160070E+02
  0.159941E+02
  0.159805E+02
  0.159647E+02
  0.159475E+02
  0.159279E+02
  0.159077E+02
  0.158852E+02
  0.158601E+02
  0.158330E+02
  0.158045E+02
  0.157734E+02
  0.157402E+02
  0.157047E+02
  0.156680E+02
  0.156287E+02
  0.155876E+02
  0.155441E+02
  0.154986E+02
  0.154504E+02
  0.154007E+02
  0.153486E+02
  0.152954E+02
  0.152403E+02
  0.151835E+02
  0.151245E+02
  0.150640E+02
  0.150021E+02
  0.149391E+02
  0.148740E+02
  0.148085E+02
  0.147417E+02
  0.146740E+02
  0.146050E+02
  0.145351E+02
  0.144638E+02
  0.143921E+02
  0.143187E+02
  0.142451E+02
  0.141706E+02
  0.140951E+02
  0.140186E+02
  0.139418E+02
  0.138638E+02
  0.137852E+02
  0.137054E+02
  0.136251E+02
  0.135441E+02
  0.134625E+02
  0.133799E+02
  0.132970E+02
  0.132126E+02
  0.131280E+02
  0.130424E+02
  0.129563E+02
  0.128695E+02
  0.127818E+02
  0.126924E+02
  0.126024E+02
  0.125115E+02
  0.124198E+02
  0.123266E+02
  0.122331E+02
  0.121386E+02
  0.120432E+02
  0.119464E+02
  0.118494E+02
  0.117509E+02
  0.116516E+02
  0.115515E+02
  0.114511E+02
  0.113501E+02
  0.112483E+02
  0.111455E+02
  0.110428E+02
  0.109392E+02
  0.108354E+02
  0.107308E+02
  0.106262E+02
  0.105215E+02
  0.104167E+02
  0.103118E+02
  0.102075E+02
  0.101029E+02
  0.999953E+01
  0.989651E+01
  0.979382E+01
  0.969213E+01
  0.959147E+01
  0.949096E+01
  0.939140E+01
  0.929284E+01
  0.919523E+01
  0.909844E+01
  0.900371E+01
  0.891009E+01
  0.881746E+01
  0.872607E+01
  0.863639E+01
  0.854771E+01
  0.846054E+01
  0.837449E+01
  0.829002E+01
  0.820699E+01
  0.812541E+01
  0.804441E+01
  0.796502E+01
  0.788713E+01
  0.781014E+01
  0.773411E+01
  0.765959E+01
  0.758596E+01
  0.751365E+01
  0.744245E+01
  0.737296E+01
  0.730466E+01
  0.723738E+01
  0.717122E+01
  0.710669E+01
  0.704341E+01
  0.698126E+01
  0.692021E+01
  0.686107E+01
  0.680293E+01
  0.674603E+01
  0.669100E+01
  0.663721E+01
  0.658437E+01
  0.653333E+01
  0.648306E+01
  0.643457E+01
  0.638773E+01
  0.634234E+01
  0.629872E+01
  0.625642E+01
  0.621567E+01
  0.617682E+01
  0.613890E+01
  0.610301E+01
  0.606833E+01
  0.603512E+01
  0.600338E+01
  0.597260E+01
  0.594395E+01
  0.591711E+01
  0.589098E+01
  0.586681E+01
  0.584363E+01
  0.582206E+01
  0.580164E+01
  0.578197E+01
  0.576413E+01
  0.574731E+01
  0.573150E+01
  0.571792E+01
  0.570536E+01
  0.569412E+01
  0.568373E+01
  0.567468E+01
  0.566739E+01
  0.566147E+01
  0.565695E+01
  0.565421E+01
  0.565250E+01
  0.565223E+01
  0.565376E+01
  0.565731E+01
  0.566210E+01
  0.566835E+01
  0.567617E+01
  0.568546E+01
  0.569618E+01
  0.570871E+01
  0.572253E+01
  0.573769E+01
  0.575402E+01
  0.577174E+01
  0.579080E+01
  0.581177E+01
  0.583425E+01
  0.585801E+01
  0.588299E+01
  0.590936E+01
  0.593697E+01
  0.596601E+01
  0.599626E+01
  0.602777E+01
  0.605974E+01
  0.609287E+01
  0.612676E+01
  0.616149E+01
  0.619725E+01
  0.623370E+01
  0.627076E+01
  0.630858E+01
  0.634672E+01
  0.638593E+01
  0.642553E+01
  0.646557E+01
  0.650617E+01
  0.654719E+01
  0.658837E+01
  0.663005E+01
  0.667213E+01
  0.671522E+01
  0.675866E+01
  0.680259E+01
  0.684712E+01
  0.689219E+01
  0.693758E+01
  0.698420E+01
  0.703135E+01
  0.707873E+01
  0.712677E+01
  0.717599E+01
  0.722608E+01
  0.727685E+01
  0.732804E+01
  0.738046E+01
  0.743327E+01
  0.748710E+01
  0.754224E+01
  0.759844E+01
  0.765540E+01
  0.771333E+01
  0.777217E+01
  0.783206E+01
  0.789250E+01
  0.795441E+01
  0.801696E+01
  0.808039E+01
  0.814475E+01
  0.821021E+01
  0.827647E+01
  0.834361E+01
  0.841142E+01
  0.848011E+01
  0.854916E+01
  0.861919E+01
  0.868977E+01
  0.876097E+01
  0.883264E+01
  0.890533E+01
  0.897841E+01
  0.905214E+01
  0.912632E+01
  0.920136E+01
  0.927674E+01
  0.935238E+01
  0.942815E+01
  0.950477E+01
  0.958151E+01
  0.965872E+01
  0.973590E+01
  0.981354E+01
  0.989146E+01
  0.996963E+01
  0.100476E+02
  0.101259E+02
  0.102040E+02
  0.102823E+02
  0.103604E+02
  0.104385E+02
  0.105161E+02
  0.105930E+02
  0.106695E+02
  0.107454E+02
  0.108204E+02
  0.108952E+02
  0.109687E+02
  0.110415E+02
  0.111133E+02
  0.111843E+02
  0.112541E+02
  0.113226E+02
  0.113895E+02
  0.114557E+02
  0.115204E+02
  0.115840E+02
  0.116459E+02
  0.117060E+02
  0.117642E+02
  0.118211E+02
  0.118764E+02
  0.119303E+02
  0.119817E+02
  0.120318E+02
  0.120807E+02
  0.121278E+02
  0.121728E+02
  0.122168E+02
  0.122588E+02
  0.122995E+02
  0.123386E+02
  0.123764E+02
  0.124128E+02
  0.124479E+02
  0.124810E+02
  0.125130E+02
  0.125436E+02
  0.125734E+02
  0.126015E+02
  0.126288E+02
  0.126549E+02
  0.126803E+02
  0.127041E+02
  0.127271E+02
  0.127492E+02
  0.127703E+02
  0.127903E+02
  0.128103E+02
  0.128298E+02
  0.128489E+02
  0.128666E+02
  0.128846E+02
  0.129021E+02
  0.129197E+02
  0.129374E+02
  0.129553E+02
  0.129735E+02
  0.129925E+02
  0.130116E+02
  0.130316E+02
  0.130520E+02
  0.130735E+02
  0.130951E+02
  0.131179E+02
  0.131417E+02
  0.131661E+02
  0.131913E+02
  0.132184E+02
  0.132460E+02
  0.132753E+02
  0.133055E+02
  0.133370E+02
  0.133698E+02
  0.134041E+02
  0.134399E+02
  0.134780E+02
  0.135171E+02
  0.135583E+02
  0.136008E+02
  0.136455E+02
  0.136924E+02
  0.137409E+02
  0.137910E+02
  0.138440E+02
  0.138988E+02
  0.139561E+02
  0.140150E+02
  0.140767E+02
  0.141404E+02
  0.142061E+02
  0.142736E+02
  0.143434E+02
  0.144147E+02
  0.144885E+02
  0.145639E+02
  0.146414E+02
  0.147209E+02
  0.148022E+02
  0.148848E+02
  0.149696E+02
  0.150558E+02
  0.151437E+02
  0.152327E+02
  0.153239E+02
  0.154166E+02
  0.155109E+02
  0.156061E+02
  0.157028E+02
  0.158005E+02
  0.159000E+02
  0.160000E+02
  0.161017E+02
  0.162049E+02
  0.163090E+02
  0.164135E+02
  0.165197E+02
  0.166268E+02
  0.167354E+02
  0.168442E+02
  0.169551E+02
  0.170673E+02
  0.171803E+02
  0.172935E+02
  0.174083E+02
  0.175234E+02
  0.176394E+02
  0.177559E+02
  0.178739E+02
  0.179925E+02
  0.181121E+02
  0.182315E+02
  0.183522E+02
  0.184734E+02
  0.185957E+02
  0.187180E+02
  0.188416E+02
  0.189661E+02
  0.190910E+02
  0.192159E+02
  0.193420E+02
  0.194681E+02
  0.195952E+02
  0.197223E+02
  0.198510E+02
  0.199803E+02
  0.201098E+02
  0.202386E+02
  0.203683E+02
  0.204978E+02
  0.206276E+02
  0.207569E+02
  0.208870E+02
  0.210170E+02
  0.211470E+02
  0.212762E+02
  0.214060E+02
  0.215343E+02
  0.216629E+02
  0.217901E+02
  0.219171E+02
  0.220435E+02
  0.221691E+02
  0.222931E+02
  0.224167E+02
  0.225387E+02
  0.226608E+02
  0.227806E+02
  0.228997E+02
  0.230180E+02
  0.231350E+02
  0.232500E+02
  0.233644E+02
  0.234767E+02
  0.235887E+02
  0.236988E+02
  0.238082E+02
  0.239170E+02
  0.240247E+02
  0.241300E+02
  0.242349E+02
  0.243379E+02
  0.244407E+02
  0.245412E+02
  0.246409E+02
  0.247397E+02
  0.248369E+02
  0.249317E+02
  0.250260E+02
  0.251181E+02
  0.252093E+02
  0.252978E+02
  0.253852E+02
  0.254713E+02
  0.255562E+02
  0.256384E+02
  0.257192E+02
  0.257978E+02
  0.258755E+02
  0.259498E+02
  0.260230E+02
  0.260940E+02
  0.261632E+02
  0.262296E+02
  0.262944E+02
  0.263568E+02
  0.264177E+02
  0.264755E+02
  0.265325E+02
  0.265878E+02
  0.266407E+02
  0.266907E+02
  0.267396E+02
  0.267861E+02
  0.268314E+02
  0.268736E+02
  0.269150E+02
  0.269548E+02
  0.269923E+02
  0.270267E+02
  0.270600E+02
  0.270908E+02
  0.271206E+02
  0.271472E+02
  0.271732E+02
  0.271974E+02
  0.272197E+02
  0.272396E+02
  0.272582E+02
  0.272743E+02
  0.272897E+02
  0.273016E+02
  0.273124E+02
  0.273213E+02
  0.273279E+02
  0.273320E+02
  0.273353E+02
  0.273354E+02
  0.273339E+02
  0.273295E+02
  0.273243E+02
  0.273177E+02
  0.273088E+02
  0.272968E+02
  0.272837E+02
  0.272672E+02
  0.272494E+02
  0.272287E+02
  0.272064E+02
  0.271824E+02
  0.271565E+02
  0.271275E+02
  0.270975E+02
  0.270646E+02
  0.270307E+02
  0.269935E+02
  0.269548E+02
  0.269142E+02
  0.268714E+02
  0.268253E+02
  0.267782E+02
  0.267286E+02
  0.266776E+02
  0.266229E+02
  0.265670E+02
  0.265089E+02
  0.264488E+02
  0.263857E+02
  0.263211E+02
  0.262544E+02
  0.261868E+02
  0.261163E+02
  0.260454E+02
  0.259728E+02
  0.258980E+02
  0.258202E+02
  0.257416E+02
  0.256609E+02
  0.255792E+02
  0.254950E+02
  0.254103E+02
  0.253241E+02
  0.252364E+02
  0.251467E+02
  0.250563E+02
  0.249640E+02
  0.248711E+02
  0.247757E+02
  0.246801E+02
  0.245837E+02
  0.244860E+02
  0.243862E+02
  0.242862E+02
  0.241847E+02
  0.240828E+02
  0.239791E+02
  0.238752E+02
  0.237699E+02
  0.236637E+02
  0.235560E+02
  0.234485E+02
  0.233397E+02
  0.232312E+02
  0.231206E+02
  0.230097E+02
  0.228989E+02
  0.227871E+02
  0.226738E+02
  0.225609E+02
  0.224468E+02
  0.223333E+02
  0.222182E+02
  0.221026E+02
  0.219865E+02
  0.218699E+02
  0.217518E+02
  0.216341E+02
  0.215153E+02
  0.213964E+02
  0.212762E+02
  0.211562E+02
  0.210354E+02
  0.209138E+02
  0.207912E+02
  0.206684E+02
  0.205446E+02
  0.204207E+02
  0.202951E+02
  0.201698E+02
  0.200441E+02
  0.199178E+02
  0.197902E+02
  0.196624E+02
  0.195337E+02
  0.194045E+02
  0.192733E+02
  0.191421E+02
  0.190102E+02
  0.188770E+02
  0.187422E+02
  0.186066E+02
  0.184691E+02
  0.183310E+02
  0.181903E+02
  0.180487E+02
  0.179058E+02
  0.177608E+02
  0.176135E+02
  0.174649E+02
  0.173138E+02
  0.171611E+02
  0.170055E+02
  0.168484E+02
  0.166891E+02
  0.165275E+02
  0.163630E+02
  0.161968E+02
  0.160281E+02
  0.158578E+02
  0.156846E+02
  0.155094E+02
  0.153323E+02
  0.151529E+02
  0.149703E+02
  0.147862E+02
  0.145994E+02
  0.144109E+02
  0.142196E+02
  0.140269E+02
  0.138321E+02
  0.136350E+02
  0.134356E+02
  0.132346E+02
  0.130315E+02
  0.128269E+02
  0.126197E+02
  0.124108E+02
  0.121999E+02
  0.119875E+02
  0.117725E+02
  0.115565E+02
  0.113383E+02
  0.111181E+02
  0.108964E+02
  0.106730E+02
  0.104481E+02
  0.102222E+02
  0.999357E+01
  0.976395E+01
  0.953234E+01
  0.929958E+01
  0.906455E+01
  0.882830E+01
  0.859115E+01
  0.835204E+01
  0.811212E+01
  0.787045E+01
  0.762703E+01
  0.738361E+01
  0.713731E+01
  0.689049E+01
  0.664256E+01
  0.639251E+01
  0.614136E+01
  0.588871E+01
  0.563569E+01
  0.538193E+01
  0.512616E+01
  0.487023E+01
  0.461282E+01
  0.435462E+01
  0.409590E+01
  0.383628E+01
  0.357595E+01
  0.331535E+01
  0.305479E+01
  0.279429E+01
  0.253353E+01
  0.227261E+01
  0.201203E+01
  0.175147E+01
  0.149089E+01
  0.123106E+01
  0.971508E+00
  0.712500E+00
  0.453832E+00
  0.196028E+00
 -0.609751E-01
 -0.317437E+00
 -0.572391E+00
 -0.826997E+00
 -0.108090E+01
 -0.133350E+01
 -0.158539E+01
 -0.183554E+01
 -0.208416E+01
 -0.233164E+01
 -0.257715E+01
 -0.282113E+01
 -0.306321E+01
 -0.330355E+01
 -0.354239E+01
 -0.377931E+01
 -0.401373E+01
 -0.424665E+01
 -0.447747E+01
 -0.470651E+01
 -0.493404E+01
 -0.515980E+01
 -0.538358E+01
 -0.560514E+01
 -0.582422E+01
 -0.604187E+01
 -0.625746E+01
 -0.647113E+01
 -0.668215E+01
 -0.689127E+01
 -0.709883E+01
 -0.730399E+01
 -0.750640E+01
 -0.770703E+01
 -0.790516E+01
 -0.810151E+01
 -0.829505E+01
 -0.848644E+01
 -0.867603E+01
 -0.886308E+01
 -0.904715E+01
 -0.922921E+01
 -0.940835E+01
 -0.958551E+01
 -0.975977E+01
 -0.993109E+01
 -0.101000E+02
 -0.102664E+02
 -0.104293E+02
 -0.105902E+02
 -0.107480E+02
 -0.109029E+02
 -0.110546E+02
 -0.112038E+02
 -0.113501E+02
 -0.114933E+02
 -0.116326E+02
 -0.117697E+02
 -0.119034E+02
 -0.120345E+02
 -0.121624E+02
 -0.122876E+02
 -0.124103E+02
 -0.125303E+02
 -0.126467E+02
 -0.127610E+02
 -0.128722E+02
 -0.129814E+02
 -0.130874E+02
 -0.131912E+02
 -0.132928E+02
 -0.133916E+02
 -0.134868E+02
 -0.135801E+02
 -0.136702E+02
 -0.137581E+02
 -0.138426E+02
 -0.139249E+02
 -0.140049E+02
 -0.140821E+02
 -0.141556E+02
 -0.142272E+02
 -0.142959E+02
 -0.143625E+02
 -0.144252E+02
 -0.144860E+02
 -0.145442E+02
 -0.145991E+02
 -0.146506E+02
 -0.146998E+02
 -0.147451E+02
 -0.147878E+02
 -0.148273E+02
 -0.148643E+02
 -0.148983E+02
 -0.149292E+02
 -0.149562E+02
 -0.149809E+02
 -0.150021E+02
 -0.150202E+02
 -0.150345E+02
 -0.150461E+02
 -0.150547E+02
 -0.150593E+02
 -0.150597E+02
 -0.150581E+02
 -0.150528E+02
 -0.150440E+02
 -0.150312E+02
 -0.150157E+02
 -0.149968E+02
 -0.149742E+02
 -0.149473E+02
 -0.149177E+02
 -0.148847E+02
 -0.148493E+02
 -0.148101E+02
 -0.147685E+02
 -0.147239E+02
 -0.146758E+02
 -0.146239E+02
 -0.145698E+02
 -0.145124E+02
 -0.144528E+02
 -0.143901E+02
 -0.143247E+02
 -0.142563E+02
 -0.141856E+02
 -0.141116E+02
 -0.140354E+02
 -0.139560E+02
 -0.138743E+02
 -0.137895E+02
 -0.137031E+02
 -0.136143E+02
 -0.135226E+02
 -0.134285E+02
 -0.133329E+02
 -0.132348E+02
 -0.131354E+02
 -0.130333E+02
 -0.129298E+02
 -0.128241E+02
 -0.127169E+02
 -0.126075E+02
 -0.124965E+02
 -0.123836E+02
 -0.122694E+02
 -0.121533E+02
 -0.120362E+02
 -0.119181E+02
 -0.117985E+02
 -0.116763E+02
 -0.115537E+02
 -0.114296E+02
 -0.113041E+02
 -0.111773E+02
 -0.110498E+02
 -0.109209E+02
 -0.107909E+02
 -0.106599E+02
 -0.105284E+02
 -0.103960E+02
 -0.102631E+02
 -0.101292E+02
 -0.999549E+01
 -0.986127E+01
 -0.972684E+01
 -0.959118E+01
 -0.945561E+01
 -0.931991E+01
 -0.918394E+01
 -0.904733E+01
 -0.891098E+01
 -0.877430E+01
 -0.863760E+01
 -0.850066E+01
 -0.836378E+01
 -0.822635E+01
 -0.808907E+01
 -0.795154E+01
 -0.781488E+01
 -0.767834E+01
 -0.754176E+01
 -0.740504E+01
 -0.726890E+01
 -0.713249E+01
 -0.699632E+01
 -0.686035E+01
 -0.672514E+01
 -0.659020E+01
 -0.645558E+01
 -0.632157E+01
 -0.618842E+01
 -0.605485E+01
 -0.592264E+01
 -0.579103E+01
 -0.566030E+01
 -0.553043E+01
 -0.540094E+01
 -0.527226E+01
 -0.514453E+01
 -0.501744E+01
 -0.489151E+01
 -0.476607E+01
 -0.464182E+01
 -0.451853E+01
 -0.439615E+01
 -0.427394E+01
 -0.415310E+01
 -0.403327E+01
 -0.391422E+01
 -0.379582E+01
 -0.367870E+01
 -0.356270E+01
 -0.344749E+01
 -0.333344E+01
 -0.322067E+01
 -0.310842E+01
 -0.299715E+01
 -0.288679E+01
 -0.277770E+01
 -0.266906E+01
 -0.256170E+01
 -0.245549E+01
 -0.235017E+01
 -0.224573E+01
 -0.214218E+01
 -0.203959E+01
 -0.193807E+01
 -0.183740E+01
 -0.173713E+01
 -0.163714E+01
 -0.153863E+01
 -0.144061E+01
 -0.134283E+01
 -0.124564E+01
 -0.114907E+01
 -0.105281E+01
 -0.957164E+00
 -0.861910E+00
 -0.766619E+00
 -0.671577E+00
 -0.576807E+00
 -0.481878E+00
 -0.387329E+00
 -0.292695E+00
 -0.197990E+00
 -0.103118E+00
 -0.829029E-02
  0.865779E-01
  0.181681E+00
  0.276746E+00
  0.371614E+00
  0.466842E+00
  0.562464E+00
  0.658520E+00
  0.754934E+00
  0.851408E+00
  0.948357E+00
  0.104585E+01
  0.114355E+01
  0.124189E+01
  0.134068E+01
  0.143997E+01
  0.153996E+01
  0.164066E+01
  0.174249E+01
  0.184496E+01
  0.194805E+01
  0.205204E+01
  0.215646E+01
  0.226167E+01
  0.236784E+01
  0.247479E+01
  0.258305E+01
  0.269200E+01
  0.280161E+01
  0.291261E+01
  0.302451E+01
  0.313753E+01
  0.325169E+01
  0.336619E+01
  0.348186E+01
  0.359840E+01
  0.371604E+01
  0.383454E+01
  0.395318E+01
  0.407274E+01
  0.419310E+01
  0.431396E+01
  0.443588E+01
  0.455793E+01
  0.468076E+01
  0.480451E+01
  0.492870E+01
  0.505357E+01
  0.517920E+01
  0.530528E+01
  0.543213E+01
  0.555925E+01
  0.568707E+01
  0.581549E+01
  0.594457E+01
  0.607429E+01
  0.620439E+01
  0.633460E+01
  0.646528E+01
  0.659581E+01
  0.672684E+01
  0.685814E+01
  0.698930E+01
  0.712020E+01
  0.725104E+01
  0.738137E+01
  0.751156E+01
  0.764058E+01
  0.776913E+01
  0.789759E+01
  0.802513E+01
  0.815138E+01
  0.827658E+01
  0.840015E+01
  0.852283E+01
  0.864398E+01
  0.876410E+01
  0.888286E+01
  0.900010E+01
  0.911543E+01
  0.922944E+01
  0.934187E+01
  0.945247E+01
  0.956085E+01
  0.966798E+01
  0.977289E+01
  0.987582E+01
  0.997647E+01
  0.100752E+02
  0.101718E+02
  0.102666E+02
  0.103590E+02
  0.104492E+02
  0.105369E+02
  0.106224E+02
  0.107051E+02
  0.107860E+02
  0.108640E+02
  0.109398E+02
  0.110129E+02
  0.110841E+02
  0.111531E+02
  0.112194E+02
  0.112827E+02
  0.113440E+02
  0.114026E+02
  0.114588E+02
  0.115119E+02
  0.115629E+02
  0.116118E+02
  0.116580E+02
  0.117008E+02
  0.117416E+02
  0.117800E+02
  0.118158E+02
  0.118486E+02
  0.118795E+02
  0.119075E+02
  0.119332E+02
  0.119562E+02
  0.119772E+02
  0.119958E+02
  0.120124E+02
  0.120261E+02
  0.120379E+02
  0.120477E+02
  0.120555E+02
  0.120605E+02
  0.120638E+02
  0.120648E+02
  0.120638E+02
  0.120603E+02
  0.120553E+02
  0.120486E+02
  0.120401E+02
  0.120290E+02
  0.120169E+02
  0.120027E+02
  0.119871E+02
  0.119695E+02
  0.119506E+02
  0.119307E+02
  0.119092E+02
  0.118856E+02
  0.118612E+02
  0.118348E+02
  0.118074E+02
  0.117781E+02
  0.117476E+02
  0.117162E+02
  0.116834E+02
  0.116489E+02
  0.116135E+02
  0.115766E+02
  0.115390E+02
  0.114998E+02
  0.114598E+02
  0.114188E+02
  0.113767E+02
  0.113333E+02
  0.112886E+02
  0.112421E+02
  0.111949E+02
  0.111464E+02
  0.110975E+02
  0.110478E+02
  0.109973E+02
  0.109456E+02
  0.108937E+02
  0.108405E+02
  0.107866E+02
  0.107318E+02
  0.106766E+02
  0.106207E+02
  0.105638E+02
  0.105061E+02
  0.104486E+02
  0.103904E+02
  0.103321E+02
  0.102727E+02
  0.102132E+02
  0.101535E+02
  0.100929E+02
  0.100312E+02
  0.996891E+01
  0.990578E+01
  0.984191E+01
  0.977689E+01
  0.971171E+01
  0.964563E+01
  0.957900E+01
  0.951123E+01
  0.944289E+01
  0.937374E+01
  0.930351E+01
  0.923167E+01
  0.915916E+01
  0.908594E+01
  0.901181E+01
  0.893645E+01
  0.886021E+01
  0.878228E+01
  0.870347E+01
  0.862319E+01
  0.854182E+01
  0.845930E+01
  0.837552E+01
  0.829003E+01
  0.820347E+01
  0.811557E+01
  0.802632E+01
  0.793550E+01
  0.784417E+01
  0.775200E+01
  0.765883E+01
  0.756428E+01
  0.746929E+01
  0.737364E+01
  0.727720E+01
  0.717996E+01
  0.708292E+01
  0.698548E+01
  0.688771E+01
  0.678964E+01
  0.669144E+01
  0.659316E+01
  0.649549E+01
  0.639759E+01
  0.630010E+01
  0.620371E+01
  0.610783E+01
  0.601193E+01
  0.591698E+01
  0.582273E+01
  0.572957E+01
  0.563732E+01
  0.554639E+01
  0.545681E+01
  0.536851E+01
  0.528095E+01
  0.519476E+01
  0.511024E+01
  0.502716E+01
  0.494531E+01
  0.486517E+01
  0.478657E+01
  0.470979E+01
  0.463463E+01
  0.456114E+01
  0.448902E+01
  0.441838E+01
  0.434927E+01
  0.428194E+01
  0.421592E+01
  0.415151E+01
  0.408854E+01
  0.402715E+01
  0.396731E+01
  0.390863E+01
  0.385103E+01
  0.379514E+01
  0.374066E+01
  0.368750E+01
  0.363551E+01
  0.358504E+01
  0.353603E+01
  0.348838E+01
  0.344205E+01
  0.339731E+01
  0.335407E+01
  0.331219E+01
  0.327133E+01
  0.323185E+01
  0.319346E+01
  0.315619E+01
  0.312013E+01
  0.308505E+01
  0.305128E+01
  0.301919E+01
  0.298784E+01
  0.295802E+01
  0.292978E+01
  0.290249E+01
  0.287655E+01
  0.285153E+01
  0.282719E+01
  0.280391E+01
  0.278127E+01
  0.275987E+01
  0.273925E+01
  0.271941E+01
  0.270041E+01
  0.268152E+01
  0.266301E+01
  0.264492E+01
  0.262694E+01
  0.260935E+01
  0.259211E+01
  0.257527E+01
  0.255851E+01
  0.254193E+01
  0.252518E+01
  0.250822E+01
  0.249096E+01
  0.247383E+01
  0.245691E+01
  0.243935E+01
  0.242163E+01
  0.240427E+01
  0.238690E+01
  0.236924E+01
  0.235081E+01
  0.233193E+01
  0.231265E+01
  0.229308E+01
  0.227299E+01
  0.225259E+01
  0.223189E+01
  0.221018E+01
  0.218749E+01
  0.216386E+01
  0.213920E+01
  0.211411E+01
  0.208780E+01
  0.206027E+01
  0.203230E+01
  0.200317E+01
  0.197294E+01
  0.194184E+01
  0.190932E+01
  0.187604E+01
  0.184172E+01
  0.180623E+01
  0.177013E+01
  0.173303E+01
  0.169490E+01
  0.165635E+01
  0.161669E+01
  0.157605E+01
  0.153490E+01
  0.149317E+01
  0.145100E+01
  0.140843E+01
  0.136539E+01
  0.132184E+01
  0.127784E+01
  0.123319E+01
  0.118784E+01
  0.114230E+01
  0.109659E+01
  0.105077E+01
  0.100483E+01
  0.958934E+00
  0.913093E+00
  0.866980E+00
  0.820964E+00
  0.774914E+00
  0.729183E+00
  0.683899E+00
  0.638616E+00
  0.593824E+00
  0.549017E+00
  0.504277E+00
  0.460126E+00
  0.416030E+00
  0.372342E+00
  0.328894E+00
  0.285494E+00
  0.242380E+00
  0.199794E+00
  0.157784E+00
  0.116196E+00
  0.747447E-01
  0.332084E-01
 -0.809097E-02
 -0.491018E-01
 -0.902867E-01
 -0.131009E+00
 -0.171365E+00
 -0.211597E+00
 -0.251485E+00
 -0.291067E+00
 -0.330638E+00
 -0.369853E+00
 -0.408852E+00
 -0.447451E+00
 -0.485763E+00
 -0.523837E+00
 -0.561498E+00
 -0.599000E+00
 -0.636042E+00
 -0.672545E+00
 -0.708678E+00
 -0.744215E+00
 -0.779727E+00
 -0.814600E+00
 -0.849220E+00
 -0.883152E+00
 -0.916605E+00
 -0.949944E+00
 -0.982672E+00
 -0.101537E+01
 -0.104787E+01
 -0.107975E+01
 -0.111165E+01
 -0.114355E+01
 -0.117560E+01
 -0.120761E+01
 -0.124013E+01
 -0.127269E+01
 -0.130499E+01
 -0.133746E+01
 -0.137027E+01
 -0.140330E+01
 -0.143660E+01
 -0.146995E+01
 -0.150357E+01
 -0.153706E+01
 -0.157084E+01
 -0.160527E+01
 -0.164029E+01
 -0.167510E+01
 -0.171005E+01
 -0.174545E+01
 -0.178119E+01
 -0.181694E+01
 -0.185303E+01
 -0.188939E+01
 -0.192605E+01
 -0.196293E+01
 -0.200024E+01
 -0.203769E+01
 -0.207532E+01
 -0.211317E+01
 -0.215182E+01
 -0.219096E+01
 -0.223040E+01
 -0.226989E+01
 -0.230951E+01
 -0.234860E+01
 -0.238755E+01
 -0.242640E+01
 -0.246514E+01
 -0.250386E+01
 -0.254283E+01
 -0.258201E+01
 -0.262122E+01
 -0.265978E+01
 -0.269860E+01
 -0.273733E+01
 -0.277573E+01
 -0.281399E+01
 -0.285242E+01
 -0.289069E+01
 -0.292873E+01
 -0.296643E+01
 -0.300456E+01
 -0.304282E+01
 -0.308140E+01
 -0.311979E+01
 -0.315814E+01
 -0.319690E+01
 -0.323624E+01
 -0.327564E+01
 -0.331542E+01
 -0.335539E+01
 -0.339586E+01
 -0.343645E+01
 -0.347753E+01
 -0.351917E+01
 -0.356125E+01
 -0.360381E+01
 -0.364722E+01
 -0.369076E+01
 -0.373517E+01
 -0.377992E+01
 -0.382500E+01
 -0.387017E+01
 -0.391556E+01
 -0.396118E+01
 -0.400734E+01
 -0.405348E+01
 -0.409990E+01
 -0.414682E+01
 -0.419443E+01
 -0.424244E+01
 -0.429096E+01
 -0.433910E+01
 -0.438797E+01
 -0.443733E+01
 -0.448689E+01
 -0.453679E+01
 -0.458748E+01
 -0.463859E+01
 -0.468979E+01
 -0.474075E+01
 -0.479266E+01
 -0.484488E+01
 -0.489736E+01
 -0.494986E+01
 -0.500262E+01
 -0.505611E+01
 -0.510992E+01
 -0.516315E+01
 -0.521721E+01
 -0.527080E+01
 -0.532412E+01
 -0.537762E+01
 -0.543115E+01
 -0.548418E+01
 -0.553724E+01
 -0.558987E+01
 -0.564224E+01
 -0.569428E+01
 -0.574617E+01
 -0.579764E+01
 -0.584878E+01
 -0.589922E+01
 -0.594951E+01
 -0.599877E+01
 -0.604782E+01
 -0.609615E+01
 -0.614366E+01
 -0.619012E+01
 -0.623600E+01
 -0.628109E+01
 -0.632515E+01
 -0.636819E+01
 -0.641091E+01
 -0.645197E+01
 -0.649251E+01
 -0.653152E+01
 -0.656926E+01
 -0.660642E+01
 -0.664224E+01
 -0.667658E+01
 -0.671017E+01
 -0.674194E+01
 -0.677253E+01
 -0.680121E+01
 -0.682889E+01
 -0.685543E+01
 -0.688038E+01
 -0.690362E+01
 -0.692602E+01
 -0.694646E+01
 -0.696539E+01
 -0.698248E+01
 -0.699800E+01
 -0.701236E+01
 -0.702540E+01
 -0.703595E+01
 -0.704573E+01
 -0.705370E+01
 -0.705999E+01
 -0.706460E+01
 -0.706743E+01
 -0.706855E+01
 -0.706804E+01
 -0.706509E+01
 -0.706043E+01
 -0.705335E+01
 -0.704442E+01
 -0.703352E+01
 -0.702095E+01
 -0.700589E+01
 -0.698864E+01
 -0.696889E+01
 -0.694707E+01
 -0.692287E+01
 -0.689621E+01
 -0.686630E+01
 -0.683434E+01
 -0.679907E+01
 -0.676075E+01
 -0.671991E+01
 -0.667600E+01
 -0.662864E+01
 -0.657867E+01
 -0.652483E+01
 -0.646892E+01
 -0.641019E+01
 -0.634845E+01
 -0.628384E+01
 -0.621561E+01
 -0.614445E+01
 -0.607030E+01
 -0.599224E+01
 -0.591240E+01
 -0.582940E+01
 -0.574418E+01
 -0.565631E+01
 -0.556501E+01
 -0.547153E+01
 -0.537519E+01
 -0.527481E+01
 -0.517259E+01
 -0.506720E+01
 -0.495976E+01
 -0.485004E+01
 -0.473685E+01
 -0.462178E+01
 -0.450431E+01
 -0.438360E+01
 -0.426165E+01
 -0.413715E+01
 -0.401051E+01
 -0.388164E+01
 -0.375066E+01
 -0.361816E+01
 -0.348350E+01
 -0.334672E+01
 -0.320933E+01
 -0.306975E+01
 -0.292884E+01
 -0.278670E+01
 -0.264311E+01
 -0.249854E+01
 -0.235257E+01
 -0.220554E+01
 -0.205810E+01
 -0.190912E+01
 -0.175938E+01
 -0.160892E+01
 -0.145787E+01
 -0.130628E+01
 -0.115401E+01
 -0.100106E+01
 -0.847491E+00
 -0.692949E+00
 -0.538055E+00
 -0.382447E+00
 -0.226209E+00
 -0.693548E-01
  0.884160E-01
  0.246194E+00
  0.404156E+00
  0.563089E+00
  0.722176E+00
  0.882043E+00
  0.104219E+01
  0.120269E+01
  0.136386E+01
  0.152507E+01
  0.168685E+01
  0.184910E+01
  0.201169E+01
  0.217499E+01
  0.233872E+01
  0.250305E+01
  0.266816E+01
  0.283380E+01
  0.299991E+01
  0.316681E+01
  0.333437E+01
  0.350226E+01
  0.367109E+01
  0.384101E+01
  0.401114E+01
  0.418180E+01
  0.435396E+01
  0.452689E+01
  0.470047E+01
  0.487457E+01
  0.504942E+01
  0.522514E+01
  0.540158E+01
  0.557854E+01
  0.575654E+01
  0.593549E+01
  0.611539E+01
  0.629579E+01
  0.647647E+01
  0.665765E+01
  0.683958E+01
  0.702155E+01
  0.720444E+01
  0.738744E+01
  0.757008E+01
  0.775279E+01
  0.793579E+01
  0.811839E+01
  0.830091E+01
  0.848271E+01
  0.866414E+01
  0.884501E+01
  0.902509E+01
  0.920431E+01
  0.938330E+01
  0.956138E+01
  0.973849E+01
  0.991371E+01
  0.100879E+02
  0.102609E+02
  0.104325E+02
  0.106024E+02
  0.107711E+02
  0.109384E+02
  0.111041E+02
  0.112673E+02
  0.114297E+02
  0.115903E+02
  0.117486E+02
  0.119046E+02
  0.120589E+02
  0.122113E+02
  0.123627E+02
  0.125116E+02
  0.126586E+02
  0.128045E+02
  0.129479E+02
  0.130888E+02
  0.132289E+02
  0.133662E+02
  0.135018E+02
  0.136354E+02
  0.137681E+02
  0.138991E+02
  0.140281E+02
  0.141545E+02
  0.142793E+02
  0.144022E+02
  0.145236E+02
  0.146422E+02
  0.147596E+02
  0.148762E+02
  0.149895E+02
  0.151009E+02
  0.152128E+02
  0.153206E+02
  0.154280E+02
  0.155338E+02
  0.156373E+02
  0.157398E+02
  0.158410E+02
  0.159400E+02
  0.160378E+02
  0.161346E+02
  0.162306E+02
  0.163241E+02
  0.164178E+02
  0.165108E+02
  0.166017E+02
  0.166918E+02
  0.167817E+02
  0.168701E+02
  0.169589E+02
  0.170457E+02
  0.171327E+02
  0.172196E+02
  0.173056E+02
  0.173910E+02
  0.174764E+02
  0.175607E+02
  0.176454E+02
  0.177296E+02
  0.178136E+02
  0.178976E+02
  0.179818E+02
  0.180644E+02
  0.181473E+02
  0.182292E+02
  0.183111E+02
  0.183924E+02
  0.184738E+02
  0.185553E+02
  0.186360E+02
  0.187153E+02
  0.187948E+02
  0.188733E+02
  0.189517E+02
  0.190284E+02
  0.191050E+02
  0.191814E+02
  0.192573E+02
  0.193315E+02
  0.194063E+02
  0.194800E+02
  0.195535E+02
  0.196255E+02
  0.196975E+02
  0.197693E+02
  0.198401E+02
  0.199099E+02
  0.199802E+02
  0.200491E+02
  0.201182E+02
  0.201864E+02
  0.202547E+02
  0.203221E+02
  0.203889E+02
  0.204545E+02
  0.205204E+02
  0.205852E+02
  0.206498E+02
  0.207131E+02
  0.207767E+02
  0.208399E+02
  0.209026E+02
  0.209641E+02
  0.210265E+02
  0.210878E+02
  0.211490E+02
  0.212088E+02
  0.212689E+02
  0.213292E+02
  0.213887E+02
  0.214466E+02
  0.215053E+02
  0.215633E+02
  0.216211E+02
  0.216780E+02
  0.217354E+02
  0.217927E+02
  0.218496E+02
  0.219043E+02
  0.219599E+02
  0.220142E+02
  0.220683E+02
  0.221214E+02
  0.221747E+02
  0.222285E+02
  0.222811E+02
  0.223325E+02
  0.223843E+02
  0.224343E+02
  0.224849E+02
  0.225339E+02
  0.225833E+02
  0.226324E+02
  0.226811E+02
  0.227287E+02
  0.227762E+02
  0.228231E+02
  0.228704E+02
  0.229163E+02
  0.229622E+02
  0.230075E+02
  0.230522E+02
  0.230954E+02
  0.231388E+02
  0.231816E+02
  0.232245E+02
  0.232652E+02
  0.233064E+02
  0.233470E+02
  0.233862E+02
  0.234236E+02
  0.234610E+02
  0.234973E+02
  0.235332E+02
  0.235669E+02
  0.236005E+02
  0.236325E+02
  0.236633E+02
  0.236921E+02
  0.237201E+02
  0.237462E+02
  0.237712E+02
  0.237935E+02
  0.238158E+02
  0.238366E+02
  0.238554E+02
  0.238723E+02
  0.238882E+02
  0.239017E+02
  0.239144E+02
  0.239241E+02
  0.239331E+02
  0.239405E+02
  0.239462E+02
  0.239495E+02
  0.239523E+02
  0.239522E+02
  0.239509E+02
  0.239475E+02
  0.239431E+02
  0.239372E+02
  0.239290E+02
  0.239185E+02
  0.239077E+02
  0.238942E+02
  0.238802E+02
  0.238635E+02
  0.238457E+02
  0.238267E+02
  0.238054E+02
  0.237815E+02
  0.237569E+02
  0.237300E+02
  0.237025E+02
  0.236721E+02
  0.236409E+02
  0.236086E+02
  0.235736E+02
  0.235359E+02
  0.234981E+02
  0.234568E+02
  0.234149E+02
  0.233709E+02
  0.233255E+02
  0.232793E+02
  0.232311E+02
  0.231805E+02
  0.231297E+02
  0.230762E+02
  0.230221E+02
  0.229657E+02
  0.229087E+02
  0.228509E+02
  0.227916E+02
  0.227309E+02
  0.226697E+02
  0.226064E+02
  0.225430E+02
  0.224775E+02
  0.224119E+02
  0.223458E+02
  0.222786E+02
  0.222096E+02
  0.221410E+02
  0.220711E+02
  0.220009E+02
  0.219300E+02
  0.218593E+02
  0.217880E+02
  0.217163E+02
  0.216430E+02
  0.215704E+02
  0.214971E+02
  0.214243E+02
  0.213507E+02
  0.212776E+02
  0.212048E+02
  0.211313E+02
  0.210572E+02
  0.209843E+02
  0.209105E+02
  0.208373E+02
  0.207635E+02
  0.206907E+02
  0.206185E+02
  0.205458E+02
  0.204723E+02
  0.204002E+02
  0.203280E+02
  0.202567E+02
  0.201851E+02
  0.201148E+02
  0.200455E+02
  0.199765E+02
  0.199074E+02
  0.198397E+02
  0.197722E+02
  0.197059E+02
  0.196395E+02
  0.195748E+02
  0.195111E+02
  0.194480E+02
  0.193846E+02
  0.193231E+02
  0.192624E+02
  0.192024E+02
  0.191424E+02
  0.190839E+02
  0.190263E+02
  0.189689E+02
  0.189111E+02
  0.188545E+02
  0.187977E+02
  0.187422E+02
  0.186861E+02
  0.186309E+02
  0.185771E+02
  0.185232E+02
  0.184686E+02
  0.184150E+02
  0.183612E+02
  0.183085E+02
  0.182549E+02
  0.182016E+02
  0.181490E+02
  0.180965E+02
  0.180429E+02
  0.179898E+02
  0.179362E+02
  0.178832E+02
  0.178291E+02
  0.177752E+02
  0.177217E+02
  0.176679E+02
  0.176129E+02
  0.175582E+02
  0.175027E+02
  0.174478E+02
  0.173919E+02
  0.173363E+02
  0.172804E+02
  0.172238E+02
  0.171660E+02
  0.171090E+02
  0.170514E+02
  0.169942E+02
  0.169360E+02
  0.168783E+02
  0.168210E+02
  0.167628E+02
  0.167042E+02
  0.166466E+02
  0.165881E+02
  0.165301E+02
  0.164713E+02
  0.164138E+02
  0.163566E+02
  0.162984E+02
  0.162398E+02
  0.161820E+02
  0.161237E+02
  0.160655E+02
  0.160067E+02
  0.159490E+02
  0.158913E+02
  0.158337E+02
  0.157757E+02
  0.157186E+02
  0.156616E+02
  0.156051E+02
  0.155479E+02
  0.154914E+02
  0.154356E+02
  0.153798E+02
  0.153237E+02
  0.152683E+02
  0.152128E+02
  0.151584E+02
  0.151033E+02
  0.150491E+02
  0.149954E+02
  0.149415E+02
  0.148872E+02
  0.148339E+02
  0.147800E+02
  0.147262E+02
  0.146725E+02
  0.146199E+02
  0.145669E+02
  0.145134E+02
  0.144594E+02
  0.144060E+02
  0.143522E+02
  0.142985E+02
  0.142442E+02
  0.141903E+02
  0.141361E+02
  0.140810E+02
  0.140250E+02
  0.139696E+02
  0.139134E+02
  0.138569E+02
  0.137992E+02
  0.137419E+02
  0.136841E+02
  0.136256E+02
  0.135661E+02
  0.135068E+02
  0.134466E+02
  0.133856E+02
  0.133236E+02
  0.132619E+02
  0.131998E+02
  0.131371E+02
  0.130735E+02
  0.130093E+02
  0.129445E+02
  0.128800E+02
  0.128144E+02
  0.127491E+02
  0.126830E+02
  0.126166E+02
  0.125502E+02
  0.124830E+02
  0.124149E+02
  0.123470E+02
  0.122777E+02
  0.122091E+02
  0.121403E+02
  0.120709E+02
  0.120006E+02
  0.119304E+02
  0.118596E+02
  0.117884E+02
  0.117168E+02
  0.116455E+02
  0.115727E+02
  0.114994E+02
  0.114254E+02
  0.113509E+02
  0.112766E+02
  0.112013E+02
  0.111243E+02
  0.110482E+02
  0.109716E+02
  0.108938E+02
  0.108150E+02
  0.107361E+02
  0.106562E+02
  0.105757E+02
  0.104943E+02
  0.104128E+02
  0.103309E+02
  0.102486E+02
  0.101646E+02
  0.100803E+02
  0.999492E+01
  0.990874E+01
  0.982149E+01
  0.973415E+01
  0.964625E+01
  0.955746E+01
  0.946811E+01
  0.937845E+01
  0.928767E+01
  0.919703E+01
  0.910566E+01
  0.901419E+01
  0.892260E+01
  0.883035E+01
  0.873713E+01
  0.864408E+01
  0.855008E+01
  0.845606E+01
  0.836209E+01
  0.826806E+01
  0.817426E+01
  0.808088E+01
  0.798690E+01
  0.789328E+01
  0.779995E+01
  0.770697E+01
  0.761369E+01
  0.752127E+01
  0.742947E+01
  0.733718E+01
  0.724498E+01
  0.715343E+01
  0.706177E+01
  0.697158E+01
  0.688126E+01
  0.679109E+01
  0.670189E+01
  0.661333E+01
  0.652467E+01
  0.643635E+01
  0.634887E+01
  0.626186E+01
  0.617484E+01
  0.608852E+01
  0.600248E+01
  0.591717E+01
  0.583228E+01
  0.574777E+01
  0.566338E+01
  0.557973E+01
  0.549607E+01
  0.541305E+01
  0.533060E+01
  0.524826E+01
  0.516632E+01
  0.508508E+01
  0.500404E+01
  0.492322E+01
  0.484291E+01
  0.476371E+01
  0.468468E+01
  0.460586E+01
  0.452756E+01
  0.445004E+01
  0.437263E+01
  0.429576E+01
  0.421923E+01
  0.414303E+01
  0.406738E+01
  0.399203E+01
  0.391722E+01
  0.384323E+01
  0.376943E+01
  0.369662E+01
  0.362379E+01
  0.355125E+01
  0.347966E+01
  0.340814E+01
  0.333713E+01
  0.326700E+01
  0.319701E+01
  0.312789E+01
  0.305913E+01
  0.299119E+01
  0.292409E+01
  0.285763E+01
  0.279178E+01
  0.272632E+01
  0.266181E+01
  0.259768E+01
  0.253349E+01
  0.247026E+01
  0.240760E+01
  0.234569E+01
  0.228425E+01
  0.222320E+01
  0.216268E+01
  0.210217E+01
  0.204192E+01
  0.198260E+01
  0.192378E+01
  0.186558E+01
  0.180795E+01
  0.175073E+01
  0.169354E+01
  0.163665E+01
  0.158052E+01
  0.152505E+01
  0.146998E+01
  0.141505E+01
  0.136058E+01
  0.130686E+01
  0.125335E+01
  0.120009E+01
  0.114686E+01
  0.109383E+01
  0.104107E+01
  0.988368E+00
  0.935572E+00
  0.882727E+00
  0.830100E+00
  0.777416E+00
  0.724635E+00
  0.671752E+00
  0.618881E+00
  0.566290E+00
  0.513436E+00
  0.460585E+00
  0.407803E+00
  0.354065E+00
  0.300074E+00
  0.245991E+00
  0.191247E+00
  0.136669E+00
  0.819292E-01
  0.268698E-01
 -0.280056E-01
 -0.837069E-01
 -0.139116E+00
 -0.194502E+00
 -0.250684E+00
 -0.306002E+00
 -0.361509E+00
 -0.417261E+00
 -0.472795E+00
 -0.528535E+00
 -0.584122E+00
 -0.639724E+00
 -0.695133E+00
 -0.750820E+00
 -0.806059E+00
 -0.861237E+00
 -0.916405E+00
 -0.971388E+00
 -0.102603E+01
 -0.108004E+01
 -0.113430E+01
 -0.118880E+01
 -0.124290E+01
 -0.129726E+01
 -0.135146E+01
 -0.140559E+01
 -0.146017E+01
 -0.151430E+01
 -0.156881E+01
 -0.162376E+01
 -0.167865E+01
 -0.173494E+01
 -0.179135E+01
 -0.184868E+01
 -0.190700E+01
 -0.196543E+01
 -0.202511E+01
 -0.208555E+01
 -0.214699E+01
 -0.221009E+01
 -0.227388E+01
 -0.233925E+01
 -0.240584E+01
 -0.247342E+01
 -0.254270E+01
 -0.261291E+01
 -0.268393E+01
 -0.275691E+01
 -0.283091E+01
 -0.290663E+01
 -0.298377E+01
 -0.306191E+01
 -0.314171E+01
 -0.322254E+01
 -0.330373E+01
 -0.338625E+01
 -0.347010E+01
 -0.355513E+01
 -0.364094E+01
 -0.372778E+01
 -0.381550E+01
 -0.390425E+01
 -0.399358E+01
 -0.408388E+01
 -0.417487E+01
 -0.426628E+01
 -0.435810E+01
 -0.445081E+01
 -0.454345E+01
 -0.463682E+01
 -0.473072E+01
 -0.482417E+01
 -0.491814E+01
 -0.501297E+01
 -0.510678E+01
 -0.520148E+01
 -0.529673E+01
 -0.539145E+01
 -0.548635E+01
 -0.558109E+01
 -0.567501E+01
 -0.576869E+01
 -0.586151E+01
 -0.595444E+01
 -0.604681E+01
 -0.613847E+01
 -0.622943E+01
 -0.631963E+01
 -0.640876E+01
 -0.649731E+01
 -0.658426E+01
 -0.667022E+01
 -0.675482E+01
 -0.683790E+01
 -0.691943E+01
 -0.699975E+01
 -0.707862E+01
 -0.715627E+01
 -0.723176E+01
 -0.730619E+01
 -0.737926E+01
 -0.745052E+01
 -0.751989E+01
 -0.758778E+01
 -0.765378E+01
 -0.771861E+01
 -0.778154E+01
 -0.784316E+01
 -0.790322E+01
 -0.796163E+01
 -0.801814E+01
 -0.807307E+01
 -0.812606E+01
 -0.817788E+01
 -0.822762E+01
 -0.827615E+01
 -0.832286E+01
 -0.836772E+01
 -0.841034E+01
 -0.845146E+01
 -0.849088E+01
 -0.852884E+01
 -0.856459E+01
 -0.859932E+01
 -0.863270E+01
 -0.866397E+01
 -0.869305E+01
 -0.872134E+01
 -0.874786E+01
 -0.877303E+01
 -0.879673E+01
 -0.881909E+01
 -0.884014E+01
 -0.885999E+01
 -0.887766E+01
 -0.889433E+01
 -0.890947E+01
 -0.892363E+01
 -0.893576E+01
 -0.894705E+01
 -0.895757E+01
 -0.896623E+01
 -0.897329E+01
 -0.897987E+01
 -0.898495E+01
 -0.898924E+01
 -0.899216E+01
 -0.899434E+01
 -0.899517E+01
 -0.899521E+01
 -0.899380E+01
 -0.899118E+01
 -0.898720E+01
 -0.898245E+01
 -0.897637E+01
 -0.897008E+01
 -0.896253E+01
 -0.895361E+01
 -0.894355E+01
 -0.893238E+01
 -0.891991E+01
 -0.890712E+01
 -0.889252E+01
 -0.887745E+01
 -0.886168E+01
 -0.884464E+01
 -0.882643E+01
 -0.880767E+01
 -0.878754E+01
 -0.876698E+01
 -0.874466E+01
 -0.872166E+01
 -0.869831E+01
 -0.867403E+01
 -0.864806E+01
 -0.862150E+01
 -0.859404E+01
 -0.856549E+01
 -0.853589E+01
 -0.850575E+01
 -0.847464E+01
 -0.844311E+01
 -0.841034E+01
 -0.837726E+01
 -0.834299E+01
 -0.830804E+01
 -0.827137E+01
 -0.823417E+01
 -0.819649E+01
 -0.815726E+01
 -0.811671E+01
 -0.807607E+01
 -0.803421E+01
 -0.799182E+01
 -0.794837E+01
 -0.790424E+01
 -0.785952E+01
 -0.781393E+01
 -0.776700E+01
 -0.771966E+01
 -0.767134E+01
 -0.762283E+01
 -0.757352E+01
 -0.752391E+01
 -0.747376E+01
 -0.742301E+01
 -0.737173E+01
 -0.732004E+01
 -0.726791E+01
 -0.721611E+01
 -0.716328E+01
 -0.711045E+01
 -0.705746E+01
 -0.700412E+01
 -0.695008E+01
 -0.689604E+01
 -0.684168E+01
 -0.678707E+01
 -0.673195E+01
 -0.667717E+01
 -0.662221E+01
 -0.656714E+01
 -0.651170E+01
 -0.645614E+01
 -0.640013E+01
 -0.634423E+01
 -0.628741E+01
 -0.623056E+01
 -0.617347E+01
 -0.611595E+01
 -0.605828E+01
 -0.600023E+01
 -0.594163E+01
 -0.588332E+01
 -0.582430E+01
 -0.576523E+01
 -0.570582E+01
 -0.564630E+01
 -0.558608E+01
 -0.552557E+01
 -0.546526E+01
 -0.540469E+01
 -0.534371E+01
 -0.528326E+01
 -0.522226E+01
 -0.516120E+01
 -0.509972E+01
 -0.503814E+01
 -0.497664E+01
 -0.491556E+01
 -0.485409E+01
 -0.479301E+01
 -0.473217E+01
 -0.467096E+01
 -0.460983E+01
 -0.454875E+01
 -0.448745E+01
 -0.442688E+01
 -0.436586E+01
 -0.430564E+01
 -0.424595E+01
 -0.418608E+01
 -0.412654E+01
 -0.406768E+01
 -0.400889E+01
 -0.395057E+01
 -0.389278E+01
 -0.383542E+01
 -0.377853E+01
 -0.372242E+01
 -0.366626E+01
 -0.361085E+01
 -0.355560E+01
 -0.350085E+01
 -0.344623E+01
 -0.339159E+01
 -0.333869E+01
 -0.328541E+01
 -0.323182E+01
 -0.318034E+01
 -0.312762E+01
 -0.307584E+01
 -0.302472E+01
 -0.297249E+01
 -0.292183E+01
 -0.287118E+01
 -0.282048E+01
 -0.277091E+01
 -0.272089E+01
 -0.267196E+01
 -0.262331E+01
 -0.257499E+01
 -0.252738E+01
 -0.247992E+01
 -0.243281E+01
 -0.238641E+01
 -0.234049E+01
 -0.229501E+01
 -0.224987E+01
 -0.220565E+01
 -0.216203E+01
 -0.211894E+01
 -0.207630E+01
 -0.203437E+01
 -0.199300E+01
 -0.195211E+01
 -0.191175E+01
 -0.187227E+01
 -0.183340E+01
 -0.179532E+01
 -0.175761E+01
 -0.172061E+01
 -0.168426E+01
 -0.164834E+01
 -0.161289E+01
 -0.157820E+01
 -0.154420E+01
 -0.151056E+01
 -0.147731E+01
 -0.144467E+01
 -0.141230E+01
 -0.138060E+01
 -0.134917E+01
 -0.131819E+01
 -0.128789E+01
 -0.125794E+01
 -0.122818E+01
 -0.119889E+01
 -0.116975E+01
 -0.114101E+01
 -0.111245E+01
 -0.108410E+01
 -0.105602E+01
 -0.102808E+01
 -0.100018E+01
 -0.972490E+00
 -0.944976E+00
 -0.917598E+00
 -0.890249E+00
 -0.863119E+00
 -0.836057E+00
 -0.809101E+00
 -0.782220E+00
 -0.755521E+00
 -0.728896E+00
 -0.702373E+00
 -0.675935E+00
 -0.649712E+00
 -0.623636E+00
 -0.597708E+00
 -0.571918E+00
 -0.546349E+00
 -0.520987E+00
 -0.495908E+00
 -0.471055E+00
 -0.446527E+00
 -0.422278E+00
 -0.398307E+00
 -0.374498E+00
 -0.351147E+00
 -0.328228E+00
 -0.305573E+00
 -0.283306E+00
 -0.261442E+00
 -0.239978E+00
 -0.219003E+00
 -0.198318E+00
 -0.178072E+00
 -0.158198E+00
 -0.138712E+00
 -0.119620E+00
 -0.101034E+00
 -0.827851E-01
 -0.649607E-01
 -0.477516E-01
 -0.308138E-01
 -0.142841E-01
  0.170132E-02
  0.174349E-01
  0.326554E-01
  0.474271E-01
  0.618151E-01
  0.757851E-01
  0.892793E-01
  0.102379E+00
  0.115055E+00
  0.127286E+00
  0.139097E+00
  0.150449E+00
  0.161428E+00
  0.172004E+00
  0.182171E+00
  0.191999E+00
  0.201388E+00
  0.210410E+00
  0.219044E+00
  0.227316E+00
  0.235231E+00
  0.242791E+00
  0.250060E+00
  0.256952E+00
  0.263514E+00
  0.269763E+00
  0.275633E+00
  0.281202E+00
  0.286454E+00
  0.291376E+00
  0.295993E+00
  0.300359E+00
  0.304433E+00
  0.308196E+00
  0.311695E+00
  0.314897E+00
  0.317799E+00
  0.320420E+00
  0.322778E+00
  0.324878E+00
  0.326687E+00
  0.328232E+00
  0.329516E+00
  0.330527E+00
  0.331301E+00
  0.331819E+00
  0.332092E+00
  0.332134E+00
  0.331953E+00
  0.331529E+00
  0.330884E+00
  0.330047E+00
  0.328990E+00
  0.327740E+00
  0.326289E+00
  0.324656E+00
  0.322869E+00
  0.320908E+00
  0.318801E+00
  0.316520E+00
  0.314097E+00
  0.311543E+00
  0.308847E+00
  0.306017E+00
  0.303050E+00
  0.299980E+00
  0.296804E+00
  0.293508E+00
  0.290115E+00
  0.286615E+00
  0.283037E+00
  0.279371E+00
  0.275604E+00
  0.271766E+00
  0.267870E+00
  0.263907E+00
  0.259894E+00
  0.255828E+00
  0.251710E+00
  0.247546E+00
  0.243343E+00
  0.239093E+00
  0.234817E+00
  0.230521E+00
  0.226206E+00
  0.221881E+00
  0.217553E+00
  0.213219E+00
  0.208888E+00
  0.204559E+00
  0.200237E+00
  0.195924E+00
  0.191625E+00
  0.187347E+00
  0.183093E+00
  0.178858E+00
  0.174653E+00
  0.170477E+00
  0.166334E+00
  0.162224E+00
  0.158150E+00
  0.154111E+00
  0.150113E+00
  0.146152E+00
  0.142231E+00
  0.138352E+00
  0.134523E+00
  0.130736E+00
  0.126994E+00
  0.123301E+00
  0.119657E+00
  0.116062E+00
  0.112521E+00
  0.109031E+00
  0.105596E+00
  0.102215E+00
  0.988882E-01
  0.956167E-01
  0.924012E-01
  0.892410E-01
  0.861376E-01
  0.830898E-01
  0.800999E-01
  0.771673E-01
  0.742924E-01
  0.714742E-01
  0.687151E-01
  0.660128E-01
  0.633674E-01
  0.607784E-01
  0.582470E-01
  0.557720E-01
  0.533543E-01
  0.509922E-01
  0.486871E-01
  0.464375E-01
  0.442449E-01
  0.421074E-01
  0.400257E-01
  0.379993E-01
  0.360280E-01
  0.341114E-01
  0.322495E-01
  0.304421E-01
  0.286892E-01
  0.269900E-01
  0.253453E-01
  0.237541E-01
  0.222165E-01
  0.207319E-01
  0.193007E-01
  0.179224E-01
  0.165969E-01
  0.153236E-01
  0.141030E-01
  0.129344E-01
  0.118179E-01
  0.107530E-01
  0.973969E-02
  0.877775E-02
  0.786701E-02
  0.700720E-02
  0.619825E-02
  0.543988E-02
  0.473187E-02
  0.407410E-02
  0.346633E-02
  0.290834E-02
  0.240001E-02
  0.194106E-02
  0.153131E-02
  0.117064E-02
  0.858728E-03
  0.595386E-03
  0.380433E-03
  0.213676E-03
  0.947967E-04
  0.236493E-04
  0.000000E+00
