    10.00   0.0250    15600    34.17  -118.18     177.67      7107      0.080525
  0.000000E+00
 -0.295593E-05
 -0.116337E-04
 -0.256759E-04
 -0.447552E-04
 -0.683584E-04
 -0.963887E-04
 -0.128162E-03
 -0.163616E-03
 -0.202356E-03
 -0.244829E-03
 -0.290238E-03
 -0.339209E-03
 -0.389592E-03
 -0.443275E-03
 -0.498918E-03
 -0.554846E-03
 -0.613447E-03
 -0.677541E-03
 -0.737597E-03
 -0.800378E-03
 -0.860335E-03
 -0.921266E-03
 -0.982064E-03
 -0.104034E-02
 -0.109933E-02
 -0.116120E-02
 -0.121859E-02
 -0.128269E-02
 -0.133680E-02
 -0.139575E-02
 -0.144955E-02
 -0.149484E-02
 -0.153906E-02
 -0.158523E-02
 -0.161369E-02
 -0.164470E-02
 -0.167028E-02
 -0.171078E-02
 -0.174713E-02
 -0.177711E-02
 -0.180155E-02
 -0.183384E-02
 -0.186289E-02
 -0.189844E-02
 -0.193753E-02
 -0.200745E-02
 -0.204590E-02
 -0.207903E-02
 -0.212736E-02
 -0.218348E-02
 -0.222042E-02
 -0.228195E-02
 -0.234263E-02
 -0.242882E-02
 -0.250311E-02
 -0.257689E-02
 -0.264331E-02
 -0.274886E-02
 -0.285402E-02
 -0.297142E-02
 -0.309597E-02
 -0.326012E-02
 -0.340387E-02
 -0.355747E-02
 -0.371038E-02
 -0.387733E-02
 -0.401791E-02
 -0.420722E-02
 -0.437509E-02
 -0.454305E-02
 -0.468643E-02
 -0.484027E-02
 -0.501859E-02
 -0.520373E-02
 -0.532216E-02
 -0.548990E-02
 -0.561340E-02
 -0.574419E-02
 -0.584949E-02
 -0.595870E-02
 -0.605594E-02
 -0.618313E-02
 -0.631120E-02
 -0.640841E-02
 -0.646580E-02
 -0.662288E-02
 -0.666184E-02
 -0.674641E-02
 -0.689278E-02
 -0.708028E-02
 -0.724678E-02
 -0.739152E-02
 -0.753959E-02
 -0.773201E-02
 -0.777545E-02
 -0.782486E-02
 -0.790120E-02
 -0.802294E-02
 -0.800001E-02
 -0.800514E-02
 -0.797254E-02
 -0.796139E-02
 -0.790342E-02
 -0.775759E-02
 -0.756015E-02
 -0.749302E-02
 -0.733641E-02
 -0.710094E-02
 -0.671411E-02
 -0.636557E-02
 -0.591892E-02
 -0.547457E-02
 -0.500680E-02
 -0.450222E-02
 -0.398010E-02
 -0.359179E-02
 -0.309227E-02
 -0.263832E-02
 -0.215932E-02
 -0.177705E-02
 -0.126232E-02
 -0.791529E-03
 -0.347425E-03
  0.178934E-03
  0.758297E-03
  0.127710E-02
  0.198712E-02
  0.251129E-02
  0.306500E-02
  0.352478E-02
  0.398795E-02
  0.445056E-02
  0.484311E-02
  0.508074E-02
  0.544171E-02
  0.577509E-02
  0.612668E-02
  0.634216E-02
  0.673038E-02
  0.696579E-02
  0.713581E-02
  0.721881E-02
  0.738795E-02
  0.764673E-02
  0.773715E-02
  0.760094E-02
  0.784352E-02
  0.794543E-02
  0.808190E-02
  0.813748E-02
  0.816783E-02
  0.821271E-02
  0.826883E-02
  0.812619E-02
  0.828769E-02
  0.851359E-02
  0.891027E-02
  0.926770E-02
  0.972364E-02
  0.102329E-01
  0.107581E-01
  0.111957E-01
  0.120361E-01
  0.128571E-01
  0.138208E-01
  0.148961E-01
  0.161616E-01
  0.172620E-01
  0.183542E-01
  0.193094E-01
  0.205891E-01
  0.219845E-01
  0.236093E-01
  0.251053E-01
  0.267192E-01
  0.284426E-01
  0.301622E-01
  0.315666E-01
  0.330948E-01
  0.345260E-01
  0.361295E-01
  0.375477E-01
  0.390220E-01
  0.404124E-01
  0.417386E-01
  0.429758E-01
  0.443288E-01
  0.452303E-01
  0.463964E-01
  0.474263E-01
  0.485066E-01
  0.494890E-01
  0.501367E-01
  0.503779E-01
  0.506987E-01
  0.507476E-01
  0.508503E-01
  0.507933E-01
  0.508619E-01
  0.506137E-01
  0.502064E-01
  0.493289E-01
  0.482350E-01
  0.467194E-01
  0.451470E-01
  0.434307E-01
  0.418287E-01
  0.400935E-01
  0.382054E-01
  0.358097E-01
  0.335790E-01
  0.312174E-01
  0.288748E-01
  0.261166E-01
  0.237510E-01
  0.216863E-01
  0.194144E-01
  0.170019E-01
  0.151566E-01
  0.129905E-01
  0.109188E-01
  0.844900E-02
  0.614403E-02
  0.416455E-02
  0.217588E-02
 -0.101095E-04
 -0.178980E-02
 -0.348258E-02
 -0.488523E-02
 -0.697696E-02
 -0.868763E-02
 -0.987844E-02
 -0.108264E-01
 -0.117628E-01
 -0.123407E-01
 -0.131574E-01
 -0.138586E-01
 -0.145462E-01
 -0.150838E-01
 -0.156624E-01
 -0.156675E-01
 -0.159373E-01
 -0.159605E-01
 -0.158831E-01
 -0.155296E-01
 -0.154660E-01
 -0.151745E-01
 -0.149247E-01
 -0.149829E-01
 -0.152955E-01
 -0.148912E-01
 -0.145038E-01
 -0.142311E-01
 -0.146651E-01
 -0.144702E-01
 -0.138885E-01
 -0.136218E-01
 -0.137647E-01
 -0.136945E-01
 -0.139375E-01
 -0.138261E-01
 -0.142152E-01
 -0.144489E-01
 -0.146583E-01
 -0.147070E-01
 -0.148661E-01
 -0.149461E-01
 -0.150895E-01
 -0.150345E-01
 -0.155569E-01
 -0.154971E-01
 -0.155233E-01
 -0.157419E-01
 -0.161948E-01
 -0.167711E-01
 -0.175848E-01
 -0.181324E-01
 -0.191699E-01
 -0.196462E-01
 -0.202029E-01
 -0.211018E-01
 -0.218771E-01
 -0.222327E-01
 -0.232131E-01
 -0.241084E-01
 -0.254379E-01
 -0.260312E-01
 -0.263845E-01
 -0.267366E-01
 -0.271753E-01
 -0.269523E-01
 -0.263193E-01
 -0.254794E-01
 -0.251382E-01
 -0.241558E-01
 -0.231124E-01
 -0.218331E-01
 -0.207386E-01
 -0.194749E-01
 -0.179974E-01
 -0.156813E-01
 -0.135995E-01
 -0.111505E-01
 -0.835656E-02
 -0.519650E-02
 -0.259506E-02
  0.142969E-03
  0.292196E-02
  0.586597E-02
  0.822518E-02
  0.114872E-01
  0.147963E-01
  0.175383E-01
  0.202955E-01
  0.238640E-01
  0.269361E-01
  0.300599E-01
  0.328281E-01
  0.357629E-01
  0.386705E-01
  0.415769E-01
  0.439364E-01
  0.471172E-01
  0.499100E-01
  0.524976E-01
  0.548216E-01
  0.570004E-01
  0.589838E-01
  0.610144E-01
  0.622848E-01
  0.635137E-01
  0.646114E-01
  0.664976E-01
  0.678276E-01
  0.691029E-01
  0.703537E-01
  0.715801E-01
  0.723645E-01
  0.737048E-01
  0.752272E-01
  0.767701E-01
  0.779617E-01
  0.798727E-01
  0.817037E-01
  0.836979E-01
  0.850732E-01
  0.866066E-01
  0.876095E-01
  0.886343E-01
  0.896717E-01
  0.908771E-01
  0.921131E-01
  0.934489E-01
  0.940263E-01
  0.954573E-01
  0.966496E-01
  0.976464E-01
  0.980389E-01
  0.985462E-01
  0.989732E-01
  0.989546E-01
  0.984797E-01
  0.983211E-01
  0.976381E-01
  0.973652E-01
  0.962581E-01
  0.955564E-01
  0.949149E-01
  0.935051E-01
  0.914688E-01
  0.895215E-01
  0.869532E-01
  0.849420E-01
  0.823635E-01
  0.796475E-01
  0.762684E-01
  0.725451E-01
  0.684472E-01
  0.648140E-01
  0.615208E-01
  0.581796E-01
  0.539801E-01
  0.509563E-01
  0.483698E-01
  0.455347E-01
  0.415332E-01
  0.387622E-01
  0.365787E-01
  0.336489E-01
  0.313892E-01
  0.308075E-01
  0.296535E-01
  0.286503E-01
  0.275126E-01
  0.267868E-01
  0.257874E-01
  0.249462E-01
  0.237799E-01
  0.223179E-01
  0.206728E-01
  0.202045E-01
  0.191689E-01
  0.177059E-01
  0.160170E-01
  0.138969E-01
  0.106840E-01
  0.756454E-02
  0.358868E-02
 -0.132179E-02
 -0.774956E-02
 -0.151100E-01
 -0.228319E-01
 -0.305519E-01
 -0.403576E-01
 -0.507631E-01
 -0.628843E-01
 -0.766945E-01
 -0.908537E-01
 -0.105693E+00
 -0.122810E+00
 -0.140617E+00
 -0.159810E+00
 -0.180061E+00
 -0.201071E+00
 -0.222752E+00
 -0.245534E+00
 -0.268830E+00
 -0.293276E+00
 -0.317719E+00
 -0.343582E+00
 -0.369678E+00
 -0.395411E+00
 -0.422123E+00
 -0.449863E+00
 -0.477013E+00
 -0.505110E+00
 -0.533114E+00
 -0.561995E+00
 -0.591120E+00
 -0.619840E+00
 -0.649515E+00
 -0.679945E+00
 -0.709543E+00
 -0.739908E+00
 -0.769901E+00
 -0.800348E+00
 -0.830598E+00
 -0.860826E+00
 -0.891775E+00
 -0.923386E+00
 -0.954361E+00
 -0.985555E+00
 -0.101686E+01
 -0.104871E+01
 -0.108021E+01
 -0.111197E+01
 -0.114370E+01
 -0.117625E+01
 -0.120880E+01
 -0.124164E+01
 -0.127455E+01
 -0.130769E+01
 -0.134109E+01
 -0.137494E+01
 -0.140908E+01
 -0.144412E+01
 -0.147928E+01
 -0.151520E+01
 -0.155058E+01
 -0.158678E+01
 -0.162324E+01
 -0.165939E+01
 -0.169561E+01
 -0.173180E+01
 -0.176774E+01
 -0.180362E+01
 -0.183865E+01
 -0.187459E+01
 -0.190975E+01
 -0.194446E+01
 -0.197949E+01
 -0.201484E+01
 -0.205008E+01
 -0.208546E+01
 -0.212035E+01
 -0.215563E+01
 -0.219079E+01
 -0.222646E+01
 -0.226240E+01
 -0.229909E+01
 -0.233587E+01
 -0.237282E+01
 -0.240992E+01
 -0.244744E+01
 -0.248446E+01
 -0.252161E+01
 -0.255867E+01
 -0.259613E+01
 -0.263380E+01
 -0.267211E+01
 -0.271023E+01
 -0.274856E+01
 -0.278601E+01
 -0.282307E+01
 -0.286065E+01
 -0.289820E+01
 -0.293533E+01
 -0.297298E+01
 -0.301041E+01
 -0.304845E+01
 -0.308575E+01
 -0.312287E+01
 -0.315983E+01
 -0.319664E+01
 -0.323332E+01
 -0.327001E+01
 -0.330675E+01
 -0.334413E+01
 -0.338167E+01
 -0.341941E+01
 -0.345694E+01
 -0.349501E+01
 -0.353245E+01
 -0.356956E+01
 -0.360626E+01
 -0.364255E+01
 -0.367792E+01
 -0.371249E+01
 -0.374655E+01
 -0.377994E+01
 -0.381194E+01
 -0.384347E+01
 -0.387418E+01
 -0.390482E+01
 -0.393450E+01
 -0.396360E+01
 -0.399219E+01
 -0.401989E+01
 -0.404666E+01
 -0.407289E+01
 -0.409768E+01
 -0.412207E+01
 -0.414545E+01
 -0.416785E+01
 -0.418958E+01
 -0.421059E+01
 -0.423076E+01
 -0.425028E+01
 -0.426802E+01
 -0.428500E+01
 -0.430109E+01
 -0.431582E+01
 -0.432929E+01
 -0.434245E+01
 -0.435451E+01
 -0.436578E+01
 -0.437616E+01
 -0.438561E+01
 -0.439425E+01
 -0.440228E+01
 -0.440924E+01
 -0.441583E+01
 -0.442140E+01
 -0.442659E+01
 -0.443130E+01
 -0.443594E+01
 -0.444025E+01
 -0.444443E+01
 -0.444837E+01
 -0.445249E+01
 -0.445701E+01
 -0.446191E+01
 -0.446725E+01
 -0.447376E+01
 -0.448074E+01
 -0.448882E+01
 -0.449754E+01
 -0.450811E+01
 -0.452033E+01
 -0.453366E+01
 -0.454902E+01
 -0.456633E+01
 -0.458464E+01
 -0.460505E+01
 -0.462669E+01
 -0.465028E+01
 -0.467593E+01
 -0.470335E+01
 -0.473286E+01
 -0.476491E+01
 -0.479810E+01
 -0.483332E+01
 -0.487072E+01
 -0.490985E+01
 -0.495075E+01
 -0.499360E+01
 -0.503793E+01
 -0.508396E+01
 -0.513111E+01
 -0.517998E+01
 -0.523053E+01
 -0.528275E+01
 -0.533602E+01
 -0.539051E+01
 -0.544570E+01
 -0.550203E+01
 -0.555919E+01
 -0.561686E+01
 -0.567533E+01
 -0.573484E+01
 -0.579458E+01
 -0.585511E+01
 -0.591579E+01
 -0.597683E+01
 -0.603830E+01
 -0.609995E+01
 -0.616178E+01
 -0.622450E+01
 -0.628752E+01
 -0.635143E+01
 -0.641617E+01
 -0.648194E+01
 -0.654854E+01
 -0.661607E+01
 -0.668534E+01
 -0.675607E+01
 -0.682766E+01
 -0.690153E+01
 -0.697667E+01
 -0.705336E+01
 -0.713176E+01
 -0.721147E+01
 -0.729307E+01
 -0.737651E+01
 -0.746155E+01
 -0.754869E+01
 -0.763704E+01
 -0.772717E+01
 -0.781897E+01
 -0.791213E+01
 -0.800710E+01
 -0.810400E+01
 -0.820254E+01
 -0.830311E+01
 -0.840546E+01
 -0.851002E+01
 -0.861654E+01
 -0.872530E+01
 -0.883646E+01
 -0.894945E+01
 -0.906454E+01
 -0.918179E+01
 -0.930058E+01
 -0.942122E+01
 -0.954350E+01
 -0.966753E+01
 -0.979333E+01
 -0.992123E+01
 -0.100514E+02
 -0.101835E+02
 -0.103177E+02
 -0.104541E+02
 -0.105922E+02
 -0.107326E+02
 -0.108750E+02
 -0.110189E+02
 -0.111644E+02
 -0.113112E+02
 -0.114593E+02
 -0.116089E+02
 -0.117592E+02
 -0.119102E+02
 -0.120622E+02
 -0.122144E+02
 -0.123667E+02
 -0.125192E+02
 -0.126715E+02
 -0.128236E+02
 -0.129748E+02
 -0.131250E+02
 -0.132745E+02
 -0.134227E+02
 -0.135703E+02
 -0.137167E+02
 -0.138621E+02
 -0.140065E+02
 -0.141498E+02
 -0.142919E+02
 -0.144325E+02
 -0.145721E+02
 -0.147111E+02
 -0.148492E+02
 -0.149872E+02
 -0.151248E+02
 -0.152622E+02
 -0.153994E+02
 -0.155368E+02
 -0.156743E+02
 -0.158125E+02
 -0.159512E+02
 -0.160907E+02
 -0.162306E+02
 -0.163712E+02
 -0.165131E+02
 -0.166559E+02
 -0.167993E+02
 -0.169443E+02
 -0.170899E+02
 -0.172371E+02
 -0.173852E+02
 -0.175342E+02
 -0.176840E+02
 -0.178336E+02
 -0.179827E+02
 -0.181319E+02
 -0.182801E+02
 -0.184277E+02
 -0.185739E+02
 -0.187193E+02
 -0.188634E+02
 -0.190057E+02
 -0.191457E+02
 -0.192839E+02
 -0.194193E+02
 -0.195522E+02
 -0.196819E+02
 -0.198092E+02
 -0.199332E+02
 -0.200538E+02
 -0.201708E+02
 -0.202846E+02
 -0.203947E+02
 -0.205009E+02
 -0.206027E+02
 -0.207013E+02
 -0.207959E+02
 -0.208860E+02
 -0.209717E+02
 -0.210538E+02
 -0.211311E+02
 -0.212046E+02
 -0.212734E+02
 -0.213383E+02
 -0.213993E+02
 -0.214560E+02
 -0.215078E+02
 -0.215562E+02
 -0.215994E+02
 -0.216378E+02
 -0.216712E+02
 -0.217000E+02
 -0.217235E+02
 -0.217418E+02
 -0.217549E+02
 -0.217631E+02
 -0.217663E+02
 -0.217654E+02
 -0.217593E+02
 -0.217490E+02
 -0.217340E+02
 -0.217140E+02
 -0.216884E+02
 -0.216581E+02
 -0.216228E+02
 -0.215832E+02
 -0.215382E+02
 -0.214897E+02
 -0.214379E+02
 -0.213824E+02
 -0.213231E+02
 -0.212616E+02
 -0.211971E+02
 -0.211302E+02
 -0.210604E+02
 -0.209888E+02
 -0.209149E+02
 -0.208387E+02
 -0.207614E+02
 -0.206841E+02
 -0.206057E+02
 -0.205272E+02
 -0.204476E+02
 -0.203676E+02
 -0.202873E+02
 -0.202061E+02
 -0.201238E+02
 -0.200419E+02
 -0.199595E+02
 -0.198779E+02
 -0.197966E+02
 -0.197150E+02
 -0.196340E+02
 -0.195532E+02
 -0.194716E+02
 -0.193911E+02
 -0.193110E+02
 -0.192314E+02
 -0.191518E+02
 -0.190738E+02
 -0.189967E+02
 -0.189202E+02
 -0.188457E+02
 -0.187727E+02
 -0.187015E+02
 -0.186345E+02
 -0.185691E+02
 -0.185070E+02
 -0.184496E+02
 -0.183951E+02
 -0.183431E+02
 -0.182956E+02
 -0.182530E+02
 -0.182145E+02
 -0.181804E+02
 -0.181519E+02
 -0.181273E+02
 -0.181073E+02
 -0.180919E+02
 -0.180814E+02
 -0.180752E+02
 -0.180747E+02
 -0.180788E+02
 -0.180877E+02
 -0.181016E+02
 -0.181195E+02
 -0.181421E+02
 -0.181701E+02
 -0.182016E+02
 -0.182382E+02
 -0.182787E+02
 -0.183244E+02
 -0.183743E+02
 -0.184272E+02
 -0.184847E+02
 -0.185457E+02
 -0.186090E+02
 -0.186762E+02
 -0.187458E+02
 -0.188181E+02
 -0.188933E+02
 -0.189721E+02
 -0.190532E+02
 -0.191373E+02
 -0.192250E+02
 -0.193156E+02
 -0.194078E+02
 -0.195032E+02
 -0.196013E+02
 -0.197011E+02
 -0.198020E+02
 -0.199058E+02
 -0.200114E+02
 -0.201182E+02
 -0.202270E+02
 -0.203380E+02
 -0.204495E+02
 -0.205628E+02
 -0.206766E+02
 -0.207902E+02
 -0.209036E+02
 -0.210170E+02
 -0.211301E+02
 -0.212431E+02
 -0.213535E+02
 -0.214626E+02
 -0.215711E+02
 -0.216781E+02
 -0.217815E+02
 -0.218839E+02
 -0.219858E+02
 -0.220835E+02
 -0.221775E+02
 -0.222723E+02
 -0.223629E+02
 -0.224490E+02
 -0.225354E+02
 -0.226194E+02
 -0.226991E+02
 -0.227800E+02
 -0.228585E+02
 -0.229340E+02
 -0.230080E+02
 -0.230804E+02
 -0.231518E+02
 -0.232226E+02
 -0.232907E+02
 -0.233592E+02
 -0.234282E+02
 -0.234958E+02
 -0.235618E+02
 -0.236287E+02
 -0.236944E+02
 -0.237587E+02
 -0.238221E+02
 -0.238859E+02
 -0.239482E+02
 -0.240092E+02
 -0.240688E+02
 -0.241273E+02
 -0.241837E+02
 -0.242392E+02
 -0.242919E+02
 -0.243434E+02
 -0.243940E+02
 -0.244422E+02
 -0.244875E+02
 -0.245315E+02
 -0.245722E+02
 -0.246105E+02
 -0.246458E+02
 -0.246788E+02
 -0.247091E+02
 -0.247369E+02
 -0.247610E+02
 -0.247825E+02
 -0.248011E+02
 -0.248167E+02
 -0.248291E+02
 -0.248394E+02
 -0.248467E+02
 -0.248516E+02
 -0.248532E+02
 -0.248524E+02
 -0.248482E+02
 -0.248419E+02
 -0.248325E+02
 -0.248204E+02
 -0.248056E+02
 -0.247873E+02
 -0.247648E+02
 -0.247397E+02
 -0.247104E+02
 -0.246775E+02
 -0.246400E+02
 -0.245987E+02
 -0.245533E+02
 -0.245030E+02
 -0.244469E+02
 -0.243864E+02
 -0.243199E+02
 -0.242475E+02
 -0.241687E+02
 -0.240848E+02
 -0.239950E+02
 -0.238988E+02
 -0.237961E+02
 -0.236879E+02
 -0.235725E+02
 -0.234513E+02
 -0.233230E+02
 -0.231893E+02
 -0.230503E+02
 -0.229051E+02
 -0.227546E+02
 -0.226000E+02
 -0.224404E+02
 -0.222766E+02
 -0.221078E+02
 -0.219354E+02
 -0.217589E+02
 -0.215785E+02
 -0.213941E+02
 -0.212071E+02
 -0.210172E+02
 -0.208253E+02
 -0.206310E+02
 -0.204358E+02
 -0.202395E+02
 -0.200428E+02
 -0.198455E+02
 -0.196485E+02
 -0.194516E+02
 -0.192564E+02
 -0.190621E+02
 -0.188697E+02
 -0.186798E+02
 -0.184925E+02
 -0.183078E+02
 -0.181271E+02
 -0.179496E+02
 -0.177763E+02
 -0.176070E+02
 -0.174421E+02
 -0.172821E+02
 -0.171272E+02
 -0.169773E+02
 -0.168332E+02
 -0.166947E+02
 -0.165619E+02
 -0.164341E+02
 -0.163123E+02
 -0.161962E+02
 -0.160861E+02
 -0.159817E+02
 -0.158838E+02
 -0.157920E+02
 -0.157061E+02
 -0.156266E+02
 -0.155534E+02
 -0.154854E+02
 -0.154234E+02
 -0.153658E+02
 -0.153127E+02
 -0.152642E+02
 -0.152194E+02
 -0.151774E+02
 -0.151384E+02
 -0.151013E+02
 -0.150658E+02
 -0.150311E+02
 -0.149967E+02
 -0.149619E+02
 -0.149266E+02
 -0.148900E+02
 -0.148523E+02
 -0.148125E+02
 -0.147707E+02
 -0.147264E+02
 -0.146793E+02
 -0.146292E+02
 -0.145761E+02
 -0.145192E+02
 -0.144595E+02
 -0.143966E+02
 -0.143306E+02
 -0.142620E+02
 -0.141912E+02
 -0.141184E+02
 -0.140436E+02
 -0.139659E+02
 -0.138867E+02
 -0.138060E+02
 -0.137236E+02
 -0.136400E+02
 -0.135555E+02
 -0.134699E+02
 -0.133841E+02
 -0.132978E+02
 -0.132106E+02
 -0.131240E+02
 -0.130379E+02
 -0.129517E+02
 -0.128668E+02
 -0.127823E+02
 -0.126983E+02
 -0.126156E+02
 -0.125345E+02
 -0.124547E+02
 -0.123765E+02
 -0.123004E+02
 -0.122262E+02
 -0.121538E+02
 -0.120839E+02
 -0.120154E+02
 -0.119486E+02
 -0.118833E+02
 -0.118183E+02
 -0.117542E+02
 -0.116915E+02
 -0.116301E+02
 -0.115703E+02
 -0.115114E+02
 -0.114536E+02
 -0.113970E+02
 -0.113415E+02
 -0.112873E+02
 -0.112339E+02
 -0.111812E+02
 -0.111305E+02
 -0.110806E+02
 -0.110315E+02
 -0.109842E+02
 -0.109380E+02
 -0.108927E+02
 -0.108480E+02
 -0.108040E+02
 -0.107604E+02
 -0.107170E+02
 -0.106732E+02
 -0.106286E+02
 -0.105835E+02
 -0.105368E+02
 -0.104882E+02
 -0.104378E+02
 -0.103851E+02
 -0.103293E+02
 -0.102698E+02
 -0.102068E+02
 -0.101398E+02
 -0.100682E+02
 -0.999188E+01
 -0.991109E+01
 -0.982542E+01
 -0.973457E+01
 -0.963827E+01
 -0.953616E+01
 -0.942771E+01
 -0.931245E+01
 -0.919088E+01
 -0.906223E+01
 -0.892655E+01
 -0.878442E+01
 -0.863453E+01
 -0.847767E+01
 -0.831355E+01
 -0.814125E+01
 -0.796173E+01
 -0.777426E+01
 -0.757966E+01
 -0.737869E+01
 -0.717049E+01
 -0.695591E+01
 -0.673468E+01
 -0.650755E+01
 -0.627467E+01
 -0.603586E+01
 -0.579182E+01
 -0.554267E+01
 -0.528836E+01
 -0.502979E+01
 -0.476704E+01
 -0.450005E+01
 -0.422873E+01
 -0.395424E+01
 -0.367585E+01
 -0.339414E+01
 -0.310933E+01
 -0.282142E+01
 -0.253144E+01
 -0.224049E+01
 -0.194799E+01
 -0.165443E+01
 -0.136015E+01
 -0.106632E+01
 -0.772268E+00
 -0.478928E+00
 -0.187067E+00
  0.102494E+00
  0.389885E+00
  0.673913E+00
  0.954186E+00
  0.122974E+01
  0.150074E+01
  0.176608E+01
  0.202514E+01
  0.227656E+01
  0.252135E+01
  0.275842E+01
  0.298806E+01
  0.320942E+01
  0.342332E+01
  0.362988E+01
  0.382888E+01
  0.401971E+01
  0.420418E+01
  0.438183E+01
  0.455350E+01
  0.471878E+01
  0.487927E+01
  0.503469E+01
  0.518534E+01
  0.533107E+01
  0.547354E+01
  0.561250E+01
  0.574925E+01
  0.588309E+01
  0.601591E+01
  0.614805E+01
  0.627929E+01
  0.640943E+01
  0.654031E+01
  0.667120E+01
  0.680334E+01
  0.693555E+01
  0.706915E+01
  0.720399E+01
  0.733960E+01
  0.747516E+01
  0.761188E+01
  0.774839E+01
  0.788509E+01
  0.801989E+01
  0.815466E+01
  0.828839E+01
  0.842008E+01
  0.854941E+01
  0.867706E+01
  0.880097E+01
  0.892156E+01
  0.903732E+01
  0.915022E+01
  0.925893E+01
  0.936271E+01
  0.946094E+01
  0.955533E+01
  0.964508E+01
  0.973018E+01
  0.980910E+01
  0.988463E+01
  0.995592E+01
  0.100225E+02
  0.100840E+02
  0.101425E+02
  0.101964E+02
  0.102469E+02
  0.102932E+02
  0.103370E+02
  0.103776E+02
  0.104153E+02
  0.104499E+02
  0.104831E+02
  0.105141E+02
  0.105447E+02
  0.105734E+02
  0.106017E+02
  0.106294E+02
  0.106567E+02
  0.106832E+02
  0.107103E+02
  0.107374E+02
  0.107661E+02
  0.107947E+02
  0.108256E+02
  0.108584E+02
  0.108927E+02
  0.109280E+02
  0.109661E+02
  0.110061E+02
  0.110490E+02
  0.110933E+02
  0.111408E+02
  0.111909E+02
  0.112431E+02
  0.112966E+02
  0.113538E+02
  0.114130E+02
  0.114750E+02
  0.115389E+02
  0.116065E+02
  0.116766E+02
  0.117486E+02
  0.118216E+02
  0.118973E+02
  0.119741E+02
  0.120536E+02
  0.121337E+02
  0.122165E+02
  0.123011E+02
  0.123865E+02
  0.124724E+02
  0.125605E+02
  0.126487E+02
  0.127386E+02
  0.128286E+02
  0.129200E+02
  0.130119E+02
  0.131038E+02
  0.131943E+02
  0.132855E+02
  0.133758E+02
  0.134662E+02
  0.135550E+02
  0.136437E+02
  0.137319E+02
  0.138186E+02
  0.139026E+02
  0.139859E+02
  0.140667E+02
  0.141457E+02
  0.142214E+02
  0.142957E+02
  0.143676E+02
  0.144366E+02
  0.145017E+02
  0.145641E+02
  0.146216E+02
  0.146758E+02
  0.147247E+02
  0.147700E+02
  0.148111E+02
  0.148474E+02
  0.148778E+02
  0.149041E+02
  0.149242E+02
  0.149391E+02
  0.149471E+02
  0.149502E+02
  0.149470E+02
  0.149376E+02
  0.149213E+02
  0.148999E+02
  0.148718E+02
  0.148383E+02
  0.147981E+02
  0.147535E+02
  0.147039E+02
  0.146491E+02
  0.145885E+02
  0.145243E+02
  0.144553E+02
  0.143835E+02
  0.143077E+02
  0.142297E+02
  0.141495E+02
  0.140676E+02
  0.139832E+02
  0.138987E+02
  0.138131E+02
  0.137283E+02
  0.136431E+02
  0.135596E+02
  0.134775E+02
  0.133970E+02
  0.133172E+02
  0.132405E+02
  0.131657E+02
  0.130935E+02
  0.130226E+02
  0.129555E+02
  0.128908E+02
  0.128278E+02
  0.127665E+02
  0.127090E+02
  0.126533E+02
  0.126012E+02
  0.125514E+02
  0.125055E+02
  0.124628E+02
  0.124223E+02
  0.123835E+02
  0.123480E+02
  0.123141E+02
  0.122829E+02
  0.122526E+02
  0.122247E+02
  0.121981E+02
  0.121727E+02
  0.121468E+02
  0.121217E+02
  0.120957E+02
  0.120703E+02
  0.120438E+02
  0.120178E+02
  0.119911E+02
  0.119634E+02
  0.119336E+02
  0.119032E+02
  0.118709E+02
  0.118377E+02
  0.118018E+02
  0.117645E+02
  0.117249E+02
  0.116825E+02
  0.116360E+02
  0.115869E+02
  0.115340E+02
  0.114781E+02
  0.114177E+02
  0.113542E+02
  0.112872E+02
  0.112160E+02
  0.111400E+02
  0.110611E+02
  0.109780E+02
  0.108917E+02
  0.108008E+02
  0.107074E+02
  0.106108E+02
  0.105107E+02
  0.104072E+02
  0.103021E+02
  0.101939E+02
  0.100844E+02
  0.997203E+01
  0.985880E+01
  0.974476E+01
  0.962898E+01
  0.951112E+01
  0.939322E+01
  0.927394E+01
  0.915421E+01
  0.903285E+01
  0.891169E+01
  0.879022E+01
  0.866859E+01
  0.854620E+01
  0.842513E+01
  0.830390E+01
  0.818332E+01
  0.806230E+01
  0.794166E+01
  0.782148E+01
  0.770201E+01
  0.758235E+01
  0.746461E+01
  0.734756E+01
  0.723180E+01
  0.711625E+01
  0.700238E+01
  0.689022E+01
  0.677983E+01
  0.667040E+01
  0.656375E+01
  0.645861E+01
  0.635600E+01
  0.625462E+01
  0.615587E+01
  0.605962E+01
  0.596461E+01
  0.587038E+01
  0.577830E+01
  0.568641E+01
  0.559573E+01
  0.550519E+01
  0.541586E+01
  0.532643E+01
  0.523670E+01
  0.514591E+01
  0.505417E+01
  0.496067E+01
  0.486604E+01
  0.476888E+01
  0.467042E+01
  0.456922E+01
  0.446430E+01
  0.435507E+01
  0.424269E+01
  0.412583E+01
  0.400503E+01
  0.387939E+01
  0.374961E+01
  0.361536E+01
  0.347628E+01
  0.333167E+01
  0.318298E+01
  0.302914E+01
  0.287133E+01
  0.270878E+01
  0.254269E+01
  0.237307E+01
  0.219996E+01
  0.202364E+01
  0.184562E+01
  0.166551E+01
  0.148483E+01
  0.130266E+01
  0.112054E+01
  0.938789E+00
  0.757210E+00
  0.575972E+00
  0.396240E+00
  0.217151E+00
  0.397062E-01
 -0.136199E+00
 -0.309872E+00
 -0.481632E+00
 -0.651182E+00
 -0.818996E+00
 -0.983930E+00
 -0.114703E+01
 -0.130821E+01
 -0.146752E+01
 -0.162419E+01
 -0.177845E+01
 -0.193067E+01
 -0.208117E+01
 -0.222912E+01
 -0.237565E+01
 -0.251992E+01
 -0.266275E+01
 -0.280411E+01
 -0.294382E+01
 -0.308210E+01
 -0.321910E+01
 -0.335389E+01
 -0.348724E+01
 -0.361869E+01
 -0.374873E+01
 -0.387682E+01
 -0.400326E+01
 -0.412820E+01
 -0.425135E+01
 -0.437216E+01
 -0.449086E+01
 -0.460656E+01
 -0.471997E+01
 -0.483073E+01
 -0.493898E+01
 -0.504473E+01
 -0.514767E+01
 -0.524758E+01
 -0.534430E+01
 -0.543790E+01
 -0.552949E+01
 -0.561778E+01
 -0.570336E+01
 -0.578636E+01
 -0.586637E+01
 -0.594328E+01
 -0.601713E+01
 -0.608788E+01
 -0.615561E+01
 -0.622006E+01
 -0.628196E+01
 -0.634087E+01
 -0.639718E+01
 -0.645072E+01
 -0.650147E+01
 -0.654932E+01
 -0.659429E+01
 -0.663632E+01
 -0.667577E+01
 -0.671252E+01
 -0.674694E+01
 -0.677820E+01
 -0.680678E+01
 -0.683265E+01
 -0.685502E+01
 -0.687375E+01
 -0.688894E+01
 -0.690020E+01
 -0.690804E+01
 -0.691166E+01
 -0.691150E+01
 -0.690798E+01
 -0.690017E+01
 -0.688806E+01
 -0.687250E+01
 -0.685261E+01
 -0.682917E+01
 -0.680237E+01
 -0.677176E+01
 -0.673813E+01
 -0.670186E+01
 -0.666235E+01
 -0.662056E+01
 -0.657617E+01
 -0.652909E+01
 -0.648001E+01
 -0.642952E+01
 -0.637714E+01
 -0.632395E+01
 -0.627003E+01
 -0.621507E+01
 -0.615991E+01
 -0.610474E+01
 -0.604886E+01
 -0.599358E+01
 -0.593883E+01
 -0.588502E+01
 -0.583274E+01
 -0.578241E+01
 -0.573384E+01
 -0.568804E+01
 -0.564508E+01
 -0.560450E+01
 -0.556670E+01
 -0.553228E+01
 -0.550081E+01
 -0.547289E+01
 -0.544801E+01
 -0.542639E+01
 -0.540803E+01
 -0.539298E+01
 -0.538074E+01
 -0.537201E+01
 -0.536650E+01
 -0.536357E+01
 -0.536332E+01
 -0.536633E+01
 -0.537208E+01
 -0.538066E+01
 -0.539204E+01
 -0.540697E+01
 -0.542494E+01
 -0.544607E+01
 -0.547044E+01
 -0.549852E+01
 -0.552979E+01
 -0.556423E+01
 -0.560181E+01
 -0.564298E+01
 -0.568727E+01
 -0.573493E+01
 -0.578620E+01
 -0.584101E+01
 -0.589880E+01
 -0.596010E+01
 -0.602401E+01
 -0.609077E+01
 -0.616024E+01
 -0.623196E+01
 -0.630629E+01
 -0.638281E+01
 -0.646057E+01
 -0.654086E+01
 -0.662302E+01
 -0.670696E+01
 -0.679268E+01
 -0.687998E+01
 -0.696858E+01
 -0.705837E+01
 -0.714944E+01
 -0.724159E+01
 -0.733456E+01
 -0.742889E+01
 -0.752405E+01
 -0.761991E+01
 -0.771639E+01
 -0.781347E+01
 -0.791077E+01
 -0.800859E+01
 -0.810640E+01
 -0.820401E+01
 -0.830153E+01
 -0.839847E+01
 -0.849462E+01
 -0.858997E+01
 -0.868427E+01
 -0.877771E+01
 -0.886997E+01
 -0.896130E+01
 -0.905130E+01
 -0.913978E+01
 -0.922695E+01
 -0.931250E+01
 -0.939662E+01
 -0.947968E+01
 -0.956142E+01
 -0.964247E+01
 -0.972276E+01
 -0.980220E+01
 -0.988138E+01
 -0.996016E+01
 -0.100386E+02
 -0.101171E+02
 -0.101958E+02
 -0.102744E+02
 -0.103534E+02
 -0.104331E+02
 -0.105132E+02
 -0.105938E+02
 -0.106745E+02
 -0.107556E+02
 -0.108372E+02
 -0.109186E+02
 -0.110004E+02
 -0.110826E+02
 -0.111647E+02
 -0.112468E+02
 -0.113294E+02
 -0.114124E+02
 -0.114956E+02
 -0.115792E+02
 -0.116631E+02
 -0.117471E+02
 -0.118320E+02
 -0.119173E+02
 -0.120032E+02
 -0.120899E+02
 -0.121770E+02
 -0.122645E+02
 -0.123521E+02
 -0.124397E+02
 -0.125274E+02
 -0.126144E+02
 -0.127010E+02
 -0.127868E+02
 -0.128712E+02
 -0.129544E+02
 -0.130364E+02
 -0.131164E+02
 -0.131947E+02
 -0.132707E+02
 -0.133444E+02
 -0.134151E+02
 -0.134828E+02
 -0.135471E+02
 -0.136076E+02
 -0.136646E+02
 -0.137178E+02
 -0.137665E+02
 -0.138109E+02
 -0.138510E+02
 -0.138868E+02
 -0.139174E+02
 -0.139431E+02
 -0.139638E+02
 -0.139789E+02
 -0.139881E+02
 -0.139916E+02
 -0.139894E+02
 -0.139819E+02
 -0.139687E+02
 -0.139505E+02
 -0.139279E+02
 -0.139005E+02
 -0.138683E+02
 -0.138323E+02
 -0.137921E+02
 -0.137480E+02
 -0.137000E+02
 -0.136482E+02
 -0.135927E+02
 -0.135335E+02
 -0.134708E+02
 -0.134056E+02
 -0.133378E+02
 -0.132680E+02
 -0.131965E+02
 -0.131233E+02
 -0.130484E+02
 -0.129726E+02
 -0.128960E+02
 -0.128193E+02
 -0.127424E+02
 -0.126657E+02
 -0.125887E+02
 -0.125120E+02
 -0.124357E+02
 -0.123593E+02
 -0.122833E+02
 -0.122080E+02
 -0.121329E+02
 -0.120587E+02
 -0.119846E+02
 -0.119110E+02
 -0.118377E+02
 -0.117647E+02
 -0.116923E+02
 -0.116205E+02
 -0.115495E+02
 -0.114797E+02
 -0.114106E+02
 -0.113426E+02
 -0.112758E+02
 -0.112098E+02
 -0.111450E+02
 -0.110815E+02
 -0.110192E+02
 -0.109586E+02
 -0.108995E+02
 -0.108421E+02
 -0.107862E+02
 -0.107314E+02
 -0.106778E+02
 -0.106258E+02
 -0.105751E+02
 -0.105256E+02
 -0.104775E+02
 -0.104308E+02
 -0.103850E+02
 -0.103401E+02
 -0.102960E+02
 -0.102524E+02
 -0.102095E+02
 -0.101667E+02
 -0.101235E+02
 -0.100799E+02
 -0.100356E+02
 -0.999054E+01
 -0.994520E+01
 -0.989902E+01
 -0.985170E+01
 -0.980328E+01
 -0.975300E+01
 -0.970061E+01
 -0.964585E+01
 -0.958819E+01
 -0.952738E+01
 -0.946315E+01
 -0.939540E+01
 -0.932381E+01
 -0.924862E+01
 -0.916988E+01
 -0.908725E+01
 -0.900084E+01
 -0.891052E+01
 -0.881591E+01
 -0.871734E+01
 -0.861441E+01
 -0.850717E+01
 -0.839565E+01
 -0.827962E+01
 -0.815930E+01
 -0.803488E+01
 -0.790638E+01
 -0.777365E+01
 -0.763661E+01
 -0.749635E+01
 -0.735229E+01
 -0.720407E+01
 -0.705217E+01
 -0.689649E+01
 -0.673701E+01
 -0.657415E+01
 -0.640762E+01
 -0.623788E+01
 -0.606443E+01
 -0.588753E+01
 -0.570775E+01
 -0.552533E+01
 -0.534050E+01
 -0.515343E+01
 -0.496335E+01
 -0.477119E+01
 -0.457685E+01
 -0.438010E+01
 -0.418154E+01
 -0.398114E+01
 -0.377818E+01
 -0.357349E+01
 -0.336667E+01
 -0.315834E+01
 -0.294804E+01
 -0.273592E+01
 -0.252175E+01
 -0.230574E+01
 -0.208773E+01
 -0.186771E+01
 -0.164557E+01
 -0.142220E+01
 -0.119638E+01
 -0.968776E+00
 -0.739615E+00
 -0.508889E+00
 -0.275938E+00
 -0.409918E-01
  0.196863E+00
  0.436682E+00
  0.678897E+00
  0.923031E+00
  0.116929E+01
  0.141703E+01
  0.166655E+01
  0.191776E+01
  0.217137E+01
  0.242611E+01
  0.268295E+01
  0.294164E+01
  0.320175E+01
  0.346227E+01
  0.372402E+01
  0.398548E+01
  0.424723E+01
  0.450841E+01
  0.476991E+01
  0.503115E+01
  0.529143E+01
  0.554985E+01
  0.580757E+01
  0.606317E+01
  0.631672E+01
  0.656705E+01
  0.681571E+01
  0.706105E+01
  0.730308E+01
  0.754082E+01
  0.777508E+01
  0.800500E+01
  0.823028E+01
  0.844998E+01
  0.866521E+01
  0.887410E+01
  0.907712E+01
  0.927304E+01
  0.946264E+01
  0.964487E+01
  0.982109E+01
  0.998966E+01
  0.101517E+02
  0.103064E+02
  0.104526E+02
  0.105902E+02
  0.107213E+02
  0.108440E+02
  0.109598E+02
  0.110680E+02
  0.111702E+02
  0.112654E+02
  0.113537E+02
  0.114347E+02
  0.115102E+02
  0.115792E+02
  0.116435E+02
  0.117017E+02
  0.117553E+02
  0.118040E+02
  0.118479E+02
  0.118858E+02
  0.119198E+02
  0.119485E+02
  0.119728E+02
  0.119919E+02
  0.120073E+02
  0.120176E+02
  0.120227E+02
  0.120216E+02
  0.120155E+02
  0.120025E+02
  0.119832E+02
  0.119559E+02
  0.119220E+02
  0.118806E+02
  0.118308E+02
  0.117717E+02
  0.117047E+02
  0.116280E+02
  0.115426E+02
  0.114464E+02
  0.113413E+02
  0.112265E+02
  0.111020E+02
  0.109668E+02
  0.108233E+02
  0.106704E+02
  0.105088E+02
  0.103381E+02
  0.101599E+02
  0.997408E+01
  0.978118E+01
  0.958082E+01
  0.937562E+01
  0.916426E+01
  0.894846E+01
  0.872762E+01
  0.850343E+01
  0.827597E+01
  0.804554E+01
  0.781218E+01
  0.757809E+01
  0.734248E+01
  0.710718E+01
  0.687132E+01
  0.663692E+01
  0.640455E+01
  0.617346E+01
  0.594350E+01
  0.571653E+01
  0.549071E+01
  0.526731E+01
  0.504570E+01
  0.482690E+01
  0.461041E+01
  0.439551E+01
  0.418193E+01
  0.397096E+01
  0.376093E+01
  0.355289E+01
  0.334551E+01
  0.313993E+01
  0.293579E+01
  0.273232E+01
  0.252932E+01
  0.232784E+01
  0.212631E+01
  0.192567E+01
  0.172521E+01
  0.152542E+01
  0.132613E+01
  0.112685E+01
  0.926786E+00
  0.727708E+00
  0.528492E+00
  0.329350E+00
  0.129972E+00
 -0.694256E-01
 -0.269518E+00
 -0.470580E+00
 -0.672990E+00
 -0.875047E+00
 -0.107737E+01
 -0.127912E+01
 -0.148027E+01
 -0.168006E+01
 -0.187859E+01
 -0.207584E+01
 -0.227200E+01
 -0.246618E+01
 -0.265827E+01
 -0.284737E+01
 -0.303395E+01
 -0.321594E+01
 -0.339330E+01
 -0.356645E+01
 -0.373470E+01
 -0.389783E+01
 -0.405649E+01
 -0.421020E+01
 -0.435910E+01
 -0.450224E+01
 -0.464039E+01
 -0.477361E+01
 -0.490181E+01
 -0.502473E+01
 -0.514312E+01
 -0.525686E+01
 -0.536622E+01
 -0.547111E+01
 -0.557192E+01
 -0.566923E+01
 -0.576348E+01
 -0.585440E+01
 -0.594277E+01
 -0.602813E+01
 -0.611091E+01
 -0.619151E+01
 -0.627001E+01
 -0.634666E+01
 -0.642162E+01
 -0.649437E+01
 -0.656568E+01
 -0.663532E+01
 -0.670345E+01
 -0.677016E+01
 -0.683580E+01
 -0.689983E+01
 -0.696233E+01
 -0.702337E+01
 -0.708233E+01
 -0.713911E+01
 -0.719368E+01
 -0.724488E+01
 -0.729360E+01
 -0.733925E+01
 -0.738094E+01
 -0.741805E+01
 -0.744986E+01
 -0.747688E+01
 -0.749882E+01
 -0.751433E+01
 -0.752397E+01
 -0.752782E+01
 -0.752563E+01
 -0.751698E+01
 -0.750270E+01
 -0.748232E+01
 -0.745579E+01
 -0.742310E+01
 -0.738368E+01
 -0.733813E+01
 -0.728667E+01
 -0.722917E+01
 -0.716631E+01
 -0.709758E+01
 -0.702385E+01
 -0.694529E+01
 -0.686184E+01
 -0.677366E+01
 -0.668082E+01
 -0.658359E+01
 -0.648266E+01
 -0.637738E+01
 -0.626797E+01
 -0.615414E+01
 -0.603628E+01
 -0.591463E+01
 -0.578977E+01
 -0.566160E+01
 -0.553035E+01
 -0.539637E+01
 -0.526032E+01
 -0.512219E+01
 -0.498238E+01
 -0.484123E+01
 -0.470001E+01
 -0.455899E+01
 -0.441865E+01
 -0.427925E+01
 -0.414192E+01
 -0.400668E+01
 -0.387426E+01
 -0.374506E+01
 -0.361979E+01
 -0.349834E+01
 -0.338145E+01
 -0.326931E+01
 -0.316209E+01
 -0.305943E+01
 -0.296174E+01
 -0.286851E+01
 -0.278059E+01
 -0.269732E+01
 -0.261883E+01
 -0.254517E+01
 -0.247599E+01
 -0.241036E+01
 -0.234914E+01
 -0.229175E+01
 -0.223793E+01
 -0.218733E+01
 -0.213993E+01
 -0.209510E+01
 -0.205344E+01
 -0.201393E+01
 -0.197682E+01
 -0.194221E+01
 -0.191043E+01
 -0.188076E+01
 -0.185358E+01
 -0.182821E+01
 -0.180494E+01
 -0.178307E+01
 -0.176245E+01
 -0.174300E+01
 -0.172475E+01
 -0.170642E+01
 -0.168872E+01
 -0.167071E+01
 -0.165297E+01
 -0.163511E+01
 -0.161680E+01
 -0.159839E+01
 -0.158045E+01
 -0.156223E+01
 -0.154469E+01
 -0.152757E+01
 -0.151191E+01
 -0.149690E+01
 -0.148233E+01
 -0.146889E+01
 -0.145721E+01
 -0.144614E+01
 -0.143714E+01
 -0.143027E+01
 -0.142554E+01
 -0.142308E+01
 -0.142327E+01
 -0.142597E+01
 -0.143198E+01
 -0.144039E+01
 -0.145229E+01
 -0.146777E+01
 -0.148735E+01
 -0.151070E+01
 -0.153851E+01
 -0.157129E+01
 -0.160944E+01
 -0.165188E+01
 -0.169976E+01
 -0.175294E+01
 -0.181232E+01
 -0.187779E+01
 -0.194908E+01
 -0.202644E+01
 -0.211020E+01
 -0.219935E+01
 -0.229417E+01
 -0.239338E+01
 -0.249754E+01
 -0.260589E+01
 -0.271825E+01
 -0.283421E+01
 -0.295344E+01
 -0.307472E+01
 -0.319805E+01
 -0.332243E+01
 -0.344712E+01
 -0.357115E+01
 -0.369377E+01
 -0.381401E+01
 -0.393200E+01
 -0.404645E+01
 -0.415707E+01
 -0.426347E+01
 -0.436592E+01
 -0.446341E+01
 -0.455611E+01
 -0.464415E+01
 -0.472723E+01
 -0.480468E+01
 -0.487700E+01
 -0.494404E+01
 -0.500598E+01
 -0.506251E+01
 -0.511460E+01
 -0.516213E+01
 -0.520553E+01
 -0.524487E+01
 -0.528057E+01
 -0.531295E+01
 -0.534306E+01
 -0.537083E+01
 -0.539668E+01
 -0.542117E+01
 -0.544462E+01
 -0.546670E+01
 -0.548844E+01
 -0.550986E+01
 -0.553161E+01
 -0.555367E+01
 -0.557605E+01
 -0.559909E+01
 -0.562345E+01
 -0.564892E+01
 -0.567572E+01
 -0.570385E+01
 -0.573390E+01
 -0.576489E+01
 -0.579710E+01
 -0.583082E+01
 -0.586577E+01
 -0.590111E+01
 -0.593703E+01
 -0.597342E+01
 -0.600988E+01
 -0.604628E+01
 -0.608284E+01
 -0.611892E+01
 -0.615471E+01
 -0.618934E+01
 -0.622306E+01
 -0.625611E+01
 -0.628821E+01
 -0.631881E+01
 -0.634829E+01
 -0.637621E+01
 -0.640203E+01
 -0.642529E+01
 -0.644583E+01
 -0.646310E+01
 -0.647774E+01
 -0.648925E+01
 -0.649809E+01
 -0.650429E+01
 -0.650742E+01
 -0.650760E+01
 -0.650507E+01
 -0.649904E+01
 -0.649013E+01
 -0.647867E+01
 -0.646479E+01
 -0.644836E+01
 -0.642973E+01
 -0.640866E+01
 -0.638514E+01
 -0.635918E+01
 -0.633150E+01
 -0.630163E+01
 -0.626977E+01
 -0.623688E+01
 -0.620308E+01
 -0.616818E+01
 -0.613311E+01
 -0.609743E+01
 -0.606178E+01
 -0.602634E+01
 -0.599096E+01
 -0.595605E+01
 -0.592220E+01
 -0.588872E+01
 -0.585601E+01
 -0.582448E+01
 -0.579441E+01
 -0.576518E+01
 -0.573749E+01
 -0.571207E+01
 -0.568878E+01
 -0.566745E+01
 -0.564864E+01
 -0.563199E+01
 -0.561783E+01
 -0.560607E+01
 -0.559724E+01
 -0.559100E+01
 -0.558765E+01
 -0.558716E+01
 -0.558991E+01
 -0.559582E+01
 -0.560502E+01
 -0.561734E+01
 -0.563301E+01
 -0.565161E+01
 -0.567362E+01
 -0.569883E+01
 -0.572690E+01
 -0.575750E+01
 -0.579094E+01
 -0.582635E+01
 -0.586382E+01
 -0.590305E+01
 -0.594422E+01
 -0.598684E+01
 -0.603080E+01
 -0.607628E+01
 -0.612326E+01
 -0.617104E+01
 -0.621990E+01
 -0.627024E+01
 -0.632220E+01
 -0.637484E+01
 -0.642876E+01
 -0.648366E+01
 -0.653947E+01
 -0.659608E+01
 -0.665324E+01
 -0.671123E+01
 -0.677081E+01
 -0.683150E+01
 -0.689345E+01
 -0.695665E+01
 -0.702107E+01
 -0.708612E+01
 -0.715194E+01
 -0.721818E+01
 -0.728461E+01
 -0.735088E+01
 -0.741694E+01
 -0.748252E+01
 -0.754765E+01
 -0.761198E+01
 -0.767543E+01
 -0.773748E+01
 -0.779782E+01
 -0.785624E+01
 -0.791250E+01
 -0.796579E+01
 -0.801657E+01
 -0.806471E+01
 -0.810982E+01
 -0.815195E+01
 -0.819069E+01
 -0.822564E+01
 -0.825735E+01
 -0.828520E+01
 -0.830971E+01
 -0.833099E+01
 -0.834837E+01
 -0.836283E+01
 -0.837468E+01
 -0.838321E+01
 -0.838895E+01
 -0.839233E+01
 -0.839308E+01
 -0.839111E+01
 -0.838698E+01
 -0.838034E+01
 -0.837159E+01
 -0.836038E+01
 -0.834633E+01
 -0.832954E+01
 -0.830973E+01
 -0.828639E+01
 -0.825970E+01
 -0.822965E+01
 -0.819596E+01
 -0.815878E+01
 -0.811793E+01
 -0.807321E+01
 -0.802534E+01
 -0.797360E+01
 -0.791831E+01
 -0.785959E+01
 -0.779693E+01
 -0.773099E+01
 -0.766161E+01
 -0.758835E+01
 -0.751270E+01
 -0.743408E+01
 -0.735257E+01
 -0.726899E+01
 -0.718340E+01
 -0.709665E+01
 -0.700943E+01
 -0.692169E+01
 -0.683415E+01
 -0.674671E+01
 -0.665963E+01
 -0.657325E+01
 -0.648779E+01
 -0.640290E+01
 -0.631981E+01
 -0.623855E+01
 -0.615919E+01
 -0.608172E+01
 -0.600572E+01
 -0.593172E+01
 -0.585981E+01
 -0.578883E+01
 -0.571966E+01
 -0.565237E+01
 -0.558721E+01
 -0.552395E+01
 -0.546242E+01
 -0.540311E+01
 -0.534642E+01
 -0.529191E+01
 -0.523991E+01
 -0.519002E+01
 -0.514266E+01
 -0.509731E+01
 -0.505403E+01
 -0.501284E+01
 -0.497404E+01
 -0.493714E+01
 -0.490187E+01
 -0.486804E+01
 -0.483616E+01
 -0.480515E+01
 -0.477520E+01
 -0.474619E+01
 -0.471781E+01
 -0.468982E+01
 -0.466248E+01
 -0.463529E+01
 -0.460881E+01
 -0.458285E+01
 -0.455758E+01
 -0.453280E+01
 -0.450847E+01
 -0.448405E+01
 -0.446003E+01
 -0.443586E+01
 -0.441207E+01
 -0.438850E+01
 -0.436464E+01
 -0.434124E+01
 -0.431876E+01
 -0.429585E+01
 -0.427382E+01
 -0.425247E+01
 -0.423213E+01
 -0.421303E+01
 -0.419492E+01
 -0.417838E+01
 -0.416380E+01
 -0.414986E+01
 -0.413764E+01
 -0.412697E+01
 -0.411763E+01
 -0.410958E+01
 -0.410303E+01
 -0.409783E+01
 -0.409433E+01
 -0.409200E+01
 -0.409152E+01
 -0.409257E+01
 -0.409555E+01
 -0.410009E+01
 -0.410618E+01
 -0.411337E+01
 -0.412169E+01
 -0.413084E+01
 -0.414076E+01
 -0.415104E+01
 -0.416239E+01
 -0.417407E+01
 -0.418629E+01
 -0.419891E+01
 -0.421193E+01
 -0.422497E+01
 -0.423826E+01
 -0.425176E+01
 -0.426604E+01
 -0.428113E+01
 -0.429738E+01
 -0.431423E+01
 -0.433222E+01
 -0.435105E+01
 -0.437059E+01
 -0.439077E+01
 -0.441232E+01
 -0.443421E+01
 -0.445674E+01
 -0.448013E+01
 -0.450398E+01
 -0.452757E+01
 -0.455128E+01
 -0.457493E+01
 -0.459887E+01
 -0.462224E+01
 -0.464576E+01
 -0.466891E+01
 -0.469067E+01
 -0.471097E+01
 -0.473004E+01
 -0.474715E+01
 -0.476289E+01
 -0.477672E+01
 -0.478837E+01
 -0.479828E+01
 -0.480686E+01
 -0.481292E+01
 -0.481689E+01
 -0.481835E+01
 -0.481745E+01
 -0.481402E+01
 -0.480815E+01
 -0.479960E+01
 -0.478808E+01
 -0.477363E+01
 -0.475681E+01
 -0.473659E+01
 -0.471383E+01
 -0.468823E+01
 -0.465933E+01
 -0.462754E+01
 -0.459351E+01
 -0.455669E+01
 -0.451716E+01
 -0.447503E+01
 -0.443137E+01
 -0.438627E+01
 -0.434089E+01
 -0.429479E+01
 -0.424876E+01
 -0.420327E+01
 -0.415748E+01
 -0.411159E+01
 -0.406700E+01
 -0.402248E+01
 -0.397846E+01
 -0.393619E+01
 -0.389479E+01
 -0.385391E+01
 -0.381446E+01
 -0.377482E+01
 -0.373538E+01
 -0.369507E+01
 -0.365376E+01
 -0.361204E+01
 -0.356904E+01
 -0.352413E+01
 -0.347809E+01
 -0.343010E+01
 -0.338068E+01
 -0.332856E+01
 -0.327377E+01
 -0.321667E+01
 -0.315652E+01
 -0.309321E+01
 -0.302713E+01
 -0.295661E+01
 -0.288309E+01
 -0.280594E+01
 -0.272435E+01
 -0.263918E+01
 -0.255089E+01
 -0.245815E+01
 -0.236190E+01
 -0.226204E+01
 -0.215901E+01
 -0.205281E+01
 -0.194353E+01
 -0.183138E+01
 -0.171738E+01
 -0.160057E+01
 -0.148169E+01
 -0.136073E+01
 -0.123852E+01
 -0.111479E+01
 -0.989719E+00
 -0.863618E+00
 -0.737828E+00
 -0.611494E+00
 -0.485033E+00
 -0.359000E+00
 -0.234102E+00
 -0.109751E+00
  0.133810E-01
  0.135197E+00
  0.254648E+00
  0.372534E+00
  0.487961E+00
  0.601139E+00
  0.711178E+00
  0.819054E+00
  0.924608E+00
  0.102718E+01
  0.112634E+01
  0.122266E+01
  0.131451E+01
  0.140315E+01
  0.148749E+01
  0.156742E+01
  0.164295E+01
  0.171310E+01
  0.177701E+01
  0.183561E+01
  0.188759E+01
  0.193345E+01
  0.197200E+01
  0.200417E+01
  0.202958E+01
  0.204768E+01
  0.205838E+01
  0.206306E+01
  0.206063E+01
  0.205227E+01
  0.203759E+01
  0.201717E+01
  0.199100E+01
  0.195930E+01
  0.192079E+01
  0.187719E+01
  0.182890E+01
  0.177593E+01
  0.171809E+01
  0.165730E+01
  0.159302E+01
  0.152578E+01
  0.145562E+01
  0.138352E+01
  0.130912E+01
  0.123334E+01
  0.115505E+01
  0.107543E+01
  0.994822E+00
  0.912930E+00
  0.829830E+00
  0.746700E+00
  0.663108E+00
  0.580047E+00
  0.496580E+00
  0.414623E+00
  0.333738E+00
  0.254345E+00
  0.177244E+00
  0.102324E+00
  0.295982E-01
 -0.399294E-01
 -0.107953E+00
 -0.172784E+00
 -0.234191E+00
 -0.292775E+00
 -0.348356E+00
 -0.400141E+00
 -0.449540E+00
 -0.495870E+00
 -0.540009E+00
 -0.581526E+00
 -0.620655E+00
 -0.657379E+00
 -0.691824E+00
 -0.723176E+00
 -0.752136E+00
 -0.777699E+00
 -0.800470E+00
 -0.819684E+00
 -0.835533E+00
 -0.848664E+00
 -0.858790E+00
 -0.865556E+00
 -0.870192E+00
 -0.871336E+00
 -0.869774E+00
 -0.864918E+00
 -0.857094E+00
 -0.846920E+00
 -0.833559E+00
 -0.816210E+00
 -0.796199E+00
 -0.772454E+00
 -0.745817E+00
 -0.714992E+00
 -0.680526E+00
 -0.643003E+00
 -0.601900E+00
 -0.557412E+00
 -0.510365E+00
 -0.459452E+00
 -0.405890E+00
 -0.348863E+00
 -0.288253E+00
 -0.224110E+00
 -0.156994E+00
 -0.864725E-01
 -0.133524E-01
  0.628901E-01
  0.141168E+00
  0.222039E+00
  0.305565E+00
  0.391151E+00
  0.478337E+00
  0.568455E+00
  0.659784E+00
  0.753254E+00
  0.848572E+00
  0.945324E+00
  0.104368E+01
  0.114325E+01
  0.124283E+01
  0.134371E+01
  0.144452E+01
  0.154589E+01
  0.164671E+01
  0.174791E+01
  0.184919E+01
  0.195030E+01
  0.205090E+01
  0.215100E+01
  0.224992E+01
  0.234863E+01
  0.244547E+01
  0.254165E+01
  0.263669E+01
  0.272986E+01
  0.282158E+01
  0.291286E+01
  0.300180E+01
  0.309001E+01
  0.317621E+01
  0.326122E+01
  0.334546E+01
  0.342788E+01
  0.350868E+01
  0.358896E+01
  0.366764E+01
  0.374615E+01
  0.382307E+01
  0.389958E+01
  0.397510E+01
  0.405068E+01
  0.412609E+01
  0.420084E+01
  0.427534E+01
  0.435040E+01
  0.442394E+01
  0.449787E+01
  0.457137E+01
  0.464419E+01
  0.471603E+01
  0.478781E+01
  0.485793E+01
  0.492699E+01
  0.499430E+01
  0.506052E+01
  0.512447E+01
  0.518538E+01
  0.524259E+01
  0.529792E+01
  0.534963E+01
  0.539815E+01
  0.544275E+01
  0.548410E+01
  0.552143E+01
  0.555438E+01
  0.558216E+01
  0.560636E+01
  0.562651E+01
  0.564313E+01
  0.565542E+01
  0.566582E+01
  0.567313E+01
  0.567746E+01
  0.567863E+01
  0.567771E+01
  0.567436E+01
  0.566897E+01
  0.566096E+01
  0.565229E+01
  0.564179E+01
  0.562975E+01
  0.561582E+01
  0.560145E+01
  0.558606E+01
  0.557017E+01
  0.555275E+01
  0.553561E+01
  0.551808E+01
  0.550043E+01
  0.548241E+01
  0.546492E+01
  0.544730E+01
  0.543009E+01
  0.541210E+01
  0.539539E+01
  0.537921E+01
  0.536326E+01
  0.534733E+01
  0.533226E+01
  0.531691E+01
  0.530232E+01
  0.528719E+01
  0.527211E+01
  0.525703E+01
  0.524165E+01
  0.522448E+01
  0.520747E+01
  0.518925E+01
  0.517020E+01
  0.514943E+01
  0.512770E+01
  0.510482E+01
  0.508089E+01
  0.505499E+01
  0.502859E+01
  0.500080E+01
  0.497240E+01
  0.494234E+01
  0.491186E+01
  0.488041E+01
  0.484795E+01
  0.481393E+01
  0.477988E+01
  0.474451E+01
  0.470818E+01
  0.467037E+01
  0.463185E+01
  0.459140E+01
  0.454929E+01
  0.450510E+01
  0.445995E+01
  0.441288E+01
  0.436494E+01
  0.431490E+01
  0.426315E+01
  0.420955E+01
  0.415387E+01
  0.409551E+01
  0.403666E+01
  0.397593E+01
  0.391405E+01
  0.385056E+01
  0.378611E+01
  0.371990E+01
  0.365208E+01
  0.358252E+01
  0.351244E+01
  0.344128E+01
  0.337003E+01
  0.329792E+01
  0.322654E+01
  0.315529E+01
  0.308378E+01
  0.301209E+01
  0.294175E+01
  0.287193E+01
  0.280390E+01
  0.273668E+01
  0.267143E+01
  0.260851E+01
  0.254748E+01
  0.248776E+01
  0.243074E+01
  0.237585E+01
  0.232405E+01
  0.227485E+01
  0.222920E+01
  0.218605E+01
  0.214506E+01
  0.210523E+01
  0.206750E+01
  0.203135E+01
  0.199721E+01
  0.196389E+01
  0.193198E+01
  0.190109E+01
  0.187131E+01
  0.184198E+01
  0.181372E+01
  0.178547E+01
  0.175761E+01
  0.172951E+01
  0.170308E+01
  0.167656E+01
  0.164984E+01
  0.162372E+01
  0.159707E+01
  0.156956E+01
  0.154239E+01
  0.151310E+01
  0.148485E+01
  0.145604E+01
  0.142378E+01
  0.139123E+01
  0.135889E+01
  0.132322E+01
  0.128936E+01
  0.125617E+01
  0.121982E+01
  0.118282E+01
  0.114640E+01
  0.110804E+01
  0.107027E+01
  0.103272E+01
  0.994826E+00
  0.955557E+00
  0.915817E+00
  0.876295E+00
  0.837058E+00
  0.797207E+00
  0.758051E+00
  0.718510E+00
  0.678447E+00
  0.636871E+00
  0.595891E+00
  0.553995E+00
  0.510107E+00
  0.466291E+00
  0.421595E+00
  0.375177E+00
  0.330500E+00
  0.282696E+00
  0.233644E+00
  0.186831E+00
  0.136384E+00
  0.827694E-01
  0.321074E-01
 -0.206842E-01
 -0.762177E-01
 -0.131486E+00
 -0.187310E+00
 -0.244693E+00
 -0.302398E+00
 -0.361950E+00
 -0.422092E+00
 -0.484097E+00
 -0.549068E+00
 -0.615575E+00
 -0.683270E+00
 -0.754539E+00
 -0.826601E+00
 -0.899805E+00
 -0.975328E+00
 -0.105272E+01
 -0.113227E+01
 -0.121443E+01
 -0.129814E+01
 -0.138460E+01
 -0.147159E+01
 -0.156099E+01
 -0.165317E+01
 -0.174549E+01
 -0.183899E+01
 -0.193452E+01
 -0.203062E+01
 -0.213002E+01
 -0.223109E+01
 -0.233311E+01
 -0.243701E+01
 -0.254185E+01
 -0.264693E+01
 -0.275375E+01
 -0.286106E+01
 -0.296976E+01
 -0.307965E+01
 -0.318972E+01
 -0.329994E+01
 -0.341179E+01
 -0.352508E+01
 -0.363821E+01
 -0.375245E+01
 -0.386833E+01
 -0.398324E+01
 -0.410277E+01
 -0.422245E+01
 -0.434146E+01
 -0.446608E+01
 -0.458816E+01
 -0.470949E+01
 -0.483714E+01
 -0.496331E+01
 -0.509016E+01
 -0.522100E+01
 -0.535238E+01
 -0.548454E+01
 -0.561795E+01
 -0.575234E+01
 -0.588831E+01
 -0.602390E+01
 -0.616081E+01
 -0.629910E+01
 -0.643874E+01
 -0.658073E+01
 -0.672488E+01
 -0.687063E+01
 -0.701748E+01
 -0.716590E+01
 -0.731594E+01
 -0.746574E+01
 -0.761676E+01
 -0.776902E+01
 -0.792214E+01
 -0.807683E+01
 -0.823303E+01
 -0.839066E+01
 -0.855012E+01
 -0.871063E+01
 -0.887204E+01
 -0.903400E+01
 -0.919670E+01
 -0.935979E+01
 -0.952301E+01
 -0.968677E+01
 -0.985083E+01
 -0.100148E+02
 -0.101786E+02
 -0.103418E+02
 -0.105044E+02
 -0.106660E+02
 -0.108269E+02
 -0.109870E+02
 -0.111462E+02
 -0.113041E+02
 -0.114614E+02
 -0.116181E+02
 -0.117737E+02
 -0.119288E+02
 -0.120830E+02
 -0.122358E+02
 -0.123874E+02
 -0.125373E+02
 -0.126860E+02
 -0.128341E+02
 -0.129800E+02
 -0.131237E+02
 -0.132659E+02
 -0.134056E+02
 -0.135425E+02
 -0.136761E+02
 -0.138072E+02
 -0.139367E+02
 -0.140619E+02
 -0.141836E+02
 -0.143030E+02
 -0.144186E+02
 -0.145303E+02
 -0.146380E+02
 -0.147422E+02
 -0.148436E+02
 -0.149396E+02
 -0.150317E+02
 -0.151210E+02
 -0.152061E+02
 -0.152882E+02
 -0.153675E+02
 -0.154434E+02
 -0.155175E+02
 -0.155885E+02
 -0.156565E+02
 -0.157229E+02
 -0.157883E+02
 -0.158501E+02
 -0.159091E+02
 -0.159671E+02
 -0.160233E+02
 -0.160777E+02
 -0.161308E+02
 -0.161801E+02
 -0.162285E+02
 -0.162773E+02
 -0.163240E+02
 -0.163693E+02
 -0.164125E+02
 -0.164535E+02
 -0.164948E+02
 -0.165317E+02
 -0.165668E+02
 -0.166029E+02
 -0.166360E+02
 -0.166655E+02
 -0.166924E+02
 -0.167173E+02
 -0.167412E+02
 -0.167607E+02
 -0.167775E+02
 -0.167923E+02
 -0.168022E+02
 -0.168104E+02
 -0.168161E+02
 -0.168172E+02
 -0.168153E+02
 -0.168089E+02
 -0.168005E+02
 -0.167862E+02
 -0.167689E+02
 -0.167520E+02
 -0.167291E+02
 -0.167015E+02
 -0.166710E+02
 -0.166365E+02
 -0.166014E+02
 -0.165595E+02
 -0.165136E+02
 -0.164693E+02
 -0.164170E+02
 -0.163620E+02
 -0.163070E+02
 -0.162465E+02
 -0.161857E+02
 -0.161209E+02
 -0.160543E+02
 -0.159880E+02
 -0.159184E+02
 -0.158487E+02
 -0.157790E+02
 -0.157074E+02
 -0.156365E+02
 -0.155649E+02
 -0.154928E+02
 -0.154222E+02
 -0.153517E+02
 -0.152812E+02
 -0.152117E+02
 -0.151438E+02
 -0.150787E+02
 -0.150137E+02
 -0.149502E+02
 -0.148902E+02
 -0.148317E+02
 -0.147746E+02
 -0.147204E+02
 -0.146679E+02
 -0.146182E+02
 -0.145709E+02
 -0.145254E+02
 -0.144825E+02
 -0.144418E+02
 -0.144026E+02
 -0.143668E+02
 -0.143336E+02
 -0.143012E+02
 -0.142707E+02
 -0.142434E+02
 -0.142173E+02
 -0.141931E+02
 -0.141722E+02
 -0.141526E+02
 -0.141343E+02
 -0.141179E+02
 -0.141016E+02
 -0.140868E+02
 -0.140729E+02
 -0.140586E+02
 -0.140441E+02
 -0.140301E+02
 -0.140160E+02
 -0.140007E+02
 -0.139841E+02
 -0.139669E+02
 -0.139482E+02
 -0.139278E+02
 -0.139052E+02
 -0.138805E+02
 -0.138542E+02
 -0.138254E+02
 -0.137930E+02
 -0.137584E+02
 -0.137210E+02
 -0.136805E+02
 -0.136376E+02
 -0.135922E+02
 -0.135443E+02
 -0.134942E+02
 -0.134416E+02
 -0.133881E+02
 -0.133329E+02
 -0.132764E+02
 -0.132194E+02
 -0.131616E+02
 -0.131039E+02
 -0.130456E+02
 -0.129875E+02
 -0.129308E+02
 -0.128740E+02
 -0.128179E+02
 -0.127630E+02
 -0.127086E+02
 -0.126547E+02
 -0.126019E+02
 -0.125499E+02
 -0.124984E+02
 -0.124486E+02
 -0.123998E+02
 -0.123516E+02
 -0.123050E+02
 -0.122593E+02
 -0.122153E+02
 -0.121724E+02
 -0.121305E+02
 -0.120901E+02
 -0.120516E+02
 -0.120139E+02
 -0.119761E+02
 -0.119404E+02
 -0.119058E+02
 -0.118711E+02
 -0.118383E+02
 -0.118055E+02
 -0.117741E+02
 -0.117447E+02
 -0.117161E+02
 -0.116886E+02
 -0.116627E+02
 -0.116389E+02
 -0.116160E+02
 -0.115942E+02
 -0.115746E+02
 -0.115571E+02
 -0.115423E+02
 -0.115286E+02
 -0.115171E+02
 -0.115082E+02
 -0.115008E+02
 -0.114964E+02
 -0.114939E+02
 -0.114927E+02
 -0.114938E+02
 -0.114964E+02
 -0.115005E+02
 -0.115053E+02
 -0.115123E+02
 -0.115212E+02
 -0.115310E+02
 -0.115416E+02
 -0.115538E+02
 -0.115682E+02
 -0.115831E+02
 -0.116000E+02
 -0.116181E+02
 -0.116369E+02
 -0.116584E+02
 -0.116813E+02
 -0.117050E+02
 -0.117319E+02
 -0.117611E+02
 -0.117913E+02
 -0.118239E+02
 -0.118590E+02
 -0.118968E+02
 -0.119366E+02
 -0.119789E+02
 -0.120243E+02
 -0.120720E+02
 -0.121221E+02
 -0.121743E+02
 -0.122291E+02
 -0.122853E+02
 -0.123431E+02
 -0.124034E+02
 -0.124642E+02
 -0.125271E+02
 -0.125906E+02
 -0.126548E+02
 -0.127211E+02
 -0.127862E+02
 -0.128510E+02
 -0.129161E+02
 -0.129806E+02
 -0.130430E+02
 -0.131037E+02
 -0.131639E+02
 -0.132204E+02
 -0.132746E+02
 -0.133265E+02
 -0.133751E+02
 -0.134204E+02
 -0.134611E+02
 -0.134987E+02
 -0.135324E+02
 -0.135607E+02
 -0.135852E+02
 -0.136055E+02
 -0.136196E+02
 -0.136306E+02
 -0.136377E+02
 -0.136391E+02
 -0.136384E+02
 -0.136322E+02
 -0.136212E+02
 -0.136076E+02
 -0.135907E+02
 -0.135704E+02
 -0.135462E+02
 -0.135204E+02
 -0.134919E+02
 -0.134595E+02
 -0.134266E+02
 -0.133924E+02
 -0.133570E+02
 -0.133215E+02
 -0.132855E+02
 -0.132486E+02
 -0.132116E+02
 -0.131751E+02
 -0.131385E+02
 -0.131010E+02
 -0.130649E+02
 -0.130285E+02
 -0.129915E+02
 -0.129557E+02
 -0.129192E+02
 -0.128817E+02
 -0.128452E+02
 -0.128077E+02
 -0.127691E+02
 -0.127312E+02
 -0.126927E+02
 -0.126532E+02
 -0.126132E+02
 -0.125717E+02
 -0.125292E+02
 -0.124860E+02
 -0.124417E+02
 -0.123951E+02
 -0.123465E+02
 -0.122973E+02
 -0.122471E+02
 -0.121946E+02
 -0.121420E+02
 -0.120900E+02
 -0.120366E+02
 -0.119829E+02
 -0.119293E+02
 -0.118741E+02
 -0.118197E+02
 -0.117667E+02
 -0.117131E+02
 -0.116592E+02
 -0.116072E+02
 -0.115560E+02
 -0.115047E+02
 -0.114543E+02
 -0.114056E+02
 -0.113581E+02
 -0.113111E+02
 -0.112652E+02
 -0.112207E+02
 -0.111765E+02
 -0.111342E+02
 -0.110929E+02
 -0.110510E+02
 -0.110105E+02
 -0.109708E+02
 -0.109300E+02
 -0.108905E+02
 -0.108517E+02
 -0.108124E+02
 -0.107743E+02
 -0.107360E+02
 -0.106970E+02
 -0.106588E+02
 -0.106214E+02
 -0.105864E+02
 -0.105475E+02
 -0.105039E+02
 -0.104707E+02
 -0.104424E+02
 -0.104023E+02
 -0.103608E+02
 -0.103308E+02
 -0.102983E+02
 -0.102564E+02
 -0.102213E+02
 -0.101944E+02
 -0.101587E+02
 -0.101256E+02
 -0.101005E+02
 -0.100612E+02
 -0.100306E+02
 -0.100162E+02
 -0.998714E+01
 -0.995540E+01
 -0.993775E+01
 -0.991920E+01
 -0.989170E+01
 -0.986801E+01
 -0.985206E+01
 -0.983232E+01
 -0.981234E+01
 -0.979869E+01
 -0.977821E+01
 -0.975784E+01
 -0.974528E+01
 -0.972677E+01
 -0.970514E+01
 -0.968826E+01
 -0.967186E+01
 -0.964995E+01
 -0.962549E+01
 -0.960208E+01
 -0.957835E+01
 -0.955503E+01
 -0.952810E+01
 -0.949658E+01
 -0.946658E+01
 -0.943573E+01
 -0.939987E+01
 -0.936233E+01
 -0.932396E+01
 -0.928370E+01
 -0.924114E+01
 -0.919511E+01
 -0.914614E+01
 -0.909592E+01
 -0.904377E+01
 -0.898693E+01
 -0.892562E+01
 -0.886250E+01
 -0.879711E+01
 -0.872824E+01
 -0.865593E+01
 -0.858088E+01
 -0.850381E+01
 -0.842457E+01
 -0.834191E+01
 -0.825763E+01
 -0.817238E+01
 -0.808463E+01
 -0.799657E+01
 -0.790700E+01
 -0.781482E+01
 -0.772420E+01
 -0.763058E+01
 -0.753503E+01
 -0.744219E+01
 -0.734691E+01
 -0.725162E+01
 -0.715907E+01
 -0.706632E+01
 -0.697479E+01
 -0.688436E+01
 -0.679692E+01
 -0.671126E+01
 -0.662733E+01
 -0.654710E+01
 -0.646888E+01
 -0.639484E+01
 -0.632402E+01
 -0.625441E+01
 -0.619072E+01
 -0.613074E+01
 -0.607228E+01
 -0.601834E+01
 -0.596936E+01
 -0.592323E+01
 -0.588122E+01
 -0.584389E+01
 -0.581072E+01
 -0.578178E+01
 -0.575627E+01
 -0.573402E+01
 -0.571554E+01
 -0.569934E+01
 -0.568672E+01
 -0.567633E+01
 -0.566772E+01
 -0.566213E+01
 -0.565844E+01
 -0.565582E+01
 -0.565560E+01
 -0.565793E+01
 -0.566253E+01
 -0.566833E+01
 -0.567600E+01
 -0.568509E+01
 -0.569462E+01
 -0.570452E+01
 -0.571516E+01
 -0.572668E+01
 -0.573940E+01
 -0.575172E+01
 -0.576417E+01
 -0.577740E+01
 -0.579180E+01
 -0.580495E+01
 -0.581682E+01
 -0.583127E+01
 -0.584436E+01
 -0.585588E+01
 -0.587010E+01
 -0.588260E+01
 -0.589516E+01
 -0.590728E+01
 -0.591909E+01
 -0.593138E+01
 -0.594179E+01
 -0.595228E+01
 -0.595938E+01
 -0.596543E+01
 -0.597260E+01
 -0.597491E+01
 -0.597770E+01
 -0.597809E+01
 -0.597477E+01
 -0.597094E+01
 -0.596261E+01
 -0.595251E+01
 -0.594062E+01
 -0.592452E+01
 -0.590591E+01
 -0.588365E+01
 -0.585896E+01
 -0.582999E+01
 -0.579760E+01
 -0.576265E+01
 -0.572358E+01
 -0.568066E+01
 -0.563469E+01
 -0.558596E+01
 -0.553428E+01
 -0.547975E+01
 -0.542292E+01
 -0.536338E+01
 -0.530246E+01
 -0.523983E+01
 -0.517548E+01
 -0.511038E+01
 -0.504458E+01
 -0.497685E+01
 -0.490988E+01
 -0.484312E+01
 -0.477592E+01
 -0.470972E+01
 -0.464368E+01
 -0.457934E+01
 -0.451744E+01
 -0.445736E+01
 -0.440178E+01
 -0.434727E+01
 -0.429610E+01
 -0.424943E+01
 -0.420387E+01
 -0.416313E+01
 -0.412621E+01
 -0.409065E+01
 -0.406031E+01
 -0.403306E+01
 -0.400887E+01
 -0.398920E+01
 -0.397327E+01
 -0.395896E+01
 -0.394817E+01
 -0.394052E+01
 -0.393371E+01
 -0.392917E+01
 -0.392668E+01
 -0.392418E+01
 -0.392397E+01
 -0.392455E+01
 -0.392479E+01
 -0.392553E+01
 -0.392637E+01
 -0.392551E+01
 -0.392424E+01
 -0.392297E+01
 -0.391972E+01
 -0.391419E+01
 -0.390850E+01
 -0.390094E+01
 -0.389080E+01
 -0.387902E+01
 -0.386643E+01
 -0.385146E+01
 -0.383617E+01
 -0.382085E+01
 -0.380212E+01
 -0.378340E+01
 -0.376525E+01
 -0.374278E+01
 -0.372133E+01
 -0.369965E+01
 -0.367517E+01
 -0.365222E+01
 -0.362824E+01
 -0.360004E+01
 -0.357476E+01
 -0.354891E+01
 -0.351775E+01
 -0.348962E+01
 -0.346214E+01
 -0.343099E+01
 -0.340319E+01
 -0.337415E+01
 -0.334390E+01
 -0.331698E+01
 -0.328773E+01
 -0.325642E+01
 -0.322939E+01
 -0.320083E+01
 -0.316946E+01
 -0.313941E+01
 -0.310910E+01
 -0.307607E+01
 -0.304276E+01
 -0.300926E+01
 -0.297295E+01
 -0.293549E+01
 -0.289779E+01
 -0.285640E+01
 -0.281506E+01
 -0.277251E+01
 -0.272606E+01
 -0.267975E+01
 -0.263262E+01
 -0.258155E+01
 -0.253030E+01
 -0.247682E+01
 -0.242168E+01
 -0.236571E+01
 -0.230697E+01
 -0.224665E+01
 -0.218652E+01
 -0.212531E+01
 -0.206285E+01
 -0.200035E+01
 -0.193803E+01
 -0.187453E+01
 -0.181229E+01
 -0.175030E+01
 -0.168887E+01
 -0.162800E+01
 -0.156834E+01
 -0.150944E+01
 -0.145130E+01
 -0.139453E+01
 -0.133806E+01
 -0.128242E+01
 -0.122838E+01
 -0.117372E+01
 -0.112090E+01
 -0.106839E+01
 -0.101629E+01
 -0.964689E+00
 -0.912951E+00
 -0.861784E+00
 -0.811192E+00
 -0.760045E+00
 -0.709743E+00
 -0.659622E+00
 -0.608639E+00
 -0.556553E+00
 -0.505152E+00
 -0.452068E+00
 -0.398590E+00
 -0.345488E+00
 -0.290898E+00
 -0.235773E+00
 -0.181385E+00
 -0.125190E+00
 -0.694475E-01
 -0.140448E-01
  0.421009E-01
  0.982170E-01
  0.153889E+00
  0.210579E+00
  0.265688E+00
  0.320909E+00
  0.375976E+00
  0.429180E+00
  0.482462E+00
  0.534454E+00
  0.583101E+00
  0.631557E+00
  0.676683E+00
  0.719814E+00
  0.762304E+00
  0.801663E+00
  0.838242E+00
  0.874420E+00
  0.907331E+00
  0.939026E+00
  0.968490E+00
  0.995045E+00
  0.102093E+01
  0.104384E+01
  0.106381E+01
  0.108380E+01
  0.109999E+01
  0.111560E+01
  0.113035E+01
  0.114316E+01
  0.115653E+01
  0.116926E+01
  0.118020E+01
  0.119135E+01
  0.120078E+01
  0.120889E+01
  0.121509E+01
  0.122072E+01
  0.122419E+01
  0.122549E+01
  0.122547E+01
  0.122383E+01
  0.122050E+01
  0.121647E+01
  0.121023E+01
  0.120210E+01
  0.119222E+01
  0.118104E+01
  0.116532E+01
  0.114809E+01
  0.112987E+01
  0.110763E+01
  0.108403E+01
  0.106070E+01
  0.103397E+01
  0.100638E+01
  0.977385E+00
  0.945995E+00
  0.912799E+00
  0.878548E+00
  0.841818E+00
  0.804058E+00
  0.766518E+00
  0.728221E+00
  0.688625E+00
  0.649593E+00
  0.608591E+00
  0.566987E+00
  0.524033E+00
  0.479475E+00
  0.434014E+00
  0.387693E+00
  0.340084E+00
  0.292530E+00
  0.244024E+00
  0.194639E+00
  0.144217E+00
  0.929680E-01
  0.398932E-01
 -0.146828E-01
 -0.713711E-01
 -0.128225E+00
 -0.185198E+00
 -0.242957E+00
 -0.302840E+00
 -0.362103E+00
 -0.422931E+00
 -0.487780E+00
 -0.552575E+00
 -0.617162E+00
 -0.686359E+00
 -0.755196E+00
 -0.821729E+00
 -0.890713E+00
 -0.961596E+00
 -0.102924E+01
 -0.109786E+01
 -0.117082E+01
 -0.124291E+01
 -0.131345E+01
 -0.138956E+01
 -0.146619E+01
 -0.154118E+01
 -0.161859E+01
 -0.169765E+01
 -0.177525E+01
 -0.185361E+01
 -0.193599E+01
 -0.201792E+01
 -0.209771E+01
 -0.218255E+01
 -0.226709E+01
 -0.235011E+01
 -0.243639E+01
 -0.252205E+01
 -0.260705E+01
 -0.269416E+01
 -0.278072E+01
 -0.286898E+01
 -0.295758E+01
 -0.304683E+01
 -0.313602E+01
 -0.322412E+01
 -0.331256E+01
 -0.340051E+01
 -0.348741E+01
 -0.357380E+01
 -0.365891E+01
 -0.374441E+01
 -0.382823E+01
 -0.391021E+01
 -0.399123E+01
 -0.407042E+01
 -0.414804E+01
 -0.422609E+01
 -0.430324E+01
 -0.437966E+01
 -0.445577E+01
 -0.453090E+01
 -0.460405E+01
 -0.467674E+01
 -0.474881E+01
 -0.481988E+01
 -0.489031E+01
 -0.496001E+01
 -0.502823E+01
 -0.509513E+01
 -0.516009E+01
 -0.522456E+01
 -0.528871E+01
 -0.535248E+01
 -0.541611E+01
 -0.548064E+01
 -0.554447E+01
 -0.560625E+01
 -0.566692E+01
 -0.572663E+01
 -0.578356E+01
 -0.583864E+01
 -0.589378E+01
 -0.594824E+01
 -0.600001E+01
 -0.605131E+01
 -0.610269E+01
 -0.615108E+01
 -0.619589E+01
 -0.624122E+01
 -0.628680E+01
 -0.633022E+01
 -0.637156E+01
 -0.641301E+01
 -0.645517E+01
 -0.649541E+01
 -0.653144E+01
 -0.656758E+01
 -0.660444E+01
 -0.663755E+01
 -0.666763E+01
 -0.669766E+01
 -0.672676E+01
 -0.675370E+01
 -0.677746E+01
 -0.679949E+01
 -0.682190E+01
 -0.684306E+01
 -0.686103E+01
 -0.687844E+01
 -0.689366E+01
 -0.690781E+01
 -0.691976E+01
 -0.692576E+01
 -0.693191E+01
 -0.693804E+01
 -0.693963E+01
 -0.694020E+01
 -0.694051E+01
 -0.693969E+01
 -0.693579E+01
 -0.692883E+01
 -0.692091E+01
 -0.691269E+01
 -0.689983E+01
 -0.688322E+01
 -0.686863E+01
 -0.685121E+01
 -0.682710E+01
 -0.680317E+01
 -0.677775E+01
 -0.674511E+01
 -0.670804E+01
 -0.667064E+01
 -0.663009E+01
 -0.658345E+01
 -0.653330E+01
 -0.648240E+01
 -0.642701E+01
 -0.636675E+01
 -0.630583E+01
 -0.624365E+01
 -0.617623E+01
 -0.610599E+01
 -0.603561E+01
 -0.596267E+01
 -0.588467E+01
 -0.580676E+01
 -0.573036E+01
 -0.565065E+01
 -0.557039E+01
 -0.549259E+01
 -0.541242E+01
 -0.533089E+01
 -0.525146E+01
 -0.517403E+01
 -0.509675E+01
 -0.502084E+01
 -0.494792E+01
 -0.487769E+01
 -0.480806E+01
 -0.474055E+01
 -0.467698E+01
 -0.461591E+01
 -0.455667E+01
 -0.450145E+01
 -0.444906E+01
 -0.439968E+01
 -0.435313E+01
 -0.430915E+01
 -0.426714E+01
 -0.422684E+01
 -0.418844E+01
 -0.415224E+01
 -0.411733E+01
 -0.408436E+01
 -0.405230E+01
 -0.402088E+01
 -0.399046E+01
 -0.396141E+01
 -0.393287E+01
 -0.390479E+01
 -0.387723E+01
 -0.385134E+01
 -0.382604E+01
 -0.380122E+01
 -0.377740E+01
 -0.375524E+01
 -0.373337E+01
 -0.371188E+01
 -0.369124E+01
 -0.367167E+01
 -0.365256E+01
 -0.363458E+01
 -0.361830E+01
 -0.360424E+01
 -0.359151E+01
 -0.358138E+01
 -0.357337E+01
 -0.356597E+01
 -0.355928E+01
 -0.355468E+01
 -0.355103E+01
 -0.354887E+01
 -0.354823E+01
 -0.354937E+01
 -0.355179E+01
 -0.355567E+01
 -0.356214E+01
 -0.357081E+01
 -0.357903E+01
 -0.358935E+01
 -0.360155E+01
 -0.361388E+01
 -0.362776E+01
 -0.364386E+01
 -0.366080E+01
 -0.367939E+01
 -0.369873E+01
 -0.371876E+01
 -0.374044E+01
 -0.376318E+01
 -0.378607E+01
 -0.381123E+01
 -0.383691E+01
 -0.386375E+01
 -0.389228E+01
 -0.392113E+01
 -0.395060E+01
 -0.398167E+01
 -0.401314E+01
 -0.404532E+01
 -0.407826E+01
 -0.411204E+01
 -0.414613E+01
 -0.418077E+01
 -0.421536E+01
 -0.425042E+01
 -0.428533E+01
 -0.432108E+01
 -0.435692E+01
 -0.439223E+01
 -0.442792E+01
 -0.446365E+01
 -0.449896E+01
 -0.453460E+01
 -0.456904E+01
 -0.460312E+01
 -0.463661E+01
 -0.466924E+01
 -0.470111E+01
 -0.473298E+01
 -0.476469E+01
 -0.479587E+01
 -0.482694E+01
 -0.485778E+01
 -0.488710E+01
 -0.491739E+01
 -0.494736E+01
 -0.497585E+01
 -0.500399E+01
 -0.503155E+01
 -0.505792E+01
 -0.508435E+01
 -0.511015E+01
 -0.513531E+01
 -0.516065E+01
 -0.518649E+01
 -0.521145E+01
 -0.523649E+01
 -0.526129E+01
 -0.528562E+01
 -0.531013E+01
 -0.533488E+01
 -0.535955E+01
 -0.538450E+01
 -0.540931E+01
 -0.543447E+01
 -0.545950E+01
 -0.548447E+01
 -0.550913E+01
 -0.553441E+01
 -0.556028E+01
 -0.558674E+01
 -0.561338E+01
 -0.564062E+01
 -0.566868E+01
 -0.569749E+01
 -0.572623E+01
 -0.575516E+01
 -0.578462E+01
 -0.581496E+01
 -0.584539E+01
 -0.587599E+01
 -0.590664E+01
 -0.593790E+01
 -0.596904E+01
 -0.600024E+01
 -0.603194E+01
 -0.606400E+01
 -0.609639E+01
 -0.612930E+01
 -0.616179E+01
 -0.619468E+01
 -0.622764E+01
 -0.626076E+01
 -0.629413E+01
 -0.632718E+01
 -0.635990E+01
 -0.639264E+01
 -0.642456E+01
 -0.645659E+01
 -0.648817E+01
 -0.651954E+01
 -0.655103E+01
 -0.658199E+01
 -0.661271E+01
 -0.664336E+01
 -0.667345E+01
 -0.670393E+01
 -0.673410E+01
 -0.676363E+01
 -0.679270E+01
 -0.682139E+01
 -0.684933E+01
 -0.687714E+01
 -0.690492E+01
 -0.693300E+01
 -0.696130E+01
 -0.699025E+01
 -0.701954E+01
 -0.704967E+01
 -0.708019E+01
 -0.711094E+01
 -0.714233E+01
 -0.717372E+01
 -0.720515E+01
 -0.723748E+01
 -0.726992E+01
 -0.730284E+01
 -0.733555E+01
 -0.736819E+01
 -0.740102E+01
 -0.743345E+01
 -0.746511E+01
 -0.749616E+01
 -0.752632E+01
 -0.755573E+01
 -0.758377E+01
 -0.761048E+01
 -0.763579E+01
 -0.765978E+01
 -0.768211E+01
 -0.770300E+01
 -0.772268E+01
 -0.774125E+01
 -0.775791E+01
 -0.777308E+01
 -0.778668E+01
 -0.779867E+01
 -0.780911E+01
 -0.781791E+01
 -0.782544E+01
 -0.783157E+01
 -0.783568E+01
 -0.783884E+01
 -0.784055E+01
 -0.784096E+01
 -0.784040E+01
 -0.783885E+01
 -0.783653E+01
 -0.783380E+01
 -0.783046E+01
 -0.782659E+01
 -0.782248E+01
 -0.781882E+01
 -0.781479E+01
 -0.781084E+01
 -0.780721E+01
 -0.780360E+01
 -0.780036E+01
 -0.779688E+01
 -0.779269E+01
 -0.778926E+01
 -0.778582E+01
 -0.778240E+01
 -0.777981E+01
 -0.777779E+01
 -0.777602E+01
 -0.777470E+01
 -0.777324E+01
 -0.777208E+01
 -0.777086E+01
 -0.776937E+01
 -0.776772E+01
 -0.776673E+01
 -0.776640E+01
 -0.776596E+01
 -0.776554E+01
 -0.776556E+01
 -0.776545E+01
 -0.776653E+01
 -0.776833E+01
 -0.777007E+01
 -0.777231E+01
 -0.777536E+01
 -0.777903E+01
 -0.778329E+01
 -0.778830E+01
 -0.779426E+01
 -0.780086E+01
 -0.780822E+01
 -0.781536E+01
 -0.782353E+01
 -0.783326E+01
 -0.784373E+01
 -0.785518E+01
 -0.786815E+01
 -0.788249E+01
 -0.789840E+01
 -0.791580E+01
 -0.793499E+01
 -0.795580E+01
 -0.797852E+01
 -0.800298E+01
 -0.802934E+01
 -0.805763E+01
 -0.808832E+01
 -0.812077E+01
 -0.815512E+01
 -0.819193E+01
 -0.823107E+01
 -0.827265E+01
 -0.831669E+01
 -0.836246E+01
 -0.841031E+01
 -0.846001E+01
 -0.851147E+01
 -0.856414E+01
 -0.861767E+01
 -0.867185E+01
 -0.872638E+01
 -0.878122E+01
 -0.883618E+01
 -0.889067E+01
 -0.894523E+01
 -0.899915E+01
 -0.905240E+01
 -0.910504E+01
 -0.915645E+01
 -0.920741E+01
 -0.925755E+01
 -0.930601E+01
 -0.935377E+01
 -0.940033E+01
 -0.944569E+01
 -0.948952E+01
 -0.953149E+01
 -0.957173E+01
 -0.961001E+01
 -0.964663E+01
 -0.968136E+01
 -0.971455E+01
 -0.974696E+01
 -0.977721E+01
 -0.980608E+01
 -0.983402E+01
 -0.986078E+01
 -0.988697E+01
 -0.991209E+01
 -0.993646E+01
 -0.996037E+01
 -0.998367E+01
 -0.100065E+02
 -0.100289E+02
 -0.100517E+02
 -0.100747E+02
 -0.100983E+02
 -0.101227E+02
 -0.101474E+02
 -0.101728E+02
 -0.101988E+02
 -0.102259E+02
 -0.102547E+02
 -0.102852E+02
 -0.103174E+02
 -0.103518E+02
 -0.103884E+02
 -0.104263E+02
 -0.104662E+02
 -0.105082E+02
 -0.105522E+02
 -0.105989E+02
 -0.106481E+02
 -0.106999E+02
 -0.107543E+02
 -0.108111E+02
 -0.108707E+02
 -0.109322E+02
 -0.109958E+02
 -0.110615E+02
 -0.111293E+02
 -0.111988E+02
 -0.112701E+02
 -0.113434E+02
 -0.114181E+02
 -0.114944E+02
 -0.115721E+02
 -0.116506E+02
 -0.117303E+02
 -0.118116E+02
 -0.118939E+02
 -0.119772E+02
 -0.120612E+02
 -0.121458E+02
 -0.122307E+02
 -0.123157E+02
 -0.124014E+02
 -0.124887E+02
 -0.125772E+02
 -0.126668E+02
 -0.127573E+02
 -0.128484E+02
 -0.129400E+02
 -0.130320E+02
 -0.131244E+02
 -0.132174E+02
 -0.133111E+02
 -0.134056E+02
 -0.135007E+02
 -0.135959E+02
 -0.136911E+02
 -0.137862E+02
 -0.138812E+02
 -0.139762E+02
 -0.140704E+02
 -0.141648E+02
 -0.142587E+02
 -0.143517E+02
 -0.144439E+02
 -0.145353E+02
 -0.146261E+02
 -0.147164E+02
 -0.148054E+02
 -0.148935E+02
 -0.149806E+02
 -0.150664E+02
 -0.151507E+02
 -0.152336E+02
 -0.153148E+02
 -0.153944E+02
 -0.154727E+02
 -0.155499E+02
 -0.156254E+02
 -0.156995E+02
 -0.157718E+02
 -0.158427E+02
 -0.159121E+02
 -0.159799E+02
 -0.160461E+02
 -0.161109E+02
 -0.161737E+02
 -0.162350E+02
 -0.162945E+02
 -0.163529E+02
 -0.164099E+02
 -0.164657E+02
 -0.165200E+02
 -0.165735E+02
 -0.166261E+02
 -0.166775E+02
 -0.167282E+02
 -0.167786E+02
 -0.168284E+02
 -0.168778E+02
 -0.169258E+02
 -0.169727E+02
 -0.170184E+02
 -0.170624E+02
 -0.171048E+02
 -0.171465E+02
 -0.171871E+02
 -0.172272E+02
 -0.172663E+02
 -0.173046E+02
 -0.173413E+02
 -0.173763E+02
 -0.174097E+02
 -0.174419E+02
 -0.174724E+02
 -0.175019E+02
 -0.175300E+02
 -0.175572E+02
 -0.175830E+02
 -0.176070E+02
 -0.176293E+02
 -0.176504E+02
 -0.176693E+02
 -0.176863E+02
 -0.177017E+02
 -0.177161E+02
 -0.177286E+02
 -0.177389E+02
 -0.177471E+02
 -0.177533E+02
 -0.177569E+02
 -0.177582E+02
 -0.177563E+02
 -0.177520E+02
 -0.177449E+02
 -0.177348E+02
 -0.177208E+02
 -0.177035E+02
 -0.176828E+02
 -0.176589E+02
 -0.176310E+02
 -0.176004E+02
 -0.175674E+02
 -0.175319E+02
 -0.174931E+02
 -0.174512E+02
 -0.174062E+02
 -0.173586E+02
 -0.173075E+02
 -0.172541E+02
 -0.171982E+02
 -0.171396E+02
 -0.170791E+02
 -0.170169E+02
 -0.169523E+02
 -0.168867E+02
 -0.168196E+02
 -0.167516E+02
 -0.166825E+02
 -0.166123E+02
 -0.165416E+02
 -0.164706E+02
 -0.163990E+02
 -0.163273E+02
 -0.162557E+02
 -0.161849E+02
 -0.161147E+02
 -0.160457E+02
 -0.159776E+02
 -0.159114E+02
 -0.158472E+02
 -0.157851E+02
 -0.157253E+02
 -0.156685E+02
 -0.156141E+02
 -0.155624E+02
 -0.155136E+02
 -0.154683E+02
 -0.154258E+02
 -0.153869E+02
 -0.153513E+02
 -0.153192E+02
 -0.152906E+02
 -0.152652E+02
 -0.152431E+02
 -0.152243E+02
 -0.152082E+02
 -0.151954E+02
 -0.151850E+02
 -0.151771E+02
 -0.151721E+02
 -0.151690E+02
 -0.151677E+02
 -0.151689E+02
 -0.151716E+02
 -0.151756E+02
 -0.151808E+02
 -0.151865E+02
 -0.151922E+02
 -0.151980E+02
 -0.152034E+02
 -0.152084E+02
 -0.152123E+02
 -0.152151E+02
 -0.152163E+02
 -0.152158E+02
 -0.152129E+02
 -0.152075E+02
 -0.151992E+02
 -0.151883E+02
 -0.151740E+02
 -0.151563E+02
 -0.151351E+02
 -0.151105E+02
 -0.150822E+02
 -0.150503E+02
 -0.150143E+02
 -0.149744E+02
 -0.149306E+02
 -0.148829E+02
 -0.148308E+02
 -0.147752E+02
 -0.147159E+02
 -0.146527E+02
 -0.145858E+02
 -0.145155E+02
 -0.144416E+02
 -0.143645E+02
 -0.142843E+02
 -0.142012E+02
 -0.141151E+02
 -0.140267E+02
 -0.139358E+02
 -0.138433E+02
 -0.137492E+02
 -0.136535E+02
 -0.135565E+02
 -0.134585E+02
 -0.133596E+02
 -0.132599E+02
 -0.131592E+02
 -0.130582E+02
 -0.129573E+02
 -0.128570E+02
 -0.127568E+02
 -0.126575E+02
 -0.125590E+02
 -0.124614E+02
 -0.123655E+02
 -0.122713E+02
 -0.121789E+02
 -0.120887E+02
 -0.120003E+02
 -0.119138E+02
 -0.118298E+02
 -0.117483E+02
 -0.116692E+02
 -0.115930E+02
 -0.115197E+02
 -0.114494E+02
 -0.113819E+02
 -0.113175E+02
 -0.112561E+02
 -0.111970E+02
 -0.111407E+02
 -0.110875E+02
 -0.110365E+02
 -0.109879E+02
 -0.109419E+02
 -0.108981E+02
 -0.108570E+02
 -0.108179E+02
 -0.107811E+02
 -0.107467E+02
 -0.107139E+02
 -0.106839E+02
 -0.106563E+02
 -0.106304E+02
 -0.106074E+02
 -0.105864E+02
 -0.105672E+02
 -0.105500E+02
 -0.105348E+02
 -0.105217E+02
 -0.105105E+02
 -0.105008E+02
 -0.104929E+02
 -0.104873E+02
 -0.104829E+02
 -0.104803E+02
 -0.104792E+02
 -0.104787E+02
 -0.104790E+02
 -0.104794E+02
 -0.104801E+02
 -0.104816E+02
 -0.104821E+02
 -0.104824E+02
 -0.104827E+02
 -0.104821E+02
 -0.104806E+02
 -0.104780E+02
 -0.104743E+02
 -0.104695E+02
 -0.104635E+02
 -0.104568E+02
 -0.104485E+02
 -0.104390E+02
 -0.104291E+02
 -0.104179E+02
 -0.104056E+02
 -0.103928E+02
 -0.103799E+02
 -0.103667E+02
 -0.103525E+02
 -0.103380E+02
 -0.103235E+02
 -0.103087E+02
 -0.102936E+02
 -0.102783E+02
 -0.102630E+02
 -0.102481E+02
 -0.102331E+02
 -0.102179E+02
 -0.102024E+02
 -0.101870E+02
 -0.101719E+02
 -0.101567E+02
 -0.101413E+02
 -0.101261E+02
 -0.101112E+02
 -0.100962E+02
 -0.100808E+02
 -0.100653E+02
 -0.100496E+02
 -0.100336E+02
 -0.100174E+02
 -0.100010E+02
 -0.998429E+01
 -0.996731E+01
 -0.994984E+01
 -0.993153E+01
 -0.991220E+01
 -0.989107E+01
 -0.986893E+01
 -0.984559E+01
 -0.982058E+01
 -0.979444E+01
 -0.976662E+01
 -0.973742E+01
 -0.970658E+01
 -0.967385E+01
 -0.963993E+01
 -0.960388E+01
 -0.956607E+01
 -0.952637E+01
 -0.948436E+01
 -0.944014E+01
 -0.939339E+01
 -0.934448E+01
 -0.929303E+01
 -0.923857E+01
 -0.918168E+01
 -0.912192E+01
 -0.905974E+01
 -0.899501E+01
 -0.892758E+01
 -0.885817E+01
 -0.878631E+01
 -0.871187E+01
 -0.863530E+01
 -0.855575E+01
 -0.847373E+01
 -0.838942E+01
 -0.830260E+01
 -0.821350E+01
 -0.812206E+01
 -0.802808E+01
 -0.793193E+01
 -0.783353E+01
 -0.773333E+01
 -0.763099E+01
 -0.752628E+01
 -0.741976E+01
 -0.731171E+01
 -0.720167E+01
 -0.708961E+01
 -0.697569E+01
 -0.686057E+01
 -0.674368E+01
 -0.662577E+01
 -0.650717E+01
 -0.638807E+01
 -0.626866E+01
 -0.614904E+01
 -0.602926E+01
 -0.591008E+01
 -0.579138E+01
 -0.567359E+01
 -0.555699E+01
 -0.544224E+01
 -0.532899E+01
 -0.521776E+01
 -0.510870E+01
 -0.500215E+01
 -0.489787E+01
 -0.479658E+01
 -0.469815E+01
 -0.460253E+01
 -0.450921E+01
 -0.441824E+01
 -0.432972E+01
 -0.424437E+01
 -0.416126E+01
 -0.408090E+01
 -0.400363E+01
 -0.392914E+01
 -0.385666E+01
 -0.378653E+01
 -0.371846E+01
 -0.365278E+01
 -0.358894E+01
 -0.352737E+01
 -0.346753E+01
 -0.341034E+01
 -0.335527E+01
 -0.330189E+01
 -0.325015E+01
 -0.320062E+01
 -0.315257E+01
 -0.310623E+01
 -0.306153E+01
 -0.301870E+01
 -0.297701E+01
 -0.293703E+01
 -0.289847E+01
 -0.286162E+01
 -0.282563E+01
 -0.279107E+01
 -0.275828E+01
 -0.272736E+01
 -0.269818E+01
 -0.267111E+01
 -0.264590E+01
 -0.262387E+01
 -0.260364E+01
 -0.258568E+01
 -0.257056E+01
 -0.255832E+01
 -0.254864E+01
 -0.254200E+01
 -0.253811E+01
 -0.253813E+01
 -0.254142E+01
 -0.254831E+01
 -0.255945E+01
 -0.257521E+01
 -0.259463E+01
 -0.261850E+01
 -0.264588E+01
 -0.267732E+01
 -0.271294E+01
 -0.275255E+01
 -0.279641E+01
 -0.284510E+01
 -0.289795E+01
 -0.295589E+01
 -0.301830E+01
 -0.308553E+01
 -0.315683E+01
 -0.323251E+01
 -0.331223E+01
 -0.339599E+01
 -0.348320E+01
 -0.357400E+01
 -0.366853E+01
 -0.376704E+01
 -0.386848E+01
 -0.397345E+01
 -0.408130E+01
 -0.419212E+01
 -0.430538E+01
 -0.442113E+01
 -0.453934E+01
 -0.465988E+01
 -0.478172E+01
 -0.490527E+01
 -0.502993E+01
 -0.515555E+01
 -0.528175E+01
 -0.540907E+01
 -0.553669E+01
 -0.566485E+01
 -0.579349E+01
 -0.592176E+01
 -0.604959E+01
 -0.617754E+01
 -0.630470E+01
 -0.643177E+01
 -0.655799E+01
 -0.668345E+01
 -0.680825E+01
 -0.693172E+01
 -0.705431E+01
 -0.717580E+01
 -0.729533E+01
 -0.741367E+01
 -0.753013E+01
 -0.764506E+01
 -0.775810E+01
 -0.786918E+01
 -0.797831E+01
 -0.808496E+01
 -0.818911E+01
 -0.829052E+01
 -0.838887E+01
 -0.848442E+01
 -0.857669E+01
 -0.866628E+01
 -0.875284E+01
 -0.883664E+01
 -0.891758E+01
 -0.899519E+01
 -0.906996E+01
 -0.914207E+01
 -0.921119E+01
 -0.927731E+01
 -0.934052E+01
 -0.940099E+01
 -0.945851E+01
 -0.951351E+01
 -0.956590E+01
 -0.961587E+01
 -0.966342E+01
 -0.970845E+01
 -0.975135E+01
 -0.979224E+01
 -0.983111E+01
 -0.986840E+01
 -0.990390E+01
 -0.993734E+01
 -0.996881E+01
 -0.999856E+01
 -0.100265E+02
 -0.100522E+02
 -0.100761E+02
 -0.100983E+02
 -0.101187E+02
 -0.101379E+02
 -0.101556E+02
 -0.101722E+02
 -0.101876E+02
 -0.102017E+02
 -0.102149E+02
 -0.102265E+02
 -0.102367E+02
 -0.102460E+02
 -0.102543E+02
 -0.102624E+02
 -0.102701E+02
 -0.102779E+02
 -0.102856E+02
 -0.102932E+02
 -0.103007E+02
 -0.103077E+02
 -0.103144E+02
 -0.103214E+02
 -0.103285E+02
 -0.103357E+02
 -0.103434E+02
 -0.103514E+02
 -0.103595E+02
 -0.103677E+02
 -0.103756E+02
 -0.103833E+02
 -0.103910E+02
 -0.103984E+02
 -0.104055E+02
 -0.104127E+02
 -0.104199E+02
 -0.104266E+02
 -0.104328E+02
 -0.104387E+02
 -0.104437E+02
 -0.104477E+02
 -0.104512E+02
 -0.104541E+02
 -0.104561E+02
 -0.104578E+02
 -0.104591E+02
 -0.104596E+02
 -0.104593E+02
 -0.104584E+02
 -0.104569E+02
 -0.104549E+02
 -0.104525E+02
 -0.104498E+02
 -0.104468E+02
 -0.104436E+02
 -0.104402E+02
 -0.104370E+02
 -0.104342E+02
 -0.104324E+02
 -0.104315E+02
 -0.104313E+02
 -0.104322E+02
 -0.104343E+02
 -0.104374E+02
 -0.104419E+02
 -0.104479E+02
 -0.104554E+02
 -0.104646E+02
 -0.104757E+02
 -0.104885E+02
 -0.105031E+02
 -0.105196E+02
 -0.105379E+02
 -0.105580E+02
 -0.105802E+02
 -0.106045E+02
 -0.106311E+02
 -0.106600E+02
 -0.106913E+02
 -0.107255E+02
 -0.107621E+02
 -0.108010E+02
 -0.108430E+02
 -0.108874E+02
 -0.109345E+02
 -0.109846E+02
 -0.110374E+02
 -0.110933E+02
 -0.111524E+02
 -0.112148E+02
 -0.112805E+02
 -0.113496E+02
 -0.114218E+02
 -0.114967E+02
 -0.115737E+02
 -0.116530E+02
 -0.117347E+02
 -0.118184E+02
 -0.119039E+02
 -0.119915E+02
 -0.120809E+02
 -0.121720E+02
 -0.122644E+02
 -0.123576E+02
 -0.124514E+02
 -0.125458E+02
 -0.126403E+02
 -0.127345E+02
 -0.128284E+02
 -0.129223E+02
 -0.130156E+02
 -0.131079E+02
 -0.131990E+02
 -0.132890E+02
 -0.133777E+02
 -0.134649E+02
 -0.135504E+02
 -0.136345E+02
 -0.137176E+02
 -0.137991E+02
 -0.138788E+02
 -0.139568E+02
 -0.140328E+02
 -0.141068E+02
 -0.141788E+02
 -0.142489E+02
 -0.143173E+02
 -0.143840E+02
 -0.144489E+02
 -0.145119E+02
 -0.145732E+02
 -0.146329E+02
 -0.146904E+02
 -0.147466E+02
 -0.148010E+02
 -0.148535E+02
 -0.149042E+02
 -0.149534E+02
 -0.150010E+02
 -0.150470E+02
 -0.150908E+02
 -0.151328E+02
 -0.151730E+02
 -0.152110E+02
 -0.152472E+02
 -0.152821E+02
 -0.153149E+02
 -0.153462E+02
 -0.153755E+02
 -0.154029E+02
 -0.154282E+02
 -0.154509E+02
 -0.154708E+02
 -0.154888E+02
 -0.155043E+02
 -0.155178E+02
 -0.155287E+02
 -0.155375E+02
 -0.155440E+02
 -0.155481E+02
 -0.155505E+02
 -0.155507E+02
 -0.155482E+02
 -0.155441E+02
 -0.155380E+02
 -0.155297E+02
 -0.155193E+02
 -0.155071E+02
 -0.154929E+02
 -0.154766E+02
 -0.154587E+02
 -0.154393E+02
 -0.154181E+02
 -0.153957E+02
 -0.153712E+02
 -0.153448E+02
 -0.153166E+02
 -0.152866E+02
 -0.152547E+02
 -0.152215E+02
 -0.151870E+02
 -0.151515E+02
 -0.151148E+02
 -0.150769E+02
 -0.150372E+02
 -0.149964E+02
 -0.149542E+02
 -0.149103E+02
 -0.148649E+02
 -0.148185E+02
 -0.147708E+02
 -0.147215E+02
 -0.146709E+02
 -0.146192E+02
 -0.145665E+02
 -0.145130E+02
 -0.144579E+02
 -0.144020E+02
 -0.143455E+02
 -0.142880E+02
 -0.142294E+02
 -0.141700E+02
 -0.141099E+02
 -0.140496E+02
 -0.139889E+02
 -0.139286E+02
 -0.138683E+02
 -0.138085E+02
 -0.137491E+02
 -0.136901E+02
 -0.136319E+02
 -0.135739E+02
 -0.135168E+02
 -0.134612E+02
 -0.134066E+02
 -0.133536E+02
 -0.133019E+02
 -0.132515E+02
 -0.132025E+02
 -0.131551E+02
 -0.131093E+02
 -0.130655E+02
 -0.130237E+02
 -0.129839E+02
 -0.129461E+02
 -0.129108E+02
 -0.128780E+02
 -0.128479E+02
 -0.128202E+02
 -0.127951E+02
 -0.127729E+02
 -0.127536E+02
 -0.127372E+02
 -0.127236E+02
 -0.127129E+02
 -0.127056E+02
 -0.127015E+02
 -0.127001E+02
 -0.127015E+02
 -0.127056E+02
 -0.127123E+02
 -0.127221E+02
 -0.127344E+02
 -0.127493E+02
 -0.127666E+02
 -0.127863E+02
 -0.128073E+02
 -0.128296E+02
 -0.128530E+02
 -0.128772E+02
 -0.129021E+02
 -0.129278E+02
 -0.129531E+02
 -0.129793E+02
 -0.130058E+02
 -0.130313E+02
 -0.130564E+02
 -0.130812E+02
 -0.131051E+02
 -0.131284E+02
 -0.131505E+02
 -0.131712E+02
 -0.131911E+02
 -0.132098E+02
 -0.132262E+02
 -0.132401E+02
 -0.132525E+02
 -0.132636E+02
 -0.132728E+02
 -0.132806E+02
 -0.132864E+02
 -0.132899E+02
 -0.132914E+02
 -0.132904E+02
 -0.132863E+02
 -0.132801E+02
 -0.132717E+02
 -0.132608E+02
 -0.132473E+02
 -0.132313E+02
 -0.132131E+02
 -0.131930E+02
 -0.131714E+02
 -0.131477E+02
 -0.131222E+02
 -0.130952E+02
 -0.130666E+02
 -0.130363E+02
 -0.130044E+02
 -0.129710E+02
 -0.129360E+02
 -0.129000E+02
 -0.128627E+02
 -0.128240E+02
 -0.127837E+02
 -0.127420E+02
 -0.126990E+02
 -0.126545E+02
 -0.126079E+02
 -0.125596E+02
 -0.125099E+02
 -0.124590E+02
 -0.124069E+02
 -0.123535E+02
 -0.122987E+02
 -0.122429E+02
 -0.121858E+02
 -0.121272E+02
 -0.120665E+02
 -0.120039E+02
 -0.119404E+02
 -0.118755E+02
 -0.118088E+02
 -0.117408E+02
 -0.116717E+02
 -0.116015E+02
 -0.115301E+02
 -0.114582E+02
 -0.113855E+02
 -0.113125E+02
 -0.112388E+02
 -0.111644E+02
 -0.110889E+02
 -0.110122E+02
 -0.109347E+02
 -0.108562E+02
 -0.107766E+02
 -0.106963E+02
 -0.106159E+02
 -0.105347E+02
 -0.104530E+02
 -0.103713E+02
 -0.102890E+02
 -0.102062E+02
 -0.101229E+02
 -0.100394E+02
 -0.995570E+01
 -0.987157E+01
 -0.978760E+01
 -0.970335E+01
 -0.961906E+01
 -0.953496E+01
 -0.945094E+01
 -0.936766E+01
 -0.928493E+01
 -0.920316E+01
 -0.912212E+01
 -0.904144E+01
 -0.896191E+01
 -0.888277E+01
 -0.880448E+01
 -0.872719E+01
 -0.865085E+01
 -0.857609E+01
 -0.850238E+01
 -0.842954E+01
 -0.835824E+01
 -0.828813E+01
 -0.821963E+01
 -0.815247E+01
 -0.808643E+01
 -0.802167E+01
 -0.795830E+01
 -0.789616E+01
 -0.783484E+01
 -0.777424E+01
 -0.771501E+01
 -0.765687E+01
 -0.759975E+01
 -0.754338E+01
 -0.748821E+01
 -0.743340E+01
 -0.737936E+01
 -0.732593E+01
 -0.727190E+01
 -0.721828E+01
 -0.716545E+01
 -0.711274E+01
 -0.706080E+01
 -0.700877E+01
 -0.695749E+01
 -0.690670E+01
 -0.685599E+01
 -0.680579E+01
 -0.675585E+01
 -0.670659E+01
 -0.665856E+01
 -0.661049E+01
 -0.656293E+01
 -0.651574E+01
 -0.646855E+01
 -0.642168E+01
 -0.637547E+01
 -0.632953E+01
 -0.628439E+01
 -0.623981E+01
 -0.619636E+01
 -0.615358E+01
 -0.611163E+01
 -0.607114E+01
 -0.603209E+01
 -0.599374E+01
 -0.595633E+01
 -0.591985E+01
 -0.588436E+01
 -0.584985E+01
 -0.581667E+01
 -0.578442E+01
 -0.575414E+01
 -0.572541E+01
 -0.569868E+01
 -0.567362E+01
 -0.565033E+01
 -0.562907E+01
 -0.560955E+01
 -0.559205E+01
 -0.557614E+01
 -0.556140E+01
 -0.554871E+01
 -0.553714E+01
 -0.552810E+01
 -0.552056E+01
 -0.551498E+01
 -0.551178E+01
 -0.551004E+01
 -0.551071E+01
 -0.551371E+01
 -0.551893E+01
 -0.552669E+01
 -0.553548E+01
 -0.554709E+01
 -0.556038E+01
 -0.557546E+01
 -0.559319E+01
 -0.561251E+01
 -0.563455E+01
 -0.565947E+01
 -0.568543E+01
 -0.571362E+01
 -0.574341E+01
 -0.577464E+01
 -0.580755E+01
 -0.584182E+01
 -0.587767E+01
 -0.591528E+01
 -0.595355E+01
 -0.599339E+01
 -0.603419E+01
 -0.607595E+01
 -0.611885E+01
 -0.616258E+01
 -0.620730E+01
 -0.625379E+01
 -0.630133E+01
 -0.635031E+01
 -0.640014E+01
 -0.645009E+01
 -0.650057E+01
 -0.655125E+01
 -0.660175E+01
 -0.665288E+01
 -0.670404E+01
 -0.675637E+01
 -0.680940E+01
 -0.686264E+01
 -0.691642E+01
 -0.697033E+01
 -0.702448E+01
 -0.707883E+01
 -0.713275E+01
 -0.718747E+01
 -0.724172E+01
 -0.729546E+01
 -0.734936E+01
 -0.740320E+01
 -0.745741E+01
 -0.751151E+01
 -0.756479E+01
 -0.761822E+01
 -0.767116E+01
 -0.772349E+01
 -0.777542E+01
 -0.782703E+01
 -0.787755E+01
 -0.792735E+01
 -0.797636E+01
 -0.802444E+01
 -0.807217E+01
 -0.811968E+01
 -0.816640E+01
 -0.821289E+01
 -0.825899E+01
 -0.830463E+01
 -0.834922E+01
 -0.839265E+01
 -0.843551E+01
 -0.847754E+01
 -0.851886E+01
 -0.856003E+01
 -0.860041E+01
 -0.864017E+01
 -0.867904E+01
 -0.871712E+01
 -0.875418E+01
 -0.879048E+01
 -0.882640E+01
 -0.886161E+01
 -0.889531E+01
 -0.892840E+01
 -0.896131E+01
 -0.899344E+01
 -0.902473E+01
 -0.905518E+01
 -0.908479E+01
 -0.911418E+01
 -0.914317E+01
 -0.917176E+01
 -0.919988E+01
 -0.922807E+01
 -0.925634E+01
 -0.928379E+01
 -0.931057E+01
 -0.933737E+01
 -0.936401E+01
 -0.939070E+01
 -0.941706E+01
 -0.944418E+01
 -0.947283E+01
 -0.950157E+01
 -0.953007E+01
 -0.955870E+01
 -0.958724E+01
 -0.961589E+01
 -0.964458E+01
 -0.967387E+01
 -0.970372E+01
 -0.973409E+01
 -0.976560E+01
 -0.979772E+01
 -0.982985E+01
 -0.986195E+01
 -0.989391E+01
 -0.992665E+01
 -0.995977E+01
 -0.999242E+01
 -0.100253E+02
 -0.100589E+02
 -0.100922E+02
 -0.101244E+02
 -0.101563E+02
 -0.101883E+02
 -0.102196E+02
 -0.102503E+02
 -0.102806E+02
 -0.103105E+02
 -0.103400E+02
 -0.103684E+02
 -0.103955E+02
 -0.104217E+02
 -0.104468E+02
 -0.104709E+02
 -0.104942E+02
 -0.105165E+02
 -0.105380E+02
 -0.105587E+02
 -0.105786E+02
 -0.105981E+02
 -0.106166E+02
 -0.106336E+02
 -0.106496E+02
 -0.106647E+02
 -0.106789E+02
 -0.106918E+02
 -0.107033E+02
 -0.107139E+02
 -0.107228E+02
 -0.107305E+02
 -0.107369E+02
 -0.107415E+02
 -0.107450E+02
 -0.107472E+02
 -0.107481E+02
 -0.107479E+02
 -0.107457E+02
 -0.107421E+02
 -0.107375E+02
 -0.107311E+02
 -0.107232E+02
 -0.107139E+02
 -0.107029E+02
 -0.106906E+02
 -0.106768E+02
 -0.106617E+02
 -0.106456E+02
 -0.106282E+02
 -0.106094E+02
 -0.105891E+02
 -0.105670E+02
 -0.105433E+02
 -0.105183E+02
 -0.104919E+02
 -0.104639E+02
 -0.104348E+02
 -0.104046E+02
 -0.103733E+02
 -0.103405E+02
 -0.103072E+02
 -0.102735E+02
 -0.102390E+02
 -0.102036E+02
 -0.101681E+02
 -0.101320E+02
 -0.100953E+02
 -0.100583E+02
 -0.100213E+02
 -0.998443E+01
 -0.994799E+01
 -0.991274E+01
 -0.987889E+01
 -0.984606E+01
 -0.981468E+01
 -0.978468E+01
 -0.975629E+01
 -0.972906E+01
 -0.970343E+01
 -0.968000E+01
 -0.965829E+01
 -0.963844E+01
 -0.962045E+01
 -0.960401E+01
 -0.958959E+01
 -0.957734E+01
 -0.956701E+01
 -0.955878E+01
 -0.955297E+01
 -0.954896E+01
 -0.954685E+01
 -0.954612E+01
 -0.954729E+01
 -0.955073E+01
 -0.955596E+01
 -0.956341E+01
 -0.957277E+01
 -0.958375E+01
 -0.959677E+01
 -0.961113E+01
 -0.962736E+01
 -0.964555E+01
 -0.966525E+01
 -0.968723E+01
 -0.971127E+01
 -0.973683E+01
 -0.976416E+01
 -0.979259E+01
 -0.982207E+01
 -0.985257E+01
 -0.988456E+01
 -0.991752E+01
 -0.995163E+01
 -0.998778E+01
 -0.100249E+02
 -0.100630E+02
 -0.101021E+02
 -0.101411E+02
 -0.101802E+02
 -0.102200E+02
 -0.102597E+02
 -0.102992E+02
 -0.103389E+02
 -0.103785E+02
 -0.104172E+02
 -0.104550E+02
 -0.104923E+02
 -0.105284E+02
 -0.105637E+02
 -0.105986E+02
 -0.106329E+02
 -0.106662E+02
 -0.106982E+02
 -0.107292E+02
 -0.107595E+02
 -0.107882E+02
 -0.108152E+02
 -0.108408E+02
 -0.108645E+02
 -0.108868E+02
 -0.109072E+02
 -0.109253E+02
 -0.109420E+02
 -0.109570E+02
 -0.109703E+02
 -0.109821E+02
 -0.109917E+02
 -0.109996E+02
 -0.110055E+02
 -0.110088E+02
 -0.110101E+02
 -0.110088E+02
 -0.110050E+02
 -0.109995E+02
 -0.109916E+02
 -0.109820E+02
 -0.109706E+02
 -0.109569E+02
 -0.109416E+02
 -0.109241E+02
 -0.109047E+02
 -0.108842E+02
 -0.108624E+02
 -0.108392E+02
 -0.108147E+02
 -0.107888E+02
 -0.107619E+02
 -0.107343E+02
 -0.107060E+02
 -0.106778E+02
 -0.106502E+02
 -0.106228E+02
 -0.105956E+02
 -0.105686E+02
 -0.105423E+02
 -0.105167E+02
 -0.104920E+02
 -0.104681E+02
 -0.104456E+02
 -0.104248E+02
 -0.104057E+02
 -0.103889E+02
 -0.103743E+02
 -0.103616E+02
 -0.103520E+02
 -0.103454E+02
 -0.103421E+02
 -0.103418E+02
 -0.103442E+02
 -0.103497E+02
 -0.103581E+02
 -0.103690E+02
 -0.103827E+02
 -0.103997E+02
 -0.104199E+02
 -0.104432E+02
 -0.104694E+02
 -0.104987E+02
 -0.105312E+02
 -0.105665E+02
 -0.106045E+02
 -0.106453E+02
 -0.106888E+02
 -0.107350E+02
 -0.107839E+02
 -0.108354E+02
 -0.108893E+02
 -0.109459E+02
 -0.110057E+02
 -0.110687E+02
 -0.111351E+02
 -0.112047E+02
 -0.112774E+02
 -0.113528E+02
 -0.114310E+02
 -0.115116E+02
 -0.115953E+02
 -0.116816E+02
 -0.117704E+02
 -0.118619E+02
 -0.119556E+02
 -0.120513E+02
 -0.121494E+02
 -0.122497E+02
 -0.123521E+02
 -0.124568E+02
 -0.125636E+02
 -0.126725E+02
 -0.127835E+02
 -0.128959E+02
 -0.130098E+02
 -0.131251E+02
 -0.132417E+02
 -0.133596E+02
 -0.134785E+02
 -0.135988E+02
 -0.137202E+02
 -0.138422E+02
 -0.139653E+02
 -0.140889E+02
 -0.142129E+02
 -0.143379E+02
 -0.144635E+02
 -0.145897E+02
 -0.147163E+02
 -0.148434E+02
 -0.149703E+02
 -0.150971E+02
 -0.152240E+02
 -0.153499E+02
 -0.154748E+02
 -0.155999E+02
 -0.157246E+02
 -0.158487E+02
 -0.159714E+02
 -0.160936E+02
 -0.162146E+02
 -0.163338E+02
 -0.164514E+02
 -0.165681E+02
 -0.166835E+02
 -0.167967E+02
 -0.169075E+02
 -0.170165E+02
 -0.171231E+02
 -0.172275E+02
 -0.173289E+02
 -0.174279E+02
 -0.175241E+02
 -0.176178E+02
 -0.177088E+02
 -0.177969E+02
 -0.178825E+02
 -0.179654E+02
 -0.180448E+02
 -0.181212E+02
 -0.181944E+02
 -0.182642E+02
 -0.183307E+02
 -0.183944E+02
 -0.184548E+02
 -0.185123E+02
 -0.185659E+02
 -0.186170E+02
 -0.186657E+02
 -0.187114E+02
 -0.187540E+02
 -0.187947E+02
 -0.188324E+02
 -0.188678E+02
 -0.188999E+02
 -0.189295E+02
 -0.189572E+02
 -0.189826E+02
 -0.190058E+02
 -0.190278E+02
 -0.190483E+02
 -0.190682E+02
 -0.190863E+02
 -0.191034E+02
 -0.191198E+02
 -0.191345E+02
 -0.191477E+02
 -0.191607E+02
 -0.191725E+02
 -0.191839E+02
 -0.191949E+02
 -0.192056E+02
 -0.192153E+02
 -0.192246E+02
 -0.192328E+02
 -0.192406E+02
 -0.192479E+02
 -0.192549E+02
 -0.192612E+02
 -0.192674E+02
 -0.192734E+02
 -0.192791E+02
 -0.192836E+02
 -0.192880E+02
 -0.192926E+02
 -0.192977E+02
 -0.193025E+02
 -0.193079E+02
 -0.193136E+02
 -0.193192E+02
 -0.193248E+02
 -0.193314E+02
 -0.193382E+02
 -0.193460E+02
 -0.193536E+02
 -0.193618E+02
 -0.193705E+02
 -0.193793E+02
 -0.193879E+02
 -0.193970E+02
 -0.194057E+02
 -0.194151E+02
 -0.194248E+02
 -0.194342E+02
 -0.194435E+02
 -0.194531E+02
 -0.194621E+02
 -0.194713E+02
 -0.194803E+02
 -0.194893E+02
 -0.194979E+02
 -0.195067E+02
 -0.195154E+02
 -0.195240E+02
 -0.195317E+02
 -0.195392E+02
 -0.195458E+02
 -0.195521E+02
 -0.195580E+02
 -0.195641E+02
 -0.195695E+02
 -0.195744E+02
 -0.195787E+02
 -0.195825E+02
 -0.195849E+02
 -0.195869E+02
 -0.195881E+02
 -0.195885E+02
 -0.195877E+02
 -0.195857E+02
 -0.195824E+02
 -0.195787E+02
 -0.195738E+02
 -0.195678E+02
 -0.195604E+02
 -0.195527E+02
 -0.195445E+02
 -0.195352E+02
 -0.195247E+02
 -0.195140E+02
 -0.195027E+02
 -0.194910E+02
 -0.194778E+02
 -0.194645E+02
 -0.194514E+02
 -0.194388E+02
 -0.194252E+02
 -0.194110E+02
 -0.193969E+02
 -0.193830E+02
 -0.193687E+02
 -0.193546E+02
 -0.193408E+02
 -0.193276E+02
 -0.193145E+02
 -0.193020E+02
 -0.192897E+02
 -0.192777E+02
 -0.192656E+02
 -0.192542E+02
 -0.192432E+02
 -0.192320E+02
 -0.192205E+02
 -0.192091E+02
 -0.191974E+02
 -0.191861E+02
 -0.191746E+02
 -0.191639E+02
 -0.191532E+02
 -0.191421E+02
 -0.191302E+02
 -0.191174E+02
 -0.191037E+02
 -0.190901E+02
 -0.190757E+02
 -0.190617E+02
 -0.190480E+02
 -0.190336E+02
 -0.190174E+02
 -0.190008E+02
 -0.189833E+02
 -0.189652E+02
 -0.189465E+02
 -0.189284E+02
 -0.189102E+02
 -0.188915E+02
 -0.188718E+02
 -0.188518E+02
 -0.188305E+02
 -0.188089E+02
 -0.187872E+02
 -0.187657E+02
 -0.187441E+02
 -0.187227E+02
 -0.187012E+02
 -0.186794E+02
 -0.186564E+02
 -0.186337E+02
 -0.186107E+02
 -0.185880E+02
 -0.185661E+02
 -0.185447E+02
 -0.185239E+02
 -0.185034E+02
 -0.184828E+02
 -0.184626E+02
 -0.184428E+02
 -0.184242E+02
 -0.184063E+02
 -0.183893E+02
 -0.183732E+02
 -0.183584E+02
 -0.183441E+02
 -0.183304E+02
 -0.183170E+02
 -0.183048E+02
 -0.182936E+02
 -0.182830E+02
 -0.182729E+02
 -0.182643E+02
 -0.182562E+02
 -0.182489E+02
 -0.182425E+02
 -0.182369E+02
 -0.182324E+02
 -0.182285E+02
 -0.182247E+02
 -0.182220E+02
 -0.182193E+02
 -0.182172E+02
 -0.182150E+02
 -0.182134E+02
 -0.182126E+02
 -0.182117E+02
 -0.182109E+02
 -0.182110E+02
 -0.182108E+02
 -0.182105E+02
 -0.182095E+02
 -0.182087E+02
 -0.182071E+02
 -0.182054E+02
 -0.182035E+02
 -0.182010E+02
 -0.181979E+02
 -0.181941E+02
 -0.181892E+02
 -0.181834E+02
 -0.181763E+02
 -0.181689E+02
 -0.181603E+02
 -0.181508E+02
 -0.181410E+02
 -0.181307E+02
 -0.181191E+02
 -0.181073E+02
 -0.180951E+02
 -0.180822E+02
 -0.180681E+02
 -0.180540E+02
 -0.180397E+02
 -0.180251E+02
 -0.180091E+02
 -0.179942E+02
 -0.179797E+02
 -0.179646E+02
 -0.179496E+02
 -0.179352E+02
 -0.179211E+02
 -0.179074E+02
 -0.178932E+02
 -0.178801E+02
 -0.178674E+02
 -0.178551E+02
 -0.178426E+02
 -0.178314E+02
 -0.178208E+02
 -0.178105E+02
 -0.178010E+02
 -0.177926E+02
 -0.177847E+02
 -0.177778E+02
 -0.177715E+02
 -0.177667E+02
 -0.177621E+02
 -0.177587E+02
 -0.177564E+02
 -0.177549E+02
 -0.177542E+02
 -0.177545E+02
 -0.177557E+02
 -0.177579E+02
 -0.177604E+02
 -0.177643E+02
 -0.177688E+02
 -0.177742E+02
 -0.177804E+02
 -0.177873E+02
 -0.177945E+02
 -0.178025E+02
 -0.178108E+02
 -0.178200E+02
 -0.178294E+02
 -0.178389E+02
 -0.178484E+02
 -0.178587E+02
 -0.178687E+02
 -0.178785E+02
 -0.178880E+02
 -0.178978E+02
 -0.179073E+02
 -0.179165E+02
 -0.179254E+02
 -0.179344E+02
 -0.179425E+02
 -0.179501E+02
 -0.179572E+02
 -0.179638E+02
 -0.179697E+02
 -0.179752E+02
 -0.179802E+02
 -0.179838E+02
 -0.179860E+02
 -0.179883E+02
 -0.179892E+02
 -0.179893E+02
 -0.179889E+02
 -0.179876E+02
 -0.179848E+02
 -0.179807E+02
 -0.179753E+02
 -0.179689E+02
 -0.179609E+02
 -0.179521E+02
 -0.179411E+02
 -0.179284E+02
 -0.179146E+02
 -0.178995E+02
 -0.178822E+02
 -0.178635E+02
 -0.178433E+02
 -0.178223E+02
 -0.177997E+02
 -0.177752E+02
 -0.177501E+02
 -0.177251E+02
 -0.176972E+02
 -0.176681E+02
 -0.176389E+02
 -0.176090E+02
 -0.175768E+02
 -0.175440E+02
 -0.175115E+02
 -0.174773E+02
 -0.174422E+02
 -0.174080E+02
 -0.173725E+02
 -0.173367E+02
 -0.173007E+02
 -0.172651E+02
 -0.172295E+02
 -0.171934E+02
 -0.171578E+02
 -0.171228E+02
 -0.170874E+02
 -0.170524E+02
 -0.170179E+02
 -0.169839E+02
 -0.169490E+02
 -0.169141E+02
 -0.168791E+02
 -0.168437E+02
 -0.168079E+02
 -0.167718E+02
 -0.167350E+02
 -0.166980E+02
 -0.166608E+02
 -0.166236E+02
 -0.165853E+02
 -0.165469E+02
 -0.165078E+02
 -0.164679E+02
 -0.164271E+02
 -0.163857E+02
 -0.163438E+02
 -0.163010E+02
 -0.162566E+02
 -0.162116E+02
 -0.161659E+02
 -0.161204E+02
 -0.160736E+02
 -0.160258E+02
 -0.159781E+02
 -0.159296E+02
 -0.158805E+02
 -0.158316E+02
 -0.157817E+02
 -0.157316E+02
 -0.156812E+02
 -0.156307E+02
 -0.155800E+02
 -0.155295E+02
 -0.154786E+02
 -0.154281E+02
 -0.153771E+02
 -0.153252E+02
 -0.152736E+02
 -0.152219E+02
 -0.151701E+02
 -0.151193E+02
 -0.150684E+02
 -0.150178E+02
 -0.149668E+02
 -0.149166E+02
 -0.148679E+02
 -0.148190E+02
 -0.147695E+02
 -0.147215E+02
 -0.146758E+02
 -0.146301E+02
 -0.145839E+02
 -0.145409E+02
 -0.144995E+02
 -0.144578E+02
 -0.144173E+02
 -0.143794E+02
 -0.143423E+02
 -0.143048E+02
 -0.142690E+02
 -0.142356E+02
 -0.142015E+02
 -0.141679E+02
 -0.141364E+02
 -0.141060E+02
 -0.140759E+02
 -0.140474E+02
 -0.140198E+02
 -0.139927E+02
 -0.139665E+02
 -0.139411E+02
 -0.139165E+02
 -0.138932E+02
 -0.138705E+02
 -0.138485E+02
 -0.138273E+02
 -0.138071E+02
 -0.137878E+02
 -0.137691E+02
 -0.137510E+02
 -0.137345E+02
 -0.137191E+02
 -0.137045E+02
 -0.136911E+02
 -0.136788E+02
 -0.136674E+02
 -0.136567E+02
 -0.136462E+02
 -0.136368E+02
 -0.136280E+02
 -0.136201E+02
 -0.136128E+02
 -0.136065E+02
 -0.136013E+02
 -0.135975E+02
 -0.135943E+02
 -0.135921E+02
 -0.135912E+02
 -0.135909E+02
 -0.135904E+02
 -0.135903E+02
 -0.135904E+02
 -0.135911E+02
 -0.135921E+02
 -0.135931E+02
 -0.135939E+02
 -0.135945E+02
 -0.135950E+02
 -0.135951E+02
 -0.135945E+02
 -0.135936E+02
 -0.135917E+02
 -0.135891E+02
 -0.135855E+02
 -0.135807E+02
 -0.135753E+02
 -0.135685E+02
 -0.135603E+02
 -0.135514E+02
 -0.135411E+02
 -0.135306E+02
 -0.135194E+02
 -0.135076E+02
 -0.134955E+02
 -0.134820E+02
 -0.134674E+02
 -0.134522E+02
 -0.134359E+02
 -0.134184E+02
 -0.133999E+02
 -0.133807E+02
 -0.133607E+02
 -0.133401E+02
 -0.133188E+02
 -0.132972E+02
 -0.132748E+02
 -0.132518E+02
 -0.132285E+02
 -0.132051E+02
 -0.131814E+02
 -0.131574E+02
 -0.131332E+02
 -0.131096E+02
 -0.130860E+02
 -0.130622E+02
 -0.130383E+02
 -0.130141E+02
 -0.129903E+02
 -0.129669E+02
 -0.129437E+02
 -0.129210E+02
 -0.128987E+02
 -0.128769E+02
 -0.128549E+02
 -0.128335E+02
 -0.128133E+02
 -0.127935E+02
 -0.127739E+02
 -0.127544E+02
 -0.127347E+02
 -0.127152E+02
 -0.126956E+02
 -0.126767E+02
 -0.126582E+02
 -0.126403E+02
 -0.126224E+02
 -0.126043E+02
 -0.125866E+02
 -0.125681E+02
 -0.125488E+02
 -0.125292E+02
 -0.125092E+02
 -0.124899E+02
 -0.124704E+02
 -0.124506E+02
 -0.124306E+02
 -0.124098E+02
 -0.123879E+02
 -0.123652E+02
 -0.123414E+02
 -0.123171E+02
 -0.122925E+02
 -0.122671E+02
 -0.122414E+02
 -0.122152E+02
 -0.121876E+02
 -0.121593E+02
 -0.121300E+02
 -0.120998E+02
 -0.120695E+02
 -0.120394E+02
 -0.120092E+02
 -0.119787E+02
 -0.119477E+02
 -0.119163E+02
 -0.118845E+02
 -0.118527E+02
 -0.118214E+02
 -0.117904E+02
 -0.117603E+02
 -0.117311E+02
 -0.117019E+02
 -0.116737E+02
 -0.116461E+02
 -0.116193E+02
 -0.115932E+02
 -0.115682E+02
 -0.115452E+02
 -0.115238E+02
 -0.115039E+02
 -0.114853E+02
 -0.114675E+02
 -0.114506E+02
 -0.114349E+02
 -0.114207E+02
 -0.114081E+02
 -0.113975E+02
 -0.113884E+02
 -0.113809E+02
 -0.113753E+02
 -0.113711E+02
 -0.113683E+02
 -0.113667E+02
 -0.113667E+02
 -0.113684E+02
 -0.113714E+02
 -0.113759E+02
 -0.113815E+02
 -0.113883E+02
 -0.113963E+02
 -0.114055E+02
 -0.114158E+02
 -0.114274E+02
 -0.114400E+02
 -0.114531E+02
 -0.114671E+02
 -0.114816E+02
 -0.114964E+02
 -0.115121E+02
 -0.115283E+02
 -0.115451E+02
 -0.115626E+02
 -0.115799E+02
 -0.115971E+02
 -0.116143E+02
 -0.116311E+02
 -0.116479E+02
 -0.116647E+02
 -0.116816E+02
 -0.116986E+02
 -0.117152E+02
 -0.117315E+02
 -0.117474E+02
 -0.117625E+02
 -0.117772E+02
 -0.117912E+02
 -0.118041E+02
 -0.118162E+02
 -0.118277E+02
 -0.118384E+02
 -0.118485E+02
 -0.118574E+02
 -0.118653E+02
 -0.118722E+02
 -0.118777E+02
 -0.118817E+02
 -0.118841E+02
 -0.118850E+02
 -0.118843E+02
 -0.118817E+02
 -0.118782E+02
 -0.118737E+02
 -0.118678E+02
 -0.118606E+02
 -0.118519E+02
 -0.118410E+02
 -0.118288E+02
 -0.118153E+02
 -0.118000E+02
 -0.117840E+02
 -0.117674E+02
 -0.117496E+02
 -0.117305E+02
 -0.117103E+02
 -0.116892E+02
 -0.116670E+02
 -0.116440E+02
 -0.116206E+02
 -0.115971E+02
 -0.115735E+02
 -0.115508E+02
 -0.115287E+02
 -0.115069E+02
 -0.114860E+02
 -0.114653E+02
 -0.114453E+02
 -0.114264E+02
 -0.114085E+02
 -0.113921E+02
 -0.113771E+02
 -0.113636E+02
 -0.113522E+02
 -0.113429E+02
 -0.113354E+02
 -0.113301E+02
 -0.113271E+02
 -0.113268E+02
 -0.113287E+02
 -0.113332E+02
 -0.113401E+02
 -0.113488E+02
 -0.113598E+02
 -0.113730E+02
 -0.113886E+02
 -0.114064E+02
 -0.114265E+02
 -0.114492E+02
 -0.114742E+02
 -0.115017E+02
 -0.115314E+02
 -0.115628E+02
 -0.115960E+02
 -0.116312E+02
 -0.116683E+02
 -0.117069E+02
 -0.117468E+02
 -0.117880E+02
 -0.118298E+02
 -0.118730E+02
 -0.119178E+02
 -0.119635E+02
 -0.120100E+02
 -0.120575E+02
 -0.121059E+02
 -0.121547E+02
 -0.122040E+02
 -0.122533E+02
 -0.123020E+02
 -0.123508E+02
 -0.123993E+02
 -0.124475E+02
 -0.124964E+02
 -0.125446E+02
 -0.125924E+02
 -0.126406E+02
 -0.126874E+02
 -0.127333E+02
 -0.127782E+02
 -0.128216E+02
 -0.128634E+02
 -0.129039E+02
 -0.129431E+02
 -0.129799E+02
 -0.130151E+02
 -0.130496E+02
 -0.130818E+02
 -0.131124E+02
 -0.131411E+02
 -0.131680E+02
 -0.131928E+02
 -0.132162E+02
 -0.132376E+02
 -0.132553E+02
 -0.132708E+02
 -0.132844E+02
 -0.132949E+02
 -0.133033E+02
 -0.133091E+02
 -0.133122E+02
 -0.133128E+02
 -0.133113E+02
 -0.133079E+02
 -0.133022E+02
 -0.132942E+02
 -0.132838E+02
 -0.132707E+02
 -0.132552E+02
 -0.132372E+02
 -0.132168E+02
 -0.131938E+02
 -0.131686E+02
 -0.131411E+02
 -0.131113E+02
 -0.130800E+02
 -0.130466E+02
 -0.130109E+02
 -0.129734E+02
 -0.129340E+02
 -0.128931E+02
 -0.128503E+02
 -0.128058E+02
 -0.127599E+02
 -0.127120E+02
 -0.126628E+02
 -0.126124E+02
 -0.125606E+02
 -0.125085E+02
 -0.124550E+02
 -0.124006E+02
 -0.123459E+02
 -0.122907E+02
 -0.122352E+02
 -0.121794E+02
 -0.121230E+02
 -0.120659E+02
 -0.120086E+02
 -0.119512E+02
 -0.118933E+02
 -0.118359E+02
 -0.117787E+02
 -0.117219E+02
 -0.116656E+02
 -0.116092E+02
 -0.115535E+02
 -0.114980E+02
 -0.114427E+02
 -0.113882E+02
 -0.113334E+02
 -0.112790E+02
 -0.112247E+02
 -0.111703E+02
 -0.111161E+02
 -0.110618E+02
 -0.110080E+02
 -0.109551E+02
 -0.109031E+02
 -0.108517E+02
 -0.108005E+02
 -0.107501E+02
 -0.107000E+02
 -0.106504E+02
 -0.106021E+02
 -0.105554E+02
 -0.105100E+02
 -0.104653E+02
 -0.104220E+02
 -0.103800E+02
 -0.103389E+02
 -0.102996E+02
 -0.102620E+02
 -0.102262E+02
 -0.101925E+02
 -0.101613E+02
 -0.101319E+02
 -0.101044E+02
 -0.100799E+02
 -0.100570E+02
 -0.100363E+02
 -0.100181E+02
 -0.100024E+02
 -0.998939E+01
 -0.997856E+01
 -0.997017E+01
 -0.996439E+01
 -0.996076E+01
 -0.995964E+01
 -0.996071E+01
 -0.996371E+01
 -0.996850E+01
 -0.997512E+01
 -0.998330E+01
 -0.999288E+01
 -0.100043E+02
 -0.100173E+02
 -0.100313E+02
 -0.100470E+02
 -0.100636E+02
 -0.100816E+02
 -0.101003E+02
 -0.101194E+02
 -0.101391E+02
 -0.101587E+02
 -0.101788E+02
 -0.101988E+02
 -0.102179E+02
 -0.102373E+02
 -0.102564E+02
 -0.102749E+02
 -0.102934E+02
 -0.103118E+02
 -0.103300E+02
 -0.103474E+02
 -0.103641E+02
 -0.103803E+02
 -0.103957E+02
 -0.104102E+02
 -0.104237E+02
 -0.104365E+02
 -0.104481E+02
 -0.104584E+02
 -0.104689E+02
 -0.104787E+02
 -0.104877E+02
 -0.104965E+02
 -0.105043E+02
 -0.105117E+02
 -0.105185E+02
 -0.105244E+02
 -0.105292E+02
 -0.105329E+02
 -0.105360E+02
 -0.105372E+02
 -0.105374E+02
 -0.105370E+02
 -0.105358E+02
 -0.105348E+02
 -0.105336E+02
 -0.105322E+02
 -0.105314E+02
 -0.105305E+02
 -0.105291E+02
 -0.105274E+02
 -0.105255E+02
 -0.105236E+02
 -0.105219E+02
 -0.105208E+02
 -0.105198E+02
 -0.105193E+02
 -0.105193E+02
 -0.105195E+02
 -0.105200E+02
 -0.105210E+02
 -0.105230E+02
 -0.105254E+02
 -0.105286E+02
 -0.105328E+02
 -0.105371E+02
 -0.105420E+02
 -0.105468E+02
 -0.105517E+02
 -0.105575E+02
 -0.105636E+02
 -0.105705E+02
 -0.105779E+02
 -0.105860E+02
 -0.105950E+02
 -0.106041E+02
 -0.106141E+02
 -0.106246E+02
 -0.106358E+02
 -0.106480E+02
 -0.106603E+02
 -0.106727E+02
 -0.106851E+02
 -0.106977E+02
 -0.107113E+02
 -0.107259E+02
 -0.107417E+02
 -0.107581E+02
 -0.107747E+02
 -0.107913E+02
 -0.108077E+02
 -0.108235E+02
 -0.108392E+02
 -0.108549E+02
 -0.108699E+02
 -0.108851E+02
 -0.109001E+02
 -0.109143E+02
 -0.109281E+02
 -0.109410E+02
 -0.109529E+02
 -0.109641E+02
 -0.109743E+02
 -0.109833E+02
 -0.109913E+02
 -0.109980E+02
 -0.110032E+02
 -0.110068E+02
 -0.110083E+02
 -0.110079E+02
 -0.110055E+02
 -0.110014E+02
 -0.109960E+02
 -0.109896E+02
 -0.109817E+02
 -0.109718E+02
 -0.109600E+02
 -0.109461E+02
 -0.109297E+02
 -0.109105E+02
 -0.108894E+02
 -0.108673E+02
 -0.108431E+02
 -0.108170E+02
 -0.107895E+02
 -0.107598E+02
 -0.107284E+02
 -0.106961E+02
 -0.106625E+02
 -0.106278E+02
 -0.105930E+02
 -0.105577E+02
 -0.105210E+02
 -0.104830E+02
 -0.104445E+02
 -0.104051E+02
 -0.103652E+02
 -0.103253E+02
 -0.102858E+02
 -0.102470E+02
 -0.102093E+02
 -0.101724E+02
 -0.101365E+02
 -0.101017E+02
 -0.100677E+02
 -0.100341E+02
 -0.100016E+02
 -0.997060E+01
 -0.994087E+01
 -0.991234E+01
 -0.988605E+01
 -0.986164E+01
 -0.983938E+01
 -0.981952E+01
 -0.980194E+01
 -0.978752E+01
 -0.977611E+01
 -0.976692E+01
 -0.976005E+01
 -0.975535E+01
 -0.975270E+01
 -0.975233E+01
 -0.975451E+01
 -0.975945E+01
 -0.976746E+01
 -0.977822E+01
 -0.979198E+01
 -0.980816E+01
 -0.982649E+01
 -0.984684E+01
 -0.986868E+01
 -0.989304E+01
 -0.992037E+01
 -0.994939E+01
 -0.998020E+01
 -0.100127E+02
 -0.100469E+02
 -0.100828E+02
 -0.101195E+02
 -0.101577E+02
 -0.101970E+02
 -0.102370E+02
 -0.102784E+02
 -0.103197E+02
 -0.103609E+02
 -0.104020E+02
 -0.104426E+02
 -0.104833E+02
 -0.105235E+02
 -0.105633E+02
 -0.106031E+02
 -0.106423E+02
 -0.106817E+02
 -0.107209E+02
 -0.107598E+02
 -0.107983E+02
 -0.108359E+02
 -0.108728E+02
 -0.109093E+02
 -0.109445E+02
 -0.109781E+02
 -0.110107E+02
 -0.110428E+02
 -0.110743E+02
 -0.111050E+02
 -0.111350E+02
 -0.111648E+02
 -0.111939E+02
 -0.112224E+02
 -0.112503E+02
 -0.112771E+02
 -0.113030E+02
 -0.113286E+02
 -0.113537E+02
 -0.113785E+02
 -0.114033E+02
 -0.114278E+02
 -0.114522E+02
 -0.114767E+02
 -0.115008E+02
 -0.115249E+02
 -0.115495E+02
 -0.115744E+02
 -0.115994E+02
 -0.116246E+02
 -0.116501E+02
 -0.116758E+02
 -0.117022E+02
 -0.117290E+02
 -0.117561E+02
 -0.117841E+02
 -0.118129E+02
 -0.118423E+02
 -0.118727E+02
 -0.119038E+02
 -0.119356E+02
 -0.119687E+02
 -0.120029E+02
 -0.120382E+02
 -0.120745E+02
 -0.121110E+02
 -0.121480E+02
 -0.121854E+02
 -0.122227E+02
 -0.122608E+02
 -0.122997E+02
 -0.123390E+02
 -0.123790E+02
 -0.124189E+02
 -0.124588E+02
 -0.124991E+02
 -0.125392E+02
 -0.125787E+02
 -0.126186E+02
 -0.126585E+02
 -0.126984E+02
 -0.127384E+02
 -0.127786E+02
 -0.128191E+02
 -0.128597E+02
 -0.129002E+02
 -0.129400E+02
 -0.129795E+02
 -0.130196E+02
 -0.130592E+02
 -0.130989E+02
 -0.131387E+02
 -0.131784E+02
 -0.132180E+02
 -0.132578E+02
 -0.132980E+02
 -0.133386E+02
 -0.133793E+02
 -0.134207E+02
 -0.134623E+02
 -0.135041E+02
 -0.135454E+02
 -0.135871E+02
 -0.136289E+02
 -0.136707E+02
 -0.137131E+02
 -0.137559E+02
 -0.137996E+02
 -0.138439E+02
 -0.138886E+02
 -0.139344E+02
 -0.139806E+02
 -0.140278E+02
 -0.140753E+02
 -0.141240E+02
 -0.141738E+02
 -0.142246E+02
 -0.142769E+02
 -0.143306E+02
 -0.143858E+02
 -0.144427E+02
 -0.145004E+02
 -0.145597E+02
 -0.146203E+02
 -0.146821E+02
 -0.147454E+02
 -0.148098E+02
 -0.148759E+02
 -0.149435E+02
 -0.150117E+02
 -0.150825E+02
 -0.151544E+02
 -0.152278E+02
 -0.153031E+02
 -0.153789E+02
 -0.154560E+02
 -0.155346E+02
 -0.156145E+02
 -0.156963E+02
 -0.157791E+02
 -0.158631E+02
 -0.159482E+02
 -0.160345E+02
 -0.161214E+02
 -0.162085E+02
 -0.162959E+02
 -0.163846E+02
 -0.164742E+02
 -0.165646E+02
 -0.166553E+02
 -0.167461E+02
 -0.168377E+02
 -0.169298E+02
 -0.170212E+02
 -0.171131E+02
 -0.172046E+02
 -0.172952E+02
 -0.173847E+02
 -0.174732E+02
 -0.175612E+02
 -0.176483E+02
 -0.177347E+02
 -0.178208E+02
 -0.179064E+02
 -0.179915E+02
 -0.180751E+02
 -0.181577E+02
 -0.182392E+02
 -0.183194E+02
 -0.183976E+02
 -0.184744E+02
 -0.185494E+02
 -0.186229E+02
 -0.186946E+02
 -0.187648E+02
 -0.188332E+02
 -0.189003E+02
 -0.189659E+02
 -0.190304E+02
 -0.190934E+02
 -0.191551E+02
 -0.192146E+02
 -0.192724E+02
 -0.193283E+02
 -0.193825E+02
 -0.194343E+02
 -0.194844E+02
 -0.195330E+02
 -0.195794E+02
 -0.196239E+02
 -0.196674E+02
 -0.197092E+02
 -0.197495E+02
 -0.197876E+02
 -0.198247E+02
 -0.198600E+02
 -0.198932E+02
 -0.199244E+02
 -0.199547E+02
 -0.199834E+02
 -0.200110E+02
 -0.200373E+02
 -0.200630E+02
 -0.200880E+02
 -0.201120E+02
 -0.201353E+02
 -0.201587E+02
 -0.201810E+02
 -0.202028E+02
 -0.202236E+02
 -0.202440E+02
 -0.202636E+02
 -0.202823E+02
 -0.203003E+02
 -0.203184E+02
 -0.203361E+02
 -0.203535E+02
 -0.203701E+02
 -0.203871E+02
 -0.204047E+02
 -0.204218E+02
 -0.204378E+02
 -0.204546E+02
 -0.204711E+02
 -0.204868E+02
 -0.205013E+02
 -0.205152E+02
 -0.205284E+02
 -0.205410E+02
 -0.205521E+02
 -0.205623E+02
 -0.205716E+02
 -0.205804E+02
 -0.205877E+02
 -0.205941E+02
 -0.205995E+02
 -0.206039E+02
 -0.206064E+02
 -0.206077E+02
 -0.206076E+02
 -0.206064E+02
 -0.206033E+02
 -0.205990E+02
 -0.205930E+02
 -0.205850E+02
 -0.205752E+02
 -0.205639E+02
 -0.205501E+02
 -0.205354E+02
 -0.205190E+02
 -0.205013E+02
 -0.204822E+02
 -0.204615E+02
 -0.204389E+02
 -0.204153E+02
 -0.203902E+02
 -0.203638E+02
 -0.203355E+02
 -0.203063E+02
 -0.202760E+02
 -0.202440E+02
 -0.202100E+02
 -0.201757E+02
 -0.201400E+02
 -0.201029E+02
 -0.200648E+02
 -0.200264E+02
 -0.199873E+02
 -0.199479E+02
 -0.199073E+02
 -0.198662E+02
 -0.198248E+02
 -0.197835E+02
 -0.197413E+02
 -0.196995E+02
 -0.196580E+02
 -0.196167E+02
 -0.195750E+02
 -0.195339E+02
 -0.194929E+02
 -0.194531E+02
 -0.194139E+02
 -0.193756E+02
 -0.193385E+02
 -0.193024E+02
 -0.192671E+02
 -0.192334E+02
 -0.191999E+02
 -0.191673E+02
 -0.191353E+02
 -0.191046E+02
 -0.190748E+02
 -0.190458E+02
 -0.190178E+02
 -0.189914E+02
 -0.189664E+02
 -0.189433E+02
 -0.189211E+02
 -0.189003E+02
 -0.188806E+02
 -0.188617E+02
 -0.188433E+02
 -0.188259E+02
 -0.188085E+02
 -0.187919E+02
 -0.187757E+02
 -0.187603E+02
 -0.187456E+02
 -0.187306E+02
 -0.187159E+02
 -0.187019E+02
 -0.186878E+02
 -0.186743E+02
 -0.186604E+02
 -0.186470E+02
 -0.186337E+02
 -0.186197E+02
 -0.186050E+02
 -0.185895E+02
 -0.185729E+02
 -0.185563E+02
 -0.185383E+02
 -0.185197E+02
 -0.185012E+02
 -0.184823E+02
 -0.184624E+02
 -0.184420E+02
 -0.184205E+02
 -0.183984E+02
 -0.183754E+02
 -0.183518E+02
 -0.183272E+02
 -0.183019E+02
 -0.182757E+02
 -0.182495E+02
 -0.182226E+02
 -0.181946E+02
 -0.181651E+02
 -0.181354E+02
 -0.181047E+02
 -0.180730E+02
 -0.180402E+02
 -0.180068E+02
 -0.179727E+02
 -0.179385E+02
 -0.179032E+02
 -0.178671E+02
 -0.178305E+02
 -0.177928E+02
 -0.177539E+02
 -0.177143E+02
 -0.176733E+02
 -0.176315E+02
 -0.175884E+02
 -0.175446E+02
 -0.174998E+02
 -0.174540E+02
 -0.174070E+02
 -0.173600E+02
 -0.173125E+02
 -0.172641E+02
 -0.172147E+02
 -0.171645E+02
 -0.171134E+02
 -0.170616E+02
 -0.170080E+02
 -0.169537E+02
 -0.168981E+02
 -0.168414E+02
 -0.167836E+02
 -0.167251E+02
 -0.166660E+02
 -0.166057E+02
 -0.165447E+02
 -0.164833E+02
 -0.164202E+02
 -0.163563E+02
 -0.162909E+02
 -0.162248E+02
 -0.161578E+02
 -0.160894E+02
 -0.160202E+02
 -0.159499E+02
 -0.158784E+02
 -0.158063E+02
 -0.157332E+02
 -0.156595E+02
 -0.155854E+02
 -0.155105E+02
 -0.154340E+02
 -0.153570E+02
 -0.152792E+02
 -0.152008E+02
 -0.151218E+02
 -0.150417E+02
 -0.149607E+02
 -0.148797E+02
 -0.147977E+02
 -0.147154E+02
 -0.146329E+02
 -0.145500E+02
 -0.144661E+02
 -0.143824E+02
 -0.142985E+02
 -0.142136E+02
 -0.141286E+02
 -0.140439E+02
 -0.139590E+02
 -0.138744E+02
 -0.137895E+02
 -0.137045E+02
 -0.136197E+02
 -0.135348E+02
 -0.134494E+02
 -0.133646E+02
 -0.132799E+02
 -0.131955E+02
 -0.131120E+02
 -0.130286E+02
 -0.129449E+02
 -0.128617E+02
 -0.127783E+02
 -0.126953E+02
 -0.126126E+02
 -0.125296E+02
 -0.124476E+02
 -0.123663E+02
 -0.122846E+02
 -0.122037E+02
 -0.121233E+02
 -0.120429E+02
 -0.119632E+02
 -0.118837E+02
 -0.118041E+02
 -0.117257E+02
 -0.116477E+02
 -0.115699E+02
 -0.114924E+02
 -0.114152E+02
 -0.113385E+02
 -0.112622E+02
 -0.111863E+02
 -0.111107E+02
 -0.110351E+02
 -0.109603E+02
 -0.108858E+02
 -0.108113E+02
 -0.107370E+02
 -0.106626E+02
 -0.105879E+02
 -0.105136E+02
 -0.104398E+02
 -0.103661E+02
 -0.102927E+02
 -0.102194E+02
 -0.101465E+02
 -0.100741E+02
 -0.100013E+02
 -0.992874E+01
 -0.985676E+01
 -0.978521E+01
 -0.971474E+01
 -0.964502E+01
 -0.957641E+01
 -0.950876E+01
 -0.944209E+01
 -0.937671E+01
 -0.931225E+01
 -0.924890E+01
 -0.918671E+01
 -0.912548E+01
 -0.906557E+01
 -0.900652E+01
 -0.894861E+01
 -0.889233E+01
 -0.883720E+01
 -0.878344E+01
 -0.873160E+01
 -0.868102E+01
 -0.863212E+01
 -0.858526E+01
 -0.854023E+01
 -0.849681E+01
 -0.845551E+01
 -0.841621E+01
 -0.837839E+01
 -0.834233E+01
 -0.830811E+01
 -0.827580E+01
 -0.824602E+01
 -0.821828E+01
 -0.819322E+01
 -0.817032E+01
 -0.814952E+01
 -0.813107E+01
 -0.811488E+01
 -0.810081E+01
 -0.808841E+01
 -0.807772E+01
 -0.806925E+01
 -0.806268E+01
 -0.805838E+01
 -0.805605E+01
 -0.805574E+01
 -0.805756E+01
 -0.806153E+01
 -0.806737E+01
 -0.807503E+01
 -0.808426E+01
 -0.809519E+01
 -0.810739E+01
 -0.812072E+01
 -0.813456E+01
 -0.814918E+01
 -0.816462E+01
 -0.818086E+01
 -0.819800E+01
 -0.821598E+01
 -0.823452E+01
 -0.825339E+01
 -0.827260E+01
 -0.829227E+01
 -0.831158E+01
 -0.833057E+01
 -0.834909E+01
 -0.836751E+01
 -0.838517E+01
 -0.840203E+01
 -0.841828E+01
 -0.843361E+01
 -0.844828E+01
 -0.846223E+01
 -0.847531E+01
 -0.848786E+01
 -0.849961E+01
 -0.851104E+01
 -0.852148E+01
 -0.853073E+01
 -0.853830E+01
 -0.854427E+01
 -0.854896E+01
 -0.855212E+01
 -0.855423E+01
 -0.855515E+01
 -0.855460E+01
 -0.855368E+01
 -0.855165E+01
 -0.854842E+01
 -0.854451E+01
 -0.853933E+01
 -0.853254E+01
 -0.852448E+01
 -0.851508E+01
 -0.850468E+01
 -0.849268E+01
 -0.847924E+01
 -0.846457E+01
 -0.844877E+01
 -0.843175E+01
 -0.841358E+01
 -0.839400E+01
 -0.837334E+01
 -0.835136E+01
 -0.832781E+01
 -0.830279E+01
 -0.827613E+01
 -0.824752E+01
 -0.821804E+01
 -0.818713E+01
 -0.815427E+01
 -0.811973E+01
 -0.808341E+01
 -0.804539E+01
 -0.800636E+01
 -0.796590E+01
 -0.792380E+01
 -0.788014E+01
 -0.783512E+01
 -0.778801E+01
 -0.773935E+01
 -0.768922E+01
 -0.763723E+01
 -0.758354E+01
 -0.752868E+01
 -0.747239E+01
 -0.741507E+01
 -0.735705E+01
 -0.729807E+01
 -0.723806E+01
 -0.717778E+01
 -0.711654E+01
 -0.705450E+01
 -0.699165E+01
 -0.692802E+01
 -0.686356E+01
 -0.679833E+01
 -0.673228E+01
 -0.666596E+01
 -0.659926E+01
 -0.653207E+01
 -0.646448E+01
 -0.639728E+01
 -0.632967E+01
 -0.626144E+01
 -0.619304E+01
 -0.612511E+01
 -0.605704E+01
 -0.598913E+01
 -0.592130E+01
 -0.585372E+01
 -0.578683E+01
 -0.572052E+01
 -0.565411E+01
 -0.558866E+01
 -0.552367E+01
 -0.545930E+01
 -0.539539E+01
 -0.533160E+01
 -0.526819E+01
 -0.520619E+01
 -0.514504E+01
 -0.508481E+01
 -0.502493E+01
 -0.496553E+01
 -0.490682E+01
 -0.484880E+01
 -0.479038E+01
 -0.473253E+01
 -0.467542E+01
 -0.461885E+01
 -0.456227E+01
 -0.450611E+01
 -0.445027E+01
 -0.439488E+01
 -0.433968E+01
 -0.428478E+01
 -0.422973E+01
 -0.417588E+01
 -0.412231E+01
 -0.406847E+01
 -0.401485E+01
 -0.396195E+01
 -0.390908E+01
 -0.385639E+01
 -0.380400E+01
 -0.375233E+01
 -0.370024E+01
 -0.364821E+01
 -0.359641E+01
 -0.354542E+01
 -0.349410E+01
 -0.344309E+01
 -0.339251E+01
 -0.334214E+01
 -0.329189E+01
 -0.324138E+01
 -0.319049E+01
 -0.314109E+01
 -0.309146E+01
 -0.304215E+01
 -0.299375E+01
 -0.294606E+01
 -0.289904E+01
 -0.285307E+01
 -0.280773E+01
 -0.276348E+01
 -0.271911E+01
 -0.267574E+01
 -0.263405E+01
 -0.259392E+01
 -0.255485E+01
 -0.251719E+01
 -0.248141E+01
 -0.244933E+01
 -0.241913E+01
 -0.239056E+01
 -0.236418E+01
 -0.234028E+01
 -0.231882E+01
 -0.230005E+01
 -0.228227E+01
 -0.226646E+01
 -0.225247E+01
 -0.224015E+01
 -0.222994E+01
 -0.222257E+01
 -0.221701E+01
 -0.221339E+01
 -0.221127E+01
 -0.221183E+01
 -0.221413E+01
 -0.221815E+01
 -0.222362E+01
 -0.223059E+01
 -0.223933E+01
 -0.225004E+01
 -0.226231E+01
 -0.227725E+01
 -0.229269E+01
 -0.230924E+01
 -0.232738E+01
 -0.234711E+01
 -0.236835E+01
 -0.239077E+01
 -0.241413E+01
 -0.243955E+01
 -0.246614E+01
 -0.249481E+01
 -0.252492E+01
 -0.255649E+01
 -0.258858E+01
 -0.262156E+01
 -0.265614E+01
 -0.269200E+01
 -0.272846E+01
 -0.276728E+01
 -0.280806E+01
 -0.285078E+01
 -0.289424E+01
 -0.293937E+01
 -0.298646E+01
 -0.303525E+01
 -0.308500E+01
 -0.313618E+01
 -0.319005E+01
 -0.324685E+01
 -0.330512E+01
 -0.336609E+01
 -0.342841E+01
 -0.349306E+01
 -0.356039E+01
 -0.362948E+01
 -0.370100E+01
 -0.377487E+01
 -0.384987E+01
 -0.392763E+01
 -0.400735E+01
 -0.408977E+01
 -0.417470E+01
 -0.426147E+01
 -0.435061E+01
 -0.444203E+01
 -0.453447E+01
 -0.462878E+01
 -0.472416E+01
 -0.482051E+01
 -0.491815E+01
 -0.501770E+01
 -0.511862E+01
 -0.522172E+01
 -0.532605E+01
 -0.543104E+01
 -0.553649E+01
 -0.564259E+01
 -0.574886E+01
 -0.585491E+01
 -0.596098E+01
 -0.606811E+01
 -0.617566E+01
 -0.628375E+01
 -0.639159E+01
 -0.649959E+01
 -0.660716E+01
 -0.671412E+01
 -0.682111E+01
 -0.692778E+01
 -0.703420E+01
 -0.714157E+01
 -0.724861E+01
 -0.735581E+01
 -0.746266E+01
 -0.756810E+01
 -0.767215E+01
 -0.777496E+01
 -0.787748E+01
 -0.797981E+01
 -0.808111E+01
 -0.818261E+01
 -0.828364E+01
 -0.838417E+01
 -0.848306E+01
 -0.858033E+01
 -0.867718E+01
 -0.877301E+01
 -0.886856E+01
 -0.896407E+01
 -0.905845E+01
 -0.915266E+01
 -0.924565E+01
 -0.933735E+01
 -0.942831E+01
 -0.951827E+01
 -0.960805E+01
 -0.969816E+01
 -0.978765E+01
 -0.987653E+01
 -0.996479E+01
 -0.100523E+02
 -0.101394E+02
 -0.102265E+02
 -0.103133E+02
 -0.104004E+02
 -0.104873E+02
 -0.105736E+02
 -0.106601E+02
 -0.107468E+02
 -0.108330E+02
 -0.109181E+02
 -0.110030E+02
 -0.110891E+02
 -0.111756E+02
 -0.112622E+02
 -0.113489E+02
 -0.114355E+02
 -0.115229E+02
 -0.116095E+02
 -0.116952E+02
 -0.117814E+02
 -0.118677E+02
 -0.119546E+02
 -0.120408E+02
 -0.121267E+02
 -0.122134E+02
 -0.122989E+02
 -0.123839E+02
 -0.124683E+02
 -0.125525E+02
 -0.126364E+02
 -0.127194E+02
 -0.128018E+02
 -0.128832E+02
 -0.129640E+02
 -0.130450E+02
 -0.131250E+02
 -0.132041E+02
 -0.132823E+02
 -0.133597E+02
 -0.134366E+02
 -0.135124E+02
 -0.135864E+02
 -0.136590E+02
 -0.137307E+02
 -0.138017E+02
 -0.138715E+02
 -0.139406E+02
 -0.140094E+02
 -0.140789E+02
 -0.141470E+02
 -0.142137E+02
 -0.142797E+02
 -0.143447E+02
 -0.144087E+02
 -0.144711E+02
 -0.145329E+02
 -0.145957E+02
 -0.146579E+02
 -0.147200E+02
 -0.147819E+02
 -0.148436E+02
 -0.149054E+02
 -0.149660E+02
 -0.150266E+02
 -0.150877E+02
 -0.151480E+02
 -0.152086E+02
 -0.152691E+02
 -0.153299E+02
 -0.153910E+02
 -0.154514E+02
 -0.155117E+02
 -0.155722E+02
 -0.156315E+02
 -0.156903E+02
 -0.157492E+02
 -0.158082E+02
 -0.158666E+02
 -0.159244E+02
 -0.159821E+02
 -0.160395E+02
 -0.160961E+02
 -0.161516E+02
 -0.162058E+02
 -0.162601E+02
 -0.163142E+02
 -0.163673E+02
 -0.164195E+02
 -0.164718E+02
 -0.165232E+02
 -0.165732E+02
 -0.166215E+02
 -0.166684E+02
 -0.167143E+02
 -0.167586E+02
 -0.168013E+02
 -0.168433E+02
 -0.168841E+02
 -0.169236E+02
 -0.169614E+02
 -0.169979E+02
 -0.170328E+02
 -0.170658E+02
 -0.170972E+02
 -0.171273E+02
 -0.171557E+02
 -0.171829E+02
 -0.172083E+02
 -0.172329E+02
 -0.172559E+02
 -0.172770E+02
 -0.172968E+02
 -0.173151E+02
 -0.173321E+02
 -0.173487E+02
 -0.173634E+02
 -0.173777E+02
 -0.173910E+02
 -0.174023E+02
 -0.174125E+02
 -0.174213E+02
 -0.174283E+02
 -0.174344E+02
 -0.174391E+02
 -0.174431E+02
 -0.174462E+02
 -0.174485E+02
 -0.174493E+02
 -0.174490E+02
 -0.174477E+02
 -0.174452E+02
 -0.174405E+02
 -0.174345E+02
 -0.174273E+02
 -0.174195E+02
 -0.174105E+02
 -0.174008E+02
 -0.173896E+02
 -0.173768E+02
 -0.173617E+02
 -0.173443E+02
 -0.173251E+02
 -0.173041E+02
 -0.172816E+02
 -0.172592E+02
 -0.172358E+02
 -0.172109E+02
 -0.171851E+02
 -0.171580E+02
 -0.171294E+02
 -0.170989E+02
 -0.170657E+02
 -0.170333E+02
 -0.170003E+02
 -0.169653E+02
 -0.169297E+02
 -0.168930E+02
 -0.168565E+02
 -0.168203E+02
 -0.167817E+02
 -0.167434E+02
 -0.167057E+02
 -0.166670E+02
 -0.166298E+02
 -0.165931E+02
 -0.165564E+02
 -0.165214E+02
 -0.164854E+02
 -0.164513E+02
 -0.164183E+02
 -0.163848E+02
 -0.163536E+02
 -0.163240E+02
 -0.162961E+02
 -0.162705E+02
 -0.162450E+02
 -0.162223E+02
 -0.162018E+02
 -0.161816E+02
 -0.161625E+02
 -0.161455E+02
 -0.161307E+02
 -0.161172E+02
 -0.161045E+02
 -0.160947E+02
 -0.160871E+02
 -0.160809E+02
 -0.160760E+02
 -0.160724E+02
 -0.160702E+02
 -0.160696E+02
 -0.160697E+02
 -0.160715E+02
 -0.160753E+02
 -0.160813E+02
 -0.160882E+02
 -0.160960E+02
 -0.161058E+02
 -0.161169E+02
 -0.161283E+02
 -0.161402E+02
 -0.161523E+02
 -0.161667E+02
 -0.161834E+02
 -0.162012E+02
 -0.162192E+02
 -0.162388E+02
 -0.162611E+02
 -0.162844E+02
 -0.163078E+02
 -0.163330E+02
 -0.163590E+02
 -0.163871E+02
 -0.164173E+02
 -0.164477E+02
 -0.164794E+02
 -0.165130E+02
 -0.165478E+02
 -0.165850E+02
 -0.166227E+02
 -0.166620E+02
 -0.167033E+02
 -0.167458E+02
 -0.167888E+02
 -0.168327E+02
 -0.168780E+02
 -0.169246E+02
 -0.169722E+02
 -0.170214E+02
 -0.170708E+02
 -0.171211E+02
 -0.171717E+02
 -0.172226E+02
 -0.172743E+02
 -0.173259E+02
 -0.173764E+02
 -0.174280E+02
 -0.174788E+02
 -0.175282E+02
 -0.175778E+02
 -0.176276E+02
 -0.176771E+02
 -0.177269E+02
 -0.177753E+02
 -0.178233E+02
 -0.178716E+02
 -0.179188E+02
 -0.179642E+02
 -0.180092E+02
 -0.180522E+02
 -0.180941E+02
 -0.181359E+02
 -0.181777E+02
 -0.182190E+02
 -0.182602E+02
 -0.183006E+02
 -0.183404E+02
 -0.183802E+02
 -0.184199E+02
 -0.184583E+02
 -0.184983E+02
 -0.185392E+02
 -0.185795E+02
 -0.186214E+02
 -0.186647E+02
 -0.187074E+02
 -0.187523E+02
 -0.187979E+02
 -0.188444E+02
 -0.188931E+02
 -0.189435E+02
 -0.189952E+02
 -0.190493E+02
 -0.191060E+02
 -0.191645E+02
 -0.192248E+02
 -0.192882E+02
 -0.193536E+02
 -0.194208E+02
 -0.194900E+02
 -0.195615E+02
 -0.196350E+02
 -0.197112E+02
 -0.197898E+02
 -0.198712E+02
 -0.199546E+02
 -0.200397E+02
 -0.201260E+02
 -0.202141E+02
 -0.203034E+02
 -0.203943E+02
 -0.204861E+02
 -0.205801E+02
 -0.206762E+02
 -0.207733E+02
 -0.208712E+02
 -0.209717E+02
 -0.210723E+02
 -0.211734E+02
 -0.212749E+02
 -0.213770E+02
 -0.214799E+02
 -0.215839E+02
 -0.216877E+02
 -0.217918E+02
 -0.218959E+02
 -0.220003E+02
 -0.221035E+02
 -0.222068E+02
 -0.223100E+02
 -0.224128E+02
 -0.225154E+02
 -0.226183E+02
 -0.227211E+02
 -0.228238E+02
 -0.229248E+02
 -0.230255E+02
 -0.231252E+02
 -0.232235E+02
 -0.233200E+02
 -0.234156E+02
 -0.235102E+02
 -0.236040E+02
 -0.236961E+02
 -0.237875E+02
 -0.238775E+02
 -0.239663E+02
 -0.240535E+02
 -0.241401E+02
 -0.242257E+02
 -0.243112E+02
 -0.243956E+02
 -0.244799E+02
 -0.245636E+02
 -0.246461E+02
 -0.247271E+02
 -0.248074E+02
 -0.248861E+02
 -0.249648E+02
 -0.250418E+02
 -0.251186E+02
 -0.251950E+02
 -0.252706E+02
 -0.253452E+02
 -0.254198E+02
 -0.254934E+02
 -0.255667E+02
 -0.256388E+02
 -0.257109E+02
 -0.257827E+02
 -0.258539E+02
 -0.259246E+02
 -0.259956E+02
 -0.260656E+02
 -0.261355E+02
 -0.262042E+02
 -0.262729E+02
 -0.263417E+02
 -0.264102E+02
 -0.264773E+02
 -0.265447E+02
 -0.266119E+02
 -0.266792E+02
 -0.267462E+02
 -0.268138E+02
 -0.268814E+02
 -0.269487E+02
 -0.270149E+02
 -0.270818E+02
 -0.271478E+02
 -0.272137E+02
 -0.272787E+02
 -0.273437E+02
 -0.274083E+02
 -0.274720E+02
 -0.275343E+02
 -0.275963E+02
 -0.276571E+02
 -0.277179E+02
 -0.277772E+02
 -0.278364E+02
 -0.278956E+02
 -0.279541E+02
 -0.280109E+02
 -0.280671E+02
 -0.281221E+02
 -0.281764E+02
 -0.282289E+02
 -0.282811E+02
 -0.283322E+02
 -0.283823E+02
 -0.284306E+02
 -0.284787E+02
 -0.285255E+02
 -0.285714E+02
 -0.286156E+02
 -0.286603E+02
 -0.287049E+02
 -0.287491E+02
 -0.287920E+02
 -0.288354E+02
 -0.288783E+02
 -0.289216E+02
 -0.289640E+02
 -0.290073E+02
 -0.290508E+02
 -0.290941E+02
 -0.291366E+02
 -0.291794E+02
 -0.292218E+02
 -0.292646E+02
 -0.293062E+02
 -0.293490E+02
 -0.293923E+02
 -0.294356E+02
 -0.294789E+02
 -0.295229E+02
 -0.295666E+02
 -0.296111E+02
 -0.296551E+02
 -0.297003E+02
 -0.297458E+02
 -0.297914E+02
 -0.298364E+02
 -0.298821E+02
 -0.299273E+02
 -0.299732E+02
 -0.300181E+02
 -0.300638E+02
 -0.301099E+02
 -0.301559E+02
 -0.302011E+02
 -0.302471E+02
 -0.302929E+02
 -0.303395E+02
 -0.303851E+02
 -0.304317E+02
 -0.304786E+02
 -0.305257E+02
 -0.305722E+02
 -0.306192E+02
 -0.306656E+02
 -0.307122E+02
 -0.307578E+02
 -0.308040E+02
 -0.308504E+02
 -0.308967E+02
 -0.309424E+02
 -0.309893E+02
 -0.310359E+02
 -0.310830E+02
 -0.311296E+02
 -0.311770E+02
 -0.312248E+02
 -0.312722E+02
 -0.313184E+02
 -0.313656E+02
 -0.314122E+02
 -0.314591E+02
 -0.315050E+02
 -0.315516E+02
 -0.315979E+02
 -0.316436E+02
 -0.316885E+02
 -0.317331E+02
 -0.317764E+02
 -0.318199E+02
 -0.318617E+02
 -0.319033E+02
 -0.319438E+02
 -0.319827E+02
 -0.320200E+02
 -0.320566E+02
 -0.320907E+02
 -0.321234E+02
 -0.321534E+02
 -0.321824E+02
 -0.322096E+02
 -0.322345E+02
 -0.322568E+02
 -0.322778E+02
 -0.322962E+02
 -0.323130E+02
 -0.323265E+02
 -0.323386E+02
 -0.323486E+02
 -0.323561E+02
 -0.323600E+02
 -0.323617E+02
 -0.323603E+02
 -0.323565E+02
 -0.323482E+02
 -0.323374E+02
 -0.323242E+02
 -0.323081E+02
 -0.322884E+02
 -0.322669E+02
 -0.322417E+02
 -0.322139E+02
 -0.321827E+02
 -0.321491E+02
 -0.321121E+02
 -0.320715E+02
 -0.320269E+02
 -0.319803E+02
 -0.319302E+02
 -0.318779E+02
 -0.318219E+02
 -0.317640E+02
 -0.317034E+02
 -0.316396E+02
 -0.315723E+02
 -0.315034E+02
 -0.314315E+02
 -0.313574E+02
 -0.312801E+02
 -0.312015E+02
 -0.311206E+02
 -0.310375E+02
 -0.309515E+02
 -0.308638E+02
 -0.307735E+02
 -0.306816E+02
 -0.305869E+02
 -0.304907E+02
 -0.303925E+02
 -0.302919E+02
 -0.301885E+02
 -0.300840E+02
 -0.299775E+02
 -0.298700E+02
 -0.297597E+02
 -0.296491E+02
 -0.295368E+02
 -0.294229E+02
 -0.293071E+02
 -0.291900E+02
 -0.290714E+02
 -0.289521E+02
 -0.288305E+02
 -0.287086E+02
 -0.285852E+02
 -0.284607E+02
 -0.283339E+02
 -0.282061E+02
 -0.280773E+02
 -0.279477E+02
 -0.278163E+02
 -0.276848E+02
 -0.275523E+02
 -0.274191E+02
 -0.272846E+02
 -0.271498E+02
 -0.270140E+02
 -0.268781E+02
 -0.267413E+02
 -0.266048E+02
 -0.264682E+02
 -0.263313E+02
 -0.261938E+02
 -0.260577E+02
 -0.259215E+02
 -0.257861E+02
 -0.256511E+02
 -0.255177E+02
 -0.253856E+02
 -0.252541E+02
 -0.251227E+02
 -0.249933E+02
 -0.248650E+02
 -0.247385E+02
 -0.246129E+02
 -0.244892E+02
 -0.243677E+02
 -0.242481E+02
 -0.241297E+02
 -0.240138E+02
 -0.238992E+02
 -0.237867E+02
 -0.236758E+02
 -0.235673E+02
 -0.234606E+02
 -0.233559E+02
 -0.232526E+02
 -0.231520E+02
 -0.230527E+02
 -0.229560E+02
 -0.228615E+02
 -0.227691E+02
 -0.226791E+02
 -0.225909E+02
 -0.225041E+02
 -0.224200E+02
 -0.223373E+02
 -0.222570E+02
 -0.221783E+02
 -0.221016E+02
 -0.220262E+02
 -0.219526E+02
 -0.218798E+02
 -0.218083E+02
 -0.217379E+02
 -0.216695E+02
 -0.216025E+02
 -0.215370E+02
 -0.214724E+02
 -0.214087E+02
 -0.213450E+02
 -0.212827E+02
 -0.212209E+02
 -0.211598E+02
 -0.210995E+02
 -0.210400E+02
 -0.209811E+02
 -0.209227E+02
 -0.208641E+02
 -0.208061E+02
 -0.207485E+02
 -0.206919E+02
 -0.206354E+02
 -0.205799E+02
 -0.205247E+02
 -0.204695E+02
 -0.204138E+02
 -0.203578E+02
 -0.203018E+02
 -0.202465E+02
 -0.201910E+02
 -0.201362E+02
 -0.200818E+02
 -0.200285E+02
 -0.199758E+02
 -0.199236E+02
 -0.198713E+02
 -0.198199E+02
 -0.197698E+02
 -0.197212E+02
 -0.196736E+02
 -0.196272E+02
 -0.195822E+02
 -0.195391E+02
 -0.194971E+02
 -0.194570E+02
 -0.194188E+02
 -0.193837E+02
 -0.193515E+02
 -0.193218E+02
 -0.192942E+02
 -0.192695E+02
 -0.192472E+02
 -0.192278E+02
 -0.192106E+02
 -0.191965E+02
 -0.191862E+02
 -0.191791E+02
 -0.191748E+02
 -0.191738E+02
 -0.191755E+02
 -0.191805E+02
 -0.191884E+02
 -0.191994E+02
 -0.192135E+02
 -0.192301E+02
 -0.192490E+02
 -0.192706E+02
 -0.192944E+02
 -0.193205E+02
 -0.193480E+02
 -0.193787E+02
 -0.194125E+02
 -0.194487E+02
 -0.194872E+02
 -0.195283E+02
 -0.195713E+02
 -0.196163E+02
 -0.196620E+02
 -0.197092E+02
 -0.197578E+02
 -0.198070E+02
 -0.198569E+02
 -0.199077E+02
 -0.199582E+02
 -0.200101E+02
 -0.200621E+02
 -0.201143E+02
 -0.201668E+02
 -0.202194E+02
 -0.202712E+02
 -0.203232E+02
 -0.203744E+02
 -0.204246E+02
 -0.204730E+02
 -0.205203E+02
 -0.205664E+02
 -0.206108E+02
 -0.206528E+02
 -0.206937E+02
 -0.207323E+02
 -0.207688E+02
 -0.208031E+02
 -0.208351E+02
 -0.208648E+02
 -0.208921E+02
 -0.209157E+02
 -0.209362E+02
 -0.209539E+02
 -0.209690E+02
 -0.209806E+02
 -0.209896E+02
 -0.209951E+02
 -0.209973E+02
 -0.209961E+02
 -0.209917E+02
 -0.209837E+02
 -0.209724E+02
 -0.209570E+02
 -0.209394E+02
 -0.209187E+02
 -0.208944E+02
 -0.208663E+02
 -0.208357E+02
 -0.208018E+02
 -0.207652E+02
 -0.207256E+02
 -0.206837E+02
 -0.206388E+02
 -0.205915E+02
 -0.205413E+02
 -0.204887E+02
 -0.204334E+02
 -0.203757E+02
 -0.203154E+02
 -0.202530E+02
 -0.201886E+02
 -0.201227E+02
 -0.200543E+02
 -0.199843E+02
 -0.199125E+02
 -0.198397E+02
 -0.197656E+02
 -0.196910E+02
 -0.196157E+02
 -0.195397E+02
 -0.194624E+02
 -0.193847E+02
 -0.193060E+02
 -0.192261E+02
 -0.191451E+02
 -0.190643E+02
 -0.189833E+02
 -0.189018E+02
 -0.188199E+02
 -0.187390E+02
 -0.186580E+02
 -0.185773E+02
 -0.184969E+02
 -0.184169E+02
 -0.183374E+02
 -0.182584E+02
 -0.181791E+02
 -0.181005E+02
 -0.180226E+02
 -0.179455E+02
 -0.178689E+02
 -0.177938E+02
 -0.177200E+02
 -0.176473E+02
 -0.175758E+02
 -0.175055E+02
 -0.174358E+02
 -0.173676E+02
 -0.173004E+02
 -0.172340E+02
 -0.171687E+02
 -0.171051E+02
 -0.170426E+02
 -0.169815E+02
 -0.169219E+02
 -0.168638E+02
 -0.168070E+02
 -0.167523E+02
 -0.166991E+02
 -0.166474E+02
 -0.165972E+02
 -0.165489E+02
 -0.165018E+02
 -0.164559E+02
 -0.164110E+02
 -0.163679E+02
 -0.163260E+02
 -0.162855E+02
 -0.162464E+02
 -0.162093E+02
 -0.161739E+02
 -0.161405E+02
 -0.161084E+02
 -0.160777E+02
 -0.160485E+02
 -0.160205E+02
 -0.159933E+02
 -0.159678E+02
 -0.159440E+02
 -0.159218E+02
 -0.159010E+02
 -0.158822E+02
 -0.158647E+02
 -0.158480E+02
 -0.158324E+02
 -0.158182E+02
 -0.158049E+02
 -0.157934E+02
 -0.157826E+02
 -0.157727E+02
 -0.157640E+02
 -0.157564E+02
 -0.157494E+02
 -0.157432E+02
 -0.157379E+02
 -0.157339E+02
 -0.157306E+02
 -0.157281E+02
 -0.157265E+02
 -0.157260E+02
 -0.157257E+02
 -0.157264E+02
 -0.157282E+02
 -0.157311E+02
 -0.157345E+02
 -0.157388E+02
 -0.157442E+02
 -0.157508E+02
 -0.157586E+02
 -0.157677E+02
 -0.157777E+02
 -0.157890E+02
 -0.158004E+02
 -0.158128E+02
 -0.158271E+02
 -0.158427E+02
 -0.158600E+02
 -0.158791E+02
 -0.158995E+02
 -0.159216E+02
 -0.159447E+02
 -0.159693E+02
 -0.159952E+02
 -0.160228E+02
 -0.160521E+02
 -0.160838E+02
 -0.161174E+02
 -0.161526E+02
 -0.161895E+02
 -0.162284E+02
 -0.162689E+02
 -0.163112E+02
 -0.163554E+02
 -0.164023E+02
 -0.164511E+02
 -0.165019E+02
 -0.165544E+02
 -0.166086E+02
 -0.166644E+02
 -0.167217E+02
 -0.167805E+02
 -0.168412E+02
 -0.169032E+02
 -0.169667E+02
 -0.170316E+02
 -0.170978E+02
 -0.171654E+02
 -0.172344E+02
 -0.173042E+02
 -0.173758E+02
 -0.174487E+02
 -0.175228E+02
 -0.175973E+02
 -0.176732E+02
 -0.177502E+02
 -0.178281E+02
 -0.179071E+02
 -0.179873E+02
 -0.180685E+02
 -0.181514E+02
 -0.182352E+02
 -0.183200E+02
 -0.184058E+02
 -0.184929E+02
 -0.185807E+02
 -0.186702E+02
 -0.187611E+02
 -0.188534E+02
 -0.189469E+02
 -0.190424E+02
 -0.191396E+02
 -0.192374E+02
 -0.193355E+02
 -0.194355E+02
 -0.195364E+02
 -0.196389E+02
 -0.197424E+02
 -0.198477E+02
 -0.199547E+02
 -0.200628E+02
 -0.201722E+02
 -0.202835E+02
 -0.203954E+02
 -0.205090E+02
 -0.206241E+02
 -0.207410E+02
 -0.208596E+02
 -0.209804E+02
 -0.211025E+02
 -0.212270E+02
 -0.213531E+02
 -0.214808E+02
 -0.216096E+02
 -0.217404E+02
 -0.218729E+02
 -0.220069E+02
 -0.221416E+02
 -0.222784E+02
 -0.224168E+02
 -0.225568E+02
 -0.226979E+02
 -0.228409E+02
 -0.229850E+02
 -0.231299E+02
 -0.232753E+02
 -0.234224E+02
 -0.235702E+02
 -0.237200E+02
 -0.238702E+02
 -0.240214E+02
 -0.241735E+02
 -0.243258E+02
 -0.244781E+02
 -0.246313E+02
 -0.247843E+02
 -0.249381E+02
 -0.250916E+02
 -0.252464E+02
 -0.254012E+02
 -0.255552E+02
 -0.257076E+02
 -0.258592E+02
 -0.260091E+02
 -0.261585E+02
 -0.263065E+02
 -0.264543E+02
 -0.266012E+02
 -0.267473E+02
 -0.268910E+02
 -0.270333E+02
 -0.271735E+02
 -0.273121E+02
 -0.274486E+02
 -0.275842E+02
 -0.277188E+02
 -0.278521E+02
 -0.279829E+02
 -0.281128E+02
 -0.282407E+02
 -0.283677E+02
 -0.284929E+02
 -0.286177E+02
 -0.287416E+02
 -0.288643E+02
 -0.289854E+02
 -0.291059E+02
 -0.292248E+02
 -0.293435E+02
 -0.294603E+02
 -0.295771E+02
 -0.296936E+02
 -0.298093E+02
 -0.299241E+02
 -0.300392E+02
 -0.301534E+02
 -0.302675E+02
 -0.303799E+02
 -0.304923E+02
 -0.306040E+02
 -0.307152E+02
 -0.308252E+02
 -0.309351E+02
 -0.310442E+02
 -0.311528E+02
 -0.312592E+02
 -0.313656E+02
 -0.314709E+02
 -0.315741E+02
 -0.316757E+02
 -0.317771E+02
 -0.318763E+02
 -0.319752E+02
 -0.320721E+02
 -0.321683E+02
 -0.322634E+02
 -0.323569E+02
 -0.324482E+02
 -0.325394E+02
 -0.326286E+02
 -0.327174E+02
 -0.328041E+02
 -0.328900E+02
 -0.329748E+02
 -0.330578E+02
 -0.331380E+02
 -0.332176E+02
 -0.332957E+02
 -0.333735E+02
 -0.334494E+02
 -0.335258E+02
 -0.336015E+02
 -0.336756E+02
 -0.337477E+02
 -0.338195E+02
 -0.338896E+02
 -0.339594E+02
 -0.340273E+02
 -0.340954E+02
 -0.341631E+02
 -0.342298E+02
 -0.342951E+02
 -0.343609E+02
 -0.344251E+02
 -0.344894E+02
 -0.345525E+02
 -0.346156E+02
 -0.346780E+02
 -0.347397E+02
 -0.347990E+02
 -0.348580E+02
 -0.349152E+02
 -0.349716E+02
 -0.350263E+02
 -0.350812E+02
 -0.351350E+02
 -0.351877E+02
 -0.352383E+02
 -0.352886E+02
 -0.353371E+02
 -0.353846E+02
 -0.354293E+02
 -0.354732E+02
 -0.355152E+02
 -0.355553E+02
 -0.355927E+02
 -0.356292E+02
 -0.356639E+02
 -0.356980E+02
 -0.357290E+02
 -0.357593E+02
 -0.357880E+02
 -0.358141E+02
 -0.358370E+02
 -0.358586E+02
 -0.358777E+02
 -0.358954E+02
 -0.359096E+02
 -0.359225E+02
 -0.359332E+02
 -0.359414E+02
 -0.359461E+02
 -0.359491E+02
 -0.359490E+02
 -0.359472E+02
 -0.359413E+02
 -0.359334E+02
 -0.359228E+02
 -0.359091E+02
 -0.358918E+02
 -0.358729E+02
 -0.358507E+02
 -0.358265E+02
 -0.357983E+02
 -0.357687E+02
 -0.357360E+02
 -0.357000E+02
 -0.356604E+02
 -0.356189E+02
 -0.355742E+02
 -0.355275E+02
 -0.354769E+02
 -0.354246E+02
 -0.353696E+02
 -0.353118E+02
 -0.352508E+02
 -0.351882E+02
 -0.351224E+02
 -0.350548E+02
 -0.349842E+02
 -0.349125E+02
 -0.348386E+02
 -0.347623E+02
 -0.346829E+02
 -0.346030E+02
 -0.345206E+02
 -0.344369E+02
 -0.343507E+02
 -0.342638E+02
 -0.341759E+02
 -0.340862E+02
 -0.339935E+02
 -0.339002E+02
 -0.338056E+02
 -0.337105E+02
 -0.336127E+02
 -0.335148E+02
 -0.334166E+02
 -0.333166E+02
 -0.332146E+02
 -0.331133E+02
 -0.330108E+02
 -0.329082E+02
 -0.328042E+02
 -0.327004E+02
 -0.325964E+02
 -0.324927E+02
 -0.323876E+02
 -0.322822E+02
 -0.321765E+02
 -0.320713E+02
 -0.319651E+02
 -0.318594E+02
 -0.317535E+02
 -0.316477E+02
 -0.315412E+02
 -0.314354E+02
 -0.313282E+02
 -0.312213E+02
 -0.311139E+02
 -0.310073E+02
 -0.309002E+02
 -0.307928E+02
 -0.306848E+02
 -0.305771E+02
 -0.304676E+02
 -0.303582E+02
 -0.302479E+02
 -0.301370E+02
 -0.300261E+02
 -0.299148E+02
 -0.298010E+02
 -0.296876E+02
 -0.295730E+02
 -0.294579E+02
 -0.293423E+02
 -0.292257E+02
 -0.291089E+02
 -0.289915E+02
 -0.288705E+02
 -0.287511E+02
 -0.286301E+02
 -0.285065E+02
 -0.283827E+02
 -0.282585E+02
 -0.281324E+02
 -0.280053E+02
 -0.278755E+02
 -0.277449E+02
 -0.276127E+02
 -0.274793E+02
 -0.273435E+02
 -0.272068E+02
 -0.270690E+02
 -0.269295E+02
 -0.267873E+02
 -0.266446E+02
 -0.265006E+02
 -0.263556E+02
 -0.262078E+02
 -0.260590E+02
 -0.259089E+02
 -0.257576E+02
 -0.256043E+02
 -0.254496E+02
 -0.252936E+02
 -0.251375E+02
 -0.249786E+02
 -0.248189E+02
 -0.246586E+02
 -0.244977E+02
 -0.243360E+02
 -0.241738E+02
 -0.240106E+02
 -0.238481E+02
 -0.236851E+02
 -0.235227E+02
 -0.233601E+02
 -0.231979E+02
 -0.230367E+02
 -0.228765E+02
 -0.227162E+02
 -0.225571E+02
 -0.223992E+02
 -0.222436E+02
 -0.220895E+02
 -0.219372E+02
 -0.217864E+02
 -0.216387E+02
 -0.214926E+02
 -0.213484E+02
 -0.212067E+02
 -0.210685E+02
 -0.209327E+02
 -0.207989E+02
 -0.206677E+02
 -0.205401E+02
 -0.204149E+02
 -0.202925E+02
 -0.201724E+02
 -0.200553E+02
 -0.199418E+02
 -0.198307E+02
 -0.197216E+02
 -0.196156E+02
 -0.195121E+02
 -0.194112E+02
 -0.193122E+02
 -0.192158E+02
 -0.191217E+02
 -0.190295E+02
 -0.189387E+02
 -0.188497E+02
 -0.187621E+02
 -0.186762E+02
 -0.185916E+02
 -0.185084E+02
 -0.184262E+02
 -0.183454E+02
 -0.182648E+02
 -0.181856E+02
 -0.181072E+02
 -0.180291E+02
 -0.179512E+02
 -0.178743E+02
 -0.177979E+02
 -0.177217E+02
 -0.176447E+02
 -0.175681E+02
 -0.174924E+02
 -0.174169E+02
 -0.173414E+02
 -0.172668E+02
 -0.171929E+02
 -0.171197E+02
 -0.170463E+02
 -0.169735E+02
 -0.169024E+02
 -0.168326E+02
 -0.167630E+02
 -0.166952E+02
 -0.166281E+02
 -0.165625E+02
 -0.164986E+02
 -0.164352E+02
 -0.163725E+02
 -0.163123E+02
 -0.162533E+02
 -0.161956E+02
 -0.161401E+02
 -0.160869E+02
 -0.160354E+02
 -0.159863E+02
 -0.159385E+02
 -0.158929E+02
 -0.158498E+02
 -0.158085E+02
 -0.157697E+02
 -0.157338E+02
 -0.157006E+02
 -0.156701E+02
 -0.156412E+02
 -0.156142E+02
 -0.155900E+02
 -0.155680E+02
 -0.155481E+02
 -0.155300E+02
 -0.155137E+02
 -0.155004E+02
 -0.154889E+02
 -0.154789E+02
 -0.154705E+02
 -0.154649E+02
 -0.154619E+02
 -0.154601E+02
 -0.154592E+02
 -0.154603E+02
 -0.154629E+02
 -0.154664E+02
 -0.154703E+02
 -0.154750E+02
 -0.154812E+02
 -0.154883E+02
 -0.154951E+02
 -0.155029E+02
 -0.155111E+02
 -0.155207E+02
 -0.155305E+02
 -0.155402E+02
 -0.155507E+02
 -0.155608E+02
 -0.155714E+02
 -0.155825E+02
 -0.155923E+02
 -0.156031E+02
 -0.156144E+02
 -0.156261E+02
 -0.156382E+02
 -0.156506E+02
 -0.156631E+02
 -0.156760E+02
 -0.156889E+02
 -0.157020E+02
 -0.157157E+02
 -0.157299E+02
 -0.157449E+02
 -0.157605E+02
 -0.157759E+02
 -0.157928E+02
 -0.158095E+02
 -0.158269E+02
 -0.158455E+02
 -0.158648E+02
 -0.158857E+02
 -0.159069E+02
 -0.159282E+02
 -0.159516E+02
 -0.159745E+02
 -0.159982E+02
 -0.160228E+02
 -0.160462E+02
 -0.160719E+02
 -0.160999E+02
 -0.161262E+02
 -0.161547E+02
 -0.161848E+02
 -0.162140E+02
 -0.162447E+02
 -0.162767E+02
 -0.163080E+02
 -0.163418E+02
 -0.163762E+02
 -0.164104E+02
 -0.164471E+02
 -0.164828E+02
 -0.165190E+02
 -0.165590E+02
 -0.165967E+02
 -0.166350E+02
 -0.166759E+02
 -0.167157E+02
 -0.167574E+02
 -0.168006E+02
 -0.168424E+02
 -0.168858E+02
 -0.169304E+02
 -0.169756E+02
 -0.170196E+02
 -0.170639E+02
 -0.171099E+02
 -0.171543E+02
 -0.171990E+02
 -0.172453E+02
 -0.172895E+02
 -0.173352E+02
 -0.173818E+02
 -0.174272E+02
 -0.174727E+02
 -0.175187E+02
 -0.175646E+02
 -0.176105E+02
 -0.176560E+02
 -0.177021E+02
 -0.177476E+02
 -0.177926E+02
 -0.178369E+02
 -0.178801E+02
 -0.179229E+02
 -0.179652E+02
 -0.180075E+02
 -0.180506E+02
 -0.180916E+02
 -0.181332E+02
 -0.181743E+02
 -0.182126E+02
 -0.182499E+02
 -0.182876E+02
 -0.183244E+02
 -0.183606E+02
 -0.183957E+02
 -0.184301E+02
 -0.184636E+02
 -0.184948E+02
 -0.185245E+02
 -0.185545E+02
 -0.185822E+02
 -0.186093E+02
 -0.186357E+02
 -0.186608E+02
 -0.186844E+02
 -0.187067E+02
 -0.187275E+02
 -0.187472E+02
 -0.187649E+02
 -0.187820E+02
 -0.187996E+02
 -0.188157E+02
 -0.188294E+02
 -0.188427E+02
 -0.188543E+02
 -0.188646E+02
 -0.188750E+02
 -0.188848E+02
 -0.188934E+02
 -0.189026E+02
 -0.189106E+02
 -0.189177E+02
 -0.189242E+02
 -0.189302E+02
 -0.189365E+02
 -0.189424E+02
 -0.189467E+02
 -0.189524E+02
 -0.189579E+02
 -0.189628E+02
 -0.189669E+02
 -0.189707E+02
 -0.189749E+02
 -0.189790E+02
 -0.189827E+02
 -0.189869E+02
 -0.189912E+02
 -0.189958E+02
 -0.189996E+02
 -0.190039E+02
 -0.190082E+02
 -0.190121E+02
 -0.190161E+02
 -0.190198E+02
 -0.190241E+02
 -0.190293E+02
 -0.190332E+02
 -0.190378E+02
 -0.190425E+02
 -0.190472E+02
 -0.190520E+02
 -0.190566E+02
 -0.190609E+02
 -0.190656E+02
 -0.190692E+02
 -0.190721E+02
 -0.190752E+02
 -0.190780E+02
 -0.190801E+02
 -0.190827E+02
 -0.190842E+02
 -0.190859E+02
 -0.190869E+02
 -0.190868E+02
 -0.190865E+02
 -0.190854E+02
 -0.190837E+02
 -0.190823E+02
 -0.190798E+02
 -0.190771E+02
 -0.190736E+02
 -0.190702E+02
 -0.190662E+02
 -0.190616E+02
 -0.190566E+02
 -0.190520E+02
 -0.190471E+02
 -0.190418E+02
 -0.190365E+02
 -0.190314E+02
 -0.190261E+02
 -0.190206E+02
 -0.190141E+02
 -0.190085E+02
 -0.190026E+02
 -0.189966E+02
 -0.189909E+02
 -0.189851E+02
 -0.189798E+02
 -0.189745E+02
 -0.189679E+02
 -0.189621E+02
 -0.189565E+02
 -0.189517E+02
 -0.189469E+02
 -0.189425E+02
 -0.189391E+02
 -0.189358E+02
 -0.189325E+02
 -0.189299E+02
 -0.189270E+02
 -0.189251E+02
 -0.189233E+02
 -0.189215E+02
 -0.189200E+02
 -0.189185E+02
 -0.189173E+02
 -0.189167E+02
 -0.189156E+02
 -0.189147E+02
 -0.189135E+02
 -0.189132E+02
 -0.189129E+02
 -0.189124E+02
 -0.189118E+02
 -0.189109E+02
 -0.189096E+02
 -0.189082E+02
 -0.189056E+02
 -0.189030E+02
 -0.189000E+02
 -0.188963E+02
 -0.188916E+02
 -0.188866E+02
 -0.188809E+02
 -0.188749E+02
 -0.188682E+02
 -0.188615E+02
 -0.188537E+02
 -0.188453E+02
 -0.188361E+02
 -0.188264E+02
 -0.188153E+02
 -0.188031E+02
 -0.187904E+02
 -0.187776E+02
 -0.187635E+02
 -0.187487E+02
 -0.187326E+02
 -0.187157E+02
 -0.186978E+02
 -0.186788E+02
 -0.186580E+02
 -0.186360E+02
 -0.186131E+02
 -0.185886E+02
 -0.185621E+02
 -0.185351E+02
 -0.185066E+02
 -0.184769E+02
 -0.184454E+02
 -0.184128E+02
 -0.183792E+02
 -0.183442E+02
 -0.183075E+02
 -0.182704E+02
 -0.182320E+02
 -0.181927E+02
 -0.181527E+02
 -0.181118E+02
 -0.180702E+02
 -0.180283E+02
 -0.179854E+02
 -0.179424E+02
 -0.178989E+02
 -0.178551E+02
 -0.178112E+02
 -0.177676E+02
 -0.177238E+02
 -0.176797E+02
 -0.176353E+02
 -0.175910E+02
 -0.175464E+02
 -0.175022E+02
 -0.174579E+02
 -0.174141E+02
 -0.173707E+02
 -0.173277E+02
 -0.172845E+02
 -0.172417E+02
 -0.171992E+02
 -0.171571E+02
 -0.171149E+02
 -0.170730E+02
 -0.170316E+02
 -0.169900E+02
 -0.169484E+02
 -0.169076E+02
 -0.168666E+02
 -0.168268E+02
 -0.167870E+02
 -0.167473E+02
 -0.167081E+02
 -0.166682E+02
 -0.166277E+02
 -0.165873E+02
 -0.165456E+02
 -0.165041E+02
 -0.164622E+02
 -0.164199E+02
 -0.163779E+02
 -0.163356E+02
 -0.162929E+02
 -0.162507E+02
 -0.162080E+02
 -0.161657E+02
 -0.161234E+02
 -0.160812E+02
 -0.160394E+02
 -0.159972E+02
 -0.159539E+02
 -0.159106E+02
 -0.158670E+02
 -0.158234E+02
 -0.157800E+02
 -0.157374E+02
 -0.156947E+02
 -0.156525E+02
 -0.156104E+02
 -0.155683E+02
 -0.155264E+02
 -0.154847E+02
 -0.154428E+02
 -0.154016E+02
 -0.153608E+02
 -0.153197E+02
 -0.152787E+02
 -0.152379E+02
 -0.151963E+02
 -0.151552E+02
 -0.151137E+02
 -0.150724E+02
 -0.150317E+02
 -0.149910E+02
 -0.149500E+02
 -0.149093E+02
 -0.148681E+02
 -0.148266E+02
 -0.147848E+02
 -0.147428E+02
 -0.147009E+02
 -0.146582E+02
 -0.146154E+02
 -0.145734E+02
 -0.145311E+02
 -0.144889E+02
 -0.144464E+02
 -0.144036E+02
 -0.143604E+02
 -0.143169E+02
 -0.142736E+02
 -0.142299E+02
 -0.141865E+02
 -0.141438E+02
 -0.141011E+02
 -0.140590E+02
 -0.140171E+02
 -0.139758E+02
 -0.139351E+02
 -0.138948E+02
 -0.138554E+02
 -0.138166E+02
 -0.137780E+02
 -0.137407E+02
 -0.137041E+02
 -0.136685E+02
 -0.136337E+02
 -0.135997E+02
 -0.135667E+02
 -0.135344E+02
 -0.135030E+02
 -0.134732E+02
 -0.134451E+02
 -0.134196E+02
 -0.133953E+02
 -0.133731E+02
 -0.133526E+02
 -0.133328E+02
 -0.133152E+02
 -0.132982E+02
 -0.132833E+02
 -0.132711E+02
 -0.132593E+02
 -0.132506E+02
 -0.132434E+02
 -0.132368E+02
 -0.132331E+02
 -0.132303E+02
 -0.132295E+02
 -0.132310E+02
 -0.132336E+02
 -0.132390E+02
 -0.132460E+02
 -0.132547E+02
 -0.132648E+02
 -0.132757E+02
 -0.132884E+02
 -0.133031E+02
 -0.133198E+02
 -0.133386E+02
 -0.133598E+02
 -0.133826E+02
 -0.134060E+02
 -0.134320E+02
 -0.134583E+02
 -0.134858E+02
 -0.135168E+02
 -0.135487E+02
 -0.135833E+02
 -0.136205E+02
 -0.136579E+02
 -0.136976E+02
 -0.137386E+02
 -0.137811E+02
 -0.138264E+02
 -0.138736E+02
 -0.139236E+02
 -0.139757E+02
 -0.140288E+02
 -0.140844E+02
 -0.141417E+02
 -0.142003E+02
 -0.142609E+02
 -0.143235E+02
 -0.143881E+02
 -0.144550E+02
 -0.145236E+02
 -0.145939E+02
 -0.146665E+02
 -0.147402E+02
 -0.148151E+02
 -0.148924E+02
 -0.149713E+02
 -0.150525E+02
 -0.151353E+02
 -0.152196E+02
 -0.153051E+02
 -0.153918E+02
 -0.154801E+02
 -0.155696E+02
 -0.156600E+02
 -0.157525E+02
 -0.158468E+02
 -0.159427E+02
 -0.160393E+02
 -0.161371E+02
 -0.162356E+02
 -0.163347E+02
 -0.164349E+02
 -0.165358E+02
 -0.166370E+02
 -0.167397E+02
 -0.168426E+02
 -0.169458E+02
 -0.170499E+02
 -0.171550E+02
 -0.172611E+02
 -0.173682E+02
 -0.174755E+02
 -0.175837E+02
 -0.176921E+02
 -0.178005E+02
 -0.179090E+02
 -0.180180E+02
 -0.181272E+02
 -0.182370E+02
 -0.183468E+02
 -0.184571E+02
 -0.185673E+02
 -0.186776E+02
 -0.187877E+02
 -0.188975E+02
 -0.190068E+02
 -0.191162E+02
 -0.192247E+02
 -0.193335E+02
 -0.194421E+02
 -0.195503E+02
 -0.196578E+02
 -0.197654E+02
 -0.198724E+02
 -0.199786E+02
 -0.200837E+02
 -0.201885E+02
 -0.202922E+02
 -0.203949E+02
 -0.204965E+02
 -0.205981E+02
 -0.206989E+02
 -0.207988E+02
 -0.208975E+02
 -0.209953E+02
 -0.210916E+02
 -0.211862E+02
 -0.212785E+02
 -0.213696E+02
 -0.214597E+02
 -0.215489E+02
 -0.216364E+02
 -0.217231E+02
 -0.218089E+02
 -0.218930E+02
 -0.219746E+02
 -0.220547E+02
 -0.221328E+02
 -0.222099E+02
 -0.222852E+02
 -0.223591E+02
 -0.224321E+02
 -0.225038E+02
 -0.225738E+02
 -0.226436E+02
 -0.227116E+02
 -0.227789E+02
 -0.228446E+02
 -0.229096E+02
 -0.229741E+02
 -0.230377E+02
 -0.231002E+02
 -0.231632E+02
 -0.232253E+02
 -0.232876E+02
 -0.233489E+02
 -0.234102E+02
 -0.234720E+02
 -0.235336E+02
 -0.235945E+02
 -0.236565E+02
 -0.237194E+02
 -0.237838E+02
 -0.238483E+02
 -0.239143E+02
 -0.239809E+02
 -0.240481E+02
 -0.241158E+02
 -0.241850E+02
 -0.242553E+02
 -0.243272E+02
 -0.243994E+02
 -0.244733E+02
 -0.245478E+02
 -0.246229E+02
 -0.246984E+02
 -0.247752E+02
 -0.248531E+02
 -0.249324E+02
 -0.250116E+02
 -0.250921E+02
 -0.251729E+02
 -0.252534E+02
 -0.253335E+02
 -0.254147E+02
 -0.254957E+02
 -0.255771E+02
 -0.256579E+02
 -0.257388E+02
 -0.258196E+02
 -0.259003E+02
 -0.259798E+02
 -0.260591E+02
 -0.261372E+02
 -0.262147E+02
 -0.262908E+02
 -0.263666E+02
 -0.264413E+02
 -0.265149E+02
 -0.265872E+02
 -0.266593E+02
 -0.267294E+02
 -0.267986E+02
 -0.268661E+02
 -0.269328E+02
 -0.269977E+02
 -0.270610E+02
 -0.271223E+02
 -0.271827E+02
 -0.272419E+02
 -0.273008E+02
 -0.273580E+02
 -0.274152E+02
 -0.274713E+02
 -0.275258E+02
 -0.275788E+02
 -0.276315E+02
 -0.276836E+02
 -0.277360E+02
 -0.277878E+02
 -0.278406E+02
 -0.278935E+02
 -0.279462E+02
 -0.279976E+02
 -0.280491E+02
 -0.281004E+02
 -0.281520E+02
 -0.282031E+02
 -0.282546E+02
 -0.283060E+02
 -0.283573E+02
 -0.284069E+02
 -0.284575E+02
 -0.285075E+02
 -0.285578E+02
 -0.286082E+02
 -0.286593E+02
 -0.287106E+02
 -0.287613E+02
 -0.288105E+02
 -0.288597E+02
 -0.289071E+02
 -0.289545E+02
 -0.290001E+02
 -0.290458E+02
 -0.290915E+02
 -0.291353E+02
 -0.291771E+02
 -0.292180E+02
 -0.292565E+02
 -0.292944E+02
 -0.293294E+02
 -0.293639E+02
 -0.293971E+02
 -0.294278E+02
 -0.294564E+02
 -0.294836E+02
 -0.295086E+02
 -0.295323E+02
 -0.295532E+02
 -0.295729E+02
 -0.295897E+02
 -0.296040E+02
 -0.296152E+02
 -0.296248E+02
 -0.296320E+02
 -0.296382E+02
 -0.296422E+02
 -0.296452E+02
 -0.296465E+02
 -0.296461E+02
 -0.296429E+02
 -0.296388E+02
 -0.296323E+02
 -0.296247E+02
 -0.296147E+02
 -0.296043E+02
 -0.295929E+02
 -0.295793E+02
 -0.295636E+02
 -0.295474E+02
 -0.295283E+02
 -0.295086E+02
 -0.294867E+02
 -0.294639E+02
 -0.294405E+02
 -0.294155E+02
 -0.293888E+02
 -0.293614E+02
 -0.293319E+02
 -0.293013E+02
 -0.292682E+02
 -0.292351E+02
 -0.292010E+02
 -0.291658E+02
 -0.291288E+02
 -0.290913E+02
 -0.290522E+02
 -0.290122E+02
 -0.289701E+02
 -0.289275E+02
 -0.288837E+02
 -0.288393E+02
 -0.287938E+02
 -0.287481E+02
 -0.287010E+02
 -0.286544E+02
 -0.286067E+02
 -0.285589E+02
 -0.285107E+02
 -0.284617E+02
 -0.284112E+02
 -0.283607E+02
 -0.283091E+02
 -0.282572E+02
 -0.282047E+02
 -0.281531E+02
 -0.281010E+02
 -0.280484E+02
 -0.279947E+02
 -0.279410E+02
 -0.278865E+02
 -0.278320E+02
 -0.277765E+02
 -0.277215E+02
 -0.276666E+02
 -0.276121E+02
 -0.275567E+02
 -0.275021E+02
 -0.274472E+02
 -0.273930E+02
 -0.273386E+02
 -0.272849E+02
 -0.272313E+02
 -0.271777E+02
 -0.271239E+02
 -0.270711E+02
 -0.270183E+02
 -0.269665E+02
 -0.269142E+02
 -0.268635E+02
 -0.268134E+02
 -0.267637E+02
 -0.267139E+02
 -0.266651E+02
 -0.266166E+02
 -0.265690E+02
 -0.265218E+02
 -0.264758E+02
 -0.264307E+02
 -0.263869E+02
 -0.263431E+02
 -0.263007E+02
 -0.262591E+02
 -0.262182E+02
 -0.261776E+02
 -0.261377E+02
 -0.260982E+02
 -0.260592E+02
 -0.260195E+02
 -0.259815E+02
 -0.259443E+02
 -0.259079E+02
 -0.258720E+02
 -0.258375E+02
 -0.258037E+02
 -0.257704E+02
 -0.257363E+02
 -0.257035E+02
 -0.256705E+02
 -0.256381E+02
 -0.256056E+02
 -0.255738E+02
 -0.255427E+02
 -0.255114E+02
 -0.254792E+02
 -0.254472E+02
 -0.254140E+02
 -0.253805E+02
 -0.253462E+02
 -0.253123E+02
 -0.252784E+02
 -0.252449E+02
 -0.252106E+02
 -0.251764E+02
 -0.251412E+02
 -0.251055E+02
 -0.250681E+02
 -0.250294E+02
 -0.249901E+02
 -0.249502E+02
 -0.249087E+02
 -0.248678E+02
 -0.248254E+02
 -0.247830E+02
 -0.247399E+02
 -0.246951E+02
 -0.246497E+02
 -0.246032E+02
 -0.245539E+02
 -0.245041E+02
 -0.244526E+02
 -0.244001E+02
 -0.243454E+02
 -0.242900E+02
 -0.242334E+02
 -0.241751E+02
 -0.241147E+02
 -0.240523E+02
 -0.239878E+02
 -0.239216E+02
 -0.238526E+02
 -0.237830E+02
 -0.237115E+02
 -0.236382E+02
 -0.235632E+02
 -0.234870E+02
 -0.234087E+02
 -0.233288E+02
 -0.232458E+02
 -0.231611E+02
 -0.230745E+02
 -0.229857E+02
 -0.228951E+02
 -0.228040E+02
 -0.227108E+02
 -0.226168E+02
 -0.225219E+02
 -0.224256E+02
 -0.223284E+02
 -0.222309E+02
 -0.221299E+02
 -0.220282E+02
 -0.219263E+02
 -0.218231E+02
 -0.217192E+02
 -0.216157E+02
 -0.215113E+02
 -0.214075E+02
 -0.213037E+02
 -0.211993E+02
 -0.210953E+02
 -0.209928E+02
 -0.208883E+02
 -0.207846E+02
 -0.206825E+02
 -0.205795E+02
 -0.204778E+02
 -0.203777E+02
 -0.202762E+02
 -0.201768E+02
 -0.200780E+02
 -0.199792E+02
 -0.198818E+02
 -0.197852E+02
 -0.196884E+02
 -0.195934E+02
 -0.194997E+02
 -0.194058E+02
 -0.193125E+02
 -0.192220E+02
 -0.191308E+02
 -0.190404E+02
 -0.189510E+02
 -0.188617E+02
 -0.187731E+02
 -0.186851E+02
 -0.185965E+02
 -0.185082E+02
 -0.184205E+02
 -0.183341E+02
 -0.182477E+02
 -0.181618E+02
 -0.180767E+02
 -0.179918E+02
 -0.179071E+02
 -0.178235E+02
 -0.177389E+02
 -0.176547E+02
 -0.175709E+02
 -0.174868E+02
 -0.174029E+02
 -0.173197E+02
 -0.172356E+02
 -0.171522E+02
 -0.170688E+02
 -0.169845E+02
 -0.169011E+02
 -0.168177E+02
 -0.167331E+02
 -0.166488E+02
 -0.165635E+02
 -0.164786E+02
 -0.163950E+02
 -0.163114E+02
 -0.162267E+02
 -0.161425E+02
 -0.160584E+02
 -0.159740E+02
 -0.158895E+02
 -0.158040E+02
 -0.157183E+02
 -0.156327E+02
 -0.155456E+02
 -0.154590E+02
 -0.153725E+02
 -0.152858E+02
 -0.151983E+02
 -0.151105E+02
 -0.150231E+02
 -0.149347E+02
 -0.148458E+02
 -0.147569E+02
 -0.146664E+02
 -0.145752E+02
 -0.144840E+02
 -0.143930E+02
 -0.143006E+02
 -0.142080E+02
 -0.141152E+02
 -0.140221E+02
 -0.139293E+02
 -0.138364E+02
 -0.137430E+02
 -0.136497E+02
 -0.135564E+02
 -0.134631E+02
 -0.133698E+02
 -0.132773E+02
 -0.131843E+02
 -0.130913E+02
 -0.129991E+02
 -0.129072E+02
 -0.128158E+02
 -0.127251E+02
 -0.126346E+02
 -0.125453E+02
 -0.124566E+02
 -0.123687E+02
 -0.122822E+02
 -0.121966E+02
 -0.121119E+02
 -0.120287E+02
 -0.119455E+02
 -0.118634E+02
 -0.117828E+02
 -0.117032E+02
 -0.116257E+02
 -0.115494E+02
 -0.114744E+02
 -0.114017E+02
 -0.113302E+02
 -0.112603E+02
 -0.111910E+02
 -0.111232E+02
 -0.110575E+02
 -0.109934E+02
 -0.109314E+02
 -0.108708E+02
 -0.108113E+02
 -0.107533E+02
 -0.106968E+02
 -0.106422E+02
 -0.105894E+02
 -0.105390E+02
 -0.104902E+02
 -0.104431E+02
 -0.103984E+02
 -0.103550E+02
 -0.103137E+02
 -0.102738E+02
 -0.102351E+02
 -0.101984E+02
 -0.101630E+02
 -0.101298E+02
 -0.100984E+02
 -0.100682E+02
 -0.100402E+02
 -0.100138E+02
 -0.998956E+01
 -0.996754E+01
 -0.994754E+01
 -0.992999E+01
 -0.991429E+01
 -0.990041E+01
 -0.988827E+01
 -0.987812E+01
 -0.986993E+01
 -0.986349E+01
 -0.985906E+01
 -0.985584E+01
 -0.985448E+01
 -0.985539E+01
 -0.985794E+01
 -0.986205E+01
 -0.986790E+01
 -0.987604E+01
 -0.988571E+01
 -0.989640E+01
 -0.990853E+01
 -0.992137E+01
 -0.993551E+01
 -0.995108E+01
 -0.996766E+01
 -0.998570E+01
 -0.100049E+02
 -0.100251E+02
 -0.100460E+02
 -0.100673E+02
 -0.100892E+02
 -0.101115E+02
 -0.101340E+02
 -0.101564E+02
 -0.101786E+02
 -0.102014E+02
 -0.102244E+02
 -0.102474E+02
 -0.102710E+02
 -0.102944E+02
 -0.103176E+02
 -0.103406E+02
 -0.103631E+02
 -0.103851E+02
 -0.104067E+02
 -0.104275E+02
 -0.104479E+02
 -0.104678E+02
 -0.104875E+02
 -0.105076E+02
 -0.105272E+02
 -0.105466E+02
 -0.105664E+02
 -0.105856E+02
 -0.106046E+02
 -0.106233E+02
 -0.106419E+02
 -0.106609E+02
 -0.106795E+02
 -0.106983E+02
 -0.107177E+02
 -0.107374E+02
 -0.107575E+02
 -0.107780E+02
 -0.107988E+02
 -0.108201E+02
 -0.108418E+02
 -0.108639E+02
 -0.108874E+02
 -0.109119E+02
 -0.109370E+02
 -0.109634E+02
 -0.109913E+02
 -0.110203E+02
 -0.110506E+02
 -0.110817E+02
 -0.111138E+02
 -0.111468E+02
 -0.111802E+02
 -0.112145E+02
 -0.112494E+02
 -0.112849E+02
 -0.113219E+02
 -0.113596E+02
 -0.113975E+02
 -0.114367E+02
 -0.114767E+02
 -0.115174E+02
 -0.115589E+02
 -0.116005E+02
 -0.116429E+02
 -0.116858E+02
 -0.117289E+02
 -0.117724E+02
 -0.118160E+02
 -0.118601E+02
 -0.119050E+02
 -0.119498E+02
 -0.119954E+02
 -0.120416E+02
 -0.120878E+02
 -0.121342E+02
 -0.121801E+02
 -0.122257E+02
 -0.122711E+02
 -0.123164E+02
 -0.123617E+02
 -0.124072E+02
 -0.124528E+02
 -0.124985E+02
 -0.125440E+02
 -0.125890E+02
 -0.126341E+02
 -0.126792E+02
 -0.127238E+02
 -0.127682E+02
 -0.128121E+02
 -0.128556E+02
 -0.128985E+02
 -0.129410E+02
 -0.129833E+02
 -0.130257E+02
 -0.130678E+02
 -0.131101E+02
 -0.131523E+02
 -0.131946E+02
 -0.132363E+02
 -0.132778E+02
 -0.133188E+02
 -0.133591E+02
 -0.133991E+02
 -0.134390E+02
 -0.134790E+02
 -0.135195E+02
 -0.135601E+02
 -0.136010E+02
 -0.136414E+02
 -0.136819E+02
 -0.137224E+02
 -0.137626E+02
 -0.138029E+02
 -0.138442E+02
 -0.138864E+02
 -0.139295E+02
 -0.139730E+02
 -0.140175E+02
 -0.140624E+02
 -0.141084E+02
 -0.141554E+02
 -0.142036E+02
 -0.142532E+02
 -0.143046E+02
 -0.143579E+02
 -0.144127E+02
 -0.144688E+02
 -0.145264E+02
 -0.145851E+02
 -0.146461E+02
 -0.147085E+02
 -0.147725E+02
 -0.148384E+02
 -0.149063E+02
 -0.149755E+02
 -0.150456E+02
 -0.151170E+02
 -0.151893E+02
 -0.152624E+02
 -0.153372E+02
 -0.154130E+02
 -0.154903E+02
 -0.155690E+02
 -0.156481E+02
 -0.157273E+02
 -0.158064E+02
 -0.158854E+02
 -0.159648E+02
 -0.160435E+02
 -0.161225E+02
 -0.162017E+02
 -0.162799E+02
 -0.163573E+02
 -0.164341E+02
 -0.165096E+02
 -0.165845E+02
 -0.166575E+02
 -0.167296E+02
 -0.168009E+02
 -0.168705E+02
 -0.169383E+02
 -0.170050E+02
 -0.170695E+02
 -0.171321E+02
 -0.171921E+02
 -0.172499E+02
 -0.173057E+02
 -0.173591E+02
 -0.174096E+02
 -0.174579E+02
 -0.175035E+02
 -0.175467E+02
 -0.175873E+02
 -0.176255E+02
 -0.176611E+02
 -0.176946E+02
 -0.177249E+02
 -0.177527E+02
 -0.177778E+02
 -0.177995E+02
 -0.178181E+02
 -0.178342E+02
 -0.178468E+02
 -0.178567E+02
 -0.178638E+02
 -0.178688E+02
 -0.178711E+02
 -0.178713E+02
 -0.178690E+02
 -0.178642E+02
 -0.178571E+02
 -0.178472E+02
 -0.178340E+02
 -0.178190E+02
 -0.178020E+02
 -0.177829E+02
 -0.177620E+02
 -0.177400E+02
 -0.177159E+02
 -0.176903E+02
 -0.176631E+02
 -0.176346E+02
 -0.176049E+02
 -0.175741E+02
 -0.175423E+02
 -0.175099E+02
 -0.174764E+02
 -0.174418E+02
 -0.174058E+02
 -0.173693E+02
 -0.173317E+02
 -0.172933E+02
 -0.172545E+02
 -0.172160E+02
 -0.171771E+02
 -0.171380E+02
 -0.170989E+02
 -0.170598E+02
 -0.170205E+02
 -0.169820E+02
 -0.169435E+02
 -0.169055E+02
 -0.168683E+02
 -0.168314E+02
 -0.167951E+02
 -0.167599E+02
 -0.167249E+02
 -0.166907E+02
 -0.166567E+02
 -0.166240E+02
 -0.165921E+02
 -0.165604E+02
 -0.165297E+02
 -0.165002E+02
 -0.164714E+02
 -0.164439E+02
 -0.164172E+02
 -0.163917E+02
 -0.163676E+02
 -0.163447E+02
 -0.163231E+02
 -0.163034E+02
 -0.162847E+02
 -0.162677E+02
 -0.162524E+02
 -0.162391E+02
 -0.162274E+02
 -0.162166E+02
 -0.162072E+02
 -0.162000E+02
 -0.161943E+02
 -0.161909E+02
 -0.161896E+02
 -0.161904E+02
 -0.161938E+02
 -0.161996E+02
 -0.162070E+02
 -0.162162E+02
 -0.162271E+02
 -0.162397E+02
 -0.162543E+02
 -0.162717E+02
 -0.162914E+02
 -0.163128E+02
 -0.163364E+02
 -0.163629E+02
 -0.163911E+02
 -0.164219E+02
 -0.164547E+02
 -0.164894E+02
 -0.165264E+02
 -0.165657E+02
 -0.166073E+02
 -0.166512E+02
 -0.166967E+02
 -0.167442E+02
 -0.167933E+02
 -0.168443E+02
 -0.168973E+02
 -0.169522E+02
 -0.170083E+02
 -0.170666E+02
 -0.171270E+02
 -0.171893E+02
 -0.172532E+02
 -0.173189E+02
 -0.173860E+02
 -0.174549E+02
 -0.175251E+02
 -0.175967E+02
 -0.176695E+02
 -0.177437E+02
 -0.178189E+02
 -0.178961E+02
 -0.179750E+02
 -0.180546E+02
 -0.181348E+02
 -0.182168E+02
 -0.182998E+02
 -0.183833E+02
 -0.184673E+02
 -0.185525E+02
 -0.186383E+02
 -0.187248E+02
 -0.188119E+02
 -0.188999E+02
 -0.189884E+02
 -0.190773E+02
 -0.191663E+02
 -0.192560E+02
 -0.193457E+02
 -0.194354E+02
 -0.195250E+02
 -0.196149E+02
 -0.197049E+02
 -0.197960E+02
 -0.198870E+02
 -0.199788E+02
 -0.200710E+02
 -0.201633E+02
 -0.202555E+02
 -0.203483E+02
 -0.204407E+02
 -0.205330E+02
 -0.206246E+02
 -0.207161E+02
 -0.208071E+02
 -0.208981E+02
 -0.209881E+02
 -0.210780E+02
 -0.211672E+02
 -0.212560E+02
 -0.213439E+02
 -0.214320E+02
 -0.215194E+02
 -0.216060E+02
 -0.216912E+02
 -0.217760E+02
 -0.218601E+02
 -0.219439E+02
 -0.220265E+02
 -0.221092E+02
 -0.221911E+02
 -0.222715E+02
 -0.223505E+02
 -0.224288E+02
 -0.225056E+02
 -0.225817E+02
 -0.226557E+02
 -0.227289E+02
 -0.228011E+02
 -0.228712E+02
 -0.229393E+02
 -0.230063E+02
 -0.230707E+02
 -0.231335E+02
 -0.231936E+02
 -0.232525E+02
 -0.233094E+02
 -0.233635E+02
 -0.234148E+02
 -0.234638E+02
 -0.235094E+02
 -0.235525E+02
 -0.235924E+02
 -0.236299E+02
 -0.236646E+02
 -0.236962E+02
 -0.237241E+02
 -0.237492E+02
 -0.237702E+02
 -0.237880E+02
 -0.238019E+02
 -0.238130E+02
 -0.238211E+02
 -0.238262E+02
 -0.238278E+02
 -0.238268E+02
 -0.238224E+02
 -0.238150E+02
 -0.238039E+02
 -0.237906E+02
 -0.237743E+02
 -0.237549E+02
 -0.237326E+02
 -0.237078E+02
 -0.236804E+02
 -0.236513E+02
 -0.236193E+02
 -0.235859E+02
 -0.235504E+02
 -0.235126E+02
 -0.234729E+02
 -0.234323E+02
 -0.233900E+02
 -0.233469E+02
 -0.233027E+02
 -0.232578E+02
 -0.232121E+02
 -0.231661E+02
 -0.231192E+02
 -0.230729E+02
 -0.230267E+02
 -0.229817E+02
 -0.229370E+02
 -0.228936E+02
 -0.228514E+02
 -0.228107E+02
 -0.227709E+02
 -0.227332E+02
 -0.226970E+02
 -0.226625E+02
 -0.226299E+02
 -0.225997E+02
 -0.225713E+02
 -0.225448E+02
 -0.225202E+02
 -0.224983E+02
 -0.224786E+02
 -0.224612E+02
 -0.224455E+02
 -0.224322E+02
 -0.224206E+02
 -0.224108E+02
 -0.224022E+02
 -0.223961E+02
 -0.223918E+02
 -0.223896E+02
 -0.223890E+02
 -0.223906E+02
 -0.223934E+02
 -0.223973E+02
 -0.224021E+02
 -0.224086E+02
 -0.224156E+02
 -0.224237E+02
 -0.224327E+02
 -0.224426E+02
 -0.224528E+02
 -0.224633E+02
 -0.224734E+02
 -0.224844E+02
 -0.224952E+02
 -0.225067E+02
 -0.225178E+02
 -0.225293E+02
 -0.225407E+02
 -0.225507E+02
 -0.225593E+02
 -0.225676E+02
 -0.225746E+02
 -0.225807E+02
 -0.225849E+02
 -0.225886E+02
 -0.225914E+02
 -0.225928E+02
 -0.225920E+02
 -0.225903E+02
 -0.225871E+02
 -0.225824E+02
 -0.225756E+02
 -0.225681E+02
 -0.225596E+02
 -0.225501E+02
 -0.225390E+02
 -0.225267E+02
 -0.225124E+02
 -0.224970E+02
 -0.224796E+02
 -0.224611E+02
 -0.224413E+02
 -0.224203E+02
 -0.223975E+02
 -0.223739E+02
 -0.223485E+02
 -0.223218E+02
 -0.222935E+02
 -0.222643E+02
 -0.222338E+02
 -0.222018E+02
 -0.221685E+02
 -0.221344E+02
 -0.220985E+02
 -0.220620E+02
 -0.220239E+02
 -0.219851E+02
 -0.219453E+02
 -0.219041E+02
 -0.218619E+02
 -0.218192E+02
 -0.217750E+02
 -0.217305E+02
 -0.216851E+02
 -0.216392E+02
 -0.215928E+02
 -0.215464E+02
 -0.214995E+02
 -0.214529E+02
 -0.214062E+02
 -0.213595E+02
 -0.213125E+02
 -0.212660E+02
 -0.212196E+02
 -0.211735E+02
 -0.211272E+02
 -0.210820E+02
 -0.210374E+02
 -0.209933E+02
 -0.209495E+02
 -0.209067E+02
 -0.208646E+02
 -0.208231E+02
 -0.207820E+02
 -0.207428E+02
 -0.207044E+02
 -0.206675E+02
 -0.206312E+02
 -0.205960E+02
 -0.205619E+02
 -0.205282E+02
 -0.204948E+02
 -0.204628E+02
 -0.204317E+02
 -0.204021E+02
 -0.203735E+02
 -0.203465E+02
 -0.203208E+02
 -0.202961E+02
 -0.202721E+02
 -0.202498E+02
 -0.202284E+02
 -0.202083E+02
 -0.201891E+02
 -0.201713E+02
 -0.201546E+02
 -0.201388E+02
 -0.201228E+02
 -0.201079E+02
 -0.200935E+02
 -0.200801E+02
 -0.200674E+02
 -0.200560E+02
 -0.200454E+02
 -0.200351E+02
 -0.200250E+02
 -0.200159E+02
 -0.200071E+02
 -0.199994E+02
 -0.199920E+02
 -0.199859E+02
 -0.199806E+02
 -0.199756E+02
 -0.199709E+02
 -0.199670E+02
 -0.199633E+02
 -0.199610E+02
 -0.199589E+02
 -0.199578E+02
 -0.199576E+02
 -0.199579E+02
 -0.199590E+02
 -0.199610E+02
 -0.199627E+02
 -0.199654E+02
 -0.199682E+02
 -0.199715E+02
 -0.199755E+02
 -0.199796E+02
 -0.199833E+02
 -0.199879E+02
 -0.199922E+02
 -0.199968E+02
 -0.200012E+02
 -0.200062E+02
 -0.200111E+02
 -0.200156E+02
 -0.200194E+02
 -0.200235E+02
 -0.200270E+02
 -0.200301E+02
 -0.200327E+02
 -0.200358E+02
 -0.200383E+02
 -0.200403E+02
 -0.200415E+02
 -0.200428E+02
 -0.200435E+02
 -0.200436E+02
 -0.200426E+02
 -0.200416E+02
 -0.200402E+02
 -0.200382E+02
 -0.200356E+02
 -0.200336E+02
 -0.200314E+02
 -0.200295E+02
 -0.200272E+02
 -0.200247E+02
 -0.200224E+02
 -0.200203E+02
 -0.200178E+02
 -0.200159E+02
 -0.200144E+02
 -0.200140E+02
 -0.200135E+02
 -0.200136E+02
 -0.200144E+02
 -0.200157E+02
 -0.200169E+02
 -0.200188E+02
 -0.200209E+02
 -0.200237E+02
 -0.200270E+02
 -0.200319E+02
 -0.200375E+02
 -0.200442E+02
 -0.200515E+02
 -0.200596E+02
 -0.200681E+02
 -0.200773E+02
 -0.200870E+02
 -0.200979E+02
 -0.201095E+02
 -0.201218E+02
 -0.201339E+02
 -0.201468E+02
 -0.201594E+02
 -0.201722E+02
 -0.201850E+02
 -0.201983E+02
 -0.202120E+02
 -0.202264E+02
 -0.202408E+02
 -0.202554E+02
 -0.202702E+02
 -0.202849E+02
 -0.202989E+02
 -0.203136E+02
 -0.203282E+02
 -0.203426E+02
 -0.203564E+02
 -0.203708E+02
 -0.203848E+02
 -0.203988E+02
 -0.204120E+02
 -0.204251E+02
 -0.204382E+02
 -0.204510E+02
 -0.204631E+02
 -0.204757E+02
 -0.204878E+02
 -0.205000E+02
 -0.205116E+02
 -0.205235E+02
 -0.205355E+02
 -0.205477E+02
 -0.205602E+02
 -0.205735E+02
 -0.205872E+02
 -0.206017E+02
 -0.206161E+02
 -0.206317E+02
 -0.206480E+02
 -0.206647E+02
 -0.206812E+02
 -0.206985E+02
 -0.207161E+02
 -0.207347E+02
 -0.207534E+02
 -0.207730E+02
 -0.207936E+02
 -0.208146E+02
 -0.208361E+02
 -0.208585E+02
 -0.208812E+02
 -0.209051E+02
 -0.209295E+02
 -0.209549E+02
 -0.209811E+02
 -0.210079E+02
 -0.210350E+02
 -0.210630E+02
 -0.210916E+02
 -0.211217E+02
 -0.211519E+02
 -0.211835E+02
 -0.212159E+02
 -0.212481E+02
 -0.212807E+02
 -0.213145E+02
 -0.213487E+02
 -0.213839E+02
 -0.214196E+02
 -0.214564E+02
 -0.214937E+02
 -0.215313E+02
 -0.215692E+02
 -0.216083E+02
 -0.216477E+02
 -0.216882E+02
 -0.217290E+02
 -0.217706E+02
 -0.218128E+02
 -0.218551E+02
 -0.218971E+02
 -0.219400E+02
 -0.219831E+02
 -0.220267E+02
 -0.220705E+02
 -0.221153E+02
 -0.221601E+02
 -0.222053E+02
 -0.222498E+02
 -0.222947E+02
 -0.223391E+02
 -0.223830E+02
 -0.224263E+02
 -0.224695E+02
 -0.225132E+02
 -0.225567E+02
 -0.225992E+02
 -0.226418E+02
 -0.226835E+02
 -0.227249E+02
 -0.227647E+02
 -0.228037E+02
 -0.228424E+02
 -0.228797E+02
 -0.229153E+02
 -0.229501E+02
 -0.229838E+02
 -0.230170E+02
 -0.230491E+02
 -0.230807E+02
 -0.231109E+02
 -0.231398E+02
 -0.231667E+02
 -0.231925E+02
 -0.232166E+02
 -0.232395E+02
 -0.232609E+02
 -0.232818E+02
 -0.233018E+02
 -0.233202E+02
 -0.233369E+02
 -0.233529E+02
 -0.233672E+02
 -0.233813E+02
 -0.233935E+02
 -0.234052E+02
 -0.234163E+02
 -0.234257E+02
 -0.234336E+02
 -0.234403E+02
 -0.234456E+02
 -0.234506E+02
 -0.234537E+02
 -0.234572E+02
 -0.234598E+02
 -0.234618E+02
 -0.234622E+02
 -0.234616E+02
 -0.234600E+02
 -0.234574E+02
 -0.234539E+02
 -0.234502E+02
 -0.234457E+02
 -0.234415E+02
 -0.234352E+02
 -0.234294E+02
 -0.234228E+02
 -0.234156E+02
 -0.234084E+02
 -0.234005E+02
 -0.233925E+02
 -0.233838E+02
 -0.233731E+02
 -0.233628E+02
 -0.233507E+02
 -0.233384E+02
 -0.233258E+02
 -0.233140E+02
 -0.233028E+02
 -0.232904E+02
 -0.232773E+02
 -0.232641E+02
 -0.232489E+02
 -0.232337E+02
 -0.232168E+02
 -0.232009E+02
 -0.231854E+02
 -0.231696E+02
 -0.231534E+02
 -0.231361E+02
 -0.231176E+02
 -0.230984E+02
 -0.230776E+02
 -0.230573E+02
 -0.230373E+02
 -0.230176E+02
 -0.229976E+02
 -0.229782E+02
 -0.229581E+02
 -0.229371E+02
 -0.229148E+02
 -0.228920E+02
 -0.228689E+02
 -0.228460E+02
 -0.228230E+02
 -0.228015E+02
 -0.227800E+02
 -0.227587E+02
 -0.227371E+02
 -0.227149E+02
 -0.226917E+02
 -0.226681E+02
 -0.226435E+02
 -0.226198E+02
 -0.225965E+02
 -0.225740E+02
 -0.225514E+02
 -0.225296E+02
 -0.225080E+02
 -0.224850E+02
 -0.224611E+02
 -0.224374E+02
 -0.224128E+02
 -0.223890E+02
 -0.223648E+02
 -0.223414E+02
 -0.223176E+02
 -0.222937E+02
 -0.222689E+02
 -0.222441E+02
 -0.222193E+02
 -0.221947E+02
 -0.221698E+02
 -0.221454E+02
 -0.221207E+02
 -0.220959E+02
 -0.220702E+02
 -0.220448E+02
 -0.220191E+02
 -0.219938E+02
 -0.219678E+02
 -0.219419E+02
 -0.219162E+02
 -0.218908E+02
 -0.218652E+02
 -0.218405E+02
 -0.218157E+02
 -0.217909E+02
 -0.217653E+02
 -0.217398E+02
 -0.217143E+02
 -0.216890E+02
 -0.216638E+02
 -0.216402E+02
 -0.216172E+02
 -0.215950E+02
 -0.215725E+02
 -0.215502E+02
 -0.215279E+02
 -0.215056E+02
 -0.214830E+02
 -0.214615E+02
 -0.214407E+02
 -0.214212E+02
 -0.214017E+02
 -0.213827E+02
 -0.213636E+02
 -0.213446E+02
 -0.213257E+02
 -0.213079E+02
 -0.212905E+02
 -0.212743E+02
 -0.212583E+02
 -0.212425E+02
 -0.212262E+02
 -0.212098E+02
 -0.211929E+02
 -0.211766E+02
 -0.211607E+02
 -0.211458E+02
 -0.211298E+02
 -0.211138E+02
 -0.210974E+02
 -0.210794E+02
 -0.210600E+02
 -0.210410E+02
 -0.210213E+02
 -0.210015E+02
 -0.209810E+02
 -0.209607E+02
 -0.209393E+02
 -0.209163E+02
 -0.208910E+02
 -0.208645E+02
 -0.208369E+02
 -0.208084E+02
 -0.207782E+02
 -0.207477E+02
 -0.207162E+02
 -0.206832E+02
 -0.206477E+02
 -0.206108E+02
 -0.205716E+02
 -0.205306E+02
 -0.204877E+02
 -0.204437E+02
 -0.203981E+02
 -0.203509E+02
 -0.203017E+02
 -0.202508E+02
 -0.201979E+02
 -0.201439E+02
 -0.200878E+02
 -0.200309E+02
 -0.199725E+02
 -0.199118E+02
 -0.198485E+02
 -0.197832E+02
 -0.197158E+02
 -0.196472E+02
 -0.195769E+02
 -0.195054E+02
 -0.194325E+02
 -0.193580E+02
 -0.192808E+02
 -0.192014E+02
 -0.191194E+02
 -0.190358E+02
 -0.189501E+02
 -0.188632E+02
 -0.187753E+02
 -0.186861E+02
 -0.185950E+02
 -0.185025E+02
 -0.184080E+02
 -0.183122E+02
 -0.182148E+02
 -0.181169E+02
 -0.180186E+02
 -0.179193E+02
 -0.178185E+02
 -0.177170E+02
 -0.176139E+02
 -0.175105E+02
 -0.174063E+02
 -0.173026E+02
 -0.171998E+02
 -0.170969E+02
 -0.169937E+02
 -0.168907E+02
 -0.167870E+02
 -0.166835E+02
 -0.165800E+02
 -0.164777E+02
 -0.163767E+02
 -0.162765E+02
 -0.161766E+02
 -0.160773E+02
 -0.159780E+02
 -0.158792E+02
 -0.157801E+02
 -0.156816E+02
 -0.155847E+02
 -0.154890E+02
 -0.153937E+02
 -0.152989E+02
 -0.152044E+02
 -0.151106E+02
 -0.150173E+02
 -0.149249E+02
 -0.148333E+02
 -0.147427E+02
 -0.146532E+02
 -0.145637E+02
 -0.144745E+02
 -0.143865E+02
 -0.142985E+02
 -0.142118E+02
 -0.141261E+02
 -0.140417E+02
 -0.139587E+02
 -0.138775E+02
 -0.137978E+02
 -0.137194E+02
 -0.136424E+02
 -0.135674E+02
 -0.134936E+02
 -0.134210E+02
 -0.133507E+02
 -0.132820E+02
 -0.132148E+02
 -0.131501E+02
 -0.130871E+02
 -0.130262E+02
 -0.129671E+02
 -0.129092E+02
 -0.128524E+02
 -0.127972E+02
 -0.127434E+02
 -0.126913E+02
 -0.126411E+02
 -0.125932E+02
 -0.125476E+02
 -0.125041E+02
 -0.124624E+02
 -0.124222E+02
 -0.123834E+02
 -0.123459E+02
 -0.123102E+02
 -0.122767E+02
 -0.122453E+02
 -0.122159E+02
 -0.121884E+02
 -0.121629E+02
 -0.121391E+02
 -0.121169E+02
 -0.120961E+02
 -0.120766E+02
 -0.120591E+02
 -0.120433E+02
 -0.120285E+02
 -0.120149E+02
 -0.120026E+02
 -0.119916E+02
 -0.119816E+02
 -0.119723E+02
 -0.119638E+02
 -0.119557E+02
 -0.119475E+02
 -0.119397E+02
 -0.119321E+02
 -0.119244E+02
 -0.119170E+02
 -0.119100E+02
 -0.119033E+02
 -0.118967E+02
 -0.118902E+02
 -0.118837E+02
 -0.118769E+02
 -0.118700E+02
 -0.118628E+02
 -0.118555E+02
 -0.118482E+02
 -0.118410E+02
 -0.118340E+02
 -0.118273E+02
 -0.118207E+02
 -0.118143E+02
 -0.118075E+02
 -0.118006E+02
 -0.117942E+02
 -0.117878E+02
 -0.117814E+02
 -0.117754E+02
 -0.117697E+02
 -0.117643E+02
 -0.117594E+02
 -0.117549E+02
 -0.117507E+02
 -0.117472E+02
 -0.117437E+02
 -0.117406E+02
 -0.117383E+02
 -0.117365E+02
 -0.117353E+02
 -0.117349E+02
 -0.117348E+02
 -0.117352E+02
 -0.117356E+02
 -0.117369E+02
 -0.117387E+02
 -0.117411E+02
 -0.117445E+02
 -0.117484E+02
 -0.117527E+02
 -0.117573E+02
 -0.117620E+02
 -0.117674E+02
 -0.117732E+02
 -0.117798E+02
 -0.117873E+02
 -0.117951E+02
 -0.118037E+02
 -0.118131E+02
 -0.118231E+02
 -0.118336E+02
 -0.118447E+02
 -0.118566E+02
 -0.118686E+02
 -0.118814E+02
 -0.118952E+02
 -0.119097E+02
 -0.119250E+02
 -0.119413E+02
 -0.119587E+02
 -0.119775E+02
 -0.119970E+02
 -0.120175E+02
 -0.120391E+02
 -0.120619E+02
 -0.120861E+02
 -0.121114E+02
 -0.121376E+02
 -0.121653E+02
 -0.121945E+02
 -0.122247E+02
 -0.122560E+02
 -0.122891E+02
 -0.123231E+02
 -0.123582E+02
 -0.123948E+02
 -0.124327E+02
 -0.124720E+02
 -0.125126E+02
 -0.125546E+02
 -0.125978E+02
 -0.126419E+02
 -0.126872E+02
 -0.127336E+02
 -0.127811E+02
 -0.128295E+02
 -0.128788E+02
 -0.129288E+02
 -0.129795E+02
 -0.130311E+02
 -0.130835E+02
 -0.131363E+02
 -0.131898E+02
 -0.132439E+02
 -0.132984E+02
 -0.133529E+02
 -0.134073E+02
 -0.134620E+02
 -0.135169E+02
 -0.135718E+02
 -0.136266E+02
 -0.136807E+02
 -0.137346E+02
 -0.137885E+02
 -0.138415E+02
 -0.138931E+02
 -0.139441E+02
 -0.139939E+02
 -0.140428E+02
 -0.140909E+02
 -0.141380E+02
 -0.141846E+02
 -0.142299E+02
 -0.142734E+02
 -0.143156E+02
 -0.143558E+02
 -0.143943E+02
 -0.144308E+02
 -0.144660E+02
 -0.144999E+02
 -0.145319E+02
 -0.145618E+02
 -0.145897E+02
 -0.146158E+02
 -0.146399E+02
 -0.146614E+02
 -0.146815E+02
 -0.146999E+02
 -0.147165E+02
 -0.147315E+02
 -0.147448E+02
 -0.147569E+02
 -0.147675E+02
 -0.147762E+02
 -0.147840E+02
 -0.147904E+02
 -0.147955E+02
 -0.147995E+02
 -0.148028E+02
 -0.148051E+02
 -0.148067E+02
 -0.148075E+02
 -0.148081E+02
 -0.148084E+02
 -0.148081E+02
 -0.148074E+02
 -0.148063E+02
 -0.148049E+02
 -0.148038E+02
 -0.148026E+02
 -0.148015E+02
 -0.148011E+02
 -0.148010E+02
 -0.148010E+02
 -0.148014E+02
 -0.148019E+02
 -0.148026E+02
 -0.148034E+02
 -0.148046E+02
 -0.148064E+02
 -0.148089E+02
 -0.148114E+02
 -0.148147E+02
 -0.148183E+02
 -0.148220E+02
 -0.148263E+02
 -0.148311E+02
 -0.148362E+02
 -0.148424E+02
 -0.148490E+02
 -0.148569E+02
 -0.148658E+02
 -0.148751E+02
 -0.148851E+02
 -0.148958E+02
 -0.149066E+02
 -0.149174E+02
 -0.149284E+02
 -0.149404E+02
 -0.149526E+02
 -0.149657E+02
 -0.149791E+02
 -0.149928E+02
 -0.150069E+02
 -0.150208E+02
 -0.150347E+02
 -0.150490E+02
 -0.150633E+02
 -0.150782E+02
 -0.150927E+02
 -0.151075E+02
 -0.151226E+02
 -0.151375E+02
 -0.151525E+02
 -0.151680E+02
 -0.151833E+02
 -0.151990E+02
 -0.152142E+02
 -0.152291E+02
 -0.152443E+02
 -0.152597E+02
 -0.152747E+02
 -0.152899E+02
 -0.153050E+02
 -0.153200E+02
 -0.153349E+02
 -0.153499E+02
 -0.153652E+02
 -0.153809E+02
 -0.153961E+02
 -0.154114E+02
 -0.154265E+02
 -0.154422E+02
 -0.154586E+02
 -0.154758E+02
 -0.154937E+02
 -0.155117E+02
 -0.155304E+02
 -0.155499E+02
 -0.155695E+02
 -0.155903E+02
 -0.156114E+02
 -0.156335E+02
 -0.156564E+02
 -0.156800E+02
 -0.157044E+02
 -0.157295E+02
 -0.157554E+02
 -0.157827E+02
 -0.158111E+02
 -0.158413E+02
 -0.158728E+02
 -0.159057E+02
 -0.159398E+02
 -0.159751E+02
 -0.160114E+02
 -0.160490E+02
 -0.160882E+02
 -0.161287E+02
 -0.161707E+02
 -0.162147E+02
 -0.162600E+02
 -0.163074E+02
 -0.163564E+02
 -0.164069E+02
 -0.164589E+02
 -0.165126E+02
 -0.165676E+02
 -0.166243E+02
 -0.166822E+02
 -0.167420E+02
 -0.168031E+02
 -0.168657E+02
 -0.169293E+02
 -0.169945E+02
 -0.170607E+02
 -0.171277E+02
 -0.171952E+02
 -0.172634E+02
 -0.173322E+02
 -0.174016E+02
 -0.174717E+02
 -0.175428E+02
 -0.176143E+02
 -0.176863E+02
 -0.177580E+02
 -0.178299E+02
 -0.179016E+02
 -0.179737E+02
 -0.180452E+02
 -0.181164E+02
 -0.181873E+02
 -0.182576E+02
 -0.183265E+02
 -0.183952E+02
 -0.184624E+02
 -0.185290E+02
 -0.185943E+02
 -0.186585E+02
 -0.187221E+02
 -0.187846E+02
 -0.188457E+02
 -0.189065E+02
 -0.189668E+02
 -0.190270E+02
 -0.190863E+02
 -0.191452E+02
 -0.192037E+02
 -0.192621E+02
 -0.193198E+02
 -0.193775E+02
 -0.194352E+02
 -0.194931E+02
 -0.195505E+02
 -0.196084E+02
 -0.196661E+02
 -0.197239E+02
 -0.197814E+02
 -0.198397E+02
 -0.198982E+02
 -0.199571E+02
 -0.200165E+02
 -0.200772E+02
 -0.201382E+02
 -0.202002E+02
 -0.202624E+02
 -0.203256E+02
 -0.203893E+02
 -0.204536E+02
 -0.205182E+02
 -0.205840E+02
 -0.206504E+02
 -0.207174E+02
 -0.207850E+02
 -0.208536E+02
 -0.209223E+02
 -0.209921E+02
 -0.210617E+02
 -0.211322E+02
 -0.212031E+02
 -0.212738E+02
 -0.213439E+02
 -0.214147E+02
 -0.214852E+02
 -0.215558E+02
 -0.216261E+02
 -0.216963E+02
 -0.217657E+02
 -0.218346E+02
 -0.219024E+02
 -0.219702E+02
 -0.220374E+02
 -0.221044E+02
 -0.221707E+02
 -0.222372E+02
 -0.223035E+02
 -0.223693E+02
 -0.224340E+02
 -0.224984E+02
 -0.225623E+02
 -0.226262E+02
 -0.226894E+02
 -0.227529E+02
 -0.228167E+02
 -0.228805E+02
 -0.229443E+02
 -0.230088E+02
 -0.230727E+02
 -0.231371E+02
 -0.232013E+02
 -0.232665E+02
 -0.233324E+02
 -0.233983E+02
 -0.234640E+02
 -0.235305E+02
 -0.235966E+02
 -0.236632E+02
 -0.237292E+02
 -0.237959E+02
 -0.238633E+02
 -0.239310E+02
 -0.239980E+02
 -0.240656E+02
 -0.241334E+02
 -0.242016E+02
 -0.242692E+02
 -0.243377E+02
 -0.244065E+02
 -0.244757E+02
 -0.245445E+02
 -0.246137E+02
 -0.246828E+02
 -0.247523E+02
 -0.248213E+02
 -0.248906E+02
 -0.249596E+02
 -0.250280E+02
 -0.250954E+02
 -0.251633E+02
 -0.252301E+02
 -0.252964E+02
 -0.253613E+02
 -0.254261E+02
 -0.254905E+02
 -0.255537E+02
 -0.256153E+02
 -0.256769E+02
 -0.257371E+02
 -0.257970E+02
 -0.258552E+02
 -0.259134E+02
 -0.259709E+02
 -0.260272E+02
 -0.260820E+02
 -0.261364E+02
 -0.261890E+02
 -0.262406E+02
 -0.262900E+02
 -0.263386E+02
 -0.263857E+02
 -0.264313E+02
 -0.264748E+02
 -0.265173E+02
 -0.265576E+02
 -0.265963E+02
 -0.266328E+02
 -0.266679E+02
 -0.267011E+02
 -0.267325E+02
 -0.267611E+02
 -0.267887E+02
 -0.268136E+02
 -0.268368E+02
 -0.268576E+02
 -0.268770E+02
 -0.268948E+02
 -0.269104E+02
 -0.269231E+02
 -0.269349E+02
 -0.269442E+02
 -0.269522E+02
 -0.269576E+02
 -0.269614E+02
 -0.269635E+02
 -0.269636E+02
 -0.269613E+02
 -0.269576E+02
 -0.269512E+02
 -0.269434E+02
 -0.269330E+02
 -0.269215E+02
 -0.269083E+02
 -0.268933E+02
 -0.268762E+02
 -0.268589E+02
 -0.268397E+02
 -0.268190E+02
 -0.267962E+02
 -0.267723E+02
 -0.267467E+02
 -0.267198E+02
 -0.266911E+02
 -0.266621E+02
 -0.266318E+02
 -0.266009E+02
 -0.265682E+02
 -0.265348E+02
 -0.265004E+02
 -0.264648E+02
 -0.264274E+02
 -0.263897E+02
 -0.263507E+02
 -0.263114E+02
 -0.262712E+02
 -0.262312E+02
 -0.261907E+02
 -0.261495E+02
 -0.261068E+02
 -0.260639E+02
 -0.260200E+02
 -0.259757E+02
 -0.259301E+02
 -0.258850E+02
 -0.258394E+02
 -0.257929E+02
 -0.257451E+02
 -0.256967E+02
 -0.256468E+02
 -0.255960E+02
 -0.255434E+02
 -0.254905E+02
 -0.254369E+02
 -0.253820E+02
 -0.253254E+02
 -0.252684E+02
 -0.252097E+02
 -0.251502E+02
 -0.250885E+02
 -0.250264E+02
 -0.249631E+02
 -0.248984E+02
 -0.248322E+02
 -0.247657E+02
 -0.246977E+02
 -0.246289E+02
 -0.245584E+02
 -0.244871E+02
 -0.244147E+02
 -0.243416E+02
 -0.242672E+02
 -0.241930E+02
 -0.241178E+02
 -0.240425E+02
 -0.239663E+02
 -0.238898E+02
 -0.238124E+02
 -0.237340E+02
 -0.236544E+02
 -0.235743E+02
 -0.234932E+02
 -0.234119E+02
 -0.233293E+02
 -0.232465E+02
 -0.231634E+02
 -0.230801E+02
 -0.229964E+02
 -0.229130E+02
 -0.228289E+02
 -0.227450E+02
 -0.226601E+02
 -0.225751E+02
 -0.224899E+02
 -0.224047E+02
 -0.223191E+02
 -0.222339E+02
 -0.221485E+02
 -0.220634E+02
 -0.219781E+02
 -0.218935E+02
 -0.218092E+02
 -0.217243E+02
 -0.216387E+02
 -0.215541E+02
 -0.214696E+02
 -0.213860E+02
 -0.213027E+02
 -0.212208E+02
 -0.211401E+02
 -0.210597E+02
 -0.209797E+02
 -0.209012E+02
 -0.208230E+02
 -0.207460E+02
 -0.206695E+02
 -0.205942E+02
 -0.205204E+02
 -0.204476E+02
 -0.203761E+02
 -0.203064E+02
 -0.202376E+02
 -0.201705E+02
 -0.201038E+02
 -0.200387E+02
 -0.199747E+02
 -0.199116E+02
 -0.198495E+02
 -0.197883E+02
 -0.197278E+02
 -0.196683E+02
 -0.196093E+02
 -0.195520E+02
 -0.194958E+02
 -0.194406E+02
 -0.193857E+02
 -0.193319E+02
 -0.192787E+02
 -0.192259E+02
 -0.191738E+02
 -0.191231E+02
 -0.190729E+02
 -0.190239E+02
 -0.189753E+02
 -0.189281E+02
 -0.188819E+02
 -0.188371E+02
 -0.187928E+02
 -0.187490E+02
 -0.187059E+02
 -0.186633E+02
 -0.186204E+02
 -0.185784E+02
 -0.185365E+02
 -0.184958E+02
 -0.184556E+02
 -0.184164E+02
 -0.183774E+02
 -0.183388E+02
 -0.182998E+02
 -0.182609E+02
 -0.182220E+02
 -0.181830E+02
 -0.181433E+02
 -0.181030E+02
 -0.180619E+02
 -0.180203E+02
 -0.179779E+02
 -0.179349E+02
 -0.178910E+02
 -0.178466E+02
 -0.178007E+02
 -0.177542E+02
 -0.177068E+02
 -0.176585E+02
 -0.176095E+02
 -0.175599E+02
 -0.175096E+02
 -0.174590E+02
 -0.174073E+02
 -0.173551E+02
 -0.173020E+02
 -0.172475E+02
 -0.171914E+02
 -0.171347E+02
 -0.170772E+02
 -0.170193E+02
 -0.169609E+02
 -0.169025E+02
 -0.168440E+02
 -0.167854E+02
 -0.167261E+02
 -0.166669E+02
 -0.166073E+02
 -0.165475E+02
 -0.164876E+02
 -0.164275E+02
 -0.163675E+02
 -0.163078E+02
 -0.162475E+02
 -0.161880E+02
 -0.161283E+02
 -0.160685E+02
 -0.160090E+02
 -0.159499E+02
 -0.158910E+02
 -0.158327E+02
 -0.157746E+02
 -0.157169E+02
 -0.156595E+02
 -0.156028E+02
 -0.155465E+02
 -0.154905E+02
 -0.154351E+02
 -0.153803E+02
 -0.153255E+02
 -0.152720E+02
 -0.152193E+02
 -0.151674E+02
 -0.151159E+02
 -0.150656E+02
 -0.150163E+02
 -0.149681E+02
 -0.149209E+02
 -0.148752E+02
 -0.148306E+02
 -0.147871E+02
 -0.147446E+02
 -0.147033E+02
 -0.146624E+02
 -0.146222E+02
 -0.145824E+02
 -0.145432E+02
 -0.145045E+02
 -0.144663E+02
 -0.144284E+02
 -0.143912E+02
 -0.143542E+02
 -0.143178E+02
 -0.142816E+02
 -0.142459E+02
 -0.142103E+02
 -0.141749E+02
 -0.141398E+02
 -0.141052E+02
 -0.140706E+02
 -0.140363E+02
 -0.140021E+02
 -0.139682E+02
 -0.139340E+02
 -0.138999E+02
 -0.138659E+02
 -0.138323E+02
 -0.137986E+02
 -0.137651E+02
 -0.137323E+02
 -0.136998E+02
 -0.136675E+02
 -0.136357E+02
 -0.136035E+02
 -0.135709E+02
 -0.135382E+02
 -0.135056E+02
 -0.134727E+02
 -0.134400E+02
 -0.134076E+02
 -0.133756E+02
 -0.133432E+02
 -0.133104E+02
 -0.132776E+02
 -0.132447E+02
 -0.132114E+02
 -0.131787E+02
 -0.131461E+02
 -0.131133E+02
 -0.130799E+02
 -0.130461E+02
 -0.130113E+02
 -0.129762E+02
 -0.129405E+02
 -0.129041E+02
 -0.128671E+02
 -0.128296E+02
 -0.127911E+02
 -0.127527E+02
 -0.127139E+02
 -0.126743E+02
 -0.126346E+02
 -0.125941E+02
 -0.125524E+02
 -0.125100E+02
 -0.124665E+02
 -0.124218E+02
 -0.123761E+02
 -0.123297E+02
 -0.122826E+02
 -0.122347E+02
 -0.121864E+02
 -0.121377E+02
 -0.120880E+02
 -0.120373E+02
 -0.119856E+02
 -0.119326E+02
 -0.118788E+02
 -0.118246E+02
 -0.117694E+02
 -0.117138E+02
 -0.116575E+02
 -0.116004E+02
 -0.115432E+02
 -0.114859E+02
 -0.114284E+02
 -0.113714E+02
 -0.113144E+02
 -0.112570E+02
 -0.111996E+02
 -0.111422E+02
 -0.110852E+02
 -0.110288E+02
 -0.109728E+02
 -0.109177E+02
 -0.108638E+02
 -0.108105E+02
 -0.107578E+02
 -0.107061E+02
 -0.106550E+02
 -0.106048E+02
 -0.105557E+02
 -0.105076E+02
 -0.104614E+02
 -0.104168E+02
 -0.103736E+02
 -0.103322E+02
 -0.102923E+02
 -0.102538E+02
 -0.102164E+02
 -0.101802E+02
 -0.101452E+02
 -0.101117E+02
 -0.100799E+02
 -0.100497E+02
 -0.100210E+02
 -0.999351E+01
 -0.996749E+01
 -0.994260E+01
 -0.991867E+01
 -0.989639E+01
 -0.987523E+01
 -0.985521E+01
 -0.983690E+01
 -0.982013E+01
 -0.980462E+01
 -0.979026E+01
 -0.977735E+01
 -0.976531E+01
 -0.975415E+01
 -0.974386E+01
 -0.973398E+01
 -0.972522E+01
 -0.971719E+01
 -0.970973E+01
 -0.970298E+01
 -0.969622E+01
 -0.969003E+01
 -0.968447E+01
 -0.967860E+01
 -0.967302E+01
 -0.966805E+01
 -0.966313E+01
 -0.965862E+01
 -0.965394E+01
 -0.964888E+01
 -0.964389E+01
 -0.963834E+01
 -0.963255E+01
 -0.962670E+01
 -0.962030E+01
 -0.961357E+01
 -0.960660E+01
 -0.959915E+01
 -0.959146E+01
 -0.958374E+01
 -0.957556E+01
 -0.956719E+01
 -0.955822E+01
 -0.954878E+01
 -0.953882E+01
 -0.952837E+01
 -0.951782E+01
 -0.950697E+01
 -0.949597E+01
 -0.948447E+01
 -0.947248E+01
 -0.946013E+01
 -0.944731E+01
 -0.943417E+01
 -0.942000E+01
 -0.940531E+01
 -0.939041E+01
 -0.937463E+01
 -0.935817E+01
 -0.934147E+01
 -0.932424E+01
 -0.930643E+01
 -0.928816E+01
 -0.926931E+01
 -0.924979E+01
 -0.922965E+01
 -0.920892E+01
 -0.918759E+01
 -0.916545E+01
 -0.914284E+01
 -0.911924E+01
 -0.909487E+01
 -0.907033E+01
 -0.904510E+01
 -0.901909E+01
 -0.899260E+01
 -0.896524E+01
 -0.893760E+01
 -0.890966E+01
 -0.888058E+01
 -0.885122E+01
 -0.882162E+01
 -0.879082E+01
 -0.875952E+01
 -0.872758E+01
 -0.869519E+01
 -0.866264E+01
 -0.862966E+01
 -0.859651E+01
 -0.856274E+01
 -0.852796E+01
 -0.849257E+01
 -0.845654E+01
 -0.841992E+01
 -0.838295E+01
 -0.834573E+01
 -0.830804E+01
 -0.827013E+01
 -0.823149E+01
 -0.819262E+01
 -0.815334E+01
 -0.811312E+01
 -0.807253E+01
 -0.803148E+01
 -0.798979E+01
 -0.794779E+01
 -0.790544E+01
 -0.786306E+01
 -0.781966E+01
 -0.777557E+01
 -0.773147E+01
 -0.768707E+01
 -0.764249E+01
 -0.759784E+01
 -0.755273E+01
 -0.750748E+01
 -0.746200E+01
 -0.741623E+01
 -0.737007E+01
 -0.732363E+01
 -0.727718E+01
 -0.723076E+01
 -0.718413E+01
 -0.713737E+01
 -0.709045E+01
 -0.704394E+01
 -0.699714E+01
 -0.695020E+01
 -0.690338E+01
 -0.685686E+01
 -0.681001E+01
 -0.676303E+01
 -0.671646E+01
 -0.667040E+01
 -0.662443E+01
 -0.657860E+01
 -0.653332E+01
 -0.648854E+01
 -0.644373E+01
 -0.639920E+01
 -0.635453E+01
 -0.631104E+01
 -0.626786E+01
 -0.622446E+01
 -0.618210E+01
 -0.614013E+01
 -0.609805E+01
 -0.605684E+01
 -0.601594E+01
 -0.597611E+01
 -0.593721E+01
 -0.589929E+01
 -0.586236E+01
 -0.582632E+01
 -0.579141E+01
 -0.575762E+01
 -0.572428E+01
 -0.569206E+01
 -0.566037E+01
 -0.562928E+01
 -0.559907E+01
 -0.556983E+01
 -0.554167E+01
 -0.551513E+01
 -0.548953E+01
 -0.546583E+01
 -0.544371E+01
 -0.542264E+01
 -0.540319E+01
 -0.538529E+01
 -0.536822E+01
 -0.535246E+01
 -0.533788E+01
 -0.532492E+01
 -0.531270E+01
 -0.530171E+01
 -0.529209E+01
 -0.528349E+01
 -0.527612E+01
 -0.526973E+01
 -0.526373E+01
 -0.525935E+01
 -0.525552E+01
 -0.525250E+01
 -0.525084E+01
 -0.524996E+01
 -0.524964E+01
 -0.525004E+01
 -0.525073E+01
 -0.525201E+01
 -0.525345E+01
 -0.525537E+01
 -0.525766E+01
 -0.526038E+01
 -0.526316E+01
 -0.526662E+01
 -0.527071E+01
 -0.527543E+01
 -0.528017E+01
 -0.528544E+01
 -0.529129E+01
 -0.529749E+01
 -0.530370E+01
 -0.531039E+01
 -0.531745E+01
 -0.532526E+01
 -0.533333E+01
 -0.534206E+01
 -0.535151E+01
 -0.536142E+01
 -0.537175E+01
 -0.538252E+01
 -0.539334E+01
 -0.540517E+01
 -0.541690E+01
 -0.542934E+01
 -0.544330E+01
 -0.545780E+01
 -0.547288E+01
 -0.548884E+01
 -0.550548E+01
 -0.552328E+01
 -0.554128E+01
 -0.556022E+01
 -0.557985E+01
 -0.560024E+01
 -0.562132E+01
 -0.564308E+01
 -0.566557E+01
 -0.568889E+01
 -0.571294E+01
 -0.573806E+01
 -0.576374E+01
 -0.579026E+01
 -0.581765E+01
 -0.584595E+01
 -0.587473E+01
 -0.590435E+01
 -0.593466E+01
 -0.596598E+01
 -0.599794E+01
 -0.603094E+01
 -0.606481E+01
 -0.609912E+01
 -0.613410E+01
 -0.617019E+01
 -0.620625E+01
 -0.624280E+01
 -0.628010E+01
 -0.631812E+01
 -0.635648E+01
 -0.639516E+01
 -0.643384E+01
 -0.647239E+01
 -0.651080E+01
 -0.654920E+01
 -0.658718E+01
 -0.662548E+01
 -0.666342E+01
 -0.670055E+01
 -0.673723E+01
 -0.677329E+01
 -0.680803E+01
 -0.684193E+01
 -0.687517E+01
 -0.690742E+01
 -0.693788E+01
 -0.696760E+01
 -0.699632E+01
 -0.702376E+01
 -0.705014E+01
 -0.707542E+01
 -0.709961E+01
 -0.712268E+01
 -0.714483E+01
 -0.716576E+01
 -0.718475E+01
 -0.720290E+01
 -0.721962E+01
 -0.723494E+01
 -0.724915E+01
 -0.726221E+01
 -0.727380E+01
 -0.728390E+01
 -0.729266E+01
 -0.730006E+01
 -0.730617E+01
 -0.731129E+01
 -0.731530E+01
 -0.731831E+01
 -0.731942E+01
 -0.731900E+01
 -0.731729E+01
 -0.731428E+01
 -0.731010E+01
 -0.730481E+01
 -0.729828E+01
 -0.729098E+01
 -0.728260E+01
 -0.727259E+01
 -0.726074E+01
 -0.724758E+01
 -0.723286E+01
 -0.721680E+01
 -0.719967E+01
 -0.718124E+01
 -0.716142E+01
 -0.714046E+01
 -0.711780E+01
 -0.709416E+01
 -0.706888E+01
 -0.704237E+01
 -0.701540E+01
 -0.698714E+01
 -0.695738E+01
 -0.692655E+01
 -0.689438E+01
 -0.686128E+01
 -0.682684E+01
 -0.679147E+01
 -0.675535E+01
 -0.671868E+01
 -0.668164E+01
 -0.664427E+01
 -0.660647E+01
 -0.656839E+01
 -0.652994E+01
 -0.649148E+01
 -0.645239E+01
 -0.641319E+01
 -0.637361E+01
 -0.633411E+01
 -0.629471E+01
 -0.625539E+01
 -0.621615E+01
 -0.617711E+01
 -0.613841E+01
 -0.610001E+01
 -0.606175E+01
 -0.602389E+01
 -0.598635E+01
 -0.594999E+01
 -0.591431E+01
 -0.587925E+01
 -0.584463E+01
 -0.581037E+01
 -0.577621E+01
 -0.574222E+01
 -0.570847E+01
 -0.567571E+01
 -0.564366E+01
 -0.561274E+01
 -0.558270E+01
 -0.555343E+01
 -0.552466E+01
 -0.549622E+01
 -0.546795E+01
 -0.544029E+01
 -0.541293E+01
 -0.538653E+01
 -0.536108E+01
 -0.533673E+01
 -0.531266E+01
 -0.528894E+01
 -0.526540E+01
 -0.524198E+01
 -0.521872E+01
 -0.519618E+01
 -0.517432E+01
 -0.515322E+01
 -0.513215E+01
 -0.511104E+01
 -0.508939E+01
 -0.506763E+01
 -0.504568E+01
 -0.502395E+01
 -0.500224E+01
 -0.498077E+01
 -0.495899E+01
 -0.493656E+01
 -0.491315E+01
 -0.488910E+01
 -0.486381E+01
 -0.483787E+01
 -0.481132E+01
 -0.478434E+01
 -0.475654E+01
 -0.472791E+01
 -0.469824E+01
 -0.466810E+01
 -0.463721E+01
 -0.460555E+01
 -0.457309E+01
 -0.454053E+01
 -0.450715E+01
 -0.447276E+01
 -0.443740E+01
 -0.440157E+01
 -0.436469E+01
 -0.432732E+01
 -0.428952E+01
 -0.425175E+01
 -0.421365E+01
 -0.417553E+01
 -0.413713E+01
 -0.409878E+01
 -0.406033E+01
 -0.402164E+01
 -0.398292E+01
 -0.394480E+01
 -0.390652E+01
 -0.386830E+01
 -0.382981E+01
 -0.379174E+01
 -0.375357E+01
 -0.371564E+01
 -0.367887E+01
 -0.364345E+01
 -0.360833E+01
 -0.357399E+01
 -0.354028E+01
 -0.350739E+01
 -0.347472E+01
 -0.344281E+01
 -0.341142E+01
 -0.338107E+01
 -0.335161E+01
 -0.332296E+01
 -0.329492E+01
 -0.326780E+01
 -0.324073E+01
 -0.321437E+01
 -0.318873E+01
 -0.316400E+01
 -0.313993E+01
 -0.311711E+01
 -0.309486E+01
 -0.307379E+01
 -0.305355E+01
 -0.303368E+01
 -0.301458E+01
 -0.299699E+01
 -0.297993E+01
 -0.296453E+01
 -0.295061E+01
 -0.293860E+01
 -0.292777E+01
 -0.291781E+01
 -0.290888E+01
 -0.290124E+01
 -0.289425E+01
 -0.288879E+01
 -0.288465E+01
 -0.288225E+01
 -0.288103E+01
 -0.288135E+01
 -0.288314E+01
 -0.288662E+01
 -0.289129E+01
 -0.289784E+01
 -0.290589E+01
 -0.291542E+01
 -0.292605E+01
 -0.293843E+01
 -0.295228E+01
 -0.296806E+01
 -0.298495E+01
 -0.300297E+01
 -0.302235E+01
 -0.304390E+01
 -0.306683E+01
 -0.309167E+01
 -0.311859E+01
 -0.314777E+01
 -0.317859E+01
 -0.321115E+01
 -0.324512E+01
 -0.328086E+01
 -0.331775E+01
 -0.335622E+01
 -0.339625E+01
 -0.343792E+01
 -0.348074E+01
 -0.352554E+01
 -0.357198E+01
 -0.362086E+01
 -0.367142E+01
 -0.372339E+01
 -0.377717E+01
 -0.383310E+01
 -0.389022E+01
 -0.394838E+01
 -0.400753E+01
 -0.406831E+01
 -0.412988E+01
 -0.419295E+01
 -0.425785E+01
 -0.432470E+01
 -0.439355E+01
 -0.446495E+01
 -0.453781E+01
 -0.461244E+01
 -0.468819E+01
 -0.476467E+01
 -0.484214E+01
 -0.492095E+01
 -0.500046E+01
 -0.508115E+01
 -0.516279E+01
 -0.524608E+01
 -0.533065E+01
 -0.541658E+01
 -0.550431E+01
 -0.559351E+01
 -0.568339E+01
 -0.577456E+01
 -0.586626E+01
 -0.595872E+01
 -0.605176E+01
 -0.614527E+01
 -0.623961E+01
 -0.633534E+01
 -0.643211E+01
 -0.652991E+01
 -0.662897E+01
 -0.672961E+01
 -0.683066E+01
 -0.693236E+01
 -0.703481E+01
 -0.713809E+01
 -0.724238E+01
 -0.734724E+01
 -0.745224E+01
 -0.755833E+01
 -0.766479E+01
 -0.777143E+01
 -0.787854E+01
 -0.798640E+01
 -0.809455E+01
 -0.820297E+01
 -0.831212E+01
 -0.842180E+01
 -0.853140E+01
 -0.864118E+01
 -0.875090E+01
 -0.886040E+01
 -0.896978E+01
 -0.907940E+01
 -0.918853E+01
 -0.929721E+01
 -0.940592E+01
 -0.951436E+01
 -0.962275E+01
 -0.973165E+01
 -0.984094E+01
 -0.995025E+01
 -0.100596E+02
 -0.101688E+02
 -0.102773E+02
 -0.103856E+02
 -0.104933E+02
 -0.106003E+02
 -0.107068E+02
 -0.108127E+02
 -0.109181E+02
 -0.110231E+02
 -0.111277E+02
 -0.112322E+02
 -0.113360E+02
 -0.114391E+02
 -0.115418E+02
 -0.116436E+02
 -0.117442E+02
 -0.118437E+02
 -0.119422E+02
 -0.120400E+02
 -0.121369E+02
 -0.122331E+02
 -0.123292E+02
 -0.124246E+02
 -0.125202E+02
 -0.126151E+02
 -0.127095E+02
 -0.128036E+02
 -0.128964E+02
 -0.129886E+02
 -0.130801E+02
 -0.131707E+02
 -0.132615E+02
 -0.133518E+02
 -0.134417E+02
 -0.135313E+02
 -0.136205E+02
 -0.137089E+02
 -0.137972E+02
 -0.138856E+02
 -0.139741E+02
 -0.140625E+02
 -0.141509E+02
 -0.142395E+02
 -0.143280E+02
 -0.144158E+02
 -0.145038E+02
 -0.145916E+02
 -0.146792E+02
 -0.147669E+02
 -0.148550E+02
 -0.149434E+02
 -0.150325E+02
 -0.151219E+02
 -0.152114E+02
 -0.153009E+02
 -0.153904E+02
 -0.154789E+02
 -0.155669E+02
 -0.156546E+02
 -0.157414E+02
 -0.158276E+02
 -0.159136E+02
 -0.159984E+02
 -0.160824E+02
 -0.161658E+02
 -0.162487E+02
 -0.163306E+02
 -0.164117E+02
 -0.164916E+02
 -0.165704E+02
 -0.166479E+02
 -0.167243E+02
 -0.167990E+02
 -0.168725E+02
 -0.169447E+02
 -0.170153E+02
 -0.170836E+02
 -0.171504E+02
 -0.172155E+02
 -0.172793E+02
 -0.173415E+02
 -0.174024E+02
 -0.174618E+02
 -0.175196E+02
 -0.175749E+02
 -0.176279E+02
 -0.176784E+02
 -0.177269E+02
 -0.177724E+02
 -0.178160E+02
 -0.178579E+02
 -0.178975E+02
 -0.179350E+02
 -0.179709E+02
 -0.180043E+02
 -0.180356E+02
 -0.180644E+02
 -0.180915E+02
 -0.181170E+02
 -0.181404E+02
 -0.181615E+02
 -0.181813E+02
 -0.181987E+02
 -0.182141E+02
 -0.182273E+02
 -0.182387E+02
 -0.182489E+02
 -0.182577E+02
 -0.182644E+02
 -0.182703E+02
 -0.182742E+02
 -0.182762E+02
 -0.182764E+02
 -0.182749E+02
 -0.182714E+02
 -0.182666E+02
 -0.182602E+02
 -0.182529E+02
 -0.182444E+02
 -0.182348E+02
 -0.182241E+02
 -0.182126E+02
 -0.182001E+02
 -0.181863E+02
 -0.181706E+02
 -0.181538E+02
 -0.181355E+02
 -0.181160E+02
 -0.180950E+02
 -0.180738E+02
 -0.180520E+02
 -0.180293E+02
 -0.180057E+02
 -0.179816E+02
 -0.179565E+02
 -0.179310E+02
 -0.179043E+02
 -0.178767E+02
 -0.178486E+02
 -0.178194E+02
 -0.177888E+02
 -0.177579E+02
 -0.177255E+02
 -0.176919E+02
 -0.176569E+02
 -0.176211E+02
 -0.175844E+02
 -0.175469E+02
 -0.175082E+02
 -0.174693E+02
 -0.174297E+02
 -0.173895E+02
 -0.173479E+02
 -0.173059E+02
 -0.172626E+02
 -0.172174E+02
 -0.171709E+02
 -0.171235E+02
 -0.170744E+02
 -0.170243E+02
 -0.169727E+02
 -0.169202E+02
 -0.168659E+02
 -0.168104E+02
 -0.167534E+02
 -0.166947E+02
 -0.166350E+02
 -0.165746E+02
 -0.165130E+02
 -0.164510E+02
 -0.163882E+02
 -0.163243E+02
 -0.162588E+02
 -0.161917E+02
 -0.161231E+02
 -0.160537E+02
 -0.159831E+02
 -0.159124E+02
 -0.158413E+02
 -0.157698E+02
 -0.156981E+02
 -0.156261E+02
 -0.155531E+02
 -0.154795E+02
 -0.154052E+02
 -0.153306E+02
 -0.152558E+02
 -0.151807E+02
 -0.151053E+02
 -0.150303E+02
 -0.149552E+02
 -0.148802E+02
 -0.148049E+02
 -0.147298E+02
 -0.146550E+02
 -0.145801E+02
 -0.145052E+02
 -0.144306E+02
 -0.143558E+02
 -0.142810E+02
 -0.142066E+02
 -0.141328E+02
 -0.140595E+02
 -0.139871E+02
 -0.139151E+02
 -0.138436E+02
 -0.137727E+02
 -0.137024E+02
 -0.136325E+02
 -0.135634E+02
 -0.134946E+02
 -0.134269E+02
 -0.133598E+02
 -0.132934E+02
 -0.132276E+02
 -0.131622E+02
 -0.130975E+02
 -0.130331E+02
 -0.129699E+02
 -0.129076E+02
 -0.128458E+02
 -0.127851E+02
 -0.127247E+02
 -0.126644E+02
 -0.126042E+02
 -0.125441E+02
 -0.124841E+02
 -0.124243E+02
 -0.123650E+02
 -0.123061E+02
 -0.122471E+02
 -0.121886E+02
 -0.121302E+02
 -0.120718E+02
 -0.120139E+02
 -0.119564E+02
 -0.118991E+02
 -0.118427E+02
 -0.117867E+02
 -0.117307E+02
 -0.116750E+02
 -0.116197E+02
 -0.115646E+02
 -0.115100E+02
 -0.114560E+02
 -0.114028E+02
 -0.113503E+02
 -0.112988E+02
 -0.112482E+02
 -0.111986E+02
 -0.111500E+02
 -0.111026E+02
 -0.110565E+02
 -0.110113E+02
 -0.109674E+02
 -0.109242E+02
 -0.108817E+02
 -0.108406E+02
 -0.108004E+02
 -0.107618E+02
 -0.107247E+02
 -0.106892E+02
 -0.106553E+02
 -0.106230E+02
 -0.105922E+02
 -0.105627E+02
 -0.105350E+02
 -0.105089E+02
 -0.104844E+02
 -0.104616E+02
 -0.104410E+02
 -0.104222E+02
 -0.104047E+02
 -0.103891E+02
 -0.103752E+02
 -0.103626E+02
 -0.103519E+02
 -0.103433E+02
 -0.103367E+02
 -0.103321E+02
 -0.103296E+02
 -0.103289E+02
 -0.103295E+02
 -0.103318E+02
 -0.103352E+02
 -0.103397E+02
 -0.103456E+02
 -0.103532E+02
 -0.103631E+02
 -0.103747E+02
 -0.103880E+02
 -0.104028E+02
 -0.104186E+02
 -0.104351E+02
 -0.104525E+02
 -0.104706E+02
 -0.104895E+02
 -0.105085E+02
 -0.105279E+02
 -0.105484E+02
 -0.105695E+02
 -0.105907E+02
 -0.106117E+02
 -0.106330E+02
 -0.106544E+02
 -0.106757E+02
 -0.106969E+02
 -0.107187E+02
 -0.107412E+02
 -0.107633E+02
 -0.107848E+02
 -0.108061E+02
 -0.108268E+02
 -0.108473E+02
 -0.108677E+02
 -0.108874E+02
 -0.109069E+02
 -0.109259E+02
 -0.109448E+02
 -0.109635E+02
 -0.109815E+02
 -0.109990E+02
 -0.110159E+02
 -0.110323E+02
 -0.110480E+02
 -0.110633E+02
 -0.110782E+02
 -0.110930E+02
 -0.111077E+02
 -0.111221E+02
 -0.111363E+02
 -0.111501E+02
 -0.111632E+02
 -0.111758E+02
 -0.111881E+02
 -0.112002E+02
 -0.112124E+02
 -0.112248E+02
 -0.112374E+02
 -0.112499E+02
 -0.112624E+02
 -0.112746E+02
 -0.112860E+02
 -0.112972E+02
 -0.113078E+02
 -0.113180E+02
 -0.113281E+02
 -0.113381E+02
 -0.113486E+02
 -0.113594E+02
 -0.113704E+02
 -0.113815E+02
 -0.113919E+02
 -0.114019E+02
 -0.114120E+02
 -0.114219E+02
 -0.114320E+02
 -0.114427E+02
 -0.114542E+02
 -0.114664E+02
 -0.114790E+02
 -0.114921E+02
 -0.115053E+02
 -0.115182E+02
 -0.115315E+02
 -0.115449E+02
 -0.115584E+02
 -0.115733E+02
 -0.115890E+02
 -0.116053E+02
 -0.116229E+02
 -0.116408E+02
 -0.116590E+02
 -0.116776E+02
 -0.116965E+02
 -0.117162E+02
 -0.117362E+02
 -0.117571E+02
 -0.117786E+02
 -0.118005E+02
 -0.118233E+02
 -0.118466E+02
 -0.118699E+02
 -0.118935E+02
 -0.119172E+02
 -0.119409E+02
 -0.119647E+02
 -0.119894E+02
 -0.120146E+02
 -0.120402E+02
 -0.120663E+02
 -0.120924E+02
 -0.121180E+02
 -0.121436E+02
 -0.121686E+02
 -0.121933E+02
 -0.122180E+02
 -0.122423E+02
 -0.122661E+02
 -0.122896E+02
 -0.123128E+02
 -0.123354E+02
 -0.123576E+02
 -0.123798E+02
 -0.124013E+02
 -0.124225E+02
 -0.124439E+02
 -0.124646E+02
 -0.124845E+02
 -0.125044E+02
 -0.125238E+02
 -0.125423E+02
 -0.125605E+02
 -0.125785E+02
 -0.125955E+02
 -0.126121E+02
 -0.126283E+02
 -0.126444E+02
 -0.126599E+02
 -0.126748E+02
 -0.126887E+02
 -0.127022E+02
 -0.127153E+02
 -0.127280E+02
 -0.127399E+02
 -0.127518E+02
 -0.127631E+02
 -0.127736E+02
 -0.127832E+02
 -0.127918E+02
 -0.127992E+02
 -0.128059E+02
 -0.128117E+02
 -0.128166E+02
 -0.128208E+02
 -0.128244E+02
 -0.128271E+02
 -0.128291E+02
 -0.128301E+02
 -0.128298E+02
 -0.128285E+02
 -0.128264E+02
 -0.128233E+02
 -0.128194E+02
 -0.128150E+02
 -0.128100E+02
 -0.128042E+02
 -0.127978E+02
 -0.127904E+02
 -0.127822E+02
 -0.127732E+02
 -0.127631E+02
 -0.127522E+02
 -0.127409E+02
 -0.127293E+02
 -0.127173E+02
 -0.127050E+02
 -0.126925E+02
 -0.126790E+02
 -0.126650E+02
 -0.126506E+02
 -0.126355E+02
 -0.126202E+02
 -0.126053E+02
 -0.125907E+02
 -0.125765E+02
 -0.125627E+02
 -0.125490E+02
 -0.125356E+02
 -0.125229E+02
 -0.125100E+02
 -0.124976E+02
 -0.124857E+02
 -0.124741E+02
 -0.124636E+02
 -0.124538E+02
 -0.124443E+02
 -0.124357E+02
 -0.124280E+02
 -0.124209E+02
 -0.124140E+02
 -0.124080E+02
 -0.124032E+02
 -0.123996E+02
 -0.123978E+02
 -0.123976E+02
 -0.123988E+02
 -0.124019E+02
 -0.124055E+02
 -0.124097E+02
 -0.124151E+02
 -0.124218E+02
 -0.124295E+02
 -0.124387E+02
 -0.124497E+02
 -0.124624E+02
 -0.124767E+02
 -0.124927E+02
 -0.125105E+02
 -0.125300E+02
 -0.125509E+02
 -0.125734E+02
 -0.125975E+02
 -0.126229E+02
 -0.126497E+02
 -0.126785E+02
 -0.127087E+02
 -0.127396E+02
 -0.127715E+02
 -0.128045E+02
 -0.128383E+02
 -0.128739E+02
 -0.129104E+02
 -0.129476E+02
 -0.129857E+02
 -0.130244E+02
 -0.130639E+02
 -0.131040E+02
 -0.131441E+02
 -0.131848E+02
 -0.132263E+02
 -0.132680E+02
 -0.133095E+02
 -0.133510E+02
 -0.133924E+02
 -0.134336E+02
 -0.134743E+02
 -0.135148E+02
 -0.135547E+02
 -0.135940E+02
 -0.136328E+02
 -0.136708E+02
 -0.137078E+02
 -0.137442E+02
 -0.137793E+02
 -0.138135E+02
 -0.138457E+02
 -0.138763E+02
 -0.139057E+02
 -0.139332E+02
 -0.139589E+02
 -0.139831E+02
 -0.140053E+02
 -0.140257E+02
 -0.140438E+02
 -0.140599E+02
 -0.140740E+02
 -0.140863E+02
 -0.140966E+02
 -0.141052E+02
 -0.141124E+02
 -0.141177E+02
 -0.141212E+02
 -0.141232E+02
 -0.141231E+02
 -0.141210E+02
 -0.141171E+02
 -0.141120E+02
 -0.141051E+02
 -0.140970E+02
 -0.140875E+02
 -0.140766E+02
 -0.140644E+02
 -0.140504E+02
 -0.140347E+02
 -0.140181E+02
 -0.140004E+02
 -0.139817E+02
 -0.139620E+02
 -0.139417E+02
 -0.139205E+02
 -0.138986E+02
 -0.138760E+02
 -0.138532E+02
 -0.138296E+02
 -0.138063E+02
 -0.137830E+02
 -0.137597E+02
 -0.137367E+02
 -0.137139E+02
 -0.136910E+02
 -0.136688E+02
 -0.136475E+02
 -0.136269E+02
 -0.136067E+02
 -0.135876E+02
 -0.135684E+02
 -0.135492E+02
 -0.135306E+02
 -0.135125E+02
 -0.134953E+02
 -0.134789E+02
 -0.134633E+02
 -0.134491E+02
 -0.134360E+02
 -0.134235E+02
 -0.134117E+02
 -0.134007E+02
 -0.133903E+02
 -0.133812E+02
 -0.133732E+02
 -0.133668E+02
 -0.133614E+02
 -0.133567E+02
 -0.133530E+02
 -0.133499E+02
 -0.133473E+02
 -0.133455E+02
 -0.133443E+02
 -0.133440E+02
 -0.133447E+02
 -0.133462E+02
 -0.133483E+02
 -0.133514E+02
 -0.133553E+02
 -0.133596E+02
 -0.133641E+02
 -0.133691E+02
 -0.133749E+02
 -0.133812E+02
 -0.133882E+02
 -0.133957E+02
 -0.134034E+02
 -0.134117E+02
 -0.134205E+02
 -0.134301E+02
 -0.134399E+02
 -0.134502E+02
 -0.134608E+02
 -0.134716E+02
 -0.134826E+02
 -0.134940E+02
 -0.135052E+02
 -0.135169E+02
 -0.135288E+02
 -0.135408E+02
 -0.135529E+02
 -0.135653E+02
 -0.135777E+02
 -0.135899E+02
 -0.136019E+02
 -0.136139E+02
 -0.136260E+02
 -0.136387E+02
 -0.136510E+02
 -0.136634E+02
 -0.136754E+02
 -0.136874E+02
 -0.136991E+02
 -0.137105E+02
 -0.137217E+02
 -0.137329E+02
 -0.137438E+02
 -0.137545E+02
 -0.137646E+02
 -0.137748E+02
 -0.137849E+02
 -0.137953E+02
 -0.138058E+02
 -0.138162E+02
 -0.138264E+02
 -0.138364E+02
 -0.138463E+02
 -0.138559E+02
 -0.138645E+02
 -0.138729E+02
 -0.138808E+02
 -0.138883E+02
 -0.138954E+02
 -0.139020E+02
 -0.139084E+02
 -0.139147E+02
 -0.139201E+02
 -0.139251E+02
 -0.139294E+02
 -0.139333E+02
 -0.139369E+02
 -0.139402E+02
 -0.139431E+02
 -0.139457E+02
 -0.139481E+02
 -0.139502E+02
 -0.139516E+02
 -0.139525E+02
 -0.139530E+02
 -0.139534E+02
 -0.139532E+02
 -0.139528E+02
 -0.139520E+02
 -0.139511E+02
 -0.139500E+02
 -0.139488E+02
 -0.139474E+02
 -0.139461E+02
 -0.139445E+02
 -0.139428E+02
 -0.139405E+02
 -0.139384E+02
 -0.139364E+02
 -0.139344E+02
 -0.139323E+02
 -0.139308E+02
 -0.139295E+02
 -0.139282E+02
 -0.139271E+02
 -0.139266E+02
 -0.139265E+02
 -0.139270E+02
 -0.139274E+02
 -0.139279E+02
 -0.139287E+02
 -0.139294E+02
 -0.139297E+02
 -0.139304E+02
 -0.139312E+02
 -0.139321E+02
 -0.139326E+02
 -0.139327E+02
 -0.139325E+02
 -0.139320E+02
 -0.139311E+02
 -0.139299E+02
 -0.139285E+02
 -0.139268E+02
 -0.139247E+02
 -0.139221E+02
 -0.139189E+02
 -0.139154E+02
 -0.139111E+02
 -0.139064E+02
 -0.139012E+02
 -0.138950E+02
 -0.138879E+02
 -0.138801E+02
 -0.138715E+02
 -0.138616E+02
 -0.138507E+02
 -0.138391E+02
 -0.138262E+02
 -0.138122E+02
 -0.137971E+02
 -0.137806E+02
 -0.137629E+02
 -0.137446E+02
 -0.137253E+02
 -0.137047E+02
 -0.136834E+02
 -0.136616E+02
 -0.136384E+02
 -0.136141E+02
 -0.135885E+02
 -0.135619E+02
 -0.135343E+02
 -0.135062E+02
 -0.134774E+02
 -0.134481E+02
 -0.134183E+02
 -0.133881E+02
 -0.133572E+02
 -0.133254E+02
 -0.132930E+02
 -0.132605E+02
 -0.132273E+02
 -0.131939E+02
 -0.131600E+02
 -0.131262E+02
 -0.130927E+02
 -0.130584E+02
 -0.130234E+02
 -0.129886E+02
 -0.129537E+02
 -0.129186E+02
 -0.128837E+02
 -0.128495E+02
 -0.128156E+02
 -0.127822E+02
 -0.127490E+02
 -0.127162E+02
 -0.126839E+02
 -0.126517E+02
 -0.126198E+02
 -0.125887E+02
 -0.125582E+02
 -0.125285E+02
 -0.124995E+02
 -0.124711E+02
 -0.124433E+02
 -0.124160E+02
 -0.123899E+02
 -0.123647E+02
 -0.123398E+02
 -0.123160E+02
 -0.122930E+02
 -0.122709E+02
 -0.122494E+02
 -0.122292E+02
 -0.122102E+02
 -0.121923E+02
 -0.121756E+02
 -0.121598E+02
 -0.121451E+02
 -0.121314E+02
 -0.121185E+02
 -0.121067E+02
 -0.120961E+02
 -0.120869E+02
 -0.120790E+02
 -0.120727E+02
 -0.120675E+02
 -0.120632E+02
 -0.120604E+02
 -0.120580E+02
 -0.120564E+02
 -0.120563E+02
 -0.120571E+02
 -0.120595E+02
 -0.120629E+02
 -0.120673E+02
 -0.120725E+02
 -0.120781E+02
 -0.120843E+02
 -0.120911E+02
 -0.120986E+02
 -0.121067E+02
 -0.121153E+02
 -0.121248E+02
 -0.121347E+02
 -0.121451E+02
 -0.121556E+02
 -0.121662E+02
 -0.121771E+02
 -0.121882E+02
 -0.121994E+02
 -0.122109E+02
 -0.122223E+02
 -0.122338E+02
 -0.122449E+02
 -0.122556E+02
 -0.122658E+02
 -0.122756E+02
 -0.122853E+02
 -0.122946E+02
 -0.123033E+02
 -0.123119E+02
 -0.123197E+02
 -0.123271E+02
 -0.123340E+02
 -0.123404E+02
 -0.123466E+02
 -0.123528E+02
 -0.123586E+02
 -0.123640E+02
 -0.123691E+02
 -0.123734E+02
 -0.123769E+02
 -0.123802E+02
 -0.123830E+02
 -0.123854E+02
 -0.123876E+02
 -0.123900E+02
 -0.123924E+02
 -0.123948E+02
 -0.123978E+02
 -0.124015E+02
 -0.124053E+02
 -0.124095E+02
 -0.124143E+02
 -0.124190E+02
 -0.124239E+02
 -0.124295E+02
 -0.124355E+02
 -0.124421E+02
 -0.124494E+02
 -0.124568E+02
 -0.124644E+02
 -0.124727E+02
 -0.124812E+02
 -0.124898E+02
 -0.124989E+02
 -0.125087E+02
 -0.125188E+02
 -0.125293E+02
 -0.125399E+02
 -0.125499E+02
 -0.125598E+02
 -0.125697E+02
 -0.125791E+02
 -0.125885E+02
 -0.125974E+02
 -0.126065E+02
 -0.126155E+02
 -0.126240E+02
 -0.126322E+02
 -0.126402E+02
 -0.126479E+02
 -0.126556E+02
 -0.126626E+02
 -0.126693E+02
 -0.126759E+02
 -0.126817E+02
 -0.126868E+02
 -0.126916E+02
 -0.126956E+02
 -0.126993E+02
 -0.127026E+02
 -0.127053E+02
 -0.127077E+02
 -0.127096E+02
 -0.127109E+02
 -0.127121E+02
 -0.127130E+02
 -0.127140E+02
 -0.127149E+02
 -0.127158E+02
 -0.127166E+02
 -0.127171E+02
 -0.127173E+02
 -0.127176E+02
 -0.127179E+02
 -0.127187E+02
 -0.127195E+02
 -0.127209E+02
 -0.127229E+02
 -0.127256E+02
 -0.127290E+02
 -0.127329E+02
 -0.127374E+02
 -0.127429E+02
 -0.127491E+02
 -0.127568E+02
 -0.127663E+02
 -0.127771E+02
 -0.127893E+02
 -0.128030E+02
 -0.128175E+02
 -0.128333E+02
 -0.128502E+02
 -0.128684E+02
 -0.128885E+02
 -0.129108E+02
 -0.129352E+02
 -0.129620E+02
 -0.129908E+02
 -0.130218E+02
 -0.130544E+02
 -0.130886E+02
 -0.131247E+02
 -0.131629E+02
 -0.132027E+02
 -0.132449E+02
 -0.132895E+02
 -0.133363E+02
 -0.133853E+02
 -0.134364E+02
 -0.134891E+02
 -0.135436E+02
 -0.135991E+02
 -0.136564E+02
 -0.137149E+02
 -0.137749E+02
 -0.138363E+02
 -0.138993E+02
 -0.139634E+02
 -0.140286E+02
 -0.140951E+02
 -0.141630E+02
 -0.142317E+02
 -0.143016E+02
 -0.143722E+02
 -0.144437E+02
 -0.145160E+02
 -0.145888E+02
 -0.146619E+02
 -0.147357E+02
 -0.148098E+02
 -0.148846E+02
 -0.149596E+02
 -0.150346E+02
 -0.151096E+02
 -0.151847E+02
 -0.152593E+02
 -0.153339E+02
 -0.154082E+02
 -0.154825E+02
 -0.155563E+02
 -0.156297E+02
 -0.157026E+02
 -0.157750E+02
 -0.158459E+02
 -0.159163E+02
 -0.159861E+02
 -0.160550E+02
 -0.161229E+02
 -0.161902E+02
 -0.162569E+02
 -0.163227E+02
 -0.163869E+02
 -0.164502E+02
 -0.165128E+02
 -0.165741E+02
 -0.166341E+02
 -0.166940E+02
 -0.167526E+02
 -0.168100E+02
 -0.168663E+02
 -0.169214E+02
 -0.169750E+02
 -0.170281E+02
 -0.170797E+02
 -0.171306E+02
 -0.171808E+02
 -0.172299E+02
 -0.172778E+02
 -0.173247E+02
 -0.173702E+02
 -0.174150E+02
 -0.174591E+02
 -0.175029E+02
 -0.175458E+02
 -0.175880E+02
 -0.176290E+02
 -0.176694E+02
 -0.177089E+02
 -0.177480E+02
 -0.177861E+02
 -0.178238E+02
 -0.178614E+02
 -0.178986E+02
 -0.179349E+02
 -0.179716E+02
 -0.180074E+02
 -0.180427E+02
 -0.180772E+02
 -0.181117E+02
 -0.181458E+02
 -0.181796E+02
 -0.182128E+02
 -0.182455E+02
 -0.182778E+02
 -0.183099E+02
 -0.183411E+02
 -0.183728E+02
 -0.184042E+02
 -0.184351E+02
 -0.184658E+02
 -0.184965E+02
 -0.185272E+02
 -0.185578E+02
 -0.185876E+02
 -0.186180E+02
 -0.186480E+02
 -0.186777E+02
 -0.187068E+02
 -0.187358E+02
 -0.187645E+02
 -0.187933E+02
 -0.188219E+02
 -0.188510E+02
 -0.188798E+02
 -0.189081E+02
 -0.189352E+02
 -0.189624E+02
 -0.189889E+02
 -0.190152E+02
 -0.190412E+02
 -0.190671E+02
 -0.190927E+02
 -0.191180E+02
 -0.191423E+02
 -0.191660E+02
 -0.191886E+02
 -0.192110E+02
 -0.192318E+02
 -0.192522E+02
 -0.192725E+02
 -0.192916E+02
 -0.193095E+02
 -0.193270E+02
 -0.193434E+02
 -0.193585E+02
 -0.193719E+02
 -0.193850E+02
 -0.193966E+02
 -0.194067E+02
 -0.194153E+02
 -0.194224E+02
 -0.194275E+02
 -0.194310E+02
 -0.194322E+02
 -0.194320E+02
 -0.194298E+02
 -0.194257E+02
 -0.194193E+02
 -0.194114E+02
 -0.194010E+02
 -0.193884E+02
 -0.193735E+02
 -0.193566E+02
 -0.193376E+02
 -0.193165E+02
 -0.192928E+02
 -0.192676E+02
 -0.192396E+02
 -0.192094E+02
 -0.191762E+02
 -0.191404E+02
 -0.191023E+02
 -0.190614E+02
 -0.190176E+02
 -0.189718E+02
 -0.189231E+02
 -0.188723E+02
 -0.188186E+02
 -0.187624E+02
 -0.187038E+02
 -0.186424E+02
 -0.185777E+02
 -0.185112E+02
 -0.184421E+02
 -0.183699E+02
 -0.182945E+02
 -0.182166E+02
 -0.181356E+02
 -0.180519E+02
 -0.179654E+02
 -0.178766E+02
 -0.177852E+02
 -0.176913E+02
 -0.175944E+02
 -0.174952E+02
 -0.173933E+02
 -0.172885E+02
 -0.171811E+02
 -0.170717E+02
 -0.169592E+02
 -0.168448E+02
 -0.167279E+02
 -0.166087E+02
 -0.164874E+02
 -0.163640E+02
 -0.162381E+02
 -0.161103E+02
 -0.159804E+02
 -0.158488E+02
 -0.157147E+02
 -0.155790E+02
 -0.154418E+02
 -0.153028E+02
 -0.151621E+02
 -0.150198E+02
 -0.148759E+02
 -0.147313E+02
 -0.145852E+02
 -0.144381E+02
 -0.142901E+02
 -0.141415E+02
 -0.139921E+02
 -0.138419E+02
 -0.136910E+02
 -0.135395E+02
 -0.133875E+02
 -0.132353E+02
 -0.130824E+02
 -0.129295E+02
 -0.127766E+02
 -0.126246E+02
 -0.124730E+02
 -0.123213E+02
 -0.121696E+02
 -0.120189E+02
 -0.118687E+02
 -0.117188E+02
 -0.115698E+02
 -0.114220E+02
 -0.112750E+02
 -0.111290E+02
 -0.109838E+02
 -0.108398E+02
 -0.106969E+02
 -0.105549E+02
 -0.104143E+02
 -0.102748E+02
 -0.101364E+02
 -0.999931E+01
 -0.986315E+01
 -0.972804E+01
 -0.959424E+01
 -0.946236E+01
 -0.933222E+01
 -0.920330E+01
 -0.907546E+01
 -0.894859E+01
 -0.882353E+01
 -0.869949E+01
 -0.857628E+01
 -0.845503E+01
 -0.833524E+01
 -0.821676E+01
 -0.810003E+01
 -0.798436E+01
 -0.787011E+01
 -0.775708E+01
 -0.764546E+01
 -0.753575E+01
 -0.742740E+01
 -0.732052E+01
 -0.721545E+01
 -0.711167E+01
 -0.700939E+01
 -0.690805E+01
 -0.680794E+01
 -0.670937E+01
 -0.661246E+01
 -0.651706E+01
 -0.642349E+01
 -0.633137E+01
 -0.624105E+01
 -0.615207E+01
 -0.606411E+01
 -0.597781E+01
 -0.589372E+01
 -0.581133E+01
 -0.573045E+01
 -0.565096E+01
 -0.557361E+01
 -0.549766E+01
 -0.542306E+01
 -0.534984E+01
 -0.527835E+01
 -0.520845E+01
 -0.514027E+01
 -0.507369E+01
 -0.500874E+01
 -0.494534E+01
 -0.488369E+01
 -0.482356E+01
 -0.476521E+01
 -0.470807E+01
 -0.465280E+01
 -0.459904E+01
 -0.454686E+01
 -0.449606E+01
 -0.444665E+01
 -0.439883E+01
 -0.435263E+01
 -0.430717E+01
 -0.426329E+01
 -0.422066E+01
 -0.417960E+01
 -0.413951E+01
 -0.410032E+01
 -0.406288E+01
 -0.402734E+01
 -0.399282E+01
 -0.396004E+01
 -0.392804E+01
 -0.389718E+01
 -0.386760E+01
 -0.383893E+01
 -0.381135E+01
 -0.378524E+01
 -0.376036E+01
 -0.373674E+01
 -0.371361E+01
 -0.369165E+01
 -0.367034E+01
 -0.364979E+01
 -0.362973E+01
 -0.361052E+01
 -0.359168E+01
 -0.357384E+01
 -0.355680E+01
 -0.354017E+01
 -0.352359E+01
 -0.350766E+01
 -0.349222E+01
 -0.347738E+01
 -0.346223E+01
 -0.344734E+01
 -0.343295E+01
 -0.341909E+01
 -0.340476E+01
 -0.339067E+01
 -0.337699E+01
 -0.336360E+01
 -0.335002E+01
 -0.333690E+01
 -0.332372E+01
 -0.331087E+01
 -0.329767E+01
 -0.328377E+01
 -0.326961E+01
 -0.325569E+01
 -0.324134E+01
 -0.322701E+01
 -0.321264E+01
 -0.319898E+01
 -0.318511E+01
 -0.317113E+01
 -0.315701E+01
 -0.314295E+01
 -0.312876E+01
 -0.311511E+01
 -0.310189E+01
 -0.308961E+01
 -0.307759E+01
 -0.306639E+01
 -0.305565E+01
 -0.304531E+01
 -0.303530E+01
 -0.302553E+01
 -0.301551E+01
 -0.300652E+01
 -0.299818E+01
 -0.299082E+01
 -0.298455E+01
 -0.297927E+01
 -0.297491E+01
 -0.297171E+01
 -0.296891E+01
 -0.296758E+01
 -0.296676E+01
 -0.296693E+01
 -0.296890E+01
 -0.297252E+01
 -0.297723E+01
 -0.298309E+01
 -0.298965E+01
 -0.299772E+01
 -0.300654E+01
 -0.301681E+01
 -0.302874E+01
 -0.304247E+01
 -0.305756E+01
 -0.307461E+01
 -0.309316E+01
 -0.311356E+01
 -0.313528E+01
 -0.315827E+01
 -0.318298E+01
 -0.320991E+01
 -0.323797E+01
 -0.326755E+01
 -0.329836E+01
 -0.333099E+01
 -0.336460E+01
 -0.339922E+01
 -0.343528E+01
 -0.347305E+01
 -0.351174E+01
 -0.355187E+01
 -0.359347E+01
 -0.363660E+01
 -0.368083E+01
 -0.372627E+01
 -0.377242E+01
 -0.382015E+01
 -0.386845E+01
 -0.391745E+01
 -0.396749E+01
 -0.401855E+01
 -0.407027E+01
 -0.412246E+01
 -0.417484E+01
 -0.422813E+01
 -0.428109E+01
 -0.433414E+01
 -0.438737E+01
 -0.444085E+01
 -0.449417E+01
 -0.454746E+01
 -0.460082E+01
 -0.465436E+01
 -0.470746E+01
 -0.476083E+01
 -0.481375E+01
 -0.486631E+01
 -0.491861E+01
 -0.497067E+01
 -0.502184E+01
 -0.507236E+01
 -0.512215E+01
 -0.517165E+01
 -0.522066E+01
 -0.526936E+01
 -0.531709E+01
 -0.536411E+01
 -0.541069E+01
 -0.545684E+01
 -0.550199E+01
 -0.554670E+01
 -0.559091E+01
 -0.563477E+01
 -0.567785E+01
 -0.572003E+01
 -0.576126E+01
 -0.580223E+01
 -0.584232E+01
 -0.588164E+01
 -0.592065E+01
 -0.595926E+01
 -0.599677E+01
 -0.603351E+01
 -0.606912E+01
 -0.610440E+01
 -0.613920E+01
 -0.617317E+01
 -0.620662E+01
 -0.624023E+01
 -0.627320E+01
 -0.630540E+01
 -0.633695E+01
 -0.636800E+01
 -0.639851E+01
 -0.642894E+01
 -0.645888E+01
 -0.648884E+01
 -0.651864E+01
 -0.654822E+01
 -0.657765E+01
 -0.660688E+01
 -0.663580E+01
 -0.666487E+01
 -0.669378E+01
 -0.672262E+01
 -0.675163E+01
 -0.678106E+01
 -0.681047E+01
 -0.683990E+01
 -0.686893E+01
 -0.689773E+01
 -0.692641E+01
 -0.695540E+01
 -0.698453E+01
 -0.701368E+01
 -0.704234E+01
 -0.707077E+01
 -0.709932E+01
 -0.712794E+01
 -0.715661E+01
 -0.718597E+01
 -0.721547E+01
 -0.724493E+01
 -0.727354E+01
 -0.730140E+01
 -0.732853E+01
 -0.735504E+01
 -0.738114E+01
 -0.740701E+01
 -0.743308E+01
 -0.745953E+01
 -0.748541E+01
 -0.751031E+01
 -0.753400E+01
 -0.755683E+01
 -0.757866E+01
 -0.759983E+01
 -0.762071E+01
 -0.764087E+01
 -0.766015E+01
 -0.767873E+01
 -0.769571E+01
 -0.771173E+01
 -0.772669E+01
 -0.774110E+01
 -0.775520E+01
 -0.776877E+01
 -0.778239E+01
 -0.779561E+01
 -0.780781E+01
 -0.781947E+01
 -0.783006E+01
 -0.784025E+01
 -0.785037E+01
 -0.786064E+01
 -0.787103E+01
 -0.788103E+01
 -0.789052E+01
 -0.789976E+01
 -0.790887E+01
 -0.791835E+01
 -0.792745E+01
 -0.793670E+01
 -0.794651E+01
 -0.795625E+01
 -0.796540E+01
 -0.797441E+01
 -0.798355E+01
 -0.799318E+01
 -0.800332E+01
 -0.801380E+01
 -0.802448E+01
 -0.803569E+01
 -0.804718E+01
 -0.805930E+01
 -0.807194E+01
 -0.808500E+01
 -0.809869E+01
 -0.811283E+01
 -0.812748E+01
 -0.814291E+01
 -0.815869E+01
 -0.817516E+01
 -0.819218E+01
 -0.821025E+01
 -0.822909E+01
 -0.824830E+01
 -0.826859E+01
 -0.828981E+01
 -0.831144E+01
 -0.833386E+01
 -0.835674E+01
 -0.838022E+01
 -0.840433E+01
 -0.842912E+01
 -0.845438E+01
 -0.848059E+01
 -0.850817E+01
 -0.853665E+01
 -0.856521E+01
 -0.859451E+01
 -0.862496E+01
 -0.865623E+01
 -0.868849E+01
 -0.872183E+01
 -0.875590E+01
 -0.879108E+01
 -0.882717E+01
 -0.886382E+01
 -0.890105E+01
 -0.893923E+01
 -0.897849E+01
 -0.901870E+01
 -0.905948E+01
 -0.910095E+01
 -0.914288E+01
 -0.918525E+01
 -0.922847E+01
 -0.927243E+01
 -0.931709E+01
 -0.936296E+01
 -0.940968E+01
 -0.945698E+01
 -0.950503E+01
 -0.955387E+01
 -0.960324E+01
 -0.965310E+01
 -0.970370E+01
 -0.975527E+01
 -0.980779E+01
 -0.986114E+01
 -0.991519E+01
 -0.996979E+01
 -0.100251E+02
 -0.100811E+02
 -0.101379E+02
 -0.101956E+02
 -0.102542E+02
 -0.103134E+02
 -0.103734E+02
 -0.104338E+02
 -0.104942E+02
 -0.105553E+02
 -0.106170E+02
 -0.106790E+02
 -0.107419E+02
 -0.108054E+02
 -0.108694E+02
 -0.109338E+02
 -0.109983E+02
 -0.110627E+02
 -0.111266E+02
 -0.111904E+02
 -0.112546E+02
 -0.113190E+02
 -0.113837E+02
 -0.114489E+02
 -0.115146E+02
 -0.115802E+02
 -0.116453E+02
 -0.117100E+02
 -0.117745E+02
 -0.118391E+02
 -0.119036E+02
 -0.119676E+02
 -0.120314E+02
 -0.120949E+02
 -0.121584E+02
 -0.122216E+02
 -0.122842E+02
 -0.123466E+02
 -0.124088E+02
 -0.124707E+02
 -0.125320E+02
 -0.125926E+02
 -0.126525E+02
 -0.127115E+02
 -0.127699E+02
 -0.128276E+02
 -0.128850E+02
 -0.129416E+02
 -0.129973E+02
 -0.130527E+02
 -0.131073E+02
 -0.131608E+02
 -0.132142E+02
 -0.132667E+02
 -0.133178E+02
 -0.133673E+02
 -0.134160E+02
 -0.134638E+02
 -0.135106E+02
 -0.135569E+02
 -0.136023E+02
 -0.136459E+02
 -0.136880E+02
 -0.137281E+02
 -0.137666E+02
 -0.138036E+02
 -0.138391E+02
 -0.138735E+02
 -0.139066E+02
 -0.139378E+02
 -0.139674E+02
 -0.139948E+02
 -0.140204E+02
 -0.140440E+02
 -0.140661E+02
 -0.140866E+02
 -0.141062E+02
 -0.141245E+02
 -0.141418E+02
 -0.141575E+02
 -0.141715E+02
 -0.141841E+02
 -0.141948E+02
 -0.142037E+02
 -0.142114E+02
 -0.142174E+02
 -0.142220E+02
 -0.142252E+02
 -0.142273E+02
 -0.142278E+02
 -0.142271E+02
 -0.142252E+02
 -0.142221E+02
 -0.142177E+02
 -0.142120E+02
 -0.142049E+02
 -0.141969E+02
 -0.141879E+02
 -0.141785E+02
 -0.141684E+02
 -0.141578E+02
 -0.141464E+02
 -0.141330E+02
 -0.141177E+02
 -0.141013E+02
 -0.140831E+02
 -0.140635E+02
 -0.140437E+02
 -0.140238E+02
 -0.140031E+02
 -0.139817E+02
 -0.139588E+02
 -0.139344E+02
 -0.139088E+02
 -0.138822E+02
 -0.138549E+02
 -0.138270E+02
 -0.137990E+02
 -0.137707E+02
 -0.137409E+02
 -0.137104E+02
 -0.136790E+02
 -0.136464E+02
 -0.136130E+02
 -0.135792E+02
 -0.135442E+02
 -0.135085E+02
 -0.134721E+02
 -0.134348E+02
 -0.133971E+02
 -0.133586E+02
 -0.133197E+02
 -0.132810E+02
 -0.132417E+02
 -0.132020E+02
 -0.131618E+02
 -0.131209E+02
 -0.130794E+02
 -0.130374E+02
 -0.129946E+02
 -0.129524E+02
 -0.129106E+02
 -0.128688E+02
 -0.128266E+02
 -0.127845E+02
 -0.127418E+02
 -0.126988E+02
 -0.126551E+02
 -0.126118E+02
 -0.125694E+02
 -0.125273E+02
 -0.124852E+02
 -0.124438E+02
 -0.124022E+02
 -0.123606E+02
 -0.123194E+02
 -0.122789E+02
 -0.122393E+02
 -0.122010E+02
 -0.121634E+02
 -0.121267E+02
 -0.120907E+02
 -0.120548E+02
 -0.120194E+02
 -0.119855E+02
 -0.119527E+02
 -0.119211E+02
 -0.118904E+02
 -0.118602E+02
 -0.118300E+02
 -0.118000E+02
 -0.117700E+02
 -0.117407E+02
 -0.117124E+02
 -0.116858E+02
 -0.116606E+02
 -0.116360E+02
 -0.116120E+02
 -0.115889E+02
 -0.115661E+02
 -0.115441E+02
 -0.115232E+02
 -0.115032E+02
 -0.114846E+02
 -0.114667E+02
 -0.114490E+02
 -0.114318E+02
 -0.114149E+02
 -0.113990E+02
 -0.113841E+02
 -0.113701E+02
 -0.113564E+02
 -0.113435E+02
 -0.113311E+02
 -0.113188E+02
 -0.113064E+02
 -0.112945E+02
 -0.112834E+02
 -0.112727E+02
 -0.112626E+02
 -0.112531E+02
 -0.112437E+02
 -0.112346E+02
 -0.112260E+02
 -0.112173E+02
 -0.112093E+02
 -0.112022E+02
 -0.111952E+02
 -0.111885E+02
 -0.111819E+02
 -0.111747E+02
 -0.111675E+02
 -0.111606E+02
 -0.111539E+02
 -0.111478E+02
 -0.111423E+02
 -0.111370E+02
 -0.111321E+02
 -0.111274E+02
 -0.111224E+02
 -0.111172E+02
 -0.111120E+02
 -0.111074E+02
 -0.111034E+02
 -0.110999E+02
 -0.110967E+02
 -0.110936E+02
 -0.110903E+02
 -0.110866E+02
 -0.110825E+02
 -0.110783E+02
 -0.110741E+02
 -0.110700E+02
 -0.110657E+02
 -0.110616E+02
 -0.110573E+02
 -0.110529E+02
 -0.110484E+02
 -0.110439E+02
 -0.110394E+02
 -0.110350E+02
 -0.110307E+02
 -0.110267E+02
 -0.110227E+02
 -0.110189E+02
 -0.110147E+02
 -0.110103E+02
 -0.110054E+02
 -0.110001E+02
 -0.109945E+02
 -0.109888E+02
 -0.109833E+02
 -0.109780E+02
 -0.109721E+02
 -0.109657E+02
 -0.109591E+02
 -0.109522E+02
 -0.109447E+02
 -0.109370E+02
 -0.109293E+02
 -0.109213E+02
 -0.109132E+02
 -0.109051E+02
 -0.108964E+02
 -0.108876E+02
 -0.108788E+02
 -0.108694E+02
 -0.108594E+02
 -0.108490E+02
 -0.108385E+02
 -0.108280E+02
 -0.108173E+02
 -0.108071E+02
 -0.107964E+02
 -0.107853E+02
 -0.107740E+02
 -0.107622E+02
 -0.107500E+02
 -0.107377E+02
 -0.107252E+02
 -0.107128E+02
 -0.107001E+02
 -0.106871E+02
 -0.106737E+02
 -0.106600E+02
 -0.106457E+02
 -0.106311E+02
 -0.106162E+02
 -0.106010E+02
 -0.105853E+02
 -0.105693E+02
 -0.105527E+02
 -0.105354E+02
 -0.105175E+02
 -0.104992E+02
 -0.104804E+02
 -0.104610E+02
 -0.104410E+02
 -0.104202E+02
 -0.103986E+02
 -0.103765E+02
 -0.103542E+02
 -0.103318E+02
 -0.103091E+02
 -0.102857E+02
 -0.102618E+02
 -0.102373E+02
 -0.102121E+02
 -0.101865E+02
 -0.101604E+02
 -0.101344E+02
 -0.101083E+02
 -0.100822E+02
 -0.100563E+02
 -0.100301E+02
 -0.100038E+02
 -0.997717E+01
 -0.995017E+01
 -0.992279E+01
 -0.989503E+01
 -0.986748E+01
 -0.983998E+01
 -0.981281E+01
 -0.978582E+01
 -0.975838E+01
 -0.973111E+01
 -0.970376E+01
 -0.967591E+01
 -0.964791E+01
 -0.961956E+01
 -0.959093E+01
 -0.956233E+01
 -0.953404E+01
 -0.950593E+01
 -0.947765E+01
 -0.944967E+01
 -0.942164E+01
 -0.939301E+01
 -0.936384E+01
 -0.933461E+01
 -0.930520E+01
 -0.927492E+01
 -0.924432E+01
 -0.921384E+01
 -0.918336E+01
 -0.915293E+01
 -0.912230E+01
 -0.909166E+01
 -0.906100E+01
 -0.903055E+01
 -0.900000E+01
 -0.896913E+01
 -0.893834E+01
 -0.890753E+01
 -0.887701E+01
 -0.884682E+01
 -0.881648E+01
 -0.878684E+01
 -0.875760E+01
 -0.872809E+01
 -0.869899E+01
 -0.867034E+01
 -0.864201E+01
 -0.861390E+01
 -0.858566E+01
 -0.855778E+01
 -0.853017E+01
 -0.850296E+01
 -0.847634E+01
 -0.844999E+01
 -0.842418E+01
 -0.839878E+01
 -0.837327E+01
 -0.834853E+01
 -0.832465E+01
 -0.830119E+01
 -0.827837E+01
 -0.825648E+01
 -0.823512E+01
 -0.821455E+01
 -0.819494E+01
 -0.817588E+01
 -0.815757E+01
 -0.814036E+01
 -0.812344E+01
 -0.810710E+01
 -0.809139E+01
 -0.807652E+01
 -0.806225E+01
 -0.804806E+01
 -0.803431E+01
 -0.802092E+01
 -0.800788E+01
 -0.799557E+01
 -0.798383E+01
 -0.797309E+01
 -0.796275E+01
 -0.795290E+01
 -0.794350E+01
 -0.793389E+01
 -0.792442E+01
 -0.791556E+01
 -0.790708E+01
 -0.789936E+01
 -0.789189E+01
 -0.788501E+01
 -0.787883E+01
 -0.787280E+01
 -0.786714E+01
 -0.786185E+01
 -0.785693E+01
 -0.785280E+01
 -0.784888E+01
 -0.784538E+01
 -0.784235E+01
 -0.784005E+01
 -0.783804E+01
 -0.783598E+01
 -0.783443E+01
 -0.783323E+01
 -0.783210E+01
 -0.783143E+01
 -0.783099E+01
 -0.783109E+01
 -0.783126E+01
 -0.783172E+01
 -0.783299E+01
 -0.783448E+01
 -0.783631E+01
 -0.783872E+01
 -0.784133E+01
 -0.784467E+01
 -0.784812E+01
 -0.785170E+01
 -0.785588E+01
 -0.786012E+01
 -0.786400E+01
 -0.786799E+01
 -0.787199E+01
 -0.787603E+01
 -0.787987E+01
 -0.788379E+01
 -0.788791E+01
 -0.789225E+01
 -0.789658E+01
 -0.790095E+01
 -0.790493E+01
 -0.790860E+01
 -0.791229E+01
 -0.791594E+01
 -0.791944E+01
 -0.792323E+01
 -0.792735E+01
 -0.793151E+01
 -0.793528E+01
 -0.793933E+01
 -0.794331E+01
 -0.794689E+01
 -0.795039E+01
 -0.795382E+01
 -0.795699E+01
 -0.795995E+01
 -0.796279E+01
 -0.796580E+01
 -0.796850E+01
 -0.797087E+01
 -0.797303E+01
 -0.797527E+01
 -0.797718E+01
 -0.797899E+01
 -0.798101E+01
 -0.798316E+01
 -0.798548E+01
 -0.798757E+01
 -0.798942E+01
 -0.799136E+01
 -0.799289E+01
 -0.799421E+01
 -0.799509E+01
 -0.799600E+01
 -0.799668E+01
 -0.799664E+01
 -0.799635E+01
 -0.799570E+01
 -0.799449E+01
 -0.799323E+01
 -0.799139E+01
 -0.798906E+01
 -0.798630E+01
 -0.798295E+01
 -0.797903E+01
 -0.797442E+01
 -0.796934E+01
 -0.796417E+01
 -0.795821E+01
 -0.795139E+01
 -0.794391E+01
 -0.793599E+01
 -0.792734E+01
 -0.791796E+01
 -0.790787E+01
 -0.789723E+01
 -0.788565E+01
 -0.787354E+01
 -0.786095E+01
 -0.784780E+01
 -0.783398E+01
 -0.781926E+01
 -0.780349E+01
 -0.778662E+01
 -0.776852E+01
 -0.774934E+01
 -0.772875E+01
 -0.770722E+01
 -0.768474E+01
 -0.766121E+01
 -0.763673E+01
 -0.761145E+01
 -0.758558E+01
 -0.755944E+01
 -0.753184E+01
 -0.750294E+01
 -0.747322E+01
 -0.744264E+01
 -0.741130E+01
 -0.737916E+01
 -0.734631E+01
 -0.731322E+01
 -0.727921E+01
 -0.724430E+01
 -0.720844E+01
 -0.717201E+01
 -0.713480E+01
 -0.709679E+01
 -0.705828E+01
 -0.701953E+01
 -0.697997E+01
 -0.693965E+01
 -0.689865E+01
 -0.685684E+01
 -0.681423E+01
 -0.677116E+01
 -0.672718E+01
 -0.668279E+01
 -0.663774E+01
 -0.659212E+01
 -0.654623E+01
 -0.650007E+01
 -0.645324E+01
 -0.640603E+01
 -0.635865E+01
 -0.631086E+01
 -0.626216E+01
 -0.621295E+01
 -0.616288E+01
 -0.611228E+01
 -0.606093E+01
 -0.600864E+01
 -0.595544E+01
 -0.590154E+01
 -0.584666E+01
 -0.579126E+01
 -0.573492E+01
 -0.567766E+01
 -0.561959E+01
 -0.556097E+01
 -0.550137E+01
 -0.544132E+01
 -0.538041E+01
 -0.531813E+01
 -0.525500E+01
 -0.519144E+01
 -0.512634E+01
 -0.506047E+01
 -0.499424E+01
 -0.492749E+01
 -0.485984E+01
 -0.479124E+01
 -0.472183E+01
 -0.465197E+01
 -0.458118E+01
 -0.451025E+01
 -0.443857E+01
 -0.436646E+01
 -0.429378E+01
 -0.422071E+01
 -0.414742E+01
 -0.407404E+01
 -0.399981E+01
 -0.392506E+01
 -0.384968E+01
 -0.377399E+01
 -0.369796E+01
 -0.362198E+01
 -0.354583E+01
 -0.347026E+01
 -0.339502E+01
 -0.332032E+01
 -0.324563E+01
 -0.317149E+01
 -0.309767E+01
 -0.302431E+01
 -0.295197E+01
 -0.288064E+01
 -0.280962E+01
 -0.274034E+01
 -0.267181E+01
 -0.260424E+01
 -0.253787E+01
 -0.247246E+01
 -0.240811E+01
 -0.234557E+01
 -0.228419E+01
 -0.222416E+01
 -0.216541E+01
 -0.210867E+01
 -0.205278E+01
 -0.199839E+01
 -0.194572E+01
 -0.189466E+01
 -0.184527E+01
 -0.179796E+01
 -0.175181E+01
 -0.170747E+01
 -0.166393E+01
 -0.162146E+01
 -0.158037E+01
 -0.154072E+01
 -0.150203E+01
 -0.146491E+01
 -0.142902E+01
 -0.139509E+01
 -0.136163E+01
 -0.132902E+01
 -0.129790E+01
 -0.126793E+01
 -0.123841E+01
 -0.120996E+01
 -0.118213E+01
 -0.115561E+01
 -0.112944E+01
 -0.110392E+01
 -0.107916E+01
 -0.105535E+01
 -0.103155E+01
 -0.100849E+01
 -0.985765E+00
 -0.964028E+00
 -0.942516E+00
 -0.921064E+00
 -0.900145E+00
 -0.880219E+00
 -0.860261E+00
 -0.840954E+00
 -0.821840E+00
 -0.803626E+00
 -0.785383E+00
 -0.767549E+00
 -0.750248E+00
 -0.733374E+00
 -0.716374E+00
 -0.700054E+00
 -0.683699E+00
 -0.668032E+00
 -0.652467E+00
 -0.637315E+00
 -0.622725E+00
 -0.609216E+00
 -0.596549E+00
 -0.585125E+00
 -0.574482E+00
 -0.565287E+00
 -0.556355E+00
 -0.548214E+00
 -0.541074E+00
 -0.535012E+00
 -0.529512E+00
 -0.525479E+00
 -0.522237E+00
 -0.520687E+00
 -0.520051E+00
 -0.520267E+00
 -0.521698E+00
 -0.524760E+00
 -0.528872E+00
 -0.534796E+00
 -0.542123E+00
 -0.551748E+00
 -0.562775E+00
 -0.575670E+00
 -0.590414E+00
 -0.607422E+00
 -0.626146E+00
 -0.646711E+00
 -0.668369E+00
 -0.692018E+00
 -0.716997E+00
 -0.743482E+00
 -0.771824E+00
 -0.801985E+00
 -0.833073E+00
 -0.866179E+00
 -0.900444E+00
 -0.936161E+00
 -0.973230E+00
 -0.101184E+01
 -0.105163E+01
 -0.109323E+01
 -0.113579E+01
 -0.117929E+01
 -0.122356E+01
 -0.126934E+01
 -0.131545E+01
 -0.136204E+01
 -0.140937E+01
 -0.145790E+01
 -0.150648E+01
 -0.155601E+01
 -0.160625E+01
 -0.165699E+01
 -0.170782E+01
 -0.175895E+01
 -0.180993E+01
 -0.186154E+01
 -0.191300E+01
 -0.196472E+01
 -0.201615E+01
 -0.206750E+01
 -0.211834E+01
 -0.216875E+01
 -0.221890E+01
 -0.226923E+01
 -0.231952E+01
 -0.237021E+01
 -0.242025E+01
 -0.247028E+01
 -0.251959E+01
 -0.256828E+01
 -0.261644E+01
 -0.266433E+01
 -0.271177E+01
 -0.275871E+01
 -0.280445E+01
 -0.285045E+01
 -0.289534E+01
 -0.293935E+01
 -0.298321E+01
 -0.302691E+01
 -0.307009E+01
 -0.311290E+01
 -0.315529E+01
 -0.319743E+01
 -0.323830E+01
 -0.327910E+01
 -0.331903E+01
 -0.335790E+01
 -0.339604E+01
 -0.343353E+01
 -0.346956E+01
 -0.350488E+01
 -0.353917E+01
 -0.357240E+01
 -0.360488E+01
 -0.363722E+01
 -0.366852E+01
 -0.369918E+01
 -0.372945E+01
 -0.375969E+01
 -0.378876E+01
 -0.381736E+01
 -0.384534E+01
 -0.387256E+01
 -0.389898E+01
 -0.392448E+01
 -0.394914E+01
 -0.397408E+01
 -0.399819E+01
 -0.402155E+01
 -0.404456E+01
 -0.406761E+01
 -0.409008E+01
 -0.411247E+01
 -0.413456E+01
 -0.415649E+01
 -0.417797E+01
 -0.419894E+01
 -0.421948E+01
 -0.424031E+01
 -0.426075E+01
 -0.428104E+01
 -0.430091E+01
 -0.432097E+01
 -0.434049E+01
 -0.435971E+01
 -0.437931E+01
 -0.439896E+01
 -0.441804E+01
 -0.443715E+01
 -0.445613E+01
 -0.447535E+01
 -0.449440E+01
 -0.451370E+01
 -0.453291E+01
 -0.455212E+01
 -0.457142E+01
 -0.459062E+01
 -0.460954E+01
 -0.462899E+01
 -0.464805E+01
 -0.466709E+01
 -0.468666E+01
 -0.470666E+01
 -0.472633E+01
 -0.474648E+01
 -0.476710E+01
 -0.478794E+01
 -0.480849E+01
 -0.482942E+01
 -0.485052E+01
 -0.487228E+01
 -0.489446E+01
 -0.491704E+01
 -0.494010E+01
 -0.496377E+01
 -0.498774E+01
 -0.501204E+01
 -0.503606E+01
 -0.506102E+01
 -0.508643E+01
 -0.511157E+01
 -0.513708E+01
 -0.516329E+01
 -0.518879E+01
 -0.521444E+01
 -0.524076E+01
 -0.526698E+01
 -0.529304E+01
 -0.531952E+01
 -0.534577E+01
 -0.537207E+01
 -0.539803E+01
 -0.542415E+01
 -0.545008E+01
 -0.547618E+01
 -0.550240E+01
 -0.552873E+01
 -0.555508E+01
 -0.558135E+01
 -0.560711E+01
 -0.563247E+01
 -0.565737E+01
 -0.568193E+01
 -0.570584E+01
 -0.572931E+01
 -0.575212E+01
 -0.577461E+01
 -0.579636E+01
 -0.581770E+01
 -0.583861E+01
 -0.585925E+01
 -0.587940E+01
 -0.589895E+01
 -0.591783E+01
 -0.593614E+01
 -0.595352E+01
 -0.597031E+01
 -0.598622E+01
 -0.600174E+01
 -0.601668E+01
 -0.603074E+01
 -0.604382E+01
 -0.605635E+01
 -0.606760E+01
 -0.607749E+01
 -0.608616E+01
 -0.609375E+01
 -0.610014E+01
 -0.610574E+01
 -0.611032E+01
 -0.611442E+01
 -0.611771E+01
 -0.612008E+01
 -0.612185E+01
 -0.612316E+01
 -0.612368E+01
 -0.612390E+01
 -0.612346E+01
 -0.612243E+01
 -0.612040E+01
 -0.611782E+01
 -0.611491E+01
 -0.611136E+01
 -0.610749E+01
 -0.610353E+01
 -0.609883E+01
 -0.609449E+01
 -0.608994E+01
 -0.608477E+01
 -0.607948E+01
 -0.607417E+01
 -0.606828E+01
 -0.606222E+01
 -0.605633E+01
 -0.605085E+01
 -0.604527E+01
 -0.604000E+01
 -0.603504E+01
 -0.603080E+01
 -0.602679E+01
 -0.602308E+01
 -0.601974E+01
 -0.601698E+01
 -0.601461E+01
 -0.601271E+01
 -0.601133E+01
 -0.601073E+01
 -0.601064E+01
 -0.601127E+01
 -0.601178E+01
 -0.601274E+01
 -0.601369E+01
 -0.601443E+01
 -0.601583E+01
 -0.601760E+01
 -0.601965E+01
 -0.602289E+01
 -0.602667E+01
 -0.603100E+01
 -0.603533E+01
 -0.604002E+01
 -0.604494E+01
 -0.604999E+01
 -0.605527E+01
 -0.606131E+01
 -0.606786E+01
 -0.607502E+01
 -0.608257E+01
 -0.609060E+01
 -0.609933E+01
 -0.610889E+01
 -0.611842E+01
 -0.612840E+01
 -0.613873E+01
 -0.614947E+01
 -0.616074E+01
 -0.617258E+01
 -0.618493E+01
 -0.619816E+01
 -0.621175E+01
 -0.622597E+01
 -0.624075E+01
 -0.625636E+01
 -0.627247E+01
 -0.628868E+01
 -0.630501E+01
 -0.632173E+01
 -0.633845E+01
 -0.635521E+01
 -0.637229E+01
 -0.639041E+01
 -0.640858E+01
 -0.642701E+01
 -0.644591E+01
 -0.646499E+01
 -0.648407E+01
 -0.650314E+01
 -0.652244E+01
 -0.654224E+01
 -0.656136E+01
 -0.658073E+01
 -0.660022E+01
 -0.661956E+01
 -0.663922E+01
 -0.665908E+01
 -0.667856E+01
 -0.669792E+01
 -0.671681E+01
 -0.673522E+01
 -0.675343E+01
 -0.677176E+01
 -0.678987E+01
 -0.680826E+01
 -0.682653E+01
 -0.684484E+01
 -0.686326E+01
 -0.688178E+01
 -0.690008E+01
 -0.691841E+01
 -0.693677E+01
 -0.695473E+01
 -0.697207E+01
 -0.698921E+01
 -0.700620E+01
 -0.702342E+01
 -0.704044E+01
 -0.705753E+01
 -0.707465E+01
 -0.709169E+01
 -0.710870E+01
 -0.712578E+01
 -0.714257E+01
 -0.715945E+01
 -0.717634E+01
 -0.719339E+01
 -0.721052E+01
 -0.722741E+01
 -0.724401E+01
 -0.726110E+01
 -0.727788E+01
 -0.729395E+01
 -0.730965E+01
 -0.732488E+01
 -0.733981E+01
 -0.735511E+01
 -0.737008E+01
 -0.738538E+01
 -0.740063E+01
 -0.741540E+01
 -0.743041E+01
 -0.744533E+01
 -0.745974E+01
 -0.747385E+01
 -0.748759E+01
 -0.750171E+01
 -0.751553E+01
 -0.752900E+01
 -0.754234E+01
 -0.755527E+01
 -0.756789E+01
 -0.758027E+01
 -0.759203E+01
 -0.760368E+01
 -0.761518E+01
 -0.762697E+01
 -0.763883E+01
 -0.765088E+01
 -0.766282E+01
 -0.767423E+01
 -0.768543E+01
 -0.769651E+01
 -0.770692E+01
 -0.771681E+01
 -0.772602E+01
 -0.773497E+01
 -0.774334E+01
 -0.775116E+01
 -0.775900E+01
 -0.776699E+01
 -0.777494E+01
 -0.778298E+01
 -0.779073E+01
 -0.779819E+01
 -0.780506E+01
 -0.781144E+01
 -0.781711E+01
 -0.782230E+01
 -0.782737E+01
 -0.783183E+01
 -0.783609E+01
 -0.784052E+01
 -0.784419E+01
 -0.784755E+01
 -0.785033E+01
 -0.785295E+01
 -0.785512E+01
 -0.785645E+01
 -0.785793E+01
 -0.785931E+01
 -0.785987E+01
 -0.786051E+01
 -0.786085E+01
 -0.786037E+01
 -0.785918E+01
 -0.785720E+01
 -0.785417E+01
 -0.785078E+01
 -0.784683E+01
 -0.784229E+01
 -0.783757E+01
 -0.783264E+01
 -0.782711E+01
 -0.782102E+01
 -0.781401E+01
 -0.780658E+01
 -0.779862E+01
 -0.778976E+01
 -0.778047E+01
 -0.777064E+01
 -0.775994E+01
 -0.774904E+01
 -0.773768E+01
 -0.772570E+01
 -0.771288E+01
 -0.769957E+01
 -0.768567E+01
 -0.767129E+01
 -0.765647E+01
 -0.764070E+01
 -0.762423E+01
 -0.760708E+01
 -0.758877E+01
 -0.757023E+01
 -0.755106E+01
 -0.753173E+01
 -0.751243E+01
 -0.749247E+01
 -0.747227E+01
 -0.745214E+01
 -0.743168E+01
 -0.741113E+01
 -0.739043E+01
 -0.736968E+01
 -0.734846E+01
 -0.732686E+01
 -0.730467E+01
 -0.728230E+01
 -0.725964E+01
 -0.723663E+01
 -0.721358E+01
 -0.719040E+01
 -0.716697E+01
 -0.714363E+01
 -0.712015E+01
 -0.709677E+01
 -0.707327E+01
 -0.704979E+01
 -0.702593E+01
 -0.700217E+01
 -0.697822E+01
 -0.695374E+01
 -0.692931E+01
 -0.690521E+01
 -0.688088E+01
 -0.685663E+01
 -0.683233E+01
 -0.680793E+01
 -0.678286E+01
 -0.675708E+01
 -0.673077E+01
 -0.670399E+01
 -0.667660E+01
 -0.664887E+01
 -0.662078E+01
 -0.659270E+01
 -0.656411E+01
 -0.653539E+01
 -0.650660E+01
 -0.647712E+01
 -0.644733E+01
 -0.641725E+01
 -0.638634E+01
 -0.635551E+01
 -0.632391E+01
 -0.629185E+01
 -0.626008E+01
 -0.622790E+01
 -0.619477E+01
 -0.616133E+01
 -0.612755E+01
 -0.609356E+01
 -0.605923E+01
 -0.602484E+01
 -0.599047E+01
 -0.595637E+01
 -0.592205E+01
 -0.588806E+01
 -0.585402E+01
 -0.581996E+01
 -0.578591E+01
 -0.575137E+01
 -0.571671E+01
 -0.568267E+01
 -0.564843E+01
 -0.561445E+01
 -0.558076E+01
 -0.554748E+01
 -0.551442E+01
 -0.548182E+01
 -0.544957E+01
 -0.541792E+01
 -0.538665E+01
 -0.535559E+01
 -0.532431E+01
 -0.529342E+01
 -0.526240E+01
 -0.523126E+01
 -0.520048E+01
 -0.517039E+01
 -0.514031E+01
 -0.511045E+01
 -0.508065E+01
 -0.505135E+01
 -0.502198E+01
 -0.499246E+01
 -0.496286E+01
 -0.493353E+01
 -0.490418E+01
 -0.487529E+01
 -0.484652E+01
 -0.481819E+01
 -0.479012E+01
 -0.476217E+01
 -0.473431E+01
 -0.470675E+01
 -0.467884E+01
 -0.465156E+01
 -0.462453E+01
 -0.459781E+01
 -0.457143E+01
 -0.454504E+01
 -0.451897E+01
 -0.449346E+01
 -0.446740E+01
 -0.444177E+01
 -0.441631E+01
 -0.439133E+01
 -0.436662E+01
 -0.434204E+01
 -0.431826E+01
 -0.429535E+01
 -0.427270E+01
 -0.425093E+01
 -0.422929E+01
 -0.420872E+01
 -0.418874E+01
 -0.416918E+01
 -0.415048E+01
 -0.413269E+01
 -0.411494E+01
 -0.409785E+01
 -0.408115E+01
 -0.406475E+01
 -0.404869E+01
 -0.403327E+01
 -0.401819E+01
 -0.400391E+01
 -0.399005E+01
 -0.397665E+01
 -0.396376E+01
 -0.395225E+01
 -0.394089E+01
 -0.392998E+01
 -0.391980E+01
 -0.391042E+01
 -0.390141E+01
 -0.389295E+01
 -0.388472E+01
 -0.387719E+01
 -0.387005E+01
 -0.386313E+01
 -0.385622E+01
 -0.384971E+01
 -0.384312E+01
 -0.383697E+01
 -0.383068E+01
 -0.382465E+01
 -0.381871E+01
 -0.381286E+01
 -0.380748E+01
 -0.380263E+01
 -0.379750E+01
 -0.379294E+01
 -0.378843E+01
 -0.378426E+01
 -0.378015E+01
 -0.377610E+01
 -0.377226E+01
 -0.376933E+01
 -0.376685E+01
 -0.376491E+01
 -0.376362E+01
 -0.376316E+01
 -0.376247E+01
 -0.376202E+01
 -0.376190E+01
 -0.376225E+01
 -0.376260E+01
 -0.376368E+01
 -0.376526E+01
 -0.376757E+01
 -0.377021E+01
 -0.377354E+01
 -0.377809E+01
 -0.378375E+01
 -0.378929E+01
 -0.379563E+01
 -0.380231E+01
 -0.380947E+01
 -0.381754E+01
 -0.382635E+01
 -0.383563E+01
 -0.384572E+01
 -0.385606E+01
 -0.386691E+01
 -0.387761E+01
 -0.388887E+01
 -0.389993E+01
 -0.391118E+01
 -0.392323E+01
 -0.393542E+01
 -0.394751E+01
 -0.396024E+01
 -0.397267E+01
 -0.398549E+01
 -0.399806E+01
 -0.401011E+01
 -0.402203E+01
 -0.403402E+01
 -0.404551E+01
 -0.405679E+01
 -0.406738E+01
 -0.407790E+01
 -0.408762E+01
 -0.409642E+01
 -0.410511E+01
 -0.411370E+01
 -0.412148E+01
 -0.412863E+01
 -0.413441E+01
 -0.413957E+01
 -0.414301E+01
 -0.414514E+01
 -0.414685E+01
 -0.414760E+01
 -0.414727E+01
 -0.414682E+01
 -0.414539E+01
 -0.414339E+01
 -0.414020E+01
 -0.413641E+01
 -0.413266E+01
 -0.412804E+01
 -0.412264E+01
 -0.411727E+01
 -0.411051E+01
 -0.410330E+01
 -0.409494E+01
 -0.408528E+01
 -0.407516E+01
 -0.406464E+01
 -0.405337E+01
 -0.404179E+01
 -0.402981E+01
 -0.401801E+01
 -0.400596E+01
 -0.399421E+01
 -0.398236E+01
 -0.397118E+01
 -0.396009E+01
 -0.394864E+01
 -0.393693E+01
 -0.392530E+01
 -0.391321E+01
 -0.390103E+01
 -0.388875E+01
 -0.387696E+01
 -0.386537E+01
 -0.385430E+01
 -0.384374E+01
 -0.383433E+01
 -0.382492E+01
 -0.381546E+01
 -0.380650E+01
 -0.379805E+01
 -0.378966E+01
 -0.378223E+01
 -0.377554E+01
 -0.376971E+01
 -0.376430E+01
 -0.375964E+01
 -0.375603E+01
 -0.375396E+01
 -0.375220E+01
 -0.375106E+01
 -0.375087E+01
 -0.375139E+01
 -0.375211E+01
 -0.375372E+01
 -0.375595E+01
 -0.375932E+01
 -0.376325E+01
 -0.376766E+01
 -0.377282E+01
 -0.377897E+01
 -0.378540E+01
 -0.379251E+01
 -0.379974E+01
 -0.380740E+01
 -0.381527E+01
 -0.382345E+01
 -0.383152E+01
 -0.383988E+01
 -0.384808E+01
 -0.385634E+01
 -0.386447E+01
 -0.387261E+01
 -0.388039E+01
 -0.388831E+01
 -0.389601E+01
 -0.390379E+01
 -0.391145E+01
 -0.391855E+01
 -0.392488E+01
 -0.393095E+01
 -0.393548E+01
 -0.393895E+01
 -0.394143E+01
 -0.394273E+01
 -0.394278E+01
 -0.394167E+01
 -0.393912E+01
 -0.393585E+01
 -0.393133E+01
 -0.392586E+01
 -0.391934E+01
 -0.391208E+01
 -0.390291E+01
 -0.389235E+01
 -0.388107E+01
 -0.386833E+01
 -0.385392E+01
 -0.383859E+01
 -0.382175E+01
 -0.380419E+01
 -0.378504E+01
 -0.376474E+01
 -0.374351E+01
 -0.372095E+01
 -0.369709E+01
 -0.367259E+01
 -0.364714E+01
 -0.362130E+01
 -0.359484E+01
 -0.356787E+01
 -0.354000E+01
 -0.351174E+01
 -0.348204E+01
 -0.345126E+01
 -0.341958E+01
 -0.338676E+01
 -0.335355E+01
 -0.332017E+01
 -0.328625E+01
 -0.325293E+01
 -0.321896E+01
 -0.318497E+01
 -0.315058E+01
 -0.311594E+01
 -0.308120E+01
 -0.304600E+01
 -0.301077E+01
 -0.297591E+01
 -0.294059E+01
 -0.290549E+01
 -0.287043E+01
 -0.283605E+01
 -0.280124E+01
 -0.276653E+01
 -0.273223E+01
 -0.269802E+01
 -0.266383E+01
 -0.263012E+01
 -0.259610E+01
 -0.256271E+01
 -0.252900E+01
 -0.249503E+01
 -0.246142E+01
 -0.242805E+01
 -0.239473E+01
 -0.236207E+01
 -0.232887E+01
 -0.229650E+01
 -0.226452E+01
 -0.223225E+01
 -0.220056E+01
 -0.216946E+01
 -0.213773E+01
 -0.210662E+01
 -0.207500E+01
 -0.204350E+01
 -0.201220E+01
 -0.198065E+01
 -0.194938E+01
 -0.191843E+01
 -0.188670E+01
 -0.185517E+01
 -0.182344E+01
 -0.179224E+01
 -0.176077E+01
 -0.172883E+01
 -0.169667E+01
 -0.166433E+01
 -0.163118E+01
 -0.159783E+01
 -0.156386E+01
 -0.153031E+01
 -0.149655E+01
 -0.146284E+01
 -0.142938E+01
 -0.139637E+01
 -0.136289E+01
 -0.132957E+01
 -0.129589E+01
 -0.126193E+01
 -0.122758E+01
 -0.119335E+01
 -0.115929E+01
 -0.112526E+01
 -0.109042E+01
 -0.105610E+01
 -0.102132E+01
 -0.986664E+00
 -0.951824E+00
 -0.917053E+00
 -0.882592E+00
 -0.848390E+00
 -0.813879E+00
 -0.779800E+00
 -0.746072E+00
 -0.713536E+00
 -0.680829E+00
 -0.648515E+00
 -0.617133E+00
 -0.586752E+00
 -0.556401E+00
 -0.527029E+00
 -0.498189E+00
 -0.470118E+00
 -0.442416E+00
 -0.415219E+00
 -0.388339E+00
 -0.362610E+00
 -0.337135E+00
 -0.312374E+00
 -0.288126E+00
 -0.265179E+00
 -0.242948E+00
 -0.221572E+00
 -0.201060E+00
 -0.181831E+00
 -0.162960E+00
 -0.145210E+00
 -0.128362E+00
 -0.112856E+00
 -0.974483E-01
 -0.821953E-01
 -0.675755E-01
 -0.540380E-01
 -0.404568E-01
 -0.277462E-01
 -0.153875E-01
 -0.399208E-02
  0.703621E-02
  0.179472E-01
  0.288458E-01
  0.387421E-01
  0.484295E-01
  0.576410E-01
  0.674686E-01
  0.771294E-01
  0.869493E-01
  0.971422E-01
  0.107413E+00
  0.117478E+00
  0.128221E+00
  0.138860E+00
  0.150072E+00
  0.160877E+00
  0.172300E+00
  0.184287E+00
  0.196014E+00
  0.207286E+00
  0.219782E+00
  0.232543E+00
  0.246235E+00
  0.260161E+00
  0.275040E+00
  0.290978E+00
  0.307100E+00
  0.323108E+00
  0.340080E+00
  0.357326E+00
  0.375778E+00
  0.394652E+00
  0.414572E+00
  0.435122E+00
  0.456474E+00
  0.477739E+00
  0.499868E+00
  0.522854E+00
  0.546827E+00
  0.571146E+00
  0.596661E+00
  0.623184E+00
  0.650557E+00
  0.678511E+00
  0.708173E+00
  0.738098E+00
  0.768869E+00
  0.800098E+00
  0.832690E+00
  0.866283E+00
  0.900159E+00
  0.934669E+00
  0.970385E+00
  0.100598E+01
  0.104305E+01
  0.108014E+01
  0.111817E+01
  0.115701E+01
  0.119605E+01
  0.123548E+01
  0.127596E+01
  0.131702E+01
  0.135928E+01
  0.140140E+01
  0.144461E+01
  0.148872E+01
  0.153317E+01
  0.157699E+01
  0.162184E+01
  0.166717E+01
  0.171302E+01
  0.175912E+01
  0.180627E+01
  0.185404E+01
  0.190235E+01
  0.195051E+01
  0.199949E+01
  0.204841E+01
  0.209752E+01
  0.214624E+01
  0.219535E+01
  0.224428E+01
  0.229343E+01
  0.234242E+01
  0.239188E+01
  0.244111E+01
  0.249103E+01
  0.254048E+01
  0.259061E+01
  0.264067E+01
  0.269018E+01
  0.273911E+01
  0.278793E+01
  0.283608E+01
  0.288422E+01
  0.293120E+01
  0.297871E+01
  0.302604E+01
  0.307250E+01
  0.311767E+01
  0.316282E+01
  0.320703E+01
  0.325070E+01
  0.329339E+01
  0.333597E+01
  0.337784E+01
  0.341918E+01
  0.345898E+01
  0.349812E+01
  0.353602E+01
  0.357341E+01
  0.360945E+01
  0.364493E+01
  0.367964E+01
  0.371337E+01
  0.374527E+01
  0.377663E+01
  0.380639E+01
  0.383523E+01
  0.386233E+01
  0.388879E+01
  0.391390E+01
  0.393758E+01
  0.395956E+01
  0.398070E+01
  0.400010E+01
  0.401823E+01
  0.403396E+01
  0.404886E+01
  0.406223E+01
  0.407398E+01
  0.408395E+01
  0.409305E+01
  0.410081E+01
  0.410760E+01
  0.411186E+01
  0.411557E+01
  0.411828E+01
  0.411944E+01
  0.411851E+01
  0.411644E+01
  0.411285E+01
  0.410818E+01
  0.410134E+01
  0.409349E+01
  0.408420E+01
  0.407393E+01
  0.406182E+01
  0.404860E+01
  0.403395E+01
  0.401863E+01
  0.400153E+01
  0.398428E+01
  0.396605E+01
  0.394624E+01
  0.392505E+01
  0.390369E+01
  0.388111E+01
  0.385810E+01
  0.383365E+01
  0.380926E+01
  0.378450E+01
  0.375914E+01
  0.373269E+01
  0.370607E+01
  0.367889E+01
  0.365189E+01
  0.362367E+01
  0.359570E+01
  0.356727E+01
  0.353828E+01
  0.350911E+01
  0.348004E+01
  0.345040E+01
  0.342118E+01
  0.339130E+01
  0.336221E+01
  0.333310E+01
  0.330383E+01
  0.327421E+01
  0.324557E+01
  0.321709E+01
  0.318918E+01
  0.316070E+01
  0.313268E+01
  0.310521E+01
  0.307834E+01
  0.305099E+01
  0.302380E+01
  0.299671E+01
  0.297059E+01
  0.294397E+01
  0.291798E+01
  0.289189E+01
  0.286566E+01
  0.283960E+01
  0.281417E+01
  0.278812E+01
  0.276214E+01
  0.273531E+01
  0.270905E+01
  0.268295E+01
  0.265614E+01
  0.262869E+01
  0.260191E+01
  0.257479E+01
  0.254781E+01
  0.251997E+01
  0.249225E+01
  0.246430E+01
  0.243571E+01
  0.240606E+01
  0.237636E+01
  0.234554E+01
  0.231465E+01
  0.228323E+01
  0.225185E+01
  0.222017E+01
  0.218841E+01
  0.215616E+01
  0.212386E+01
  0.209058E+01
  0.205766E+01
  0.202436E+01
  0.199134E+01
  0.195833E+01
  0.192523E+01
  0.189132E+01
  0.185774E+01
  0.182424E+01
  0.179074E+01
  0.175651E+01
  0.172305E+01
  0.168958E+01
  0.165615E+01
  0.162266E+01
  0.158968E+01
  0.155673E+01
  0.152467E+01
  0.149246E+01
  0.146108E+01
  0.143044E+01
  0.139997E+01
  0.136923E+01
  0.133924E+01
  0.130922E+01
  0.127949E+01
  0.124960E+01
  0.122097E+01
  0.119276E+01
  0.116453E+01
  0.113633E+01
  0.110879E+01
  0.108118E+01
  0.105394E+01
  0.102640E+01
  0.999654E+00
  0.973132E+00
  0.946516E+00
  0.919660E+00
  0.893404E+00
  0.866979E+00
  0.841059E+00
  0.815008E+00
  0.789217E+00
  0.763247E+00
  0.737094E+00
  0.710326E+00
  0.683603E+00
  0.656668E+00
  0.629922E+00
  0.602861E+00
  0.576186E+00
  0.549473E+00
  0.522650E+00
  0.495331E+00
  0.468264E+00
  0.440758E+00
  0.413209E+00
  0.385046E+00
  0.357108E+00
  0.329155E+00
  0.300891E+00
  0.272021E+00
  0.243084E+00
  0.213740E+00
  0.184824E+00
  0.155587E+00
  0.126637E+00
  0.978689E-01
  0.691883E-01
  0.403250E-01
  0.115800E-01
 -0.173730E-01
 -0.459948E-01
 -0.749205E-01
 -0.103132E+00
 -0.131115E+00
 -0.159160E+00
 -0.187180E+00
 -0.214717E+00
 -0.242217E+00
 -0.269071E+00
 -0.295514E+00
 -0.321213E+00
 -0.346478E+00
 -0.371088E+00
 -0.395531E+00
 -0.419169E+00
 -0.442339E+00
 -0.464750E+00
 -0.486561E+00
 -0.507335E+00
 -0.527252E+00
 -0.546432E+00
 -0.565131E+00
 -0.582765E+00
 -0.599966E+00
 -0.616321E+00
 -0.632227E+00
 -0.647151E+00
 -0.661084E+00
 -0.674292E+00
 -0.686853E+00
 -0.698366E+00
 -0.709335E+00
 -0.719473E+00
 -0.729204E+00
 -0.737910E+00
 -0.745913E+00
 -0.753393E+00
 -0.760465E+00
 -0.766828E+00
 -0.772642E+00
 -0.777724E+00
 -0.782554E+00
 -0.786552E+00
 -0.789938E+00
 -0.792841E+00
 -0.795471E+00
 -0.797449E+00
 -0.799085E+00
 -0.800213E+00
 -0.801190E+00
 -0.801489E+00
 -0.801241E+00
 -0.800657E+00
 -0.799964E+00
 -0.798759E+00
 -0.797463E+00
 -0.795847E+00
 -0.794165E+00
 -0.792008E+00
 -0.789520E+00
 -0.786815E+00
 -0.783928E+00
 -0.780565E+00
 -0.777094E+00
 -0.773260E+00
 -0.769430E+00
 -0.765234E+00
 -0.760814E+00
 -0.756267E+00
 -0.751690E+00
 -0.746751E+00
 -0.741648E+00
 -0.736288E+00
 -0.730968E+00
 -0.725333E+00
 -0.719661E+00
 -0.713957E+00
 -0.708287E+00
 -0.702321E+00
 -0.696314E+00
 -0.690106E+00
 -0.683965E+00
 -0.677577E+00
 -0.671049E+00
 -0.664545E+00
 -0.658146E+00
 -0.651486E+00
 -0.644904E+00
 -0.638180E+00
 -0.631525E+00
 -0.624700E+00
 -0.617797E+00
 -0.610917E+00
 -0.604200E+00
 -0.597297E+00
 -0.590451E+00
 -0.583527E+00
 -0.576672E+00
 -0.569680E+00
 -0.562621E+00
 -0.555592E+00
 -0.548727E+00
 -0.541715E+00
 -0.534794E+00
 -0.527857E+00
 -0.520994E+00
 -0.514013E+00
 -0.507057E+00
 -0.500075E+00
 -0.493226E+00
 -0.486316E+00
 -0.479466E+00
 -0.472550E+00
 -0.465769E+00
 -0.458928E+00
 -0.452105E+00
 -0.445362E+00
 -0.438796E+00
 -0.432136E+00
 -0.425556E+00
 -0.418939E+00
 -0.412400E+00
 -0.405791E+00
 -0.399230E+00
 -0.392751E+00
 -0.386436E+00
 -0.380063E+00
 -0.373779E+00
 -0.367469E+00
 -0.361265E+00
 -0.355012E+00
 -0.348780E+00
 -0.342635E+00
 -0.336617E+00
 -0.330548E+00
 -0.324581E+00
 -0.318584E+00
 -0.312708E+00
 -0.306802E+00
 -0.300909E+00
 -0.295095E+00
 -0.289417E+00
 -0.283705E+00
 -0.278085E+00
 -0.272468E+00
 -0.266967E+00
 -0.261443E+00
 -0.255953E+00
 -0.250522E+00
 -0.245209E+00
 -0.239887E+00
 -0.234657E+00
 -0.229446E+00
 -0.224344E+00
 -0.219241E+00
 -0.214189E+00
 -0.209204E+00
 -0.204347E+00
 -0.199504E+00
 -0.194762E+00
 -0.190051E+00
 -0.185460E+00
 -0.180882E+00
 -0.176343E+00
 -0.171887E+00
 -0.167551E+00
 -0.163232E+00
 -0.159009E+00
 -0.154826E+00
 -0.150757E+00
 -0.146709E+00
 -0.142724E+00
 -0.138822E+00
 -0.135027E+00
 -0.131257E+00
 -0.127580E+00
 -0.123944E+00
 -0.120417E+00
 -0.116917E+00
 -0.113473E+00
 -0.110106E+00
 -0.106839E+00
 -0.103601E+00
 -0.100446E+00
 -0.973337E-01
 -0.943151E-01
 -0.913272E-01
 -0.883954E-01
 -0.855307E-01
 -0.827552E-01
 -0.800135E-01
 -0.773485E-01
 -0.747247E-01
 -0.721848E-01
 -0.696750E-01
 -0.672144E-01
 -0.648162E-01
 -0.624951E-01
 -0.602059E-01
 -0.579837E-01
 -0.558017E-01
 -0.536916E-01
 -0.516134E-01
 -0.495824E-01
 -0.476054E-01
 -0.456960E-01
 -0.438179E-01
 -0.419978E-01
 -0.402156E-01
 -0.384952E-01
 -0.368061E-01
 -0.351598E-01
 -0.335613E-01
 -0.320192E-01
 -0.305077E-01
 -0.290460E-01
 -0.276193E-01
 -0.262448E-01
 -0.249007E-01
 -0.235952E-01
 -0.223314E-01
 -0.211152E-01
 -0.199290E-01
 -0.187860E-01
 -0.176760E-01
 -0.166101E-01
 -0.155744E-01
 -0.145731E-01
 -0.136103E-01
 -0.126887E-01
 -0.117970E-01
 -0.109433E-01
 -0.101213E-01
 -0.933750E-02
 -0.858363E-02
 -0.786281E-02
 -0.717604E-02
 -0.652504E-02
 -0.590395E-02
 -0.531676E-02
 -0.476032E-02
 -0.423771E-02
 -0.374489E-02
 -0.328336E-02
 -0.285342E-02
 -0.245565E-02
 -0.208751E-02
 -0.175047E-02
 -0.144331E-02
 -0.116687E-02
 -0.919815E-03
 -0.702562E-03
 -0.514968E-03
 -0.356929E-03
 -0.227895E-03
 -0.127940E-03
 -0.567180E-04
 -0.141454E-04
  0.000000E+00
