    10.00   0.0250    15600    -9.40   147.16     123.91      4957      0.229275
  0.000000E+00
  0.193997E-05
  0.785009E-05
  0.180188E-04
  0.329692E-04
  0.529737E-04
  0.776469E-04
  0.107629E-03
  0.143759E-03
  0.186176E-03
  0.234181E-03
  0.287412E-03
  0.345246E-03
  0.409121E-03
  0.479860E-03
  0.557362E-03
  0.638111E-03
  0.722121E-03
  0.812666E-03
  0.919703E-03
  0.102707E-02
  0.112837E-02
  0.123532E-02
  0.134476E-02
  0.145062E-02
  0.155967E-02
  0.167071E-02
  0.178926E-02
  0.190346E-02
  0.200555E-02
  0.210071E-02
  0.221602E-02
  0.231400E-02
  0.236424E-02
  0.240880E-02
  0.247747E-02
  0.249700E-02
  0.249676E-02
  0.254181E-02
  0.256966E-02
  0.257303E-02
  0.256086E-02
  0.250280E-02
  0.250061E-02
  0.248893E-02
  0.241821E-02
  0.232681E-02
  0.220665E-02
  0.206389E-02
  0.191705E-02
  0.173419E-02
  0.156321E-02
  0.138346E-02
  0.119745E-02
  0.976016E-03
  0.729593E-03
  0.460581E-03
  0.121962E-03
 -0.226823E-03
 -0.587874E-03
 -0.980898E-03
 -0.134528E-02
 -0.183921E-02
 -0.231754E-02
 -0.278208E-02
 -0.330689E-02
 -0.383853E-02
 -0.438686E-02
 -0.492612E-02
 -0.540045E-02
 -0.592782E-02
 -0.650319E-02
 -0.694347E-02
 -0.738828E-02
 -0.803059E-02
 -0.859259E-02
 -0.913232E-02
 -0.956369E-02
 -0.100338E-01
 -0.105940E-01
 -0.110515E-01
 -0.116026E-01
 -0.121452E-01
 -0.124887E-01
 -0.127553E-01
 -0.128959E-01
 -0.131754E-01
 -0.134615E-01
 -0.137525E-01
 -0.139732E-01
 -0.140038E-01
 -0.140685E-01
 -0.141898E-01
 -0.142146E-01
 -0.141484E-01
 -0.139147E-01
 -0.137494E-01
 -0.135498E-01
 -0.130611E-01
 -0.125453E-01
 -0.121693E-01
 -0.116370E-01
 -0.109133E-01
 -0.101368E-01
 -0.981018E-02
 -0.950882E-02
 -0.893690E-02
 -0.836268E-02
 -0.784508E-02
 -0.717045E-02
 -0.688952E-02
 -0.694528E-02
 -0.667537E-02
 -0.642214E-02
 -0.620777E-02
 -0.583470E-02
 -0.577181E-02
 -0.569117E-02
 -0.583293E-02
 -0.604375E-02
 -0.619083E-02
 -0.686645E-02
 -0.796879E-02
 -0.884814E-02
 -0.964745E-02
 -0.105818E-01
 -0.118759E-01
 -0.132285E-01
 -0.147073E-01
 -0.164550E-01
 -0.181832E-01
 -0.197663E-01
 -0.216200E-01
 -0.237546E-01
 -0.263270E-01
 -0.288111E-01
 -0.314806E-01
 -0.343903E-01
 -0.372092E-01
 -0.404080E-01
 -0.437235E-01
 -0.470915E-01
 -0.503549E-01
 -0.535545E-01
 -0.576926E-01
 -0.609079E-01
 -0.639343E-01
 -0.675582E-01
 -0.705172E-01
 -0.734996E-01
 -0.764922E-01
 -0.791661E-01
 -0.819959E-01
 -0.846740E-01
 -0.870809E-01
 -0.888736E-01
 -0.907198E-01
 -0.928219E-01
 -0.944803E-01
 -0.952669E-01
 -0.954738E-01
 -0.952795E-01
 -0.949976E-01
 -0.940249E-01
 -0.925903E-01
 -0.913056E-01
 -0.901638E-01
 -0.881681E-01
 -0.855032E-01
 -0.825087E-01
 -0.794183E-01
 -0.759922E-01
 -0.718138E-01
 -0.679162E-01
 -0.639502E-01
 -0.589895E-01
 -0.546342E-01
 -0.501984E-01
 -0.453557E-01
 -0.406353E-01
 -0.363051E-01
 -0.315215E-01
 -0.263682E-01
 -0.213133E-01
 -0.161504E-01
 -0.109755E-01
 -0.617027E-02
 -0.199799E-02
  0.240821E-02
  0.698397E-02
  0.102222E-01
  0.133062E-01
  0.155113E-01
  0.174488E-01
  0.192613E-01
  0.205417E-01
  0.217781E-01
  0.217413E-01
  0.205748E-01
  0.197158E-01
  0.186937E-01
  0.169892E-01
  0.140127E-01
  0.110726E-01
  0.809688E-02
  0.479503E-02
  0.121480E-02
 -0.308173E-02
 -0.774430E-02
 -0.123580E-01
 -0.176099E-01
 -0.235984E-01
 -0.303520E-01
 -0.372584E-01
 -0.441896E-01
 -0.510101E-01
 -0.588780E-01
 -0.669574E-01
 -0.742707E-01
 -0.812281E-01
 -0.888309E-01
 -0.964111E-01
 -0.103253E+00
 -0.109539E+00
 -0.115654E+00
 -0.121696E+00
 -0.127699E+00
 -0.132502E+00
 -0.136828E+00
 -0.141158E+00
 -0.145067E+00
 -0.148317E+00
 -0.151402E+00
 -0.153416E+00
 -0.154451E+00
 -0.155013E+00
 -0.155453E+00
 -0.155440E+00
 -0.155550E+00
 -0.154118E+00
 -0.150617E+00
 -0.147149E+00
 -0.144058E+00
 -0.140511E+00
 -0.136922E+00
 -0.132880E+00
 -0.127519E+00
 -0.121987E+00
 -0.117539E+00
 -0.111828E+00
 -0.105658E+00
 -0.993716E-01
 -0.936658E-01
 -0.887189E-01
 -0.828523E-01
 -0.769207E-01
 -0.716423E-01
 -0.653660E-01
 -0.596869E-01
 -0.539583E-01
 -0.467859E-01
 -0.389187E-01
 -0.319434E-01
 -0.251291E-01
 -0.189102E-01
 -0.131569E-01
 -0.661068E-02
 -0.168667E-03
  0.470463E-02
  0.946536E-02
  0.147449E-01
  0.199276E-01
  0.239911E-01
  0.282071E-01
  0.326964E-01
  0.362030E-01
  0.381645E-01
  0.404057E-01
  0.426933E-01
  0.438771E-01
  0.444574E-01
  0.454808E-01
  0.462707E-01
  0.478359E-01
  0.487303E-01
  0.481604E-01
  0.484037E-01
  0.491817E-01
  0.488581E-01
  0.490237E-01
  0.495907E-01
  0.499996E-01
  0.487782E-01
  0.484002E-01
  0.485667E-01
  0.466529E-01
  0.459563E-01
  0.467191E-01
  0.461712E-01
  0.463068E-01
  0.476374E-01
  0.500863E-01
  0.496848E-01
  0.484542E-01
  0.500677E-01
  0.504994E-01
  0.495218E-01
  0.495380E-01
  0.487671E-01
  0.489905E-01
  0.503061E-01
  0.503211E-01
  0.494489E-01
  0.497221E-01
  0.497058E-01
  0.496768E-01
  0.504221E-01
  0.502229E-01
  0.471195E-01
  0.458689E-01
  0.463516E-01
  0.439162E-01
  0.414699E-01
  0.411476E-01
  0.395229E-01
  0.400633E-01
  0.420070E-01
  0.414683E-01
  0.416259E-01
  0.426408E-01
  0.434981E-01
  0.468322E-01
  0.490904E-01
  0.517293E-01
  0.555580E-01
  0.588647E-01
  0.644744E-01
  0.710563E-01
  0.760522E-01
  0.806566E-01
  0.858188E-01
  0.942034E-01
  0.100475E+00
  0.104945E+00
  0.112242E+00
  0.118327E+00
  0.125734E+00
  0.135792E+00
  0.141871E+00
  0.149462E+00
  0.157902E+00
  0.165664E+00
  0.176118E+00
  0.184409E+00
  0.189959E+00
  0.196056E+00
  0.201266E+00
  0.207088E+00
  0.212018E+00
  0.216036E+00
  0.220767E+00
  0.224906E+00
  0.228372E+00
  0.232560E+00
  0.235256E+00
  0.237196E+00
  0.239233E+00
  0.242658E+00
  0.245905E+00
  0.247251E+00
  0.248016E+00
  0.249449E+00
  0.251083E+00
  0.252701E+00
  0.252472E+00
  0.251777E+00
  0.252034E+00
  0.250835E+00
  0.249424E+00
  0.249670E+00
  0.247144E+00
  0.245959E+00
  0.245601E+00
  0.243267E+00
  0.241145E+00
  0.237358E+00
  0.233799E+00
  0.230714E+00
  0.226000E+00
  0.223942E+00
  0.219255E+00
  0.213660E+00
  0.210105E+00
  0.204627E+00
  0.200279E+00
  0.195801E+00
  0.189013E+00
  0.184586E+00
  0.178874E+00
  0.172447E+00
  0.168240E+00
  0.162714E+00
  0.155855E+00
  0.150660E+00
  0.145784E+00
  0.139971E+00
  0.132874E+00
  0.126809E+00
  0.120240E+00
  0.112315E+00
  0.104520E+00
  0.970244E-01
  0.876751E-01
  0.785475E-01
  0.691824E-01
  0.586758E-01
  0.493555E-01
  0.374465E-01
  0.237141E-01
  0.127926E-01
  0.162697E-02
 -0.100908E-01
 -0.247278E-01
 -0.394826E-01
 -0.527411E-01
 -0.659742E-01
 -0.799255E-01
 -0.975008E-01
 -0.116148E+00
 -0.132823E+00
 -0.152075E+00
 -0.171836E+00
 -0.191032E+00
 -0.213575E+00
 -0.237596E+00
 -0.260553E+00
 -0.285321E+00
 -0.310476E+00
 -0.336527E+00
 -0.363798E+00
 -0.390731E+00
 -0.419119E+00
 -0.447967E+00
 -0.475919E+00
 -0.507748E+00
 -0.540845E+00
 -0.572909E+00
 -0.605216E+00
 -0.638578E+00
 -0.674461E+00
 -0.710077E+00
 -0.742532E+00
 -0.777874E+00
 -0.816222E+00
 -0.854636E+00
 -0.891169E+00
 -0.927705E+00
 -0.968538E+00
 -0.100872E+01
 -0.104802E+01
 -0.108977E+01
 -0.113144E+01
 -0.117696E+01
 -0.122178E+01
 -0.126462E+01
 -0.131099E+01
 -0.135812E+01
 -0.140463E+01
 -0.145282E+01
 -0.150201E+01
 -0.155222E+01
 -0.160322E+01
 -0.165609E+01
 -0.171095E+01
 -0.176572E+01
 -0.182148E+01
 -0.187972E+01
 -0.193561E+01
 -0.199072E+01
 -0.204654E+01
 -0.210273E+01
 -0.215893E+01
 -0.221311E+01
 -0.226918E+01
 -0.232618E+01
 -0.238002E+01
 -0.243678E+01
 -0.249474E+01
 -0.255046E+01
 -0.260701E+01
 -0.266346E+01
 -0.271909E+01
 -0.277565E+01
 -0.283189E+01
 -0.288880E+01
 -0.294566E+01
 -0.300191E+01
 -0.305942E+01
 -0.311748E+01
 -0.317470E+01
 -0.323382E+01
 -0.329337E+01
 -0.335213E+01
 -0.341219E+01
 -0.347310E+01
 -0.353547E+01
 -0.359737E+01
 -0.365809E+01
 -0.372052E+01
 -0.378245E+01
 -0.384408E+01
 -0.390602E+01
 -0.396787E+01
 -0.402914E+01
 -0.409054E+01
 -0.415313E+01
 -0.421652E+01
 -0.427981E+01
 -0.434176E+01
 -0.440397E+01
 -0.446733E+01
 -0.452993E+01
 -0.459417E+01
 -0.465937E+01
 -0.472375E+01
 -0.478715E+01
 -0.485199E+01
 -0.491860E+01
 -0.498329E+01
 -0.505006E+01
 -0.511771E+01
 -0.518387E+01
 -0.525225E+01
 -0.531954E+01
 -0.538922E+01
 -0.545941E+01
 -0.552632E+01
 -0.559553E+01
 -0.566560E+01
 -0.573601E+01
 -0.580707E+01
 -0.587884E+01
 -0.595150E+01
 -0.602247E+01
 -0.609442E+01
 -0.616786E+01
 -0.624043E+01
 -0.631338E+01
 -0.638695E+01
 -0.646168E+01
 -0.653745E+01
 -0.661288E+01
 -0.669101E+01
 -0.677087E+01
 -0.685176E+01
 -0.693527E+01
 -0.701808E+01
 -0.710217E+01
 -0.719040E+01
 -0.727823E+01
 -0.736648E+01
 -0.745840E+01
 -0.755186E+01
 -0.764740E+01
 -0.774335E+01
 -0.784091E+01
 -0.794187E+01
 -0.804332E+01
 -0.814695E+01
 -0.825206E+01
 -0.835629E+01
 -0.846128E+01
 -0.857015E+01
 -0.867941E+01
 -0.878863E+01
 -0.890121E+01
 -0.901483E+01
 -0.913001E+01
 -0.924614E+01
 -0.936544E+01
 -0.948742E+01
 -0.960957E+01
 -0.973101E+01
 -0.985573E+01
 -0.998299E+01
 -0.101104E+02
 -0.102424E+02
 -0.103750E+02
 -0.105076E+02
 -0.106427E+02
 -0.107803E+02
 -0.109189E+02
 -0.110591E+02
 -0.112036E+02
 -0.113495E+02
 -0.114970E+02
 -0.116463E+02
 -0.118002E+02
 -0.119555E+02
 -0.121115E+02
 -0.122726E+02
 -0.124339E+02
 -0.125976E+02
 -0.127666E+02
 -0.129360E+02
 -0.131108E+02
 -0.132873E+02
 -0.134637E+02
 -0.136448E+02
 -0.138275E+02
 -0.140145E+02
 -0.142058E+02
 -0.143965E+02
 -0.145911E+02
 -0.147899E+02
 -0.149922E+02
 -0.151972E+02
 -0.154051E+02
 -0.156163E+02
 -0.158287E+02
 -0.160462E+02
 -0.162649E+02
 -0.164818E+02
 -0.167059E+02
 -0.169313E+02
 -0.171593E+02
 -0.173914E+02
 -0.176238E+02
 -0.178590E+02
 -0.180962E+02
 -0.183363E+02
 -0.185806E+02
 -0.188267E+02
 -0.190765E+02
 -0.193279E+02
 -0.195817E+02
 -0.198381E+02
 -0.200968E+02
 -0.203581E+02
 -0.206227E+02
 -0.208892E+02
 -0.211595E+02
 -0.214339E+02
 -0.217092E+02
 -0.219854E+02
 -0.222668E+02
 -0.225482E+02
 -0.228330E+02
 -0.231215E+02
 -0.234129E+02
 -0.237067E+02
 -0.240012E+02
 -0.243000E+02
 -0.246000E+02
 -0.249007E+02
 -0.252063E+02
 -0.255106E+02
 -0.258182E+02
 -0.261275E+02
 -0.264371E+02
 -0.267493E+02
 -0.270624E+02
 -0.273746E+02
 -0.276878E+02
 -0.280020E+02
 -0.283169E+02
 -0.286292E+02
 -0.289442E+02
 -0.292599E+02
 -0.295721E+02
 -0.298815E+02
 -0.301930E+02
 -0.305029E+02
 -0.308101E+02
 -0.311153E+02
 -0.314197E+02
 -0.317204E+02
 -0.320187E+02
 -0.323128E+02
 -0.326042E+02
 -0.328944E+02
 -0.331821E+02
 -0.334642E+02
 -0.337444E+02
 -0.340207E+02
 -0.342937E+02
 -0.345599E+02
 -0.348229E+02
 -0.350841E+02
 -0.353412E+02
 -0.355932E+02
 -0.358408E+02
 -0.360828E+02
 -0.363237E+02
 -0.365596E+02
 -0.367915E+02
 -0.370194E+02
 -0.372434E+02
 -0.374624E+02
 -0.376793E+02
 -0.378913E+02
 -0.381004E+02
 -0.383050E+02
 -0.385050E+02
 -0.386998E+02
 -0.388903E+02
 -0.390738E+02
 -0.392520E+02
 -0.394216E+02
 -0.395864E+02
 -0.397454E+02
 -0.398982E+02
 -0.400430E+02
 -0.401821E+02
 -0.403143E+02
 -0.404399E+02
 -0.405582E+02
 -0.406713E+02
 -0.407747E+02
 -0.408721E+02
 -0.409621E+02
 -0.410439E+02
 -0.411183E+02
 -0.411869E+02
 -0.412473E+02
 -0.413015E+02
 -0.413463E+02
 -0.413834E+02
 -0.414132E+02
 -0.414383E+02
 -0.414539E+02
 -0.414634E+02
 -0.414664E+02
 -0.414646E+02
 -0.414559E+02
 -0.414400E+02
 -0.414167E+02
 -0.413863E+02
 -0.413469E+02
 -0.413017E+02
 -0.412483E+02
 -0.411903E+02
 -0.411234E+02
 -0.410501E+02
 -0.409699E+02
 -0.408808E+02
 -0.407812E+02
 -0.406749E+02
 -0.405606E+02
 -0.404388E+02
 -0.403073E+02
 -0.401710E+02
 -0.400268E+02
 -0.398728E+02
 -0.397099E+02
 -0.395414E+02
 -0.393659E+02
 -0.391845E+02
 -0.389938E+02
 -0.387988E+02
 -0.385977E+02
 -0.383899E+02
 -0.381765E+02
 -0.379584E+02
 -0.377354E+02
 -0.375111E+02
 -0.372798E+02
 -0.370450E+02
 -0.368087E+02
 -0.365695E+02
 -0.363258E+02
 -0.360807E+02
 -0.358317E+02
 -0.355816E+02
 -0.353283E+02
 -0.350727E+02
 -0.348156E+02
 -0.345557E+02
 -0.342929E+02
 -0.340298E+02
 -0.337627E+02
 -0.334949E+02
 -0.332238E+02
 -0.329511E+02
 -0.326770E+02
 -0.323997E+02
 -0.321191E+02
 -0.318376E+02
 -0.315539E+02
 -0.312697E+02
 -0.309822E+02
 -0.306945E+02
 -0.304068E+02
 -0.301180E+02
 -0.298267E+02
 -0.295365E+02
 -0.292466E+02
 -0.289562E+02
 -0.286656E+02
 -0.283777E+02
 -0.280891E+02
 -0.278002E+02
 -0.275131E+02
 -0.272293E+02
 -0.269460E+02
 -0.266647E+02
 -0.263862E+02
 -0.261132E+02
 -0.258428E+02
 -0.255755E+02
 -0.253122E+02
 -0.250537E+02
 -0.247982E+02
 -0.245482E+02
 -0.243033E+02
 -0.240648E+02
 -0.238340E+02
 -0.236089E+02
 -0.233893E+02
 -0.231788E+02
 -0.229743E+02
 -0.227795E+02
 -0.225941E+02
 -0.224183E+02
 -0.222525E+02
 -0.220959E+02
 -0.219490E+02
 -0.218110E+02
 -0.216803E+02
 -0.215599E+02
 -0.214469E+02
 -0.213428E+02
 -0.212468E+02
 -0.211578E+02
 -0.210775E+02
 -0.210070E+02
 -0.209424E+02
 -0.208849E+02
 -0.208341E+02
 -0.207912E+02
 -0.207566E+02
 -0.207286E+02
 -0.207058E+02
 -0.206907E+02
 -0.206819E+02
 -0.206787E+02
 -0.206806E+02
 -0.206896E+02
 -0.207039E+02
 -0.207232E+02
 -0.207481E+02
 -0.207794E+02
 -0.208155E+02
 -0.208556E+02
 -0.208994E+02
 -0.209508E+02
 -0.210065E+02
 -0.210655E+02
 -0.211312E+02
 -0.212039E+02
 -0.212802E+02
 -0.213612E+02
 -0.214467E+02
 -0.215382E+02
 -0.216345E+02
 -0.217366E+02
 -0.218430E+02
 -0.219544E+02
 -0.220726E+02
 -0.221967E+02
 -0.223232E+02
 -0.224567E+02
 -0.225951E+02
 -0.227379E+02
 -0.228864E+02
 -0.230392E+02
 -0.231964E+02
 -0.233578E+02
 -0.235181E+02
 -0.236838E+02
 -0.238525E+02
 -0.240205E+02
 -0.241911E+02
 -0.243635E+02
 -0.245355E+02
 -0.247084E+02
 -0.248801E+02
 -0.250523E+02
 -0.252239E+02
 -0.253950E+02
 -0.255648E+02
 -0.257338E+02
 -0.258993E+02
 -0.260666E+02
 -0.262329E+02
 -0.263952E+02
 -0.265582E+02
 -0.267208E+02
 -0.268781E+02
 -0.270358E+02
 -0.271918E+02
 -0.273445E+02
 -0.274948E+02
 -0.276443E+02
 -0.277898E+02
 -0.279322E+02
 -0.280689E+02
 -0.282005E+02
 -0.283266E+02
 -0.284473E+02
 -0.285616E+02
 -0.286690E+02
 -0.287706E+02
 -0.288674E+02
 -0.289535E+02
 -0.290316E+02
 -0.291010E+02
 -0.291620E+02
 -0.292124E+02
 -0.292536E+02
 -0.292847E+02
 -0.293040E+02
 -0.293122E+02
 -0.293136E+02
 -0.293035E+02
 -0.292831E+02
 -0.292533E+02
 -0.292156E+02
 -0.291698E+02
 -0.291164E+02
 -0.290541E+02
 -0.289858E+02
 -0.289075E+02
 -0.288214E+02
 -0.287291E+02
 -0.286283E+02
 -0.285183E+02
 -0.284042E+02
 -0.282819E+02
 -0.281478E+02
 -0.280054E+02
 -0.278568E+02
 -0.276961E+02
 -0.275277E+02
 -0.273498E+02
 -0.271636E+02
 -0.269683E+02
 -0.267637E+02
 -0.265508E+02
 -0.263266E+02
 -0.260933E+02
 -0.258543E+02
 -0.256051E+02
 -0.253480E+02
 -0.250853E+02
 -0.248159E+02
 -0.245363E+02
 -0.242531E+02
 -0.239622E+02
 -0.236641E+02
 -0.233596E+02
 -0.230478E+02
 -0.227314E+02
 -0.224095E+02
 -0.220803E+02
 -0.217454E+02
 -0.214057E+02
 -0.210613E+02
 -0.207109E+02
 -0.203562E+02
 -0.199949E+02
 -0.196307E+02
 -0.192629E+02
 -0.188918E+02
 -0.185152E+02
 -0.181368E+02
 -0.177603E+02
 -0.173809E+02
 -0.170001E+02
 -0.166209E+02
 -0.162400E+02
 -0.158607E+02
 -0.154826E+02
 -0.151054E+02
 -0.147290E+02
 -0.143554E+02
 -0.139846E+02
 -0.136135E+02
 -0.132441E+02
 -0.128800E+02
 -0.125182E+02
 -0.121587E+02
 -0.118018E+02
 -0.114506E+02
 -0.111036E+02
 -0.107611E+02
 -0.104255E+02
 -0.100964E+02
 -0.977388E+01
 -0.945809E+01
 -0.914952E+01
 -0.884782E+01
 -0.855218E+01
 -0.826310E+01
 -0.797879E+01
 -0.770059E+01
 -0.742658E+01
 -0.715767E+01
 -0.689561E+01
 -0.663670E+01
 -0.638101E+01
 -0.613080E+01
 -0.588571E+01
 -0.564479E+01
 -0.540955E+01
 -0.518052E+01
 -0.495581E+01
 -0.473602E+01
 -0.451835E+01
 -0.430112E+01
 -0.408865E+01
 -0.387941E+01
 -0.366946E+01
 -0.346194E+01
 -0.325972E+01
 -0.306109E+01
 -0.286141E+01
 -0.266118E+01
 -0.246374E+01
 -0.226625E+01
 -0.206825E+01
 -0.186880E+01
 -0.166892E+01
 -0.147121E+01
 -0.127263E+01
 -0.107173E+01
 -0.870226E+00
 -0.668336E+00
 -0.463302E+00
 -0.255266E+00
 -0.469012E-01
  0.163242E+00
  0.374339E+00
  0.587829E+00
  0.801971E+00
  0.101402E+01
  0.122572E+01
  0.143797E+01
  0.164903E+01
  0.185649E+01
  0.206150E+01
  0.226595E+01
  0.246757E+01
  0.266811E+01
  0.286524E+01
  0.305948E+01
  0.325403E+01
  0.344479E+01
  0.363135E+01
  0.381855E+01
  0.400588E+01
  0.419239E+01
  0.437599E+01
  0.456141E+01
  0.474883E+01
  0.493503E+01
  0.512198E+01
  0.531110E+01
  0.550064E+01
  0.568997E+01
  0.587928E+01
  0.607278E+01
  0.627003E+01
  0.646646E+01
  0.666218E+01
  0.686133E+01
  0.706456E+01
  0.727254E+01
  0.748084E+01
  0.769392E+01
  0.791441E+01
  0.813970E+01
  0.836846E+01
  0.860044E+01
  0.884007E+01
  0.908928E+01
  0.933979E+01
  0.959350E+01
  0.985605E+01
  0.101251E+02
  0.103963E+02
  0.106705E+02
  0.109490E+02
  0.112340E+02
  0.115205E+02
  0.118095E+02
  0.121020E+02
  0.123990E+02
  0.126994E+02
  0.130015E+02
  0.133050E+02
  0.136129E+02
  0.139233E+02
  0.142355E+02
  0.145502E+02
  0.148698E+02
  0.151913E+02
  0.155136E+02
  0.158399E+02
  0.161709E+02
  0.165020E+02
  0.168404E+02
  0.171822E+02
  0.175230E+02
  0.178683E+02
  0.182184E+02
  0.185672E+02
  0.189178E+02
  0.192685E+02
  0.196205E+02
  0.199727E+02
  0.203234E+02
  0.206723E+02
  0.210205E+02
  0.213676E+02
  0.217150E+02
  0.220558E+02
  0.223964E+02
  0.227373E+02
  0.230747E+02
  0.234098E+02
  0.237415E+02
  0.240684E+02
  0.243943E+02
  0.247143E+02
  0.250301E+02
  0.253403E+02
  0.256451E+02
  0.259453E+02
  0.262417E+02
  0.265304E+02
  0.268152E+02
  0.270931E+02
  0.273670E+02
  0.276353E+02
  0.278980E+02
  0.281558E+02
  0.284112E+02
  0.286623E+02
  0.289092E+02
  0.291504E+02
  0.293899E+02
  0.296233E+02
  0.298510E+02
  0.300743E+02
  0.302945E+02
  0.305079E+02
  0.307194E+02
  0.309258E+02
  0.311269E+02
  0.313253E+02
  0.315188E+02
  0.317017E+02
  0.318830E+02
  0.320583E+02
  0.322268E+02
  0.323864E+02
  0.325370E+02
  0.326830E+02
  0.328207E+02
  0.329418E+02
  0.330557E+02
  0.331622E+02
  0.332589E+02
  0.333425E+02
  0.334192E+02
  0.334894E+02
  0.335498E+02
  0.335995E+02
  0.336430E+02
  0.336782E+02
  0.337083E+02
  0.337278E+02
  0.337413E+02
  0.337490E+02
  0.337484E+02
  0.337420E+02
  0.337306E+02
  0.337087E+02
  0.336819E+02
  0.336466E+02
  0.336054E+02
  0.335595E+02
  0.335070E+02
  0.334450E+02
  0.333777E+02
  0.333015E+02
  0.332185E+02
  0.331268E+02
  0.330278E+02
  0.329216E+02
  0.328085E+02
  0.326844E+02
  0.325534E+02
  0.324135E+02
  0.322652E+02
  0.321071E+02
  0.319414E+02
  0.317682E+02
  0.315893E+02
  0.314000E+02
  0.312019E+02
  0.309951E+02
  0.307837E+02
  0.305613E+02
  0.303296E+02
  0.300945E+02
  0.298514E+02
  0.295953E+02
  0.293344E+02
  0.290631E+02
  0.287856E+02
  0.285011E+02
  0.282077E+02
  0.279093E+02
  0.276046E+02
  0.272923E+02
  0.269772E+02
  0.266547E+02
  0.263306E+02
  0.260022E+02
  0.256713E+02
  0.253387E+02
  0.250016E+02
  0.246626E+02
  0.243238E+02
  0.239848E+02
  0.236487E+02
  0.233098E+02
  0.229736E+02
  0.226402E+02
  0.223085E+02
  0.219781E+02
  0.216511E+02
  0.213258E+02
  0.210051E+02
  0.206845E+02
  0.203681E+02
  0.200563E+02
  0.197437E+02
  0.194320E+02
  0.191236E+02
  0.188159E+02
  0.185123E+02
  0.182099E+02
  0.179103E+02
  0.176133E+02
  0.173216E+02
  0.170327E+02
  0.167469E+02
  0.164667E+02
  0.161926E+02
  0.159226E+02
  0.156581E+02
  0.153986E+02
  0.151449E+02
  0.148952E+02
  0.146511E+02
  0.144104E+02
  0.141755E+02
  0.139459E+02
  0.137198E+02
  0.134962E+02
  0.132787E+02
  0.130651E+02
  0.128554E+02
  0.126484E+02
  0.124435E+02
  0.122412E+02
  0.120417E+02
  0.118450E+02
  0.116536E+02
  0.114639E+02
  0.112778E+02
  0.110966E+02
  0.109206E+02
  0.107483E+02
  0.105804E+02
  0.104180E+02
  0.102622E+02
  0.101111E+02
  0.996838E+01
  0.983204E+01
  0.970267E+01
  0.958154E+01
  0.946729E+01
  0.936043E+01
  0.926002E+01
  0.916661E+01
  0.908209E+01
  0.900098E+01
  0.892836E+01
  0.886223E+01
  0.879992E+01
  0.874250E+01
  0.868957E+01
  0.864023E+01
  0.859340E+01
  0.854855E+01
  0.850607E+01
  0.846419E+01
  0.842510E+01
  0.838674E+01
  0.834988E+01
  0.831298E+01
  0.827684E+01
  0.824215E+01
  0.820854E+01
  0.817431E+01
  0.814169E+01
  0.811203E+01
  0.808272E+01
  0.805264E+01
  0.802372E+01
  0.799494E+01
  0.796653E+01
  0.793796E+01
  0.791113E+01
  0.788195E+01
  0.785215E+01
  0.782226E+01
  0.779200E+01
  0.776030E+01
  0.772825E+01
  0.769715E+01
  0.766556E+01
  0.763440E+01
  0.760344E+01
  0.757099E+01
  0.754070E+01
  0.750928E+01
  0.747853E+01
  0.744606E+01
  0.741218E+01
  0.738137E+01
  0.734840E+01
  0.731316E+01
  0.727953E+01
  0.724291E+01
  0.720690E+01
  0.716773E+01
  0.712509E+01
  0.708215E+01
  0.703596E+01
  0.698687E+01
  0.693582E+01
  0.687881E+01
  0.681818E+01
  0.675239E+01
  0.668239E+01
  0.660747E+01
  0.652398E+01
  0.643474E+01
  0.634098E+01
  0.623909E+01
  0.613180E+01
  0.601996E+01
  0.590278E+01
  0.577654E+01
  0.564394E+01
  0.550716E+01
  0.536412E+01
  0.521520E+01
  0.506306E+01
  0.490634E+01
  0.474574E+01
  0.458017E+01
  0.441122E+01
  0.424152E+01
  0.406998E+01
  0.389507E+01
  0.371950E+01
  0.354305E+01
  0.336665E+01
  0.318828E+01
  0.300880E+01
  0.283155E+01
  0.265519E+01
  0.247518E+01
  0.229537E+01
  0.211995E+01
  0.194476E+01
  0.176655E+01
  0.158936E+01
  0.141527E+01
  0.124377E+01
  0.107053E+01
  0.896880E+00
  0.724888E+00
  0.555289E+00
  0.388610E+00
  0.223204E+00
  0.599270E-01
 -0.988541E-01
 -0.254451E+00
 -0.406627E+00
 -0.556717E+00
 -0.703678E+00
 -0.848438E+00
 -0.991945E+00
 -0.113265E+01
 -0.127130E+01
 -0.140836E+01
 -0.154464E+01
 -0.167843E+01
 -0.180859E+01
 -0.193952E+01
 -0.206666E+01
 -0.218817E+01
 -0.230657E+01
 -0.242015E+01
 -0.252771E+01
 -0.262836E+01
 -0.272152E+01
 -0.280635E+01
 -0.288021E+01
 -0.294422E+01
 -0.299737E+01
 -0.303712E+01
 -0.306536E+01
 -0.308059E+01
 -0.308109E+01
 -0.307356E+01
 -0.305410E+01
 -0.301852E+01
 -0.297232E+01
 -0.291443E+01
 -0.284422E+01
 -0.276298E+01
 -0.267044E+01
 -0.256869E+01
 -0.245670E+01
 -0.233441E+01
 -0.220278E+01
 -0.206304E+01
 -0.191584E+01
 -0.175929E+01
 -0.159515E+01
 -0.142523E+01
 -0.124828E+01
 -0.106418E+01
 -0.872479E+00
 -0.677200E+00
 -0.476963E+00
 -0.272021E+00
 -0.622988E-01
  0.153902E+00
  0.371332E+00
  0.589880E+00
  0.814551E+00
  0.104292E+01
  0.126978E+01
  0.149760E+01
  0.173047E+01
  0.196336E+01
  0.219697E+01
  0.243174E+01
  0.266749E+01
  0.290418E+01
  0.314019E+01
  0.337641E+01
  0.361432E+01
  0.385517E+01
  0.409756E+01
  0.433855E+01
  0.458265E+01
  0.482768E+01
  0.507359E+01
  0.532093E+01
  0.557048E+01
  0.582333E+01
  0.607578E+01
  0.632963E+01
  0.658864E+01
  0.684678E+01
  0.710386E+01
  0.736042E+01
  0.761813E+01
  0.787488E+01
  0.812898E+01
  0.838229E+01
  0.863562E+01
  0.888673E+01
  0.913608E+01
  0.938204E+01
  0.962592E+01
  0.986859E+01
  0.101091E+02
  0.103455E+02
  0.105790E+02
  0.108097E+02
  0.110396E+02
  0.112659E+02
  0.114887E+02
  0.117088E+02
  0.119271E+02
  0.121418E+02
  0.123531E+02
  0.125603E+02
  0.127635E+02
  0.129596E+02
  0.131502E+02
  0.133351E+02
  0.135121E+02
  0.136820E+02
  0.138484E+02
  0.140060E+02
  0.141557E+02
  0.142993E+02
  0.144368E+02
  0.145678E+02
  0.146917E+02
  0.148079E+02
  0.149205E+02
  0.150272E+02
  0.151288E+02
  0.152228E+02
  0.153120E+02
  0.153982E+02
  0.154783E+02
  0.155513E+02
  0.156209E+02
  0.156842E+02
  0.157415E+02
  0.157909E+02
  0.158341E+02
  0.158717E+02
  0.159004E+02
  0.159216E+02
  0.159368E+02
  0.159405E+02
  0.159394E+02
  0.159315E+02
  0.159174E+02
  0.158979E+02
  0.158717E+02
  0.158407E+02
  0.158046E+02
  0.157628E+02
  0.157179E+02
  0.156687E+02
  0.156156E+02
  0.155571E+02
  0.154978E+02
  0.154343E+02
  0.153686E+02
  0.153019E+02
  0.152330E+02
  0.151612E+02
  0.150887E+02
  0.150164E+02
  0.149454E+02
  0.148719E+02
  0.147978E+02
  0.147243E+02
  0.146490E+02
  0.145699E+02
  0.144889E+02
  0.144030E+02
  0.143142E+02
  0.142174E+02
  0.141125E+02
  0.140029E+02
  0.138861E+02
  0.137586E+02
  0.136215E+02
  0.134750E+02
  0.133199E+02
  0.131522E+02
  0.129760E+02
  0.127903E+02
  0.125949E+02
  0.123935E+02
  0.121845E+02
  0.119688E+02
  0.117514E+02
  0.115254E+02
  0.113019E+02
  0.110818E+02
  0.108596E+02
  0.106416E+02
  0.104283E+02
  0.102216E+02
  0.100182E+02
  0.981892E+01
  0.962905E+01
  0.944132E+01
  0.926058E+01
  0.908374E+01
  0.891446E+01
  0.875199E+01
  0.859036E+01
  0.843452E+01
  0.828174E+01
  0.812810E+01
  0.797762E+01
  0.782556E+01
  0.767329E+01
  0.752230E+01
  0.736962E+01
  0.721478E+01
  0.706126E+01
  0.690591E+01
  0.674735E+01
  0.658740E+01
  0.642622E+01
  0.626050E+01
  0.609131E+01
  0.591645E+01
  0.573709E+01
  0.555532E+01
  0.536471E+01
  0.516847E+01
  0.497002E+01
  0.476424E+01
  0.455731E+01
  0.434364E+01
  0.412686E+01
  0.390840E+01
  0.368297E+01
  0.345575E+01
  0.322678E+01
  0.299352E+01
  0.275739E+01
  0.252060E+01
  0.228031E+01
  0.203747E+01
  0.179891E+01
  0.155753E+01
  0.131776E+01
  0.107942E+01
  0.838242E+00
  0.602973E+00
  0.367691E+00
  0.135325E+00
 -0.895662E-01
 -0.319605E+00
 -0.544241E+00
 -0.765912E+00
 -0.990302E+00
 -0.121062E+01
 -0.143245E+01
 -0.165702E+01
 -0.188244E+01
 -0.210899E+01
 -0.233988E+01
 -0.257524E+01
 -0.281062E+01
 -0.304992E+01
 -0.329199E+01
 -0.353678E+01
 -0.378564E+01
 -0.403663E+01
 -0.428924E+01
 -0.454544E+01
 -0.480344E+01
 -0.506228E+01
 -0.532612E+01
 -0.559031E+01
 -0.585655E+01
 -0.613024E+01
 -0.640544E+01
 -0.668369E+01
 -0.696619E+01
 -0.725474E+01
 -0.754810E+01
 -0.784364E+01
 -0.814612E+01
 -0.845265E+01
 -0.876372E+01
 -0.907920E+01
 -0.939785E+01
 -0.972123E+01
 -0.100478E+02
 -0.103796E+02
 -0.107157E+02
 -0.110533E+02
 -0.113941E+02
 -0.117394E+02
 -0.120875E+02
 -0.124368E+02
 -0.127879E+02
 -0.131381E+02
 -0.134887E+02
 -0.138414E+02
 -0.141926E+02
 -0.145408E+02
 -0.148875E+02
 -0.152284E+02
 -0.155650E+02
 -0.158991E+02
 -0.162274E+02
 -0.165524E+02
 -0.168759E+02
 -0.171937E+02
 -0.175105E+02
 -0.178268E+02
 -0.181425E+02
 -0.184589E+02
 -0.187735E+02
 -0.190869E+02
 -0.194032E+02
 -0.197180E+02
 -0.200307E+02
 -0.203432E+02
 -0.206562E+02
 -0.209685E+02
 -0.212807E+02
 -0.215932E+02
 -0.219067E+02
 -0.222202E+02
 -0.225353E+02
 -0.228480E+02
 -0.231604E+02
 -0.234732E+02
 -0.237830E+02
 -0.240927E+02
 -0.244031E+02
 -0.247080E+02
 -0.250105E+02
 -0.253073E+02
 -0.255985E+02
 -0.258843E+02
 -0.261617E+02
 -0.264328E+02
 -0.266989E+02
 -0.269562E+02
 -0.272062E+02
 -0.274456E+02
 -0.276766E+02
 -0.278996E+02
 -0.281125E+02
 -0.283150E+02
 -0.285113E+02
 -0.286981E+02
 -0.288781E+02
 -0.290501E+02
 -0.292121E+02
 -0.293683E+02
 -0.295178E+02
 -0.296579E+02
 -0.297922E+02
 -0.299179E+02
 -0.300369E+02
 -0.301485E+02
 -0.302544E+02
 -0.303560E+02
 -0.304527E+02
 -0.305409E+02
 -0.306257E+02
 -0.307049E+02
 -0.307796E+02
 -0.308489E+02
 -0.309139E+02
 -0.309767E+02
 -0.310350E+02
 -0.310877E+02
 -0.311372E+02
 -0.311810E+02
 -0.312218E+02
 -0.312570E+02
 -0.312883E+02
 -0.313132E+02
 -0.313334E+02
 -0.313472E+02
 -0.313546E+02
 -0.313572E+02
 -0.313535E+02
 -0.313415E+02
 -0.313258E+02
 -0.313011E+02
 -0.312697E+02
 -0.312330E+02
 -0.311889E+02
 -0.311371E+02
 -0.310791E+02
 -0.310140E+02
 -0.309417E+02
 -0.308618E+02
 -0.307788E+02
 -0.306875E+02
 -0.305923E+02
 -0.304941E+02
 -0.303883E+02
 -0.302772E+02
 -0.301648E+02
 -0.300472E+02
 -0.299252E+02
 -0.297996E+02
 -0.296732E+02
 -0.295400E+02
 -0.294012E+02
 -0.292592E+02
 -0.291115E+02
 -0.289551E+02
 -0.287911E+02
 -0.286172E+02
 -0.284381E+02
 -0.282510E+02
 -0.280538E+02
 -0.278468E+02
 -0.276329E+02
 -0.274109E+02
 -0.271808E+02
 -0.269418E+02
 -0.266973E+02
 -0.264467E+02
 -0.261894E+02
 -0.259270E+02
 -0.256609E+02
 -0.253888E+02
 -0.251129E+02
 -0.248310E+02
 -0.245461E+02
 -0.242568E+02
 -0.239617E+02
 -0.236640E+02
 -0.233647E+02
 -0.230607E+02
 -0.227534E+02
 -0.224415E+02
 -0.221255E+02
 -0.218053E+02
 -0.214797E+02
 -0.211500E+02
 -0.208169E+02
 -0.204774E+02
 -0.201355E+02
 -0.197916E+02
 -0.194467E+02
 -0.191001E+02
 -0.187535E+02
 -0.184078E+02
 -0.180653E+02
 -0.177284E+02
 -0.173978E+02
 -0.170727E+02
 -0.167550E+02
 -0.164464E+02
 -0.161456E+02
 -0.158526E+02
 -0.155721E+02
 -0.153004E+02
 -0.150396E+02
 -0.147896E+02
 -0.145512E+02
 -0.143258E+02
 -0.141095E+02
 -0.139022E+02
 -0.137068E+02
 -0.135213E+02
 -0.133436E+02
 -0.131740E+02
 -0.130114E+02
 -0.128552E+02
 -0.127058E+02
 -0.125576E+02
 -0.124116E+02
 -0.122665E+02
 -0.121231E+02
 -0.119830E+02
 -0.118407E+02
 -0.116979E+02
 -0.115589E+02
 -0.114209E+02
 -0.112836E+02
 -0.111504E+02
 -0.110203E+02
 -0.108937E+02
 -0.107741E+02
 -0.106574E+02
 -0.105475E+02
 -0.104440E+02
 -0.103452E+02
 -0.102526E+02
 -0.101658E+02
 -0.100861E+02
 -0.100098E+02
 -0.993753E+01
 -0.986968E+01
 -0.980477E+01
 -0.974396E+01
 -0.968360E+01
 -0.962532E+01
 -0.956906E+01
 -0.951600E+01
 -0.946502E+01
 -0.941388E+01
 -0.936665E+01
 -0.932290E+01
 -0.928020E+01
 -0.924238E+01
 -0.920801E+01
 -0.917795E+01
 -0.915581E+01
 -0.913750E+01
 -0.912507E+01
 -0.912199E+01
 -0.912605E+01
 -0.913814E+01
 -0.915625E+01
 -0.918078E+01
 -0.921404E+01
 -0.925119E+01
 -0.929060E+01
 -0.933848E+01
 -0.939138E+01
 -0.944518E+01
 -0.949969E+01
 -0.955798E+01
 -0.961969E+01
 -0.967987E+01
 -0.973936E+01
 -0.979907E+01
 -0.985989E+01
 -0.991957E+01
 -0.997600E+01
 -0.100317E+02
 -0.100837E+02
 -0.101337E+02
 -0.101805E+02
 -0.102205E+02
 -0.102568E+02
 -0.102915E+02
 -0.103213E+02
 -0.103486E+02
 -0.103697E+02
 -0.103872E+02
 -0.104021E+02
 -0.104066E+02
 -0.104177E+02
 -0.104221E+02
 -0.104161E+02
 -0.104231E+02
 -0.104185E+02
 -0.104140E+02
 -0.104188E+02
 -0.104170E+02
 -0.104167E+02
 -0.104214E+02
 -0.104271E+02
 -0.104331E+02
 -0.104459E+02
 -0.104563E+02
 -0.104674E+02
 -0.104870E+02
 -0.105002E+02
 -0.105138E+02
 -0.105322E+02
 -0.105482E+02
 -0.105631E+02
 -0.105749E+02
 -0.105831E+02
 -0.105952E+02
 -0.106048E+02
 -0.106056E+02
 -0.106068E+02
 -0.106074E+02
 -0.106033E+02
 -0.105972E+02
 -0.105850E+02
 -0.105732E+02
 -0.105596E+02
 -0.105383E+02
 -0.105174E+02
 -0.104943E+02
 -0.104665E+02
 -0.104372E+02
 -0.104045E+02
 -0.103695E+02
 -0.103321E+02
 -0.102909E+02
 -0.102453E+02
 -0.101990E+02
 -0.101505E+02
 -0.100980E+02
 -0.100418E+02
 -0.998041E+01
 -0.991396E+01
 -0.984339E+01
 -0.976984E+01
 -0.969069E+01
 -0.960643E+01
 -0.951890E+01
 -0.942557E+01
 -0.933113E+01
 -0.923375E+01
 -0.913263E+01
 -0.903097E+01
 -0.892705E+01
 -0.882221E+01
 -0.871718E+01
 -0.861063E+01
 -0.850511E+01
 -0.840042E+01
 -0.829420E+01
 -0.818737E+01
 -0.808097E+01
 -0.797477E+01
 -0.786981E+01
 -0.776495E+01
 -0.766193E+01
 -0.756049E+01
 -0.745928E+01
 -0.736083E+01
 -0.726535E+01
 -0.717196E+01
 -0.707848E+01
 -0.698405E+01
 -0.689167E+01
 -0.679757E+01
 -0.670268E+01
 -0.660942E+01
 -0.651391E+01
 -0.641679E+01
 -0.631910E+01
 -0.621996E+01
 -0.612023E+01
 -0.601806E+01
 -0.591025E+01
 -0.579867E+01
 -0.568323E+01
 -0.556156E+01
 -0.543247E+01
 -0.529472E+01
 -0.514934E+01
 -0.499547E+01
 -0.483172E+01
 -0.465744E+01
 -0.447286E+01
 -0.427718E+01
 -0.407040E+01
 -0.385329E+01
 -0.362484E+01
 -0.338509E+01
 -0.313467E+01
 -0.287619E+01
 -0.261050E+01
 -0.233695E+01
 -0.205701E+01
 -0.177280E+01
 -0.148557E+01
 -0.119694E+01
 -0.907116E+00
 -0.616131E+00
 -0.323958E+00
 -0.310721E-01
  0.261753E+00
  0.554556E+00
  0.847315E+00
  0.113736E+01
  0.142683E+01
  0.171707E+01
  0.200758E+01
  0.229935E+01
  0.259174E+01
  0.288454E+01
  0.317916E+01
  0.347453E+01
  0.377280E+01
  0.407233E+01
  0.437467E+01
  0.468031E+01
  0.498599E+01
  0.529340E+01
  0.560575E+01
  0.592030E+01
  0.623653E+01
  0.655552E+01
  0.687572E+01
  0.719808E+01
  0.752310E+01
  0.784539E+01
  0.816907E+01
  0.849438E+01
  0.881949E+01
  0.914367E+01
  0.946792E+01
  0.979171E+01
  0.101140E+02
  0.104335E+02
  0.107516E+02
  0.110666E+02
  0.113798E+02
  0.116906E+02
  0.119998E+02
  0.123090E+02
  0.126165E+02
  0.129209E+02
  0.132266E+02
  0.135311E+02
  0.138369E+02
  0.141428E+02
  0.144482E+02
  0.147574E+02
  0.150705E+02
  0.153840E+02
  0.157032E+02
  0.160250E+02
  0.163502E+02
  0.166787E+02
  0.170083E+02
  0.173402E+02
  0.176735E+02
  0.180036E+02
  0.183366E+02
  0.186690E+02
  0.189982E+02
  0.193256E+02
  0.196506E+02
  0.199741E+02
  0.202960E+02
  0.206116E+02
  0.209264E+02
  0.212379E+02
  0.215452E+02
  0.218485E+02
  0.221504E+02
  0.224494E+02
  0.227440E+02
  0.230332E+02
  0.233213E+02
  0.236063E+02
  0.238863E+02
  0.241609E+02
  0.244346E+02
  0.247026E+02
  0.249659E+02
  0.252288E+02
  0.254887E+02
  0.257413E+02
  0.259915E+02
  0.262341E+02
  0.264740E+02
  0.267078E+02
  0.269285E+02
  0.271401E+02
  0.273432E+02
  0.275312E+02
  0.277086E+02
  0.278711E+02
  0.280205E+02
  0.281579E+02
  0.282796E+02
  0.283842E+02
  0.284787E+02
  0.285615E+02
  0.286332E+02
  0.286918E+02
  0.287433E+02
  0.287857E+02
  0.288163E+02
  0.288392E+02
  0.288551E+02
  0.288600E+02
  0.288589E+02
  0.288469E+02
  0.288283E+02
  0.288009E+02
  0.287619E+02
  0.287129E+02
  0.286559E+02
  0.285907E+02
  0.285183E+02
  0.284343E+02
  0.283454E+02
  0.282492E+02
  0.281465E+02
  0.280364E+02
  0.279217E+02
  0.278040E+02
  0.276800E+02
  0.275523E+02
  0.274258E+02
  0.272905E+02
  0.271535E+02
  0.270132E+02
  0.268714E+02
  0.267284E+02
  0.265819E+02
  0.264337E+02
  0.262861E+02
  0.261363E+02
  0.259843E+02
  0.258294E+02
  0.256723E+02
  0.255086E+02
  0.253428E+02
  0.251714E+02
  0.249968E+02
  0.248171E+02
  0.246300E+02
  0.244348E+02
  0.242345E+02
  0.240267E+02
  0.238113E+02
  0.235870E+02
  0.233569E+02
  0.231223E+02
  0.228797E+02
  0.226281E+02
  0.223749E+02
  0.221159E+02
  0.218528E+02
  0.215833E+02
  0.213083E+02
  0.210322E+02
  0.207548E+02
  0.204710E+02
  0.201875E+02
  0.199018E+02
  0.196145E+02
  0.193268E+02
  0.190385E+02
  0.187507E+02
  0.184645E+02
  0.181776E+02
  0.178935E+02
  0.176123E+02
  0.173328E+02
  0.170531E+02
  0.167785E+02
  0.165067E+02
  0.162341E+02
  0.159630E+02
  0.156954E+02
  0.154282E+02
  0.151624E+02
  0.148982E+02
  0.146380E+02
  0.143780E+02
  0.141190E+02
  0.138607E+02
  0.136066E+02
  0.133548E+02
  0.131031E+02
  0.128533E+02
  0.126053E+02
  0.123587E+02
  0.121123E+02
  0.118634E+02
  0.116180E+02
  0.113729E+02
  0.111269E+02
  0.108811E+02
  0.106369E+02
  0.103940E+02
  0.101539E+02
  0.991784E+01
  0.968700E+01
  0.946151E+01
  0.924501E+01
  0.903595E+01
  0.883584E+01
  0.864482E+01
  0.846140E+01
  0.828818E+01
  0.812468E+01
  0.796835E+01
  0.782066E+01
  0.767821E+01
  0.754392E+01
  0.741467E+01
  0.729056E+01
  0.717061E+01
  0.705135E+01
  0.693511E+01
  0.682122E+01
  0.670665E+01
  0.659353E+01
  0.648139E+01
  0.636936E+01
  0.625686E+01
  0.614672E+01
  0.603646E+01
  0.592646E+01
  0.581860E+01
  0.571239E+01
  0.560589E+01
  0.550305E+01
  0.540400E+01
  0.530719E+01
  0.521263E+01
  0.512030E+01
  0.503109E+01
  0.494773E+01
  0.486815E+01
  0.479322E+01
  0.472440E+01
  0.466149E+01
  0.460461E+01
  0.455402E+01
  0.450666E+01
  0.446702E+01
  0.443226E+01
  0.440135E+01
  0.437749E+01
  0.435643E+01
  0.434141E+01
  0.433255E+01
  0.432438E+01
  0.432474E+01
  0.433197E+01
  0.434470E+01
  0.436432E+01
  0.438778E+01
  0.441575E+01
  0.445245E+01
  0.449343E+01
  0.453770E+01
  0.458756E+01
  0.464010E+01
  0.469684E+01
  0.475863E+01
  0.481944E+01
  0.488189E+01
  0.494333E+01
  0.500450E+01
  0.506550E+01
  0.512181E+01
  0.517520E+01
  0.522547E+01
  0.526928E+01
  0.530690E+01
  0.533793E+01
  0.536471E+01
  0.538213E+01
  0.539097E+01
  0.539391E+01
  0.538787E+01
  0.537318E+01
  0.535253E+01
  0.532114E+01
  0.528151E+01
  0.523475E+01
  0.517741E+01
  0.511384E+01
  0.504567E+01
  0.497037E+01
  0.489110E+01
  0.480485E+01
  0.471655E+01
  0.462849E+01
  0.453719E+01
  0.444364E+01
  0.434944E+01
  0.425424E+01
  0.415821E+01
  0.406170E+01
  0.396595E+01
  0.386905E+01
  0.377143E+01
  0.367097E+01
  0.357087E+01
  0.347048E+01
  0.336701E+01
  0.326236E+01
  0.315318E+01
  0.303848E+01
  0.292248E+01
  0.280307E+01
  0.268041E+01
  0.255545E+01
  0.242963E+01
  0.230019E+01
  0.216922E+01
  0.203594E+01
  0.189789E+01
  0.175996E+01
  0.162081E+01
  0.147738E+01
  0.133275E+01
  0.118574E+01
  0.103929E+01
  0.893730E+00
  0.748750E+00
  0.604959E+00
  0.464477E+00
  0.327812E+00
  0.189496E+00
  0.563192E-01
 -0.664625E-01
 -0.193275E+00
 -0.313881E+00
 -0.428180E+00
 -0.546756E+00
 -0.655464E+00
 -0.763534E+00
 -0.867877E+00
 -0.966521E+00
 -0.106852E+01
 -0.116232E+01
 -0.125799E+01
 -0.134811E+01
 -0.143360E+01
 -0.152145E+01
 -0.160569E+01
 -0.169116E+01
 -0.177338E+01
 -0.185563E+01
 -0.193572E+01
 -0.201312E+01
 -0.209281E+01
 -0.216956E+01
 -0.224827E+01
 -0.232727E+01
 -0.240852E+01
 -0.249457E+01
 -0.258340E+01
 -0.267716E+01
 -0.277720E+01
 -0.288392E+01
 -0.299640E+01
 -0.311415E+01
 -0.323430E+01
 -0.335718E+01
 -0.348503E+01
 -0.361743E+01
 -0.375102E+01
 -0.388483E+01
 -0.402067E+01
 -0.415019E+01
 -0.428154E+01
 -0.441534E+01
 -0.453878E+01
 -0.466178E+01
 -0.478444E+01
 -0.490009E+01
 -0.501083E+01
 -0.511497E+01
 -0.521270E+01
 -0.530543E+01
 -0.539010E+01
 -0.546543E+01
 -0.553654E+01
 -0.560258E+01
 -0.566432E+01
 -0.572341E+01
 -0.577729E+01
 -0.582837E+01
 -0.587869E+01
 -0.592584E+01
 -0.597007E+01
 -0.601242E+01
 -0.605226E+01
 -0.608902E+01
 -0.612017E+01
 -0.614724E+01
 -0.617031E+01
 -0.618784E+01
 -0.620157E+01
 -0.621090E+01
 -0.621547E+01
 -0.621656E+01
 -0.621545E+01
 -0.620986E+01
 -0.620136E+01
 -0.619368E+01
 -0.618423E+01
 -0.617136E+01
 -0.615630E+01
 -0.614037E+01
 -0.612364E+01
 -0.610660E+01
 -0.608899E+01
 -0.607283E+01
 -0.606003E+01
 -0.604949E+01
 -0.604112E+01
 -0.603453E+01
 -0.603362E+01
 -0.603469E+01
 -0.603568E+01
 -0.604261E+01
 -0.604915E+01
 -0.605699E+01
 -0.606808E+01
 -0.607443E+01
 -0.607995E+01
 -0.608499E+01
 -0.608575E+01
 -0.608433E+01
 -0.608129E+01
 -0.607662E+01
 -0.606951E+01
 -0.606135E+01
 -0.605396E+01
 -0.604568E+01
 -0.603868E+01
 -0.603497E+01
 -0.603350E+01
 -0.603593E+01
 -0.604148E+01
 -0.605077E+01
 -0.606824E+01
 -0.609041E+01
 -0.611679E+01
 -0.615028E+01
 -0.618802E+01
 -0.623160E+01
 -0.628122E+01
 -0.633651E+01
 -0.639748E+01
 -0.646257E+01
 -0.653348E+01
 -0.661059E+01
 -0.669194E+01
 -0.677614E+01
 -0.686537E+01
 -0.695751E+01
 -0.705126E+01
 -0.714855E+01
 -0.724849E+01
 -0.735192E+01
 -0.745608E+01
 -0.756269E+01
 -0.767283E+01
 -0.778456E+01
 -0.790068E+01
 -0.801867E+01
 -0.813727E+01
 -0.825885E+01
 -0.838075E+01
 -0.850270E+01
 -0.862510E+01
 -0.874578E+01
 -0.886520E+01
 -0.898588E+01
 -0.910942E+01
 -0.923238E+01
 -0.935436E+01
 -0.948226E+01
 -0.961012E+01
 -0.973754E+01
 -0.987030E+01
 -0.100039E+02
 -0.101409E+02
 -0.102815E+02
 -0.104233E+02
 -0.105710E+02
 -0.107199E+02
 -0.108704E+02
 -0.110244E+02
 -0.111785E+02
 -0.113345E+02
 -0.114904E+02
 -0.116463E+02
 -0.118031E+02
 -0.119538E+02
 -0.121020E+02
 -0.122480E+02
 -0.123887E+02
 -0.125260E+02
 -0.126602E+02
 -0.127899E+02
 -0.129142E+02
 -0.130329E+02
 -0.131484E+02
 -0.132606E+02
 -0.133692E+02
 -0.134767E+02
 -0.135842E+02
 -0.136889E+02
 -0.137934E+02
 -0.138975E+02
 -0.140021E+02
 -0.141088E+02
 -0.142159E+02
 -0.143253E+02
 -0.144389E+02
 -0.145534E+02
 -0.146709E+02
 -0.147902E+02
 -0.149117E+02
 -0.150362E+02
 -0.151592E+02
 -0.152815E+02
 -0.154034E+02
 -0.155235E+02
 -0.156448E+02
 -0.157622E+02
 -0.158770E+02
 -0.159892E+02
 -0.160981E+02
 -0.162032E+02
 -0.163044E+02
 -0.164036E+02
 -0.165001E+02
 -0.165946E+02
 -0.166885E+02
 -0.167775E+02
 -0.168640E+02
 -0.169457E+02
 -0.170234E+02
 -0.170994E+02
 -0.171694E+02
 -0.172331E+02
 -0.172957E+02
 -0.173545E+02
 -0.174088E+02
 -0.174596E+02
 -0.175048E+02
 -0.175444E+02
 -0.175806E+02
 -0.176116E+02
 -0.176379E+02
 -0.176568E+02
 -0.176696E+02
 -0.176787E+02
 -0.176807E+02
 -0.176721E+02
 -0.176560E+02
 -0.176343E+02
 -0.176064E+02
 -0.175691E+02
 -0.175243E+02
 -0.174718E+02
 -0.174138E+02
 -0.173515E+02
 -0.172833E+02
 -0.172095E+02
 -0.171315E+02
 -0.170465E+02
 -0.169565E+02
 -0.168640E+02
 -0.167681E+02
 -0.166671E+02
 -0.165647E+02
 -0.164606E+02
 -0.163515E+02
 -0.162399E+02
 -0.161285E+02
 -0.160162E+02
 -0.159037E+02
 -0.157892E+02
 -0.156746E+02
 -0.155583E+02
 -0.154430E+02
 -0.153305E+02
 -0.152164E+02
 -0.151031E+02
 -0.149916E+02
 -0.148772E+02
 -0.147640E+02
 -0.146517E+02
 -0.145408E+02
 -0.144312E+02
 -0.143195E+02
 -0.142082E+02
 -0.140976E+02
 -0.139854E+02
 -0.138755E+02
 -0.137660E+02
 -0.136551E+02
 -0.135441E+02
 -0.134333E+02
 -0.133210E+02
 -0.132075E+02
 -0.130896E+02
 -0.129681E+02
 -0.128460E+02
 -0.127212E+02
 -0.125918E+02
 -0.124589E+02
 -0.123233E+02
 -0.121853E+02
 -0.120439E+02
 -0.118992E+02
 -0.117505E+02
 -0.116002E+02
 -0.114445E+02
 -0.112837E+02
 -0.111227E+02
 -0.109594E+02
 -0.107940E+02
 -0.106282E+02
 -0.104641E+02
 -0.103021E+02
 -0.101406E+02
 -0.998251E+01
 -0.982657E+01
 -0.967401E+01
 -0.952586E+01
 -0.938126E+01
 -0.924019E+01
 -0.910236E+01
 -0.896860E+01
 -0.883869E+01
 -0.870869E+01
 -0.858074E+01
 -0.845795E+01
 -0.833598E+01
 -0.821262E+01
 -0.808803E+01
 -0.796165E+01
 -0.783351E+01
 -0.770203E+01
 -0.756801E+01
 -0.742993E+01
 -0.728894E+01
 -0.714628E+01
 -0.699901E+01
 -0.684968E+01
 -0.670160E+01
 -0.655310E+01
 -0.640566E+01
 -0.626013E+01
 -0.611620E+01
 -0.597626E+01
 -0.583924E+01
 -0.570463E+01
 -0.557420E+01
 -0.544613E+01
 -0.532076E+01
 -0.519967E+01
 -0.508094E+01
 -0.496201E+01
 -0.484409E+01
 -0.472898E+01
 -0.461341E+01
 -0.449753E+01
 -0.438415E+01
 -0.427138E+01
 -0.415773E+01
 -0.404376E+01
 -0.392907E+01
 -0.381344E+01
 -0.369608E+01
 -0.357627E+01
 -0.345416E+01
 -0.332980E+01
 -0.320274E+01
 -0.307334E+01
 -0.294333E+01
 -0.281341E+01
 -0.268269E+01
 -0.254943E+01
 -0.241557E+01
 -0.228365E+01
 -0.214937E+01
 -0.201428E+01
 -0.188027E+01
 -0.174583E+01
 -0.160958E+01
 -0.147054E+01
 -0.133052E+01
 -0.118877E+01
 -0.104197E+01
 -0.889907E+00
 -0.732121E+00
 -0.568173E+00
 -0.398116E+00
 -0.222463E+00
 -0.392618E-01
  0.150864E+00
  0.347337E+00
  0.551291E+00
  0.760767E+00
  0.976573E+00
  0.120319E+01
  0.143526E+01
  0.167020E+01
  0.191203E+01
  0.216048E+01
  0.241186E+01
  0.266725E+01
  0.292778E+01
  0.319138E+01
  0.345631E+01
  0.372473E+01
  0.399427E+01
  0.426358E+01
  0.453326E+01
  0.480373E+01
  0.507450E+01
  0.534550E+01
  0.561639E+01
  0.588886E+01
  0.616131E+01
  0.643409E+01
  0.670785E+01
  0.698319E+01
  0.725865E+01
  0.753319E+01
  0.780666E+01
  0.807946E+01
  0.834954E+01
  0.861926E+01
  0.888737E+01
  0.915402E+01
  0.941883E+01
  0.968245E+01
  0.994323E+01
  0.102018E+02
  0.104593E+02
  0.107143E+02
  0.109659E+02
  0.112164E+02
  0.114627E+02
  0.117064E+02
  0.119466E+02
  0.121832E+02
  0.124155E+02
  0.126430E+02
  0.128649E+02
  0.130846E+02
  0.132994E+02
  0.135087E+02
  0.137134E+02
  0.139148E+02
  0.141108E+02
  0.143033E+02
  0.144919E+02
  0.146768E+02
  0.148573E+02
  0.150356E+02
  0.152093E+02
  0.153781E+02
  0.155437E+02
  0.157068E+02
  0.158633E+02
  0.160172E+02
  0.161653E+02
  0.163069E+02
  0.164440E+02
  0.165741E+02
  0.166966E+02
  0.168140E+02
  0.169221E+02
  0.170254E+02
  0.171232E+02
  0.172135E+02
  0.172957E+02
  0.173723E+02
  0.174406E+02
  0.175018E+02
  0.175574E+02
  0.176069E+02
  0.176486E+02
  0.176862E+02
  0.177183E+02
  0.177446E+02
  0.177652E+02
  0.177816E+02
  0.177910E+02
  0.177966E+02
  0.177970E+02
  0.177917E+02
  0.177814E+02
  0.177668E+02
  0.177469E+02
  0.177217E+02
  0.176903E+02
  0.176551E+02
  0.176144E+02
  0.175704E+02
  0.175212E+02
  0.174671E+02
  0.174084E+02
  0.173458E+02
  0.172775E+02
  0.172057E+02
  0.171278E+02
  0.170441E+02
  0.169554E+02
  0.168627E+02
  0.167658E+02
  0.166674E+02
  0.165652E+02
  0.164634E+02
  0.163602E+02
  0.162539E+02
  0.161473E+02
  0.160395E+02
  0.159287E+02
  0.158190E+02
  0.157047E+02
  0.155896E+02
  0.154744E+02
  0.153557E+02
  0.152328E+02
  0.151066E+02
  0.149777E+02
  0.148496E+02
  0.147198E+02
  0.145884E+02
  0.144543E+02
  0.143192E+02
  0.141844E+02
  0.140495E+02
  0.139122E+02
  0.137757E+02
  0.136370E+02
  0.134993E+02
  0.133616E+02
  0.132200E+02
  0.130772E+02
  0.129361E+02
  0.127941E+02
  0.126513E+02
  0.125069E+02
  0.123649E+02
  0.122238E+02
  0.120830E+02
  0.119408E+02
  0.117967E+02
  0.116533E+02
  0.115108E+02
  0.113643E+02
  0.112181E+02
  0.110699E+02
  0.109192E+02
  0.107684E+02
  0.106171E+02
  0.104644E+02
  0.103126E+02
  0.101609E+02
  0.100117E+02
  0.986283E+01
  0.971539E+01
  0.957028E+01
  0.942719E+01
  0.928720E+01
  0.915090E+01
  0.901590E+01
  0.888552E+01
  0.875772E+01
  0.863369E+01
  0.851488E+01
  0.840008E+01
  0.828868E+01
  0.818310E+01
  0.808144E+01
  0.798512E+01
  0.789548E+01
  0.781017E+01
  0.772772E+01
  0.765175E+01
  0.758019E+01
  0.751263E+01
  0.744945E+01
  0.739188E+01
  0.733803E+01
  0.728813E+01
  0.724242E+01
  0.720124E+01
  0.716484E+01
  0.713346E+01
  0.710511E+01
  0.708250E+01
  0.706515E+01
  0.705248E+01
  0.704462E+01
  0.704005E+01
  0.703709E+01
  0.703550E+01
  0.703088E+01
  0.702656E+01
  0.702076E+01
  0.701125E+01
  0.699860E+01
  0.698055E+01
  0.695677E+01
  0.692677E+01
  0.688768E+01
  0.684231E+01
  0.678843E+01
  0.672621E+01
  0.665614E+01
  0.657669E+01
  0.648931E+01
  0.639550E+01
  0.629118E+01
  0.618048E+01
  0.606213E+01
  0.593630E+01
  0.580607E+01
  0.567045E+01
  0.553038E+01
  0.538586E+01
  0.523630E+01
  0.508705E+01
  0.493508E+01
  0.477919E+01
  0.462138E+01
  0.446198E+01
  0.430008E+01
  0.413616E+01
  0.396905E+01
  0.380127E+01
  0.363191E+01
  0.345912E+01
  0.328376E+01
  0.310525E+01
  0.292105E+01
  0.273286E+01
  0.254038E+01
  0.234254E+01
  0.213947E+01
  0.193289E+01
  0.172024E+01
  0.150303E+01
  0.128450E+01
  0.106357E+01
  0.840816E+00
  0.618338E+00
  0.395768E+00
  0.175927E+00
 -0.422678E-01
 -0.258438E+00
 -0.470346E+00
 -0.677534E+00
 -0.880400E+00
 -0.107925E+01
 -0.127544E+01
 -0.146733E+01
 -0.165434E+01
 -0.183750E+01
 -0.201644E+01
 -0.219164E+01
 -0.236279E+01
 -0.252634E+01
 -0.268621E+01
 -0.284231E+01
 -0.298952E+01
 -0.313070E+01
 -0.326767E+01
 -0.339971E+01
 -0.352598E+01
 -0.364601E+01
 -0.376270E+01
 -0.387277E+01
 -0.397749E+01
 -0.407785E+01
 -0.417033E+01
 -0.425772E+01
 -0.434000E+01
 -0.441528E+01
 -0.448442E+01
 -0.454693E+01
 -0.460337E+01
 -0.465423E+01
 -0.470107E+01
 -0.474553E+01
 -0.478688E+01
 -0.482492E+01
 -0.486152E+01
 -0.489528E+01
 -0.492691E+01
 -0.495891E+01
 -0.499034E+01
 -0.502376E+01
 -0.506123E+01
 -0.509928E+01
 -0.514006E+01
 -0.518462E+01
 -0.523145E+01
 -0.528415E+01
 -0.534255E+01
 -0.540455E+01
 -0.547030E+01
 -0.553930E+01
 -0.561229E+01
 -0.568970E+01
 -0.576999E+01
 -0.585101E+01
 -0.593280E+01
 -0.601422E+01
 -0.609255E+01
 -0.616802E+01
 -0.624266E+01
 -0.631295E+01
 -0.637582E+01
 -0.643611E+01
 -0.649177E+01
 -0.654211E+01
 -0.659052E+01
 -0.663218E+01
 -0.666933E+01
 -0.670412E+01
 -0.673390E+01
 -0.676002E+01
 -0.678260E+01
 -0.680211E+01
 -0.681861E+01
 -0.683148E+01
 -0.683989E+01
 -0.684630E+01
 -0.685040E+01
 -0.684876E+01
 -0.684378E+01
 -0.683588E+01
 -0.682314E+01
 -0.680424E+01
 -0.678026E+01
 -0.675179E+01
 -0.671730E+01
 -0.667726E+01
 -0.663002E+01
 -0.657782E+01
 -0.651976E+01
 -0.645448E+01
 -0.638400E+01
 -0.630551E+01
 -0.622275E+01
 -0.613654E+01
 -0.604349E+01
 -0.594759E+01
 -0.584873E+01
 -0.574704E+01
 -0.564632E+01
 -0.554744E+01
 -0.544943E+01
 -0.535264E+01
 -0.526060E+01
 -0.517528E+01
 -0.509588E+01
 -0.502261E+01
 -0.495626E+01
 -0.489577E+01
 -0.484161E+01
 -0.479590E+01
 -0.475675E+01
 -0.472118E+01
 -0.469038E+01
 -0.466350E+01
 -0.463959E+01
 -0.461876E+01
 -0.459959E+01
 -0.458157E+01
 -0.456340E+01
 -0.454514E+01
 -0.452642E+01
 -0.450666E+01
 -0.448651E+01
 -0.446418E+01
 -0.444150E+01
 -0.441845E+01
 -0.439485E+01
 -0.437280E+01
 -0.435458E+01
 -0.434235E+01
 -0.433145E+01
 -0.432429E+01
 -0.432753E+01
 -0.433523E+01
 -0.434790E+01
 -0.436707E+01
 -0.439138E+01
 -0.442448E+01
 -0.446196E+01
 -0.450399E+01
 -0.455374E+01
 -0.460575E+01
 -0.466113E+01
 -0.472030E+01
 -0.478222E+01
 -0.484746E+01
 -0.491324E+01
 -0.498121E+01
 -0.505045E+01
 -0.511969E+01
 -0.519267E+01
 -0.526538E+01
 -0.533919E+01
 -0.541649E+01
 -0.549373E+01
 -0.557395E+01
 -0.565601E+01
 -0.573787E+01
 -0.582282E+01
 -0.590975E+01
 -0.599759E+01
 -0.608897E+01
 -0.618341E+01
 -0.627893E+01
 -0.637536E+01
 -0.647356E+01
 -0.657508E+01
 -0.667649E+01
 -0.677748E+01
 -0.688033E+01
 -0.698284E+01
 -0.708543E+01
 -0.718541E+01
 -0.728129E+01
 -0.737661E+01
 -0.746904E+01
 -0.755807E+01
 -0.764426E+01
 -0.772866E+01
 -0.781222E+01
 -0.789080E+01
 -0.796811E+01
 -0.804365E+01
 -0.811576E+01
 -0.818734E+01
 -0.825749E+01
 -0.832625E+01
 -0.839216E+01
 -0.845493E+01
 -0.851735E+01
 -0.857803E+01
 -0.863459E+01
 -0.869026E+01
 -0.874634E+01
 -0.880034E+01
 -0.885493E+01
 -0.890962E+01
 -0.896337E+01
 -0.901854E+01
 -0.907496E+01
 -0.913165E+01
 -0.919113E+01
 -0.925269E+01
 -0.931482E+01
 -0.937967E+01
 -0.944496E+01
 -0.951015E+01
 -0.957790E+01
 -0.964542E+01
 -0.971398E+01
 -0.978282E+01
 -0.985297E+01
 -0.992587E+01
 -0.999968E+01
 -0.100753E+02
 -0.101518E+02
 -0.102288E+02
 -0.103074E+02
 -0.103870E+02
 -0.104676E+02
 -0.105474E+02
 -0.106273E+02
 -0.107056E+02
 -0.107815E+02
 -0.108560E+02
 -0.109282E+02
 -0.109987E+02
 -0.110666E+02
 -0.111301E+02
 -0.111904E+02
 -0.112461E+02
 -0.112965E+02
 -0.113386E+02
 -0.113731E+02
 -0.113999E+02
 -0.114163E+02
 -0.114261E+02
 -0.114289E+02
 -0.114207E+02
 -0.114028E+02
 -0.113746E+02
 -0.113361E+02
 -0.112889E+02
 -0.112327E+02
 -0.111657E+02
 -0.110893E+02
 -0.110053E+02
 -0.109139E+02
 -0.108135E+02
 -0.107062E+02
 -0.105941E+02
 -0.104771E+02
 -0.103550E+02
 -0.102282E+02
 -0.100965E+02
 -0.996078E+01
 -0.982169E+01
 -0.967749E+01
 -0.952859E+01
 -0.937865E+01
 -0.922465E+01
 -0.906642E+01
 -0.890654E+01
 -0.874413E+01
 -0.857863E+01
 -0.841055E+01
 -0.823993E+01
 -0.806744E+01
 -0.789413E+01
 -0.771908E+01
 -0.754132E+01
 -0.736291E+01
 -0.718367E+01
 -0.700268E+01
 -0.682087E+01
 -0.663892E+01
 -0.645577E+01
 -0.627050E+01
 -0.608355E+01
 -0.589628E+01
 -0.571062E+01
 -0.552555E+01
 -0.533957E+01
 -0.515395E+01
 -0.496949E+01
 -0.478735E+01
 -0.460562E+01
 -0.442340E+01
 -0.424348E+01
 -0.406528E+01
 -0.388704E+01
 -0.370641E+01
 -0.352595E+01
 -0.334927E+01
 -0.317332E+01
 -0.299673E+01
 -0.282123E+01
 -0.264723E+01
 -0.247575E+01
 -0.230648E+01
 -0.214162E+01
 -0.198130E+01
 -0.182187E+01
 -0.166533E+01
 -0.151427E+01
 -0.136787E+01
 -0.122689E+01
 -0.109033E+01
 -0.961410E+00
 -0.838999E+00
 -0.720312E+00
 -0.608305E+00
 -0.502340E+00
 -0.399385E+00
 -0.299361E+00
 -0.203474E+00
 -0.113347E+00
 -0.261607E-01
  0.580444E-01
  0.138967E+00
  0.215575E+00
  0.286964E+00
  0.354439E+00
  0.417372E+00
  0.474557E+00
  0.525384E+00
  0.568763E+00
  0.605907E+00
  0.635044E+00
  0.658447E+00
  0.676334E+00
  0.687140E+00
  0.692825E+00
  0.693177E+00
  0.687377E+00
  0.676324E+00
  0.659112E+00
  0.636421E+00
  0.607926E+00
  0.574672E+00
  0.535583E+00
  0.492334E+00
  0.444811E+00
  0.391910E+00
  0.335796E+00
  0.274966E+00
  0.208522E+00
  0.140469E+00
  0.699034E-01
 -0.386953E-02
 -0.801244E-01
 -0.158373E+00
 -0.239660E+00
 -0.323288E+00
 -0.408461E+00
 -0.495475E+00
 -0.584145E+00
 -0.674909E+00
 -0.770183E+00
 -0.866692E+00
 -0.963703E+00
 -0.106193E+01
 -0.116232E+01
 -0.126609E+01
 -0.137186E+01
 -0.147868E+01
 -0.158847E+01
 -0.170317E+01
 -0.182141E+01
 -0.194171E+01
 -0.206666E+01
 -0.219519E+01
 -0.232485E+01
 -0.245566E+01
 -0.258971E+01
 -0.272587E+01
 -0.286289E+01
 -0.300250E+01
 -0.314332E+01
 -0.328385E+01
 -0.342585E+01
 -0.356780E+01
 -0.371105E+01
 -0.385316E+01
 -0.399249E+01
 -0.413233E+01
 -0.426889E+01
 -0.440146E+01
 -0.453280E+01
 -0.466072E+01
 -0.478375E+01
 -0.490143E+01
 -0.501353E+01
 -0.511940E+01
 -0.521766E+01
 -0.530703E+01
 -0.538836E+01
 -0.546209E+01
 -0.552809E+01
 -0.558780E+01
 -0.563968E+01
 -0.568214E+01
 -0.571938E+01
 -0.575204E+01
 -0.577848E+01
 -0.580106E+01
 -0.581948E+01
 -0.583402E+01
 -0.584670E+01
 -0.585631E+01
 -0.586421E+01
 -0.586977E+01
 -0.587113E+01
 -0.587030E+01
 -0.586540E+01
 -0.585658E+01
 -0.584631E+01
 -0.583348E+01
 -0.581568E+01
 -0.579400E+01
 -0.577177E+01
 -0.574446E+01
 -0.571159E+01
 -0.567747E+01
 -0.564024E+01
 -0.559960E+01
 -0.555591E+01
 -0.550834E+01
 -0.545667E+01
 -0.540101E+01
 -0.534183E+01
 -0.528024E+01
 -0.521659E+01
 -0.514907E+01
 -0.507840E+01
 -0.500678E+01
 -0.493352E+01
 -0.485797E+01
 -0.478327E+01
 -0.470883E+01
 -0.463269E+01
 -0.455787E+01
 -0.448508E+01
 -0.441329E+01
 -0.434364E+01
 -0.427673E+01
 -0.421197E+01
 -0.414864E+01
 -0.408963E+01
 -0.403470E+01
 -0.398028E+01
 -0.392741E+01
 -0.387805E+01
 -0.383113E+01
 -0.378682E+01
 -0.374508E+01
 -0.370404E+01
 -0.366294E+01
 -0.362186E+01
 -0.358007E+01
 -0.353682E+01
 -0.349240E+01
 -0.344778E+01
 -0.340063E+01
 -0.335216E+01
 -0.330322E+01
 -0.325121E+01
 -0.319683E+01
 -0.314117E+01
 -0.308557E+01
 -0.303063E+01
 -0.297287E+01
 -0.291395E+01
 -0.285583E+01
 -0.279690E+01
 -0.273703E+01
 -0.267859E+01
 -0.262120E+01
 -0.256419E+01
 -0.250758E+01
 -0.245161E+01
 -0.239847E+01
 -0.234670E+01
 -0.229500E+01
 -0.224383E+01
 -0.219216E+01
 -0.214254E+01
 -0.209350E+01
 -0.204387E+01
 -0.199277E+01
 -0.193980E+01
 -0.188714E+01
 -0.183476E+01
 -0.178326E+01
 -0.173602E+01
 -0.169217E+01
 -0.165178E+01
 -0.161539E+01
 -0.158383E+01
 -0.155785E+01
 -0.153607E+01
 -0.151976E+01
 -0.150993E+01
 -0.150551E+01
 -0.150751E+01
 -0.151301E+01
 -0.152342E+01
 -0.153976E+01
 -0.156003E+01
 -0.158474E+01
 -0.161494E+01
 -0.165136E+01
 -0.169380E+01
 -0.174142E+01
 -0.179416E+01
 -0.185133E+01
 -0.191536E+01
 -0.198670E+01
 -0.206462E+01
 -0.214638E+01
 -0.223208E+01
 -0.232254E+01
 -0.241577E+01
 -0.251292E+01
 -0.261460E+01
 -0.271911E+01
 -0.282532E+01
 -0.293303E+01
 -0.304454E+01
 -0.315717E+01
 -0.326982E+01
 -0.338525E+01
 -0.350295E+01
 -0.362201E+01
 -0.374427E+01
 -0.386963E+01
 -0.399664E+01
 -0.412453E+01
 -0.425487E+01
 -0.438721E+01
 -0.452006E+01
 -0.465515E+01
 -0.479265E+01
 -0.493097E+01
 -0.507047E+01
 -0.521015E+01
 -0.535141E+01
 -0.549673E+01
 -0.564423E+01
 -0.579319E+01
 -0.594476E+01
 -0.609810E+01
 -0.625230E+01
 -0.640800E+01
 -0.656713E+01
 -0.672863E+01
 -0.689079E+01
 -0.705589E+01
 -0.722452E+01
 -0.739426E+01
 -0.756524E+01
 -0.773758E+01
 -0.791104E+01
 -0.808628E+01
 -0.826040E+01
 -0.843313E+01
 -0.860584E+01
 -0.877637E+01
 -0.894296E+01
 -0.910742E+01
 -0.926919E+01
 -0.942539E+01
 -0.957779E+01
 -0.972789E+01
 -0.987346E+01
 -0.100146E+02
 -0.101518E+02
 -0.102857E+02
 -0.104162E+02
 -0.105437E+02
 -0.106692E+02
 -0.107930E+02
 -0.109133E+02
 -0.110334E+02
 -0.111544E+02
 -0.112738E+02
 -0.113936E+02
 -0.115145E+02
 -0.116367E+02
 -0.117614E+02
 -0.118849E+02
 -0.120109E+02
 -0.121387E+02
 -0.122654E+02
 -0.123934E+02
 -0.125211E+02
 -0.126479E+02
 -0.127753E+02
 -0.128995E+02
 -0.130219E+02
 -0.131428E+02
 -0.132596E+02
 -0.133737E+02
 -0.134851E+02
 -0.135909E+02
 -0.136936E+02
 -0.137919E+02
 -0.138854E+02
 -0.139731E+02
 -0.140556E+02
 -0.141348E+02
 -0.142076E+02
 -0.142725E+02
 -0.143325E+02
 -0.143883E+02
 -0.144397E+02
 -0.144862E+02
 -0.145310E+02
 -0.145729E+02
 -0.146108E+02
 -0.146466E+02
 -0.146828E+02
 -0.147160E+02
 -0.147477E+02
 -0.147784E+02
 -0.148055E+02
 -0.148322E+02
 -0.148557E+02
 -0.148748E+02
 -0.148931E+02
 -0.149045E+02
 -0.149133E+02
 -0.149191E+02
 -0.149210E+02
 -0.149198E+02
 -0.149118E+02
 -0.149016E+02
 -0.148894E+02
 -0.148702E+02
 -0.148495E+02
 -0.148265E+02
 -0.147985E+02
 -0.147670E+02
 -0.147330E+02
 -0.146954E+02
 -0.146558E+02
 -0.146144E+02
 -0.145725E+02
 -0.145279E+02
 -0.144793E+02
 -0.144303E+02
 -0.143799E+02
 -0.143269E+02
 -0.142748E+02
 -0.142208E+02
 -0.141678E+02
 -0.141155E+02
 -0.140607E+02
 -0.140057E+02
 -0.139498E+02
 -0.138919E+02
 -0.138322E+02
 -0.137685E+02
 -0.137021E+02
 -0.136301E+02
 -0.135516E+02
 -0.134684E+02
 -0.133789E+02
 -0.132814E+02
 -0.131778E+02
 -0.130667E+02
 -0.129479E+02
 -0.128215E+02
 -0.126871E+02
 -0.125465E+02
 -0.124002E+02
 -0.122456E+02
 -0.120858E+02
 -0.119205E+02
 -0.117488E+02
 -0.115740E+02
 -0.113960E+02
 -0.112115E+02
 -0.110213E+02
 -0.108281E+02
 -0.106309E+02
 -0.104289E+02
 -0.102246E+02
 -0.100151E+02
 -0.980127E+01
 -0.958612E+01
 -0.936829E+01
 -0.914781E+01
 -0.892428E+01
 -0.869820E+01
 -0.847167E+01
 -0.824310E+01
 -0.801455E+01
 -0.778734E+01
 -0.756158E+01
 -0.733837E+01
 -0.711653E+01
 -0.689721E+01
 -0.668147E+01
 -0.646838E+01
 -0.625944E+01
 -0.605380E+01
 -0.585128E+01
 -0.565374E+01
 -0.545896E+01
 -0.526692E+01
 -0.508168E+01
 -0.490168E+01
 -0.472621E+01
 -0.455576E+01
 -0.438844E+01
 -0.422566E+01
 -0.406654E+01
 -0.391138E+01
 -0.376173E+01
 -0.361614E+01
 -0.347435E+01
 -0.333714E+01
 -0.320548E+01
 -0.307747E+01
 -0.295143E+01
 -0.282976E+01
 -0.271158E+01
 -0.259637E+01
 -0.248350E+01
 -0.237129E+01
 -0.226068E+01
 -0.215344E+01
 -0.204796E+01
 -0.194311E+01
 -0.184046E+01
 -0.174141E+01
 -0.164457E+01
 -0.154850E+01
 -0.145507E+01
 -0.136708E+01
 -0.128258E+01
 -0.119988E+01
 -0.112166E+01
 -0.104897E+01
 -0.979631E+00
 -0.914033E+00
 -0.851174E+00
 -0.793738E+00
 -0.739027E+00
 -0.685728E+00
 -0.636557E+00
 -0.588473E+00
 -0.542138E+00
 -0.497664E+00
 -0.452909E+00
 -0.409914E+00
 -0.368101E+00
 -0.323708E+00
 -0.277523E+00
 -0.233803E+00
 -0.187184E+00
 -0.137365E+00
 -0.874743E-01
 -0.361624E-01
  0.185022E-01
  0.734577E-01
  0.127948E+00
  0.184939E+00
  0.241770E+00
  0.296010E+00
  0.350335E+00
  0.402901E+00
  0.452592E+00
  0.500374E+00
  0.546245E+00
  0.589871E+00
  0.631237E+00
  0.670511E+00
  0.705184E+00
  0.735035E+00
  0.763683E+00
  0.786884E+00
  0.808582E+00
  0.827738E+00
  0.841523E+00
  0.854895E+00
  0.864933E+00
  0.874198E+00
  0.885929E+00
  0.892467E+00
  0.896459E+00
  0.902387E+00
  0.909856E+00
  0.916255E+00
  0.921996E+00
  0.929651E+00
  0.938165E+00
  0.946299E+00
  0.955844E+00
  0.966549E+00
  0.977437E+00
  0.985717E+00
  0.991835E+00
  0.995677E+00
  0.997607E+00
  0.998880E+00
  0.998081E+00
  0.993377E+00
  0.987800E+00
  0.981299E+00
  0.972384E+00
  0.960709E+00
  0.949165E+00
  0.936653E+00
  0.923187E+00
  0.912173E+00
  0.901907E+00
  0.892758E+00
  0.884914E+00
  0.875983E+00
  0.870024E+00
  0.865047E+00
  0.858932E+00
  0.853431E+00
  0.849145E+00
  0.841256E+00
  0.831235E+00
  0.823273E+00
  0.813793E+00
  0.801398E+00
  0.787302E+00
  0.770367E+00
  0.750402E+00
  0.727086E+00
  0.701144E+00
  0.669888E+00
  0.635394E+00
  0.601388E+00
  0.565623E+00
  0.523709E+00
  0.482329E+00
  0.444265E+00
  0.403811E+00
  0.363041E+00
  0.324026E+00
  0.285384E+00
  0.249281E+00
  0.211838E+00
  0.174093E+00
  0.139436E+00
  0.103770E+00
  0.673132E-01
  0.337467E-01
 -0.183582E-03
 -0.378733E-01
 -0.770602E-01
 -0.112756E+00
 -0.150354E+00
 -0.192133E+00
 -0.231772E+00
 -0.269234E+00
 -0.308866E+00
 -0.348602E+00
 -0.385853E+00
 -0.421939E+00
 -0.456797E+00
 -0.487077E+00
 -0.513272E+00
 -0.535747E+00
 -0.553756E+00
 -0.566093E+00
 -0.573442E+00
 -0.574725E+00
 -0.568964E+00
 -0.556993E+00
 -0.539136E+00
 -0.514034E+00
 -0.481589E+00
 -0.442369E+00
 -0.396319E+00
 -0.342535E+00
 -0.281785E+00
 -0.215384E+00
 -0.144717E+00
 -0.678720E-01
  0.133219E-01
  0.987186E-01
  0.187908E+00
  0.279163E+00
  0.373007E+00
  0.469227E+00
  0.568435E+00
  0.669702E+00
  0.772481E+00
  0.877509E+00
  0.982071E+00
  0.108950E+01
  0.119976E+01
  0.131176E+01
  0.142688E+01
  0.154474E+01
  0.166534E+01
  0.178916E+01
  0.191484E+01
  0.204379E+01
  0.217421E+01
  0.230515E+01
  0.243779E+01
  0.257221E+01
  0.270605E+01
  0.284030E+01
  0.297628E+01
  0.311240E+01
  0.324844E+01
  0.338522E+01
  0.351981E+01
  0.365333E+01
  0.378630E+01
  0.391949E+01
  0.405029E+01
  0.417938E+01
  0.430948E+01
  0.443845E+01
  0.456523E+01
  0.469336E+01
  0.482264E+01
  0.495179E+01
  0.507976E+01
  0.520840E+01
  0.533743E+01
  0.546807E+01
  0.559848E+01
  0.572817E+01
  0.585980E+01
  0.599437E+01
  0.612989E+01
  0.626877E+01
  0.640826E+01
  0.654858E+01
  0.669260E+01
  0.683843E+01
  0.698644E+01
  0.713755E+01
  0.728972E+01
  0.744414E+01
  0.759840E+01
  0.775401E+01
  0.790950E+01
  0.806678E+01
  0.822643E+01
  0.838602E+01
  0.854334E+01
  0.869941E+01
  0.885619E+01
  0.901277E+01
  0.916533E+01
  0.931602E+01
  0.946536E+01
  0.961562E+01
  0.976424E+01
  0.991339E+01
  0.100651E+02
  0.102138E+02
  0.103600E+02
  0.105090E+02
  0.106565E+02
  0.108028E+02
  0.109498E+02
  0.110972E+02
  0.112426E+02
  0.113889E+02
  0.115334E+02
  0.116755E+02
  0.118171E+02
  0.119568E+02
  0.120927E+02
  0.122288E+02
  0.123619E+02
  0.124918E+02
  0.126197E+02
  0.127439E+02
  0.128614E+02
  0.129740E+02
  0.130834E+02
  0.131876E+02
  0.132822E+02
  0.133705E+02
  0.134524E+02
  0.135274E+02
  0.135951E+02
  0.136580E+02
  0.137153E+02
  0.137682E+02
  0.138155E+02
  0.138568E+02
  0.138934E+02
  0.139265E+02
  0.139543E+02
  0.139785E+02
  0.139988E+02
  0.140170E+02
  0.140296E+02
  0.140371E+02
  0.140401E+02
  0.140380E+02
  0.140300E+02
  0.140186E+02
  0.140008E+02
  0.139781E+02
  0.139498E+02
  0.139171E+02
  0.138821E+02
  0.138420E+02
  0.137961E+02
  0.137467E+02
  0.136912E+02
  0.136353E+02
  0.135760E+02
  0.135127E+02
  0.134477E+02
  0.133821E+02
  0.133143E+02
  0.132447E+02
  0.131731E+02
  0.131003E+02
  0.130267E+02
  0.129526E+02
  0.128759E+02
  0.127995E+02
  0.127217E+02
  0.126448E+02
  0.125669E+02
  0.124870E+02
  0.124052E+02
  0.123223E+02
  0.122389E+02
  0.121541E+02
  0.120685E+02
  0.119844E+02
  0.118966E+02
  0.118107E+02
  0.117264E+02
  0.116412E+02
  0.115568E+02
  0.114731E+02
  0.113892E+02
  0.113096E+02
  0.112301E+02
  0.111521E+02
  0.110800E+02
  0.110073E+02
  0.109326E+02
  0.108610E+02
  0.107881E+02
  0.107151E+02
  0.106415E+02
  0.105668E+02
  0.104916E+02
  0.104188E+02
  0.103441E+02
  0.102674E+02
  0.101907E+02
  0.101152E+02
  0.100378E+02
  0.995903E+01
  0.987945E+01
  0.979816E+01
  0.971425E+01
  0.963025E+01
  0.954424E+01
  0.945654E+01
  0.936749E+01
  0.927712E+01
  0.918486E+01
  0.909106E+01
  0.899459E+01
  0.889724E+01
  0.879661E+01
  0.869371E+01
  0.859021E+01
  0.848693E+01
  0.838218E+01
  0.827767E+01
  0.817245E+01
  0.806644E+01
  0.795972E+01
  0.785459E+01
  0.775131E+01
  0.764924E+01
  0.754779E+01
  0.744893E+01
  0.735152E+01
  0.725612E+01
  0.716497E+01
  0.707738E+01
  0.699195E+01
  0.691157E+01
  0.683355E+01
  0.675945E+01
  0.668872E+01
  0.662080E+01
  0.655413E+01
  0.648782E+01
  0.642355E+01
  0.636277E+01
  0.630261E+01
  0.624239E+01
  0.618276E+01
  0.612347E+01
  0.606414E+01
  0.600673E+01
  0.594928E+01
  0.589592E+01
  0.584557E+01
  0.579626E+01
  0.574998E+01
  0.570774E+01
  0.566892E+01
  0.563527E+01
  0.560600E+01
  0.558038E+01
  0.555936E+01
  0.554366E+01
  0.553112E+01
  0.552382E+01
  0.551958E+01
  0.551872E+01
  0.552242E+01
  0.552865E+01
  0.553565E+01
  0.554518E+01
  0.555630E+01
  0.556667E+01
  0.557636E+01
  0.558669E+01
  0.559518E+01
  0.560316E+01
  0.560738E+01
  0.560849E+01
  0.560850E+01
  0.560563E+01
  0.559951E+01
  0.559148E+01
  0.558020E+01
  0.556842E+01
  0.555491E+01
  0.554036E+01
  0.552722E+01
  0.551499E+01
  0.550360E+01
  0.549462E+01
  0.548612E+01
  0.548292E+01
  0.548446E+01
  0.548535E+01
  0.549003E+01
  0.550089E+01
  0.551181E+01
  0.552366E+01
  0.553587E+01
  0.555120E+01
  0.556892E+01
  0.558794E+01
  0.560877E+01
  0.562870E+01
  0.564891E+01
  0.567119E+01
  0.569177E+01
  0.571478E+01
  0.573850E+01
  0.575963E+01
  0.578200E+01
  0.580617E+01
  0.582817E+01
  0.585029E+01
  0.587093E+01
  0.589216E+01
  0.591356E+01
  0.593321E+01
  0.595288E+01
  0.597260E+01
  0.599141E+01
  0.600983E+01
  0.602826E+01
  0.604812E+01
  0.606682E+01
  0.608476E+01
  0.610409E+01
  0.612590E+01
  0.614734E+01
  0.617108E+01
  0.619465E+01
  0.621909E+01
  0.624757E+01
  0.627902E+01
  0.631074E+01
  0.634696E+01
  0.638777E+01
  0.643019E+01
  0.647608E+01
  0.652855E+01
  0.658785E+01
  0.665065E+01
  0.671657E+01
  0.678865E+01
  0.686469E+01
  0.694676E+01
  0.703063E+01
  0.712143E+01
  0.721795E+01
  0.731302E+01
  0.740988E+01
  0.751037E+01
  0.761143E+01
  0.771026E+01
  0.780620E+01
  0.790307E+01
  0.799728E+01
  0.808748E+01
  0.817740E+01
  0.826554E+01
  0.834684E+01
  0.842651E+01
  0.850387E+01
  0.857813E+01
  0.864967E+01
  0.871638E+01
  0.877810E+01
  0.883799E+01
  0.889339E+01
  0.894569E+01
  0.899214E+01
  0.903365E+01
  0.907095E+01
  0.910038E+01
  0.912365E+01
  0.914069E+01
  0.915159E+01
  0.916053E+01
  0.915811E+01
  0.914934E+01
  0.913880E+01
  0.912186E+01
  0.910001E+01
  0.907431E+01
  0.904470E+01
  0.901476E+01
  0.897996E+01
  0.894320E+01
  0.890685E+01
  0.886736E+01
  0.882594E+01
  0.878330E+01
  0.873743E+01
  0.869378E+01
  0.864679E+01
  0.859611E+01
  0.854652E+01
  0.849470E+01
  0.843804E+01
  0.837944E+01
  0.831938E+01
  0.825947E+01
  0.819369E+01
  0.812230E+01
  0.805097E+01
  0.797482E+01
  0.789084E+01
  0.780623E+01
  0.771744E+01
  0.762512E+01
  0.752785E+01
  0.742612E+01
  0.732448E+01
  0.722033E+01
  0.711211E+01
  0.700393E+01
  0.689589E+01
  0.678859E+01
  0.667792E+01
  0.656702E+01
  0.645977E+01
  0.635327E+01
  0.624571E+01
  0.614043E+01
  0.603703E+01
  0.593594E+01
  0.583517E+01
  0.573555E+01
  0.563916E+01
  0.554251E+01
  0.544395E+01
  0.534884E+01
  0.525427E+01
  0.515952E+01
  0.506453E+01
  0.497019E+01
  0.487451E+01
  0.477519E+01
  0.467705E+01
  0.457873E+01
  0.447343E+01
  0.436595E+01
  0.425519E+01
  0.414011E+01
  0.402238E+01
  0.389990E+01
  0.377217E+01
  0.364280E+01
  0.350852E+01
  0.336952E+01
  0.322765E+01
  0.308368E+01
  0.293603E+01
  0.278279E+01
  0.262723E+01
  0.246934E+01
  0.230702E+01
  0.214261E+01
  0.197280E+01
  0.179967E+01
  0.162448E+01
  0.144512E+01
  0.126226E+01
  0.107736E+01
  0.887099E+00
  0.694168E+00
  0.496144E+00
  0.292398E+00
  0.879722E-01
 -0.122849E+00
 -0.339002E+00
 -0.555341E+00
 -0.777047E+00
 -0.100326E+01
 -0.123200E+01
 -0.146502E+01
 -0.170321E+01
 -0.194348E+01
 -0.218504E+01
 -0.242973E+01
 -0.267755E+01
 -0.292666E+01
 -0.318030E+01
 -0.343503E+01
 -0.368752E+01
 -0.394399E+01
 -0.420251E+01
 -0.445795E+01
 -0.471200E+01
 -0.496537E+01
 -0.521778E+01
 -0.546867E+01
 -0.571739E+01
 -0.596464E+01
 -0.621021E+01
 -0.645285E+01
 -0.669417E+01
 -0.693108E+01
 -0.716198E+01
 -0.738988E+01
 -0.761238E+01
 -0.782965E+01
 -0.804091E+01
 -0.824212E+01
 -0.843693E+01
 -0.862611E+01
 -0.880327E+01
 -0.896919E+01
 -0.912659E+01
 -0.927480E+01
 -0.941205E+01
 -0.953693E+01
 -0.965227E+01
 -0.976081E+01
 -0.986031E+01
 -0.995025E+01
 -0.100328E+02
 -0.101091E+02
 -0.101786E+02
 -0.102436E+02
 -0.103042E+02
 -0.103607E+02
 -0.104161E+02
 -0.104686E+02
 -0.105196E+02
 -0.105728E+02
 -0.106237E+02
 -0.106730E+02
 -0.107220E+02
 -0.107710E+02
 -0.108216E+02
 -0.108703E+02
 -0.109188E+02
 -0.109682E+02
 -0.110151E+02
 -0.110642E+02
 -0.111146E+02
 -0.111637E+02
 -0.112138E+02
 -0.112640E+02
 -0.113125E+02
 -0.113629E+02
 -0.114139E+02
 -0.114646E+02
 -0.115177E+02
 -0.115715E+02
 -0.116226E+02
 -0.116743E+02
 -0.117304E+02
 -0.117876E+02
 -0.118404E+02
 -0.118959E+02
 -0.119570E+02
 -0.120153E+02
 -0.120732E+02
 -0.121363E+02
 -0.122015E+02
 -0.122652E+02
 -0.123278E+02
 -0.123953E+02
 -0.124624E+02
 -0.125255E+02
 -0.125885E+02
 -0.126500E+02
 -0.127078E+02
 -0.127613E+02
 -0.128090E+02
 -0.128522E+02
 -0.128921E+02
 -0.129280E+02
 -0.129562E+02
 -0.129779E+02
 -0.129952E+02
 -0.130062E+02
 -0.130107E+02
 -0.130111E+02
 -0.130056E+02
 -0.129944E+02
 -0.129774E+02
 -0.129547E+02
 -0.129272E+02
 -0.128954E+02
 -0.128581E+02
 -0.128150E+02
 -0.127674E+02
 -0.127141E+02
 -0.126545E+02
 -0.125902E+02
 -0.125179E+02
 -0.124395E+02
 -0.123565E+02
 -0.122672E+02
 -0.121706E+02
 -0.120678E+02
 -0.119601E+02
 -0.118476E+02
 -0.117279E+02
 -0.116014E+02
 -0.114705E+02
 -0.113364E+02
 -0.111983E+02
 -0.110564E+02
 -0.109129E+02
 -0.107704E+02
 -0.106254E+02
 -0.104789E+02
 -0.103367E+02
 -0.101970E+02
 -0.100565E+02
 -0.991905E+01
 -0.978596E+01
 -0.965691E+01
 -0.953087E+01
 -0.940743E+01
 -0.928780E+01
 -0.917208E+01
 -0.905975E+01
 -0.894818E+01
 -0.883650E+01
 -0.872803E+01
 -0.862122E+01
 -0.851404E+01
 -0.840701E+01
 -0.830060E+01
 -0.819480E+01
 -0.808891E+01
 -0.798139E+01
 -0.787282E+01
 -0.776502E+01
 -0.765642E+01
 -0.754546E+01
 -0.743419E+01
 -0.732273E+01
 -0.721125E+01
 -0.710097E+01
 -0.699205E+01
 -0.688102E+01
 -0.677002E+01
 -0.666273E+01
 -0.655647E+01
 -0.645118E+01
 -0.634585E+01
 -0.624191E+01
 -0.614101E+01
 -0.604201E+01
 -0.594544E+01
 -0.584964E+01
 -0.575581E+01
 -0.566459E+01
 -0.557622E+01
 -0.549351E+01
 -0.541431E+01
 -0.533904E+01
 -0.526841E+01
 -0.520083E+01
 -0.513874E+01
 -0.508173E+01
 -0.503049E+01
 -0.498640E+01
 -0.494773E+01
 -0.491511E+01
 -0.488839E+01
 -0.486537E+01
 -0.484671E+01
 -0.483394E+01
 -0.482401E+01
 -0.481910E+01
 -0.482018E+01
 -0.482356E+01
 -0.483205E+01
 -0.484663E+01
 -0.486462E+01
 -0.488571E+01
 -0.491065E+01
 -0.494200E+01
 -0.497756E+01
 -0.501480E+01
 -0.505775E+01
 -0.510598E+01
 -0.515567E+01
 -0.520987E+01
 -0.526970E+01
 -0.533290E+01
 -0.539975E+01
 -0.547043E+01
 -0.554490E+01
 -0.562413E+01
 -0.570605E+01
 -0.578736E+01
 -0.587345E+01
 -0.596656E+01
 -0.605869E+01
 -0.615242E+01
 -0.625319E+01
 -0.635806E+01
 -0.646697E+01
 -0.658041E+01
 -0.669946E+01
 -0.682501E+01
 -0.695377E+01
 -0.708740E+01
 -0.722825E+01
 -0.737456E+01
 -0.752486E+01
 -0.767831E+01
 -0.783836E+01
 -0.800419E+01
 -0.817275E+01
 -0.834465E+01
 -0.851908E+01
 -0.869729E+01
 -0.887787E+01
 -0.905888E+01
 -0.924161E+01
 -0.942393E+01
 -0.960650E+01
 -0.978831E+01
 -0.996790E+01
 -0.101493E+02
 -0.103322E+02
 -0.105116E+02
 -0.106907E+02
 -0.108722E+02
 -0.110514E+02
 -0.112274E+02
 -0.114036E+02
 -0.115779E+02
 -0.117480E+02
 -0.119134E+02
 -0.120757E+02
 -0.122340E+02
 -0.123865E+02
 -0.125330E+02
 -0.126734E+02
 -0.128068E+02
 -0.129327E+02
 -0.130522E+02
 -0.131653E+02
 -0.132701E+02
 -0.133698E+02
 -0.134620E+02
 -0.135447E+02
 -0.136223E+02
 -0.136940E+02
 -0.137579E+02
 -0.138172E+02
 -0.138691E+02
 -0.139141E+02
 -0.139564E+02
 -0.139919E+02
 -0.140207E+02
 -0.140508E+02
 -0.140761E+02
 -0.140951E+02
 -0.141143E+02
 -0.141318E+02
 -0.141454E+02
 -0.141603E+02
 -0.141739E+02
 -0.141847E+02
 -0.141957E+02
 -0.142066E+02
 -0.142168E+02
 -0.142298E+02
 -0.142418E+02
 -0.142528E+02
 -0.142669E+02
 -0.142798E+02
 -0.142909E+02
 -0.143067E+02
 -0.143212E+02
 -0.143336E+02
 -0.143469E+02
 -0.143564E+02
 -0.143622E+02
 -0.143673E+02
 -0.143704E+02
 -0.143713E+02
 -0.143662E+02
 -0.143572E+02
 -0.143458E+02
 -0.143308E+02
 -0.143111E+02
 -0.142860E+02
 -0.142584E+02
 -0.142278E+02
 -0.141927E+02
 -0.141563E+02
 -0.141148E+02
 -0.140706E+02
 -0.140265E+02
 -0.139796E+02
 -0.139321E+02
 -0.138856E+02
 -0.138381E+02
 -0.137929E+02
 -0.137492E+02
 -0.137067E+02
 -0.136668E+02
 -0.136289E+02
 -0.135941E+02
 -0.135620E+02
 -0.135297E+02
 -0.135022E+02
 -0.134799E+02
 -0.134565E+02
 -0.134326E+02
 -0.134132E+02
 -0.133966E+02
 -0.133812E+02
 -0.133664E+02
 -0.133560E+02
 -0.133507E+02
 -0.133454E+02
 -0.133412E+02
 -0.133436E+02
 -0.133494E+02
 -0.133572E+02
 -0.133687E+02
 -0.133825E+02
 -0.133986E+02
 -0.134185E+02
 -0.134396E+02
 -0.134628E+02
 -0.134908E+02
 -0.135206E+02
 -0.135485E+02
 -0.135790E+02
 -0.136155E+02
 -0.136569E+02
 -0.136963E+02
 -0.137357E+02
 -0.137789E+02
 -0.138248E+02
 -0.138714E+02
 -0.139179E+02
 -0.139641E+02
 -0.140109E+02
 -0.140558E+02
 -0.140974E+02
 -0.141370E+02
 -0.141754E+02
 -0.142103E+02
 -0.142422E+02
 -0.142717E+02
 -0.142966E+02
 -0.143161E+02
 -0.143329E+02
 -0.143436E+02
 -0.143486E+02
 -0.143475E+02
 -0.143401E+02
 -0.143288E+02
 -0.143082E+02
 -0.142779E+02
 -0.142431E+02
 -0.142001E+02
 -0.141482E+02
 -0.140871E+02
 -0.140180E+02
 -0.139415E+02
 -0.138557E+02
 -0.137621E+02
 -0.136614E+02
 -0.135522E+02
 -0.134359E+02
 -0.133113E+02
 -0.131801E+02
 -0.130432E+02
 -0.128991E+02
 -0.127504E+02
 -0.125982E+02
 -0.124407E+02
 -0.122824E+02
 -0.121230E+02
 -0.119609E+02
 -0.117981E+02
 -0.116366E+02
 -0.114760E+02
 -0.113147E+02
 -0.111526E+02
 -0.109929E+02
 -0.108371E+02
 -0.106842E+02
 -0.105336E+02
 -0.103841E+02
 -0.102360E+02
 -0.100925E+02
 -0.995095E+01
 -0.980992E+01
 -0.966898E+01
 -0.952735E+01
 -0.938669E+01
 -0.924782E+01
 -0.910777E+01
 -0.896661E+01
 -0.882564E+01
 -0.868411E+01
 -0.854144E+01
 -0.839886E+01
 -0.825600E+01
 -0.811191E+01
 -0.796778E+01
 -0.782294E+01
 -0.767745E+01
 -0.753219E+01
 -0.738513E+01
 -0.723658E+01
 -0.708649E+01
 -0.693530E+01
 -0.678259E+01
 -0.662802E+01
 -0.647288E+01
 -0.631694E+01
 -0.615790E+01
 -0.599610E+01
 -0.583356E+01
 -0.567023E+01
 -0.550606E+01
 -0.533926E+01
 -0.517191E+01
 -0.500579E+01
 -0.483882E+01
 -0.467276E+01
 -0.450665E+01
 -0.434032E+01
 -0.417595E+01
 -0.401129E+01
 -0.384739E+01
 -0.368655E+01
 -0.352661E+01
 -0.336711E+01
 -0.320887E+01
 -0.305194E+01
 -0.289744E+01
 -0.274347E+01
 -0.259220E+01
 -0.244492E+01
 -0.229772E+01
 -0.215170E+01
 -0.200973E+01
 -0.187013E+01
 -0.173334E+01
 -0.159861E+01
 -0.146590E+01
 -0.133588E+01
 -0.120690E+01
 -0.107945E+01
 -0.953293E+00
 -0.827153E+00
 -0.703577E+00
 -0.580661E+00
 -0.457405E+00
 -0.334200E+00
 -0.210590E+00
 -0.871749E-01
  0.381660E-01
  0.166657E+00
  0.294162E+00
  0.421574E+00
  0.550681E+00
  0.682261E+00
  0.814714E+00
  0.947108E+00
  0.107904E+01
  0.121099E+01
  0.134295E+01
  0.147375E+01
  0.160096E+01
  0.172625E+01
  0.185067E+01
  0.197115E+01
  0.208800E+01
  0.220154E+01
  0.230890E+01
  0.241275E+01
  0.251100E+01
  0.260531E+01
  0.269743E+01
  0.278493E+01
  0.286891E+01
  0.295217E+01
  0.303360E+01
  0.311341E+01
  0.319268E+01
  0.327292E+01
  0.335050E+01
  0.342974E+01
  0.351129E+01
  0.358780E+01
  0.366625E+01
  0.374761E+01
  0.382409E+01
  0.390169E+01
  0.397863E+01
  0.405404E+01
  0.412889E+01
  0.419917E+01
  0.426618E+01
  0.433446E+01
  0.439936E+01
  0.445961E+01
  0.451626E+01
  0.457061E+01
  0.462325E+01
  0.467271E+01
  0.472084E+01
  0.477001E+01
  0.481764E+01
  0.486486E+01
  0.491052E+01
  0.495697E+01
  0.500320E+01
  0.505077E+01
  0.510038E+01
  0.514744E+01
  0.519689E+01
  0.525117E+01
  0.530461E+01
  0.536229E+01
  0.542178E+01
  0.548150E+01
  0.554667E+01
  0.561559E+01
  0.568597E+01
  0.576151E+01
  0.583936E+01
  0.592113E+01
  0.600643E+01
  0.609352E+01
  0.618548E+01
  0.628150E+01
  0.637965E+01
  0.648171E+01
  0.658418E+01
  0.669177E+01
  0.680325E+01
  0.691489E+01
  0.703004E+01
  0.714669E+01
  0.726270E+01
  0.738198E+01
  0.750126E+01
  0.761864E+01
  0.773462E+01
  0.785205E+01
  0.796861E+01
  0.808293E+01
  0.819490E+01
  0.830559E+01
  0.841345E+01
  0.852025E+01
  0.862434E+01
  0.872627E+01
  0.882869E+01
  0.892859E+01
  0.902682E+01
  0.912615E+01
  0.922159E+01
  0.931941E+01
  0.941775E+01
  0.951260E+01
  0.960802E+01
  0.970389E+01
  0.979817E+01
  0.989529E+01
  0.999247E+01
  0.100896E+02
  0.101881E+02
  0.102874E+02
  0.103857E+02
  0.104859E+02
  0.105878E+02
  0.106887E+02
  0.107887E+02
  0.108911E+02
  0.109923E+02
  0.110951E+02
  0.111970E+02
  0.112965E+02
  0.113955E+02
  0.114930E+02
  0.115889E+02
  0.116845E+02
  0.117761E+02
  0.118639E+02
  0.119486E+02
  0.120305E+02
  0.121054E+02
  0.121765E+02
  0.122426E+02
  0.123020E+02
  0.123565E+02
  0.124058E+02
  0.124475E+02
  0.124843E+02
  0.125154E+02
  0.125423E+02
  0.125619E+02
  0.125760E+02
  0.125870E+02
  0.125943E+02
  0.125954E+02
  0.125927E+02
  0.125878E+02
  0.125788E+02
  0.125641E+02
  0.125478E+02
  0.125270E+02
  0.125037E+02
  0.124773E+02
  0.124488E+02
  0.124191E+02
  0.123863E+02
  0.123503E+02
  0.123140E+02
  0.122758E+02
  0.122385E+02
  0.122000E+02
  0.121616E+02
  0.121243E+02
  0.120892E+02
  0.120565E+02
  0.120266E+02
  0.119982E+02
  0.119727E+02
  0.119510E+02
  0.119318E+02
  0.119141E+02
  0.119030E+02
  0.118974E+02
  0.118972E+02
  0.118998E+02
  0.119069E+02
  0.119190E+02
  0.119352E+02
  0.119549E+02
  0.119793E+02
  0.120058E+02
  0.120334E+02
  0.120635E+02
  0.120952E+02
  0.121234E+02
  0.121522E+02
  0.121802E+02
  0.122058E+02
  0.122270E+02
  0.122449E+02
  0.122593E+02
  0.122695E+02
  0.122738E+02
  0.122736E+02
  0.122678E+02
  0.122573E+02
  0.122404E+02
  0.122188E+02
  0.121917E+02
  0.121605E+02
  0.121242E+02
  0.120847E+02
  0.120395E+02
  0.119883E+02
  0.119336E+02
  0.118754E+02
  0.118113E+02
  0.117428E+02
  0.116669E+02
  0.115861E+02
  0.114998E+02
  0.114084E+02
  0.113126E+02
  0.112114E+02
  0.111014E+02
  0.109867E+02
  0.108665E+02
  0.107388E+02
  0.106052E+02
  0.104690E+02
  0.103266E+02
  0.101797E+02
  0.100297E+02
  0.987536E+01
  0.971757E+01
  0.955788E+01
  0.939301E+01
  0.922728E+01
  0.905931E+01
  0.888910E+01
  0.871840E+01
  0.854531E+01
  0.837162E+01
  0.819972E+01
  0.802680E+01
  0.785513E+01
  0.768192E+01
  0.750896E+01
  0.733646E+01
  0.716213E+01
  0.698774E+01
  0.681442E+01
  0.664072E+01
  0.646839E+01
  0.629348E+01
  0.611773E+01
  0.594283E+01
  0.576785E+01
  0.559212E+01
  0.541574E+01
  0.523963E+01
  0.506500E+01
  0.488958E+01
  0.471500E+01
  0.454202E+01
  0.436889E+01
  0.419314E+01
  0.401702E+01
  0.383854E+01
  0.365800E+01
  0.347482E+01
  0.328795E+01
  0.309708E+01
  0.290352E+01
  0.270792E+01
  0.250759E+01
  0.230191E+01
  0.209442E+01
  0.188322E+01
  0.166792E+01
  0.144739E+01
  0.122411E+01
  0.999961E+00
  0.773075E+00
  0.544909E+00
  0.315630E+00
  0.845728E-01
 -0.145036E+00
 -0.375220E+00
 -0.605386E+00
 -0.835061E+00
 -0.106258E+01
 -0.128830E+01
 -0.151385E+01
 -0.173765E+01
 -0.195918E+01
 -0.217821E+01
 -0.239527E+01
 -0.261325E+01
 -0.282920E+01
 -0.304064E+01
 -0.325027E+01
 -0.346207E+01
 -0.367319E+01
 -0.388209E+01
 -0.409052E+01
 -0.429757E+01
 -0.450501E+01
 -0.471177E+01
 -0.491551E+01
 -0.511882E+01
 -0.532218E+01
 -0.552619E+01
 -0.572830E+01
 -0.592903E+01
 -0.613126E+01
 -0.633167E+01
 -0.652876E+01
 -0.672541E+01
 -0.692223E+01
 -0.711592E+01
 -0.730596E+01
 -0.749433E+01
 -0.768038E+01
 -0.786272E+01
 -0.804109E+01
 -0.821677E+01
 -0.838863E+01
 -0.855516E+01
 -0.871736E+01
 -0.887543E+01
 -0.902908E+01
 -0.917563E+01
 -0.931568E+01
 -0.945015E+01
 -0.957828E+01
 -0.970044E+01
 -0.981651E+01
 -0.992736E+01
 -0.100312E+02
 -0.101273E+02
 -0.102174E+02
 -0.102994E+02
 -0.103746E+02
 -0.104427E+02
 -0.105022E+02
 -0.105517E+02
 -0.105922E+02
 -0.106265E+02
 -0.106503E+02
 -0.106636E+02
 -0.106696E+02
 -0.106635E+02
 -0.106457E+02
 -0.106193E+02
 -0.105838E+02
 -0.105384E+02
 -0.104864E+02
 -0.104287E+02
 -0.103660E+02
 -0.102968E+02
 -0.102212E+02
 -0.101435E+02
 -0.100635E+02
 -0.998081E+01
 -0.989656E+01
 -0.981246E+01
 -0.972968E+01
 -0.964602E+01
 -0.956382E+01
 -0.948209E+01
 -0.940072E+01
 -0.932282E+01
 -0.924701E+01
 -0.917186E+01
 -0.909946E+01
 -0.903054E+01
 -0.896288E+01
 -0.889714E+01
 -0.883625E+01
 -0.877762E+01
 -0.872024E+01
 -0.866600E+01
 -0.861442E+01
 -0.856445E+01
 -0.851698E+01
 -0.847059E+01
 -0.842580E+01
 -0.838517E+01
 -0.834622E+01
 -0.830726E+01
 -0.827050E+01
 -0.823489E+01
 -0.819937E+01
 -0.816386E+01
 -0.812848E+01
 -0.809412E+01
 -0.805938E+01
 -0.802652E+01
 -0.799512E+01
 -0.796265E+01
 -0.793230E+01
 -0.790209E+01
 -0.787367E+01
 -0.784553E+01
 -0.781741E+01
 -0.779507E+01
 -0.777294E+01
 -0.775187E+01
 -0.773505E+01
 -0.772004E+01
 -0.770783E+01
 -0.769821E+01
 -0.768975E+01
 -0.768336E+01
 -0.768015E+01
 -0.767933E+01
 -0.768093E+01
 -0.768368E+01
 -0.768997E+01
 -0.769913E+01
 -0.771088E+01
 -0.772687E+01
 -0.774748E+01
 -0.777234E+01
 -0.779994E+01
 -0.783168E+01
 -0.786784E+01
 -0.790935E+01
 -0.795332E+01
 -0.799930E+01
 -0.805219E+01
 -0.810888E+01
 -0.816816E+01
 -0.823230E+01
 -0.829928E+01
 -0.836945E+01
 -0.844341E+01
 -0.851825E+01
 -0.859514E+01
 -0.867762E+01
 -0.876191E+01
 -0.884607E+01
 -0.893527E+01
 -0.902686E+01
 -0.911947E+01
 -0.921516E+01
 -0.931399E+01
 -0.941700E+01
 -0.952354E+01
 -0.963338E+01
 -0.974697E+01
 -0.986486E+01
 -0.998890E+01
 -0.101165E+02
 -0.102486E+02
 -0.103877E+02
 -0.105318E+02
 -0.106823E+02
 -0.108384E+02
 -0.109972E+02
 -0.111625E+02
 -0.113355E+02
 -0.115130E+02
 -0.116939E+02
 -0.118814E+02
 -0.120763E+02
 -0.122759E+02
 -0.124806E+02
 -0.126898E+02
 -0.129023E+02
 -0.131193E+02
 -0.133377E+02
 -0.135574E+02
 -0.137797E+02
 -0.140060E+02
 -0.142339E+02
 -0.144618E+02
 -0.146907E+02
 -0.149205E+02
 -0.151501E+02
 -0.153797E+02
 -0.156085E+02
 -0.158392E+02
 -0.160705E+02
 -0.163003E+02
 -0.165301E+02
 -0.167629E+02
 -0.169957E+02
 -0.172256E+02
 -0.174565E+02
 -0.176904E+02
 -0.179216E+02
 -0.181539E+02
 -0.183875E+02
 -0.186203E+02
 -0.188535E+02
 -0.190865E+02
 -0.193172E+02
 -0.195490E+02
 -0.197821E+02
 -0.200135E+02
 -0.202424E+02
 -0.204715E+02
 -0.206998E+02
 -0.209251E+02
 -0.211456E+02
 -0.213646E+02
 -0.215815E+02
 -0.217950E+02
 -0.220055E+02
 -0.222124E+02
 -0.224146E+02
 -0.226137E+02
 -0.228089E+02
 -0.229998E+02
 -0.231833E+02
 -0.233632E+02
 -0.235402E+02
 -0.237126E+02
 -0.238793E+02
 -0.240415E+02
 -0.241998E+02
 -0.243556E+02
 -0.245056E+02
 -0.246513E+02
 -0.247908E+02
 -0.249263E+02
 -0.250586E+02
 -0.251860E+02
 -0.253080E+02
 -0.254247E+02
 -0.255344E+02
 -0.256410E+02
 -0.257424E+02
 -0.258398E+02
 -0.259320E+02
 -0.260178E+02
 -0.260980E+02
 -0.261741E+02
 -0.262426E+02
 -0.263058E+02
 -0.263640E+02
 -0.264189E+02
 -0.264697E+02
 -0.265144E+02
 -0.265540E+02
 -0.265931E+02
 -0.266265E+02
 -0.266555E+02
 -0.266802E+02
 -0.267005E+02
 -0.267187E+02
 -0.267316E+02
 -0.267384E+02
 -0.267429E+02
 -0.267411E+02
 -0.267352E+02
 -0.267227E+02
 -0.267068E+02
 -0.266868E+02
 -0.266597E+02
 -0.266284E+02
 -0.265935E+02
 -0.265518E+02
 -0.265072E+02
 -0.264571E+02
 -0.264012E+02
 -0.263410E+02
 -0.262762E+02
 -0.262055E+02
 -0.261312E+02
 -0.260501E+02
 -0.259659E+02
 -0.258788E+02
 -0.257895E+02
 -0.256977E+02
 -0.256010E+02
 -0.255031E+02
 -0.254067E+02
 -0.253068E+02
 -0.252080E+02
 -0.251112E+02
 -0.250161E+02
 -0.249227E+02
 -0.248306E+02
 -0.247406E+02
 -0.246556E+02
 -0.245740E+02
 -0.244980E+02
 -0.244265E+02
 -0.243621E+02
 -0.243044E+02
 -0.242528E+02
 -0.242094E+02
 -0.241729E+02
 -0.241427E+02
 -0.241242E+02
 -0.241126E+02
 -0.241094E+02
 -0.241147E+02
 -0.241273E+02
 -0.241500E+02
 -0.241828E+02
 -0.242226E+02
 -0.242721E+02
 -0.243299E+02
 -0.243974E+02
 -0.244724E+02
 -0.245539E+02
 -0.246451E+02
 -0.247455E+02
 -0.248496E+02
 -0.249612E+02
 -0.250756E+02
 -0.251936E+02
 -0.253191E+02
 -0.254463E+02
 -0.255740E+02
 -0.257063E+02
 -0.258388E+02
 -0.259717E+02
 -0.261021E+02
 -0.262322E+02
 -0.263618E+02
 -0.264868E+02
 -0.266064E+02
 -0.267228E+02
 -0.268336E+02
 -0.269414E+02
 -0.270436E+02
 -0.271419E+02
 -0.272378E+02
 -0.273261E+02
 -0.274070E+02
 -0.274868E+02
 -0.275595E+02
 -0.276259E+02
 -0.276868E+02
 -0.277449E+02
 -0.277993E+02
 -0.278470E+02
 -0.278882E+02
 -0.279245E+02
 -0.279532E+02
 -0.279793E+02
 -0.279977E+02
 -0.280076E+02
 -0.280147E+02
 -0.280146E+02
 -0.280065E+02
 -0.279965E+02
 -0.279789E+02
 -0.279579E+02
 -0.279316E+02
 -0.278996E+02
 -0.278644E+02
 -0.278272E+02
 -0.277879E+02
 -0.277447E+02
 -0.276992E+02
 -0.276554E+02
 -0.276064E+02
 -0.275572E+02
 -0.275103E+02
 -0.274609E+02
 -0.274096E+02
 -0.273610E+02
 -0.273118E+02
 -0.272634E+02
 -0.272151E+02
 -0.271673E+02
 -0.271194E+02
 -0.270714E+02
 -0.270224E+02
 -0.269739E+02
 -0.269233E+02
 -0.268722E+02
 -0.268179E+02
 -0.267627E+02
 -0.267077E+02
 -0.266492E+02
 -0.265877E+02
 -0.265250E+02
 -0.264580E+02
 -0.263890E+02
 -0.263148E+02
 -0.262385E+02
 -0.261600E+02
 -0.260765E+02
 -0.259899E+02
 -0.259019E+02
 -0.258087E+02
 -0.257121E+02
 -0.256122E+02
 -0.255103E+02
 -0.254057E+02
 -0.252965E+02
 -0.251838E+02
 -0.250699E+02
 -0.249511E+02
 -0.248307E+02
 -0.247078E+02
 -0.245833E+02
 -0.244575E+02
 -0.243280E+02
 -0.241963E+02
 -0.240656E+02
 -0.239303E+02
 -0.237947E+02
 -0.236597E+02
 -0.235236E+02
 -0.233879E+02
 -0.232498E+02
 -0.231101E+02
 -0.229716E+02
 -0.228277E+02
 -0.226849E+02
 -0.225420E+02
 -0.223974E+02
 -0.222551E+02
 -0.221115E+02
 -0.219686E+02
 -0.218265E+02
 -0.216826E+02
 -0.215438E+02
 -0.214044E+02
 -0.212672E+02
 -0.211363E+02
 -0.210072E+02
 -0.208826E+02
 -0.207647E+02
 -0.206493E+02
 -0.205396E+02
 -0.204338E+02
 -0.203326E+02
 -0.202377E+02
 -0.201478E+02
 -0.200639E+02
 -0.199862E+02
 -0.199127E+02
 -0.198468E+02
 -0.197843E+02
 -0.197266E+02
 -0.196748E+02
 -0.196261E+02
 -0.195820E+02
 -0.195423E+02
 -0.195072E+02
 -0.194792E+02
 -0.194520E+02
 -0.194296E+02
 -0.194138E+02
 -0.193999E+02
 -0.193896E+02
 -0.193847E+02
 -0.193840E+02
 -0.193900E+02
 -0.193982E+02
 -0.194130E+02
 -0.194361E+02
 -0.194643E+02
 -0.194987E+02
 -0.195405E+02
 -0.195884E+02
 -0.196436E+02
 -0.197034E+02
 -0.197703E+02
 -0.198443E+02
 -0.199233E+02
 -0.200072E+02
 -0.200974E+02
 -0.201915E+02
 -0.202909E+02
 -0.203930E+02
 -0.204980E+02
 -0.206072E+02
 -0.207182E+02
 -0.208291E+02
 -0.209405E+02
 -0.210533E+02
 -0.211678E+02
 -0.212795E+02
 -0.213927E+02
 -0.215059E+02
 -0.216180E+02
 -0.217300E+02
 -0.218393E+02
 -0.219476E+02
 -0.220571E+02
 -0.221643E+02
 -0.222718E+02
 -0.223802E+02
 -0.224877E+02
 -0.225919E+02
 -0.226940E+02
 -0.227953E+02
 -0.228982E+02
 -0.229999E+02
 -0.231000E+02
 -0.231989E+02
 -0.232960E+02
 -0.233893E+02
 -0.234812E+02
 -0.235712E+02
 -0.236573E+02
 -0.237385E+02
 -0.238190E+02
 -0.238960E+02
 -0.239691E+02
 -0.240393E+02
 -0.241055E+02
 -0.241670E+02
 -0.242265E+02
 -0.242811E+02
 -0.243327E+02
 -0.243837E+02
 -0.244316E+02
 -0.244769E+02
 -0.245224E+02
 -0.245627E+02
 -0.246017E+02
 -0.246410E+02
 -0.246778E+02
 -0.247122E+02
 -0.247453E+02
 -0.247743E+02
 -0.248008E+02
 -0.248243E+02
 -0.248437E+02
 -0.248569E+02
 -0.248679E+02
 -0.248732E+02
 -0.248719E+02
 -0.248649E+02
 -0.248518E+02
 -0.248323E+02
 -0.248060E+02
 -0.247703E+02
 -0.247293E+02
 -0.246800E+02
 -0.246217E+02
 -0.245575E+02
 -0.244860E+02
 -0.244063E+02
 -0.243205E+02
 -0.242274E+02
 -0.241315E+02
 -0.240286E+02
 -0.239185E+02
 -0.238041E+02
 -0.236849E+02
 -0.235619E+02
 -0.234360E+02
 -0.233070E+02
 -0.231788E+02
 -0.230480E+02
 -0.229142E+02
 -0.227793E+02
 -0.226456E+02
 -0.225114E+02
 -0.223782E+02
 -0.222475E+02
 -0.221182E+02
 -0.219890E+02
 -0.218624E+02
 -0.217392E+02
 -0.216194E+02
 -0.214997E+02
 -0.213848E+02
 -0.212721E+02
 -0.211602E+02
 -0.210519E+02
 -0.209442E+02
 -0.208347E+02
 -0.207281E+02
 -0.206226E+02
 -0.205178E+02
 -0.204104E+02
 -0.203022E+02
 -0.201957E+02
 -0.200897E+02
 -0.199803E+02
 -0.198700E+02
 -0.197605E+02
 -0.196485E+02
 -0.195319E+02
 -0.194150E+02
 -0.192979E+02
 -0.191779E+02
 -0.190534E+02
 -0.189296E+02
 -0.188028E+02
 -0.186721E+02
 -0.185405E+02
 -0.184066E+02
 -0.182696E+02
 -0.181302E+02
 -0.179858E+02
 -0.178377E+02
 -0.176875E+02
 -0.175343E+02
 -0.173756E+02
 -0.172144E+02
 -0.170495E+02
 -0.168800E+02
 -0.167075E+02
 -0.165326E+02
 -0.163544E+02
 -0.161721E+02
 -0.159856E+02
 -0.157980E+02
 -0.156080E+02
 -0.154141E+02
 -0.152181E+02
 -0.150212E+02
 -0.148189E+02
 -0.146140E+02
 -0.144085E+02
 -0.142013E+02
 -0.139926E+02
 -0.137809E+02
 -0.135663E+02
 -0.133508E+02
 -0.131320E+02
 -0.129120E+02
 -0.126911E+02
 -0.124683E+02
 -0.122424E+02
 -0.120142E+02
 -0.117860E+02
 -0.115564E+02
 -0.113247E+02
 -0.110928E+02
 -0.108594E+02
 -0.106263E+02
 -0.103920E+02
 -0.101570E+02
 -0.992430E+01
 -0.969490E+01
 -0.946686E+01
 -0.924062E+01
 -0.901799E+01
 -0.879792E+01
 -0.857969E+01
 -0.836519E+01
 -0.815457E+01
 -0.794814E+01
 -0.774541E+01
 -0.754649E+01
 -0.735138E+01
 -0.716025E+01
 -0.697328E+01
 -0.678977E+01
 -0.661026E+01
 -0.643577E+01
 -0.626526E+01
 -0.609823E+01
 -0.593495E+01
 -0.577478E+01
 -0.561879E+01
 -0.546850E+01
 -0.532202E+01
 -0.517960E+01
 -0.504163E+01
 -0.490630E+01
 -0.477559E+01
 -0.464922E+01
 -0.452567E+01
 -0.440653E+01
 -0.429214E+01
 -0.418118E+01
 -0.407247E+01
 -0.396606E+01
 -0.386251E+01
 -0.376157E+01
 -0.366341E+01
 -0.356761E+01
 -0.347423E+01
 -0.338289E+01
 -0.329316E+01
 -0.320515E+01
 -0.311886E+01
 -0.303359E+01
 -0.294920E+01
 -0.286595E+01
 -0.278499E+01
 -0.270599E+01
 -0.262637E+01
 -0.254567E+01
 -0.246780E+01
 -0.239351E+01
 -0.232061E+01
 -0.224876E+01
 -0.217972E+01
 -0.211154E+01
 -0.204441E+01
 -0.198167E+01
 -0.192169E+01
 -0.186373E+01
 -0.181024E+01
 -0.175894E+01
 -0.171066E+01
 -0.166654E+01
 -0.162612E+01
 -0.159129E+01
 -0.156075E+01
 -0.153265E+01
 -0.150849E+01
 -0.148786E+01
 -0.147175E+01
 -0.145908E+01
 -0.144998E+01
 -0.144436E+01
 -0.144109E+01
 -0.144201E+01
 -0.144555E+01
 -0.144935E+01
 -0.145573E+01
 -0.146319E+01
 -0.147254E+01
 -0.148476E+01
 -0.149705E+01
 -0.150746E+01
 -0.151912E+01
 -0.153318E+01
 -0.154640E+01
 -0.156034E+01
 -0.157639E+01
 -0.159047E+01
 -0.160402E+01
 -0.161783E+01
 -0.162966E+01
 -0.164003E+01
 -0.164981E+01
 -0.165839E+01
 -0.166541E+01
 -0.166954E+01
 -0.167277E+01
 -0.167332E+01
 -0.166961E+01
 -0.166429E+01
 -0.165678E+01
 -0.164568E+01
 -0.162957E+01
 -0.160700E+01
 -0.158086E+01
 -0.155183E+01
 -0.151802E+01
 -0.147715E+01
 -0.143157E+01
 -0.138195E+01
 -0.132556E+01
 -0.126419E+01
 -0.119780E+01
 -0.112389E+01
 -0.104705E+01
 -0.965975E+00
 -0.878818E+00
 -0.788634E+00
 -0.694442E+00
 -0.595787E+00
 -0.495018E+00
 -0.390153E+00
 -0.281574E+00
 -0.171791E+00
 -0.602894E-01
  0.564294E-01
  0.177053E+00
  0.298535E+00
  0.422304E+00
  0.548881E+00
  0.676100E+00
  0.804206E+00
  0.933011E+00
  0.106378E+01
  0.119388E+01
  0.132291E+01
  0.145133E+01
  0.157992E+01
  0.170899E+01
  0.183475E+01
  0.195698E+01
  0.207887E+01
  0.219917E+01
  0.231816E+01
  0.243343E+01
  0.254504E+01
  0.265570E+01
  0.276408E+01
  0.286788E+01
  0.296986E+01
  0.306846E+01
  0.316629E+01
  0.326348E+01
  0.335524E+01
  0.344480E+01
  0.353344E+01
  0.361776E+01
  0.370064E+01
  0.378051E+01
  0.385718E+01
  0.393289E+01
  0.400897E+01
  0.408335E+01
  0.415609E+01
  0.422783E+01
  0.429930E+01
  0.437239E+01
  0.444815E+01
  0.452299E+01
  0.460021E+01
  0.468141E+01
  0.476394E+01
  0.484792E+01
  0.493673E+01
  0.503088E+01
  0.512796E+01
  0.522716E+01
  0.533380E+01
  0.544640E+01
  0.556291E+01
  0.568270E+01
  0.580920E+01
  0.594313E+01
  0.608007E+01
  0.622000E+01
  0.636820E+01
  0.652135E+01
  0.667700E+01
  0.683474E+01
  0.699588E+01
  0.716087E+01
  0.732760E+01
  0.749409E+01
  0.766248E+01
  0.783028E+01
  0.799608E+01
  0.815996E+01
  0.832386E+01
  0.848549E+01
  0.864431E+01
  0.879990E+01
  0.895146E+01
  0.909865E+01
  0.924395E+01
  0.938446E+01
  0.952024E+01
  0.965162E+01
  0.977805E+01
  0.989944E+01
  0.100179E+02
  0.101297E+02
  0.102365E+02
  0.103400E+02
  0.104380E+02
  0.105296E+02
  0.106175E+02
  0.107016E+02
  0.107831E+02
  0.108592E+02
  0.109306E+02
  0.109976E+02
  0.110604E+02
  0.111173E+02
  0.111699E+02
  0.112194E+02
  0.112657E+02
  0.113070E+02
  0.113453E+02
  0.113799E+02
  0.114105E+02
  0.114384E+02
  0.114650E+02
  0.114882E+02
  0.115105E+02
  0.115317E+02
  0.115506E+02
  0.115677E+02
  0.115864E+02
  0.116030E+02
  0.116201E+02
  0.116389E+02
  0.116593E+02
  0.116819E+02
  0.117067E+02
  0.117320E+02
  0.117585E+02
  0.117859E+02
  0.118164E+02
  0.118475E+02
  0.118825E+02
  0.119186E+02
  0.119541E+02
  0.119928E+02
  0.120334E+02
  0.120729E+02
  0.121144E+02
  0.121565E+02
  0.122008E+02
  0.122471E+02
  0.122941E+02
  0.123405E+02
  0.123891E+02
  0.124378E+02
  0.124867E+02
  0.125357E+02
  0.125846E+02
  0.126322E+02
  0.126791E+02
  0.127231E+02
  0.127660E+02
  0.128093E+02
  0.128521E+02
  0.128903E+02
  0.129298E+02
  0.129691E+02
  0.130027E+02
  0.130360E+02
  0.130701E+02
  0.131001E+02
  0.131307E+02
  0.131568E+02
  0.131814E+02
  0.132065E+02
  0.132258E+02
  0.132413E+02
  0.132563E+02
  0.132654E+02
  0.132708E+02
  0.132706E+02
  0.132672E+02
  0.132588E+02
  0.132429E+02
  0.132227E+02
  0.131978E+02
  0.131654E+02
  0.131284E+02
  0.130830E+02
  0.130318E+02
  0.129750E+02
  0.129105E+02
  0.128402E+02
  0.127653E+02
  0.126837E+02
  0.125982E+02
  0.125049E+02
  0.124074E+02
  0.123064E+02
  0.121990E+02
  0.120873E+02
  0.119727E+02
  0.118539E+02
  0.117327E+02
  0.116073E+02
  0.114819E+02
  0.113538E+02
  0.112218E+02
  0.110883E+02
  0.109534E+02
  0.108169E+02
  0.106804E+02
  0.105425E+02
  0.104062E+02
  0.102710E+02
  0.101376E+02
  0.100051E+02
  0.987574E+01
  0.975034E+01
  0.962686E+01
  0.950623E+01
  0.939147E+01
  0.927915E+01
  0.917058E+01
  0.906578E+01
  0.896672E+01
  0.887054E+01
  0.877787E+01
  0.869106E+01
  0.860698E+01
  0.852549E+01
  0.844890E+01
  0.837345E+01
  0.830166E+01
  0.823134E+01
  0.816193E+01
  0.809391E+01
  0.802466E+01
  0.795494E+01
  0.788846E+01
  0.782155E+01
  0.775415E+01
  0.768606E+01
  0.761721E+01
  0.754763E+01
  0.747876E+01
  0.740968E+01
  0.733979E+01
  0.726776E+01
  0.719440E+01
  0.711771E+01
  0.703906E+01
  0.695746E+01
  0.687233E+01
  0.678375E+01
  0.669055E+01
  0.659281E+01
  0.649176E+01
  0.638260E+01
  0.626768E+01
  0.614856E+01
  0.602351E+01
  0.589268E+01
  0.575694E+01
  0.561380E+01
  0.546740E+01
  0.531623E+01
  0.515758E+01
  0.499247E+01
  0.482201E+01
  0.464711E+01
  0.446627E+01
  0.427879E+01
  0.408608E+01
  0.388495E+01
  0.368012E+01
  0.347002E+01
  0.325321E+01
  0.303291E+01
  0.280766E+01
  0.257635E+01
  0.234007E+01
  0.209655E+01
  0.184822E+01
  0.159443E+01
  0.133347E+01
  0.106688E+01
  0.795480E+00
  0.519117E+00
  0.237305E+00
 -0.501595E-01
 -0.340772E+00
 -0.637319E+00
 -0.938871E+00
 -0.124427E+01
 -0.155446E+01
 -0.186865E+01
 -0.218678E+01
 -0.250957E+01
 -0.283551E+01
 -0.316498E+01
 -0.349649E+01
 -0.383010E+01
 -0.416600E+01
 -0.450204E+01
 -0.483892E+01
 -0.517575E+01
 -0.551316E+01
 -0.585273E+01
 -0.618935E+01
 -0.652522E+01
 -0.686180E+01
 -0.719540E+01
 -0.753026E+01
 -0.786555E+01
 -0.819819E+01
 -0.853134E+01
 -0.886244E+01
 -0.919256E+01
 -0.952438E+01
 -0.985502E+01
 -0.101865E+02
 -0.105175E+02
 -0.108478E+02
 -0.111799E+02
 -0.115108E+02
 -0.118421E+02
 -0.121737E+02
 -0.125035E+02
 -0.128360E+02
 -0.131686E+02
 -0.135016E+02
 -0.138344E+02
 -0.141650E+02
 -0.144954E+02
 -0.148239E+02
 -0.151514E+02
 -0.154789E+02
 -0.158023E+02
 -0.161240E+02
 -0.164447E+02
 -0.167638E+02
 -0.170804E+02
 -0.173942E+02
 -0.177054E+02
 -0.180139E+02
 -0.183189E+02
 -0.186227E+02
 -0.189209E+02
 -0.192150E+02
 -0.195072E+02
 -0.197935E+02
 -0.200752E+02
 -0.203535E+02
 -0.206244E+02
 -0.208904E+02
 -0.211528E+02
 -0.214126E+02
 -0.216676E+02
 -0.219197E+02
 -0.221688E+02
 -0.224143E+02
 -0.226564E+02
 -0.228960E+02
 -0.231330E+02
 -0.233691E+02
 -0.236042E+02
 -0.238394E+02
 -0.240725E+02
 -0.243062E+02
 -0.245398E+02
 -0.247735E+02
 -0.250075E+02
 -0.252431E+02
 -0.254795E+02
 -0.257169E+02
 -0.259537E+02
 -0.261911E+02
 -0.264311E+02
 -0.266732E+02
 -0.269133E+02
 -0.271558E+02
 -0.273998E+02
 -0.276454E+02
 -0.278926E+02
 -0.281410E+02
 -0.283907E+02
 -0.286414E+02
 -0.288905E+02
 -0.291423E+02
 -0.293960E+02
 -0.296493E+02
 -0.299006E+02
 -0.301523E+02
 -0.304020E+02
 -0.306513E+02
 -0.308997E+02
 -0.311460E+02
 -0.313890E+02
 -0.316300E+02
 -0.318663E+02
 -0.320999E+02
 -0.323286E+02
 -0.325542E+02
 -0.327753E+02
 -0.329908E+02
 -0.332026E+02
 -0.334092E+02
 -0.336081E+02
 -0.338022E+02
 -0.339873E+02
 -0.341679E+02
 -0.343405E+02
 -0.345061E+02
 -0.346663E+02
 -0.348187E+02
 -0.349637E+02
 -0.351033E+02
 -0.352337E+02
 -0.353566E+02
 -0.354715E+02
 -0.355809E+02
 -0.356843E+02
 -0.357827E+02
 -0.358729E+02
 -0.359571E+02
 -0.360352E+02
 -0.361099E+02
 -0.361776E+02
 -0.362396E+02
 -0.362971E+02
 -0.363496E+02
 -0.363955E+02
 -0.364373E+02
 -0.364744E+02
 -0.365093E+02
 -0.365380E+02
 -0.365647E+02
 -0.365886E+02
 -0.366074E+02
 -0.366227E+02
 -0.366368E+02
 -0.366469E+02
 -0.366549E+02
 -0.366586E+02
 -0.366631E+02
 -0.366658E+02
 -0.366648E+02
 -0.366621E+02
 -0.366592E+02
 -0.366525E+02
 -0.366429E+02
 -0.366298E+02
 -0.366170E+02
 -0.366007E+02
 -0.365831E+02
 -0.365625E+02
 -0.365375E+02
 -0.365077E+02
 -0.364751E+02
 -0.364370E+02
 -0.363958E+02
 -0.363507E+02
 -0.363032E+02
 -0.362482E+02
 -0.361864E+02
 -0.361182E+02
 -0.360443E+02
 -0.359637E+02
 -0.358784E+02
 -0.357860E+02
 -0.356882E+02
 -0.355836E+02
 -0.354733E+02
 -0.353564E+02
 -0.352353E+02
 -0.351074E+02
 -0.349752E+02
 -0.348403E+02
 -0.347001E+02
 -0.345507E+02
 -0.343986E+02
 -0.342428E+02
 -0.340828E+02
 -0.339160E+02
 -0.337462E+02
 -0.335730E+02
 -0.333960E+02
 -0.332127E+02
 -0.330261E+02
 -0.328356E+02
 -0.326401E+02
 -0.324407E+02
 -0.322396E+02
 -0.320343E+02
 -0.318272E+02
 -0.316154E+02
 -0.313991E+02
 -0.311788E+02
 -0.309570E+02
 -0.307301E+02
 -0.305004E+02
 -0.302696E+02
 -0.300349E+02
 -0.297934E+02
 -0.295501E+02
 -0.293025E+02
 -0.290502E+02
 -0.287930E+02
 -0.285337E+02
 -0.282700E+02
 -0.280000E+02
 -0.277240E+02
 -0.274429E+02
 -0.271546E+02
 -0.268636E+02
 -0.265676E+02
 -0.262668E+02
 -0.259609E+02
 -0.256509E+02
 -0.253356E+02
 -0.250175E+02
 -0.246973E+02
 -0.243733E+02
 -0.240444E+02
 -0.237148E+02
 -0.233806E+02
 -0.230444E+02
 -0.227071E+02
 -0.223665E+02
 -0.220250E+02
 -0.216827E+02
 -0.213376E+02
 -0.209928E+02
 -0.206463E+02
 -0.203004E+02
 -0.199540E+02
 -0.196065E+02
 -0.192595E+02
 -0.189129E+02
 -0.185663E+02
 -0.182214E+02
 -0.178776E+02
 -0.175361E+02
 -0.171957E+02
 -0.168563E+02
 -0.165178E+02
 -0.161826E+02
 -0.158488E+02
 -0.155157E+02
 -0.151847E+02
 -0.148560E+02
 -0.145293E+02
 -0.142071E+02
 -0.138870E+02
 -0.135682E+02
 -0.132511E+02
 -0.129366E+02
 -0.126235E+02
 -0.123129E+02
 -0.120051E+02
 -0.116998E+02
 -0.113967E+02
 -0.110943E+02
 -0.107931E+02
 -0.104957E+02
 -0.101996E+02
 -0.990481E+01
 -0.961306E+01
 -0.932137E+01
 -0.902966E+01
 -0.873955E+01
 -0.844816E+01
 -0.815675E+01
 -0.786646E+01
 -0.757439E+01
 -0.728104E+01
 -0.698928E+01
 -0.669829E+01
 -0.640565E+01
 -0.611123E+01
 -0.581723E+01
 -0.552259E+01
 -0.522764E+01
 -0.493353E+01
 -0.463988E+01
 -0.434604E+01
 -0.405128E+01
 -0.375793E+01
 -0.346512E+01
 -0.317094E+01
 -0.287952E+01
 -0.259166E+01
 -0.230268E+01
 -0.201486E+01
 -0.172997E+01
 -0.144537E+01
 -0.116309E+01
 -0.883532E+00
 -0.603694E+00
 -0.327573E+00
 -0.561576E-01
  0.215539E+00
  0.485524E+00
  0.750489E+00
  0.101562E+01
  0.127938E+01
  0.153917E+01
  0.179755E+01
  0.205159E+01
  0.229890E+01
  0.254706E+01
  0.279405E+01
  0.303330E+01
  0.326850E+01
  0.350298E+01
  0.373282E+01
  0.395829E+01
  0.418034E+01
  0.439962E+01
  0.461512E+01
  0.482744E+01
  0.503653E+01
  0.524223E+01
  0.544736E+01
  0.565313E+01
  0.585401E+01
  0.605265E+01
  0.625085E+01
  0.644949E+01
  0.664855E+01
  0.684630E+01
  0.704354E+01
  0.724260E+01
  0.744297E+01
  0.764201E+01
  0.783896E+01
  0.804195E+01
  0.824650E+01
  0.844899E+01
  0.865196E+01
  0.885525E+01
  0.905968E+01
  0.926439E+01
  0.946575E+01
  0.966767E+01
  0.987019E+01
  0.100722E+02
  0.102703E+02
  0.104662E+02
  0.106609E+02
  0.108533E+02
  0.110423E+02
  0.112295E+02
  0.114135E+02
  0.115942E+02
  0.117715E+02
  0.119466E+02
  0.121165E+02
  0.122835E+02
  0.124462E+02
  0.126045E+02
  0.127598E+02
  0.129117E+02
  0.130575E+02
  0.131991E+02
  0.133352E+02
  0.134660E+02
  0.135906E+02
  0.137094E+02
  0.138205E+02
  0.139241E+02
  0.140197E+02
  0.141081E+02
  0.141885E+02
  0.142636E+02
  0.143311E+02
  0.143906E+02
  0.144439E+02
  0.144904E+02
  0.145265E+02
  0.145563E+02
  0.145798E+02
  0.145973E+02
  0.146078E+02
  0.146117E+02
  0.146087E+02
  0.146000E+02
  0.145831E+02
  0.145587E+02
  0.145264E+02
  0.144881E+02
  0.144417E+02
  0.143886E+02
  0.143292E+02
  0.142623E+02
  0.141871E+02
  0.141064E+02
  0.140167E+02
  0.139197E+02
  0.138172E+02
  0.137088E+02
  0.135932E+02
  0.134706E+02
  0.133419E+02
  0.132073E+02
  0.130640E+02
  0.129174E+02
  0.127640E+02
  0.126045E+02
  0.124428E+02
  0.122757E+02
  0.121029E+02
  0.119279E+02
  0.117490E+02
  0.115683E+02
  0.113829E+02
  0.111948E+02
  0.110063E+02
  0.108162E+02
  0.106256E+02
  0.104359E+02
  0.102464E+02
  0.100583E+02
  0.987095E+01
  0.968906E+01
  0.951046E+01
  0.933463E+01
  0.916225E+01
  0.899506E+01
  0.883191E+01
  0.867266E+01
  0.851989E+01
  0.837195E+01
  0.822742E+01
  0.808943E+01
  0.795574E+01
  0.782852E+01
  0.770609E+01
  0.758896E+01
  0.747567E+01
  0.736674E+01
  0.726348E+01
  0.716366E+01
  0.706687E+01
  0.697396E+01
  0.688311E+01
  0.679634E+01
  0.671234E+01
  0.663000E+01
  0.654863E+01
  0.647152E+01
  0.639466E+01
  0.631682E+01
  0.624261E+01
  0.617084E+01
  0.609782E+01
  0.602672E+01
  0.595772E+01
  0.589130E+01
  0.582559E+01
  0.576224E+01
  0.570292E+01
  0.564535E+01
  0.558959E+01
  0.553775E+01
  0.548927E+01
  0.544452E+01
  0.539869E+01
  0.535565E+01
  0.531549E+01
  0.527544E+01
  0.523744E+01
  0.520019E+01
  0.516217E+01
  0.512481E+01
  0.508507E+01
  0.504369E+01
  0.500097E+01
  0.495704E+01
  0.491056E+01
  0.486179E+01
  0.481004E+01
  0.475428E+01
  0.469408E+01
  0.463144E+01
  0.456559E+01
  0.449689E+01
  0.442560E+01
  0.435189E+01
  0.427656E+01
  0.420075E+01
  0.412187E+01
  0.404452E+01
  0.396658E+01
  0.388721E+01
  0.381072E+01
  0.373541E+01
  0.366264E+01
  0.359382E+01
  0.352733E+01
  0.346653E+01
  0.340913E+01
  0.335422E+01
  0.330192E+01
  0.325488E+01
  0.321405E+01
  0.317740E+01
  0.314286E+01
  0.311281E+01
  0.308792E+01
  0.306721E+01
  0.304951E+01
  0.303552E+01
  0.302534E+01
  0.301817E+01
  0.301229E+01
  0.301163E+01
  0.301380E+01
  0.301807E+01
  0.302478E+01
  0.303156E+01
  0.304101E+01
  0.305153E+01
  0.306202E+01
  0.307369E+01
  0.308233E+01
  0.309271E+01
  0.310189E+01
  0.310872E+01
  0.311568E+01
  0.311906E+01
  0.311970E+01
  0.311954E+01
  0.311523E+01
  0.310789E+01
  0.309788E+01
  0.308622E+01
  0.307160E+01
  0.305354E+01
  0.303403E+01
  0.301396E+01
  0.299018E+01
  0.296416E+01
  0.293661E+01
  0.290686E+01
  0.287522E+01
  0.284072E+01
  0.280299E+01
  0.276423E+01
  0.272190E+01
  0.267772E+01
  0.263038E+01
  0.258003E+01
  0.252915E+01
  0.247443E+01
  0.241657E+01
  0.235744E+01
  0.229307E+01
  0.222726E+01
  0.215960E+01
  0.208901E+01
  0.201637E+01
  0.194013E+01
  0.186171E+01
  0.178181E+01
  0.169813E+01
  0.161296E+01
  0.152501E+01
  0.143407E+01
  0.133855E+01
  0.123959E+01
  0.113988E+01
  0.103661E+01
  0.928353E+00
  0.818481E+00
  0.705706E+00
  0.590458E+00
  0.472885E+00
  0.352334E+00
  0.229926E+00
  0.106614E+00
 -0.185814E-01
 -0.146804E+00
 -0.276791E+00
 -0.403864E+00
 -0.535160E+00
 -0.669057E+00
 -0.798091E+00
 -0.929835E+00
 -0.106301E+01
 -0.119607E+01
 -0.133208E+01
 -0.146364E+01
 -0.159754E+01
 -0.173355E+01
 -0.186814E+01
 -0.200559E+01
 -0.214150E+01
 -0.227926E+01
 -0.241798E+01
 -0.255382E+01
 -0.269292E+01
 -0.283130E+01
 -0.296897E+01
 -0.310586E+01
 -0.324144E+01
 -0.338101E+01
 -0.351973E+01
 -0.365772E+01
 -0.380024E+01
 -0.394203E+01
 -0.408597E+01
 -0.423357E+01
 -0.438092E+01
 -0.453171E+01
 -0.468710E+01
 -0.484459E+01
 -0.500527E+01
 -0.517112E+01
 -0.534108E+01
 -0.551317E+01
 -0.569118E+01
 -0.587366E+01
 -0.605862E+01
 -0.624997E+01
 -0.644664E+01
 -0.664587E+01
 -0.685049E+01
 -0.706247E+01
 -0.727647E+01
 -0.749412E+01
 -0.771867E+01
 -0.794493E+01
 -0.817377E+01
 -0.840673E+01
 -0.864274E+01
 -0.888222E+01
 -0.912484E+01
 -0.936981E+01
 -0.961572E+01
 -0.986389E+01
 -0.101134E+02
 -0.103640E+02
 -0.106166E+02
 -0.108697E+02
 -0.111225E+02
 -0.113760E+02
 -0.116285E+02
 -0.118801E+02
 -0.121339E+02
 -0.123876E+02
 -0.126401E+02
 -0.128929E+02
 -0.131423E+02
 -0.133915E+02
 -0.136396E+02
 -0.138851E+02
 -0.141325E+02
 -0.143774E+02
 -0.146175E+02
 -0.148589E+02
 -0.150995E+02
 -0.153372E+02
 -0.155727E+02
 -0.158079E+02
 -0.160413E+02
 -0.162715E+02
 -0.165010E+02
 -0.167290E+02
 -0.169539E+02
 -0.171816E+02
 -0.174076E+02
 -0.176288E+02
 -0.178509E+02
 -0.180717E+02
 -0.182878E+02
 -0.185028E+02
 -0.187144E+02
 -0.189232E+02
 -0.191288E+02
 -0.193327E+02
 -0.195325E+02
 -0.197256E+02
 -0.199174E+02
 -0.201073E+02
 -0.202913E+02
 -0.204735E+02
 -0.206487E+02
 -0.208197E+02
 -0.209883E+02
 -0.211504E+02
 -0.213089E+02
 -0.214637E+02
 -0.216132E+02
 -0.217606E+02
 -0.219028E+02
 -0.220418E+02
 -0.221779E+02
 -0.223094E+02
 -0.224383E+02
 -0.225653E+02
 -0.226863E+02
 -0.228060E+02
 -0.229232E+02
 -0.230365E+02
 -0.231481E+02
 -0.232569E+02
 -0.233622E+02
 -0.234653E+02
 -0.235653E+02
 -0.236646E+02
 -0.237601E+02
 -0.238541E+02
 -0.239461E+02
 -0.240350E+02
 -0.241225E+02
 -0.242075E+02
 -0.242883E+02
 -0.243693E+02
 -0.244471E+02
 -0.245225E+02
 -0.245971E+02
 -0.246692E+02
 -0.247388E+02
 -0.248075E+02
 -0.248743E+02
 -0.249419E+02
 -0.250076E+02
 -0.250720E+02
 -0.251361E+02
 -0.252013E+02
 -0.252670E+02
 -0.253335E+02
 -0.253989E+02
 -0.254646E+02
 -0.255289E+02
 -0.255934E+02
 -0.256586E+02
 -0.257247E+02
 -0.257885E+02
 -0.258516E+02
 -0.259147E+02
 -0.259763E+02
 -0.260366E+02
 -0.260982E+02
 -0.261584E+02
 -0.262175E+02
 -0.262737E+02
 -0.263275E+02
 -0.263798E+02
 -0.264326E+02
 -0.264824E+02
 -0.265300E+02
 -0.265782E+02
 -0.266254E+02
 -0.266692E+02
 -0.267128E+02
 -0.267539E+02
 -0.267928E+02
 -0.268283E+02
 -0.268630E+02
 -0.268949E+02
 -0.269243E+02
 -0.269503E+02
 -0.269741E+02
 -0.269942E+02
 -0.270089E+02
 -0.270214E+02
 -0.270342E+02
 -0.270403E+02
 -0.270432E+02
 -0.270458E+02
 -0.270447E+02
 -0.270386E+02
 -0.270326E+02
 -0.270242E+02
 -0.270126E+02
 -0.269984E+02
 -0.269838E+02
 -0.269665E+02
 -0.269454E+02
 -0.269213E+02
 -0.268960E+02
 -0.268672E+02
 -0.268369E+02
 -0.268058E+02
 -0.267730E+02
 -0.267354E+02
 -0.266975E+02
 -0.266585E+02
 -0.266168E+02
 -0.265705E+02
 -0.265223E+02
 -0.264724E+02
 -0.264202E+02
 -0.263644E+02
 -0.263066E+02
 -0.262458E+02
 -0.261839E+02
 -0.261175E+02
 -0.260488E+02
 -0.259795E+02
 -0.259080E+02
 -0.258341E+02
 -0.257599E+02
 -0.256829E+02
 -0.256041E+02
 -0.255224E+02
 -0.254399E+02
 -0.253581E+02
 -0.252753E+02
 -0.251898E+02
 -0.251060E+02
 -0.250214E+02
 -0.249359E+02
 -0.248504E+02
 -0.247679E+02
 -0.246876E+02
 -0.246076E+02
 -0.245269E+02
 -0.244495E+02
 -0.243737E+02
 -0.242994E+02
 -0.242267E+02
 -0.241564E+02
 -0.240891E+02
 -0.240240E+02
 -0.239597E+02
 -0.239000E+02
 -0.238419E+02
 -0.237851E+02
 -0.237295E+02
 -0.236767E+02
 -0.236243E+02
 -0.235744E+02
 -0.235276E+02
 -0.234816E+02
 -0.234358E+02
 -0.233928E+02
 -0.233510E+02
 -0.233100E+02
 -0.232696E+02
 -0.232304E+02
 -0.231912E+02
 -0.231557E+02
 -0.231223E+02
 -0.230897E+02
 -0.230572E+02
 -0.230270E+02
 -0.230000E+02
 -0.229746E+02
 -0.229501E+02
 -0.229281E+02
 -0.229056E+02
 -0.228857E+02
 -0.228663E+02
 -0.228469E+02
 -0.228284E+02
 -0.228100E+02
 -0.227918E+02
 -0.227757E+02
 -0.227565E+02
 -0.227371E+02
 -0.227181E+02
 -0.226979E+02
 -0.226775E+02
 -0.226572E+02
 -0.226360E+02
 -0.226158E+02
 -0.225923E+02
 -0.225687E+02
 -0.225454E+02
 -0.225204E+02
 -0.224947E+02
 -0.224685E+02
 -0.224408E+02
 -0.224141E+02
 -0.223855E+02
 -0.223565E+02
 -0.223288E+02
 -0.223010E+02
 -0.222730E+02
 -0.222483E+02
 -0.222229E+02
 -0.221994E+02
 -0.221765E+02
 -0.221545E+02
 -0.221362E+02
 -0.221195E+02
 -0.221053E+02
 -0.220952E+02
 -0.220854E+02
 -0.220776E+02
 -0.220708E+02
 -0.220659E+02
 -0.220612E+02
 -0.220570E+02
 -0.220526E+02
 -0.220498E+02
 -0.220474E+02
 -0.220445E+02
 -0.220393E+02
 -0.220338E+02
 -0.220293E+02
 -0.220226E+02
 -0.220125E+02
 -0.220012E+02
 -0.219857E+02
 -0.219682E+02
 -0.219463E+02
 -0.219198E+02
 -0.218903E+02
 -0.218557E+02
 -0.218150E+02
 -0.217704E+02
 -0.217181E+02
 -0.216596E+02
 -0.215941E+02
 -0.215220E+02
 -0.214418E+02
 -0.213542E+02
 -0.212597E+02
 -0.211564E+02
 -0.210433E+02
 -0.209232E+02
 -0.207946E+02
 -0.206576E+02
 -0.205124E+02
 -0.203610E+02
 -0.202011E+02
 -0.200329E+02
 -0.198566E+02
 -0.196733E+02
 -0.194828E+02
 -0.192860E+02
 -0.190837E+02
 -0.188761E+02
 -0.186625E+02
 -0.184448E+02
 -0.182201E+02
 -0.179904E+02
 -0.177574E+02
 -0.175209E+02
 -0.172797E+02
 -0.170354E+02
 -0.167890E+02
 -0.165389E+02
 -0.162842E+02
 -0.160266E+02
 -0.157655E+02
 -0.155035E+02
 -0.152378E+02
 -0.149683E+02
 -0.146972E+02
 -0.144227E+02
 -0.141446E+02
 -0.138655E+02
 -0.135853E+02
 -0.133029E+02
 -0.130185E+02
 -0.127328E+02
 -0.124436E+02
 -0.121532E+02
 -0.118616E+02
 -0.115701E+02
 -0.112787E+02
 -0.109870E+02
 -0.106960E+02
 -0.104054E+02
 -0.101147E+02
 -0.982540E+01
 -0.953744E+01
 -0.924977E+01
 -0.896307E+01
 -0.867946E+01
 -0.839729E+01
 -0.811623E+01
 -0.783781E+01
 -0.756138E+01
 -0.728625E+01
 -0.701470E+01
 -0.674526E+01
 -0.647638E+01
 -0.621170E+01
 -0.595043E+01
 -0.568841E+01
 -0.542803E+01
 -0.517053E+01
 -0.491308E+01
 -0.465663E+01
 -0.440188E+01
 -0.414694E+01
 -0.389201E+01
 -0.363757E+01
 -0.338184E+01
 -0.312579E+01
 -0.287016E+01
 -0.261169E+01
 -0.235146E+01
 -0.209126E+01
 -0.182915E+01
 -0.156502E+01
 -0.130013E+01
 -0.103478E+01
 -0.767987E+00
 -0.501874E+00
 -0.235777E+00
  0.304871E-01
  0.296426E+00
  0.561706E+00
  0.825057E+00
  0.108699E+01
  0.134637E+01
  0.160233E+01
  0.185676E+01
  0.210772E+01
  0.235497E+01
  0.259833E+01
  0.283930E+01
  0.307530E+01
  0.330695E+01
  0.353667E+01
  0.376310E+01
  0.398538E+01
  0.420429E+01
  0.442056E+01
  0.463367E+01
  0.484184E+01
  0.504834E+01
  0.525273E+01
  0.545381E+01
  0.565260E+01
  0.585033E+01
  0.604645E+01
  0.624276E+01
  0.643617E+01
  0.662908E+01
  0.682246E+01
  0.701264E+01
  0.720253E+01
  0.739342E+01
  0.758151E+01
  0.776999E+01
  0.795739E+01
  0.814401E+01
  0.832864E+01
  0.851213E+01
  0.869521E+01
  0.887531E+01
  0.905159E+01
  0.922595E+01
  0.939827E+01
  0.956800E+01
  0.973256E+01
  0.989406E+01
  0.100485E+02
  0.101989E+02
  0.103465E+02
  0.104866E+02
  0.106210E+02
  0.107517E+02
  0.108748E+02
  0.109934E+02
  0.111054E+02
  0.112122E+02
  0.113137E+02
  0.114081E+02
  0.114971E+02
  0.115836E+02
  0.116643E+02
  0.117406E+02
  0.118126E+02
  0.118798E+02
  0.119428E+02
  0.120018E+02
  0.120543E+02
  0.121050E+02
  0.121525E+02
  0.121942E+02
  0.122315E+02
  0.122665E+02
  0.122954E+02
  0.123210E+02
  0.123437E+02
  0.123608E+02
  0.123729E+02
  0.123834E+02
  0.123888E+02
  0.123903E+02
  0.123882E+02
  0.123836E+02
  0.123753E+02
  0.123623E+02
  0.123468E+02
  0.123294E+02
  0.123069E+02
  0.122834E+02
  0.122568E+02
  0.122276E+02
  0.121954E+02
  0.121594E+02
  0.121210E+02
  0.120816E+02
  0.120377E+02
  0.119911E+02
  0.119428E+02
  0.118923E+02
  0.118379E+02
  0.117817E+02
  0.117229E+02
  0.116639E+02
  0.116037E+02
  0.115426E+02
  0.114800E+02
  0.114156E+02
  0.113505E+02
  0.112870E+02
  0.112231E+02
  0.111598E+02
  0.110945E+02
  0.110300E+02
  0.109675E+02
  0.109060E+02
  0.108428E+02
  0.107811E+02
  0.107205E+02
  0.106587E+02
  0.105966E+02
  0.105360E+02
  0.104746E+02
  0.104134E+02
  0.103511E+02
  0.102888E+02
  0.102260E+02
  0.101631E+02
  0.100998E+02
  0.100372E+02
  0.997292E+01
  0.990776E+01
  0.984175E+01
  0.977608E+01
  0.970932E+01
  0.964274E+01
  0.957571E+01
  0.950723E+01
  0.943697E+01
  0.936673E+01
  0.929451E+01
  0.922066E+01
  0.914498E+01
  0.906848E+01
  0.898986E+01
  0.891036E+01
  0.883081E+01
  0.874989E+01
  0.866635E+01
  0.858245E+01
  0.849697E+01
  0.841161E+01
  0.832369E+01
  0.823644E+01
  0.815007E+01
  0.806010E+01
  0.796968E+01
  0.787934E+01
  0.778668E+01
  0.769633E+01
  0.760600E+01
  0.751499E+01
  0.742319E+01
  0.733351E+01
  0.724319E+01
  0.715051E+01
  0.706046E+01
  0.697268E+01
  0.688391E+01
  0.679785E+01
  0.671253E+01
  0.662752E+01
  0.654313E+01
  0.645926E+01
  0.637554E+01
  0.629181E+01
  0.620570E+01
  0.611989E+01
  0.603458E+01
  0.594865E+01
  0.586248E+01
  0.577714E+01
  0.569058E+01
  0.560518E+01
  0.552016E+01
  0.543501E+01
  0.535034E+01
  0.526785E+01
  0.518625E+01
  0.510345E+01
  0.502336E+01
  0.494621E+01
  0.486862E+01
  0.479519E+01
  0.472143E+01
  0.464878E+01
  0.458104E+01
  0.451493E+01
  0.445246E+01
  0.439531E+01
  0.433836E+01
  0.428605E+01
  0.423714E+01
  0.418918E+01
  0.414656E+01
  0.410773E+01
  0.407117E+01
  0.403741E+01
  0.400570E+01
  0.397966E+01
  0.395459E+01
  0.393139E+01
  0.391082E+01
  0.389019E+01
  0.387200E+01
  0.385551E+01
  0.383626E+01
  0.381901E+01
  0.380222E+01
  0.378275E+01
  0.376219E+01
  0.373991E+01
  0.371572E+01
  0.369050E+01
  0.366256E+01
  0.363190E+01
  0.359763E+01
  0.356080E+01
  0.351880E+01
  0.347403E+01
  0.342700E+01
  0.337521E+01
  0.331968E+01
  0.325922E+01
  0.319147E+01
  0.312024E+01
  0.304383E+01
  0.296289E+01
  0.287749E+01
  0.278472E+01
  0.268856E+01
  0.259050E+01
  0.248434E+01
  0.237389E+01
  0.226139E+01
  0.214356E+01
  0.202107E+01
  0.189415E+01
  0.176117E+01
  0.162530E+01
  0.148421E+01
  0.133873E+01
  0.118994E+01
  0.103644E+01
  0.879107E+00
  0.717935E+00
  0.553972E+00
  0.387091E+00
  0.215063E+00
  0.423341E-01
 -0.133386E+00
 -0.311783E+00
 -0.490911E+00
 -0.672697E+00
 -0.853146E+00
 -0.103457E+01
 -0.121901E+01
 -0.140158E+01
 -0.158460E+01
 -0.176469E+01
 -0.194291E+01
 -0.212240E+01
 -0.229807E+01
 -0.247013E+01
 -0.264083E+01
 -0.280822E+01
 -0.297328E+01
 -0.313471E+01
 -0.329336E+01
 -0.344964E+01
 -0.360059E+01
 -0.374851E+01
 -0.389153E+01
 -0.402763E+01
 -0.416149E+01
 -0.429098E+01
 -0.441545E+01
 -0.453519E+01
 -0.465065E+01
 -0.476149E+01
 -0.486506E+01
 -0.496557E+01
 -0.506237E+01
 -0.515186E+01
 -0.523795E+01
 -0.531940E+01
 -0.539604E+01
 -0.547069E+01
 -0.553991E+01
 -0.560369E+01
 -0.566453E+01
 -0.572076E+01
 -0.577331E+01
 -0.582093E+01
 -0.586316E+01
 -0.590439E+01
 -0.594351E+01
 -0.597975E+01
 -0.601345E+01
 -0.604320E+01
 -0.607351E+01
 -0.610336E+01
 -0.613035E+01
 -0.615683E+01
 -0.618175E+01
 -0.620717E+01
 -0.623319E+01
 -0.625969E+01
 -0.628827E+01
 -0.631692E+01
 -0.634723E+01
 -0.637923E+01
 -0.641218E+01
 -0.644782E+01
 -0.648672E+01
 -0.652863E+01
 -0.657276E+01
 -0.661787E+01
 -0.666327E+01
 -0.671134E+01
 -0.676296E+01
 -0.681699E+01
 -0.687235E+01
 -0.692907E+01
 -0.698837E+01
 -0.705000E+01
 -0.711394E+01
 -0.717949E+01
 -0.724652E+01
 -0.731647E+01
 -0.738884E+01
 -0.746305E+01
 -0.753972E+01
 -0.761787E+01
 -0.769755E+01
 -0.777908E+01
 -0.786160E+01
 -0.794690E+01
 -0.803445E+01
 -0.812264E+01
 -0.821064E+01
 -0.829922E+01
 -0.838872E+01
 -0.847875E+01
 -0.856912E+01
 -0.865948E+01
 -0.875117E+01
 -0.884215E+01
 -0.893073E+01
 -0.902037E+01
 -0.910918E+01
 -0.919714E+01
 -0.928599E+01
 -0.937263E+01
 -0.945863E+01
 -0.954500E+01
 -0.962975E+01
 -0.971405E+01
 -0.979725E+01
 -0.988125E+01
 -0.996410E+01
 -0.100444E+02
 -0.101247E+02
 -0.102046E+02
 -0.102836E+02
 -0.103621E+02
 -0.104381E+02
 -0.105133E+02
 -0.105879E+02
 -0.106606E+02
 -0.107338E+02
 -0.108078E+02
 -0.108794E+02
 -0.109495E+02
 -0.110197E+02
 -0.110907E+02
 -0.111604E+02
 -0.112285E+02
 -0.112967E+02
 -0.113649E+02
 -0.114317E+02
 -0.114988E+02
 -0.115643E+02
 -0.116287E+02
 -0.116919E+02
 -0.117539E+02
 -0.118164E+02
 -0.118773E+02
 -0.119354E+02
 -0.119927E+02
 -0.120481E+02
 -0.121028E+02
 -0.121554E+02
 -0.122056E+02
 -0.122551E+02
 -0.123023E+02
 -0.123465E+02
 -0.123880E+02
 -0.124272E+02
 -0.124642E+02
 -0.124974E+02
 -0.125298E+02
 -0.125610E+02
 -0.125897E+02
 -0.126165E+02
 -0.126412E+02
 -0.126638E+02
 -0.126851E+02
 -0.127054E+02
 -0.127247E+02
 -0.127405E+02
 -0.127544E+02
 -0.127669E+02
 -0.127774E+02
 -0.127852E+02
 -0.127925E+02
 -0.128000E+02
 -0.128055E+02
 -0.128098E+02
 -0.128141E+02
 -0.128161E+02
 -0.128174E+02
 -0.128184E+02
 -0.128182E+02
 -0.128172E+02
 -0.128161E+02
 -0.128144E+02
 -0.128135E+02
 -0.128131E+02
 -0.128123E+02
 -0.128117E+02
 -0.128123E+02
 -0.128128E+02
 -0.128136E+02
 -0.128149E+02
 -0.128181E+02
 -0.128198E+02
 -0.128196E+02
 -0.128210E+02
 -0.128230E+02
 -0.128231E+02
 -0.128241E+02
 -0.128261E+02
 -0.128247E+02
 -0.128202E+02
 -0.128180E+02
 -0.128143E+02
 -0.128074E+02
 -0.127990E+02
 -0.127887E+02
 -0.127758E+02
 -0.127593E+02
 -0.127408E+02
 -0.127218E+02
 -0.126976E+02
 -0.126698E+02
 -0.126389E+02
 -0.126038E+02
 -0.125666E+02
 -0.125257E+02
 -0.124798E+02
 -0.124305E+02
 -0.123758E+02
 -0.123179E+02
 -0.122547E+02
 -0.121870E+02
 -0.121160E+02
 -0.120395E+02
 -0.119595E+02
 -0.118757E+02
 -0.117859E+02
 -0.116935E+02
 -0.115985E+02
 -0.114981E+02
 -0.113936E+02
 -0.112876E+02
 -0.111776E+02
 -0.110641E+02
 -0.109465E+02
 -0.108251E+02
 -0.107025E+02
 -0.105779E+02
 -0.104482E+02
 -0.103150E+02
 -0.101815E+02
 -0.100472E+02
 -0.990894E+01
 -0.976711E+01
 -0.962550E+01
 -0.948295E+01
 -0.933517E+01
 -0.918736E+01
 -0.904005E+01
 -0.889057E+01
 -0.873921E+01
 -0.858756E+01
 -0.843485E+01
 -0.827944E+01
 -0.812420E+01
 -0.796913E+01
 -0.781309E+01
 -0.765650E+01
 -0.750014E+01
 -0.734350E+01
 -0.718650E+01
 -0.703313E+01
 -0.687978E+01
 -0.672375E+01
 -0.656951E+01
 -0.641963E+01
 -0.627153E+01
 -0.612316E+01
 -0.597842E+01
 -0.583893E+01
 -0.570148E+01
 -0.556540E+01
 -0.543447E+01
 -0.530803E+01
 -0.518430E+01
 -0.506586E+01
 -0.495279E+01
 -0.484311E+01
 -0.473727E+01
 -0.463863E+01
 -0.454606E+01
 -0.445803E+01
 -0.437824E+01
 -0.430500E+01
 -0.423627E+01
 -0.417300E+01
 -0.411590E+01
 -0.406627E+01
 -0.402312E+01
 -0.398527E+01
 -0.395447E+01
 -0.393003E+01
 -0.390982E+01
 -0.389345E+01
 -0.388317E+01
 -0.387744E+01
 -0.387437E+01
 -0.387622E+01
 -0.388183E+01
 -0.389049E+01
 -0.390192E+01
 -0.391513E+01
 -0.393185E+01
 -0.395062E+01
 -0.397158E+01
 -0.399411E+01
 -0.401817E+01
 -0.404360E+01
 -0.406806E+01
 -0.409364E+01
 -0.412199E+01
 -0.415069E+01
 -0.417877E+01
 -0.420888E+01
 -0.424095E+01
 -0.427252E+01
 -0.430415E+01
 -0.433446E+01
 -0.436386E+01
 -0.439309E+01
 -0.442212E+01
 -0.444997E+01
 -0.447517E+01
 -0.449847E+01
 -0.452063E+01
 -0.454132E+01
 -0.455859E+01
 -0.457083E+01
 -0.458215E+01
 -0.459343E+01
 -0.460087E+01
 -0.460546E+01
 -0.460834E+01
 -0.460956E+01
 -0.460929E+01
 -0.460645E+01
 -0.460285E+01
 -0.459857E+01
 -0.459269E+01
 -0.458747E+01
 -0.458329E+01
 -0.457802E+01
 -0.457373E+01
 -0.457112E+01
 -0.457039E+01
 -0.457181E+01
 -0.457423E+01
 -0.458017E+01
 -0.459029E+01
 -0.460148E+01
 -0.461470E+01
 -0.463247E+01
 -0.465407E+01
 -0.467710E+01
 -0.470180E+01
 -0.472920E+01
 -0.475789E+01
 -0.478925E+01
 -0.482517E+01
 -0.486179E+01
 -0.489944E+01
 -0.494016E+01
 -0.498335E+01
 -0.502637E+01
 -0.506793E+01
 -0.511134E+01
 -0.515612E+01
 -0.519962E+01
 -0.524215E+01
 -0.528594E+01
 -0.533044E+01
 -0.537207E+01
 -0.541369E+01
 -0.545724E+01
 -0.549803E+01
 -0.553592E+01
 -0.557536E+01
 -0.561490E+01
 -0.565154E+01
 -0.568814E+01
 -0.572540E+01
 -0.576081E+01
 -0.579415E+01
 -0.582752E+01
 -0.586149E+01
 -0.589274E+01
 -0.592209E+01
 -0.595106E+01
 -0.598015E+01
 -0.600803E+01
 -0.603253E+01
 -0.605842E+01
 -0.608467E+01
 -0.610773E+01
 -0.612898E+01
 -0.614994E+01
 -0.617257E+01
 -0.619328E+01
 -0.621144E+01
 -0.623143E+01
 -0.625116E+01
 -0.626699E+01
 -0.628195E+01
 -0.629789E+01
 -0.631105E+01
 -0.632284E+01
 -0.633465E+01
 -0.634460E+01
 -0.635309E+01
 -0.635978E+01
 -0.636450E+01
 -0.636819E+01
 -0.637081E+01
 -0.637238E+01
 -0.637393E+01
 -0.637352E+01
 -0.637043E+01
 -0.636811E+01
 -0.636354E+01
 -0.635617E+01
 -0.635030E+01
 -0.634298E+01
 -0.633338E+01
 -0.632258E+01
 -0.631082E+01
 -0.630007E+01
 -0.628826E+01
 -0.627587E+01
 -0.626397E+01
 -0.625046E+01
 -0.623660E+01
 -0.622294E+01
 -0.620732E+01
 -0.619079E+01
 -0.617549E+01
 -0.615822E+01
 -0.613918E+01
 -0.612208E+01
 -0.610418E+01
 -0.608426E+01
 -0.606358E+01
 -0.604316E+01
 -0.602246E+01
 -0.599879E+01
 -0.597487E+01
 -0.595165E+01
 -0.592684E+01
 -0.590154E+01
 -0.587366E+01
 -0.584378E+01
 -0.581459E+01
 -0.578404E+01
 -0.575041E+01
 -0.571346E+01
 -0.567495E+01
 -0.563470E+01
 -0.559230E+01
 -0.554802E+01
 -0.550010E+01
 -0.545018E+01
 -0.539921E+01
 -0.534483E+01
 -0.528708E+01
 -0.522717E+01
 -0.516533E+01
 -0.510178E+01
 -0.503668E+01
 -0.496993E+01
 -0.490196E+01
 -0.483106E+01
 -0.475674E+01
 -0.468058E+01
 -0.460304E+01
 -0.452287E+01
 -0.443911E+01
 -0.435253E+01
 -0.426349E+01
 -0.416961E+01
 -0.407090E+01
 -0.396917E+01
 -0.386345E+01
 -0.375403E+01
 -0.364156E+01
 -0.352431E+01
 -0.340271E+01
 -0.327809E+01
 -0.315020E+01
 -0.301903E+01
 -0.288484E+01
 -0.274665E+01
 -0.260673E+01
 -0.246473E+01
 -0.231924E+01
 -0.217194E+01
 -0.202328E+01
 -0.187187E+01
 -0.171852E+01
 -0.156297E+01
 -0.140643E+01
 -0.125007E+01
 -0.109160E+01
 -0.930994E+00
 -0.770402E+00
 -0.608109E+00
 -0.446414E+00
 -0.286110E+00
 -0.125551E+00
  0.335240E-01
  0.191902E+00
  0.349187E+00
  0.503601E+00
  0.657973E+00
  0.810378E+00
  0.961856E+00
  0.111101E+01
  0.125668E+01
  0.140341E+01
  0.154928E+01
  0.169054E+01
  0.183017E+01
  0.196732E+01
  0.210284E+01
  0.223601E+01
  0.236588E+01
  0.249516E+01
  0.262277E+01
  0.274704E+01
  0.287325E+01
  0.299794E+01
  0.311854E+01
  0.323975E+01
  0.336235E+01
  0.348318E+01
  0.360264E+01
  0.372106E+01
  0.383918E+01
  0.395685E+01
  0.407504E+01
  0.419193E+01
  0.430820E+01
  0.442602E+01
  0.454433E+01
  0.465713E+01
  0.476950E+01
  0.488291E+01
  0.499374E+01
  0.510326E+01
  0.521164E+01
  0.531878E+01
  0.542252E+01
  0.552338E+01
  0.562496E+01
  0.572078E+01
  0.581356E+01
  0.590413E+01
  0.599022E+01
  0.607237E+01
  0.615049E+01
  0.622454E+01
  0.629457E+01
  0.636029E+01
  0.642251E+01
  0.647797E+01
  0.653129E+01
  0.658170E+01
  0.662548E+01
  0.666382E+01
  0.669800E+01
  0.672849E+01
  0.675578E+01
  0.677654E+01
  0.679469E+01
  0.681022E+01
  0.681914E+01
  0.682363E+01
  0.682607E+01
  0.682198E+01
  0.681561E+01
  0.680645E+01
  0.679241E+01
  0.677677E+01
  0.675830E+01
  0.673526E+01
  0.670997E+01
  0.668110E+01
  0.665071E+01
  0.661640E+01
  0.657898E+01
  0.654030E+01
  0.649823E+01
  0.645307E+01
  0.640683E+01
  0.635618E+01
  0.630420E+01
  0.624992E+01
  0.619370E+01
  0.613549E+01
  0.607426E+01
  0.601093E+01
  0.594496E+01
  0.587578E+01
  0.580466E+01
  0.573121E+01
  0.565630E+01
  0.557845E+01
  0.549850E+01
  0.541446E+01
  0.532852E+01
  0.524242E+01
  0.515470E+01
  0.506373E+01
  0.497274E+01
  0.487921E+01
  0.478168E+01
  0.468414E+01
  0.458610E+01
  0.448380E+01
  0.437953E+01
  0.427231E+01
  0.416280E+01
  0.405171E+01
  0.393701E+01
  0.381692E+01
  0.369308E+01
  0.356820E+01
  0.343953E+01
  0.330255E+01
  0.316498E+01
  0.302445E+01
  0.287849E+01
  0.272713E+01
  0.256927E+01
  0.240969E+01
  0.224457E+01
  0.207224E+01
  0.189789E+01
  0.171599E+01
  0.152998E+01
  0.134175E+01
  0.114732E+01
  0.948055E+00
  0.743834E+00
  0.535959E+00
  0.325194E+00
  0.107057E+00
 -0.113934E+00
 -0.337559E+00
 -0.566227E+00
 -0.798304E+00
 -0.103411E+01
 -0.127310E+01
 -0.151423E+01
 -0.175899E+01
 -0.200548E+01
 -0.225373E+01
 -0.250424E+01
 -0.275621E+01
 -0.301089E+01
 -0.326809E+01
 -0.352465E+01
 -0.378210E+01
 -0.404023E+01
 -0.429827E+01
 -0.455797E+01
 -0.481783E+01
 -0.507672E+01
 -0.533531E+01
 -0.559357E+01
 -0.585188E+01
 -0.610801E+01
 -0.636329E+01
 -0.661839E+01
 -0.686973E+01
 -0.711904E+01
 -0.736822E+01
 -0.761596E+01
 -0.786131E+01
 -0.810468E+01
 -0.834631E+01
 -0.858463E+01
 -0.882034E+01
 -0.905407E+01
 -0.928349E+01
 -0.950905E+01
 -0.973084E+01
 -0.994901E+01
 -0.101642E+02
 -0.103758E+02
 -0.105839E+02
 -0.107897E+02
 -0.109910E+02
 -0.111871E+02
 -0.113804E+02
 -0.115700E+02
 -0.117544E+02
 -0.119349E+02
 -0.121136E+02
 -0.122891E+02
 -0.124572E+02
 -0.126220E+02
 -0.127842E+02
 -0.129405E+02
 -0.130910E+02
 -0.132365E+02
 -0.133787E+02
 -0.135147E+02
 -0.136444E+02
 -0.137711E+02
 -0.138916E+02
 -0.140048E+02
 -0.141125E+02
 -0.142169E+02
 -0.143161E+02
 -0.144106E+02
 -0.144990E+02
 -0.145820E+02
 -0.146606E+02
 -0.147343E+02
 -0.148035E+02
 -0.148666E+02
 -0.149231E+02
 -0.149757E+02
 -0.150225E+02
 -0.150652E+02
 -0.151046E+02
 -0.151390E+02
 -0.151672E+02
 -0.151910E+02
 -0.152119E+02
 -0.152287E+02
 -0.152407E+02
 -0.152496E+02
 -0.152559E+02
 -0.152602E+02
 -0.152625E+02
 -0.152626E+02
 -0.152589E+02
 -0.152552E+02
 -0.152500E+02
 -0.152424E+02
 -0.152336E+02
 -0.152225E+02
 -0.152094E+02
 -0.151948E+02
 -0.151778E+02
 -0.151605E+02
 -0.151406E+02
 -0.151188E+02
 -0.150971E+02
 -0.150734E+02
 -0.150459E+02
 -0.150185E+02
 -0.149901E+02
 -0.149586E+02
 -0.149242E+02
 -0.148893E+02
 -0.148527E+02
 -0.148130E+02
 -0.147709E+02
 -0.147274E+02
 -0.146815E+02
 -0.146317E+02
 -0.145803E+02
 -0.145302E+02
 -0.144767E+02
 -0.144216E+02
 -0.143684E+02
 -0.143143E+02
 -0.142566E+02
 -0.141986E+02
 -0.141441E+02
 -0.140905E+02
 -0.140358E+02
 -0.139825E+02
 -0.139306E+02
 -0.138799E+02
 -0.138287E+02
 -0.137795E+02
 -0.137326E+02
 -0.136867E+02
 -0.136423E+02
 -0.136005E+02
 -0.135613E+02
 -0.135223E+02
 -0.134832E+02
 -0.134478E+02
 -0.134130E+02
 -0.133785E+02
 -0.133455E+02
 -0.133125E+02
 -0.132797E+02
 -0.132488E+02
 -0.132179E+02
 -0.131875E+02
 -0.131574E+02
 -0.131272E+02
 -0.130969E+02
 -0.130673E+02
 -0.130376E+02
 -0.130071E+02
 -0.129775E+02
 -0.129501E+02
 -0.129196E+02
 -0.128897E+02
 -0.128650E+02
 -0.128397E+02
 -0.128133E+02
 -0.127896E+02
 -0.127675E+02
 -0.127474E+02
 -0.127269E+02
 -0.127084E+02
 -0.126944E+02
 -0.126808E+02
 -0.126673E+02
 -0.126560E+02
 -0.126456E+02
 -0.126366E+02
 -0.126278E+02
 -0.126205E+02
 -0.126158E+02
 -0.126120E+02
 -0.126067E+02
 -0.126025E+02
 -0.125998E+02
 -0.125969E+02
 -0.125925E+02
 -0.125881E+02
 -0.125831E+02
 -0.125760E+02
 -0.125683E+02
 -0.125605E+02
 -0.125493E+02
 -0.125368E+02
 -0.125246E+02
 -0.125108E+02
 -0.124937E+02
 -0.124755E+02
 -0.124557E+02
 -0.124322E+02
 -0.124065E+02
 -0.123794E+02
 -0.123483E+02
 -0.123155E+02
 -0.122816E+02
 -0.122442E+02
 -0.122039E+02
 -0.121615E+02
 -0.121168E+02
 -0.120700E+02
 -0.120200E+02
 -0.119677E+02
 -0.119131E+02
 -0.118571E+02
 -0.117986E+02
 -0.117388E+02
 -0.116776E+02
 -0.116132E+02
 -0.115481E+02
 -0.114835E+02
 -0.114189E+02
 -0.113564E+02
 -0.112937E+02
 -0.112322E+02
 -0.111730E+02
 -0.111135E+02
 -0.110557E+02
 -0.110018E+02
 -0.109499E+02
 -0.109006E+02
 -0.108534E+02
 -0.108096E+02
 -0.107682E+02
 -0.107279E+02
 -0.106910E+02
 -0.106599E+02
 -0.106313E+02
 -0.106045E+02
 -0.105815E+02
 -0.105613E+02
 -0.105432E+02
 -0.105259E+02
 -0.105103E+02
 -0.104996E+02
 -0.104906E+02
 -0.104833E+02
 -0.104773E+02
 -0.104732E+02
 -0.104719E+02
 -0.104703E+02
 -0.104720E+02
 -0.104781E+02
 -0.104836E+02
 -0.104920E+02
 -0.105023E+02
 -0.105132E+02
 -0.105279E+02
 -0.105446E+02
 -0.105628E+02
 -0.105840E+02
 -0.106075E+02
 -0.106321E+02
 -0.106583E+02
 -0.106895E+02
 -0.107208E+02
 -0.107523E+02
 -0.107889E+02
 -0.108273E+02
 -0.108660E+02
 -0.109077E+02
 -0.109508E+02
 -0.109945E+02
 -0.110393E+02
 -0.110869E+02
 -0.111364E+02
 -0.111869E+02
 -0.112393E+02
 -0.112919E+02
 -0.113442E+02
 -0.113987E+02
 -0.114527E+02
 -0.115078E+02
 -0.115637E+02
 -0.116189E+02
 -0.116771E+02
 -0.117379E+02
 -0.117954E+02
 -0.118524E+02
 -0.119118E+02
 -0.119703E+02
 -0.120296E+02
 -0.120898E+02
 -0.121481E+02
 -0.122059E+02
 -0.122637E+02
 -0.123218E+02
 -0.123801E+02
 -0.124390E+02
 -0.124974E+02
 -0.125566E+02
 -0.126143E+02
 -0.126694E+02
 -0.127262E+02
 -0.127820E+02
 -0.128348E+02
 -0.128871E+02
 -0.129369E+02
 -0.129860E+02
 -0.130339E+02
 -0.130782E+02
 -0.131205E+02
 -0.131619E+02
 -0.132009E+02
 -0.132370E+02
 -0.132693E+02
 -0.132996E+02
 -0.133278E+02
 -0.133520E+02
 -0.133727E+02
 -0.133923E+02
 -0.134082E+02
 -0.134196E+02
 -0.134274E+02
 -0.134328E+02
 -0.134366E+02
 -0.134380E+02
 -0.134359E+02
 -0.134311E+02
 -0.134245E+02
 -0.134155E+02
 -0.134033E+02
 -0.133909E+02
 -0.133772E+02
 -0.133635E+02
 -0.133494E+02
 -0.133332E+02
 -0.133176E+02
 -0.133009E+02
 -0.132820E+02
 -0.132643E+02
 -0.132457E+02
 -0.132279E+02
 -0.132113E+02
 -0.131946E+02
 -0.131784E+02
 -0.131625E+02
 -0.131450E+02
 -0.131264E+02
 -0.131065E+02
 -0.130870E+02
 -0.130672E+02
 -0.130468E+02
 -0.130259E+02
 -0.130033E+02
 -0.129803E+02
 -0.129583E+02
 -0.129345E+02
 -0.129094E+02
 -0.128840E+02
 -0.128579E+02
 -0.128299E+02
 -0.128016E+02
 -0.127732E+02
 -0.127443E+02
 -0.127143E+02
 -0.126844E+02
 -0.126543E+02
 -0.126241E+02
 -0.125942E+02
 -0.125642E+02
 -0.125325E+02
 -0.125007E+02
 -0.124700E+02
 -0.124399E+02
 -0.124099E+02
 -0.123796E+02
 -0.123480E+02
 -0.123170E+02
 -0.122861E+02
 -0.122549E+02
 -0.122244E+02
 -0.121940E+02
 -0.121622E+02
 -0.121297E+02
 -0.120973E+02
 -0.120663E+02
 -0.120331E+02
 -0.119983E+02
 -0.119669E+02
 -0.119352E+02
 -0.119008E+02
 -0.118679E+02
 -0.118345E+02
 -0.118009E+02
 -0.117686E+02
 -0.117354E+02
 -0.117019E+02
 -0.116698E+02
 -0.116374E+02
 -0.116045E+02
 -0.115693E+02
 -0.115347E+02
 -0.115027E+02
 -0.114696E+02
 -0.114361E+02
 -0.114025E+02
 -0.113689E+02
 -0.113365E+02
 -0.113024E+02
 -0.112688E+02
 -0.112358E+02
 -0.112043E+02
 -0.111754E+02
 -0.111454E+02
 -0.111163E+02
 -0.110870E+02
 -0.110558E+02
 -0.110287E+02
 -0.110037E+02
 -0.109774E+02
 -0.109518E+02
 -0.109295E+02
 -0.109063E+02
 -0.108811E+02
 -0.108568E+02
 -0.108336E+02
 -0.108128E+02
 -0.107919E+02
 -0.107693E+02
 -0.107480E+02
 -0.107273E+02
 -0.107062E+02
 -0.106836E+02
 -0.106617E+02
 -0.106402E+02
 -0.106187E+02
 -0.105970E+02
 -0.105746E+02
 -0.105521E+02
 -0.105290E+02
 -0.105058E+02
 -0.104816E+02
 -0.104555E+02
 -0.104301E+02
 -0.104040E+02
 -0.103770E+02
 -0.103480E+02
 -0.103168E+02
 -0.102845E+02
 -0.102506E+02
 -0.102161E+02
 -0.101795E+02
 -0.101406E+02
 -0.100998E+02
 -0.100553E+02
 -0.100099E+02
 -0.996237E+01
 -0.991286E+01
 -0.986137E+01
 -0.980749E+01
 -0.975315E+01
 -0.969543E+01
 -0.963379E+01
 -0.957317E+01
 -0.951050E+01
 -0.944378E+01
 -0.937591E+01
 -0.930651E+01
 -0.923495E+01
 -0.916118E+01
 -0.908440E+01
 -0.900723E+01
 -0.892976E+01
 -0.885188E+01
 -0.877292E+01
 -0.869129E+01
 -0.861027E+01
 -0.853059E+01
 -0.844875E+01
 -0.836721E+01
 -0.828744E+01
 -0.820829E+01
 -0.812903E+01
 -0.805027E+01
 -0.797304E+01
 -0.789752E+01
 -0.782327E+01
 -0.774987E+01
 -0.767870E+01
 -0.760891E+01
 -0.754051E+01
 -0.747576E+01
 -0.741113E+01
 -0.734702E+01
 -0.728526E+01
 -0.722462E+01
 -0.716609E+01
 -0.710968E+01
 -0.705464E+01
 -0.700080E+01
 -0.694867E+01
 -0.689771E+01
 -0.684757E+01
 -0.680036E+01
 -0.675455E+01
 -0.671039E+01
 -0.666775E+01
 -0.662533E+01
 -0.658540E+01
 -0.654777E+01
 -0.651136E+01
 -0.647641E+01
 -0.644314E+01
 -0.641090E+01
 -0.637939E+01
 -0.634987E+01
 -0.632064E+01
 -0.629196E+01
 -0.626575E+01
 -0.624043E+01
 -0.621790E+01
 -0.619802E+01
 -0.617651E+01
 -0.615762E+01
 -0.614255E+01
 -0.612737E+01
 -0.611451E+01
 -0.610438E+01
 -0.609514E+01
 -0.608842E+01
 -0.608356E+01
 -0.608029E+01
 -0.607944E+01
 -0.607917E+01
 -0.608115E+01
 -0.608474E+01
 -0.608935E+01
 -0.609715E+01
 -0.610502E+01
 -0.611515E+01
 -0.612947E+01
 -0.614304E+01
 -0.615686E+01
 -0.617381E+01
 -0.619194E+01
 -0.621120E+01
 -0.623115E+01
 -0.625085E+01
 -0.627150E+01
 -0.629162E+01
 -0.631132E+01
 -0.633251E+01
 -0.635283E+01
 -0.637161E+01
 -0.639150E+01
 -0.641057E+01
 -0.642789E+01
 -0.644550E+01
 -0.646181E+01
 -0.647679E+01
 -0.649077E+01
 -0.650347E+01
 -0.651526E+01
 -0.652499E+01
 -0.653256E+01
 -0.653814E+01
 -0.654123E+01
 -0.654381E+01
 -0.654457E+01
 -0.654163E+01
 -0.653739E+01
 -0.653049E+01
 -0.651956E+01
 -0.650645E+01
 -0.649128E+01
 -0.647342E+01
 -0.645196E+01
 -0.642713E+01
 -0.640029E+01
 -0.637150E+01
 -0.633934E+01
 -0.630434E+01
 -0.626658E+01
 -0.622724E+01
 -0.618680E+01
 -0.614401E+01
 -0.610033E+01
 -0.605301E+01
 -0.600235E+01
 -0.595267E+01
 -0.590052E+01
 -0.584639E+01
 -0.579125E+01
 -0.573228E+01
 -0.567279E+01
 -0.561239E+01
 -0.554949E+01
 -0.548614E+01
 -0.542013E+01
 -0.535200E+01
 -0.528467E+01
 -0.521452E+01
 -0.513952E+01
 -0.506388E+01
 -0.498746E+01
 -0.490819E+01
 -0.482762E+01
 -0.474586E+01
 -0.466211E+01
 -0.457495E+01
 -0.448663E+01
 -0.439778E+01
 -0.430723E+01
 -0.421598E+01
 -0.412193E+01
 -0.402757E+01
 -0.393417E+01
 -0.383931E+01
 -0.374438E+01
 -0.364914E+01
 -0.355530E+01
 -0.345946E+01
 -0.336148E+01
 -0.326664E+01
 -0.317209E+01
 -0.307640E+01
 -0.298067E+01
 -0.288478E+01
 -0.278901E+01
 -0.269298E+01
 -0.259748E+01
 -0.250101E+01
 -0.240410E+01
 -0.230654E+01
 -0.220829E+01
 -0.210972E+01
 -0.200900E+01
 -0.190584E+01
 -0.180238E+01
 -0.169921E+01
 -0.159366E+01
 -0.148595E+01
 -0.137918E+01
 -0.126860E+01
 -0.115652E+01
 -0.104446E+01
 -0.929072E+00
 -0.811294E+00
 -0.690638E+00
 -0.570978E+00
 -0.451404E+00
 -0.328074E+00
 -0.204031E+00
 -0.777636E-01
  0.493193E-01
  0.177192E+00
  0.305938E+00
  0.436327E+00
  0.567204E+00
  0.696992E+00
  0.828151E+00
  0.960837E+00
  0.109083E+01
  0.122038E+01
  0.135316E+01
  0.148196E+01
  0.160658E+01
  0.173500E+01
  0.186173E+01
  0.198595E+01
  0.210934E+01
  0.223163E+01
  0.235285E+01
  0.247171E+01
  0.258872E+01
  0.270642E+01
  0.282241E+01
  0.293595E+01
  0.304748E+01
  0.315831E+01
  0.326697E+01
  0.337211E+01
  0.347648E+01
  0.358171E+01
  0.368469E+01
  0.378602E+01
  0.388521E+01
  0.398357E+01
  0.408165E+01
  0.417865E+01
  0.427419E+01
  0.436937E+01
  0.446156E+01
  0.455350E+01
  0.464559E+01
  0.473540E+01
  0.482525E+01
  0.491504E+01
  0.500110E+01
  0.508567E+01
  0.517087E+01
  0.525586E+01
  0.533800E+01
  0.541980E+01
  0.550075E+01
  0.558090E+01
  0.565709E+01
  0.573150E+01
  0.580864E+01
  0.588222E+01
  0.595276E+01
  0.602526E+01
  0.609395E+01
  0.616180E+01
  0.622800E+01
  0.629354E+01
  0.635848E+01
  0.642035E+01
  0.648260E+01
  0.654494E+01
  0.660299E+01
  0.666182E+01
  0.672186E+01
  0.678065E+01
  0.683925E+01
  0.689804E+01
  0.695461E+01
  0.701085E+01
  0.706705E+01
  0.712521E+01
  0.718199E+01
  0.723599E+01
  0.729066E+01
  0.734552E+01
  0.739905E+01
  0.745116E+01
  0.750198E+01
  0.755556E+01
  0.760596E+01
  0.765352E+01
  0.770114E+01
  0.774924E+01
  0.779521E+01
  0.784114E+01
  0.788510E+01
  0.792667E+01
  0.797031E+01
  0.801106E+01
  0.804875E+01
  0.808613E+01
  0.811992E+01
  0.815397E+01
  0.818428E+01
  0.821264E+01
  0.824093E+01
  0.826840E+01
  0.829245E+01
  0.831610E+01
  0.833735E+01
  0.835501E+01
  0.837387E+01
  0.839197E+01
  0.840739E+01
  0.842206E+01
  0.843551E+01
  0.844757E+01
  0.845617E+01
  0.846391E+01
  0.846891E+01
  0.847451E+01
  0.847872E+01
  0.847905E+01
  0.847957E+01
  0.847989E+01
  0.847714E+01
  0.847247E+01
  0.846404E+01
  0.845444E+01
  0.844236E+01
  0.842765E+01
  0.841144E+01
  0.839335E+01
  0.837109E+01
  0.834590E+01
  0.831883E+01
  0.828890E+01
  0.825459E+01
  0.822029E+01
  0.818026E+01
  0.813622E+01
  0.809342E+01
  0.804439E+01
  0.798899E+01
  0.793375E+01
  0.787097E+01
  0.780552E+01
  0.774049E+01
  0.766796E+01
  0.759085E+01
  0.751077E+01
  0.742427E+01
  0.733699E+01
  0.724613E+01
  0.714970E+01
  0.705023E+01
  0.694757E+01
  0.684041E+01
  0.673258E+01
  0.662012E+01
  0.650301E+01
  0.638457E+01
  0.626147E+01
  0.613424E+01
  0.600681E+01
  0.587472E+01
  0.574118E+01
  0.560569E+01
  0.546541E+01
  0.532492E+01
  0.518445E+01
  0.503871E+01
  0.489189E+01
  0.474372E+01
  0.459417E+01
  0.444423E+01
  0.429148E+01
  0.413703E+01
  0.398197E+01
  0.382493E+01
  0.366716E+01
  0.350656E+01
  0.334636E+01
  0.318501E+01
  0.302127E+01
  0.285619E+01
  0.269034E+01
  0.252271E+01
  0.235353E+01
  0.218389E+01
  0.201320E+01
  0.184152E+01
  0.166750E+01
  0.149146E+01
  0.131615E+01
  0.113977E+01
  0.963923E+00
  0.788268E+00
  0.613032E+00
  0.437053E+00
  0.262589E+00
  0.879822E-01
 -0.861731E-01
 -0.258386E+00
 -0.431623E+00
 -0.603196E+00
 -0.773469E+00
 -0.943173E+00
 -0.110905E+01
 -0.127479E+01
 -0.143968E+01
 -0.160175E+01
 -0.176238E+01
 -0.192056E+01
 -0.207632E+01
 -0.223056E+01
 -0.238151E+01
 -0.253119E+01
 -0.267826E+01
 -0.282274E+01
 -0.296693E+01
 -0.310737E+01
 -0.324492E+01
 -0.338149E+01
 -0.351400E+01
 -0.364678E+01
 -0.377819E+01
 -0.390552E+01
 -0.403331E+01
 -0.416045E+01
 -0.428521E+01
 -0.440891E+01
 -0.453221E+01
 -0.465582E+01
 -0.477758E+01
 -0.489924E+01
 -0.502162E+01
 -0.514121E+01
 -0.526045E+01
 -0.537908E+01
 -0.549652E+01
 -0.561654E+01
 -0.573533E+01
 -0.585343E+01
 -0.597145E+01
 -0.608823E+01
 -0.620829E+01
 -0.632777E+01
 -0.644568E+01
 -0.656554E+01
 -0.668522E+01
 -0.680591E+01
 -0.692745E+01
 -0.704793E+01
 -0.716857E+01
 -0.729000E+01
 -0.741214E+01
 -0.753351E+01
 -0.765420E+01
 -0.777631E+01
 -0.789889E+01
 -0.802252E+01
 -0.814684E+01
 -0.826968E+01
 -0.839427E+01
 -0.851881E+01
 -0.864076E+01
 -0.876317E+01
 -0.888573E+01
 -0.900801E+01
 -0.912908E+01
 -0.924821E+01
 -0.936790E+01
 -0.948631E+01
 -0.960319E+01
 -0.971986E+01
 -0.983439E+01
 -0.994678E+01
 -0.100585E+02
 -0.101679E+02
 -0.102761E+02
 -0.103829E+02
 -0.104875E+02
 -0.105905E+02
 -0.106904E+02
 -0.107869E+02
 -0.108812E+02
 -0.109726E+02
 -0.110631E+02
 -0.111522E+02
 -0.112388E+02
 -0.113215E+02
 -0.114005E+02
 -0.114777E+02
 -0.115518E+02
 -0.116204E+02
 -0.116854E+02
 -0.117479E+02
 -0.118077E+02
 -0.118646E+02
 -0.119202E+02
 -0.119714E+02
 -0.120189E+02
 -0.120629E+02
 -0.121019E+02
 -0.121386E+02
 -0.121740E+02
 -0.122057E+02
 -0.122350E+02
 -0.122621E+02
 -0.122865E+02
 -0.123086E+02
 -0.123286E+02
 -0.123463E+02
 -0.123640E+02
 -0.123802E+02
 -0.123943E+02
 -0.124069E+02
 -0.124172E+02
 -0.124259E+02
 -0.124335E+02
 -0.124398E+02
 -0.124461E+02
 -0.124519E+02
 -0.124570E+02
 -0.124589E+02
 -0.124609E+02
 -0.124643E+02
 -0.124657E+02
 -0.124663E+02
 -0.124659E+02
 -0.124636E+02
 -0.124623E+02
 -0.124589E+02
 -0.124531E+02
 -0.124464E+02
 -0.124399E+02
 -0.124315E+02
 -0.124207E+02
 -0.124098E+02
 -0.123965E+02
 -0.123805E+02
 -0.123644E+02
 -0.123455E+02
 -0.123223E+02
 -0.122972E+02
 -0.122723E+02
 -0.122435E+02
 -0.122110E+02
 -0.121763E+02
 -0.121395E+02
 -0.121002E+02
 -0.120587E+02
 -0.120164E+02
 -0.119728E+02
 -0.119271E+02
 -0.118807E+02
 -0.118319E+02
 -0.117823E+02
 -0.117302E+02
 -0.116775E+02
 -0.116251E+02
 -0.115703E+02
 -0.115168E+02
 -0.114636E+02
 -0.114089E+02
 -0.113548E+02
 -0.113016E+02
 -0.112491E+02
 -0.111951E+02
 -0.111408E+02
 -0.110861E+02
 -0.110320E+02
 -0.109763E+02
 -0.109186E+02
 -0.108620E+02
 -0.108050E+02
 -0.107468E+02
 -0.106881E+02
 -0.106281E+02
 -0.105660E+02
 -0.105016E+02
 -0.104371E+02
 -0.103715E+02
 -0.103043E+02
 -0.102359E+02
 -0.101685E+02
 -0.100998E+02
 -0.100283E+02
 -0.995586E+01
 -0.988405E+01
 -0.981062E+01
 -0.973559E+01
 -0.966193E+01
 -0.958760E+01
 -0.951264E+01
 -0.943934E+01
 -0.936344E+01
 -0.928542E+01
 -0.921070E+01
 -0.913923E+01
 -0.906811E+01
 -0.899693E+01
 -0.892682E+01
 -0.885763E+01
 -0.879019E+01
 -0.872519E+01
 -0.866032E+01
 -0.859964E+01
 -0.854322E+01
 -0.848710E+01
 -0.843279E+01
 -0.838198E+01
 -0.833442E+01
 -0.828970E+01
 -0.824762E+01
 -0.820964E+01
 -0.817537E+01
 -0.814270E+01
 -0.811313E+01
 -0.808810E+01
 -0.806513E+01
 -0.804455E+01
 -0.802811E+01
 -0.801485E+01
 -0.800144E+01
 -0.798885E+01
 -0.798012E+01
 -0.797187E+01
 -0.796476E+01
 -0.796122E+01
 -0.795604E+01
 -0.795201E+01
 -0.795153E+01
 -0.795110E+01
 -0.794949E+01
 -0.794807E+01
 -0.794892E+01
 -0.794803E+01
 -0.794608E+01
 -0.794627E+01
 -0.794444E+01
 -0.794255E+01
 -0.794089E+01
 -0.793737E+01
 -0.793483E+01
 -0.793117E+01
 -0.792673E+01
 -0.792314E+01
 -0.791687E+01
 -0.791081E+01
 -0.790576E+01
 -0.790065E+01
 -0.789704E+01
 -0.789309E+01
 -0.788743E+01
 -0.788050E+01
 -0.787257E+01
 -0.786613E+01
 -0.786034E+01
 -0.785365E+01
 -0.784781E+01
 -0.784282E+01
 -0.783755E+01
 -0.783187E+01
 -0.782739E+01
 -0.782332E+01
 -0.781741E+01
 -0.781412E+01
 -0.781161E+01
 -0.780741E+01
 -0.780630E+01
 -0.780609E+01
 -0.780546E+01
 -0.780685E+01
 -0.780894E+01
 -0.781202E+01
 -0.781640E+01
 -0.782255E+01
 -0.783018E+01
 -0.783920E+01
 -0.784934E+01
 -0.786062E+01
 -0.787391E+01
 -0.788842E+01
 -0.790425E+01
 -0.792233E+01
 -0.794162E+01
 -0.796176E+01
 -0.798547E+01
 -0.801096E+01
 -0.803768E+01
 -0.806986E+01
 -0.810236E+01
 -0.813580E+01
 -0.817351E+01
 -0.821115E+01
 -0.824942E+01
 -0.829306E+01
 -0.833858E+01
 -0.838208E+01
 -0.842798E+01
 -0.847510E+01
 -0.852160E+01
 -0.856993E+01
 -0.861804E+01
 -0.866650E+01
 -0.871455E+01
 -0.876197E+01
 -0.880958E+01
 -0.885638E+01
 -0.890380E+01
 -0.895106E+01
 -0.899628E+01
 -0.904253E+01
 -0.908893E+01
 -0.913256E+01
 -0.917529E+01
 -0.921797E+01
 -0.925953E+01
 -0.930129E+01
 -0.934124E+01
 -0.938003E+01
 -0.941967E+01
 -0.945704E+01
 -0.949346E+01
 -0.953039E+01
 -0.956469E+01
 -0.959889E+01
 -0.963090E+01
 -0.965987E+01
 -0.968893E+01
 -0.971691E+01
 -0.974336E+01
 -0.976570E+01
 -0.978528E+01
 -0.980472E+01
 -0.982038E+01
 -0.983477E+01
 -0.984816E+01
 -0.985720E+01
 -0.986330E+01
 -0.986742E+01
 -0.986811E+01
 -0.986541E+01
 -0.985924E+01
 -0.985300E+01
 -0.984411E+01
 -0.983096E+01
 -0.981581E+01
 -0.979511E+01
 -0.977220E+01
 -0.974876E+01
 -0.972016E+01
 -0.968952E+01
 -0.965703E+01
 -0.962191E+01
 -0.958325E+01
 -0.954364E+01
 -0.950240E+01
 -0.945684E+01
 -0.941181E+01
 -0.936279E+01
 -0.931010E+01
 -0.926061E+01
 -0.920769E+01
 -0.915032E+01
 -0.909462E+01
 -0.903778E+01
 -0.897670E+01
 -0.891682E+01
 -0.885606E+01
 -0.879391E+01
 -0.873209E+01
 -0.866870E+01
 -0.860712E+01
 -0.854597E+01
 -0.848505E+01
 -0.842795E+01
 -0.836913E+01
 -0.831181E+01
 -0.825797E+01
 -0.820375E+01
 -0.815278E+01
 -0.810346E+01
 -0.805657E+01
 -0.801269E+01
 -0.796876E+01
 -0.792703E+01
 -0.788778E+01
 -0.785138E+01
 -0.781756E+01
 -0.778589E+01
 -0.775516E+01
 -0.772703E+01
 -0.770164E+01
 -0.767737E+01
 -0.765655E+01
 -0.763901E+01
 -0.762395E+01
 -0.760917E+01
 -0.759472E+01
 -0.758206E+01
 -0.757047E+01
 -0.756263E+01
 -0.755596E+01
 -0.755167E+01
 -0.755073E+01
 -0.754907E+01
 -0.755078E+01
 -0.755449E+01
 -0.755899E+01
 -0.756622E+01
 -0.757427E+01
 -0.758618E+01
 -0.759946E+01
 -0.761336E+01
 -0.762980E+01
 -0.764622E+01
 -0.766322E+01
 -0.768261E+01
 -0.770473E+01
 -0.772765E+01
 -0.775253E+01
 -0.777951E+01
 -0.780544E+01
 -0.783300E+01
 -0.786285E+01
 -0.789391E+01
 -0.792579E+01
 -0.795907E+01
 -0.799540E+01
 -0.803262E+01
 -0.807214E+01
 -0.811377E+01
 -0.815545E+01
 -0.820053E+01
 -0.824523E+01
 -0.829076E+01
 -0.833922E+01
 -0.838630E+01
 -0.843545E+01
 -0.848661E+01
 -0.853745E+01
 -0.859012E+01
 -0.864273E+01
 -0.869813E+01
 -0.875496E+01
 -0.881000E+01
 -0.886711E+01
 -0.892409E+01
 -0.898216E+01
 -0.904238E+01
 -0.910078E+01
 -0.915977E+01
 -0.922006E+01
 -0.927967E+01
 -0.933900E+01
 -0.940022E+01
 -0.946053E+01
 -0.952076E+01
 -0.958139E+01
 -0.963944E+01
 -0.969871E+01
 -0.975946E+01
 -0.981831E+01
 -0.987741E+01
 -0.993690E+01
 -0.999510E+01
 -0.100515E+02
 -0.101106E+02
 -0.101706E+02
 -0.102278E+02
 -0.102873E+02
 -0.103473E+02
 -0.104059E+02
 -0.104672E+02
 -0.105283E+02
 -0.105905E+02
 -0.106553E+02
 -0.107203E+02
 -0.107854E+02
 -0.108516E+02
 -0.109205E+02
 -0.109916E+02
 -0.110616E+02
 -0.111336E+02
 -0.112089E+02
 -0.112834E+02
 -0.113589E+02
 -0.114360E+02
 -0.115128E+02
 -0.115924E+02
 -0.116726E+02
 -0.117536E+02
 -0.118356E+02
 -0.119175E+02
 -0.120007E+02
 -0.120844E+02
 -0.121681E+02
 -0.122515E+02
 -0.123349E+02
 -0.124180E+02
 -0.124984E+02
 -0.125802E+02
 -0.126616E+02
 -0.127414E+02
 -0.128218E+02
 -0.129011E+02
 -0.129797E+02
 -0.130590E+02
 -0.131339E+02
 -0.132061E+02
 -0.132796E+02
 -0.133525E+02
 -0.134230E+02
 -0.134918E+02
 -0.135583E+02
 -0.136262E+02
 -0.136943E+02
 -0.137607E+02
 -0.138261E+02
 -0.138911E+02
 -0.139552E+02
 -0.140169E+02
 -0.140783E+02
 -0.141413E+02
 -0.142036E+02
 -0.142674E+02
 -0.143308E+02
 -0.143942E+02
 -0.144588E+02
 -0.145236E+02
 -0.145894E+02
 -0.146581E+02
 -0.147265E+02
 -0.147960E+02
 -0.148674E+02
 -0.149388E+02
 -0.150111E+02
 -0.150842E+02
 -0.151565E+02
 -0.152296E+02
 -0.153035E+02
 -0.153784E+02
 -0.154515E+02
 -0.155240E+02
 -0.155968E+02
 -0.156696E+02
 -0.157421E+02
 -0.158136E+02
 -0.158826E+02
 -0.159511E+02
 -0.160177E+02
 -0.160814E+02
 -0.161434E+02
 -0.162042E+02
 -0.162616E+02
 -0.163174E+02
 -0.163715E+02
 -0.164234E+02
 -0.164719E+02
 -0.165187E+02
 -0.165635E+02
 -0.166050E+02
 -0.166445E+02
 -0.166821E+02
 -0.167172E+02
 -0.167509E+02
 -0.167824E+02
 -0.168120E+02
 -0.168393E+02
 -0.168662E+02
 -0.168886E+02
 -0.169088E+02
 -0.169295E+02
 -0.169481E+02
 -0.169648E+02
 -0.169814E+02
 -0.169981E+02
 -0.170135E+02
 -0.170269E+02
 -0.170416E+02
 -0.170553E+02
 -0.170685E+02
 -0.170812E+02
 -0.170935E+02
 -0.171054E+02
 -0.171181E+02
 -0.171300E+02
 -0.171417E+02
 -0.171537E+02
 -0.171663E+02
 -0.171782E+02
 -0.171899E+02
 -0.172017E+02
 -0.172150E+02
 -0.172277E+02
 -0.172413E+02
 -0.172560E+02
 -0.172710E+02
 -0.172855E+02
 -0.172997E+02
 -0.173147E+02
 -0.173313E+02
 -0.173461E+02
 -0.173601E+02
 -0.173748E+02
 -0.173903E+02
 -0.174051E+02
 -0.174189E+02
 -0.174338E+02
 -0.174499E+02
 -0.174641E+02
 -0.174783E+02
 -0.174915E+02
 -0.175044E+02
 -0.175184E+02
 -0.175317E+02
 -0.175434E+02
 -0.175548E+02
 -0.175658E+02
 -0.175778E+02
 -0.175889E+02
 -0.175996E+02
 -0.176091E+02
 -0.176172E+02
 -0.176230E+02
 -0.176268E+02
 -0.176288E+02
 -0.176295E+02
 -0.176288E+02
 -0.176265E+02
 -0.176211E+02
 -0.176130E+02
 -0.176018E+02
 -0.175874E+02
 -0.175681E+02
 -0.175451E+02
 -0.175185E+02
 -0.174883E+02
 -0.174525E+02
 -0.174130E+02
 -0.173673E+02
 -0.173149E+02
 -0.172578E+02
 -0.171954E+02
 -0.171277E+02
 -0.170558E+02
 -0.169769E+02
 -0.168923E+02
 -0.168024E+02
 -0.167064E+02
 -0.166043E+02
 -0.164994E+02
 -0.163889E+02
 -0.162703E+02
 -0.161465E+02
 -0.160188E+02
 -0.158863E+02
 -0.157495E+02
 -0.156082E+02
 -0.154631E+02
 -0.153119E+02
 -0.151560E+02
 -0.149944E+02
 -0.148299E+02
 -0.146624E+02
 -0.144896E+02
 -0.143135E+02
 -0.141326E+02
 -0.139479E+02
 -0.137600E+02
 -0.135657E+02
 -0.133698E+02
 -0.131703E+02
 -0.129664E+02
 -0.127606E+02
 -0.125529E+02
 -0.123416E+02
 -0.121267E+02
 -0.119099E+02
 -0.116896E+02
 -0.114657E+02
 -0.112428E+02
 -0.110182E+02
 -0.107918E+02
 -0.105647E+02
 -0.103344E+02
 -0.101033E+02
 -0.987224E+01
 -0.964080E+01
 -0.940929E+01
 -0.917578E+01
 -0.894368E+01
 -0.871160E+01
 -0.847788E+01
 -0.824578E+01
 -0.801558E+01
 -0.778609E+01
 -0.755710E+01
 -0.732880E+01
 -0.710155E+01
 -0.687394E+01
 -0.664676E+01
 -0.642139E+01
 -0.619754E+01
 -0.597523E+01
 -0.575468E+01
 -0.553576E+01
 -0.531747E+01
 -0.510072E+01
 -0.488562E+01
 -0.467028E+01
 -0.445757E+01
 -0.424667E+01
 -0.403577E+01
 -0.382890E+01
 -0.362185E+01
 -0.341498E+01
 -0.321251E+01
 -0.301101E+01
 -0.281172E+01
 -0.261523E+01
 -0.242171E+01
 -0.223093E+01
 -0.204142E+01
 -0.185509E+01
 -0.167042E+01
 -0.149077E+01
 -0.131359E+01
 -0.113727E+01
 -0.965877E+00
 -0.797123E+00
 -0.630707E+00
 -0.468047E+00
 -0.308295E+00
 -0.151545E+00
  0.366926E-02
  0.157575E+00
  0.308534E+00
  0.455355E+00
  0.600255E+00
  0.742074E+00
  0.881820E+00
  0.101971E+01
  0.115542E+01
  0.128853E+01
  0.141913E+01
  0.154724E+01
  0.167044E+01
  0.179078E+01
  0.190964E+01
  0.202356E+01
  0.213420E+01
  0.224054E+01
  0.234292E+01
  0.244053E+01
  0.253426E+01
  0.262509E+01
  0.271083E+01
  0.279048E+01
  0.286699E+01
  0.293752E+01
  0.300247E+01
  0.306383E+01
  0.311973E+01
  0.317078E+01
  0.321594E+01
  0.325429E+01
  0.328923E+01
  0.331766E+01
  0.334115E+01
  0.335997E+01
  0.337280E+01
  0.337927E+01
  0.337986E+01
  0.337510E+01
  0.336516E+01
  0.334873E+01
  0.332552E+01
  0.329487E+01
  0.325820E+01
  0.321569E+01
  0.316801E+01
  0.311427E+01
  0.305426E+01
  0.298797E+01
  0.291638E+01
  0.283811E+01
  0.275511E+01
  0.266624E+01
  0.257192E+01
  0.247440E+01
  0.237018E+01
  0.226231E+01
  0.215273E+01
  0.203476E+01
  0.191307E+01
  0.178871E+01
  0.166002E+01
  0.152789E+01
  0.139512E+01
  0.125934E+01
  0.111896E+01
  0.977232E+00
  0.831800E+00
  0.682521E+00
  0.533486E+00
  0.383654E+00
  0.231801E+00
  0.767531E-01
 -0.769081E-01
 -0.231390E+00
 -0.389732E+00
 -0.548145E+00
 -0.706410E+00
 -0.866463E+00
 -0.102556E+01
 -0.118494E+01
 -0.134501E+01
 -0.150394E+01
 -0.166582E+01
 -0.182805E+01
 -0.198761E+01
 -0.214646E+01
 -0.230435E+01
 -0.246301E+01
 -0.262047E+01
 -0.277760E+01
 -0.293152E+01
 -0.308542E+01
 -0.324076E+01
 -0.339040E+01
 -0.353877E+01
 -0.368918E+01
 -0.383474E+01
 -0.397783E+01
 -0.412206E+01
 -0.426169E+01
 -0.439883E+01
 -0.453431E+01
 -0.466404E+01
 -0.479116E+01
 -0.491645E+01
 -0.503956E+01
 -0.515920E+01
 -0.527520E+01
 -0.538846E+01
 -0.549813E+01
 -0.560339E+01
 -0.570538E+01
 -0.580430E+01
 -0.589875E+01
 -0.598926E+01
 -0.607501E+01
 -0.615602E+01
 -0.623544E+01
 -0.630974E+01
 -0.637748E+01
 -0.644439E+01
 -0.650664E+01
 -0.656364E+01
 -0.661783E+01
 -0.666629E+01
 -0.671173E+01
 -0.675401E+01
 -0.679129E+01
 -0.682371E+01
 -0.685164E+01
 -0.687651E+01
 -0.689550E+01
 -0.690982E+01
 -0.692257E+01
 -0.692989E+01
 -0.693426E+01
 -0.693618E+01
 -0.693157E+01
 -0.692509E+01
 -0.691589E+01
 -0.690242E+01
 -0.688791E+01
 -0.686931E+01
 -0.684588E+01
 -0.682155E+01
 -0.679537E+01
 -0.676584E+01
 -0.673455E+01
 -0.670147E+01
 -0.666586E+01
 -0.662871E+01
 -0.658941E+01
 -0.654788E+01
 -0.650646E+01
 -0.646339E+01
 -0.641741E+01
 -0.637159E+01
 -0.632474E+01
 -0.627603E+01
 -0.622699E+01
 -0.617678E+01
 -0.612628E+01
 -0.607510E+01
 -0.602306E+01
 -0.597140E+01
 -0.591812E+01
 -0.586362E+01
 -0.580979E+01
 -0.575566E+01
 -0.570059E+01
 -0.564523E+01
 -0.559022E+01
 -0.553376E+01
 -0.547390E+01
 -0.541422E+01
 -0.535408E+01
 -0.528958E+01
 -0.522442E+01
 -0.515845E+01
 -0.508927E+01
 -0.501894E+01
 -0.494778E+01
 -0.487514E+01
 -0.480274E+01
 -0.472994E+01
 -0.465573E+01
 -0.458047E+01
 -0.450452E+01
 -0.442893E+01
 -0.435164E+01
 -0.427356E+01
 -0.419753E+01
 -0.412096E+01
 -0.404431E+01
 -0.396582E+01
 -0.388643E+01
 -0.380883E+01
 -0.372943E+01
 -0.364795E+01
 -0.356666E+01
 -0.348574E+01
 -0.340360E+01
 -0.331914E+01
 -0.323508E+01
 -0.315135E+01
 -0.306581E+01
 -0.297800E+01
 -0.288948E+01
 -0.280117E+01
 -0.271184E+01
 -0.262154E+01
 -0.253108E+01
 -0.243842E+01
 -0.234635E+01
 -0.225413E+01
 -0.215998E+01
 -0.206655E+01
 -0.197297E+01
 -0.187707E+01
 -0.178153E+01
 -0.168797E+01
 -0.159354E+01
 -0.149928E+01
 -0.140804E+01
 -0.131599E+01
 -0.122279E+01
 -0.113093E+01
 -0.104239E+01
 -0.954874E+00
 -0.867768E+00
 -0.782702E+00
 -0.697614E+00
 -0.612844E+00
 -0.530872E+00
 -0.450076E+00
 -0.371712E+00
 -0.294745E+00
 -0.219505E+00
 -0.146296E+00
 -0.726357E-01
 -0.725269E-03
  0.689096E-01
  0.137728E+00
  0.203883E+00
  0.269166E+00
  0.331934E+00
  0.394019E+00
  0.454649E+00
  0.511863E+00
  0.568795E+00
  0.622937E+00
  0.672791E+00
  0.721300E+00
  0.768075E+00
  0.815120E+00
  0.858791E+00
  0.900115E+00
  0.940024E+00
  0.975661E+00
  0.100913E+01
  0.104040E+01
  0.106958E+01
  0.109741E+01
  0.112007E+01
  0.114170E+01
  0.116367E+01
  0.118259E+01
  0.119825E+01
  0.121206E+01
  0.122311E+01
  0.123192E+01
  0.123920E+01
  0.124403E+01
  0.124388E+01
  0.124077E+01
  0.123489E+01
  0.122602E+01
  0.121456E+01
  0.119775E+01
  0.117552E+01
  0.115207E+01
  0.112355E+01
  0.109019E+01
  0.105279E+01
  0.101030E+01
  0.964405E+00
  0.912438E+00
  0.854427E+00
  0.793795E+00
  0.724943E+00
  0.651141E+00
  0.574845E+00
  0.491643E+00
  0.404799E+00
  0.314495E+00
  0.217875E+00
  0.116562E+00
  0.845909E-02
 -0.101670E+00
 -0.215588E+00
 -0.335495E+00
 -0.457352E+00
 -0.583990E+00
 -0.715547E+00
 -0.849966E+00
 -0.989640E+00
 -0.113299E+01
 -0.127980E+01
 -0.143022E+01
 -0.158328E+01
 -0.173902E+01
 -0.189817E+01
 -0.206024E+01
 -0.222675E+01
 -0.239578E+01
 -0.256688E+01
 -0.274052E+01
 -0.291749E+01
 -0.309831E+01
 -0.327884E+01
 -0.346170E+01
 -0.365093E+01
 -0.384046E+01
 -0.403089E+01
 -0.422550E+01
 -0.442189E+01
 -0.462026E+01
 -0.482146E+01
 -0.502413E+01
 -0.523047E+01
 -0.544059E+01
 -0.565277E+01
 -0.586650E+01
 -0.608331E+01
 -0.630366E+01
 -0.652480E+01
 -0.674809E+01
 -0.697443E+01
 -0.720316E+01
 -0.743457E+01
 -0.766654E+01
 -0.790222E+01
 -0.814260E+01
 -0.838366E+01
 -0.862637E+01
 -0.887055E+01
 -0.911756E+01
 -0.936845E+01
 -0.961993E+01
 -0.987214E+01
 -0.101273E+02
 -0.103843E+02
 -0.106436E+02
 -0.109031E+02
 -0.111609E+02
 -0.114201E+02
 -0.116802E+02
 -0.119399E+02
 -0.122006E+02
 -0.124594E+02
 -0.127167E+02
 -0.129737E+02
 -0.132290E+02
 -0.134818E+02
 -0.137351E+02
 -0.139873E+02
 -0.142366E+02
 -0.144838E+02
 -0.147291E+02
 -0.149712E+02
 -0.152119E+02
 -0.154502E+02
 -0.156842E+02
 -0.159152E+02
 -0.161448E+02
 -0.163705E+02
 -0.165930E+02
 -0.168129E+02
 -0.170302E+02
 -0.172449E+02
 -0.174559E+02
 -0.176629E+02
 -0.178698E+02
 -0.180737E+02
 -0.182742E+02
 -0.184720E+02
 -0.186668E+02
 -0.188581E+02
 -0.190462E+02
 -0.192310E+02
 -0.194147E+02
 -0.195963E+02
 -0.197742E+02
 -0.199499E+02
 -0.201251E+02
 -0.202975E+02
 -0.204685E+02
 -0.206356E+02
 -0.208010E+02
 -0.209658E+02
 -0.211281E+02
 -0.212868E+02
 -0.214445E+02
 -0.215999E+02
 -0.217535E+02
 -0.219064E+02
 -0.220585E+02
 -0.222099E+02
 -0.223608E+02
 -0.225077E+02
 -0.226552E+02
 -0.228039E+02
 -0.229515E+02
 -0.230978E+02
 -0.232452E+02
 -0.233923E+02
 -0.235384E+02
 -0.236845E+02
 -0.238321E+02
 -0.239795E+02
 -0.241287E+02
 -0.242768E+02
 -0.244258E+02
 -0.245768E+02
 -0.247266E+02
 -0.248756E+02
 -0.250260E+02
 -0.251767E+02
 -0.253294E+02
 -0.254790E+02
 -0.256286E+02
 -0.257791E+02
 -0.259281E+02
 -0.260762E+02
 -0.262244E+02
 -0.263685E+02
 -0.265118E+02
 -0.266544E+02
 -0.267959E+02
 -0.269344E+02
 -0.270701E+02
 -0.272040E+02
 -0.273367E+02
 -0.274661E+02
 -0.275929E+02
 -0.277129E+02
 -0.278308E+02
 -0.279466E+02
 -0.280572E+02
 -0.281630E+02
 -0.282647E+02
 -0.283624E+02
 -0.284565E+02
 -0.285437E+02
 -0.286277E+02
 -0.287054E+02
 -0.287765E+02
 -0.288420E+02
 -0.289028E+02
 -0.289577E+02
 -0.290071E+02
 -0.290488E+02
 -0.290853E+02
 -0.291159E+02
 -0.291405E+02
 -0.291578E+02
 -0.291692E+02
 -0.291727E+02
 -0.291704E+02
 -0.291614E+02
 -0.291437E+02
 -0.291175E+02
 -0.290870E+02
 -0.290493E+02
 -0.290042E+02
 -0.289533E+02
 -0.288970E+02
 -0.288324E+02
 -0.287618E+02
 -0.286834E+02
 -0.285995E+02
 -0.285100E+02
 -0.284140E+02
 -0.283115E+02
 -0.282043E+02
 -0.280908E+02
 -0.279739E+02
 -0.278534E+02
 -0.277276E+02
 -0.275963E+02
 -0.274626E+02
 -0.273222E+02
 -0.271780E+02
 -0.270312E+02
 -0.268820E+02
 -0.267291E+02
 -0.265736E+02
 -0.264150E+02
 -0.262527E+02
 -0.260879E+02
 -0.259229E+02
 -0.257533E+02
 -0.255837E+02
 -0.254117E+02
 -0.252357E+02
 -0.250575E+02
 -0.248779E+02
 -0.246962E+02
 -0.245116E+02
 -0.243245E+02
 -0.241381E+02
 -0.239487E+02
 -0.237583E+02
 -0.235659E+02
 -0.233714E+02
 -0.231749E+02
 -0.229771E+02
 -0.227770E+02
 -0.225757E+02
 -0.223719E+02
 -0.221657E+02
 -0.219571E+02
 -0.217472E+02
 -0.215335E+02
 -0.213174E+02
 -0.211007E+02
 -0.208800E+02
 -0.206557E+02
 -0.204312E+02
 -0.202020E+02
 -0.199723E+02
 -0.197410E+02
 -0.195063E+02
 -0.192688E+02
 -0.190293E+02
 -0.187890E+02
 -0.185467E+02
 -0.183003E+02
 -0.180527E+02
 -0.178036E+02
 -0.175538E+02
 -0.173022E+02
 -0.170505E+02
 -0.167980E+02
 -0.165439E+02
 -0.162872E+02
 -0.160310E+02
 -0.157758E+02
 -0.155213E+02
 -0.152689E+02
 -0.150166E+02
 -0.147649E+02
 -0.145149E+02
 -0.142655E+02
 -0.140198E+02
 -0.137764E+02
 -0.135357E+02
 -0.132971E+02
 -0.130617E+02
 -0.128281E+02
 -0.125960E+02
 -0.123674E+02
 -0.121418E+02
 -0.119187E+02
 -0.116981E+02
 -0.114800E+02
 -0.112654E+02
 -0.110528E+02
 -0.108422E+02
 -0.106353E+02
 -0.104318E+02
 -0.102300E+02
 -0.100313E+02
 -0.983535E+01
 -0.964194E+01
 -0.944930E+01
 -0.925817E+01
 -0.906952E+01
 -0.888388E+01
 -0.870162E+01
 -0.852143E+01
 -0.834289E+01
 -0.816513E+01
 -0.798786E+01
 -0.781296E+01
 -0.764077E+01
 -0.746968E+01
 -0.729919E+01
 -0.713117E+01
 -0.696376E+01
 -0.679680E+01
 -0.663101E+01
 -0.646542E+01
 -0.630101E+01
 -0.613743E+01
 -0.597469E+01
 -0.581287E+01
 -0.565103E+01
 -0.549033E+01
 -0.533004E+01
 -0.516955E+01
 -0.500919E+01
 -0.484867E+01
 -0.468798E+01
 -0.452599E+01
 -0.436469E+01
 -0.420429E+01
 -0.404223E+01
 -0.388011E+01
 -0.371884E+01
 -0.355755E+01
 -0.339597E+01
 -0.323365E+01
 -0.307147E+01
 -0.290878E+01
 -0.274681E+01
 -0.258547E+01
 -0.242477E+01
 -0.226550E+01
 -0.210493E+01
 -0.194435E+01
 -0.178698E+01
 -0.163010E+01
 -0.147358E+01
 -0.131856E+01
 -0.116513E+01
 -0.101392E+01
 -0.865109E+00
 -0.717768E+00
 -0.574006E+00
 -0.434533E+00
 -0.298331E+00
 -0.164773E+00
 -0.351667E-01
  0.888262E-01
  0.209733E+00
  0.327899E+00
  0.438319E+00
  0.545403E+00
  0.648230E+00
  0.743876E+00
  0.834115E+00
  0.918428E+00
  0.997935E+00
  0.107322E+01
  0.114223E+01
  0.120699E+01
  0.126887E+01
  0.132545E+01
  0.137446E+01
  0.142078E+01
  0.146430E+01
  0.150292E+01
  0.153659E+01
  0.156644E+01
  0.159381E+01
  0.161789E+01
  0.163832E+01
  0.165738E+01
  0.167321E+01
  0.168627E+01
  0.169665E+01
  0.170420E+01
  0.170960E+01
  0.171407E+01
  0.171636E+01
  0.171547E+01
  0.171239E+01
  0.170799E+01
  0.170195E+01
  0.169574E+01
  0.168797E+01
  0.167908E+01
  0.166797E+01
  0.165561E+01
  0.164243E+01
  0.162948E+01
  0.161873E+01
  0.160886E+01
  0.159763E+01
  0.158603E+01
  0.157531E+01
  0.156682E+01
  0.155900E+01
  0.155205E+01
  0.154618E+01
  0.154224E+01
  0.153996E+01
  0.153984E+01
  0.154156E+01
  0.154473E+01
  0.154855E+01
  0.155579E+01
  0.156545E+01
  0.157687E+01
  0.159215E+01
  0.160958E+01
  0.162660E+01
  0.164579E+01
  0.166886E+01
  0.169534E+01
  0.172205E+01
  0.174941E+01
  0.177778E+01
  0.180699E+01
  0.183703E+01
  0.186820E+01
  0.190020E+01
  0.193272E+01
  0.196478E+01
  0.199817E+01
  0.203148E+01
  0.206400E+01
  0.209561E+01
  0.212704E+01
  0.215832E+01
  0.218954E+01
  0.221954E+01
  0.224876E+01
  0.227745E+01
  0.230419E+01
  0.232947E+01
  0.235498E+01
  0.237699E+01
  0.239749E+01
  0.241745E+01
  0.243412E+01
  0.244914E+01
  0.246389E+01
  0.247485E+01
  0.248385E+01
  0.249018E+01
  0.249439E+01
  0.249758E+01
  0.249913E+01
  0.249828E+01
  0.249433E+01
  0.248678E+01
  0.247574E+01
  0.246168E+01
  0.244709E+01
  0.242807E+01
  0.240569E+01
  0.238267E+01
  0.235545E+01
  0.232370E+01
  0.228893E+01
  0.224991E+01
  0.220959E+01
  0.216426E+01
  0.211672E+01
  0.206871E+01
  0.201567E+01
  0.196155E+01
  0.190592E+01
  0.184535E+01
  0.178430E+01
  0.172127E+01
  0.165602E+01
  0.158883E+01
  0.151979E+01
  0.144843E+01
  0.137426E+01
  0.129705E+01
  0.121862E+01
  0.113946E+01
  0.105963E+01
  0.978772E+00
  0.896532E+00
  0.811584E+00
  0.724672E+00
  0.635708E+00
  0.544657E+00
  0.451618E+00
  0.358732E+00
  0.265544E+00
  0.170774E+00
  0.730314E-01
 -0.262232E-01
 -0.125805E+00
 -0.227467E+00
 -0.331348E+00
 -0.435065E+00
 -0.541457E+00
 -0.648892E+00
 -0.755900E+00
 -0.865626E+00
 -0.977396E+00
 -0.108951E+01
 -0.120221E+01
 -0.131559E+01
 -0.143103E+01
 -0.154791E+01
 -0.166508E+01
 -0.178180E+01
 -0.190044E+01
 -0.201903E+01
 -0.213752E+01
 -0.225754E+01
 -0.237649E+01
 -0.249470E+01
 -0.261437E+01
 -0.273307E+01
 -0.285093E+01
 -0.296894E+01
 -0.308637E+01
 -0.320366E+01
 -0.332060E+01
 -0.343662E+01
 -0.355322E+01
 -0.366869E+01
 -0.378383E+01
 -0.389838E+01
 -0.401117E+01
 -0.412435E+01
 -0.423665E+01
 -0.434640E+01
 -0.445579E+01
 -0.456500E+01
 -0.467322E+01
 -0.478051E+01
 -0.488683E+01
 -0.499173E+01
 -0.509396E+01
 -0.519370E+01
 -0.529290E+01
 -0.539023E+01
 -0.548533E+01
 -0.557993E+01
 -0.567393E+01
 -0.576588E+01
 -0.585505E+01
 -0.594116E+01
 -0.602599E+01
 -0.610962E+01
 -0.618937E+01
 -0.626522E+01
 -0.633937E+01
 -0.641461E+01
 -0.648831E+01
 -0.655884E+01
 -0.662886E+01
 -0.669522E+01
 -0.676051E+01
 -0.682653E+01
 -0.688960E+01
 -0.695039E+01
 -0.701057E+01
 -0.707163E+01
 -0.712949E+01
 -0.718398E+01
 -0.723852E+01
 -0.729185E+01
 -0.734608E+01
 -0.740054E+01
 -0.745138E+01
 -0.750219E+01
 -0.755418E+01
 -0.760345E+01
 -0.765225E+01
 -0.770262E+01
 -0.775179E+01
 -0.780017E+01
 -0.784897E+01
 -0.789721E+01
 -0.794285E+01
 -0.798801E+01
 -0.803540E+01
 -0.808125E+01
 -0.812615E+01
 -0.817209E+01
 -0.821625E+01
 -0.826112E+01
 -0.830576E+01
 -0.834876E+01
 -0.839243E+01
 -0.843522E+01
 -0.847705E+01
 -0.851961E+01
 -0.856179E+01
 -0.860376E+01
 -0.864671E+01
 -0.868997E+01
 -0.873291E+01
 -0.877574E+01
 -0.881809E+01
 -0.886073E+01
 -0.890269E+01
 -0.894299E+01
 -0.898395E+01
 -0.902723E+01
 -0.907024E+01
 -0.911034E+01
 -0.915086E+01
 -0.919382E+01
 -0.923505E+01
 -0.927655E+01
 -0.931898E+01
 -0.936224E+01
 -0.940620E+01
 -0.944805E+01
 -0.949039E+01
 -0.953444E+01
 -0.957996E+01
 -0.962627E+01
 -0.967095E+01
 -0.971714E+01
 -0.976439E+01
 -0.981129E+01
 -0.985971E+01
 -0.990870E+01
 -0.995804E+01
 -0.100101E+02
 -0.100635E+02
 -0.101186E+02
 -0.101744E+02
 -0.102305E+02
 -0.102896E+02
 -0.103489E+02
 -0.104091E+02
 -0.104724E+02
 -0.105376E+02
 -0.106059E+02
 -0.106756E+02
 -0.107472E+02
 -0.108215E+02
 -0.108973E+02
 -0.109747E+02
 -0.110543E+02
 -0.111355E+02
 -0.112194E+02
 -0.113065E+02
 -0.113956E+02
 -0.114872E+02
 -0.115803E+02
 -0.116739E+02
 -0.117699E+02
 -0.118683E+02
 -0.119693E+02
 -0.120716E+02
 -0.121768E+02
 -0.122817E+02
 -0.123873E+02
 -0.124980E+02
 -0.126090E+02
 -0.127198E+02
 -0.128324E+02
 -0.129450E+02
 -0.130596E+02
 -0.131731E+02
 -0.132885E+02
 -0.134075E+02
 -0.135249E+02
 -0.136434E+02
 -0.137643E+02
 -0.138839E+02
 -0.140052E+02
 -0.141280E+02
 -0.142513E+02
 -0.143747E+02
 -0.144980E+02
 -0.146212E+02
 -0.147459E+02
 -0.148711E+02
 -0.149973E+02
 -0.151231E+02
 -0.152474E+02
 -0.153712E+02
 -0.154943E+02
 -0.156166E+02
 -0.157384E+02
 -0.158573E+02
 -0.159756E+02
 -0.160923E+02
 -0.162066E+02
 -0.163201E+02
 -0.164312E+02
 -0.165364E+02
 -0.166378E+02
 -0.167360E+02
 -0.168299E+02
 -0.169192E+02
 -0.170059E+02
 -0.170875E+02
 -0.171622E+02
 -0.172311E+02
 -0.172960E+02
 -0.173541E+02
 -0.174057E+02
 -0.174518E+02
 -0.174914E+02
 -0.175232E+02
 -0.175493E+02
 -0.175689E+02
 -0.175820E+02
 -0.175889E+02
 -0.175892E+02
 -0.175818E+02
 -0.175687E+02
 -0.175501E+02
 -0.175262E+02
 -0.174956E+02
 -0.174593E+02
 -0.174183E+02
 -0.173731E+02
 -0.173230E+02
 -0.172699E+02
 -0.172117E+02
 -0.171497E+02
 -0.170856E+02
 -0.170185E+02
 -0.169472E+02
 -0.168732E+02
 -0.167975E+02
 -0.167212E+02
 -0.166429E+02
 -0.165634E+02
 -0.164827E+02
 -0.164013E+02
 -0.163176E+02
 -0.162326E+02
 -0.161475E+02
 -0.160635E+02
 -0.159800E+02
 -0.158954E+02
 -0.158096E+02
 -0.157246E+02
 -0.156408E+02
 -0.155574E+02
 -0.154745E+02
 -0.153956E+02
 -0.153180E+02
 -0.152423E+02
 -0.151691E+02
 -0.150982E+02
 -0.150301E+02
 -0.149641E+02
 -0.149017E+02
 -0.148444E+02
 -0.147898E+02
 -0.147400E+02
 -0.146930E+02
 -0.146491E+02
 -0.146085E+02
 -0.145717E+02
 -0.145396E+02
 -0.145099E+02
 -0.144839E+02
 -0.144633E+02
 -0.144440E+02
 -0.144277E+02
 -0.144175E+02
 -0.144123E+02
 -0.144104E+02
 -0.144118E+02
 -0.144160E+02
 -0.144245E+02
 -0.144363E+02
 -0.144515E+02
 -0.144710E+02
 -0.144943E+02
 -0.145199E+02
 -0.145488E+02
 -0.145804E+02
 -0.146151E+02
 -0.146526E+02
 -0.146925E+02
 -0.147345E+02
 -0.147798E+02
 -0.148260E+02
 -0.148728E+02
 -0.149218E+02
 -0.149726E+02
 -0.150244E+02
 -0.150781E+02
 -0.151327E+02
 -0.151869E+02
 -0.152399E+02
 -0.152956E+02
 -0.153527E+02
 -0.154084E+02
 -0.154651E+02
 -0.155242E+02
 -0.155825E+02
 -0.156425E+02
 -0.157032E+02
 -0.157628E+02
 -0.158238E+02
 -0.158859E+02
 -0.159462E+02
 -0.160082E+02
 -0.160733E+02
 -0.161388E+02
 -0.162019E+02
 -0.162663E+02
 -0.163322E+02
 -0.163974E+02
 -0.164610E+02
 -0.165240E+02
 -0.165875E+02
 -0.166507E+02
 -0.167124E+02
 -0.167738E+02
 -0.168347E+02
 -0.168942E+02
 -0.169515E+02
 -0.170091E+02
 -0.170653E+02
 -0.171202E+02
 -0.171737E+02
 -0.172275E+02
 -0.172801E+02
 -0.173310E+02
 -0.173805E+02
 -0.174276E+02
 -0.174749E+02
 -0.175233E+02
 -0.175699E+02
 -0.176165E+02
 -0.176625E+02
 -0.177067E+02
 -0.177492E+02
 -0.177921E+02
 -0.178347E+02
 -0.178771E+02
 -0.179190E+02
 -0.179599E+02
 -0.179992E+02
 -0.180392E+02
 -0.180798E+02
 -0.181202E+02
 -0.181598E+02
 -0.181987E+02
 -0.182368E+02
 -0.182759E+02
 -0.183140E+02
 -0.183518E+02
 -0.183904E+02
 -0.184302E+02
 -0.184690E+02
 -0.185076E+02
 -0.185475E+02
 -0.185882E+02
 -0.186277E+02
 -0.186687E+02
 -0.187104E+02
 -0.187515E+02
 -0.187931E+02
 -0.188365E+02
 -0.188786E+02
 -0.189201E+02
 -0.189617E+02
 -0.190042E+02
 -0.190473E+02
 -0.190908E+02
 -0.191335E+02
 -0.191746E+02
 -0.192144E+02
 -0.192568E+02
 -0.192991E+02
 -0.193402E+02
 -0.193808E+02
 -0.194204E+02
 -0.194593E+02
 -0.194974E+02
 -0.195316E+02
 -0.195641E+02
 -0.195971E+02
 -0.196288E+02
 -0.196569E+02
 -0.196856E+02
 -0.197123E+02
 -0.197356E+02
 -0.197561E+02
 -0.197753E+02
 -0.197925E+02
 -0.198075E+02
 -0.198204E+02
 -0.198313E+02
 -0.198396E+02
 -0.198449E+02
 -0.198467E+02
 -0.198469E+02
 -0.198440E+02
 -0.198395E+02
 -0.198316E+02
 -0.198192E+02
 -0.198043E+02
 -0.197876E+02
 -0.197662E+02
 -0.197415E+02
 -0.197132E+02
 -0.196809E+02
 -0.196446E+02
 -0.196038E+02
 -0.195556E+02
 -0.195030E+02
 -0.194456E+02
 -0.193833E+02
 -0.193153E+02
 -0.192408E+02
 -0.191600E+02
 -0.190749E+02
 -0.189841E+02
 -0.188870E+02
 -0.187820E+02
 -0.186727E+02
 -0.185591E+02
 -0.184391E+02
 -0.183119E+02
 -0.181802E+02
 -0.180433E+02
 -0.179006E+02
 -0.177525E+02
 -0.176008E+02
 -0.174446E+02
 -0.172830E+02
 -0.171156E+02
 -0.169453E+02
 -0.167704E+02
 -0.165915E+02
 -0.164083E+02
 -0.162205E+02
 -0.160308E+02
 -0.158369E+02
 -0.156369E+02
 -0.154349E+02
 -0.152297E+02
 -0.150228E+02
 -0.148115E+02
 -0.145973E+02
 -0.143838E+02
 -0.141682E+02
 -0.139496E+02
 -0.137283E+02
 -0.135038E+02
 -0.132796E+02
 -0.130545E+02
 -0.128282E+02
 -0.126006E+02
 -0.123718E+02
 -0.121428E+02
 -0.119134E+02
 -0.116831E+02
 -0.114530E+02
 -0.112208E+02
 -0.109889E+02
 -0.107595E+02
 -0.105301E+02
 -0.103016E+02
 -0.100738E+02
 -0.984636E+01
 -0.962018E+01
 -0.939461E+01
 -0.917210E+01
 -0.895276E+01
 -0.873531E+01
 -0.852027E+01
 -0.830757E+01
 -0.809642E+01
 -0.788873E+01
 -0.768482E+01
 -0.748330E+01
 -0.728524E+01
 -0.709088E+01
 -0.689993E+01
 -0.671305E+01
 -0.652916E+01
 -0.634878E+01
 -0.617234E+01
 -0.599956E+01
 -0.583016E+01
 -0.566425E+01
 -0.550307E+01
 -0.534555E+01
 -0.519080E+01
 -0.504012E+01
 -0.489391E+01
 -0.475071E+01
 -0.461173E+01
 -0.447778E+01
 -0.434668E+01
 -0.421932E+01
 -0.409564E+01
 -0.397569E+01
 -0.386058E+01
 -0.374847E+01
 -0.363957E+01
 -0.353371E+01
 -0.343131E+01
 -0.333348E+01
 -0.323983E+01
 -0.314903E+01
 -0.306138E+01
 -0.297748E+01
 -0.289814E+01
 -0.282384E+01
 -0.275292E+01
 -0.268443E+01
 -0.262127E+01
 -0.256339E+01
 -0.250803E+01
 -0.245635E+01
 -0.240998E+01
 -0.236733E+01
 -0.232834E+01
 -0.229152E+01
 -0.225757E+01
 -0.222726E+01
 -0.219924E+01
 -0.217389E+01
 -0.215223E+01
 -0.213192E+01
 -0.211341E+01
 -0.209786E+01
 -0.208385E+01
 -0.207164E+01
 -0.206101E+01
 -0.205121E+01
 -0.204368E+01
 -0.203717E+01
 -0.203109E+01
 -0.202596E+01
 -0.202362E+01
 -0.202235E+01
 -0.202126E+01
 -0.202005E+01
 -0.201826E+01
 -0.201830E+01
 -0.201983E+01
 -0.202188E+01
 -0.202548E+01
 -0.202870E+01
 -0.203246E+01
 -0.203587E+01
 -0.203862E+01
 -0.204395E+01
 -0.205118E+01
 -0.205759E+01
 -0.206434E+01
 -0.207177E+01
 -0.207965E+01
 -0.208665E+01
 -0.209331E+01
 -0.209964E+01
 -0.210478E+01
 -0.211012E+01
 -0.211596E+01
 -0.212197E+01
 -0.212807E+01
 -0.213259E+01
 -0.213728E+01
 -0.214185E+01
 -0.214615E+01
 -0.215047E+01
 -0.215501E+01
 -0.215959E+01
 -0.216350E+01
 -0.216646E+01
 -0.216908E+01
 -0.217262E+01
 -0.217550E+01
 -0.217811E+01
 -0.218275E+01
 -0.218455E+01
 -0.218630E+01
 -0.218991E+01
 -0.219162E+01
 -0.219472E+01
 -0.219930E+01
 -0.220289E+01
 -0.220782E+01
 -0.221291E+01
 -0.221962E+01
 -0.222799E+01
 -0.223759E+01
 -0.224937E+01
 -0.226233E+01
 -0.227663E+01
 -0.229243E+01
 -0.231036E+01
 -0.233174E+01
 -0.235633E+01
 -0.238348E+01
 -0.241222E+01
 -0.244573E+01
 -0.248163E+01
 -0.251948E+01
 -0.256306E+01
 -0.260948E+01
 -0.265754E+01
 -0.271000E+01
 -0.276509E+01
 -0.282363E+01
 -0.288697E+01
 -0.295227E+01
 -0.302025E+01
 -0.309404E+01
 -0.317116E+01
 -0.325034E+01
 -0.333236E+01
 -0.341807E+01
 -0.350742E+01
 -0.359872E+01
 -0.369260E+01
 -0.379024E+01
 -0.388983E+01
 -0.399135E+01
 -0.409499E+01
 -0.420145E+01
 -0.431026E+01
 -0.442119E+01
 -0.453382E+01
 -0.464782E+01
 -0.476389E+01
 -0.488111E+01
 -0.499911E+01
 -0.511808E+01
 -0.523723E+01
 -0.535842E+01
 -0.548106E+01
 -0.560325E+01
 -0.572734E+01
 -0.585235E+01
 -0.597519E+01
 -0.609804E+01
 -0.622096E+01
 -0.634368E+01
 -0.646709E+01
 -0.658813E+01
 -0.670756E+01
 -0.682896E+01
 -0.694980E+01
 -0.706762E+01
 -0.718519E+01
 -0.730307E+01
 -0.741973E+01
 -0.753650E+01
 -0.765255E+01
 -0.776730E+01
 -0.788417E+01
 -0.800053E+01
 -0.811388E+01
 -0.822916E+01
 -0.834443E+01
 -0.845640E+01
 -0.857070E+01
 -0.868668E+01
 -0.880182E+01
 -0.891685E+01
 -0.903203E+01
 -0.914970E+01
 -0.926713E+01
 -0.938370E+01
 -0.950084E+01
 -0.961581E+01
 -0.973164E+01
 -0.984637E+01
 -0.995924E+01
 -0.100734E+02
 -0.101883E+02
 -0.103036E+02
 -0.104182E+02
 -0.105322E+02
 -0.106469E+02
 -0.107595E+02
 -0.108722E+02
 -0.109850E+02
 -0.110954E+02
 -0.112056E+02
 -0.113167E+02
 -0.114260E+02
 -0.115340E+02
 -0.116389E+02
 -0.117439E+02
 -0.118490E+02
 -0.119502E+02
 -0.120510E+02
 -0.121519E+02
 -0.122501E+02
 -0.123455E+02
 -0.124384E+02
 -0.125312E+02
 -0.126211E+02
 -0.127097E+02
 -0.127984E+02
 -0.128845E+02
 -0.129696E+02
 -0.130541E+02
 -0.131357E+02
 -0.132166E+02
 -0.132965E+02
 -0.133724E+02
 -0.134466E+02
 -0.135209E+02
 -0.135919E+02
 -0.136611E+02
 -0.137292E+02
 -0.137958E+02
 -0.138611E+02
 -0.139247E+02
 -0.139863E+02
 -0.140467E+02
 -0.141065E+02
 -0.141659E+02
 -0.142220E+02
 -0.142775E+02
 -0.143330E+02
 -0.143867E+02
 -0.144379E+02
 -0.144876E+02
 -0.145370E+02
 -0.145842E+02
 -0.146286E+02
 -0.146730E+02
 -0.147161E+02
 -0.147593E+02
 -0.148008E+02
 -0.148405E+02
 -0.148816E+02
 -0.149219E+02
 -0.149595E+02
 -0.149980E+02
 -0.150352E+02
 -0.150722E+02
 -0.151094E+02
 -0.151447E+02
 -0.151801E+02
 -0.152143E+02
 -0.152466E+02
 -0.152820E+02
 -0.153160E+02
 -0.153480E+02
 -0.153806E+02
 -0.154131E+02
 -0.154446E+02
 -0.154742E+02
 -0.155033E+02
 -0.155338E+02
 -0.155637E+02
 -0.155928E+02
 -0.156197E+02
 -0.156469E+02
 -0.156748E+02
 -0.157012E+02
 -0.157260E+02
 -0.157494E+02
 -0.157719E+02
 -0.157961E+02
 -0.158185E+02
 -0.158403E+02
 -0.158618E+02
 -0.158810E+02
 -0.158987E+02
 -0.159155E+02
 -0.159332E+02
 -0.159512E+02
 -0.159667E+02
 -0.159830E+02
 -0.159977E+02
 -0.160114E+02
 -0.160242E+02
 -0.160357E+02
 -0.160475E+02
 -0.160583E+02
 -0.160665E+02
 -0.160755E+02
 -0.160835E+02
 -0.160907E+02
 -0.160977E+02
 -0.161025E+02
 -0.161063E+02
 -0.161093E+02
 -0.161091E+02
 -0.161098E+02
 -0.161101E+02
 -0.161098E+02
 -0.161086E+02
 -0.161058E+02
 -0.161031E+02
 -0.160997E+02
 -0.160945E+02
 -0.160897E+02
 -0.160834E+02
 -0.160784E+02
 -0.160757E+02
 -0.160716E+02
 -0.160671E+02
 -0.160637E+02
 -0.160605E+02
 -0.160607E+02
 -0.160609E+02
 -0.160616E+02
 -0.160636E+02
 -0.160657E+02
 -0.160691E+02
 -0.160746E+02
 -0.160806E+02
 -0.160893E+02
 -0.160996E+02
 -0.161112E+02
 -0.161253E+02
 -0.161410E+02
 -0.161577E+02
 -0.161765E+02
 -0.161972E+02
 -0.162218E+02
 -0.162482E+02
 -0.162756E+02
 -0.163028E+02
 -0.163326E+02
 -0.163669E+02
 -0.164014E+02
 -0.164387E+02
 -0.164804E+02
 -0.165207E+02
 -0.165635E+02
 -0.166066E+02
 -0.166507E+02
 -0.166969E+02
 -0.167429E+02
 -0.167903E+02
 -0.168381E+02
 -0.168865E+02
 -0.169372E+02
 -0.169873E+02
 -0.170399E+02
 -0.170929E+02
 -0.171462E+02
 -0.172005E+02
 -0.172543E+02
 -0.173089E+02
 -0.173655E+02
 -0.174219E+02
 -0.174795E+02
 -0.175383E+02
 -0.175992E+02
 -0.176597E+02
 -0.177198E+02
 -0.177817E+02
 -0.178434E+02
 -0.179034E+02
 -0.179661E+02
 -0.180288E+02
 -0.180907E+02
 -0.181520E+02
 -0.182119E+02
 -0.182699E+02
 -0.183283E+02
 -0.183850E+02
 -0.184412E+02
 -0.184974E+02
 -0.185528E+02
 -0.186056E+02
 -0.186554E+02
 -0.187029E+02
 -0.187493E+02
 -0.187934E+02
 -0.188359E+02
 -0.188762E+02
 -0.189150E+02
 -0.189520E+02
 -0.189881E+02
 -0.190222E+02
 -0.190559E+02
 -0.190871E+02
 -0.191149E+02
 -0.191406E+02
 -0.191641E+02
 -0.191842E+02
 -0.192025E+02
 -0.192183E+02
 -0.192310E+02
 -0.192414E+02
 -0.192513E+02
 -0.192568E+02
 -0.192594E+02
 -0.192595E+02
 -0.192565E+02
 -0.192515E+02
 -0.192429E+02
 -0.192317E+02
 -0.192193E+02
 -0.192016E+02
 -0.191818E+02
 -0.191577E+02
 -0.191324E+02
 -0.191064E+02
 -0.190756E+02
 -0.190418E+02
 -0.190063E+02
 -0.189700E+02
 -0.189320E+02
 -0.188884E+02
 -0.188444E+02
 -0.187992E+02
 -0.187514E+02
 -0.186995E+02
 -0.186445E+02
 -0.185879E+02
 -0.185320E+02
 -0.184710E+02
 -0.184050E+02
 -0.183389E+02
 -0.182709E+02
 -0.181986E+02
 -0.181241E+02
 -0.180469E+02
 -0.179683E+02
 -0.178879E+02
 -0.178057E+02
 -0.177219E+02
 -0.176367E+02
 -0.175499E+02
 -0.174624E+02
 -0.173715E+02
 -0.172799E+02
 -0.171859E+02
 -0.170884E+02
 -0.169889E+02
 -0.168887E+02
 -0.167884E+02
 -0.166863E+02
 -0.165793E+02
 -0.164720E+02
 -0.163647E+02
 -0.162552E+02
 -0.161436E+02
 -0.160315E+02
 -0.159183E+02
 -0.158044E+02
 -0.156905E+02
 -0.155765E+02
 -0.154600E+02
 -0.153432E+02
 -0.152256E+02
 -0.151058E+02
 -0.149848E+02
 -0.148647E+02
 -0.147442E+02
 -0.146232E+02
 -0.145020E+02
 -0.143818E+02
 -0.142626E+02
 -0.141426E+02
 -0.140219E+02
 -0.139035E+02
 -0.137855E+02
 -0.136674E+02
 -0.135494E+02
 -0.134331E+02
 -0.133166E+02
 -0.132006E+02
 -0.130861E+02
 -0.129688E+02
 -0.128525E+02
 -0.127408E+02
 -0.126269E+02
 -0.125131E+02
 -0.124004E+02
 -0.122889E+02
 -0.121779E+02
 -0.120647E+02
 -0.119522E+02
 -0.118419E+02
 -0.117305E+02
 -0.116188E+02
 -0.115078E+02
 -0.113987E+02
 -0.112900E+02
 -0.111813E+02
 -0.110722E+02
 -0.109631E+02
 -0.108540E+02
 -0.107447E+02
 -0.106351E+02
 -0.105265E+02
 -0.104189E+02
 -0.103098E+02
 -0.101983E+02
 -0.100873E+02
 -0.997610E+01
 -0.986416E+01
 -0.975164E+01
 -0.963623E+01
 -0.951758E+01
 -0.939879E+01
 -0.927867E+01
 -0.915668E+01
 -0.903186E+01
 -0.890469E+01
 -0.877773E+01
 -0.864811E+01
 -0.851423E+01
 -0.837963E+01
 -0.824401E+01
 -0.810633E+01
 -0.796628E+01
 -0.782511E+01
 -0.768257E+01
 -0.753782E+01
 -0.739241E+01
 -0.724646E+01
 -0.709949E+01
 -0.695019E+01
 -0.679927E+01
 -0.664788E+01
 -0.649441E+01
 -0.634047E+01
 -0.618569E+01
 -0.603037E+01
 -0.587410E+01
 -0.571603E+01
 -0.555899E+01
 -0.540080E+01
 -0.524074E+01
 -0.507986E+01
 -0.491706E+01
 -0.475440E+01
 -0.458953E+01
 -0.442234E+01
 -0.425686E+01
 -0.408956E+01
 -0.392093E+01
 -0.375229E+01
 -0.358321E+01
 -0.341398E+01
 -0.324339E+01
 -0.307405E+01
 -0.290411E+01
 -0.273296E+01
 -0.256175E+01
 -0.238770E+01
 -0.221541E+01
 -0.204369E+01
 -0.187141E+01
 -0.170171E+01
 -0.153308E+01
 -0.136548E+01
 -0.119816E+01
 -0.103092E+01
 -0.866732E+00
 -0.703448E+00
 -0.542926E+00
 -0.384409E+00
 -0.225633E+00
 -0.706100E-01
  0.831437E-01
  0.237479E+00
  0.387867E+00
  0.536162E+00
  0.683801E+00
  0.830505E+00
  0.972746E+00
  0.111308E+01
  0.125346E+01
  0.139006E+01
  0.152423E+01
  0.165822E+01
  0.178876E+01
  0.191669E+01
  0.204712E+01
  0.217817E+01
  0.230515E+01
  0.243232E+01
  0.255790E+01
  0.268127E+01
  0.280367E+01
  0.292483E+01
  0.304581E+01
  0.316607E+01
  0.328407E+01
  0.339900E+01
  0.351008E+01
  0.361965E+01
  0.372680E+01
  0.383349E+01
  0.393785E+01
  0.403965E+01
  0.414048E+01
  0.423878E+01
  0.433425E+01
  0.442865E+01
  0.451999E+01
  0.460831E+01
  0.469508E+01
  0.478087E+01
  0.486404E+01
  0.494477E+01
  0.502202E+01
  0.509715E+01
  0.516981E+01
  0.524132E+01
  0.531017E+01
  0.537720E+01
  0.544187E+01
  0.550356E+01
  0.556411E+01
  0.562286E+01
  0.567829E+01
  0.573108E+01
  0.578016E+01
  0.582692E+01
  0.587025E+01
  0.591118E+01
  0.594733E+01
  0.597980E+01
  0.600935E+01
  0.603454E+01
  0.605569E+01
  0.607399E+01
  0.608780E+01
  0.609817E+01
  0.610287E+01
  0.610346E+01
  0.610098E+01
  0.609387E+01
  0.608326E+01
  0.606967E+01
  0.605164E+01
  0.603074E+01
  0.600379E+01
  0.597277E+01
  0.593910E+01
  0.590359E+01
  0.586450E+01
  0.582219E+01
  0.577774E+01
  0.573039E+01
  0.567885E+01
  0.562446E+01
  0.556929E+01
  0.551275E+01
  0.545221E+01
  0.539048E+01
  0.532569E+01
  0.525871E+01
  0.518961E+01
  0.511864E+01
  0.504656E+01
  0.497419E+01
  0.490077E+01
  0.482598E+01
  0.474936E+01
  0.467086E+01
  0.458938E+01
  0.450804E+01
  0.442542E+01
  0.434231E+01
  0.425803E+01
  0.417117E+01
  0.408461E+01
  0.399704E+01
  0.390748E+01
  0.381954E+01
  0.372938E+01
  0.363651E+01
  0.354310E+01
  0.344863E+01
  0.335161E+01
  0.325545E+01
  0.315656E+01
  0.305578E+01
  0.295543E+01
  0.285082E+01
  0.274359E+01
  0.263741E+01
  0.252799E+01
  0.241591E+01
  0.230320E+01
  0.218867E+01
  0.207068E+01
  0.195380E+01
  0.183516E+01
  0.171113E+01
  0.158652E+01
  0.146117E+01
  0.133141E+01
  0.119977E+01
  0.106671E+01
  0.932580E+00
  0.796975E+00
  0.659688E+00
  0.520743E+00
  0.381526E+00
  0.238684E+00
  0.928688E-01
 -0.531564E-01
 -0.200380E+00
 -0.348302E+00
 -0.496863E+00
 -0.648049E+00
 -0.801160E+00
 -0.955701E+00
 -0.111004E+01
 -0.126541E+01
 -0.142381E+01
 -0.158553E+01
 -0.174762E+01
 -0.190972E+01
 -0.207347E+01
 -0.223873E+01
 -0.240557E+01
 -0.257366E+01
 -0.274225E+01
 -0.291400E+01
 -0.308662E+01
 -0.325990E+01
 -0.343713E+01
 -0.361517E+01
 -0.379270E+01
 -0.397357E+01
 -0.415610E+01
 -0.434027E+01
 -0.452594E+01
 -0.471244E+01
 -0.490084E+01
 -0.508843E+01
 -0.527700E+01
 -0.546696E+01
 -0.565682E+01
 -0.584828E+01
 -0.603756E+01
 -0.622697E+01
 -0.641625E+01
 -0.660255E+01
 -0.679054E+01
 -0.697678E+01
 -0.715737E+01
 -0.733590E+01
 -0.751250E+01
 -0.768504E+01
 -0.785292E+01
 -0.801686E+01
 -0.817924E+01
 -0.833711E+01
 -0.848837E+01
 -0.863548E+01
 -0.877818E+01
 -0.891606E+01
 -0.904815E+01
 -0.917655E+01
 -0.930094E+01
 -0.941736E+01
 -0.953067E+01
 -0.964055E+01
 -0.974422E+01
 -0.984397E+01
 -0.993986E+01
 -0.100306E+02
 -0.101163E+02
 -0.101975E+02
 -0.102748E+02
 -0.103487E+02
 -0.104182E+02
 -0.104840E+02
 -0.105455E+02
 -0.106008E+02
 -0.106532E+02
 -0.106990E+02
 -0.107398E+02
 -0.107793E+02
 -0.108146E+02
 -0.108461E+02
 -0.108729E+02
 -0.108948E+02
 -0.109124E+02
 -0.109258E+02
 -0.109364E+02
 -0.109421E+02
 -0.109447E+02
 -0.109448E+02
 -0.109415E+02
 -0.109367E+02
 -0.109284E+02
 -0.109152E+02
 -0.109003E+02
 -0.108836E+02
 -0.108642E+02
 -0.108435E+02
 -0.108216E+02
 -0.107981E+02
 -0.107738E+02
 -0.107485E+02
 -0.107227E+02
 -0.106967E+02
 -0.106718E+02
 -0.106458E+02
 -0.106191E+02
 -0.105953E+02
 -0.105710E+02
 -0.105468E+02
 -0.105265E+02
 -0.105045E+02
 -0.104831E+02
 -0.104655E+02
 -0.104483E+02
 -0.104331E+02
 -0.104201E+02
 -0.104096E+02
 -0.104003E+02
 -0.103902E+02
 -0.103838E+02
 -0.103810E+02
 -0.103785E+02
 -0.103780E+02
 -0.103811E+02
 -0.103864E+02
 -0.103947E+02
 -0.104039E+02
 -0.104158E+02
 -0.104316E+02
 -0.104481E+02
 -0.104681E+02
 -0.104924E+02
 -0.105179E+02
 -0.105455E+02
 -0.105756E+02
 -0.106088E+02
 -0.106449E+02
 -0.106839E+02
 -0.107264E+02
 -0.107721E+02
 -0.108202E+02
 -0.108712E+02
 -0.109243E+02
 -0.109819E+02
 -0.110426E+02
 -0.111057E+02
 -0.111718E+02
 -0.112407E+02
 -0.113141E+02
 -0.113891E+02
 -0.114679E+02
 -0.115533E+02
 -0.116393E+02
 -0.117291E+02
 -0.118228E+02
 -0.119181E+02
 -0.120168E+02
 -0.121186E+02
 -0.122229E+02
 -0.123296E+02
 -0.124382E+02
 -0.125512E+02
 -0.126661E+02
 -0.127797E+02
 -0.128955E+02
 -0.130152E+02
 -0.131346E+02
 -0.132556E+02
 -0.133770E+02
 -0.134993E+02
 -0.136232E+02
 -0.137472E+02
 -0.138732E+02
 -0.139995E+02
 -0.141230E+02
 -0.142466E+02
 -0.143702E+02
 -0.144941E+02
 -0.146172E+02
 -0.147384E+02
 -0.148598E+02
 -0.149806E+02
 -0.150990E+02
 -0.152182E+02
 -0.153363E+02
 -0.154528E+02
 -0.155680E+02
 -0.156820E+02
 -0.157976E+02
 -0.159125E+02
 -0.160257E+02
 -0.161411E+02
 -0.162549E+02
 -0.163693E+02
 -0.164823E+02
 -0.165948E+02
 -0.167097E+02
 -0.168227E+02
 -0.169361E+02
 -0.170505E+02
 -0.171623E+02
 -0.172751E+02
 -0.173884E+02
 -0.175036E+02
 -0.176180E+02
 -0.177327E+02
 -0.178489E+02
 -0.179637E+02
 -0.180783E+02
 -0.181951E+02
 -0.183114E+02
 -0.184293E+02
 -0.185482E+02
 -0.186653E+02
 -0.187826E+02
 -0.189008E+02
 -0.190172E+02
 -0.191363E+02
 -0.192555E+02
 -0.193737E+02
 -0.194911E+02
 -0.196073E+02
 -0.197243E+02
 -0.198405E+02
 -0.199562E+02
 -0.200731E+02
 -0.201863E+02
 -0.202983E+02
 -0.204096E+02
 -0.205201E+02
 -0.206286E+02
 -0.207361E+02
 -0.208430E+02
 -0.209459E+02
 -0.210463E+02
 -0.211485E+02
 -0.212484E+02
 -0.213466E+02
 -0.214413E+02
 -0.215341E+02
 -0.216269E+02
 -0.217174E+02
 -0.218047E+02
 -0.218913E+02
 -0.219761E+02
 -0.220597E+02
 -0.221404E+02
 -0.222199E+02
 -0.222988E+02
 -0.223752E+02
 -0.224489E+02
 -0.225232E+02
 -0.225934E+02
 -0.226616E+02
 -0.227301E+02
 -0.227966E+02
 -0.228621E+02
 -0.229271E+02
 -0.229906E+02
 -0.230534E+02
 -0.231124E+02
 -0.231722E+02
 -0.232287E+02
 -0.232827E+02
 -0.233377E+02
 -0.233903E+02
 -0.234407E+02
 -0.234915E+02
 -0.235404E+02
 -0.235874E+02
 -0.236324E+02
 -0.236752E+02
 -0.237162E+02
 -0.237574E+02
 -0.237945E+02
 -0.238322E+02
 -0.238698E+02
 -0.239053E+02
 -0.239390E+02
 -0.239694E+02
 -0.239991E+02
 -0.240302E+02
 -0.240569E+02
 -0.240844E+02
 -0.241117E+02
 -0.241361E+02
 -0.241608E+02
 -0.241872E+02
 -0.242115E+02
 -0.242346E+02
 -0.242579E+02
 -0.242820E+02
 -0.243040E+02
 -0.243267E+02
 -0.243500E+02
 -0.243739E+02
 -0.243992E+02
 -0.244246E+02
 -0.244496E+02
 -0.244749E+02
 -0.244985E+02
 -0.245239E+02
 -0.245498E+02
 -0.245779E+02
 -0.246057E+02
 -0.246341E+02
 -0.246620E+02
 -0.246905E+02
 -0.247202E+02
 -0.247489E+02
 -0.247762E+02
 -0.248037E+02
 -0.248304E+02
 -0.248583E+02
 -0.248854E+02
 -0.249141E+02
 -0.249417E+02
 -0.249681E+02
 -0.249929E+02
 -0.250171E+02
 -0.250424E+02
 -0.250681E+02
 -0.250917E+02
 -0.251141E+02
 -0.251349E+02
 -0.251546E+02
 -0.251708E+02
 -0.251892E+02
 -0.252066E+02
 -0.252227E+02
 -0.252399E+02
 -0.252528E+02
 -0.252665E+02
 -0.252830E+02
 -0.252936E+02
 -0.253055E+02
 -0.253188E+02
 -0.253294E+02
 -0.253389E+02
 -0.253509E+02
 -0.253603E+02
 -0.253679E+02
 -0.253765E+02
 -0.253842E+02
 -0.253894E+02
 -0.253952E+02
 -0.253992E+02
 -0.254028E+02
 -0.254032E+02
 -0.254042E+02
 -0.254064E+02
 -0.254024E+02
 -0.253982E+02
 -0.253977E+02
 -0.253898E+02
 -0.253802E+02
 -0.253709E+02
 -0.253619E+02
 -0.253505E+02
 -0.253374E+02
 -0.253251E+02
 -0.253114E+02
 -0.252940E+02
 -0.252748E+02
 -0.252539E+02
 -0.252321E+02
 -0.252071E+02
 -0.251822E+02
 -0.251556E+02
 -0.251281E+02
 -0.250989E+02
 -0.250668E+02
 -0.250322E+02
 -0.249969E+02
 -0.249592E+02
 -0.249193E+02
 -0.248790E+02
 -0.248370E+02
 -0.247888E+02
 -0.247418E+02
 -0.246934E+02
 -0.246403E+02
 -0.245847E+02
 -0.245275E+02
 -0.244677E+02
 -0.244060E+02
 -0.243410E+02
 -0.242732E+02
 -0.242014E+02
 -0.241277E+02
 -0.240509E+02
 -0.239707E+02
 -0.238889E+02
 -0.238057E+02
 -0.237179E+02
 -0.236281E+02
 -0.235341E+02
 -0.234376E+02
 -0.233388E+02
 -0.232364E+02
 -0.231319E+02
 -0.230247E+02
 -0.229128E+02
 -0.228000E+02
 -0.226827E+02
 -0.225616E+02
 -0.224405E+02
 -0.223171E+02
 -0.221889E+02
 -0.220614E+02
 -0.219325E+02
 -0.218011E+02
 -0.216678E+02
 -0.215337E+02
 -0.213974E+02
 -0.212603E+02
 -0.211222E+02
 -0.209814E+02
 -0.208405E+02
 -0.206997E+02
 -0.205559E+02
 -0.204129E+02
 -0.202679E+02
 -0.201236E+02
 -0.199803E+02
 -0.198343E+02
 -0.196882E+02
 -0.195452E+02
 -0.194008E+02
 -0.192547E+02
 -0.191069E+02
 -0.189584E+02
 -0.188101E+02
 -0.186624E+02
 -0.185123E+02
 -0.183603E+02
 -0.182087E+02
 -0.180565E+02
 -0.179000E+02
 -0.177434E+02
 -0.175854E+02
 -0.174270E+02
 -0.172666E+02
 -0.171033E+02
 -0.169401E+02
 -0.167750E+02
 -0.166073E+02
 -0.164387E+02
 -0.162671E+02
 -0.160950E+02
 -0.159217E+02
 -0.157464E+02
 -0.155688E+02
 -0.153885E+02
 -0.152069E+02
 -0.150262E+02
 -0.148435E+02
 -0.146589E+02
 -0.144733E+02
 -0.142878E+02
 -0.140993E+02
 -0.139102E+02
 -0.137225E+02
 -0.135350E+02
 -0.133476E+02
 -0.131602E+02
 -0.129729E+02
 -0.127867E+02
 -0.126015E+02
 -0.124165E+02
 -0.122328E+02
 -0.120524E+02
 -0.118735E+02
 -0.116959E+02
 -0.115198E+02
 -0.113463E+02
 -0.111754E+02
 -0.110077E+02
 -0.108421E+02
 -0.106780E+02
 -0.105166E+02
 -0.103561E+02
 -0.101960E+02
 -0.100406E+02
 -0.988725E+01
 -0.973617E+01
 -0.959008E+01
 -0.944478E+01
 -0.930175E+01
 -0.916379E+01
 -0.902689E+01
 -0.889212E+01
 -0.876089E+01
 -0.863163E+01
 -0.850523E+01
 -0.838115E+01
 -0.825829E+01
 -0.813801E+01
 -0.801940E+01
 -0.790126E+01
 -0.778670E+01
 -0.767610E+01
 -0.756542E+01
 -0.745836E+01
 -0.735388E+01
 -0.724915E+01
 -0.714810E+01
 -0.704950E+01
 -0.695232E+01
 -0.685791E+01
 -0.676452E+01
 -0.667347E+01
 -0.658501E+01
 -0.649759E+01
 -0.641247E+01
 -0.633062E+01
 -0.625047E+01
 -0.617203E+01
 -0.609736E+01
 -0.602342E+01
 -0.595037E+01
 -0.588043E+01
 -0.581268E+01
 -0.574914E+01
 -0.568783E+01
 -0.562731E+01
 -0.556839E+01
 -0.551049E+01
 -0.545573E+01
 -0.540411E+01
 -0.535503E+01
 -0.530863E+01
 -0.526363E+01
 -0.521898E+01
 -0.517705E+01
 -0.513863E+01
 -0.510131E+01
 -0.506809E+01
 -0.503846E+01
 -0.500872E+01
 -0.498191E+01
 -0.495883E+01
 -0.493854E+01
 -0.492160E+01
 -0.490851E+01
 -0.489763E+01
 -0.488959E+01
 -0.488636E+01
 -0.488587E+01
 -0.488856E+01
 -0.489589E+01
 -0.490620E+01
 -0.491991E+01
 -0.493828E+01
 -0.496084E+01
 -0.498699E+01
 -0.501668E+01
 -0.505093E+01
 -0.509076E+01
 -0.513382E+01
 -0.518138E+01
 -0.523581E+01
 -0.529449E+01
 -0.535638E+01
 -0.542247E+01
 -0.549191E+01
 -0.556639E+01
 -0.564663E+01
 -0.573085E+01
 -0.581988E+01
 -0.591245E+01
 -0.600752E+01
 -0.610755E+01
 -0.621128E+01
 -0.631749E+01
 -0.642702E+01
 -0.653944E+01
 -0.665396E+01
 -0.677097E+01
 -0.689240E+01
 -0.701587E+01
 -0.714122E+01
 -0.726948E+01
 -0.739774E+01
 -0.752682E+01
 -0.765882E+01
 -0.779316E+01
 -0.792724E+01
 -0.806222E+01
 -0.819951E+01
 -0.833765E+01
 -0.847772E+01
 -0.861637E+01
 -0.875257E+01
 -0.888993E+01
 -0.902764E+01
 -0.916311E+01
 -0.929812E+01
 -0.943340E+01
 -0.956703E+01
 -0.969964E+01
 -0.983070E+01
 -0.995912E+01
 -0.100874E+02
 -0.102141E+02
 -0.103384E+02
 -0.104617E+02
 -0.105837E+02
 -0.107028E+02
 -0.108192E+02
 -0.109328E+02
 -0.110445E+02
 -0.111546E+02
 -0.112611E+02
 -0.113649E+02
 -0.114664E+02
 -0.115651E+02
 -0.116617E+02
 -0.117542E+02
 -0.118443E+02
 -0.119309E+02
 -0.120130E+02
 -0.120907E+02
 -0.121647E+02
 -0.122356E+02
 -0.123015E+02
 -0.123629E+02
 -0.124216E+02
 -0.124772E+02
 -0.125274E+02
 -0.125736E+02
 -0.126184E+02
 -0.126580E+02
 -0.126924E+02
 -0.127241E+02
 -0.127522E+02
 -0.127743E+02
 -0.127948E+02
 -0.128122E+02
 -0.128251E+02
 -0.128367E+02
 -0.128458E+02
 -0.128515E+02
 -0.128537E+02
 -0.128527E+02
 -0.128514E+02
 -0.128477E+02
 -0.128420E+02
 -0.128341E+02
 -0.128262E+02
 -0.128185E+02
 -0.128100E+02
 -0.127992E+02
 -0.127871E+02
 -0.127750E+02
 -0.127629E+02
 -0.127495E+02
 -0.127351E+02
 -0.127215E+02
 -0.127079E+02
 -0.126926E+02
 -0.126786E+02
 -0.126655E+02
 -0.126524E+02
 -0.126388E+02
 -0.126257E+02
 -0.126132E+02
 -0.126006E+02
 -0.125867E+02
 -0.125724E+02
 -0.125589E+02
 -0.125454E+02
 -0.125315E+02
 -0.125166E+02
 -0.125005E+02
 -0.124857E+02
 -0.124701E+02
 -0.124539E+02
 -0.124383E+02
 -0.124239E+02
 -0.124092E+02
 -0.123929E+02
 -0.123780E+02
 -0.123638E+02
 -0.123479E+02
 -0.123324E+02
 -0.123173E+02
 -0.123030E+02
 -0.122880E+02
 -0.122732E+02
 -0.122590E+02
 -0.122441E+02
 -0.122296E+02
 -0.122154E+02
 -0.122002E+02
 -0.121853E+02
 -0.121699E+02
 -0.121535E+02
 -0.121360E+02
 -0.121190E+02
 -0.121019E+02
 -0.120834E+02
 -0.120647E+02
 -0.120469E+02
 -0.120287E+02
 -0.120104E+02
 -0.119930E+02
 -0.119768E+02
 -0.119614E+02
 -0.119466E+02
 -0.119314E+02
 -0.119167E+02
 -0.119041E+02
 -0.118913E+02
 -0.118777E+02
 -0.118666E+02
 -0.118553E+02
 -0.118452E+02
 -0.118352E+02
 -0.118249E+02
 -0.118164E+02
 -0.118076E+02
 -0.117983E+02
 -0.117901E+02
 -0.117812E+02
 -0.117706E+02
 -0.117592E+02
 -0.117494E+02
 -0.117369E+02
 -0.117226E+02
 -0.117099E+02
 -0.116945E+02
 -0.116776E+02
 -0.116600E+02
 -0.116391E+02
 -0.116189E+02
 -0.115986E+02
 -0.115753E+02
 -0.115507E+02
 -0.115269E+02
 -0.115031E+02
 -0.114768E+02
 -0.114486E+02
 -0.114219E+02
 -0.113949E+02
 -0.113663E+02
 -0.113370E+02
 -0.113062E+02
 -0.112756E+02
 -0.112467E+02
 -0.112147E+02
 -0.111835E+02
 -0.111554E+02
 -0.111249E+02
 -0.110944E+02
 -0.110650E+02
 -0.110346E+02
 -0.110045E+02
 -0.109738E+02
 -0.109442E+02
 -0.109155E+02
 -0.108866E+02
 -0.108573E+02
 -0.108287E+02
 -0.108001E+02
 -0.107734E+02
 -0.107482E+02
 -0.107208E+02
 -0.106948E+02
 -0.106702E+02
 -0.106453E+02
 -0.106228E+02
 -0.106007E+02
 -0.105791E+02
 -0.105582E+02
 -0.105405E+02
 -0.105251E+02
 -0.105086E+02
 -0.104946E+02
 -0.104846E+02
 -0.104759E+02
 -0.104692E+02
 -0.104640E+02
 -0.104601E+02
 -0.104585E+02
 -0.104590E+02
 -0.104609E+02
 -0.104625E+02
 -0.104654E+02
 -0.104720E+02
 -0.104790E+02
 -0.104868E+02
 -0.104961E+02
 -0.105063E+02
 -0.105185E+02
 -0.105321E+02
 -0.105462E+02
 -0.105612E+02
 -0.105774E+02
 -0.105947E+02
 -0.106134E+02
 -0.106339E+02
 -0.106541E+02
 -0.106744E+02
 -0.106963E+02
 -0.107192E+02
 -0.107432E+02
 -0.107686E+02
 -0.107932E+02
 -0.108183E+02
 -0.108428E+02
 -0.108676E+02
 -0.108947E+02
 -0.109221E+02
 -0.109504E+02
 -0.109792E+02
 -0.110069E+02
 -0.110353E+02
 -0.110640E+02
 -0.110930E+02
 -0.111207E+02
 -0.111485E+02
 -0.111771E+02
 -0.112047E+02
 -0.112324E+02
 -0.112591E+02
 -0.112825E+02
 -0.113065E+02
 -0.113315E+02
 -0.113551E+02
 -0.113783E+02
 -0.113999E+02
 -0.114201E+02
 -0.114426E+02
 -0.114642E+02
 -0.114843E+02
 -0.115047E+02
 -0.115239E+02
 -0.115416E+02
 -0.115598E+02
 -0.115769E+02
 -0.115945E+02
 -0.116110E+02
 -0.116240E+02
 -0.116364E+02
 -0.116482E+02
 -0.116577E+02
 -0.116660E+02
 -0.116745E+02
 -0.116815E+02
 -0.116854E+02
 -0.116898E+02
 -0.116933E+02
 -0.116942E+02
 -0.116935E+02
 -0.116919E+02
 -0.116895E+02
 -0.116854E+02
 -0.116781E+02
 -0.116704E+02
 -0.116602E+02
 -0.116469E+02
 -0.116329E+02
 -0.116163E+02
 -0.115995E+02
 -0.115826E+02
 -0.115617E+02
 -0.115411E+02
 -0.115205E+02
 -0.114984E+02
 -0.114761E+02
 -0.114531E+02
 -0.114301E+02
 -0.114066E+02
 -0.113818E+02
 -0.113587E+02
 -0.113356E+02
 -0.113118E+02
 -0.112898E+02
 -0.112670E+02
 -0.112435E+02
 -0.112217E+02
 -0.112003E+02
 -0.111814E+02
 -0.111628E+02
 -0.111440E+02
 -0.111268E+02
 -0.111099E+02
 -0.110951E+02
 -0.110810E+02
 -0.110664E+02
 -0.110540E+02
 -0.110421E+02
 -0.110308E+02
 -0.110201E+02
 -0.110114E+02
 -0.110048E+02
 -0.109987E+02
 -0.109938E+02
 -0.109911E+02
 -0.109875E+02
 -0.109848E+02
 -0.109854E+02
 -0.109876E+02
 -0.109898E+02
 -0.109928E+02
 -0.109971E+02
 -0.110038E+02
 -0.110110E+02
 -0.110200E+02
 -0.110312E+02
 -0.110416E+02
 -0.110547E+02
 -0.110720E+02
 -0.110886E+02
 -0.111066E+02
 -0.111265E+02
 -0.111489E+02
 -0.111733E+02
 -0.111981E+02
 -0.112243E+02
 -0.112527E+02
 -0.112804E+02
 -0.113093E+02
 -0.113411E+02
 -0.113748E+02
 -0.114102E+02
 -0.114459E+02
 -0.114805E+02
 -0.115171E+02
 -0.115557E+02
 -0.115944E+02
 -0.116352E+02
 -0.116767E+02
 -0.117161E+02
 -0.117586E+02
 -0.118014E+02
 -0.118444E+02
 -0.118892E+02
 -0.119334E+02
 -0.119784E+02
 -0.120246E+02
 -0.120707E+02
 -0.121178E+02
 -0.121654E+02
 -0.122138E+02
 -0.122602E+02
 -0.123069E+02
 -0.123539E+02
 -0.123977E+02
 -0.124431E+02
 -0.124908E+02
 -0.125362E+02
 -0.125818E+02
 -0.126286E+02
 -0.126756E+02
 -0.127222E+02
 -0.127674E+02
 -0.128116E+02
 -0.128580E+02
 -0.129039E+02
 -0.129479E+02
 -0.129914E+02
 -0.130346E+02
 -0.130768E+02
 -0.131186E+02
 -0.131605E+02
 -0.132018E+02
 -0.132414E+02
 -0.132805E+02
 -0.133184E+02
 -0.133562E+02
 -0.133931E+02
 -0.134275E+02
 -0.134614E+02
 -0.134946E+02
 -0.135245E+02
 -0.135540E+02
 -0.135821E+02
 -0.136111E+02
 -0.136391E+02
 -0.136636E+02
 -0.136866E+02
 -0.137085E+02
 -0.137299E+02
 -0.137509E+02
 -0.137702E+02
 -0.137885E+02
 -0.138060E+02
 -0.138231E+02
 -0.138371E+02
 -0.138514E+02
 -0.138650E+02
 -0.138772E+02
 -0.138881E+02
 -0.138973E+02
 -0.139061E+02
 -0.139139E+02
 -0.139211E+02
 -0.139302E+02
 -0.139381E+02
 -0.139440E+02
 -0.139507E+02
 -0.139576E+02
 -0.139632E+02
 -0.139690E+02
 -0.139726E+02
 -0.139771E+02
 -0.139825E+02
 -0.139871E+02
 -0.139905E+02
 -0.139930E+02
 -0.139973E+02
 -0.140028E+02
 -0.140061E+02
 -0.140099E+02
 -0.140149E+02
 -0.140180E+02
 -0.140196E+02
 -0.140229E+02
 -0.140242E+02
 -0.140247E+02
 -0.140275E+02
 -0.140294E+02
 -0.140302E+02
 -0.140322E+02
 -0.140331E+02
 -0.140328E+02
 -0.140310E+02
 -0.140297E+02
 -0.140287E+02
 -0.140272E+02
 -0.140246E+02
 -0.140224E+02
 -0.140200E+02
 -0.140172E+02
 -0.140149E+02
 -0.140119E+02
 -0.140085E+02
 -0.140049E+02
 -0.140002E+02
 -0.139957E+02
 -0.139893E+02
 -0.139844E+02
 -0.139791E+02
 -0.139725E+02
 -0.139666E+02
 -0.139591E+02
 -0.139521E+02
 -0.139448E+02
 -0.139347E+02
 -0.139250E+02
 -0.139134E+02
 -0.138992E+02
 -0.138833E+02
 -0.138655E+02
 -0.138460E+02
 -0.138249E+02
 -0.138010E+02
 -0.137740E+02
 -0.137433E+02
 -0.137113E+02
 -0.136763E+02
 -0.136385E+02
 -0.136009E+02
 -0.135604E+02
 -0.135167E+02
 -0.134722E+02
 -0.134239E+02
 -0.133734E+02
 -0.133214E+02
 -0.132658E+02
 -0.132075E+02
 -0.131492E+02
 -0.130889E+02
 -0.130272E+02
 -0.129644E+02
 -0.128993E+02
 -0.128314E+02
 -0.127620E+02
 -0.126919E+02
 -0.126204E+02
 -0.125472E+02
 -0.124731E+02
 -0.123973E+02
 -0.123220E+02
 -0.122459E+02
 -0.121695E+02
 -0.120934E+02
 -0.120164E+02
 -0.119402E+02
 -0.118652E+02
 -0.117903E+02
 -0.117160E+02
 -0.116409E+02
 -0.115662E+02
 -0.114924E+02
 -0.114194E+02
 -0.113457E+02
 -0.112705E+02
 -0.111979E+02
 -0.111255E+02
 -0.110497E+02
 -0.109770E+02
 -0.109047E+02
 -0.108308E+02
 -0.107581E+02
 -0.106839E+02
 -0.106087E+02
 -0.105335E+02
 -0.104576E+02
 -0.103816E+02
 -0.103037E+02
 -0.102264E+02
 -0.101483E+02
 -0.100701E+02
 -0.999253E+01
 -0.991236E+01
 -0.983245E+01
 -0.975266E+01
 -0.967156E+01
 -0.959059E+01
 -0.950812E+01
 -0.942769E+01
 -0.934832E+01
 -0.926495E+01
 -0.918197E+01
 -0.910013E+01
 -0.901595E+01
 -0.893300E+01
 -0.884951E+01
 -0.876512E+01
 -0.868126E+01
 -0.859634E+01
 -0.851120E+01
 -0.842433E+01
 -0.833719E+01
 -0.825226E+01
 -0.816478E+01
 -0.807602E+01
 -0.798832E+01
 -0.790023E+01
 -0.781082E+01
 -0.772004E+01
 -0.763033E+01
 -0.754221E+01
 -0.745400E+01
 -0.736518E+01
 -0.727753E+01
 -0.719165E+01
 -0.710510E+01
 -0.701925E+01
 -0.693350E+01
 -0.684918E+01
 -0.676776E+01
 -0.668664E+01
 -0.660663E+01
 -0.652717E+01
 -0.644842E+01
 -0.637244E+01
 -0.629773E+01
 -0.622326E+01
 -0.614956E+01
 -0.607702E+01
 -0.600544E+01
 -0.593518E+01
 -0.586622E+01
 -0.579768E+01
 -0.573000E+01
 -0.566251E+01
 -0.559550E+01
 -0.552961E+01
 -0.546395E+01
 -0.539996E+01
 -0.533853E+01
 -0.527787E+01
 -0.521694E+01
 -0.515620E+01
 -0.509663E+01
 -0.503899E+01
 -0.498218E+01
 -0.492635E+01
 -0.487356E+01
 -0.482106E+01
 -0.477006E+01
 -0.472261E+01
 -0.467571E+01
 -0.463015E+01
 -0.458626E+01
 -0.454304E+01
 -0.450142E+01
 -0.446081E+01
 -0.442154E+01
 -0.438425E+01
 -0.434932E+01
 -0.431569E+01
 -0.428407E+01
 -0.425529E+01
 -0.422585E+01
 -0.419799E+01
 -0.417447E+01
 -0.414987E+01
 -0.412715E+01
 -0.410921E+01
 -0.409015E+01
 -0.407096E+01
 -0.405478E+01
 -0.403891E+01
 -0.402557E+01
 -0.401408E+01
 -0.400184E+01
 -0.399244E+01
 -0.398420E+01
 -0.397625E+01
 -0.397086E+01
 -0.396613E+01
 -0.396358E+01
 -0.396223E+01
 -0.396263E+01
 -0.396467E+01
 -0.396770E+01
 -0.397315E+01
 -0.397926E+01
 -0.398946E+01
 -0.400269E+01
 -0.401514E+01
 -0.403036E+01
 -0.404762E+01
 -0.406790E+01
 -0.409168E+01
 -0.411761E+01
 -0.414692E+01
 -0.417896E+01
 -0.421199E+01
 -0.424642E+01
 -0.428388E+01
 -0.432388E+01
 -0.436518E+01
 -0.440953E+01
 -0.445612E+01
 -0.450535E+01
 -0.455705E+01
 -0.460952E+01
 -0.466456E+01
 -0.472112E+01
 -0.477918E+01
 -0.484028E+01
 -0.490309E+01
 -0.496748E+01
 -0.503302E+01
 -0.510163E+01
 -0.517275E+01
 -0.524558E+01
 -0.531860E+01
 -0.539347E+01
 -0.547399E+01
 -0.555443E+01
 -0.563561E+01
 -0.572097E+01
 -0.580745E+01
 -0.589441E+01
 -0.598291E+01
 -0.607276E+01
 -0.616208E+01
 -0.625352E+01
 -0.634725E+01
 -0.644198E+01
 -0.653841E+01
 -0.663623E+01
 -0.673444E+01
 -0.683251E+01
 -0.693272E+01
 -0.703271E+01
 -0.713491E+01
 -0.723847E+01
 -0.734076E+01
 -0.744637E+01
 -0.754853E+01
 -0.765338E+01
 -0.776181E+01
 -0.786546E+01
 -0.797373E+01
 -0.808246E+01
 -0.818969E+01
 -0.829946E+01
 -0.840797E+01
 -0.851522E+01
 -0.862387E+01
 -0.873096E+01
 -0.883693E+01
 -0.894522E+01
 -0.904874E+01
 -0.915392E+01
 -0.926083E+01
 -0.936284E+01
 -0.947040E+01
 -0.957483E+01
 -0.967740E+01
 -0.978110E+01
 -0.987952E+01
 -0.998259E+01
 -0.100830E+02
 -0.101801E+02
 -0.102793E+02
 -0.103730E+02
 -0.104689E+02
 -0.105653E+02
 -0.106577E+02
 -0.107496E+02
 -0.108396E+02
 -0.109283E+02
 -0.110169E+02
 -0.111036E+02
 -0.111872E+02
 -0.112698E+02
 -0.113514E+02
 -0.114295E+02
 -0.115054E+02
 -0.115811E+02
 -0.116559E+02
 -0.117287E+02
 -0.118023E+02
 -0.118730E+02
 -0.119401E+02
 -0.120075E+02
 -0.120724E+02
 -0.121337E+02
 -0.121940E+02
 -0.122503E+02
 -0.123027E+02
 -0.123532E+02
 -0.124008E+02
 -0.124455E+02
 -0.124874E+02
 -0.125256E+02
 -0.125618E+02
 -0.125937E+02
 -0.126225E+02
 -0.126486E+02
 -0.126706E+02
 -0.126888E+02
 -0.127045E+02
 -0.127158E+02
 -0.127245E+02
 -0.127287E+02
 -0.127290E+02
 -0.127266E+02
 -0.127194E+02
 -0.127101E+02
 -0.126972E+02
 -0.126801E+02
 -0.126616E+02
 -0.126388E+02
 -0.126126E+02
 -0.125845E+02
 -0.125539E+02
 -0.125192E+02
 -0.124803E+02
 -0.124413E+02
 -0.123995E+02
 -0.123532E+02
 -0.123074E+02
 -0.122566E+02
 -0.122049E+02
 -0.121544E+02
 -0.120990E+02
 -0.120415E+02
 -0.119830E+02
 -0.119225E+02
 -0.118616E+02
 -0.117986E+02
 -0.117351E+02
 -0.116698E+02
 -0.116028E+02
 -0.115383E+02
 -0.114710E+02
 -0.114019E+02
 -0.113372E+02
 -0.112696E+02
 -0.111997E+02
 -0.111318E+02
 -0.110634E+02
 -0.109932E+02
 -0.109251E+02
 -0.108566E+02
 -0.107878E+02
 -0.107217E+02
 -0.106563E+02
 -0.105924E+02
 -0.105294E+02
 -0.104675E+02
 -0.104069E+02
 -0.103450E+02
 -0.102871E+02
 -0.102317E+02
 -0.101757E+02
 -0.101224E+02
 -0.100700E+02
 -0.100197E+02
 -0.997332E+01
 -0.992689E+01
 -0.988232E+01
 -0.984168E+01
 -0.980431E+01
 -0.976878E+01
 -0.973464E+01
 -0.970277E+01
 -0.967540E+01
 -0.964965E+01
 -0.962432E+01
 -0.960140E+01
 -0.957938E+01
 -0.955882E+01
 -0.954166E+01
 -0.952652E+01
 -0.951291E+01
 -0.950168E+01
 -0.949172E+01
 -0.948051E+01
 -0.947022E+01
 -0.946291E+01
 -0.945620E+01
 -0.944957E+01
 -0.944411E+01
 -0.943937E+01
 -0.943608E+01
 -0.943203E+01
 -0.942828E+01
 -0.942551E+01
 -0.942405E+01
 -0.942486E+01
 -0.942580E+01
 -0.942778E+01
 -0.943148E+01
 -0.943428E+01
 -0.943755E+01
 -0.944209E+01
 -0.944560E+01
 -0.944913E+01
 -0.945360E+01
 -0.945778E+01
 -0.946309E+01
 -0.946939E+01
 -0.947684E+01
 -0.948571E+01
 -0.949468E+01
 -0.950168E+01
 -0.950991E+01
 -0.952060E+01
 -0.952990E+01
 -0.953886E+01
 -0.954935E+01
 -0.955986E+01
 -0.957161E+01
 -0.958439E+01
 -0.959685E+01
 -0.961151E+01
 -0.962930E+01
 -0.964616E+01
 -0.966534E+01
 -0.968581E+01
 -0.970325E+01
 -0.972489E+01
 -0.974791E+01
 -0.976908E+01
 -0.979516E+01
 -0.982190E+01
 -0.984954E+01
 -0.988033E+01
 -0.991133E+01
 -0.994276E+01
 -0.997700E+01
 -0.100143E+02
 -0.100510E+02
 -0.100874E+02
 -0.101290E+02
 -0.101713E+02
 -0.102140E+02
 -0.102611E+02
 -0.103078E+02
 -0.103539E+02
 -0.104020E+02
 -0.104507E+02
 -0.105020E+02
 -0.105544E+02
 -0.106071E+02
 -0.106597E+02
 -0.107136E+02
 -0.107687E+02
 -0.108235E+02
 -0.108808E+02
 -0.109377E+02
 -0.109951E+02
 -0.110562E+02
 -0.111148E+02
 -0.111741E+02
 -0.112377E+02
 -0.113014E+02
 -0.113661E+02
 -0.114331E+02
 -0.114989E+02
 -0.115651E+02
 -0.116331E+02
 -0.117013E+02
 -0.117714E+02
 -0.118425E+02
 -0.119127E+02
 -0.119859E+02
 -0.120608E+02
 -0.121353E+02
 -0.122095E+02
 -0.122828E+02
 -0.123577E+02
 -0.124349E+02
 -0.125122E+02
 -0.125901E+02
 -0.126688E+02
 -0.127505E+02
 -0.128328E+02
 -0.129119E+02
 -0.129927E+02
 -0.130775E+02
 -0.131607E+02
 -0.132447E+02
 -0.133311E+02
 -0.134209E+02
 -0.135119E+02
 -0.136034E+02
 -0.136987E+02
 -0.137960E+02
 -0.138950E+02
 -0.139965E+02
 -0.140991E+02
 -0.142067E+02
 -0.143159E+02
 -0.144263E+02
 -0.145412E+02
 -0.146595E+02
 -0.147798E+02
 -0.149033E+02
 -0.150302E+02
 -0.151584E+02
 -0.152883E+02
 -0.154221E+02
 -0.155583E+02
 -0.156951E+02
 -0.158317E+02
 -0.159728E+02
 -0.161154E+02
 -0.162604E+02
 -0.164086E+02
 -0.165558E+02
 -0.167066E+02
 -0.168599E+02
 -0.170128E+02
 -0.171695E+02
 -0.173268E+02
 -0.174850E+02
 -0.176443E+02
 -0.178053E+02
 -0.179660E+02
 -0.181288E+02
 -0.182946E+02
 -0.184608E+02
 -0.186275E+02
 -0.187962E+02
 -0.189676E+02
 -0.191410E+02
 -0.193144E+02
 -0.194893E+02
 -0.196660E+02
 -0.198450E+02
 -0.200238E+02
 -0.202043E+02
 -0.203866E+02
 -0.205708E+02
 -0.207569E+02
 -0.209438E+02
 -0.211318E+02
 -0.213224E+02
 -0.215133E+02
 -0.217061E+02
 -0.218997E+02
 -0.220978E+02
 -0.222984E+02
 -0.224972E+02
 -0.227002E+02
 -0.229054E+02
 -0.231098E+02
 -0.233211E+02
 -0.235313E+02
 -0.237433E+02
 -0.239606E+02
 -0.241769E+02
 -0.243931E+02
 -0.246147E+02
 -0.248353E+02
 -0.250568E+02
 -0.252837E+02
 -0.255101E+02
 -0.257380E+02
 -0.259703E+02
 -0.262012E+02
 -0.264365E+02
 -0.266739E+02
 -0.269109E+02
 -0.271478E+02
 -0.273889E+02
 -0.276314E+02
 -0.278751E+02
 -0.281175E+02
 -0.283598E+02
 -0.286073E+02
 -0.288536E+02
 -0.290985E+02
 -0.293470E+02
 -0.295932E+02
 -0.298411E+02
 -0.300889E+02
 -0.303354E+02
 -0.305796E+02
 -0.308264E+02
 -0.310704E+02
 -0.313104E+02
 -0.315528E+02
 -0.317953E+02
 -0.320325E+02
 -0.322699E+02
 -0.325070E+02
 -0.327407E+02
 -0.329718E+02
 -0.332029E+02
 -0.334303E+02
 -0.336581E+02
 -0.338815E+02
 -0.341032E+02
 -0.343240E+02
 -0.345416E+02
 -0.347576E+02
 -0.349734E+02
 -0.351876E+02
 -0.354004E+02
 -0.356096E+02
 -0.358202E+02
 -0.360288E+02
 -0.362356E+02
 -0.364379E+02
 -0.366406E+02
 -0.368438E+02
 -0.370441E+02
 -0.372405E+02
 -0.374379E+02
 -0.376345E+02
 -0.378278E+02
 -0.380183E+02
 -0.382084E+02
 -0.383943E+02
 -0.385808E+02
 -0.387635E+02
 -0.389433E+02
 -0.391244E+02
 -0.393023E+02
 -0.394726E+02
 -0.396474E+02
 -0.398212E+02
 -0.399892E+02
 -0.401557E+02
 -0.403222E+02
 -0.404863E+02
 -0.406499E+02
 -0.408098E+02
 -0.409703E+02
 -0.411295E+02
 -0.412857E+02
 -0.414388E+02
 -0.415931E+02
 -0.417434E+02
 -0.418915E+02
 -0.420366E+02
 -0.421813E+02
 -0.423262E+02
 -0.424676E+02
 -0.426053E+02
 -0.427437E+02
 -0.428762E+02
 -0.430078E+02
 -0.431357E+02
 -0.432615E+02
 -0.433850E+02
 -0.435035E+02
 -0.436173E+02
 -0.437318E+02
 -0.438413E+02
 -0.439482E+02
 -0.440514E+02
 -0.441518E+02
 -0.442489E+02
 -0.443424E+02
 -0.444317E+02
 -0.445195E+02
 -0.446003E+02
 -0.446800E+02
 -0.447550E+02
 -0.448287E+02
 -0.449009E+02
 -0.449679E+02
 -0.450323E+02
 -0.450969E+02
 -0.451563E+02
 -0.452140E+02
 -0.452665E+02
 -0.453167E+02
 -0.453659E+02
 -0.454124E+02
 -0.454529E+02
 -0.454917E+02
 -0.455259E+02
 -0.455583E+02
 -0.455859E+02
 -0.456101E+02
 -0.456299E+02
 -0.456456E+02
 -0.456565E+02
 -0.456646E+02
 -0.456704E+02
 -0.456741E+02
 -0.456701E+02
 -0.456662E+02
 -0.456579E+02
 -0.456453E+02
 -0.456295E+02
 -0.456098E+02
 -0.455862E+02
 -0.455630E+02
 -0.455340E+02
 -0.455023E+02
 -0.454698E+02
 -0.454322E+02
 -0.453890E+02
 -0.453461E+02
 -0.452997E+02
 -0.452522E+02
 -0.452001E+02
 -0.451466E+02
 -0.450907E+02
 -0.450322E+02
 -0.449702E+02
 -0.449057E+02
 -0.448368E+02
 -0.447674E+02
 -0.446933E+02
 -0.446174E+02
 -0.445400E+02
 -0.444601E+02
 -0.443756E+02
 -0.442897E+02
 -0.442000E+02
 -0.441090E+02
 -0.440154E+02
 -0.439207E+02
 -0.438231E+02
 -0.437251E+02
 -0.436222E+02
 -0.435183E+02
 -0.434140E+02
 -0.433095E+02
 -0.432009E+02
 -0.430913E+02
 -0.429806E+02
 -0.428684E+02
 -0.427525E+02
 -0.426358E+02
 -0.425167E+02
 -0.423977E+02
 -0.422765E+02
 -0.421553E+02
 -0.420322E+02
 -0.419093E+02
 -0.417824E+02
 -0.416546E+02
 -0.415261E+02
 -0.413949E+02
 -0.412590E+02
 -0.411243E+02
 -0.409880E+02
 -0.408482E+02
 -0.407040E+02
 -0.405597E+02
 -0.404133E+02
 -0.402658E+02
 -0.401147E+02
 -0.399633E+02
 -0.398100E+02
 -0.396535E+02
 -0.394941E+02
 -0.393335E+02
 -0.391706E+02
 -0.390077E+02
 -0.388407E+02
 -0.386735E+02
 -0.385047E+02
 -0.383340E+02
 -0.381601E+02
 -0.379848E+02
 -0.378078E+02
 -0.376278E+02
 -0.374430E+02
 -0.372588E+02
 -0.370727E+02
 -0.368845E+02
 -0.366938E+02
 -0.365033E+02
 -0.363096E+02
 -0.361155E+02
 -0.359198E+02
 -0.357244E+02
 -0.355281E+02
 -0.353294E+02
 -0.351278E+02
 -0.349258E+02
 -0.347225E+02
 -0.345192E+02
 -0.343126E+02
 -0.341075E+02
 -0.339019E+02
 -0.336946E+02
 -0.334859E+02
 -0.332780E+02
 -0.330698E+02
 -0.328612E+02
 -0.326507E+02
 -0.324414E+02
 -0.322319E+02
 -0.320231E+02
 -0.318131E+02
 -0.316038E+02
 -0.313951E+02
 -0.311871E+02
 -0.309782E+02
 -0.307708E+02
 -0.305643E+02
 -0.303587E+02
 -0.301516E+02
 -0.299470E+02
 -0.297431E+02
 -0.295397E+02
 -0.293365E+02
 -0.291348E+02
 -0.289344E+02
 -0.287357E+02
 -0.285377E+02
 -0.283414E+02
 -0.281457E+02
 -0.279533E+02
 -0.277599E+02
 -0.275670E+02
 -0.273774E+02
 -0.271901E+02
 -0.270025E+02
 -0.268172E+02
 -0.266331E+02
 -0.264526E+02
 -0.262721E+02
 -0.260924E+02
 -0.259147E+02
 -0.257386E+02
 -0.255627E+02
 -0.253875E+02
 -0.252137E+02
 -0.250413E+02
 -0.248676E+02
 -0.246970E+02
 -0.245283E+02
 -0.243594E+02
 -0.241909E+02
 -0.240244E+02
 -0.238560E+02
 -0.236890E+02
 -0.235225E+02
 -0.233554E+02
 -0.231888E+02
 -0.230236E+02
 -0.228588E+02
 -0.226959E+02
 -0.225331E+02
 -0.223713E+02
 -0.222083E+02
 -0.220473E+02
 -0.218883E+02
 -0.217273E+02
 -0.215662E+02
 -0.214066E+02
 -0.212450E+02
 -0.210859E+02
 -0.209259E+02
 -0.207652E+02
 -0.206057E+02
 -0.204456E+02
 -0.202849E+02
 -0.201256E+02
 -0.199657E+02
 -0.198058E+02
 -0.196448E+02
 -0.194844E+02
 -0.193249E+02
 -0.191653E+02
 -0.190045E+02
 -0.188449E+02
 -0.186833E+02
 -0.185208E+02
 -0.183586E+02
 -0.181974E+02
 -0.180365E+02
 -0.178742E+02
 -0.177131E+02
 -0.175541E+02
 -0.173932E+02
 -0.172347E+02
 -0.170768E+02
 -0.169197E+02
 -0.167644E+02
 -0.166093E+02
 -0.164547E+02
 -0.163026E+02
 -0.161510E+02
 -0.159995E+02
 -0.158485E+02
 -0.156977E+02
 -0.155465E+02
 -0.153976E+02
 -0.152494E+02
 -0.151014E+02
 -0.149544E+02
 -0.148073E+02
 -0.146618E+02
 -0.145182E+02
 -0.143728E+02
 -0.142288E+02
 -0.140845E+02
 -0.139397E+02
 -0.137953E+02
 -0.136511E+02
 -0.135074E+02
 -0.133637E+02
 -0.132206E+02
 -0.130764E+02
 -0.129298E+02
 -0.127848E+02
 -0.126394E+02
 -0.124938E+02
 -0.123485E+02
 -0.122021E+02
 -0.120541E+02
 -0.119062E+02
 -0.117584E+02
 -0.116102E+02
 -0.114598E+02
 -0.113098E+02
 -0.111618E+02
 -0.110133E+02
 -0.108628E+02
 -0.107110E+02
 -0.105602E+02
 -0.104120E+02
 -0.102606E+02
 -0.101078E+02
 -0.995674E+01
 -0.980486E+01
 -0.964984E+01
 -0.949354E+01
 -0.933787E+01
 -0.918121E+01
 -0.902207E+01
 -0.886197E+01
 -0.870016E+01
 -0.853807E+01
 -0.837579E+01
 -0.821098E+01
 -0.804358E+01
 -0.787586E+01
 -0.770635E+01
 -0.753376E+01
 -0.736142E+01
 -0.718870E+01
 -0.701209E+01
 -0.683524E+01
 -0.665790E+01
 -0.647795E+01
 -0.629803E+01
 -0.611802E+01
 -0.593688E+01
 -0.575468E+01
 -0.557219E+01
 -0.539015E+01
 -0.520708E+01
 -0.502370E+01
 -0.484023E+01
 -0.465630E+01
 -0.447294E+01
 -0.428780E+01
 -0.410098E+01
 -0.391683E+01
 -0.373402E+01
 -0.354998E+01
 -0.336616E+01
 -0.318343E+01
 -0.300114E+01
 -0.281907E+01
 -0.263729E+01
 -0.245664E+01
 -0.227912E+01
 -0.210182E+01
 -0.192502E+01
 -0.175138E+01
 -0.157933E+01
 -0.140855E+01
 -0.123969E+01
 -0.107253E+01
 -0.908957E+00
 -0.747738E+00
 -0.586495E+00
 -0.426735E+00
 -0.268664E+00
 -0.113411E+00
  0.376434E-01
  0.189009E+00
  0.338146E+00
  0.483802E+00
  0.628061E+00
  0.771091E+00
  0.911576E+00
  0.105047E+01
  0.118830E+01
  0.132400E+01
  0.145918E+01
  0.159350E+01
  0.172536E+01
  0.185656E+01
  0.198552E+01
  0.211235E+01
  0.223795E+01
  0.236188E+01
  0.248435E+01
  0.260585E+01
  0.272431E+01
  0.284195E+01
  0.295760E+01
  0.307269E+01
  0.318715E+01
  0.329763E+01
  0.340714E+01
  0.351700E+01
  0.362490E+01
  0.373177E+01
  0.383769E+01
  0.394303E+01
  0.404562E+01
  0.414743E+01
  0.424875E+01
  0.434920E+01
  0.444800E+01
  0.454500E+01
  0.464214E+01
  0.474052E+01
  0.483790E+01
  0.493377E+01
  0.502858E+01
  0.512414E+01
  0.521968E+01
  0.531543E+01
  0.541048E+01
  0.550512E+01
  0.559921E+01
  0.569278E+01
  0.578576E+01
  0.588011E+01
  0.597412E+01
  0.606955E+01
  0.616542E+01
  0.626011E+01
  0.635568E+01
  0.645194E+01
  0.654825E+01
  0.664552E+01
  0.674201E+01
  0.684029E+01
  0.693726E+01
  0.703597E+01
  0.713827E+01
  0.723925E+01
  0.734095E+01
  0.744404E+01
  0.754588E+01
  0.765037E+01
  0.775513E+01
  0.785991E+01
  0.796606E+01
  0.807215E+01
  0.817780E+01
  0.828469E+01
  0.839075E+01
  0.849892E+01
  0.860538E+01
  0.871084E+01
  0.881959E+01
  0.892808E+01
  0.903551E+01
  0.914440E+01
  0.925230E+01
  0.936183E+01
  0.946992E+01
  0.957666E+01
  0.968534E+01
  0.979442E+01
  0.990287E+01
  0.100122E+02
  0.101208E+02
  0.102309E+02
  0.103388E+02
  0.104461E+02
  0.105545E+02
  0.106623E+02
  0.107709E+02
  0.108798E+02
  0.109864E+02
  0.110946E+02
  0.112012E+02
  0.113074E+02
  0.114148E+02
  0.115208E+02
  0.116249E+02
  0.117295E+02
  0.118343E+02
  0.119397E+02
  0.120437E+02
  0.121478E+02
  0.122492E+02
  0.123498E+02
  0.124509E+02
  0.125513E+02
  0.126494E+02
  0.127479E+02
  0.128453E+02
  0.129424E+02
  0.130384E+02
  0.131314E+02
  0.132237E+02
  0.133173E+02
  0.134077E+02
  0.134988E+02
  0.135868E+02
  0.136725E+02
  0.137592E+02
  0.138437E+02
  0.139250E+02
  0.140052E+02
  0.140822E+02
  0.141585E+02
  0.142320E+02
  0.143038E+02
  0.143753E+02
  0.144452E+02
  0.145131E+02
  0.145789E+02
  0.146407E+02
  0.147029E+02
  0.147626E+02
  0.148216E+02
  0.148801E+02
  0.149359E+02
  0.149901E+02
  0.150446E+02
  0.150990E+02
  0.151537E+02
  0.152056E+02
  0.152585E+02
  0.153108E+02
  0.153618E+02
  0.154131E+02
  0.154652E+02
  0.155166E+02
  0.155693E+02
  0.156214E+02
  0.156749E+02
  0.157282E+02
  0.157812E+02
  0.158339E+02
  0.158872E+02
  0.159393E+02
  0.159932E+02
  0.160482E+02
  0.161032E+02
  0.161578E+02
  0.162128E+02
  0.162673E+02
  0.163215E+02
  0.163735E+02
  0.164273E+02
  0.164814E+02
  0.165367E+02
  0.165907E+02
  0.166449E+02
  0.166994E+02
  0.167526E+02
  0.168042E+02
  0.168572E+02
  0.169087E+02
  0.169595E+02
  0.170117E+02
  0.170636E+02
  0.171107E+02
  0.171579E+02
  0.172052E+02
  0.172514E+02
  0.172947E+02
  0.173400E+02
  0.173860E+02
  0.174272E+02
  0.174657E+02
  0.175051E+02
  0.175411E+02
  0.175764E+02
  0.176104E+02
  0.176439E+02
  0.176762E+02
  0.177068E+02
  0.177328E+02
  0.177580E+02
  0.177831E+02
  0.178060E+02
  0.178253E+02
  0.178444E+02
  0.178609E+02
  0.178754E+02
  0.178872E+02
  0.178975E+02
  0.179060E+02
  0.179130E+02
  0.179160E+02
  0.179187E+02
  0.179202E+02
  0.179200E+02
  0.179181E+02
  0.179156E+02
  0.179108E+02
  0.179063E+02
  0.178991E+02
  0.178879E+02
  0.178766E+02
  0.178662E+02
  0.178500E+02
  0.178325E+02
  0.178146E+02
  0.177945E+02
  0.177720E+02
  0.177478E+02
  0.177219E+02
  0.176972E+02
  0.176687E+02
  0.176367E+02
  0.176026E+02
  0.175678E+02
  0.175319E+02
  0.174947E+02
  0.174536E+02
  0.174133E+02
  0.173716E+02
  0.173270E+02
  0.172804E+02
  0.172335E+02
  0.171848E+02
  0.171354E+02
  0.170850E+02
  0.170339E+02
  0.169808E+02
  0.169279E+02
  0.168727E+02
  0.168177E+02
  0.167611E+02
  0.167034E+02
  0.166455E+02
  0.165870E+02
  0.165267E+02
  0.164658E+02
  0.164030E+02
  0.163400E+02
  0.162756E+02
  0.162111E+02
  0.161456E+02
  0.160792E+02
  0.160108E+02
  0.159425E+02
  0.158734E+02
  0.158038E+02
  0.157322E+02
  0.156612E+02
  0.155892E+02
  0.155153E+02
  0.154413E+02
  0.153676E+02
  0.152921E+02
  0.152187E+02
  0.151445E+02
  0.150712E+02
  0.149989E+02
  0.149257E+02
  0.148534E+02
  0.147816E+02
  0.147080E+02
  0.146370E+02
  0.145650E+02
  0.144930E+02
  0.144217E+02
  0.143506E+02
  0.142787E+02
  0.142083E+02
  0.141394E+02
  0.140704E+02
  0.140006E+02
  0.139340E+02
  0.138658E+02
  0.137977E+02
  0.137312E+02
  0.136641E+02
  0.135966E+02
  0.135309E+02
  0.134638E+02
  0.133977E+02
  0.133338E+02
  0.132705E+02
  0.132057E+02
  0.131426E+02
  0.130799E+02
  0.130192E+02
  0.129590E+02
  0.128988E+02
  0.128403E+02
  0.127843E+02
  0.127270E+02
  0.126709E+02
  0.126157E+02
  0.125598E+02
  0.125029E+02
  0.124482E+02
  0.123948E+02
  0.123406E+02
  0.122856E+02
  0.122315E+02
  0.121759E+02
  0.121209E+02
  0.120637E+02
  0.120057E+02
  0.119467E+02
  0.118867E+02
  0.118251E+02
  0.117648E+02
  0.117039E+02
  0.116402E+02
  0.115761E+02
  0.115128E+02
  0.114468E+02
  0.113794E+02
  0.113098E+02
  0.112403E+02
  0.111693E+02
  0.110973E+02
  0.110250E+02
  0.109525E+02
  0.108774E+02
  0.108016E+02
  0.107232E+02
  0.106420E+02
  0.105606E+02
  0.104790E+02
  0.103930E+02
  0.103056E+02
  0.102169E+02
  0.101270E+02
  0.100350E+02
  0.994212E+01
  0.984765E+01
  0.975289E+01
  0.965711E+01
  0.955829E+01
  0.945909E+01
  0.936121E+01
  0.925991E+01
  0.915756E+01
  0.905457E+01
  0.895160E+01
  0.884669E+01
  0.874171E+01
  0.863677E+01
  0.853066E+01
  0.842411E+01
  0.831769E+01
  0.820970E+01
  0.810197E+01
  0.799274E+01
  0.788342E+01
  0.777343E+01
  0.766349E+01
  0.755355E+01
  0.744239E+01
  0.733152E+01
  0.722098E+01
  0.710733E+01
  0.699451E+01
  0.688177E+01
  0.676755E+01
  0.665247E+01
  0.653843E+01
  0.642321E+01
  0.630691E+01
  0.619071E+01
  0.607527E+01
  0.596053E+01
  0.584658E+01
  0.573034E+01
  0.561354E+01
  0.549748E+01
  0.538197E+01
  0.526457E+01
  0.514799E+01
  0.503364E+01
  0.491999E+01
  0.480542E+01
  0.468993E+01
  0.457405E+01
  0.445997E+01
  0.434476E+01
  0.422890E+01
  0.411453E+01
  0.400008E+01
  0.388376E+01
  0.376939E+01
  0.365490E+01
  0.353831E+01
  0.342231E+01
  0.330644E+01
  0.318854E+01
  0.307129E+01
  0.295379E+01
  0.283645E+01
  0.271843E+01
  0.259988E+01
  0.248140E+01
  0.236366E+01
  0.224538E+01
  0.212552E+01
  0.200655E+01
  0.188856E+01
  0.176912E+01
  0.165096E+01
  0.153182E+01
  0.141350E+01
  0.129660E+01
  0.117819E+01
  0.105860E+01
  0.939475E+00
  0.820023E+00
  0.699314E+00
  0.578182E+00
  0.457145E+00
  0.334640E+00
  0.211700E+00
  0.871749E-01
 -0.396719E-01
 -0.167949E+00
 -0.295816E+00
 -0.424832E+00
 -0.556711E+00
 -0.691456E+00
 -0.826575E+00
 -0.963560E+00
 -0.110350E+01
 -0.124455E+01
 -0.138708E+01
 -0.153207E+01
 -0.167912E+01
 -0.182831E+01
 -0.197858E+01
 -0.213088E+01
 -0.228450E+01
 -0.243938E+01
 -0.259614E+01
 -0.275548E+01
 -0.291840E+01
 -0.308277E+01
 -0.324701E+01
 -0.341467E+01
 -0.358372E+01
 -0.375196E+01
 -0.392209E+01
 -0.409327E+01
 -0.426525E+01
 -0.444040E+01
 -0.461732E+01
 -0.479478E+01
 -0.497402E+01
 -0.515618E+01
 -0.533969E+01
 -0.552350E+01
 -0.570987E+01
 -0.589764E+01
 -0.608417E+01
 -0.627334E+01
 -0.646392E+01
 -0.665468E+01
 -0.684826E+01
 -0.704187E+01
 -0.723623E+01
 -0.743275E+01
 -0.762905E+01
 -0.782520E+01
 -0.802170E+01
 -0.821904E+01
 -0.841617E+01
 -0.861221E+01
 -0.880951E+01
 -0.900516E+01
 -0.919937E+01
 -0.939503E+01
 -0.958996E+01
 -0.978308E+01
 -0.997430E+01
 -0.101649E+02
 -0.103541E+02
 -0.105408E+02
 -0.107284E+02
 -0.109145E+02
 -0.110990E+02
 -0.112818E+02
 -0.114623E+02
 -0.116421E+02
 -0.118220E+02
 -0.120002E+02
 -0.121763E+02
 -0.123516E+02
 -0.125252E+02
 -0.126975E+02
 -0.128695E+02
 -0.130390E+02
 -0.132105E+02
 -0.133824E+02
 -0.135509E+02
 -0.137185E+02
 -0.138849E+02
 -0.140494E+02
 -0.142136E+02
 -0.143760E+02
 -0.145394E+02
 -0.147009E+02
 -0.148591E+02
 -0.150174E+02
 -0.151747E+02
 -0.153289E+02
 -0.154808E+02
 -0.156316E+02
 -0.157816E+02
 -0.159281E+02
 -0.160746E+02
 -0.162198E+02
 -0.163616E+02
 -0.165026E+02
 -0.166415E+02
 -0.167767E+02
 -0.169114E+02
 -0.170430E+02
 -0.171728E+02
 -0.173002E+02
 -0.174243E+02
 -0.175463E+02
 -0.176654E+02
 -0.177823E+02
 -0.178984E+02
 -0.180119E+02
 -0.181216E+02
 -0.182273E+02
 -0.183327E+02
 -0.184353E+02
 -0.185342E+02
 -0.186312E+02
 -0.187251E+02
 -0.188147E+02
 -0.189012E+02
 -0.189833E+02
 -0.190632E+02
 -0.191409E+02
 -0.192158E+02
 -0.192878E+02
 -0.193571E+02
 -0.194226E+02
 -0.194852E+02
 -0.195437E+02
 -0.196013E+02
 -0.196568E+02
 -0.197082E+02
 -0.197580E+02
 -0.198061E+02
 -0.198507E+02
 -0.198941E+02
 -0.199344E+02
 -0.199735E+02
 -0.200110E+02
 -0.200454E+02
 -0.200780E+02
 -0.201093E+02
 -0.201364E+02
 -0.201631E+02
 -0.201892E+02
 -0.202128E+02
 -0.202344E+02
 -0.202564E+02
 -0.202765E+02
 -0.202938E+02
 -0.203091E+02
 -0.203230E+02
 -0.203343E+02
 -0.203473E+02
 -0.203574E+02
 -0.203637E+02
 -0.203695E+02
 -0.203738E+02
 -0.203763E+02
 -0.203761E+02
 -0.203733E+02
 -0.203723E+02
 -0.203665E+02
 -0.203572E+02
 -0.203472E+02
 -0.203352E+02
 -0.203215E+02
 -0.203044E+02
 -0.202835E+02
 -0.202616E+02
 -0.202355E+02
 -0.202084E+02
 -0.201805E+02
 -0.201489E+02
 -0.201144E+02
 -0.200788E+02
 -0.200384E+02
 -0.199967E+02
 -0.199528E+02
 -0.199061E+02
 -0.198597E+02
 -0.198119E+02
 -0.197603E+02
 -0.197073E+02
 -0.196512E+02
 -0.195938E+02
 -0.195351E+02
 -0.194743E+02
 -0.194127E+02
 -0.193518E+02
 -0.192887E+02
 -0.192239E+02
 -0.191579E+02
 -0.190916E+02
 -0.190236E+02
 -0.189554E+02
 -0.188860E+02
 -0.188157E+02
 -0.187446E+02
 -0.186726E+02
 -0.185986E+02
 -0.185237E+02
 -0.184472E+02
 -0.183699E+02
 -0.182913E+02
 -0.182111E+02
 -0.181308E+02
 -0.180499E+02
 -0.179644E+02
 -0.178796E+02
 -0.177947E+02
 -0.177072E+02
 -0.176190E+02
 -0.175285E+02
 -0.174360E+02
 -0.173442E+02
 -0.172494E+02
 -0.171541E+02
 -0.170581E+02
 -0.169619E+02
 -0.168638E+02
 -0.167650E+02
 -0.166668E+02
 -0.165660E+02
 -0.164653E+02
 -0.163660E+02
 -0.162641E+02
 -0.161645E+02
 -0.160650E+02
 -0.159640E+02
 -0.158648E+02
 -0.157671E+02
 -0.156692E+02
 -0.155716E+02
 -0.154753E+02
 -0.153821E+02
 -0.152877E+02
 -0.151945E+02
 -0.151043E+02
 -0.150143E+02
 -0.149252E+02
 -0.148402E+02
 -0.147571E+02
 -0.146758E+02
 -0.145956E+02
 -0.145165E+02
 -0.144389E+02
 -0.143639E+02
 -0.142903E+02
 -0.142184E+02
 -0.141474E+02
 -0.140788E+02
 -0.140122E+02
 -0.139467E+02
 -0.138828E+02
 -0.138210E+02
 -0.137607E+02
 -0.137021E+02
 -0.136440E+02
 -0.135880E+02
 -0.135322E+02
 -0.134771E+02
 -0.134244E+02
 -0.133730E+02
 -0.133235E+02
 -0.132759E+02
 -0.132275E+02
 -0.131815E+02
 -0.131361E+02
 -0.130916E+02
 -0.130490E+02
 -0.130072E+02
 -0.129671E+02
 -0.129265E+02
 -0.128866E+02
 -0.128487E+02
 -0.128092E+02
 -0.127737E+02
 -0.127395E+02
 -0.127046E+02
 -0.126727E+02
 -0.126402E+02
 -0.126080E+02
 -0.125783E+02
 -0.125481E+02
 -0.125182E+02
 -0.124881E+02
 -0.124590E+02
 -0.124294E+02
 -0.123988E+02
 -0.123698E+02
 -0.123415E+02
 -0.123126E+02
 -0.122854E+02
 -0.122571E+02
 -0.122281E+02
 -0.122004E+02
 -0.121715E+02
 -0.121421E+02
 -0.121134E+02
 -0.120836E+02
 -0.120550E+02
 -0.120263E+02
 -0.119965E+02
 -0.119667E+02
 -0.119377E+02
 -0.119085E+02
 -0.118789E+02
 -0.118487E+02
 -0.118197E+02
 -0.117911E+02
 -0.117606E+02
 -0.117289E+02
 -0.116978E+02
 -0.116676E+02
 -0.116371E+02
 -0.116047E+02
 -0.115730E+02
 -0.115399E+02
 -0.115068E+02
 -0.114737E+02
 -0.114390E+02
 -0.114053E+02
 -0.113698E+02
 -0.113323E+02
 -0.112953E+02
 -0.112558E+02
 -0.112170E+02
 -0.111798E+02
 -0.111421E+02
 -0.111026E+02
 -0.110611E+02
 -0.110192E+02
 -0.109784E+02
 -0.109373E+02
 -0.108947E+02
 -0.108514E+02
 -0.108084E+02
 -0.107627E+02
 -0.107166E+02
 -0.106711E+02
 -0.106242E+02
 -0.105769E+02
 -0.105272E+02
 -0.104757E+02
 -0.104237E+02
 -0.103699E+02
 -0.103159E+02
 -0.102594E+02
 -0.102029E+02
 -0.101459E+02
 -0.100852E+02
 -0.100232E+02
 -0.996086E+01
 -0.989504E+01
 -0.982637E+01
 -0.975655E+01
 -0.968503E+01
 -0.961188E+01
 -0.953525E+01
 -0.945478E+01
 -0.937365E+01
 -0.928976E+01
 -0.920391E+01
 -0.911782E+01
 -0.902902E+01
 -0.893773E+01
 -0.884565E+01
 -0.875115E+01
 -0.865534E+01
 -0.855848E+01
 -0.846077E+01
 -0.836171E+01
 -0.826105E+01
 -0.816077E+01
 -0.805877E+01
 -0.795563E+01
 -0.785335E+01
 -0.774770E+01
 -0.764117E+01
 -0.753550E+01
 -0.742792E+01
 -0.731814E+01
 -0.720808E+01
 -0.709908E+01
 -0.698959E+01
 -0.687891E+01
 -0.676959E+01
 -0.665943E+01
 -0.654690E+01
 -0.643573E+01
 -0.632359E+01
 -0.620956E+01
 -0.609621E+01
 -0.598183E+01
 -0.586711E+01
 -0.575304E+01
 -0.563908E+01
 -0.552422E+01
 -0.540861E+01
 -0.529234E+01
 -0.517499E+01
 -0.505695E+01
 -0.493865E+01
 -0.482051E+01
 -0.470179E+01
 -0.458229E+01
 -0.446282E+01
 -0.434324E+01
 -0.422216E+01
 -0.410041E+01
 -0.397726E+01
 -0.385147E+01
 -0.372713E+01
 -0.360363E+01
 -0.347778E+01
 -0.335166E+01
 -0.322502E+01
 -0.309812E+01
 -0.297251E+01
 -0.284782E+01
 -0.272207E+01
 -0.259519E+01
 -0.246862E+01
 -0.234120E+01
 -0.221214E+01
 -0.208390E+01
 -0.195641E+01
 -0.182828E+01
 -0.170001E+01
 -0.157241E+01
 -0.144543E+01
 -0.131858E+01
 -0.119183E+01
 -0.106714E+01
 -0.941815E+00
 -0.817117E+00
 -0.694864E+00
 -0.571501E+00
 -0.447288E+00
 -0.324858E+00
 -0.203845E+00
 -0.837660E-01
  0.354834E-01
  0.152943E+00
  0.270211E+00
  0.387444E+00
  0.503128E+00
  0.616847E+00
  0.730003E+00
  0.841651E+00
  0.951886E+00
  0.106134E+01
  0.116921E+01
  0.127360E+01
  0.137693E+01
  0.147927E+01
  0.158015E+01
  0.167958E+01
  0.177607E+01
  0.187066E+01
  0.196415E+01
  0.205519E+01
  0.214470E+01
  0.223239E+01
  0.231775E+01
  0.239929E+01
  0.248038E+01
  0.255853E+01
  0.263319E+01
  0.270746E+01
  0.277778E+01
  0.284588E+01
  0.291512E+01
  0.297995E+01
  0.304150E+01
  0.310197E+01
  0.316092E+01
  0.321709E+01
  0.327102E+01
  0.332133E+01
  0.336942E+01
  0.341776E+01
  0.346454E+01
  0.350880E+01
  0.355200E+01
  0.359138E+01
  0.362833E+01
  0.366348E+01
  0.369864E+01
  0.373246E+01
  0.376246E+01
  0.379105E+01
  0.381793E+01
  0.384202E+01
  0.386590E+01
  0.388663E+01
  0.390489E+01
  0.392283E+01
  0.393904E+01
  0.395198E+01
  0.396507E+01
  0.397572E+01
  0.398358E+01
  0.399057E+01
  0.399612E+01
  0.399952E+01
  0.400051E+01
  0.399981E+01
  0.399782E+01
  0.399403E+01
  0.398963E+01
  0.397999E+01
  0.396855E+01
  0.395787E+01
  0.394361E+01
  0.392550E+01
  0.390580E+01
  0.388266E+01
  0.385881E+01
  0.383257E+01
  0.380148E+01
  0.376941E+01
  0.373579E+01
  0.369751E+01
  0.365798E+01
  0.361716E+01
  0.357411E+01
  0.352681E+01
  0.347726E+01
  0.342502E+01
  0.336806E+01
  0.330757E+01
  0.324589E+01
  0.318296E+01
  0.311686E+01
  0.304563E+01
  0.297493E+01
  0.290568E+01
  0.283100E+01
  0.274906E+01
  0.266814E+01
  0.258991E+01
  0.250758E+01
  0.241912E+01
  0.232942E+01
  0.223950E+01
  0.214912E+01
  0.205458E+01
  0.195657E+01
  0.185828E+01
  0.175837E+01
  0.165464E+01
  0.155019E+01
  0.144610E+01
  0.133909E+01
  0.122890E+01
  0.111794E+01
  0.100537E+01
  0.892565E+00
  0.776911E+00
  0.659213E+00
  0.542691E+00
  0.423533E+00
  0.300379E+00
  0.177095E+00
  0.529966E-01
 -0.710545E-01
 -0.195897E+00
 -0.321528E+00
 -0.445974E+00
 -0.571140E+00
 -0.697971E+00
 -0.824677E+00
 -0.952742E+00
 -0.108027E+01
 -0.120744E+01
 -0.133600E+01
 -0.146353E+01
 -0.159121E+01
 -0.172076E+01
 -0.184748E+01
 -0.197270E+01
 -0.209919E+01
 -0.222549E+01
 -0.235009E+01
 -0.247333E+01
 -0.259668E+01
 -0.272050E+01
 -0.284337E+01
 -0.296508E+01
 -0.308467E+01
 -0.320347E+01
 -0.332124E+01
 -0.343773E+01
 -0.355357E+01
 -0.366770E+01
 -0.378037E+01
 -0.389137E+01
 -0.400168E+01
 -0.411089E+01
 -0.421710E+01
 -0.432122E+01
 -0.442297E+01
 -0.452158E+01
 -0.461827E+01
 -0.471400E+01
 -0.480619E+01
 -0.489386E+01
 -0.497871E+01
 -0.506372E+01
 -0.514508E+01
 -0.522052E+01
 -0.529575E+01
 -0.536832E+01
 -0.543585E+01
 -0.549931E+01
 -0.555984E+01
 -0.561766E+01
 -0.566955E+01
 -0.571835E+01
 -0.576454E+01
 -0.580693E+01
 -0.584658E+01
 -0.588103E+01
 -0.591295E+01
 -0.594250E+01
 -0.596736E+01
 -0.598843E+01
 -0.600528E+01
 -0.601908E+01
 -0.602938E+01
 -0.603714E+01
 -0.604212E+01
 -0.604295E+01
 -0.604052E+01
 -0.603452E+01
 -0.602741E+01
 -0.601767E+01
 -0.600556E+01
 -0.599216E+01
 -0.597468E+01
 -0.595519E+01
 -0.593334E+01
 -0.590833E+01
 -0.588052E+01
 -0.585054E+01
 -0.581918E+01
 -0.578347E+01
 -0.574599E+01
 -0.570648E+01
 -0.566325E+01
 -0.561882E+01
 -0.557199E+01
 -0.552410E+01
 -0.547403E+01
 -0.541960E+01
 -0.536368E+01
 -0.530506E+01
 -0.524307E+01
 -0.517933E+01
 -0.511297E+01
 -0.504369E+01
 -0.497161E+01
 -0.489831E+01
 -0.482270E+01
 -0.474255E+01
 -0.465997E+01
 -0.457359E+01
 -0.448330E+01
 -0.439102E+01
 -0.429427E+01
 -0.419384E+01
 -0.409024E+01
 -0.398147E+01
 -0.386851E+01
 -0.375246E+01
 -0.363245E+01
 -0.350809E+01
 -0.337989E+01
 -0.324731E+01
 -0.310896E+01
 -0.296773E+01
 -0.282482E+01
 -0.267786E+01
 -0.252671E+01
 -0.237225E+01
 -0.221402E+01
 -0.205105E+01
 -0.188442E+01
 -0.171560E+01
 -0.154219E+01
 -0.136553E+01
 -0.118667E+01
 -0.100468E+01
 -0.821276E+00
 -0.636528E+00
 -0.449807E+00
 -0.261937E+00
 -0.710192E-01
  0.121465E+00
  0.316172E+00
  0.511892E+00
  0.707057E+00
  0.903745E+00
  0.110176E+01
  0.130033E+01
  0.149917E+01
  0.169748E+01
  0.189585E+01
  0.209331E+01
  0.229103E+01
  0.248723E+01
  0.268129E+01
  0.287471E+01
  0.306854E+01
  0.326042E+01
  0.345118E+01
  0.364264E+01
  0.383218E+01
  0.401845E+01
  0.420333E+01
  0.438714E+01
  0.457059E+01
  0.475041E+01
  0.492994E+01
  0.510921E+01
  0.528666E+01
  0.546358E+01
  0.563953E+01
  0.581398E+01
  0.598775E+01
  0.615807E+01
  0.632796E+01
  0.649917E+01
  0.666862E+01
  0.683606E+01
  0.700424E+01
  0.717099E+01
  0.733650E+01
  0.749982E+01
  0.766129E+01
  0.782058E+01
  0.797782E+01
  0.813345E+01
  0.828726E+01
  0.843758E+01
  0.858720E+01
  0.873370E+01
  0.887857E+01
  0.902178E+01
  0.915987E+01
  0.929414E+01
  0.942600E+01
  0.955326E+01
  0.967774E+01
  0.979644E+01
  0.991119E+01
  0.100226E+02
  0.101293E+02
  0.102317E+02
  0.103291E+02
  0.104219E+02
  0.105141E+02
  0.105997E+02
  0.106801E+02
  0.107590E+02
  0.108349E+02
  0.109054E+02
  0.109717E+02
  0.110342E+02
  0.110945E+02
  0.111516E+02
  0.112052E+02
  0.112535E+02
  0.113002E+02
  0.113432E+02
  0.113823E+02
  0.114207E+02
  0.114562E+02
  0.114857E+02
  0.115142E+02
  0.115404E+02
  0.115624E+02
  0.115822E+02
  0.116013E+02
  0.116144E+02
  0.116237E+02
  0.116309E+02
  0.116365E+02
  0.116394E+02
  0.116402E+02
  0.116375E+02
  0.116322E+02
  0.116244E+02
  0.116146E+02
  0.116024E+02
  0.115891E+02
  0.115717E+02
  0.115521E+02
  0.115318E+02
  0.115094E+02
  0.114821E+02
  0.114538E+02
  0.114232E+02
  0.113890E+02
  0.113543E+02
  0.113181E+02
  0.112763E+02
  0.112345E+02
  0.111904E+02
  0.111420E+02
  0.110908E+02
  0.110373E+02
  0.109825E+02
  0.109271E+02
  0.108678E+02
  0.108079E+02
  0.107469E+02
  0.106832E+02
  0.106170E+02
  0.105493E+02
  0.104793E+02
  0.104109E+02
  0.103414E+02
  0.102686E+02
  0.101949E+02
  0.101217E+02
  0.100464E+02
  0.997160E+01
  0.989664E+01
  0.982152E+01
  0.974677E+01
  0.967226E+01
  0.959676E+01
  0.952297E+01
  0.944931E+01
  0.937512E+01
  0.930173E+01
  0.922944E+01
  0.915743E+01
  0.908821E+01
  0.901770E+01
  0.894701E+01
  0.887857E+01
  0.881196E+01
  0.874607E+01
  0.868139E+01
  0.861755E+01
  0.855675E+01
  0.849555E+01
  0.843372E+01
  0.837490E+01
  0.831869E+01
  0.826216E+01
  0.820774E+01
  0.815510E+01
  0.810483E+01
  0.805524E+01
  0.800733E+01
  0.796028E+01
  0.791624E+01
  0.787412E+01
  0.783199E+01
  0.779183E+01
  0.775441E+01
  0.771869E+01
  0.768589E+01
  0.765371E+01
  0.762421E+01
  0.759623E+01
  0.756907E+01
  0.754398E+01
  0.752141E+01
  0.750134E+01
  0.748427E+01
  0.746739E+01
  0.745333E+01
  0.744136E+01
  0.743038E+01
  0.742114E+01
  0.741407E+01
  0.740823E+01
  0.740642E+01
  0.740617E+01
  0.740764E+01
  0.741251E+01
  0.741855E+01
  0.742566E+01
  0.743623E+01
  0.744745E+01
  0.746072E+01
  0.747434E+01
  0.749037E+01
  0.750888E+01
  0.752732E+01
  0.754728E+01
  0.756935E+01
  0.759202E+01
  0.761680E+01
  0.764109E+01
  0.766725E+01
  0.769421E+01
  0.772116E+01
  0.774898E+01
  0.777721E+01
  0.780522E+01
  0.783407E+01
  0.786156E+01
  0.788903E+01
  0.791650E+01
  0.794392E+01
  0.796967E+01
  0.799450E+01
  0.801878E+01
  0.804129E+01
  0.806089E+01
  0.808145E+01
  0.810095E+01
  0.811843E+01
  0.813414E+01
  0.814816E+01
  0.816030E+01
  0.817220E+01
  0.818211E+01
  0.819057E+01
  0.819676E+01
  0.820052E+01
  0.820151E+01
  0.820221E+01
  0.820181E+01
  0.819848E+01
  0.819196E+01
  0.818515E+01
  0.817613E+01
  0.816568E+01
  0.815299E+01
  0.813638E+01
  0.811692E+01
  0.809667E+01
  0.807433E+01
  0.804957E+01
  0.802201E+01
  0.799261E+01
  0.795828E+01
  0.792066E+01
  0.788057E+01
  0.783775E+01
  0.779123E+01
  0.774261E+01
  0.768987E+01
  0.763305E+01
  0.757360E+01
  0.751123E+01
  0.744534E+01
  0.737652E+01
  0.730335E+01
  0.722862E+01
  0.714995E+01
  0.706863E+01
  0.698416E+01
  0.689372E+01
  0.680039E+01
  0.670641E+01
  0.660844E+01
  0.650753E+01
  0.640322E+01
  0.629592E+01
  0.618442E+01
  0.606978E+01
  0.595213E+01
  0.583163E+01
  0.570673E+01
  0.557916E+01
  0.545023E+01
  0.531934E+01
  0.518537E+01
  0.504985E+01
  0.491161E+01
  0.477055E+01
  0.462851E+01
  0.448569E+01
  0.433999E+01
  0.419284E+01
  0.404167E+01
  0.388965E+01
  0.373823E+01
  0.358453E+01
  0.342954E+01
  0.327379E+01
  0.311570E+01
  0.295722E+01
  0.279747E+01
  0.263687E+01
  0.247522E+01
  0.231246E+01
  0.214936E+01
  0.198746E+01
  0.182462E+01
  0.166121E+01
  0.149869E+01
  0.133703E+01
  0.117436E+01
  0.101161E+01
  0.850904E+00
  0.691479E+00
  0.530674E+00
  0.368734E+00
  0.207454E+00
  0.483570E-01
 -0.110941E+00
 -0.268905E+00
 -0.425779E+00
 -0.583192E+00
 -0.740965E+00
 -0.897789E+00
 -0.105281E+01
 -0.120755E+01
 -0.136260E+01
 -0.151707E+01
 -0.167197E+01
 -0.182517E+01
 -0.197705E+01
 -0.212917E+01
 -0.228115E+01
 -0.243190E+01
 -0.258207E+01
 -0.273180E+01
 -0.288082E+01
 -0.302795E+01
 -0.317370E+01
 -0.332106E+01
 -0.346906E+01
 -0.361528E+01
 -0.376101E+01
 -0.390554E+01
 -0.405010E+01
 -0.419520E+01
 -0.433933E+01
 -0.448257E+01
 -0.462444E+01
 -0.476507E+01
 -0.490499E+01
 -0.504325E+01
 -0.518041E+01
 -0.531734E+01
 -0.545359E+01
 -0.558782E+01
 -0.572102E+01
 -0.585342E+01
 -0.598322E+01
 -0.611150E+01
 -0.623825E+01
 -0.636165E+01
 -0.648240E+01
 -0.660162E+01
 -0.672036E+01
 -0.683721E+01
 -0.694966E+01
 -0.705987E+01
 -0.716902E+01
 -0.727496E+01
 -0.737773E+01
 -0.747825E+01
 -0.757652E+01
 -0.767301E+01
 -0.776548E+01
 -0.785479E+01
 -0.794358E+01
 -0.802815E+01
 -0.810835E+01
 -0.818704E+01
 -0.826119E+01
 -0.833122E+01
 -0.839690E+01
 -0.845807E+01
 -0.851759E+01
 -0.857357E+01
 -0.862587E+01
 -0.867421E+01
 -0.871743E+01
 -0.875815E+01
 -0.879517E+01
 -0.882866E+01
 -0.885812E+01
 -0.888485E+01
 -0.890908E+01
 -0.892903E+01
 -0.894685E+01
 -0.896071E+01
 -0.897034E+01
 -0.897975E+01
 -0.898626E+01
 -0.898931E+01
 -0.899158E+01
 -0.899153E+01
 -0.898958E+01
 -0.898686E+01
 -0.898154E+01
 -0.897549E+01
 -0.896715E+01
 -0.895777E+01
 -0.894886E+01
 -0.893791E+01
 -0.892561E+01
 -0.891155E+01
 -0.889493E+01
 -0.887757E+01
 -0.886010E+01
 -0.884274E+01
 -0.882530E+01
 -0.880666E+01
 -0.878708E+01
 -0.876771E+01
 -0.874815E+01
 -0.872829E+01
 -0.870621E+01
 -0.868479E+01
 -0.866308E+01
 -0.863979E+01
 -0.861841E+01
 -0.859641E+01
 -0.857283E+01
 -0.854992E+01
 -0.852814E+01
 -0.850672E+01
 -0.848543E+01
 -0.846660E+01
 -0.844710E+01
 -0.842547E+01
 -0.840524E+01
 -0.838551E+01
 -0.836515E+01
 -0.834702E+01
 -0.832952E+01
 -0.831347E+01
 -0.829994E+01
 -0.828622E+01
 -0.827326E+01
 -0.826056E+01
 -0.824765E+01
 -0.823791E+01
 -0.822921E+01
 -0.821984E+01
 -0.821186E+01
 -0.820464E+01
 -0.819817E+01
 -0.819433E+01
 -0.819099E+01
 -0.818800E+01
 -0.818704E+01
 -0.818864E+01
 -0.819074E+01
 -0.819228E+01
 -0.819551E+01
 -0.819977E+01
 -0.820425E+01
 -0.821002E+01
 -0.821578E+01
 -0.822239E+01
 -0.823012E+01
 -0.823916E+01
 -0.824879E+01
 -0.825809E+01
 -0.826827E+01
 -0.827866E+01
 -0.828794E+01
 -0.829799E+01
 -0.830850E+01
 -0.831891E+01
 -0.832863E+01
 -0.833763E+01
 -0.834676E+01
 -0.835579E+01
 -0.836378E+01
 -0.837185E+01
 -0.837992E+01
 -0.838686E+01
 -0.839298E+01
 -0.839880E+01
 -0.840386E+01
 -0.840868E+01
 -0.841264E+01
 -0.841619E+01
 -0.841915E+01
 -0.842126E+01
 -0.842259E+01
 -0.842327E+01
 -0.842415E+01
 -0.842480E+01
 -0.842441E+01
 -0.842341E+01
 -0.842089E+01
 -0.841851E+01
 -0.841624E+01
 -0.841354E+01
 -0.841003E+01
 -0.840485E+01
 -0.839980E+01
 -0.839401E+01
 -0.838577E+01
 -0.837779E+01
 -0.836887E+01
 -0.835804E+01
 -0.834549E+01
 -0.833191E+01
 -0.831633E+01
 -0.829803E+01
 -0.827981E+01
 -0.826069E+01
 -0.823868E+01
 -0.821517E+01
 -0.818920E+01
 -0.816178E+01
 -0.813298E+01
 -0.810181E+01
 -0.806831E+01
 -0.803392E+01
 -0.799795E+01
 -0.796000E+01
 -0.792028E+01
 -0.787924E+01
 -0.783692E+01
 -0.779276E+01
 -0.774690E+01
 -0.769911E+01
 -0.764962E+01
 -0.759990E+01
 -0.754831E+01
 -0.749519E+01
 -0.744186E+01
 -0.738724E+01
 -0.733063E+01
 -0.727345E+01
 -0.721462E+01
 -0.715438E+01
 -0.709372E+01
 -0.703172E+01
 -0.696841E+01
 -0.690447E+01
 -0.683943E+01
 -0.677395E+01
 -0.670757E+01
 -0.663991E+01
 -0.657122E+01
 -0.650173E+01
 -0.643122E+01
 -0.636014E+01
 -0.628840E+01
 -0.621575E+01
 -0.614253E+01
 -0.606929E+01
 -0.599497E+01
 -0.592041E+01
 -0.584593E+01
 -0.577047E+01
 -0.569502E+01
 -0.562002E+01
 -0.554368E+01
 -0.546683E+01
 -0.539028E+01
 -0.531376E+01
 -0.523711E+01
 -0.516063E+01
 -0.508422E+01
 -0.500771E+01
 -0.493165E+01
 -0.485582E+01
 -0.477996E+01
 -0.470506E+01
 -0.463008E+01
 -0.455489E+01
 -0.448004E+01
 -0.440583E+01
 -0.433233E+01
 -0.425910E+01
 -0.418645E+01
 -0.411439E+01
 -0.404269E+01
 -0.397158E+01
 -0.390089E+01
 -0.383092E+01
 -0.376100E+01
 -0.369136E+01
 -0.362252E+01
 -0.355377E+01
 -0.348554E+01
 -0.341836E+01
 -0.335131E+01
 -0.328476E+01
 -0.321897E+01
 -0.315355E+01
 -0.308899E+01
 -0.302522E+01
 -0.296161E+01
 -0.289875E+01
 -0.283675E+01
 -0.277524E+01
 -0.271426E+01
 -0.265383E+01
 -0.259426E+01
 -0.253550E+01
 -0.247731E+01
 -0.242019E+01
 -0.236400E+01
 -0.230839E+01
 -0.225358E+01
 -0.219982E+01
 -0.214678E+01
 -0.209458E+01
 -0.204355E+01
 -0.199340E+01
 -0.194412E+01
 -0.189576E+01
 -0.184814E+01
 -0.180136E+01
 -0.175557E+01
 -0.171071E+01
 -0.166682E+01
 -0.162395E+01
 -0.158176E+01
 -0.154027E+01
 -0.149984E+01
 -0.146025E+01
 -0.142149E+01
 -0.138361E+01
 -0.134649E+01
 -0.131014E+01
 -0.127467E+01
 -0.123996E+01
 -0.120589E+01
 -0.117276E+01
 -0.114046E+01
 -0.110862E+01
 -0.107766E+01
 -0.104757E+01
 -0.101808E+01
 -0.989366E+00
 -0.961443E+00
 -0.934076E+00
 -0.907414E+00
 -0.881370E+00
 -0.855901E+00
 -0.831132E+00
 -0.807081E+00
 -0.783575E+00
 -0.760629E+00
 -0.738283E+00
 -0.716599E+00
 -0.695514E+00
 -0.674996E+00
 -0.655058E+00
 -0.635762E+00
 -0.616892E+00
 -0.598472E+00
 -0.580605E+00
 -0.563222E+00
 -0.546307E+00
 -0.529964E+00
 -0.514058E+00
 -0.498618E+00
 -0.483635E+00
 -0.469109E+00
 -0.454988E+00
 -0.441317E+00
 -0.428048E+00
 -0.415128E+00
 -0.402568E+00
 -0.390475E+00
 -0.378711E+00
 -0.367258E+00
 -0.356127E+00
 -0.345374E+00
 -0.334923E+00
 -0.324737E+00
 -0.314822E+00
 -0.305249E+00
 -0.295953E+00
 -0.286880E+00
 -0.278044E+00
 -0.269545E+00
 -0.261258E+00
 -0.253158E+00
 -0.245287E+00
 -0.237676E+00
 -0.230279E+00
 -0.223094E+00
 -0.216099E+00
 -0.209342E+00
 -0.202765E+00
 -0.196354E+00
 -0.190123E+00
 -0.184103E+00
 -0.178237E+00
 -0.172561E+00
 -0.167044E+00
 -0.161695E+00
 -0.156488E+00
 -0.151445E+00
 -0.146547E+00
 -0.141796E+00
 -0.137166E+00
 -0.132687E+00
 -0.128321E+00
 -0.124088E+00
 -0.119968E+00
 -0.115960E+00
 -0.112076E+00
 -0.108316E+00
 -0.104645E+00
 -0.101083E+00
 -0.976130E-01
 -0.942466E-01
 -0.909568E-01
 -0.877554E-01
 -0.846408E-01
 -0.816215E-01
 -0.786709E-01
 -0.757971E-01
 -0.729974E-01
 -0.702812E-01
 -0.676182E-01
 -0.650272E-01
 -0.625085E-01
 -0.600595E-01
 -0.576672E-01
 -0.553428E-01
 -0.530740E-01
 -0.508702E-01
 -0.487149E-01
 -0.466128E-01
 -0.445674E-01
 -0.425822E-01
 -0.406406E-01
 -0.387542E-01
 -0.369165E-01
 -0.351324E-01
 -0.333914E-01
 -0.316980E-01
 -0.300532E-01
 -0.284594E-01
 -0.269083E-01
 -0.254051E-01
 -0.239452E-01
 -0.225343E-01
 -0.211647E-01
 -0.198389E-01
 -0.185588E-01
 -0.173253E-01
 -0.161331E-01
 -0.149862E-01
 -0.138815E-01
 -0.128220E-01
 -0.118038E-01
 -0.108284E-01
 -0.989615E-02
 -0.900814E-02
 -0.816136E-02
 -0.735782E-02
 -0.659598E-02
 -0.587739E-02
 -0.520006E-02
 -0.456467E-02
 -0.397142E-02
 -0.342061E-02
 -0.291093E-02
 -0.244304E-02
 -0.201640E-02
 -0.163136E-02
 -0.128720E-02
 -0.984150E-03
 -0.722037E-03
 -0.500768E-03
 -0.320021E-03
 -0.179787E-03
 -0.797730E-04
 -0.199071E-04
  0.000000E+00
