    10.00   0.0250    15600    44.12  -104.04     182.88      7315      0.066624
  0.000000E+00
 -0.113184E-05
 -0.461451E-05
 -0.105772E-04
 -0.191642E-04
 -0.305164E-04
 -0.447742E-04
 -0.620505E-04
 -0.823863E-04
 -0.105877E-03
 -0.132643E-03
 -0.162638E-03
 -0.196170E-03
 -0.233394E-03
 -0.274675E-03
 -0.320255E-03
 -0.370090E-03
 -0.424348E-03
 -0.483432E-03
 -0.547080E-03
 -0.615643E-03
 -0.689187E-03
 -0.767733E-03
 -0.850955E-03
 -0.939570E-03
 -0.103363E-02
 -0.113317E-02
 -0.123763E-02
 -0.134728E-02
 -0.146112E-02
 -0.157952E-02
 -0.170287E-02
 -0.183066E-02
 -0.196289E-02
 -0.210089E-02
 -0.224318E-02
 -0.239173E-02
 -0.254757E-02
 -0.271113E-02
 -0.288173E-02
 -0.305954E-02
 -0.324248E-02
 -0.343066E-02
 -0.362427E-02
 -0.382323E-02
 -0.402542E-02
 -0.423212E-02
 -0.444163E-02
 -0.465543E-02
 -0.487416E-02
 -0.509734E-02
 -0.532317E-02
 -0.555349E-02
 -0.578566E-02
 -0.602055E-02
 -0.625794E-02
 -0.649826E-02
 -0.673878E-02
 -0.697997E-02
 -0.722159E-02
 -0.746375E-02
 -0.770657E-02
 -0.795014E-02
 -0.818579E-02
 -0.841676E-02
 -0.864695E-02
 -0.887475E-02
 -0.909776E-02
 -0.931705E-02
 -0.953069E-02
 -0.974263E-02
 -0.995049E-02
 -0.101561E-01
 -0.103575E-01
 -0.105565E-01
 -0.107461E-01
 -0.109272E-01
 -0.111006E-01
 -0.112640E-01
 -0.114141E-01
 -0.115622E-01
 -0.117039E-01
 -0.118405E-01
 -0.119756E-01
 -0.121066E-01
 -0.122287E-01
 -0.123481E-01
 -0.124521E-01
 -0.125398E-01
 -0.126186E-01
 -0.126899E-01
 -0.127465E-01
 -0.128026E-01
 -0.128568E-01
 -0.129090E-01
 -0.129520E-01
 -0.129902E-01
 -0.130160E-01
 -0.130203E-01
 -0.130084E-01
 -0.129824E-01
 -0.129366E-01
 -0.128820E-01
 -0.128026E-01
 -0.127084E-01
 -0.126083E-01
 -0.124960E-01
 -0.123699E-01
 -0.122339E-01
 -0.120660E-01
 -0.118752E-01
 -0.116771E-01
 -0.114907E-01
 -0.113236E-01
 -0.111863E-01
 -0.110684E-01
 -0.109733E-01
 -0.109042E-01
 -0.108662E-01
 -0.108362E-01
 -0.108167E-01
 -0.108015E-01
 -0.107786E-01
 -0.107356E-01
 -0.106882E-01
 -0.106239E-01
 -0.105548E-01
 -0.104844E-01
 -0.104082E-01
 -0.103209E-01
 -0.102391E-01
 -0.101489E-01
 -0.100697E-01
 -0.100034E-01
 -0.995984E-02
 -0.993249E-02
 -0.993800E-02
 -0.999298E-02
 -0.100984E-01
 -0.102400E-01
 -0.104372E-01
 -0.106508E-01
 -0.108877E-01
 -0.111351E-01
 -0.113912E-01
 -0.116880E-01
 -0.120464E-01
 -0.124432E-01
 -0.128779E-01
 -0.133375E-01
 -0.138257E-01
 -0.143256E-01
 -0.148478E-01
 -0.153868E-01
 -0.159569E-01
 -0.165393E-01
 -0.171421E-01
 -0.177772E-01
 -0.184623E-01
 -0.191595E-01
 -0.198637E-01
 -0.205870E-01
 -0.213328E-01
 -0.220814E-01
 -0.228713E-01
 -0.236738E-01
 -0.245092E-01
 -0.253806E-01
 -0.262816E-01
 -0.272077E-01
 -0.281540E-01
 -0.291121E-01
 -0.301063E-01
 -0.311407E-01
 -0.322268E-01
 -0.333200E-01
 -0.344038E-01
 -0.354701E-01
 -0.365443E-01
 -0.376280E-01
 -0.387009E-01
 -0.397226E-01
 -0.407239E-01
 -0.416887E-01
 -0.426134E-01
 -0.435216E-01
 -0.444349E-01
 -0.452875E-01
 -0.460906E-01
 -0.468227E-01
 -0.474756E-01
 -0.480817E-01
 -0.486493E-01
 -0.491580E-01
 -0.496243E-01
 -0.500373E-01
 -0.504435E-01
 -0.508042E-01
 -0.511634E-01
 -0.515211E-01
 -0.518624E-01
 -0.522164E-01
 -0.525281E-01
 -0.527293E-01
 -0.528681E-01
 -0.528970E-01
 -0.528155E-01
 -0.526220E-01
 -0.523193E-01
 -0.519169E-01
 -0.514565E-01
 -0.509124E-01
 -0.503056E-01
 -0.496222E-01
 -0.488664E-01
 -0.480096E-01
 -0.470679E-01
 -0.460731E-01
 -0.450595E-01
 -0.439991E-01
 -0.428887E-01
 -0.416632E-01
 -0.403536E-01
 -0.389675E-01
 -0.374827E-01
 -0.358899E-01
 -0.342183E-01
 -0.324252E-01
 -0.305330E-01
 -0.285289E-01
 -0.264581E-01
 -0.243106E-01
 -0.220858E-01
 -0.197824E-01
 -0.174182E-01
 -0.149587E-01
 -0.123853E-01
 -0.966301E-02
 -0.685212E-02
 -0.395442E-02
 -0.985279E-03
  0.202851E-02
  0.503799E-02
  0.811168E-02
  0.112438E-01
  0.144779E-01
  0.178125E-01
  0.212207E-01
  0.246520E-01
  0.280855E-01
  0.314595E-01
  0.348080E-01
  0.381197E-01
  0.414185E-01
  0.446494E-01
  0.478687E-01
  0.510360E-01
  0.541336E-01
  0.571733E-01
  0.602205E-01
  0.632416E-01
  0.662821E-01
  0.693155E-01
  0.723527E-01
  0.753730E-01
  0.783409E-01
  0.812292E-01
  0.840831E-01
  0.868492E-01
  0.895629E-01
  0.921916E-01
  0.947777E-01
  0.973172E-01
  0.998124E-01
  0.102210E+00
  0.104565E+00
  0.106852E+00
  0.109084E+00
  0.111201E+00
  0.113235E+00
  0.115169E+00
  0.116989E+00
  0.118634E+00
  0.120200E+00
  0.121692E+00
  0.123119E+00
  0.124453E+00
  0.125777E+00
  0.127007E+00
  0.128134E+00
  0.129171E+00
  0.130088E+00
  0.130897E+00
  0.131685E+00
  0.132391E+00
  0.133107E+00
  0.133808E+00
  0.134464E+00
  0.135030E+00
  0.135571E+00
  0.136057E+00
  0.136479E+00
  0.136817E+00
  0.137127E+00
  0.137383E+00
  0.137623E+00
  0.137785E+00
  0.137877E+00
  0.137839E+00
  0.137690E+00
  0.137366E+00
  0.136941E+00
  0.136451E+00
  0.135906E+00
  0.135338E+00
  0.134814E+00
  0.134234E+00
  0.133641E+00
  0.133012E+00
  0.132417E+00
  0.131852E+00
  0.131285E+00
  0.130634E+00
  0.130024E+00
  0.129471E+00
  0.128946E+00
  0.128326E+00
  0.127691E+00
  0.126988E+00
  0.126199E+00
  0.125373E+00
  0.124585E+00
  0.123773E+00
  0.123015E+00
  0.122278E+00
  0.121588E+00
  0.120896E+00
  0.120226E+00
  0.119581E+00
  0.119025E+00
  0.118536E+00
  0.118123E+00
  0.117680E+00
  0.117280E+00
  0.116959E+00
  0.116671E+00
  0.116369E+00
  0.116137E+00
  0.115967E+00
  0.115886E+00
  0.115811E+00
  0.115812E+00
  0.115886E+00
  0.116016E+00
  0.116250E+00
  0.116655E+00
  0.117102E+00
  0.117616E+00
  0.118141E+00
  0.118722E+00
  0.119358E+00
  0.120113E+00
  0.120958E+00
  0.121870E+00
  0.122835E+00
  0.123880E+00
  0.124902E+00
  0.126031E+00
  0.127203E+00
  0.128390E+00
  0.129605E+00
  0.130910E+00
  0.132269E+00
  0.133724E+00
  0.135159E+00
  0.136607E+00
  0.138089E+00
  0.139592E+00
  0.141058E+00
  0.142618E+00
  0.144194E+00
  0.145830E+00
  0.147439E+00
  0.149023E+00
  0.150553E+00
  0.152030E+00
  0.153473E+00
  0.154943E+00
  0.156372E+00
  0.157820E+00
  0.159201E+00
  0.160558E+00
  0.161907E+00
  0.163258E+00
  0.164564E+00
  0.165876E+00
  0.167057E+00
  0.168144E+00
  0.169064E+00
  0.169847E+00
  0.170476E+00
  0.170907E+00
  0.171116E+00
  0.171158E+00
  0.171031E+00
  0.170824E+00
  0.170479E+00
  0.170098E+00
  0.169656E+00
  0.169120E+00
  0.168478E+00
  0.167836E+00
  0.167136E+00
  0.166403E+00
  0.165622E+00
  0.164812E+00
  0.163980E+00
  0.163185E+00
  0.162359E+00
  0.161567E+00
  0.160796E+00
  0.160087E+00
  0.159416E+00
  0.158852E+00
  0.158373E+00
  0.158017E+00
  0.157789E+00
  0.157763E+00
  0.157865E+00
  0.158120E+00
  0.158422E+00
  0.158829E+00
  0.159368E+00
  0.159983E+00
  0.160577E+00
  0.161186E+00
  0.161657E+00
  0.162051E+00
  0.162399E+00
  0.162791E+00
  0.163179E+00
  0.163555E+00
  0.163940E+00
  0.164334E+00
  0.164684E+00
  0.165085E+00
  0.165430E+00
  0.165838E+00
  0.166348E+00
  0.166892E+00
  0.167505E+00
  0.168284E+00
  0.169146E+00
  0.170166E+00
  0.171291E+00
  0.172592E+00
  0.173992E+00
  0.175446E+00
  0.176994E+00
  0.178684E+00
  0.180480E+00
  0.182483E+00
  0.184663E+00
  0.187119E+00
  0.189891E+00
  0.193000E+00
  0.196477E+00
  0.200513E+00
  0.205111E+00
  0.210386E+00
  0.216385E+00
  0.223198E+00
  0.230839E+00
  0.239390E+00
  0.248807E+00
  0.259155E+00
  0.270430E+00
  0.282688E+00
  0.295857E+00
  0.310051E+00
  0.325186E+00
  0.341123E+00
  0.357800E+00
  0.375222E+00
  0.393179E+00
  0.411660E+00
  0.430519E+00
  0.449806E+00
  0.469447E+00
  0.489362E+00
  0.509447E+00
  0.529708E+00
  0.549988E+00
  0.570223E+00
  0.590181E+00
  0.609835E+00
  0.629016E+00
  0.647588E+00
  0.665411E+00
  0.682459E+00
  0.698605E+00
  0.713973E+00
  0.728486E+00
  0.742321E+00
  0.755592E+00
  0.768406E+00
  0.780815E+00
  0.793104E+00
  0.805231E+00
  0.817254E+00
  0.829066E+00
  0.840779E+00
  0.852305E+00
  0.863626E+00
  0.874742E+00
  0.885790E+00
  0.896741E+00
  0.907701E+00
  0.918534E+00
  0.929377E+00
  0.940131E+00
  0.950692E+00
  0.960892E+00
  0.970845E+00
  0.980424E+00
  0.989689E+00
  0.998654E+00
  0.100742E+01
  0.101596E+01
  0.102444E+01
  0.103280E+01
  0.104119E+01
  0.104948E+01
  0.105763E+01
  0.106555E+01
  0.107331E+01
  0.108084E+01
  0.108821E+01
  0.109549E+01
  0.110298E+01
  0.111063E+01
  0.111870E+01
  0.112718E+01
  0.113627E+01
  0.114594E+01
  0.115607E+01
  0.116647E+01
  0.117712E+01
  0.118764E+01
  0.119789E+01
  0.120769E+01
  0.121714E+01
  0.122615E+01
  0.123475E+01
  0.124299E+01
  0.125115E+01
  0.125922E+01
  0.126743E+01
  0.127569E+01
  0.128421E+01
  0.129300E+01
  0.130205E+01
  0.131140E+01
  0.132137E+01
  0.133192E+01
  0.134321E+01
  0.135518E+01
  0.136805E+01
  0.138172E+01
  0.139619E+01
  0.141135E+01
  0.142724E+01
  0.144361E+01
  0.146044E+01
  0.147746E+01
  0.149474E+01
  0.151207E+01
  0.152929E+01
  0.154631E+01
  0.156333E+01
  0.158023E+01
  0.159721E+01
  0.161422E+01
  0.163163E+01
  0.164956E+01
  0.166816E+01
  0.168751E+01
  0.170787E+01
  0.172911E+01
  0.175135E+01
  0.177440E+01
  0.179844E+01
  0.182335E+01
  0.184899E+01
  0.187517E+01
  0.190192E+01
  0.192894E+01
  0.195622E+01
  0.198335E+01
  0.201033E+01
  0.203684E+01
  0.206257E+01
  0.208725E+01
  0.211097E+01
  0.213353E+01
  0.215517E+01
  0.217586E+01
  0.219603E+01
  0.221585E+01
  0.223561E+01
  0.225546E+01
  0.227578E+01
  0.229658E+01
  0.231815E+01
  0.234037E+01
  0.236349E+01
  0.238743E+01
  0.241216E+01
  0.243764E+01
  0.246426E+01
  0.249189E+01
  0.252076E+01
  0.255082E+01
  0.258234E+01
  0.261529E+01
  0.264954E+01
  0.268482E+01
  0.272114E+01
  0.275789E+01
  0.279478E+01
  0.283111E+01
  0.286684E+01
  0.290156E+01
  0.293506E+01
  0.296715E+01
  0.299825E+01
  0.302843E+01
  0.305820E+01
  0.308776E+01
  0.311785E+01
  0.314887E+01
  0.318111E+01
  0.321470E+01
  0.325022E+01
  0.328753E+01
  0.332682E+01
  0.336782E+01
  0.341068E+01
  0.345511E+01
  0.350083E+01
  0.354743E+01
  0.359511E+01
  0.364355E+01
  0.369295E+01
  0.374303E+01
  0.379424E+01
  0.384654E+01
  0.389994E+01
  0.395436E+01
  0.401016E+01
  0.406698E+01
  0.412488E+01
  0.418332E+01
  0.424241E+01
  0.430170E+01
  0.436098E+01
  0.441991E+01
  0.447890E+01
  0.453781E+01
  0.459717E+01
  0.465704E+01
  0.471830E+01
  0.478123E+01
  0.484616E+01
  0.491322E+01
  0.498302E+01
  0.505514E+01
  0.512975E+01
  0.520615E+01
  0.528440E+01
  0.536384E+01
  0.544393E+01
  0.552393E+01
  0.560404E+01
  0.568362E+01
  0.576290E+01
  0.584166E+01
  0.592067E+01
  0.600017E+01
  0.608060E+01
  0.616234E+01
  0.624651E+01
  0.633310E+01
  0.642277E+01
  0.651497E+01
  0.660989E+01
  0.670670E+01
  0.680456E+01
  0.690251E+01
  0.700060E+01
  0.709789E+01
  0.719462E+01
  0.729040E+01
  0.738620E+01
  0.748220E+01
  0.757884E+01
  0.767637E+01
  0.777583E+01
  0.787691E+01
  0.798003E+01
  0.808424E+01
  0.818974E+01
  0.829557E+01
  0.840087E+01
  0.850476E+01
  0.860748E+01
  0.870797E+01
  0.880646E+01
  0.890208E+01
  0.899544E+01
  0.908621E+01
  0.917413E+01
  0.925899E+01
  0.934181E+01
  0.942207E+01
  0.950050E+01
  0.957667E+01
  0.965162E+01
  0.972505E+01
  0.979686E+01
  0.986650E+01
  0.993454E+01
  0.100001E+02
  0.100635E+02
  0.101240E+02
  0.101827E+02
  0.102392E+02
  0.102936E+02
  0.103457E+02
  0.103966E+02
  0.104459E+02
  0.104940E+02
  0.105400E+02
  0.105844E+02
  0.106262E+02
  0.106650E+02
  0.106998E+02
  0.107315E+02
  0.107592E+02
  0.107838E+02
  0.108048E+02
  0.108234E+02
  0.108396E+02
  0.108533E+02
  0.108645E+02
  0.108742E+02
  0.108818E+02
  0.108877E+02
  0.108912E+02
  0.108930E+02
  0.108926E+02
  0.108897E+02
  0.108839E+02
  0.108764E+02
  0.108663E+02
  0.108547E+02
  0.108408E+02
  0.108257E+02
  0.108089E+02
  0.107904E+02
  0.107696E+02
  0.107475E+02
  0.107231E+02
  0.106969E+02
  0.106680E+02
  0.106371E+02
  0.106035E+02
  0.105667E+02
  0.105258E+02
  0.104811E+02
  0.104315E+02
  0.103767E+02
  0.103157E+02
  0.102492E+02
  0.101767E+02
  0.100979E+02
  0.100126E+02
  0.992193E+01
  0.982552E+01
  0.972412E+01
  0.961725E+01
  0.950593E+01
  0.938977E+01
  0.926880E+01
  0.914265E+01
  0.901218E+01
  0.887680E+01
  0.873703E+01
  0.859235E+01
  0.844388E+01
  0.829160E+01
  0.813617E+01
  0.797808E+01
  0.781884E+01
  0.765877E+01
  0.749921E+01
  0.734031E+01
  0.718337E+01
  0.702864E+01
  0.687648E+01
  0.672671E+01
  0.657991E+01
  0.643526E+01
  0.629275E+01
  0.615143E+01
  0.601150E+01
  0.587240E+01
  0.573373E+01
  0.559506E+01
  0.545671E+01
  0.531800E+01
  0.517915E+01
  0.503959E+01
  0.489991E+01
  0.476027E+01
  0.462122E+01
  0.448336E+01
  0.434809E+01
  0.421579E+01
  0.408748E+01
  0.396327E+01
  0.384365E+01
  0.372826E+01
  0.361676E+01
  0.350855E+01
  0.340337E+01
  0.330021E+01
  0.319854E+01
  0.309736E+01
  0.299648E+01
  0.289552E+01
  0.279463E+01
  0.269410E+01
  0.259493E+01
  0.249762E+01
  0.240318E+01
  0.231201E+01
  0.222484E+01
  0.214175E+01
  0.206264E+01
  0.198694E+01
  0.191404E+01
  0.184261E+01
  0.177157E+01
  0.169948E+01
  0.162554E+01
  0.154884E+01
  0.146906E+01
  0.138609E+01
  0.130050E+01
  0.121281E+01
  0.112402E+01
  0.103493E+01
  0.946760E+00
  0.860420E+00
  0.776682E+00
  0.695973E+00
  0.618659E+00
  0.544529E+00
  0.473407E+00
  0.404696E+00
  0.337918E+00
  0.272333E+00
  0.207319E+00
  0.142240E+00
  0.768045E-01
  0.107027E-01
 -0.560378E-01
 -0.123474E+00
 -0.191590E+00
 -0.260364E+00
 -0.329648E+00
 -0.399394E+00
 -0.469314E+00
 -0.539303E+00
 -0.609155E+00
 -0.678830E+00
 -0.748364E+00
 -0.818015E+00
 -0.888073E+00
 -0.959131E+00
 -0.103180E+01
 -0.110670E+01
 -0.118447E+01
 -0.126561E+01
 -0.135051E+01
 -0.143946E+01
 -0.153243E+01
 -0.162944E+01
 -0.173043E+01
 -0.183505E+01
 -0.194300E+01
 -0.205392E+01
 -0.216757E+01
 -0.228364E+01
 -0.240175E+01
 -0.252168E+01
 -0.264338E+01
 -0.276654E+01
 -0.289119E+01
 -0.301724E+01
 -0.314493E+01
 -0.327448E+01
 -0.340595E+01
 -0.353958E+01
 -0.367594E+01
 -0.381499E+01
 -0.395691E+01
 -0.410152E+01
 -0.424895E+01
 -0.439896E+01
 -0.455135E+01
 -0.470590E+01
 -0.486289E+01
 -0.502224E+01
 -0.518429E+01
 -0.534916E+01
 -0.551761E+01
 -0.568996E+01
 -0.586643E+01
 -0.604724E+01
 -0.623305E+01
 -0.642358E+01
 -0.661896E+01
 -0.681858E+01
 -0.702253E+01
 -0.723018E+01
 -0.744083E+01
 -0.765371E+01
 -0.786880E+01
 -0.808525E+01
 -0.830300E+01
 -0.852123E+01
 -0.874029E+01
 -0.895975E+01
 -0.917907E+01
 -0.939772E+01
 -0.961607E+01
 -0.983326E+01
 -0.100494E+02
 -0.102635E+02
 -0.104763E+02
 -0.106875E+02
 -0.108970E+02
 -0.111049E+02
 -0.113124E+02
 -0.115193E+02
 -0.117264E+02
 -0.119333E+02
 -0.121409E+02
 -0.123488E+02
 -0.125569E+02
 -0.127645E+02
 -0.129723E+02
 -0.131792E+02
 -0.133854E+02
 -0.135895E+02
 -0.137923E+02
 -0.139928E+02
 -0.141908E+02
 -0.143854E+02
 -0.145777E+02
 -0.147670E+02
 -0.149539E+02
 -0.151378E+02
 -0.153203E+02
 -0.155012E+02
 -0.156803E+02
 -0.158574E+02
 -0.160338E+02
 -0.162085E+02
 -0.163823E+02
 -0.165539E+02
 -0.167246E+02
 -0.168939E+02
 -0.170615E+02
 -0.172271E+02
 -0.173920E+02
 -0.175554E+02
 -0.177182E+02
 -0.178796E+02
 -0.180410E+02
 -0.182019E+02
 -0.183620E+02
 -0.185206E+02
 -0.186794E+02
 -0.188369E+02
 -0.189943E+02
 -0.191500E+02
 -0.193056E+02
 -0.194601E+02
 -0.196131E+02
 -0.197638E+02
 -0.199136E+02
 -0.200611E+02
 -0.202073E+02
 -0.203508E+02
 -0.204935E+02
 -0.206349E+02
 -0.207748E+02
 -0.209130E+02
 -0.210514E+02
 -0.211892E+02
 -0.213275E+02
 -0.214653E+02
 -0.216041E+02
 -0.217428E+02
 -0.218807E+02
 -0.220164E+02
 -0.221508E+02
 -0.222816E+02
 -0.224093E+02
 -0.225317E+02
 -0.226499E+02
 -0.227629E+02
 -0.228698E+02
 -0.229696E+02
 -0.230641E+02
 -0.231515E+02
 -0.232331E+02
 -0.233077E+02
 -0.233771E+02
 -0.234411E+02
 -0.234997E+02
 -0.235526E+02
 -0.236020E+02
 -0.236468E+02
 -0.236885E+02
 -0.237256E+02
 -0.237598E+02
 -0.237904E+02
 -0.238160E+02
 -0.238356E+02
 -0.238506E+02
 -0.238590E+02
 -0.238619E+02
 -0.238575E+02
 -0.238477E+02
 -0.238319E+02
 -0.238101E+02
 -0.237818E+02
 -0.237492E+02
 -0.237115E+02
 -0.236702E+02
 -0.236243E+02
 -0.235762E+02
 -0.235254E+02
 -0.234720E+02
 -0.234153E+02
 -0.233573E+02
 -0.232965E+02
 -0.232342E+02
 -0.231689E+02
 -0.231027E+02
 -0.230352E+02
 -0.229666E+02
 -0.228967E+02
 -0.228282E+02
 -0.227602E+02
 -0.226946E+02
 -0.226307E+02
 -0.225706E+02
 -0.225139E+02
 -0.224602E+02
 -0.224084E+02
 -0.223596E+02
 -0.223120E+02
 -0.222660E+02
 -0.222197E+02
 -0.221744E+02
 -0.221294E+02
 -0.220842E+02
 -0.220385E+02
 -0.219943E+02
 -0.219505E+02
 -0.219088E+02
 -0.218681E+02
 -0.218304E+02
 -0.217951E+02
 -0.217618E+02
 -0.217299E+02
 -0.217008E+02
 -0.216727E+02
 -0.216462E+02
 -0.216193E+02
 -0.215934E+02
 -0.215671E+02
 -0.215399E+02
 -0.215106E+02
 -0.214805E+02
 -0.214480E+02
 -0.214137E+02
 -0.213760E+02
 -0.213365E+02
 -0.212945E+02
 -0.212495E+02
 -0.212012E+02
 -0.211515E+02
 -0.210994E+02
 -0.210463E+02
 -0.209911E+02
 -0.209357E+02
 -0.208796E+02
 -0.208227E+02
 -0.207645E+02
 -0.207069E+02
 -0.206488E+02
 -0.205913E+02
 -0.205335E+02
 -0.204774E+02
 -0.204225E+02
 -0.203690E+02
 -0.203169E+02
 -0.202680E+02
 -0.202214E+02
 -0.201785E+02
 -0.201383E+02
 -0.201023E+02
 -0.200697E+02
 -0.200403E+02
 -0.200130E+02
 -0.199891E+02
 -0.199669E+02
 -0.199468E+02
 -0.199270E+02
 -0.199086E+02
 -0.198904E+02
 -0.198714E+02
 -0.198511E+02
 -0.198307E+02
 -0.198092E+02
 -0.197880E+02
 -0.197663E+02
 -0.197463E+02
 -0.197281E+02
 -0.197120E+02
 -0.196979E+02
 -0.196874E+02
 -0.196793E+02
 -0.196745E+02
 -0.196712E+02
 -0.196705E+02
 -0.196715E+02
 -0.196734E+02
 -0.196755E+02
 -0.196793E+02
 -0.196838E+02
 -0.196905E+02
 -0.196984E+02
 -0.197097E+02
 -0.197238E+02
 -0.197406E+02
 -0.197592E+02
 -0.197809E+02
 -0.198035E+02
 -0.198275E+02
 -0.198506E+02
 -0.198738E+02
 -0.198955E+02
 -0.199147E+02
 -0.199303E+02
 -0.199434E+02
 -0.199525E+02
 -0.199584E+02
 -0.199598E+02
 -0.199586E+02
 -0.199541E+02
 -0.199461E+02
 -0.199340E+02
 -0.199193E+02
 -0.199001E+02
 -0.198770E+02
 -0.198482E+02
 -0.198147E+02
 -0.197756E+02
 -0.197304E+02
 -0.196786E+02
 -0.196221E+02
 -0.195605E+02
 -0.194954E+02
 -0.194266E+02
 -0.193566E+02
 -0.192853E+02
 -0.192130E+02
 -0.191391E+02
 -0.190648E+02
 -0.189882E+02
 -0.189094E+02
 -0.188262E+02
 -0.187393E+02
 -0.186475E+02
 -0.185502E+02
 -0.184464E+02
 -0.183377E+02
 -0.182230E+02
 -0.181032E+02
 -0.179777E+02
 -0.178481E+02
 -0.177143E+02
 -0.175765E+02
 -0.174345E+02
 -0.172900E+02
 -0.171422E+02
 -0.169924E+02
 -0.168397E+02
 -0.166856E+02
 -0.165296E+02
 -0.163714E+02
 -0.162104E+02
 -0.160476E+02
 -0.158815E+02
 -0.157127E+02
 -0.155401E+02
 -0.153648E+02
 -0.151865E+02
 -0.150056E+02
 -0.148221E+02
 -0.146378E+02
 -0.144526E+02
 -0.142682E+02
 -0.140845E+02
 -0.139032E+02
 -0.137246E+02
 -0.135486E+02
 -0.133749E+02
 -0.132046E+02
 -0.130366E+02
 -0.128710E+02
 -0.127067E+02
 -0.125442E+02
 -0.123829E+02
 -0.122228E+02
 -0.120638E+02
 -0.119076E+02
 -0.117542E+02
 -0.116053E+02
 -0.114610E+02
 -0.113230E+02
 -0.111913E+02
 -0.110658E+02
 -0.109458E+02
 -0.108314E+02
 -0.107206E+02
 -0.106129E+02
 -0.105063E+02
 -0.104007E+02
 -0.102948E+02
 -0.101879E+02
 -0.100795E+02
 -0.997042E+01
 -0.986027E+01
 -0.974999E+01
 -0.963966E+01
 -0.953080E+01
 -0.942374E+01
 -0.931900E+01
 -0.921669E+01
 -0.911777E+01
 -0.902179E+01
 -0.892905E+01
 -0.883856E+01
 -0.875044E+01
 -0.866358E+01
 -0.857698E+01
 -0.848948E+01
 -0.840095E+01
 -0.831024E+01
 -0.821752E+01
 -0.812227E+01
 -0.802538E+01
 -0.792707E+01
 -0.782792E+01
 -0.772835E+01
 -0.762974E+01
 -0.753225E+01
 -0.743685E+01
 -0.734360E+01
 -0.725348E+01
 -0.716660E+01
 -0.708323E+01
 -0.700336E+01
 -0.692772E+01
 -0.685591E+01
 -0.678832E+01
 -0.672436E+01
 -0.666420E+01
 -0.660713E+01
 -0.655229E+01
 -0.649870E+01
 -0.644591E+01
 -0.639260E+01
 -0.633832E+01
 -0.628203E+01
 -0.622367E+01
 -0.616249E+01
 -0.609802E+01
 -0.602960E+01
 -0.595716E+01
 -0.587967E+01
 -0.579680E+01
 -0.570755E+01
 -0.561162E+01
 -0.550806E+01
 -0.539614E+01
 -0.527511E+01
 -0.514497E+01
 -0.500521E+01
 -0.485616E+01
 -0.469779E+01
 -0.453093E+01
 -0.435606E+01
 -0.417402E+01
 -0.398553E+01
 -0.379179E+01
 -0.359335E+01
 -0.339101E+01
 -0.318494E+01
 -0.297546E+01
 -0.276242E+01
 -0.254578E+01
 -0.232553E+01
 -0.210208E+01
 -0.187582E+01
 -0.164765E+01
 -0.141844E+01
 -0.118936E+01
 -0.961268E+00
 -0.735023E+00
 -0.511283E+00
 -0.290445E+00
 -0.726867E-01
  0.141961E+00
  0.353658E+00
  0.562593E+00
  0.768881E+00
  0.972470E+00
  0.117316E+01
  0.137091E+01
  0.156529E+01
  0.175597E+01
  0.194236E+01
  0.212422E+01
  0.230116E+01
  0.247296E+01
  0.263953E+01
  0.280131E+01
  0.295838E+01
  0.311122E+01
  0.326003E+01
  0.340556E+01
  0.354808E+01
  0.368765E+01
  0.382414E+01
  0.395769E+01
  0.408753E+01
  0.421331E+01
  0.433399E+01
  0.444933E+01
  0.455871E+01
  0.466178E+01
  0.475834E+01
  0.484899E+01
  0.493380E+01
  0.501359E+01
  0.508856E+01
  0.515989E+01
  0.522806E+01
  0.529347E+01
  0.535638E+01
  0.541758E+01
  0.547684E+01
  0.553438E+01
  0.558956E+01
  0.564251E+01
  0.569251E+01
  0.573891E+01
  0.578099E+01
  0.581885E+01
  0.585193E+01
  0.588060E+01
  0.590483E+01
  0.592594E+01
  0.594461E+01
  0.596168E+01
  0.597805E+01
  0.599528E+01
  0.601393E+01
  0.603506E+01
  0.605865E+01
  0.608536E+01
  0.611472E+01
  0.614602E+01
  0.617823E+01
  0.621089E+01
  0.624243E+01
  0.627211E+01
  0.629851E+01
  0.632138E+01
  0.633981E+01
  0.635331E+01
  0.636138E+01
  0.636445E+01
  0.636195E+01
  0.635437E+01
  0.634145E+01
  0.632404E+01
  0.630224E+01
  0.627624E+01
  0.624606E+01
  0.621232E+01
  0.617447E+01
  0.613270E+01
  0.608622E+01
  0.603525E+01
  0.597925E+01
  0.591780E+01
  0.585064E+01
  0.577831E+01
  0.570056E+01
  0.561811E+01
  0.553098E+01
  0.544018E+01
  0.534577E+01
  0.524782E+01
  0.514623E+01
  0.504130E+01
  0.493237E+01
  0.481952E+01
  0.470201E+01
  0.458003E+01
  0.445314E+01
  0.432116E+01
  0.418393E+01
  0.404220E+01
  0.389622E+01
  0.374704E+01
  0.359540E+01
  0.344288E+01
  0.329058E+01
  0.313965E+01
  0.299102E+01
  0.284583E+01
  0.270436E+01
  0.256703E+01
  0.243361E+01
  0.230412E+01
  0.217813E+01
  0.205523E+01
  0.193497E+01
  0.181735E+01
  0.170188E+01
  0.158844E+01
  0.147669E+01
  0.136660E+01
  0.125807E+01
  0.115123E+01
  0.104625E+01
  0.943639E+00
  0.843906E+00
  0.747804E+00
  0.655943E+00
  0.569155E+00
  0.487952E+00
  0.412629E+00
  0.343303E+00
  0.280006E+00
  0.222338E+00
  0.169811E+00
  0.121613E+00
  0.769165E-01
  0.348136E-01
 -0.552285E-02
 -0.448445E-01
 -0.836272E-01
 -0.122127E+00
 -0.160356E+00
 -0.198242E+00
 -0.235481E+00
 -0.271722E+00
 -0.306578E+00
 -0.339661E+00
 -0.370649E+00
 -0.399553E+00
 -0.426507E+00
 -0.451918E+00
 -0.476365E+00
 -0.500568E+00
 -0.525380E+00
 -0.551594E+00
 -0.579897E+00
 -0.610908E+00
 -0.645035E+00
 -0.682588E+00
 -0.723644E+00
 -0.767958E+00
 -0.815288E+00
 -0.865355E+00
 -0.917757E+00
 -0.972173E+00
 -0.102835E+01
 -0.108599E+01
 -0.114506E+01
 -0.120563E+01
 -0.126796E+01
 -0.133237E+01
 -0.139942E+01
 -0.146952E+01
 -0.154301E+01
 -0.162008E+01
 -0.170085E+01
 -0.178520E+01
 -0.187292E+01
 -0.196355E+01
 -0.205675E+01
 -0.215190E+01
 -0.224864E+01
 -0.234649E+01
 -0.244524E+01
 -0.254464E+01
 -0.264460E+01
 -0.274504E+01
 -0.284622E+01
 -0.294804E+01
 -0.305064E+01
 -0.315379E+01
 -0.325756E+01
 -0.336171E+01
 -0.346598E+01
 -0.357017E+01
 -0.367440E+01
 -0.377840E+01
 -0.388234E+01
 -0.398588E+01
 -0.408910E+01
 -0.419166E+01
 -0.429308E+01
 -0.439272E+01
 -0.449027E+01
 -0.458482E+01
 -0.467591E+01
 -0.476268E+01
 -0.484504E+01
 -0.492266E+01
 -0.499544E+01
 -0.506359E+01
 -0.512793E+01
 -0.518872E+01
 -0.524678E+01
 -0.530223E+01
 -0.535566E+01
 -0.540681E+01
 -0.545526E+01
 -0.550023E+01
 -0.554145E+01
 -0.557780E+01
 -0.560878E+01
 -0.563344E+01
 -0.565175E+01
 -0.566343E+01
 -0.566850E+01
 -0.566706E+01
 -0.565994E+01
 -0.564718E+01
 -0.562938E+01
 -0.560648E+01
 -0.557893E+01
 -0.554650E+01
 -0.550897E+01
 -0.546584E+01
 -0.541711E+01
 -0.536203E+01
 -0.530060E+01
 -0.523243E+01
 -0.515796E+01
 -0.507732E+01
 -0.499092E+01
 -0.489916E+01
 -0.480309E+01
 -0.470313E+01
 -0.460019E+01
 -0.449467E+01
 -0.438756E+01
 -0.427933E+01
 -0.417047E+01
 -0.406126E+01
 -0.395229E+01
 -0.384347E+01
 -0.373519E+01
 -0.362740E+01
 -0.352044E+01
 -0.341428E+01
 -0.330894E+01
 -0.320427E+01
 -0.310058E+01
 -0.299773E+01
 -0.289599E+01
 -0.279539E+01
 -0.269627E+01
 -0.259870E+01
 -0.250290E+01
 -0.240914E+01
 -0.231785E+01
 -0.222917E+01
 -0.214350E+01
 -0.206094E+01
 -0.198181E+01
 -0.190626E+01
 -0.183443E+01
 -0.176644E+01
 -0.170243E+01
 -0.164235E+01
 -0.158635E+01
 -0.153424E+01
 -0.148598E+01
 -0.144122E+01
 -0.139954E+01
 -0.136046E+01
 -0.132343E+01
 -0.128779E+01
 -0.125304E+01
 -0.121854E+01
 -0.118391E+01
 -0.114883E+01
 -0.111303E+01
 -0.107635E+01
 -0.103878E+01
 -0.100018E+01
 -0.960537E+00
 -0.919657E+00
 -0.877382E+00
 -0.833602E+00
 -0.788275E+00
 -0.741399E+00
 -0.693128E+00
 -0.643667E+00
 -0.593303E+00
 -0.542474E+00
 -0.491610E+00
 -0.441035E+00
 -0.391116E+00
 -0.341980E+00
 -0.293625E+00
 -0.245881E+00
 -0.198361E+00
 -0.150563E+00
 -0.101803E+00
 -0.514327E-01
  0.113654E-02
  0.564355E-01
  0.114870E+00
  0.176532E+00
  0.241360E+00
  0.308960E+00
  0.378999E+00
  0.450967E+00
  0.524279E+00
  0.598357E+00
  0.672690E+00
  0.746618E+00
  0.819531E+00
  0.890675E+00
  0.959639E+00
  0.102583E+01
  0.108868E+01
  0.114770E+01
  0.120266E+01
  0.125325E+01
  0.129956E+01
  0.134163E+01
  0.138005E+01
  0.141551E+01
  0.144884E+01
  0.148099E+01
  0.151312E+01
  0.154599E+01
  0.158039E+01
  0.161653E+01
  0.165453E+01
  0.169397E+01
  0.173413E+01
  0.177395E+01
  0.181250E+01
  0.184841E+01
  0.188078E+01
  0.190858E+01
  0.193143E+01
  0.194899E+01
  0.196105E+01
  0.196760E+01
  0.196901E+01
  0.196528E+01
  0.195683E+01
  0.194376E+01
  0.192654E+01
  0.190540E+01
  0.188065E+01
  0.185253E+01
  0.182171E+01
  0.178850E+01
  0.175354E+01
  0.171716E+01
  0.168005E+01
  0.164252E+01
  0.160480E+01
  0.156713E+01
  0.152981E+01
  0.149263E+01
  0.145551E+01
  0.141798E+01
  0.137974E+01
  0.134006E+01
  0.129820E+01
  0.125338E+01
  0.120497E+01
  0.115216E+01
  0.109439E+01
  0.103094E+01
  0.961432E+00
  0.885479E+00
  0.802843E+00
  0.713447E+00
  0.617607E+00
  0.515662E+00
  0.408209E+00
  0.295837E+00
  0.179373E+00
  0.594736E-01
 -0.631487E-01
 -0.187754E+00
 -0.313585E+00
 -0.440001E+00
 -0.566426E+00
 -0.692381E+00
 -0.817440E+00
 -0.941302E+00
 -0.106379E+01
 -0.118476E+01
 -0.130418E+01
 -0.142209E+01
 -0.153859E+01
 -0.165365E+01
 -0.176749E+01
 -0.188011E+01
 -0.199150E+01
 -0.210153E+01
 -0.221015E+01
 -0.231708E+01
 -0.242219E+01
 -0.252527E+01
 -0.262644E+01
 -0.272571E+01
 -0.282316E+01
 -0.291880E+01
 -0.301289E+01
 -0.310528E+01
 -0.319596E+01
 -0.328456E+01
 -0.337113E+01
 -0.345538E+01
 -0.353713E+01
 -0.361623E+01
 -0.369301E+01
 -0.376749E+01
 -0.384027E+01
 -0.391160E+01
 -0.398237E+01
 -0.405308E+01
 -0.412423E+01
 -0.419610E+01
 -0.426916E+01
 -0.434312E+01
 -0.441795E+01
 -0.449296E+01
 -0.456799E+01
 -0.464243E+01
 -0.471583E+01
 -0.478772E+01
 -0.485816E+01
 -0.492670E+01
 -0.499343E+01
 -0.505801E+01
 -0.512074E+01
 -0.518134E+01
 -0.523969E+01
 -0.529556E+01
 -0.534922E+01
 -0.540021E+01
 -0.544874E+01
 -0.549440E+01
 -0.553762E+01
 -0.557833E+01
 -0.561665E+01
 -0.565258E+01
 -0.568675E+01
 -0.571901E+01
 -0.574968E+01
 -0.577844E+01
 -0.580574E+01
 -0.583130E+01
 -0.585492E+01
 -0.587628E+01
 -0.589568E+01
 -0.591265E+01
 -0.592734E+01
 -0.593927E+01
 -0.594866E+01
 -0.595499E+01
 -0.595787E+01
 -0.595661E+01
 -0.595101E+01
 -0.594004E+01
 -0.592320E+01
 -0.589929E+01
 -0.586786E+01
 -0.582780E+01
 -0.577818E+01
 -0.571798E+01
 -0.564691E+01
 -0.556417E+01
 -0.546994E+01
 -0.536403E+01
 -0.524716E+01
 -0.511969E+01
 -0.498228E+01
 -0.483559E+01
 -0.468097E+01
 -0.451906E+01
 -0.435103E+01
 -0.417748E+01
 -0.399937E+01
 -0.381698E+01
 -0.363057E+01
 -0.344014E+01
 -0.324580E+01
 -0.304714E+01
 -0.284409E+01
 -0.263617E+01
 -0.242344E+01
 -0.220572E+01
 -0.198313E+01
 -0.175585E+01
 -0.152435E+01
 -0.128903E+01
 -0.105055E+01
 -0.809538E+00
 -0.566715E+00
 -0.322561E+00
 -0.775889E-01
  0.167911E+00
  0.413828E+00
  0.660032E+00
  0.906545E+00
  0.115326E+01
  0.140022E+01
  0.164711E+01
  0.189350E+01
  0.213879E+01
  0.238250E+01
  0.262373E+01
  0.286191E+01
  0.309606E+01
  0.332570E+01
  0.355016E+01
  0.376879E+01
  0.398128E+01
  0.418796E+01
  0.438867E+01
  0.458408E+01
  0.477448E+01
  0.496095E+01
  0.514411E+01
  0.532455E+01
  0.550266E+01
  0.567954E+01
  0.585533E+01
  0.603087E+01
  0.620621E+01
  0.638236E+01
  0.655946E+01
  0.673761E+01
  0.691676E+01
  0.709751E+01
  0.727923E+01
  0.746212E+01
  0.764547E+01
  0.782961E+01
  0.801399E+01
  0.819828E+01
  0.838193E+01
  0.856545E+01
  0.874809E+01
  0.893014E+01
  0.911084E+01
  0.929070E+01
  0.946908E+01
  0.964523E+01
  0.981822E+01
  0.998822E+01
  0.101538E+02
  0.103146E+02
  0.104694E+02
  0.106185E+02
  0.107611E+02
  0.108968E+02
  0.110250E+02
  0.111466E+02
  0.112607E+02
  0.113680E+02
  0.114678E+02
  0.115612E+02
  0.116479E+02
  0.117276E+02
  0.117998E+02
  0.118656E+02
  0.119240E+02
  0.119754E+02
  0.120189E+02
  0.120556E+02
  0.120849E+02
  0.121066E+02
  0.121205E+02
  0.121277E+02
  0.121276E+02
  0.121212E+02
  0.121080E+02
  0.120894E+02
  0.120654E+02
  0.120362E+02
  0.120016E+02
  0.119630E+02
  0.119198E+02
  0.118727E+02
  0.118210E+02
  0.117658E+02
  0.117067E+02
  0.116436E+02
  0.115760E+02
  0.115050E+02
  0.114298E+02
  0.113512E+02
  0.112685E+02
  0.111827E+02
  0.110938E+02
  0.110017E+02
  0.109064E+02
  0.108092E+02
  0.107095E+02
  0.106081E+02
  0.105042E+02
  0.103986E+02
  0.102905E+02
  0.101793E+02
  0.100642E+02
  0.994532E+01
  0.982144E+01
  0.969257E+01
  0.955751E+01
  0.941673E+01
  0.926960E+01
  0.911587E+01
  0.895535E+01
  0.878906E+01
  0.861670E+01
  0.843921E+01
  0.825651E+01
  0.806994E+01
  0.787965E+01
  0.768599E+01
  0.748902E+01
  0.728964E+01
  0.708743E+01
  0.688290E+01
  0.667561E+01
  0.646622E+01
  0.625445E+01
  0.604015E+01
  0.582297E+01
  0.560336E+01
  0.538076E+01
  0.515545E+01
  0.492698E+01
  0.469582E+01
  0.446174E+01
  0.422478E+01
  0.398487E+01
  0.374270E+01
  0.349841E+01
  0.325281E+01
  0.300642E+01
  0.276041E+01
  0.251553E+01
  0.227248E+01
  0.203179E+01
  0.179415E+01
  0.155955E+01
  0.132811E+01
  0.109952E+01
  0.873677E+00
  0.650126E+00
  0.428439E+00
  0.208184E+00
 -0.108972E-01
 -0.229193E+00
 -0.446872E+00
 -0.664049E+00
 -0.880782E+00
 -0.109710E+01
 -0.131292E+01
 -0.152831E+01
 -0.174342E+01
 -0.195834E+01
 -0.217335E+01
 -0.238849E+01
 -0.260396E+01
 -0.281966E+01
 -0.303550E+01
 -0.325132E+01
 -0.346723E+01
 -0.368300E+01
 -0.389875E+01
 -0.411422E+01
 -0.432972E+01
 -0.454525E+01
 -0.476080E+01
 -0.497629E+01
 -0.519209E+01
 -0.540785E+01
 -0.562367E+01
 -0.583896E+01
 -0.605374E+01
 -0.626745E+01
 -0.647951E+01
 -0.668922E+01
 -0.689676E+01
 -0.710144E+01
 -0.730342E+01
 -0.750238E+01
 -0.769912E+01
 -0.789374E+01
 -0.808650E+01
 -0.827731E+01
 -0.846679E+01
 -0.865425E+01
 -0.883963E+01
 -0.902175E+01
 -0.920054E+01
 -0.937487E+01
 -0.954365E+01
 -0.970557E+01
 -0.986047E+01
 -0.100069E+02
 -0.101445E+02
 -0.102720E+02
 -0.103899E+02
 -0.104974E+02
 -0.105942E+02
 -0.106800E+02
 -0.107557E+02
 -0.108210E+02
 -0.108767E+02
 -0.109225E+02
 -0.109597E+02
 -0.109883E+02
 -0.110084E+02
 -0.110199E+02
 -0.110236E+02
 -0.110185E+02
 -0.110048E+02
 -0.109817E+02
 -0.109497E+02
 -0.109084E+02
 -0.108577E+02
 -0.107975E+02
 -0.107290E+02
 -0.106519E+02
 -0.105669E+02
 -0.104736E+02
 -0.103732E+02
 -0.102653E+02
 -0.101500E+02
 -0.100270E+02
 -0.989720E+01
 -0.976010E+01
 -0.961633E+01
 -0.946555E+01
 -0.930886E+01
 -0.914636E+01
 -0.897833E+01
 -0.880489E+01
 -0.862709E+01
 -0.844466E+01
 -0.825845E+01
 -0.806835E+01
 -0.787538E+01
 -0.767967E+01
 -0.748152E+01
 -0.728102E+01
 -0.707898E+01
 -0.687513E+01
 -0.666988E+01
 -0.646274E+01
 -0.625412E+01
 -0.604372E+01
 -0.583140E+01
 -0.561690E+01
 -0.540073E+01
 -0.518269E+01
 -0.496331E+01
 -0.474267E+01
 -0.452156E+01
 -0.430038E+01
 -0.407973E+01
 -0.386011E+01
 -0.364253E+01
 -0.342744E+01
 -0.321570E+01
 -0.300770E+01
 -0.280420E+01
 -0.260548E+01
 -0.241175E+01
 -0.222308E+01
 -0.203969E+01
 -0.186143E+01
 -0.168836E+01
 -0.152032E+01
 -0.135738E+01
 -0.119949E+01
 -0.104670E+01
 -0.899076E+00
 -0.756760E+00
 -0.619864E+00
 -0.488543E+00
 -0.362920E+00
 -0.243184E+00
 -0.129366E+00
 -0.214700E-01
  0.805166E-01
  0.176732E+00
  0.267268E+00
  0.352341E+00
  0.432069E+00
  0.506700E+00
  0.576414E+00
  0.641392E+00
  0.701878E+00
  0.758112E+00
  0.810121E+00
  0.858022E+00
  0.901703E+00
  0.941286E+00
  0.976751E+00
  0.100802E+01
  0.103511E+01
  0.105831E+01
  0.107777E+01
  0.109374E+01
  0.110639E+01
  0.111603E+01
  0.112280E+01
  0.112686E+01
  0.112827E+01
  0.112740E+01
  0.112442E+01
  0.111972E+01
  0.111363E+01
  0.110676E+01
  0.109961E+01
  0.109270E+01
  0.108648E+01
  0.108154E+01
  0.107813E+01
  0.107652E+01
  0.107666E+01
  0.107851E+01
  0.108182E+01
  0.108632E+01
  0.109175E+01
  0.109810E+01
  0.110522E+01
  0.111333E+01
  0.112253E+01
  0.113321E+01
  0.114577E+01
  0.116059E+01
  0.117811E+01
  0.119886E+01
  0.122315E+01
  0.125133E+01
  0.128345E+01
  0.131955E+01
  0.135937E+01
  0.140249E+01
  0.144824E+01
  0.149608E+01
  0.154517E+01
  0.159489E+01
  0.164458E+01
  0.169398E+01
  0.174268E+01
  0.179049E+01
  0.183739E+01
  0.188371E+01
  0.192949E+01
  0.197514E+01
  0.202081E+01
  0.206692E+01
  0.211358E+01
  0.216068E+01
  0.220803E+01
  0.225578E+01
  0.230364E+01
  0.235165E+01
  0.239971E+01
  0.244829E+01
  0.249764E+01
  0.254802E+01
  0.259981E+01
  0.265366E+01
  0.270974E+01
  0.276846E+01
  0.282963E+01
  0.289338E+01
  0.295936E+01
  0.302705E+01
  0.309596E+01
  0.316592E+01
  0.323628E+01
  0.330687E+01
  0.337715E+01
  0.344723E+01
  0.351694E+01
  0.358624E+01
  0.365502E+01
  0.372366E+01
  0.379178E+01
  0.385932E+01
  0.392566E+01
  0.399080E+01
  0.405416E+01
  0.411527E+01
  0.417362E+01
  0.422937E+01
  0.428216E+01
  0.433230E+01
  0.437981E+01
  0.442546E+01
  0.446959E+01
  0.451245E+01
  0.455413E+01
  0.459507E+01
  0.463462E+01
  0.467251E+01
  0.470773E+01
  0.473998E+01
  0.476824E+01
  0.479159E+01
  0.480923E+01
  0.482114E+01
  0.482672E+01
  0.482625E+01
  0.481963E+01
  0.480775E+01
  0.479100E+01
  0.476993E+01
  0.474513E+01
  0.471775E+01
  0.468817E+01
  0.465730E+01
  0.462545E+01
  0.459378E+01
  0.456288E+01
  0.453356E+01
  0.450642E+01
  0.448258E+01
  0.446230E+01
  0.444620E+01
  0.443396E+01
  0.442579E+01
  0.442124E+01
  0.441976E+01
  0.442069E+01
  0.442395E+01
  0.442881E+01
  0.443526E+01
  0.444282E+01
  0.445194E+01
  0.446245E+01
  0.447433E+01
  0.448756E+01
  0.450271E+01
  0.451961E+01
  0.453864E+01
  0.455948E+01
  0.458248E+01
  0.460743E+01
  0.463398E+01
  0.466159E+01
  0.469029E+01
  0.471924E+01
  0.474828E+01
  0.477654E+01
  0.480403E+01
  0.483026E+01
  0.485487E+01
  0.487748E+01
  0.489853E+01
  0.491764E+01
  0.493510E+01
  0.495063E+01
  0.496487E+01
  0.497780E+01
  0.498941E+01
  0.499979E+01
  0.500959E+01
  0.501863E+01
  0.502730E+01
  0.503523E+01
  0.504294E+01
  0.505024E+01
  0.505699E+01
  0.506296E+01
  0.506861E+01
  0.507361E+01
  0.507829E+01
  0.508230E+01
  0.508609E+01
  0.508953E+01
  0.509266E+01
  0.509542E+01
  0.509837E+01
  0.510122E+01
  0.510427E+01
  0.510719E+01
  0.511047E+01
  0.511377E+01
  0.511676E+01
  0.511883E+01
  0.511980E+01
  0.511857E+01
  0.511472E+01
  0.510709E+01
  0.509550E+01
  0.507923E+01
  0.505767E+01
  0.503033E+01
  0.499761E+01
  0.495915E+01
  0.491546E+01
  0.486660E+01
  0.481343E+01
  0.475624E+01
  0.469547E+01
  0.463146E+01
  0.456507E+01
  0.449635E+01
  0.442575E+01
  0.435297E+01
  0.427841E+01
  0.420186E+01
  0.412316E+01
  0.404204E+01
  0.395880E+01
  0.387308E+01
  0.378507E+01
  0.369443E+01
  0.360154E+01
  0.350626E+01
  0.340865E+01
  0.330867E+01
  0.320666E+01
  0.310237E+01
  0.299591E+01
  0.288699E+01
  0.277591E+01
  0.266251E+01
  0.254671E+01
  0.242856E+01
  0.230856E+01
  0.218684E+01
  0.206401E+01
  0.194046E+01
  0.181694E+01
  0.169393E+01
  0.157198E+01
  0.145146E+01
  0.133284E+01
  0.121612E+01
  0.110144E+01
  0.988663E+00
  0.877790E+00
  0.768523E+00
  0.660526E+00
  0.553417E+00
  0.446864E+00
  0.340389E+00
  0.233659E+00
  0.126206E+00
  0.178183E-01
 -0.917122E-01
 -0.202510E+00
 -0.314471E+00
 -0.427226E+00
 -0.540308E+00
 -0.653165E+00
 -0.765160E+00
 -0.875745E+00
 -0.984430E+00
 -0.109076E+01
 -0.119441E+01
 -0.129518E+01
 -0.139278E+01
 -0.148709E+01
 -0.157789E+01
 -0.166508E+01
 -0.174855E+01
 -0.182803E+01
 -0.190312E+01
 -0.197376E+01
 -0.203962E+01
 -0.210049E+01
 -0.215613E+01
 -0.220644E+01
 -0.225112E+01
 -0.228990E+01
 -0.232230E+01
 -0.234805E+01
 -0.236663E+01
 -0.237782E+01
 -0.238125E+01
 -0.237701E+01
 -0.236519E+01
 -0.234622E+01
 -0.232069E+01
 -0.228955E+01
 -0.225364E+01
 -0.221399E+01
 -0.217129E+01
 -0.212637E+01
 -0.207967E+01
 -0.203136E+01
 -0.198142E+01
 -0.192979E+01
 -0.187595E+01
 -0.181957E+01
 -0.176021E+01
 -0.169763E+01
 -0.163158E+01
 -0.156204E+01
 -0.148903E+01
 -0.141274E+01
 -0.133322E+01
 -0.125062E+01
 -0.116505E+01
 -0.107679E+01
 -0.986158E+00
 -0.893582E+00
 -0.799496E+00
 -0.704404E+00
 -0.608731E+00
 -0.512930E+00
 -0.417307E+00
 -0.322033E+00
 -0.227226E+00
 -0.132956E+00
 -0.391469E-01
  0.543930E-01
  0.147771E+00
  0.241129E+00
  0.334484E+00
  0.427845E+00
  0.521162E+00
  0.614219E+00
  0.706694E+00
  0.798302E+00
  0.888493E+00
  0.976882E+00
  0.106304E+01
  0.114690E+01
  0.122830E+01
  0.130722E+01
  0.138359E+01
  0.145745E+01
  0.152852E+01
  0.159673E+01
  0.166179E+01
  0.172377E+01
  0.178244E+01
  0.183766E+01
  0.188929E+01
  0.193760E+01
  0.198264E+01
  0.202486E+01
  0.206455E+01
  0.210240E+01
  0.213887E+01
  0.217435E+01
  0.220907E+01
  0.224348E+01
  0.227749E+01
  0.231122E+01
  0.234441E+01
  0.237729E+01
  0.240977E+01
  0.244176E+01
  0.247335E+01
  0.250493E+01
  0.253644E+01
  0.256823E+01
  0.260020E+01
  0.263259E+01
  0.266527E+01
  0.269801E+01
  0.273044E+01
  0.276245E+01
  0.279334E+01
  0.282275E+01
  0.284989E+01
  0.287460E+01
  0.289648E+01
  0.291535E+01
  0.293118E+01
  0.294446E+01
  0.295532E+01
  0.296435E+01
  0.297175E+01
  0.297821E+01
  0.298395E+01
  0.298928E+01
  0.299429E+01
  0.299943E+01
  0.300468E+01
  0.301031E+01
  0.301631E+01
  0.302319E+01
  0.303103E+01
  0.304017E+01
  0.305070E+01
  0.306299E+01
  0.307684E+01
  0.309233E+01
  0.310906E+01
  0.312701E+01
  0.314561E+01
  0.316432E+01
  0.318265E+01
  0.320058E+01
  0.321771E+01
  0.323425E+01
  0.325003E+01
  0.326548E+01
  0.328061E+01
  0.329542E+01
  0.330981E+01
  0.332402E+01
  0.333770E+01
  0.335077E+01
  0.336260E+01
  0.337308E+01
  0.338153E+01
  0.338743E+01
  0.339028E+01
  0.339003E+01
  0.338633E+01
  0.337951E+01
  0.336963E+01
  0.335755E+01
  0.334392E+01
  0.332932E+01
  0.331441E+01
  0.330024E+01
  0.328712E+01
  0.327580E+01
  0.326663E+01
  0.326035E+01
  0.325708E+01
  0.325692E+01
  0.325974E+01
  0.326574E+01
  0.327451E+01
  0.328592E+01
  0.329936E+01
  0.331473E+01
  0.333149E+01
  0.334919E+01
  0.336738E+01
  0.338615E+01
  0.340511E+01
  0.342431E+01
  0.344333E+01
  0.346233E+01
  0.348099E+01
  0.349916E+01
  0.351653E+01
  0.353321E+01
  0.354874E+01
  0.356315E+01
  0.357600E+01
  0.358743E+01
  0.359711E+01
  0.360481E+01
  0.361023E+01
  0.361355E+01
  0.361442E+01
  0.361302E+01
  0.360908E+01
  0.360296E+01
  0.359463E+01
  0.358408E+01
  0.357127E+01
  0.355665E+01
  0.354009E+01
  0.352195E+01
  0.350206E+01
  0.348091E+01
  0.345858E+01
  0.343528E+01
  0.341127E+01
  0.338713E+01
  0.336280E+01
  0.333872E+01
  0.331462E+01
  0.329064E+01
  0.326640E+01
  0.324142E+01
  0.321523E+01
  0.318784E+01
  0.315873E+01
  0.312794E+01
  0.309509E+01
  0.306037E+01
  0.302359E+01
  0.298467E+01
  0.294362E+01
  0.290097E+01
  0.285686E+01
  0.281189E+01
  0.276637E+01
  0.272120E+01
  0.267683E+01
  0.263387E+01
  0.259291E+01
  0.255487E+01
  0.252020E+01
  0.248966E+01
  0.246348E+01
  0.244211E+01
  0.242555E+01
  0.241367E+01
  0.240618E+01
  0.240301E+01
  0.240360E+01
  0.240767E+01
  0.241466E+01
  0.242463E+01
  0.243740E+01
  0.245297E+01
  0.247144E+01
  0.249316E+01
  0.251803E+01
  0.254628E+01
  0.257771E+01
  0.261258E+01
  0.265074E+01
  0.269202E+01
  0.273615E+01
  0.278312E+01
  0.283239E+01
  0.288372E+01
  0.293650E+01
  0.299067E+01
  0.304588E+01
  0.310193E+01
  0.315870E+01
  0.321641E+01
  0.327476E+01
  0.333393E+01
  0.339352E+01
  0.345362E+01
  0.351374E+01
  0.357340E+01
  0.363202E+01
  0.368960E+01
  0.374550E+01
  0.379954E+01
  0.385108E+01
  0.390016E+01
  0.394639E+01
  0.398955E+01
  0.402955E+01
  0.406701E+01
  0.410190E+01
  0.413479E+01
  0.416563E+01
  0.419498E+01
  0.422289E+01
  0.424933E+01
  0.427417E+01
  0.429771E+01
  0.431935E+01
  0.433897E+01
  0.435579E+01
  0.436976E+01
  0.438034E+01
  0.438719E+01
  0.438996E+01
  0.438911E+01
  0.438449E+01
  0.437677E+01
  0.436615E+01
  0.435371E+01
  0.433997E+01
  0.432554E+01
  0.431088E+01
  0.429685E+01
  0.428351E+01
  0.427139E+01
  0.426024E+01
  0.425045E+01
  0.424176E+01
  0.423392E+01
  0.422666E+01
  0.422038E+01
  0.421483E+01
  0.421040E+01
  0.420692E+01
  0.420496E+01
  0.420452E+01
  0.420567E+01
  0.420830E+01
  0.421282E+01
  0.421885E+01
  0.422644E+01
  0.423496E+01
  0.424444E+01
  0.425439E+01
  0.426434E+01
  0.427375E+01
  0.428272E+01
  0.429065E+01
  0.429769E+01
  0.430352E+01
  0.430865E+01
  0.431319E+01
  0.431748E+01
  0.432173E+01
  0.432669E+01
  0.433240E+01
  0.433919E+01
  0.434677E+01
  0.435550E+01
  0.436501E+01
  0.437498E+01
  0.438492E+01
  0.439483E+01
  0.440407E+01
  0.441259E+01
  0.441983E+01
  0.442607E+01
  0.443112E+01
  0.443483E+01
  0.443714E+01
  0.443858E+01
  0.443897E+01
  0.443873E+01
  0.443768E+01
  0.443646E+01
  0.443512E+01
  0.443397E+01
  0.443324E+01
  0.443383E+01
  0.443577E+01
  0.443961E+01
  0.444507E+01
  0.445239E+01
  0.446099E+01
  0.447029E+01
  0.447949E+01
  0.448843E+01
  0.449619E+01
  0.450244E+01
  0.450637E+01
  0.450802E+01
  0.450689E+01
  0.450293E+01
  0.449611E+01
  0.448721E+01
  0.447644E+01
  0.446473E+01
  0.445248E+01
  0.444086E+01
  0.443041E+01
  0.442159E+01
  0.441463E+01
  0.441018E+01
  0.440805E+01
  0.440852E+01
  0.441131E+01
  0.441677E+01
  0.442466E+01
  0.443488E+01
  0.444712E+01
  0.446160E+01
  0.447789E+01
  0.449613E+01
  0.451581E+01
  0.453720E+01
  0.455998E+01
  0.458398E+01
  0.460883E+01
  0.463477E+01
  0.466125E+01
  0.468826E+01
  0.471514E+01
  0.474195E+01
  0.476805E+01
  0.479293E+01
  0.481593E+01
  0.483714E+01
  0.485596E+01
  0.487251E+01
  0.488630E+01
  0.489775E+01
  0.490674E+01
  0.491318E+01
  0.491710E+01
  0.491917E+01
  0.491929E+01
  0.491813E+01
  0.491554E+01
  0.491218E+01
  0.490815E+01
  0.490361E+01
  0.489864E+01
  0.489402E+01
  0.488961E+01
  0.488596E+01
  0.488303E+01
  0.488162E+01
  0.488181E+01
  0.488375E+01
  0.488734E+01
  0.489309E+01
  0.490069E+01
  0.491038E+01
  0.492166E+01
  0.493491E+01
  0.494986E+01
  0.496629E+01
  0.498377E+01
  0.500246E+01
  0.502161E+01
  0.504122E+01
  0.506067E+01
  0.508021E+01
  0.509967E+01
  0.511906E+01
  0.513837E+01
  0.515847E+01
  0.517947E+01
  0.520213E+01
  0.522647E+01
  0.525310E+01
  0.528163E+01
  0.531161E+01
  0.534207E+01
  0.537245E+01
  0.540121E+01
  0.542759E+01
  0.545015E+01
  0.546851E+01
  0.548191E+01
  0.549001E+01
  0.549252E+01
  0.549006E+01
  0.548242E+01
  0.547012E+01
  0.545306E+01
  0.543205E+01
  0.540720E+01
  0.537876E+01
  0.534674E+01
  0.531190E+01
  0.527406E+01
  0.523374E+01
  0.519076E+01
  0.514575E+01
  0.509878E+01
  0.504996E+01
  0.499934E+01
  0.494767E+01
  0.489471E+01
  0.484090E+01
  0.478605E+01
  0.473069E+01
  0.467470E+01
  0.461812E+01
  0.456070E+01
  0.450289E+01
  0.444434E+01
  0.438545E+01
  0.432617E+01
  0.426720E+01
  0.420872E+01
  0.415122E+01
  0.409516E+01
  0.404153E+01
  0.399060E+01
  0.394320E+01
  0.389945E+01
  0.386000E+01
  0.382480E+01
  0.379381E+01
  0.376676E+01
  0.374377E+01
  0.372424E+01
  0.370801E+01
  0.369432E+01
  0.368310E+01
  0.367378E+01
  0.366589E+01
  0.365901E+01
  0.365318E+01
  0.364787E+01
  0.364322E+01
  0.363878E+01
  0.363462E+01
  0.363028E+01
  0.362522E+01
  0.361883E+01
  0.361088E+01
  0.360042E+01
  0.358720E+01
  0.357046E+01
  0.355017E+01
  0.352597E+01
  0.349763E+01
  0.346501E+01
  0.342848E+01
  0.338795E+01
  0.334396E+01
  0.329662E+01
  0.324679E+01
  0.319484E+01
  0.314124E+01
  0.308630E+01
  0.303070E+01
  0.297438E+01
  0.291756E+01
  0.285997E+01
  0.280157E+01
  0.274169E+01
  0.267968E+01
  0.261482E+01
  0.254687E+01
  0.247524E+01
  0.239971E+01
  0.231993E+01
  0.223603E+01
  0.214780E+01
  0.205536E+01
  0.195873E+01
  0.185835E+01
  0.175431E+01
  0.164706E+01
  0.153670E+01
  0.142352E+01
  0.130758E+01
  0.118897E+01
  0.106764E+01
  0.943840E+00
  0.817442E+00
  0.688664E+00
  0.557611E+00
  0.424631E+00
  0.289995E+00
  0.154108E+00
  0.174705E-01
 -0.119360E+00
 -0.255931E+00
 -0.391655E+00
 -0.526125E+00
 -0.658905E+00
 -0.789728E+00
 -0.918398E+00
 -0.104485E+01
 -0.116913E+01
 -0.129122E+01
 -0.141125E+01
 -0.152914E+01
 -0.164502E+01
 -0.175903E+01
 -0.187103E+01
 -0.198097E+01
 -0.208899E+01
 -0.219479E+01
 -0.229833E+01
 -0.239936E+01
 -0.249774E+01
 -0.259319E+01
 -0.268540E+01
 -0.277403E+01
 -0.285903E+01
 -0.294012E+01
 -0.301745E+01
 -0.309102E+01
 -0.316136E+01
 -0.322877E+01
 -0.329353E+01
 -0.335586E+01
 -0.341618E+01
 -0.347436E+01
 -0.353046E+01
 -0.358403E+01
 -0.363496E+01
 -0.368284E+01
 -0.372723E+01
 -0.376771E+01
 -0.380428E+01
 -0.383653E+01
 -0.386447E+01
 -0.388801E+01
 -0.390760E+01
 -0.392337E+01
 -0.393557E+01
 -0.394444E+01
 -0.395068E+01
 -0.395463E+01
 -0.395698E+01
 -0.395794E+01
 -0.395806E+01
 -0.395741E+01
 -0.395589E+01
 -0.395318E+01
 -0.394939E+01
 -0.394406E+01
 -0.393716E+01
 -0.392838E+01
 -0.391799E+01
 -0.390603E+01
 -0.389270E+01
 -0.387831E+01
 -0.386363E+01
 -0.384890E+01
 -0.383476E+01
 -0.382134E+01
 -0.380920E+01
 -0.379850E+01
 -0.378933E+01
 -0.378161E+01
 -0.377545E+01
 -0.377040E+01
 -0.376630E+01
 -0.376253E+01
 -0.375877E+01
 -0.375433E+01
 -0.374859E+01
 -0.374084E+01
 -0.373084E+01
 -0.371796E+01
 -0.370205E+01
 -0.368277E+01
 -0.366034E+01
 -0.363475E+01
 -0.360621E+01
 -0.357491E+01
 -0.354133E+01
 -0.350546E+01
 -0.346759E+01
 -0.342755E+01
 -0.338550E+01
 -0.334117E+01
 -0.329427E+01
 -0.324449E+01
 -0.319192E+01
 -0.313629E+01
 -0.307781E+01
 -0.301657E+01
 -0.295308E+01
 -0.288762E+01
 -0.282067E+01
 -0.275279E+01
 -0.268468E+01
 -0.261667E+01
 -0.254933E+01
 -0.248279E+01
 -0.241740E+01
 -0.235321E+01
 -0.229012E+01
 -0.222799E+01
 -0.216680E+01
 -0.210617E+01
 -0.204597E+01
 -0.198590E+01
 -0.192603E+01
 -0.186637E+01
 -0.180704E+01
 -0.174824E+01
 -0.169026E+01
 -0.163329E+01
 -0.157771E+01
 -0.152372E+01
 -0.147179E+01
 -0.142221E+01
 -0.137532E+01
 -0.133152E+01
 -0.129106E+01
 -0.125394E+01
 -0.122022E+01
 -0.118981E+01
 -0.116262E+01
 -0.113841E+01
 -0.111699E+01
 -0.109816E+01
 -0.108173E+01
 -0.106745E+01
 -0.105505E+01
 -0.104421E+01
 -0.103464E+01
 -0.102597E+01
 -0.101786E+01
 -0.101008E+01
 -0.100243E+01
 -0.994804E+00
 -0.987257E+00
 -0.979744E+00
 -0.972295E+00
 -0.965009E+00
 -0.958011E+00
 -0.951488E+00
 -0.945751E+00
 -0.941043E+00
 -0.937637E+00
 -0.935794E+00
 -0.935796E+00
 -0.937895E+00
 -0.942389E+00
 -0.949563E+00
 -0.959631E+00
 -0.972757E+00
 -0.989019E+00
 -0.100831E+01
 -0.103061E+01
 -0.105590E+01
 -0.108398E+01
 -0.111465E+01
 -0.114783E+01
 -0.118332E+01
 -0.122109E+01
 -0.126115E+01
 -0.130365E+01
 -0.134875E+01
 -0.139663E+01
 -0.144758E+01
 -0.150201E+01
 -0.156023E+01
 -0.162253E+01
 -0.168902E+01
 -0.175987E+01
 -0.183496E+01
 -0.191408E+01
 -0.199697E+01
 -0.208338E+01
 -0.217287E+01
 -0.226508E+01
 -0.235952E+01
 -0.245596E+01
 -0.255400E+01
 -0.265329E+01
 -0.275346E+01
 -0.285451E+01
 -0.295624E+01
 -0.305855E+01
 -0.316108E+01
 -0.326384E+01
 -0.336627E+01
 -0.346786E+01
 -0.356813E+01
 -0.366687E+01
 -0.376357E+01
 -0.385806E+01
 -0.394984E+01
 -0.403896E+01
 -0.412518E+01
 -0.420844E+01
 -0.428856E+01
 -0.436590E+01
 -0.444029E+01
 -0.451192E+01
 -0.458055E+01
 -0.464659E+01
 -0.470995E+01
 -0.477068E+01
 -0.482861E+01
 -0.488394E+01
 -0.493621E+01
 -0.498548E+01
 -0.503126E+01
 -0.507382E+01
 -0.511279E+01
 -0.514788E+01
 -0.517865E+01
 -0.520519E+01
 -0.522694E+01
 -0.524404E+01
 -0.525611E+01
 -0.526353E+01
 -0.526629E+01
 -0.526443E+01
 -0.525813E+01
 -0.524815E+01
 -0.523460E+01
 -0.521819E+01
 -0.519906E+01
 -0.517802E+01
 -0.515523E+01
 -0.513093E+01
 -0.510513E+01
 -0.507834E+01
 -0.505036E+01
 -0.502157E+01
 -0.499195E+01
 -0.496226E+01
 -0.493279E+01
 -0.490405E+01
 -0.487654E+01
 -0.485131E+01
 -0.482863E+01
 -0.480909E+01
 -0.479266E+01
 -0.477973E+01
 -0.476997E+01
 -0.476301E+01
 -0.475822E+01
 -0.475532E+01
 -0.475344E+01
 -0.475229E+01
 -0.475115E+01
 -0.475011E+01
 -0.474907E+01
 -0.474818E+01
 -0.474758E+01
 -0.474789E+01
 -0.474912E+01
 -0.475166E+01
 -0.475554E+01
 -0.476136E+01
 -0.476905E+01
 -0.477862E+01
 -0.478986E+01
 -0.480292E+01
 -0.481740E+01
 -0.483337E+01
 -0.485054E+01
 -0.486938E+01
 -0.488979E+01
 -0.491187E+01
 -0.493572E+01
 -0.496190E+01
 -0.499032E+01
 -0.502148E+01
 -0.505521E+01
 -0.509185E+01
 -0.513134E+01
 -0.517363E+01
 -0.521849E+01
 -0.526621E+01
 -0.531628E+01
 -0.536869E+01
 -0.542283E+01
 -0.547897E+01
 -0.553669E+01
 -0.559552E+01
 -0.565510E+01
 -0.571560E+01
 -0.577651E+01
 -0.583791E+01
 -0.589917E+01
 -0.596049E+01
 -0.602141E+01
 -0.608160E+01
 -0.614064E+01
 -0.619874E+01
 -0.625527E+01
 -0.631023E+01
 -0.636288E+01
 -0.641331E+01
 -0.646088E+01
 -0.650505E+01
 -0.654515E+01
 -0.658118E+01
 -0.661232E+01
 -0.663854E+01
 -0.665923E+01
 -0.667483E+01
 -0.668514E+01
 -0.669022E+01
 -0.669022E+01
 -0.668601E+01
 -0.667756E+01
 -0.666551E+01
 -0.664954E+01
 -0.663013E+01
 -0.660698E+01
 -0.657990E+01
 -0.654862E+01
 -0.651359E+01
 -0.647454E+01
 -0.643202E+01
 -0.638589E+01
 -0.633693E+01
 -0.628517E+01
 -0.623078E+01
 -0.617371E+01
 -0.611437E+01
 -0.605229E+01
 -0.598750E+01
 -0.591926E+01
 -0.584757E+01
 -0.577186E+01
 -0.569173E+01
 -0.560675E+01
 -0.551726E+01
 -0.542296E+01
 -0.532438E+01
 -0.522162E+01
 -0.511566E+01
 -0.500703E+01
 -0.489649E+01
 -0.478472E+01
 -0.467291E+01
 -0.456152E+01
 -0.445138E+01
 -0.434273E+01
 -0.423620E+01
 -0.413188E+01
 -0.402964E+01
 -0.392928E+01
 -0.383092E+01
 -0.373409E+01
 -0.363880E+01
 -0.354482E+01
 -0.345249E+01
 -0.336189E+01
 -0.327339E+01
 -0.318729E+01
 -0.310414E+01
 -0.302416E+01
 -0.294778E+01
 -0.287495E+01
 -0.280601E+01
 -0.274089E+01
 -0.267949E+01
 -0.262166E+01
 -0.256744E+01
 -0.251655E+01
 -0.246905E+01
 -0.242480E+01
 -0.238395E+01
 -0.234642E+01
 -0.231241E+01
 -0.228201E+01
 -0.225551E+01
 -0.223306E+01
 -0.221494E+01
 -0.220121E+01
 -0.219227E+01
 -0.218829E+01
 -0.218950E+01
 -0.219601E+01
 -0.220795E+01
 -0.222507E+01
 -0.224709E+01
 -0.227347E+01
 -0.230389E+01
 -0.233780E+01
 -0.237481E+01
 -0.241438E+01
 -0.245614E+01
 -0.249956E+01
 -0.254414E+01
 -0.258921E+01
 -0.263445E+01
 -0.267934E+01
 -0.272359E+01
 -0.276695E+01
 -0.280948E+01
 -0.285106E+01
 -0.289204E+01
 -0.293248E+01
 -0.297291E+01
 -0.301362E+01
 -0.305488E+01
 -0.309689E+01
 -0.314015E+01
 -0.318471E+01
 -0.323089E+01
 -0.327861E+01
 -0.332806E+01
 -0.337902E+01
 -0.343117E+01
 -0.348411E+01
 -0.353761E+01
 -0.359112E+01
 -0.364442E+01
 -0.369685E+01
 -0.374830E+01
 -0.379822E+01
 -0.384610E+01
 -0.389141E+01
 -0.393405E+01
 -0.397342E+01
 -0.400937E+01
 -0.404148E+01
 -0.406992E+01
 -0.409457E+01
 -0.411545E+01
 -0.413249E+01
 -0.414607E+01
 -0.415616E+01
 -0.416316E+01
 -0.416714E+01
 -0.416876E+01
 -0.416821E+01
 -0.416576E+01
 -0.416146E+01
 -0.415568E+01
 -0.414815E+01
 -0.413902E+01
 -0.412801E+01
 -0.411536E+01
 -0.410094E+01
 -0.408470E+01
 -0.406652E+01
 -0.404679E+01
 -0.402545E+01
 -0.400299E+01
 -0.397959E+01
 -0.395601E+01
 -0.393252E+01
 -0.390950E+01
 -0.388723E+01
 -0.386633E+01
 -0.384693E+01
 -0.382957E+01
 -0.381426E+01
 -0.380147E+01
 -0.379127E+01
 -0.378390E+01
 -0.377942E+01
 -0.377813E+01
 -0.377987E+01
 -0.378479E+01
 -0.379255E+01
 -0.380327E+01
 -0.381656E+01
 -0.383220E+01
 -0.384981E+01
 -0.386931E+01
 -0.389017E+01
 -0.391223E+01
 -0.393478E+01
 -0.395784E+01
 -0.398104E+01
 -0.400393E+01
 -0.402610E+01
 -0.404748E+01
 -0.406748E+01
 -0.408594E+01
 -0.410229E+01
 -0.411651E+01
 -0.412820E+01
 -0.413716E+01
 -0.414307E+01
 -0.414610E+01
 -0.414590E+01
 -0.414259E+01
 -0.413586E+01
 -0.412601E+01
 -0.411280E+01
 -0.409615E+01
 -0.407586E+01
 -0.405214E+01
 -0.402462E+01
 -0.399347E+01
 -0.395848E+01
 -0.391987E+01
 -0.387745E+01
 -0.383105E+01
 -0.378030E+01
 -0.372535E+01
 -0.366578E+01
 -0.360153E+01
 -0.353221E+01
 -0.345783E+01
 -0.337808E+01
 -0.329279E+01
 -0.320183E+01
 -0.310547E+01
 -0.300357E+01
 -0.289627E+01
 -0.278341E+01
 -0.266524E+01
 -0.254178E+01
 -0.241316E+01
 -0.227951E+01
 -0.214122E+01
 -0.199839E+01
 -0.185144E+01
 -0.170064E+01
 -0.154658E+01
 -0.138963E+01
 -0.123027E+01
 -0.106886E+01
 -0.905816E+00
 -0.741506E+00
 -0.576292E+00
 -0.410466E+00
 -0.244328E+00
 -0.781115E-01
  0.879074E-01
  0.253485E+00
  0.418464E+00
  0.582710E+00
  0.746155E+00
  0.908646E+00
  0.107028E+01
  0.123106E+01
  0.139083E+01
  0.154945E+01
  0.170702E+01
  0.186323E+01
  0.201802E+01
  0.217100E+01
  0.232202E+01
  0.247069E+01
  0.261648E+01
  0.275875E+01
  0.289744E+01
  0.303190E+01
  0.316193E+01
  0.328719E+01
  0.340790E+01
  0.352395E+01
  0.363546E+01
  0.374253E+01
  0.384584E+01
  0.394569E+01
  0.404286E+01
  0.413765E+01
  0.423107E+01
  0.432349E+01
  0.441519E+01
  0.450643E+01
  0.459794E+01
  0.468958E+01
  0.478175E+01
  0.487424E+01
  0.496746E+01
  0.506126E+01
  0.515547E+01
  0.524985E+01
  0.534478E+01
  0.543981E+01
  0.553507E+01
  0.562991E+01
  0.572446E+01
  0.581820E+01
  0.591062E+01
  0.600112E+01
  0.608993E+01
  0.617641E+01
  0.626079E+01
  0.634278E+01
  0.642319E+01
  0.650200E+01
  0.657942E+01
  0.665552E+01
  0.673112E+01
  0.680612E+01
  0.688108E+01
  0.695572E+01
  0.703086E+01
  0.710623E+01
  0.718161E+01
  0.725648E+01
  0.733112E+01
  0.740455E+01
  0.747659E+01
  0.754606E+01
  0.761298E+01
  0.767655E+01
  0.773595E+01
  0.779046E+01
  0.784044E+01
  0.788509E+01
  0.792469E+01
  0.795870E+01
  0.798782E+01
  0.801185E+01
  0.803084E+01
  0.804469E+01
  0.805432E+01
  0.805947E+01
  0.806090E+01
  0.805831E+01
  0.805275E+01
  0.804430E+01
  0.803303E+01
  0.801884E+01
  0.800256E+01
  0.798358E+01
  0.796229E+01
  0.793795E+01
  0.791108E+01
  0.788136E+01
  0.784865E+01
  0.781276E+01
  0.777460E+01
  0.773392E+01
  0.769153E+01
  0.764723E+01
  0.760194E+01
  0.755561E+01
  0.750811E+01
  0.745923E+01
  0.740959E+01
  0.735850E+01
  0.730629E+01
  0.725234E+01
  0.719720E+01
  0.714065E+01
  0.708272E+01
  0.702330E+01
  0.696321E+01
  0.690217E+01
  0.684078E+01
  0.677864E+01
  0.671653E+01
  0.665425E+01
  0.659166E+01
  0.652850E+01
  0.646527E+01
  0.640140E+01
  0.633726E+01
  0.627237E+01
  0.620730E+01
  0.614187E+01
  0.607614E+01
  0.601009E+01
  0.594448E+01
  0.587914E+01
  0.581466E+01
  0.575083E+01
  0.568834E+01
  0.562697E+01
  0.556636E+01
  0.550613E+01
  0.544641E+01
  0.538638E+01
  0.532593E+01
  0.526429E+01
  0.520170E+01
  0.513778E+01
  0.507239E+01
  0.500551E+01
  0.493796E+01
  0.486973E+01
  0.480155E+01
  0.473357E+01
  0.466681E+01
  0.460153E+01
  0.453811E+01
  0.447677E+01
  0.441825E+01
  0.436245E+01
  0.430979E+01
  0.425997E+01
  0.421339E+01
  0.416979E+01
  0.412903E+01
  0.409082E+01
  0.405533E+01
  0.402215E+01
  0.399144E+01
  0.396282E+01
  0.393660E+01
  0.391262E+01
  0.389083E+01
  0.387110E+01
  0.385381E+01
  0.383867E+01
  0.382586E+01
  0.381499E+01
  0.380634E+01
  0.379958E+01
  0.379446E+01
  0.379063E+01
  0.378812E+01
  0.378644E+01
  0.378561E+01
  0.378509E+01
  0.378500E+01
  0.378498E+01
  0.378480E+01
  0.378415E+01
  0.378318E+01
  0.378149E+01
  0.377922E+01
  0.377592E+01
  0.377180E+01
  0.376662E+01
  0.376025E+01
  0.375240E+01
  0.374337E+01
  0.373271E+01
  0.372044E+01
  0.370607E+01
  0.368978E+01
  0.367127E+01
  0.365017E+01
  0.362614E+01
  0.359935E+01
  0.356944E+01
  0.353664E+01
  0.350079E+01
  0.346246E+01
  0.342180E+01
  0.337919E+01
  0.333483E+01
  0.328939E+01
  0.324295E+01
  0.319596E+01
  0.314847E+01
  0.310094E+01
  0.305314E+01
  0.300486E+01
  0.295577E+01
  0.290575E+01
  0.285414E+01
  0.280071E+01
  0.274485E+01
  0.268658E+01
  0.262581E+01
  0.256260E+01
  0.249709E+01
  0.243003E+01
  0.236173E+01
  0.229301E+01
  0.222434E+01
  0.215657E+01
  0.209010E+01
  0.202537E+01
  0.196266E+01
  0.190233E+01
  0.184420E+01
  0.178843E+01
  0.173482E+01
  0.168349E+01
  0.163433E+01
  0.158730E+01
  0.154232E+01
  0.149958E+01
  0.145904E+01
  0.142094E+01
  0.138532E+01
  0.135245E+01
  0.132231E+01
  0.129495E+01
  0.127024E+01
  0.124813E+01
  0.122826E+01
  0.121043E+01
  0.119421E+01
  0.117946E+01
  0.116590E+01
  0.115334E+01
  0.114161E+01
  0.113094E+01
  0.112125E+01
  0.111273E+01
  0.110540E+01
  0.109949E+01
  0.109499E+01
  0.109191E+01
  0.109007E+01
  0.108949E+01
  0.108990E+01
  0.109108E+01
  0.109267E+01
  0.109458E+01
  0.109648E+01
  0.109824E+01
  0.109985E+01
  0.110146E+01
  0.110310E+01
  0.110497E+01
  0.110707E+01
  0.110956E+01
  0.111238E+01
  0.111552E+01
  0.111881E+01
  0.112229E+01
  0.112583E+01
  0.112934E+01
  0.113264E+01
  0.113578E+01
  0.113851E+01
  0.114078E+01
  0.114253E+01
  0.114389E+01
  0.114487E+01
  0.114570E+01
  0.114646E+01
  0.114771E+01
  0.114969E+01
  0.115270E+01
  0.115699E+01
  0.116286E+01
  0.117026E+01
  0.117925E+01
  0.118952E+01
  0.120091E+01
  0.121301E+01
  0.122542E+01
  0.123765E+01
  0.124947E+01
  0.126038E+01
  0.127008E+01
  0.127808E+01
  0.128422E+01
  0.128811E+01
  0.128941E+01
  0.128784E+01
  0.128339E+01
  0.127584E+01
  0.126528E+01
  0.125168E+01
  0.123536E+01
  0.121649E+01
  0.119544E+01
  0.117254E+01
  0.114839E+01
  0.112332E+01
  0.109783E+01
  0.107219E+01
  0.104694E+01
  0.102233E+01
  0.998550E+00
  0.975714E+00
  0.954050E+00
  0.933477E+00
  0.914068E+00
  0.895636E+00
  0.878221E+00
  0.861735E+00
  0.846146E+00
  0.831435E+00
  0.817822E+00
  0.805275E+00
  0.793913E+00
  0.783667E+00
  0.774655E+00
  0.766869E+00
  0.760340E+00
  0.755065E+00
  0.751142E+00
  0.748518E+00
  0.747287E+00
  0.747352E+00
  0.748901E+00
  0.751944E+00
  0.756391E+00
  0.762132E+00
  0.769176E+00
  0.777285E+00
  0.786340E+00
  0.796086E+00
  0.806415E+00
  0.817097E+00
  0.827991E+00
  0.838967E+00
  0.850135E+00
  0.861512E+00
  0.873302E+00
  0.885587E+00
  0.898713E+00
  0.912772E+00
  0.927884E+00
  0.944129E+00
  0.961670E+00
  0.980338E+00
  0.100012E+01
  0.102081E+01
  0.104233E+01
  0.106435E+01
  0.108663E+01
  0.110885E+01
  0.113097E+01
  0.115286E+01
  0.117458E+01
  0.119610E+01
  0.121773E+01
  0.123974E+01
  0.126238E+01
  0.128587E+01
  0.131054E+01
  0.133629E+01
  0.136326E+01
  0.139127E+01
  0.142039E+01
  0.145055E+01
  0.148147E+01
  0.151298E+01
  0.154516E+01
  0.157774E+01
  0.161077E+01
  0.164413E+01
  0.167794E+01
  0.171217E+01
  0.174677E+01
  0.178153E+01
  0.181653E+01
  0.185161E+01
  0.188682E+01
  0.192189E+01
  0.195691E+01
  0.199159E+01
  0.202572E+01
  0.205898E+01
  0.209139E+01
  0.212264E+01
  0.215278E+01
  0.218162E+01
  0.220943E+01
  0.223611E+01
  0.226170E+01
  0.228622E+01
  0.231004E+01
  0.233313E+01
  0.235583E+01
  0.237822E+01
  0.240079E+01
  0.242367E+01
  0.244703E+01
  0.247097E+01
  0.249575E+01
  0.252104E+01
  0.254681E+01
  0.257255E+01
  0.259809E+01
  0.262305E+01
  0.264708E+01
  0.266986E+01
  0.269149E+01
  0.271158E+01
  0.273033E+01
  0.274762E+01
  0.276385E+01
  0.277908E+01
  0.279339E+01
  0.280686E+01
  0.281994E+01
  0.283259E+01
  0.284516E+01
  0.285751E+01
  0.286998E+01
  0.288247E+01
  0.289490E+01
  0.290713E+01
  0.291941E+01
  0.293153E+01
  0.294375E+01
  0.295602E+01
  0.296882E+01
  0.298226E+01
  0.299650E+01
  0.301156E+01
  0.302783E+01
  0.304507E+01
  0.306339E+01
  0.308236E+01
  0.310210E+01
  0.312225E+01
  0.314248E+01
  0.316252E+01
  0.318253E+01
  0.320227E+01
  0.322217E+01
  0.324220E+01
  0.326289E+01
  0.328440E+01
  0.330706E+01
  0.333111E+01
  0.335723E+01
  0.338541E+01
  0.341592E+01
  0.344847E+01
  0.348321E+01
  0.351966E+01
  0.355737E+01
  0.359576E+01
  0.363470E+01
  0.367335E+01
  0.371154E+01
  0.374863E+01
  0.378464E+01
  0.381924E+01
  0.385224E+01
  0.388335E+01
  0.391287E+01
  0.394049E+01
  0.396646E+01
  0.399049E+01
  0.401299E+01
  0.403374E+01
  0.405263E+01
  0.406944E+01
  0.408427E+01
  0.409665E+01
  0.410672E+01
  0.411399E+01
  0.411876E+01
  0.412088E+01
  0.412023E+01
  0.411674E+01
  0.411084E+01
  0.410231E+01
  0.409155E+01
  0.407852E+01
  0.406392E+01
  0.404794E+01
  0.403096E+01
  0.401317E+01
  0.399528E+01
  0.397733E+01
  0.395976E+01
  0.394246E+01
  0.392593E+01
  0.391010E+01
  0.389477E+01
  0.387971E+01
  0.386515E+01
  0.385062E+01
  0.383628E+01
  0.382176E+01
  0.380746E+01
  0.379337E+01
  0.377962E+01
  0.376621E+01
  0.375372E+01
  0.374195E+01
  0.373119E+01
  0.372119E+01
  0.371231E+01
  0.370439E+01
  0.369736E+01
  0.369098E+01
  0.368556E+01
  0.368071E+01
  0.367662E+01
  0.367293E+01
  0.366986E+01
  0.366721E+01
  0.366498E+01
  0.366298E+01
  0.366151E+01
  0.366027E+01
  0.365935E+01
  0.365833E+01
  0.365752E+01
  0.365664E+01
  0.365556E+01
  0.365401E+01
  0.365225E+01
  0.364997E+01
  0.364732E+01
  0.364386E+01
  0.363979E+01
  0.363481E+01
  0.362865E+01
  0.362100E+01
  0.361210E+01
  0.360149E+01
  0.358929E+01
  0.357516E+01
  0.355932E+01
  0.354160E+01
  0.352199E+01
  0.350034E+01
  0.347705E+01
  0.345191E+01
  0.342516E+01
  0.339651E+01
  0.336642E+01
  0.333483E+01
  0.330185E+01
  0.326753E+01
  0.323229E+01
  0.319597E+01
  0.315883E+01
  0.312070E+01
  0.308197E+01
  0.304256E+01
  0.300243E+01
  0.296146E+01
  0.291987E+01
  0.287733E+01
  0.283388E+01
  0.278913E+01
  0.274330E+01
  0.269612E+01
  0.264754E+01
  0.259743E+01
  0.254603E+01
  0.249311E+01
  0.243889E+01
  0.238324E+01
  0.232646E+01
  0.226840E+01
  0.220901E+01
  0.214812E+01
  0.208593E+01
  0.202216E+01
  0.195687E+01
  0.188975E+01
  0.182095E+01
  0.175036E+01
  0.167807E+01
  0.160427E+01
  0.152937E+01
  0.145348E+01
  0.137711E+01
  0.130034E+01
  0.122364E+01
  0.114725E+01
  0.107135E+01
  0.996165E+00
  0.922018E+00
  0.848844E+00
  0.776758E+00
  0.705654E+00
  0.635553E+00
  0.566288E+00
  0.497752E+00
  0.429713E+00
  0.362027E+00
  0.294425E+00
  0.226721E+00
  0.158683E+00
  0.902656E-01
  0.212887E-01
 -0.482733E-01
 -0.118381E+00
 -0.189048E+00
 -0.260306E+00
 -0.331959E+00
 -0.403891E+00
 -0.475911E+00
 -0.547869E+00
 -0.619612E+00
 -0.691048E+00
 -0.762039E+00
 -0.832385E+00
 -0.901947E+00
 -0.970575E+00
 -0.103818E+01
 -0.110470E+01
 -0.117011E+01
 -0.123451E+01
 -0.129805E+01
 -0.136073E+01
 -0.142272E+01
 -0.148423E+01
 -0.154554E+01
 -0.160689E+01
 -0.166859E+01
 -0.173086E+01
 -0.179391E+01
 -0.185780E+01
 -0.192263E+01
 -0.198829E+01
 -0.205475E+01
 -0.212163E+01
 -0.218853E+01
 -0.225503E+01
 -0.232100E+01
 -0.238608E+01
 -0.245024E+01
 -0.251326E+01
 -0.257523E+01
 -0.263617E+01
 -0.269614E+01
 -0.275521E+01
 -0.281367E+01
 -0.287156E+01
 -0.292911E+01
 -0.298627E+01
 -0.304332E+01
 -0.310033E+01
 -0.315731E+01
 -0.321414E+01
 -0.327089E+01
 -0.332721E+01
 -0.338295E+01
 -0.343763E+01
 -0.349117E+01
 -0.354325E+01
 -0.359362E+01
 -0.364197E+01
 -0.368848E+01
 -0.373284E+01
 -0.377511E+01
 -0.381502E+01
 -0.385265E+01
 -0.388784E+01
 -0.392043E+01
 -0.395020E+01
 -0.397725E+01
 -0.400117E+01
 -0.402205E+01
 -0.403956E+01
 -0.405406E+01
 -0.406558E+01
 -0.407411E+01
 -0.407963E+01
 -0.408256E+01
 -0.408281E+01
 -0.408062E+01
 -0.407577E+01
 -0.406848E+01
 -0.405866E+01
 -0.404623E+01
 -0.403114E+01
 -0.401367E+01
 -0.399369E+01
 -0.397154E+01
 -0.394714E+01
 -0.392096E+01
 -0.389308E+01
 -0.386356E+01
 -0.383235E+01
 -0.379983E+01
 -0.376577E+01
 -0.373047E+01
 -0.369385E+01
 -0.365630E+01
 -0.361792E+01
 -0.357895E+01
 -0.353953E+01
 -0.350018E+01
 -0.346099E+01
 -0.342227E+01
 -0.338396E+01
 -0.334638E+01
 -0.330936E+01
 -0.327279E+01
 -0.323649E+01
 -0.320047E+01
 -0.316433E+01
 -0.312794E+01
 -0.309087E+01
 -0.305303E+01
 -0.301409E+01
 -0.297376E+01
 -0.293176E+01
 -0.288809E+01
 -0.284250E+01
 -0.279500E+01
 -0.274542E+01
 -0.269399E+01
 -0.264070E+01
 -0.258567E+01
 -0.252897E+01
 -0.247095E+01
 -0.241166E+01
 -0.235139E+01
 -0.229026E+01
 -0.222868E+01
 -0.216682E+01
 -0.210483E+01
 -0.204292E+01
 -0.198142E+01
 -0.192031E+01
 -0.185973E+01
 -0.179967E+01
 -0.174020E+01
 -0.168127E+01
 -0.162286E+01
 -0.156494E+01
 -0.150767E+01
 -0.145103E+01
 -0.139512E+01
 -0.133995E+01
 -0.128560E+01
 -0.123206E+01
 -0.117926E+01
 -0.112716E+01
 -0.107574E+01
 -0.102490E+01
 -0.974661E+00
 -0.925059E+00
 -0.876220E+00
 -0.828276E+00
 -0.781469E+00
 -0.736037E+00
 -0.692241E+00
 -0.650351E+00
 -0.610651E+00
 -0.573360E+00
 -0.538660E+00
 -0.506748E+00
 -0.477672E+00
 -0.451482E+00
 -0.428193E+00
 -0.407846E+00
 -0.390460E+00
 -0.376011E+00
 -0.364472E+00
 -0.355962E+00
 -0.350482E+00
 -0.348069E+00
 -0.348862E+00
 -0.353082E+00
 -0.360884E+00
 -0.372472E+00
 -0.388042E+00
 -0.407713E+00
 -0.431539E+00
 -0.459616E+00
 -0.491971E+00
 -0.528658E+00
 -0.569693E+00
 -0.615055E+00
 -0.664801E+00
 -0.718997E+00
 -0.777558E+00
 -0.840464E+00
 -0.907721E+00
 -0.979195E+00
 -0.105475E+01
 -0.113418E+01
 -0.121735E+01
 -0.130409E+01
 -0.139424E+01
 -0.148759E+01
 -0.158396E+01
 -0.168314E+01
 -0.178497E+01
 -0.188921E+01
 -0.199585E+01
 -0.210470E+01
 -0.221560E+01
 -0.232836E+01
 -0.244296E+01
 -0.255914E+01
 -0.267686E+01
 -0.279588E+01
 -0.291618E+01
 -0.303763E+01
 -0.315997E+01
 -0.328285E+01
 -0.340638E+01
 -0.353025E+01
 -0.365451E+01
 -0.377888E+01
 -0.390349E+01
 -0.402814E+01
 -0.415258E+01
 -0.427654E+01
 -0.440016E+01
 -0.452304E+01
 -0.464526E+01
 -0.476640E+01
 -0.488668E+01
 -0.500595E+01
 -0.512409E+01
 -0.524100E+01
 -0.535705E+01
 -0.547193E+01
 -0.558588E+01
 -0.569849E+01
 -0.580999E+01
 -0.592011E+01
 -0.602877E+01
 -0.613572E+01
 -0.624128E+01
 -0.634503E+01
 -0.644717E+01
 -0.654725E+01
 -0.664566E+01
 -0.674219E+01
 -0.683666E+01
 -0.692880E+01
 -0.701904E+01
 -0.710683E+01
 -0.719236E+01
 -0.727505E+01
 -0.735526E+01
 -0.743255E+01
 -0.750673E+01
 -0.757739E+01
 -0.764502E+01
 -0.770918E+01
 -0.777034E+01
 -0.782827E+01
 -0.788388E+01
 -0.793721E+01
 -0.798851E+01
 -0.803783E+01
 -0.808608E+01
 -0.813300E+01
 -0.817913E+01
 -0.822408E+01
 -0.826856E+01
 -0.831238E+01
 -0.835549E+01
 -0.839758E+01
 -0.843918E+01
 -0.847970E+01
 -0.851927E+01
 -0.855709E+01
 -0.859354E+01
 -0.862794E+01
 -0.865969E+01
 -0.868828E+01
 -0.871407E+01
 -0.873632E+01
 -0.875535E+01
 -0.877042E+01
 -0.878211E+01
 -0.879011E+01
 -0.879423E+01
 -0.879420E+01
 -0.879071E+01
 -0.878319E+01
 -0.877198E+01
 -0.875651E+01
 -0.873731E+01
 -0.871382E+01
 -0.868580E+01
 -0.865267E+01
 -0.861483E+01
 -0.857156E+01
 -0.852304E+01
 -0.846859E+01
 -0.840890E+01
 -0.834370E+01
 -0.827305E+01
 -0.819690E+01
 -0.811616E+01
 -0.803056E+01
 -0.794084E+01
 -0.784675E+01
 -0.774915E+01
 -0.764810E+01
 -0.754376E+01
 -0.743623E+01
 -0.732643E+01
 -0.721429E+01
 -0.710052E+01
 -0.698499E+01
 -0.686870E+01
 -0.675179E+01
 -0.663455E+01
 -0.651713E+01
 -0.640033E+01
 -0.628400E+01
 -0.616867E+01
 -0.605407E+01
 -0.594073E+01
 -0.582846E+01
 -0.571718E+01
 -0.560665E+01
 -0.549720E+01
 -0.538835E+01
 -0.528023E+01
 -0.517233E+01
 -0.506484E+01
 -0.495747E+01
 -0.485025E+01
 -0.474315E+01
 -0.463667E+01
 -0.453075E+01
 -0.442586E+01
 -0.432198E+01
 -0.421970E+01
 -0.411909E+01
 -0.402018E+01
 -0.392280E+01
 -0.382706E+01
 -0.373248E+01
 -0.363892E+01
 -0.354584E+01
 -0.345322E+01
 -0.336065E+01
 -0.326797E+01
 -0.317505E+01
 -0.308218E+01
 -0.298943E+01
 -0.289723E+01
 -0.280569E+01
 -0.271543E+01
 -0.262657E+01
 -0.253934E+01
 -0.245388E+01
 -0.237039E+01
 -0.228878E+01
 -0.220920E+01
 -0.213147E+01
 -0.205572E+01
 -0.198180E+01
 -0.190959E+01
 -0.183885E+01
 -0.176950E+01
 -0.170122E+01
 -0.163385E+01
 -0.156706E+01
 -0.150076E+01
 -0.143471E+01
 -0.136878E+01
 -0.130295E+01
 -0.123731E+01
 -0.117182E+01
 -0.110662E+01
 -0.104169E+01
 -0.977046E+00
 -0.912683E+00
 -0.848605E+00
 -0.784698E+00
 -0.720945E+00
 -0.657165E+00
 -0.593104E+00
 -0.528536E+00
 -0.463239E+00
 -0.396930E+00
 -0.329359E+00
 -0.260202E+00
 -0.189147E+00
 -0.115967E+00
 -0.404286E-01
  0.376617E-01
  0.118549E+00
  0.202296E+00
  0.289040E+00
  0.378922E+00
  0.472093E+00
  0.568597E+00
  0.668507E+00
  0.771626E+00
  0.877857E+00
  0.986936E+00
  0.109844E+01
  0.121192E+01
  0.132699E+01
  0.144295E+01
  0.155927E+01
  0.167527E+01
  0.179057E+01
  0.190471E+01
  0.201734E+01
  0.212802E+01
  0.223681E+01
  0.234344E+01
  0.244800E+01
  0.255024E+01
  0.265042E+01
  0.274839E+01
  0.284397E+01
  0.293693E+01
  0.302746E+01
  0.311521E+01
  0.320023E+01
  0.328209E+01
  0.336093E+01
  0.343647E+01
  0.350843E+01
  0.357648E+01
  0.364080E+01
  0.370091E+01
  0.375683E+01
  0.380809E+01
  0.385483E+01
  0.389678E+01
  0.393369E+01
  0.396529E+01
  0.399183E+01
  0.401305E+01
  0.402926E+01
  0.404012E+01
  0.404609E+01
  0.404707E+01
  0.404298E+01
  0.403374E+01
  0.401974E+01
  0.400068E+01
  0.397686E+01
  0.394811E+01
  0.391498E+01
  0.387753E+01
  0.383590E+01
  0.379027E+01
  0.374129E+01
  0.368901E+01
  0.363407E+01
  0.357667E+01
  0.351771E+01
  0.345755E+01
  0.339665E+01
  0.333532E+01
  0.327430E+01
  0.321380E+01
  0.315440E+01
  0.309619E+01
  0.303977E+01
  0.298530E+01
  0.293276E+01
  0.288215E+01
  0.283380E+01
  0.278748E+01
  0.274336E+01
  0.270116E+01
  0.266111E+01
  0.262302E+01
  0.258673E+01
  0.255210E+01
  0.251926E+01
  0.248792E+01
  0.245813E+01
  0.242957E+01
  0.240237E+01
  0.237631E+01
  0.235123E+01
  0.232693E+01
  0.230365E+01
  0.228124E+01
  0.225991E+01
  0.223956E+01
  0.222054E+01
  0.220287E+01
  0.218664E+01
  0.217190E+01
  0.215898E+01
  0.214773E+01
  0.213834E+01
  0.213060E+01
  0.212467E+01
  0.212038E+01
  0.211752E+01
  0.211579E+01
  0.211514E+01
  0.211510E+01
  0.211551E+01
  0.211600E+01
  0.211658E+01
  0.211691E+01
  0.211686E+01
  0.211634E+01
  0.211562E+01
  0.211462E+01
  0.211371E+01
  0.211295E+01
  0.211288E+01
  0.211365E+01
  0.211543E+01
  0.211836E+01
  0.212281E+01
  0.212862E+01
  0.213597E+01
  0.214462E+01
  0.215454E+01
  0.216543E+01
  0.217701E+01
  0.218894E+01
  0.220128E+01
  0.221368E+01
  0.222612E+01
  0.223824E+01
  0.225008E+01
  0.226140E+01
  0.227200E+01
  0.228177E+01
  0.229088E+01
  0.229923E+01
  0.230705E+01
  0.231424E+01
  0.232118E+01
  0.232802E+01
  0.233485E+01
  0.234173E+01
  0.234906E+01
  0.235679E+01
  0.236519E+01
  0.237416E+01
  0.238395E+01
  0.239446E+01
  0.240575E+01
  0.241775E+01
  0.243072E+01
  0.244444E+01
  0.245905E+01
  0.247427E+01
  0.249034E+01
  0.250705E+01
  0.252413E+01
  0.254131E+01
  0.255866E+01
  0.257574E+01
  0.259249E+01
  0.260848E+01
  0.262375E+01
  0.263801E+01
  0.265104E+01
  0.266268E+01
  0.267322E+01
  0.268256E+01
  0.269093E+01
  0.269824E+01
  0.270494E+01
  0.271109E+01
  0.271684E+01
  0.272232E+01
  0.272808E+01
  0.273414E+01
  0.274084E+01
  0.274815E+01
  0.275643E+01
  0.276564E+01
  0.277580E+01
  0.278680E+01
  0.279889E+01
  0.281187E+01
  0.282585E+01
  0.284060E+01
  0.285642E+01
  0.287323E+01
  0.289118E+01
  0.291035E+01
  0.293117E+01
  0.295366E+01
  0.297809E+01
  0.300426E+01
  0.303252E+01
  0.306278E+01
  0.309481E+01
  0.312842E+01
  0.316369E+01
  0.320020E+01
  0.323798E+01
  0.327666E+01
  0.331652E+01
  0.335739E+01
  0.339920E+01
  0.344181E+01
  0.348553E+01
  0.352996E+01
  0.357522E+01
  0.362087E+01
  0.366699E+01
  0.371329E+01
  0.375946E+01
  0.380520E+01
  0.385072E+01
  0.389572E+01
  0.394051E+01
  0.398484E+01
  0.402915E+01
  0.407337E+01
  0.411752E+01
  0.416141E+01
  0.420537E+01
  0.424905E+01
  0.429257E+01
  0.433559E+01
  0.437843E+01
  0.442076E+01
  0.446241E+01
  0.450319E+01
  0.454340E+01
  0.458265E+01
  0.462115E+01
  0.465849E+01
  0.469505E+01
  0.473072E+01
  0.476553E+01
  0.479926E+01
  0.483239E+01
  0.486451E+01
  0.489589E+01
  0.492621E+01
  0.495590E+01
  0.498476E+01
  0.501268E+01
  0.503939E+01
  0.506525E+01
  0.508975E+01
  0.511305E+01
  0.513467E+01
  0.515501E+01
  0.517386E+01
  0.519115E+01
  0.520676E+01
  0.522123E+01
  0.523424E+01
  0.524616E+01
  0.525672E+01
  0.526650E+01
  0.527540E+01
  0.528328E+01
  0.528996E+01
  0.529596E+01
  0.530088E+01
  0.530498E+01
  0.530779E+01
  0.530968E+01
  0.531027E+01
  0.530928E+01
  0.530640E+01
  0.530198E+01
  0.529541E+01
  0.528684E+01
  0.527573E+01
  0.526244E+01
  0.524664E+01
  0.522814E+01
  0.520676E+01
  0.518291E+01
  0.515618E+01
  0.512686E+01
  0.509458E+01
  0.505988E+01
  0.502270E+01
  0.498311E+01
  0.494107E+01
  0.489709E+01
  0.485083E+01
  0.480262E+01
  0.475207E+01
  0.469964E+01
  0.464519E+01
  0.458864E+01
  0.452984E+01
  0.446935E+01
  0.440680E+01
  0.434253E+01
  0.427638E+01
  0.420888E+01
  0.414001E+01
  0.406993E+01
  0.399859E+01
  0.392658E+01
  0.385376E+01
  0.378053E+01
  0.370675E+01
  0.363288E+01
  0.355878E+01
  0.348447E+01
  0.340980E+01
  0.333513E+01
  0.326025E+01
  0.318539E+01
  0.311022E+01
  0.303508E+01
  0.295983E+01
  0.288439E+01
  0.280872E+01
  0.273321E+01
  0.265765E+01
  0.258226E+01
  0.250694E+01
  0.243202E+01
  0.235748E+01
  0.228329E+01
  0.220945E+01
  0.213624E+01
  0.206349E+01
  0.199142E+01
  0.191992E+01
  0.184926E+01
  0.177937E+01
  0.171027E+01
  0.164189E+01
  0.157444E+01
  0.150772E+01
  0.144175E+01
  0.137629E+01
  0.131136E+01
  0.124664E+01
  0.118193E+01
  0.111691E+01
  0.105154E+01
  0.985544E+00
  0.918915E+00
  0.851600E+00
  0.783822E+00
  0.715666E+00
  0.647363E+00
  0.579121E+00
  0.511391E+00
  0.444404E+00
  0.378465E+00
  0.313841E+00
  0.250818E+00
  0.189477E+00
  0.130048E+00
  0.726101E-01
  0.172808E-01
 -0.358950E-01
 -0.869428E-01
 -0.135951E+00
 -0.182895E+00
 -0.227927E+00
 -0.271186E+00
 -0.312789E+00
 -0.352831E+00
 -0.391426E+00
 -0.428585E+00
 -0.464328E+00
 -0.498643E+00
 -0.531485E+00
 -0.562788E+00
 -0.592552E+00
 -0.620855E+00
 -0.647823E+00
 -0.673550E+00
 -0.698162E+00
 -0.721849E+00
 -0.744780E+00
 -0.767177E+00
 -0.789222E+00
 -0.811087E+00
 -0.832927E+00
 -0.854833E+00
 -0.876889E+00
 -0.899186E+00
 -0.921759E+00
 -0.944634E+00
 -0.967707E+00
 -0.990890E+00
 -0.101403E+01
 -0.103691E+01
 -0.105929E+01
 -0.108106E+01
 -0.110212E+01
 -0.112244E+01
 -0.114193E+01
 -0.116068E+01
 -0.117869E+01
 -0.119597E+01
 -0.121251E+01
 -0.122839E+01
 -0.124361E+01
 -0.125824E+01
 -0.127228E+01
 -0.128575E+01
 -0.129858E+01
 -0.131082E+01
 -0.132236E+01
 -0.133330E+01
 -0.134359E+01
 -0.135311E+01
 -0.136182E+01
 -0.136973E+01
 -0.137677E+01
 -0.138300E+01
 -0.138830E+01
 -0.139257E+01
 -0.139567E+01
 -0.139743E+01
 -0.139767E+01
 -0.139636E+01
 -0.139334E+01
 -0.138864E+01
 -0.138215E+01
 -0.137386E+01
 -0.136368E+01
 -0.135156E+01
 -0.133733E+01
 -0.132099E+01
 -0.130242E+01
 -0.128154E+01
 -0.125827E+01
 -0.123266E+01
 -0.120474E+01
 -0.117448E+01
 -0.114186E+01
 -0.110693E+01
 -0.106963E+01
 -0.102993E+01
 -0.987769E+00
 -0.943182E+00
 -0.896192E+00
 -0.846888E+00
 -0.795408E+00
 -0.741935E+00
 -0.686654E+00
 -0.629827E+00
 -0.571647E+00
 -0.512324E+00
 -0.452058E+00
 -0.390962E+00
 -0.329127E+00
 -0.266649E+00
 -0.203560E+00
 -0.139828E+00
 -0.755469E-01
 -0.106961E-01
  0.546488E-01
  0.120308E+00
  0.186173E+00
  0.252106E+00
  0.317849E+00
  0.383305E+00
  0.448200E+00
  0.512403E+00
  0.575727E+00
  0.638029E+00
  0.699213E+00
  0.759349E+00
  0.818372E+00
  0.876290E+00
  0.932965E+00
  0.988553E+00
  0.104305E+01
  0.109651E+01
  0.114893E+01
  0.120059E+01
  0.125146E+01
  0.130165E+01
  0.135096E+01
  0.139943E+01
  0.144690E+01
  0.149314E+01
  0.153782E+01
  0.158094E+01
  0.162224E+01
  0.166170E+01
  0.169910E+01
  0.173457E+01
  0.176798E+01
  0.179927E+01
  0.182832E+01
  0.185525E+01
  0.187978E+01
  0.190188E+01
  0.192118E+01
  0.193762E+01
  0.195090E+01
  0.196087E+01
  0.196740E+01
  0.197070E+01
  0.197070E+01
  0.196769E+01
  0.196167E+01
  0.195306E+01
  0.194205E+01
  0.192885E+01
  0.191367E+01
  0.189697E+01
  0.187884E+01
  0.185967E+01
  0.183952E+01
  0.181883E+01
  0.179776E+01
  0.177643E+01
  0.175496E+01
  0.173362E+01
  0.171234E+01
  0.169138E+01
  0.167062E+01
  0.165031E+01
  0.163050E+01
  0.161115E+01
  0.159221E+01
  0.157392E+01
  0.155620E+01
  0.153933E+01
  0.152333E+01
  0.150861E+01
  0.149534E+01
  0.148372E+01
  0.147387E+01
  0.146608E+01
  0.146039E+01
  0.145698E+01
  0.145576E+01
  0.145691E+01
  0.146030E+01
  0.146581E+01
  0.147327E+01
  0.148263E+01
  0.149361E+01
  0.150610E+01
  0.151970E+01
  0.153440E+01
  0.154992E+01
  0.156609E+01
  0.158270E+01
  0.159976E+01
  0.161703E+01
  0.163448E+01
  0.165179E+01
  0.166902E+01
  0.168590E+01
  0.170216E+01
  0.171749E+01
  0.173184E+01
  0.174483E+01
  0.175636E+01
  0.176611E+01
  0.177416E+01
  0.178039E+01
  0.178477E+01
  0.178726E+01
  0.178812E+01
  0.178727E+01
  0.178493E+01
  0.178100E+01
  0.177580E+01
  0.176931E+01
  0.176148E+01
  0.175219E+01
  0.174160E+01
  0.172946E+01
  0.171585E+01
  0.170056E+01
  0.168378E+01
  0.166542E+01
  0.164549E+01
  0.162411E+01
  0.160169E+01
  0.157843E+01
  0.155482E+01
  0.153102E+01
  0.150750E+01
  0.148444E+01
  0.146202E+01
  0.144038E+01
  0.141980E+01
  0.140013E+01
  0.138146E+01
  0.136352E+01
  0.134629E+01
  0.132953E+01
  0.131306E+01
  0.129670E+01
  0.128047E+01
  0.126420E+01
  0.124797E+01
  0.123163E+01
  0.121532E+01
  0.119900E+01
  0.118266E+01
  0.116621E+01
  0.114974E+01
  0.113311E+01
  0.111642E+01
  0.109957E+01
  0.108270E+01
  0.106576E+01
  0.104876E+01
  0.103172E+01
  0.101480E+01
  0.997977E+00
  0.981381E+00
  0.964963E+00
  0.948948E+00
  0.933334E+00
  0.918133E+00
  0.903274E+00
  0.888902E+00
  0.874918E+00
  0.861291E+00
  0.847928E+00
  0.835040E+00
  0.822581E+00
  0.810648E+00
  0.799317E+00
  0.788759E+00
  0.778914E+00
  0.769977E+00
  0.761931E+00
  0.754887E+00
  0.748857E+00
  0.743852E+00
  0.739859E+00
  0.737027E+00
  0.735238E+00
  0.734588E+00
  0.734990E+00
  0.736520E+00
  0.739178E+00
  0.742920E+00
  0.747690E+00
  0.753552E+00
  0.760348E+00
  0.768070E+00
  0.776567E+00
  0.785956E+00
  0.796239E+00
  0.807407E+00
  0.819493E+00
  0.832718E+00
  0.846999E+00
  0.862452E+00
  0.879065E+00
  0.897027E+00
  0.916330E+00
  0.936923E+00
  0.958717E+00
  0.981676E+00
  0.100554E+01
  0.103023E+01
  0.105540E+01
  0.108103E+01
  0.110696E+01
  0.113300E+01
  0.115902E+01
  0.118510E+01
  0.121111E+01
  0.123717E+01
  0.126317E+01
  0.128924E+01
  0.131537E+01
  0.134156E+01
  0.136784E+01
  0.139445E+01
  0.142133E+01
  0.144860E+01
  0.147619E+01
  0.150424E+01
  0.153267E+01
  0.156141E+01
  0.159043E+01
  0.161995E+01
  0.164989E+01
  0.168041E+01
  0.171135E+01
  0.174293E+01
  0.177517E+01
  0.180800E+01
  0.184138E+01
  0.187556E+01
  0.191033E+01
  0.194575E+01
  0.198164E+01
  0.201828E+01
  0.205559E+01
  0.209361E+01
  0.213230E+01
  0.217189E+01
  0.221218E+01
  0.225314E+01
  0.229439E+01
  0.233597E+01
  0.237756E+01
  0.241870E+01
  0.245903E+01
  0.249857E+01
  0.253694E+01
  0.257420E+01
  0.261014E+01
  0.264507E+01
  0.267893E+01
  0.271173E+01
  0.274351E+01
  0.277467E+01
  0.280511E+01
  0.283523E+01
  0.286497E+01
  0.289473E+01
  0.292454E+01
  0.295454E+01
  0.298477E+01
  0.301567E+01
  0.304713E+01
  0.307942E+01
  0.311237E+01
  0.314638E+01
  0.318145E+01
  0.321772E+01
  0.325526E+01
  0.329454E+01
  0.333546E+01
  0.337834E+01
  0.342303E+01
  0.346990E+01
  0.351890E+01
  0.356994E+01
  0.362275E+01
  0.367746E+01
  0.373363E+01
  0.379125E+01
  0.384983E+01
  0.390953E+01
  0.397002E+01
  0.403105E+01
  0.409232E+01
  0.415406E+01
  0.421580E+01
  0.427768E+01
  0.433919E+01
  0.440057E+01
  0.446147E+01
  0.452168E+01
  0.458084E+01
  0.463913E+01
  0.469601E+01
  0.475153E+01
  0.480516E+01
  0.485713E+01
  0.490709E+01
  0.495490E+01
  0.500021E+01
  0.504354E+01
  0.508455E+01
  0.512342E+01
  0.515977E+01
  0.519410E+01
  0.522621E+01
  0.525598E+01
  0.528323E+01
  0.530842E+01
  0.533123E+01
  0.535209E+01
  0.537076E+01
  0.538783E+01
  0.540331E+01
  0.541741E+01
  0.543008E+01
  0.544211E+01
  0.545335E+01
  0.546423E+01
  0.547446E+01
  0.548458E+01
  0.549437E+01
  0.550363E+01
  0.551200E+01
  0.551979E+01
  0.552629E+01
  0.553163E+01
  0.553528E+01
  0.553771E+01
  0.553870E+01
  0.553822E+01
  0.553612E+01
  0.553297E+01
  0.552851E+01
  0.552317E+01
  0.551657E+01
  0.550923E+01
  0.550087E+01
  0.549131E+01
  0.548018E+01
  0.546785E+01
  0.545373E+01
  0.543793E+01
  0.541988E+01
  0.539992E+01
  0.537772E+01
  0.535318E+01
  0.532616E+01
  0.529725E+01
  0.526619E+01
  0.523349E+01
  0.519885E+01
  0.516288E+01
  0.512541E+01
  0.508638E+01
  0.504561E+01
  0.500351E+01
  0.495963E+01
  0.491422E+01
  0.486689E+01
  0.481809E+01
  0.476756E+01
  0.471533E+01
  0.466121E+01
  0.460565E+01
  0.454836E+01
  0.448964E+01
  0.442912E+01
  0.436728E+01
  0.430393E+01
  0.423897E+01
  0.417225E+01
  0.410424E+01
  0.403462E+01
  0.396377E+01
  0.389152E+01
  0.381844E+01
  0.374456E+01
  0.367007E+01
  0.359503E+01
  0.352006E+01
  0.344502E+01
  0.337027E+01
  0.329564E+01
  0.322152E+01
  0.314773E+01
  0.307412E+01
  0.300048E+01
  0.292712E+01
  0.285384E+01
  0.278087E+01
  0.270803E+01
  0.263575E+01
  0.256398E+01
  0.249271E+01
  0.242182E+01
  0.235157E+01
  0.228174E+01
  0.221247E+01
  0.214345E+01
  0.207484E+01
  0.200646E+01
  0.193821E+01
  0.187000E+01
  0.180201E+01
  0.173404E+01
  0.166627E+01
  0.159852E+01
  0.153107E+01
  0.146391E+01
  0.139707E+01
  0.133048E+01
  0.126426E+01
  0.119816E+01
  0.113222E+01
  0.106617E+01
  0.100008E+01
  0.933797E+00
  0.867314E+00
  0.800597E+00
  0.733778E+00
  0.666785E+00
  0.599762E+00
  0.532661E+00
  0.465674E+00
  0.398797E+00
  0.332076E+00
  0.265505E+00
  0.199254E+00
  0.133278E+00
  0.676576E-01
  0.243533E-02
 -0.622720E-01
 -0.126414E+00
 -0.189829E+00
 -0.252395E+00
 -0.313980E+00
 -0.374563E+00
 -0.434071E+00
 -0.492477E+00
 -0.549755E+00
 -0.605902E+00
 -0.660877E+00
 -0.714648E+00
 -0.767127E+00
 -0.818262E+00
 -0.868037E+00
 -0.916433E+00
 -0.963456E+00
 -0.100913E+01
 -0.105344E+01
 -0.109648E+01
 -0.113837E+01
 -0.117917E+01
 -0.121904E+01
 -0.125803E+01
 -0.129620E+01
 -0.133357E+01
 -0.136998E+01
 -0.140535E+01
 -0.143972E+01
 -0.147301E+01
 -0.150534E+01
 -0.153672E+01
 -0.156722E+01
 -0.159695E+01
 -0.162601E+01
 -0.165452E+01
 -0.168270E+01
 -0.171063E+01
 -0.173852E+01
 -0.176635E+01
 -0.179434E+01
 -0.182256E+01
 -0.185104E+01
 -0.187978E+01
 -0.190886E+01
 -0.193812E+01
 -0.196746E+01
 -0.199661E+01
 -0.202550E+01
 -0.205388E+01
 -0.208156E+01
 -0.210834E+01
 -0.213416E+01
 -0.215884E+01
 -0.218235E+01
 -0.220442E+01
 -0.222510E+01
 -0.224427E+01
 -0.226191E+01
 -0.227798E+01
 -0.229254E+01
 -0.230554E+01
 -0.231712E+01
 -0.232716E+01
 -0.233592E+01
 -0.234351E+01
 -0.234998E+01
 -0.235543E+01
 -0.236009E+01
 -0.236394E+01
 -0.236721E+01
 -0.236987E+01
 -0.237214E+01
 -0.237401E+01
 -0.237541E+01
 -0.237635E+01
 -0.237708E+01
 -0.237764E+01
 -0.237818E+01
 -0.237860E+01
 -0.237905E+01
 -0.237946E+01
 -0.237978E+01
 -0.237986E+01
 -0.237978E+01
 -0.237932E+01
 -0.237846E+01
 -0.237702E+01
 -0.237509E+01
 -0.237253E+01
 -0.236923E+01
 -0.236510E+01
 -0.236017E+01
 -0.235428E+01
 -0.234749E+01
 -0.233961E+01
 -0.233077E+01
 -0.232091E+01
 -0.230990E+01
 -0.229772E+01
 -0.228452E+01
 -0.227021E+01
 -0.225489E+01
 -0.223840E+01
 -0.222078E+01
 -0.220187E+01
 -0.218155E+01
 -0.215965E+01
 -0.213617E+01
 -0.211090E+01
 -0.208379E+01
 -0.205471E+01
 -0.202370E+01
 -0.199064E+01
 -0.195554E+01
 -0.191840E+01
 -0.187928E+01
 -0.183811E+01
 -0.179483E+01
 -0.174930E+01
 -0.170164E+01
 -0.165180E+01
 -0.159984E+01
 -0.154582E+01
 -0.148991E+01
 -0.143222E+01
 -0.137298E+01
 -0.131239E+01
 -0.125071E+01
 -0.118819E+01
 -0.112509E+01
 -0.106171E+01
 -0.998340E+00
 -0.935160E+00
 -0.872387E+00
 -0.810179E+00
 -0.748667E+00
 -0.687944E+00
 -0.628095E+00
 -0.569258E+00
 -0.511502E+00
 -0.454921E+00
 -0.399496E+00
 -0.345247E+00
 -0.292193E+00
 -0.240380E+00
 -0.189889E+00
 -0.140786E+00
 -0.931302E-01
 -0.470270E-01
 -0.241697E-02
  0.405430E-01
  0.818113E-01
  0.121274E+00
  0.158727E+00
  0.193980E+00
  0.227053E+00
  0.257769E+00
  0.286058E+00
  0.311784E+00
  0.334886E+00
  0.355289E+00
  0.373006E+00
  0.388003E+00
  0.400397E+00
  0.410113E+00
  0.417195E+00
  0.421693E+00
  0.423769E+00
  0.423411E+00
  0.420705E+00
  0.415642E+00
  0.408350E+00
  0.398853E+00
  0.387267E+00
  0.373619E+00
  0.358073E+00
  0.340521E+00
  0.320933E+00
  0.299142E+00
  0.275138E+00
  0.248724E+00
  0.219793E+00
  0.188239E+00
  0.154093E+00
  0.117229E+00
  0.775905E-01
  0.351173E-01
 -0.101469E-01
 -0.583059E-01
 -0.109333E+00
 -0.163312E+00
 -0.220270E+00
 -0.280255E+00
 -0.343289E+00
 -0.409441E+00
 -0.478689E+00
 -0.551071E+00
 -0.626619E+00
 -0.705259E+00
 -0.786874E+00
 -0.871410E+00
 -0.958695E+00
 -0.104852E+01
 -0.114072E+01
 -0.123506E+01
 -0.133132E+01
 -0.142924E+01
 -0.152870E+01
 -0.162948E+01
 -0.173136E+01
 -0.183405E+01
 -0.193744E+01
 -0.204120E+01
 -0.214516E+01
 -0.224899E+01
 -0.235261E+01
 -0.245580E+01
 -0.255831E+01
 -0.265989E+01
 -0.276053E+01
 -0.285995E+01
 -0.295815E+01
 -0.305502E+01
 -0.315070E+01
 -0.324521E+01
 -0.333851E+01
 -0.343057E+01
 -0.352166E+01
 -0.361168E+01
 -0.370080E+01
 -0.378878E+01
 -0.387587E+01
 -0.396191E+01
 -0.404674E+01
 -0.413008E+01
 -0.421205E+01
 -0.429224E+01
 -0.437068E+01
 -0.444690E+01
 -0.452112E+01
 -0.459319E+01
 -0.466308E+01
 -0.473071E+01
 -0.479641E+01
 -0.485986E+01
 -0.492115E+01
 -0.498002E+01
 -0.503682E+01
 -0.509137E+01
 -0.514369E+01
 -0.519363E+01
 -0.524152E+01
 -0.528711E+01
 -0.533065E+01
 -0.537188E+01
 -0.541121E+01
 -0.544858E+01
 -0.548385E+01
 -0.551698E+01
 -0.554852E+01
 -0.557823E+01
 -0.560650E+01
 -0.563317E+01
 -0.565878E+01
 -0.568331E+01
 -0.570684E+01
 -0.572927E+01
 -0.575120E+01
 -0.577242E+01
 -0.579337E+01
 -0.581391E+01
 -0.583453E+01
 -0.585514E+01
 -0.587572E+01
 -0.589616E+01
 -0.591692E+01
 -0.593763E+01
 -0.595858E+01
 -0.597947E+01
 -0.600083E+01
 -0.602258E+01
 -0.604472E+01
 -0.606713E+01
 -0.609027E+01
 -0.611378E+01
 -0.613796E+01
 -0.616249E+01
 -0.618782E+01
 -0.621377E+01
 -0.624032E+01
 -0.626733E+01
 -0.629536E+01
 -0.632416E+01
 -0.635409E+01
 -0.638487E+01
 -0.641699E+01
 -0.645015E+01
 -0.648421E+01
 -0.651889E+01
 -0.655452E+01
 -0.659059E+01
 -0.662726E+01
 -0.666397E+01
 -0.670109E+01
 -0.673823E+01
 -0.677505E+01
 -0.681118E+01
 -0.684693E+01
 -0.688175E+01
 -0.691583E+01
 -0.694850E+01
 -0.698002E+01
 -0.700998E+01
 -0.703810E+01
 -0.706398E+01
 -0.708812E+01
 -0.710998E+01
 -0.712984E+01
 -0.714727E+01
 -0.716276E+01
 -0.717612E+01
 -0.718714E+01
 -0.719561E+01
 -0.720208E+01
 -0.720624E+01
 -0.720856E+01
 -0.720871E+01
 -0.720745E+01
 -0.720466E+01
 -0.720048E+01
 -0.719481E+01
 -0.718831E+01
 -0.718076E+01
 -0.717258E+01
 -0.716341E+01
 -0.715382E+01
 -0.714358E+01
 -0.713251E+01
 -0.712032E+01
 -0.710747E+01
 -0.709353E+01
 -0.707870E+01
 -0.706252E+01
 -0.704551E+01
 -0.702738E+01
 -0.700809E+01
 -0.698746E+01
 -0.696616E+01
 -0.694393E+01
 -0.692126E+01
 -0.689786E+01
 -0.687442E+01
 -0.685090E+01
 -0.682728E+01
 -0.680342E+01
 -0.677986E+01
 -0.675613E+01
 -0.673254E+01
 -0.670869E+01
 -0.668510E+01
 -0.666159E+01
 -0.663808E+01
 -0.661436E+01
 -0.659105E+01
 -0.656777E+01
 -0.654493E+01
 -0.652228E+01
 -0.650032E+01
 -0.647892E+01
 -0.645807E+01
 -0.643770E+01
 -0.641835E+01
 -0.639966E+01
 -0.638197E+01
 -0.636490E+01
 -0.634890E+01
 -0.633371E+01
 -0.631924E+01
 -0.630519E+01
 -0.629198E+01
 -0.627912E+01
 -0.626672E+01
 -0.625422E+01
 -0.624195E+01
 -0.622969E+01
 -0.621721E+01
 -0.620428E+01
 -0.619128E+01
 -0.617774E+01
 -0.616403E+01
 -0.614982E+01
 -0.613557E+01
 -0.612113E+01
 -0.610643E+01
 -0.609114E+01
 -0.607562E+01
 -0.605931E+01
 -0.604227E+01
 -0.602397E+01
 -0.600476E+01
 -0.598439E+01
 -0.596289E+01
 -0.594021E+01
 -0.591695E+01
 -0.589289E+01
 -0.586849E+01
 -0.584347E+01
 -0.581843E+01
 -0.579324E+01
 -0.576789E+01
 -0.574219E+01
 -0.571652E+01
 -0.569044E+01
 -0.566411E+01
 -0.563716E+01
 -0.560997E+01
 -0.558230E+01
 -0.555416E+01
 -0.552542E+01
 -0.549647E+01
 -0.546704E+01
 -0.543738E+01
 -0.540709E+01
 -0.537645E+01
 -0.534507E+01
 -0.531280E+01
 -0.527927E+01
 -0.524469E+01
 -0.520852E+01
 -0.517079E+01
 -0.513106E+01
 -0.508962E+01
 -0.504623E+01
 -0.500084E+01
 -0.495327E+01
 -0.490392E+01
 -0.485260E+01
 -0.479968E+01
 -0.474509E+01
 -0.468934E+01
 -0.463241E+01
 -0.457439E+01
 -0.451519E+01
 -0.445518E+01
 -0.439415E+01
 -0.433235E+01
 -0.426966E+01
 -0.420642E+01
 -0.414252E+01
 -0.407783E+01
 -0.401220E+01
 -0.394595E+01
 -0.387893E+01
 -0.381130E+01
 -0.374287E+01
 -0.367390E+01
 -0.360425E+01
 -0.353391E+01
 -0.346292E+01
 -0.339166E+01
 -0.332000E+01
 -0.324816E+01
 -0.317596E+01
 -0.310361E+01
 -0.303104E+01
 -0.295819E+01
 -0.288480E+01
 -0.281094E+01
 -0.273623E+01
 -0.266059E+01
 -0.258372E+01
 -0.250565E+01
 -0.242622E+01
 -0.234545E+01
 -0.226332E+01
 -0.218000E+01
 -0.209544E+01
 -0.200978E+01
 -0.192299E+01
 -0.183531E+01
 -0.174673E+01
 -0.165731E+01
 -0.156709E+01
 -0.147626E+01
 -0.138478E+01
 -0.129283E+01
 -0.120051E+01
 -0.110793E+01
 -0.101518E+01
 -0.922313E+00
 -0.829311E+00
 -0.736233E+00
 -0.643024E+00
 -0.549657E+00
 -0.456091E+00
 -0.362241E+00
 -0.268007E+00
 -0.173379E+00
 -0.782180E-01
  0.176173E-01
  0.114139E+00
  0.211440E+00
  0.309503E+00
  0.408394E+00
  0.508130E+00
  0.608608E+00
  0.709792E+00
  0.811755E+00
  0.914400E+00
  0.101783E+01
  0.112192E+01
  0.122675E+01
  0.133228E+01
  0.143835E+01
  0.154474E+01
  0.165145E+01
  0.175818E+01
  0.186481E+01
  0.197098E+01
  0.207670E+01
  0.218166E+01
  0.228557E+01
  0.238815E+01
  0.248944E+01
  0.258918E+01
  0.268748E+01
  0.278403E+01
  0.287900E+01
  0.297219E+01
  0.306342E+01
  0.315255E+01
  0.323988E+01
  0.332515E+01
  0.340848E+01
  0.348961E+01
  0.356886E+01
  0.364614E+01
  0.372140E+01
  0.379448E+01
  0.386574E+01
  0.393480E+01
  0.400175E+01
  0.406614E+01
  0.412828E+01
  0.418793E+01
  0.424478E+01
  0.429859E+01
  0.434971E+01
  0.439771E+01
  0.444282E+01
  0.448468E+01
  0.452366E+01
  0.455950E+01
  0.459213E+01
  0.462138E+01
  0.464767E+01
  0.467069E+01
  0.469074E+01
  0.470759E+01
  0.472185E+01
  0.473346E+01
  0.474251E+01
  0.474898E+01
  0.475352E+01
  0.475611E+01
  0.475712E+01
  0.475640E+01
  0.475461E+01
  0.475169E+01
  0.474776E+01
  0.474282E+01
  0.473744E+01
  0.473149E+01
  0.472543E+01
  0.471906E+01
  0.471297E+01
  0.470727E+01
  0.470202E+01
  0.469721E+01
  0.469342E+01
  0.469039E+01
  0.468838E+01
  0.468703E+01
  0.468682E+01
  0.468761E+01
  0.468930E+01
  0.469176E+01
  0.469544E+01
  0.469994E+01
  0.470554E+01
  0.471196E+01
  0.471959E+01
  0.472824E+01
  0.473780E+01
  0.474796E+01
  0.475904E+01
  0.477059E+01
  0.478279E+01
  0.479522E+01
  0.480835E+01
  0.482190E+01
  0.483577E+01
  0.484973E+01
  0.486408E+01
  0.487832E+01
  0.489269E+01
  0.490672E+01
  0.492079E+01
  0.493471E+01
  0.494833E+01
  0.496140E+01
  0.497431E+01
  0.498647E+01
  0.499792E+01
  0.500811E+01
  0.501728E+01
  0.502503E+01
  0.503117E+01
  0.503544E+01
  0.503828E+01
  0.503934E+01
  0.503904E+01
  0.503699E+01
  0.503369E+01
  0.502897E+01
  0.502274E+01
  0.501478E+01
  0.500547E+01
  0.499431E+01
  0.498145E+01
  0.496641E+01
  0.494953E+01
  0.493045E+01
  0.490908E+01
  0.488516E+01
  0.485902E+01
  0.483028E+01
  0.479920E+01
  0.476540E+01
  0.472939E+01
  0.469104E+01
  0.465031E+01
  0.460717E+01
  0.456206E+01
  0.451472E+01
  0.446551E+01
  0.441423E+01
  0.436129E+01
  0.430651E+01
  0.424984E+01
  0.419104E+01
  0.413050E+01
  0.406797E+01
  0.400378E+01
  0.393781E+01
  0.387075E+01
  0.380270E+01
  0.373386E+01
  0.366437E+01
  0.359480E+01
  0.352509E+01
  0.345570E+01
  0.338657E+01
  0.331820E+01
  0.325050E+01
  0.318347E+01
  0.311702E+01
  0.305148E+01
  0.298648E+01
  0.292213E+01
  0.285815E+01
  0.279471E+01
  0.273173E+01
  0.266921E+01
  0.260700E+01
  0.254538E+01
  0.248416E+01
  0.242353E+01
  0.236327E+01
  0.230375E+01
  0.224498E+01
  0.218690E+01
  0.212942E+01
  0.207268E+01
  0.201633E+01
  0.196042E+01
  0.190462E+01
  0.184897E+01
  0.179325E+01
  0.173731E+01
  0.168096E+01
  0.162442E+01
  0.156752E+01
  0.151048E+01
  0.145324E+01
  0.139610E+01
  0.133915E+01
  0.128255E+01
  0.122640E+01
  0.117104E+01
  0.111641E+01
  0.106277E+01
  0.101008E+01
  0.958454E+00
  0.907841E+00
  0.858103E+00
  0.809079E+00
  0.760870E+00
  0.713354E+00
  0.666528E+00
  0.620285E+00
  0.574716E+00
  0.529754E+00
  0.485375E+00
  0.441520E+00
  0.398285E+00
  0.355617E+00
  0.313571E+00
  0.272002E+00
  0.230939E+00
  0.190326E+00
  0.149955E+00
  0.109630E+00
  0.693467E-01
  0.288788E-01
 -0.118399E-01
 -0.529268E-01
 -0.944333E-01
 -0.136352E+00
 -0.178675E+00
 -0.221453E+00
 -0.264593E+00
 -0.308071E+00
 -0.351845E+00
 -0.395831E+00
 -0.439894E+00
 -0.483922E+00
 -0.527777E+00
 -0.571324E+00
 -0.614380E+00
 -0.656803E+00
 -0.698363E+00
 -0.738866E+00
 -0.778194E+00
 -0.816203E+00
 -0.852810E+00
 -0.888031E+00
 -0.921860E+00
 -0.954232E+00
 -0.985168E+00
 -0.101457E+01
 -0.104243E+01
 -0.106882E+01
 -0.109366E+01
 -0.111696E+01
 -0.113871E+01
 -0.115884E+01
 -0.117741E+01
 -0.119433E+01
 -0.120968E+01
 -0.122347E+01
 -0.123574E+01
 -0.124653E+01
 -0.125588E+01
 -0.126382E+01
 -0.127040E+01
 -0.127564E+01
 -0.127964E+01
 -0.128238E+01
 -0.128387E+01
 -0.128411E+01
 -0.128321E+01
 -0.128120E+01
 -0.127826E+01
 -0.127453E+01
 -0.127030E+01
 -0.126578E+01
 -0.126121E+01
 -0.125683E+01
 -0.125288E+01
 -0.124950E+01
 -0.124689E+01
 -0.124510E+01
 -0.124421E+01
 -0.124427E+01
 -0.124524E+01
 -0.124703E+01
 -0.124965E+01
 -0.125296E+01
 -0.125686E+01
 -0.126121E+01
 -0.126592E+01
 -0.127078E+01
 -0.127562E+01
 -0.128021E+01
 -0.128445E+01
 -0.128820E+01
 -0.129148E+01
 -0.129424E+01
 -0.129652E+01
 -0.129829E+01
 -0.129961E+01
 -0.130057E+01
 -0.130130E+01
 -0.130191E+01
 -0.130262E+01
 -0.130354E+01
 -0.130495E+01
 -0.130705E+01
 -0.130995E+01
 -0.131371E+01
 -0.131842E+01
 -0.132393E+01
 -0.133017E+01
 -0.133705E+01
 -0.134444E+01
 -0.135198E+01
 -0.135935E+01
 -0.136611E+01
 -0.137196E+01
 -0.137656E+01
 -0.137970E+01
 -0.138110E+01
 -0.138066E+01
 -0.137821E+01
 -0.137363E+01
 -0.136686E+01
 -0.135803E+01
 -0.134721E+01
 -0.133458E+01
 -0.132022E+01
 -0.130437E+01
 -0.128711E+01
 -0.126857E+01
 -0.124886E+01
 -0.122810E+01
 -0.120634E+01
 -0.118359E+01
 -0.115986E+01
 -0.113531E+01
 -0.110995E+01
 -0.108388E+01
 -0.105724E+01
 -0.103020E+01
 -0.100287E+01
 -0.975493E+00
 -0.948256E+00
 -0.921387E+00
 -0.895102E+00
 -0.869565E+00
 -0.844844E+00
 -0.821027E+00
 -0.798127E+00
 -0.776176E+00
 -0.755275E+00
 -0.735539E+00
 -0.716933E+00
 -0.699442E+00
 -0.683104E+00
 -0.667995E+00
 -0.654186E+00
 -0.641766E+00
 -0.630795E+00
 -0.621285E+00
 -0.613295E+00
 -0.606826E+00
 -0.601881E+00
 -0.598514E+00
 -0.596645E+00
 -0.596193E+00
 -0.597128E+00
 -0.599331E+00
 -0.602658E+00
 -0.607049E+00
 -0.612396E+00
 -0.618658E+00
 -0.625813E+00
 -0.633806E+00
 -0.642600E+00
 -0.652135E+00
 -0.662296E+00
 -0.672986E+00
 -0.684155E+00
 -0.695837E+00
 -0.708027E+00
 -0.720697E+00
 -0.733821E+00
 -0.747394E+00
 -0.761475E+00
 -0.776065E+00
 -0.791108E+00
 -0.806575E+00
 -0.822356E+00
 -0.838352E+00
 -0.854471E+00
 -0.870667E+00
 -0.886856E+00
 -0.903000E+00
 -0.919195E+00
 -0.935560E+00
 -0.952034E+00
 -0.968751E+00
 -0.985836E+00
 -0.100341E+01
 -0.102157E+01
 -0.104038E+01
 -0.105982E+01
 -0.107995E+01
 -0.110072E+01
 -0.112211E+01
 -0.114404E+01
 -0.116652E+01
 -0.118942E+01
 -0.121262E+01
 -0.123600E+01
 -0.125945E+01
 -0.128282E+01
 -0.130606E+01
 -0.132895E+01
 -0.135131E+01
 -0.137298E+01
 -0.139377E+01
 -0.141358E+01
 -0.143258E+01
 -0.145065E+01
 -0.146787E+01
 -0.148422E+01
 -0.149977E+01
 -0.151451E+01
 -0.152853E+01
 -0.154190E+01
 -0.155477E+01
 -0.156712E+01
 -0.157898E+01
 -0.159026E+01
 -0.160100E+01
 -0.161105E+01
 -0.162036E+01
 -0.162886E+01
 -0.163658E+01
 -0.164338E+01
 -0.164922E+01
 -0.165400E+01
 -0.165779E+01
 -0.166048E+01
 -0.166199E+01
 -0.166220E+01
 -0.166122E+01
 -0.165895E+01
 -0.165546E+01
 -0.165082E+01
 -0.164525E+01
 -0.163880E+01
 -0.163159E+01
 -0.162374E+01
 -0.161542E+01
 -0.160672E+01
 -0.159781E+01
 -0.158863E+01
 -0.157930E+01
 -0.156984E+01
 -0.156017E+01
 -0.155015E+01
 -0.153989E+01
 -0.152926E+01
 -0.151830E+01
 -0.150703E+01
 -0.149556E+01
 -0.148388E+01
 -0.147212E+01
 -0.146030E+01
 -0.144852E+01
 -0.143669E+01
 -0.142487E+01
 -0.141281E+01
 -0.140044E+01
 -0.138766E+01
 -0.137429E+01
 -0.136010E+01
 -0.134504E+01
 -0.132888E+01
 -0.131158E+01
 -0.129297E+01
 -0.127308E+01
 -0.125188E+01
 -0.122944E+01
 -0.120586E+01
 -0.118120E+01
 -0.115541E+01
 -0.112857E+01
 -0.110052E+01
 -0.107126E+01
 -0.104074E+01
 -0.100884E+01
 -0.975463E+00
 -0.940600E+00
 -0.904104E+00
 -0.866026E+00
 -0.826377E+00
 -0.785177E+00
 -0.742476E+00
 -0.698348E+00
 -0.652800E+00
 -0.605950E+00
 -0.557874E+00
 -0.508607E+00
 -0.458209E+00
 -0.406762E+00
 -0.354283E+00
 -0.300915E+00
 -0.246859E+00
 -0.192141E+00
 -0.136847E+00
 -0.810671E-01
 -0.248719E-01
  0.317078E-01
  0.886747E-01
  0.146011E+00
  0.203650E+00
  0.261641E+00
  0.319963E+00
  0.378730E+00
  0.438024E+00
  0.498056E+00
  0.558959E+00
  0.620757E+00
  0.683499E+00
  0.747312E+00
  0.812152E+00
  0.878117E+00
  0.945054E+00
  0.101298E+01
  0.108173E+01
  0.115112E+01
  0.122090E+01
  0.129100E+01
  0.136114E+01
  0.143128E+01
  0.150117E+01
  0.157084E+01
  0.164014E+01
  0.170894E+01
  0.177710E+01
  0.184475E+01
  0.191161E+01
  0.197767E+01
  0.204273E+01
  0.210680E+01
  0.216966E+01
  0.223117E+01
  0.229106E+01
  0.234948E+01
  0.240613E+01
  0.246106E+01
  0.251405E+01
  0.256539E+01
  0.261503E+01
  0.266293E+01
  0.270901E+01
  0.275358E+01
  0.279648E+01
  0.283798E+01
  0.287797E+01
  0.291675E+01
  0.295425E+01
  0.299043E+01
  0.302514E+01
  0.305871E+01
  0.309093E+01
  0.312191E+01
  0.315148E+01
  0.317998E+01
  0.320721E+01
  0.323316E+01
  0.325770E+01
  0.328118E+01
  0.330341E+01
  0.332467E+01
  0.334470E+01
  0.336379E+01
  0.338180E+01
  0.339862E+01
  0.341406E+01
  0.342841E+01
  0.344146E+01
  0.345343E+01
  0.346404E+01
  0.347367E+01
  0.348216E+01
  0.348943E+01
  0.349540E+01
  0.350032E+01
  0.350401E+01
  0.350673E+01
  0.350820E+01
  0.350882E+01
  0.350849E+01
  0.350718E+01
  0.350480E+01
  0.350173E+01
  0.349771E+01
  0.349305E+01
  0.348763E+01
  0.348185E+01
  0.347570E+01
  0.346929E+01
  0.346252E+01
  0.345581E+01
  0.344900E+01
  0.344228E+01
  0.343543E+01
  0.342878E+01
  0.342214E+01
  0.341555E+01
  0.340890E+01
  0.340250E+01
  0.339609E+01
  0.338984E+01
  0.338355E+01
  0.337756E+01
  0.337174E+01
  0.336600E+01
  0.336020E+01
  0.335472E+01
  0.334931E+01
  0.334419E+01
  0.333919E+01
  0.333483E+01
  0.333106E+01
  0.332797E+01
  0.332562E+01
  0.332440E+01
  0.332418E+01
  0.332518E+01
  0.332715E+01
  0.333046E+01
  0.333498E+01
  0.334062E+01
  0.334723E+01
  0.335507E+01
  0.336376E+01
  0.337337E+01
  0.338356E+01
  0.339449E+01
  0.340588E+01
  0.341758E+01
  0.342924E+01
  0.344114E+01
  0.345304E+01
  0.346514E+01
  0.347718E+01
  0.348956E+01
  0.350215E+01
  0.351484E+01
  0.352758E+01
  0.354073E+01
  0.355405E+01
  0.356777E+01
  0.358162E+01
  0.359593E+01
  0.361059E+01
  0.362555E+01
  0.364057E+01
  0.365601E+01
  0.367166E+01
  0.368780E+01
  0.370425E+01
  0.372136E+01
  0.373895E+01
  0.375690E+01
  0.377510E+01
  0.379398E+01
  0.381323E+01
  0.383314E+01
  0.385334E+01
  0.387400E+01
  0.389489E+01
  0.391578E+01
  0.393637E+01
  0.395692E+01
  0.397692E+01
  0.399645E+01
  0.401507E+01
  0.403312E+01
  0.405034E+01
  0.406658E+01
  0.408162E+01
  0.409572E+01
  0.410849E+01
  0.412013E+01
  0.413031E+01
  0.413946E+01
  0.414741E+01
  0.415418E+01
  0.415959E+01
  0.416406E+01
  0.416726E+01
  0.416944E+01
  0.417036E+01
  0.417045E+01
  0.416964E+01
  0.416798E+01
  0.416540E+01
  0.416244E+01
  0.415892E+01
  0.415520E+01
  0.415115E+01
  0.414734E+01
  0.414373E+01
  0.414043E+01
  0.413752E+01
  0.413558E+01
  0.413453E+01
  0.413485E+01
  0.413647E+01
  0.413993E+01
  0.414525E+01
  0.415245E+01
  0.416158E+01
  0.417323E+01
  0.418717E+01
  0.420374E+01
  0.422268E+01
  0.424434E+01
  0.426853E+01
  0.429514E+01
  0.432396E+01
  0.435534E+01
  0.438878E+01
  0.442441E+01
  0.446172E+01
  0.450100E+01
  0.454199E+01
  0.458448E+01
  0.462819E+01
  0.467337E+01
  0.471949E+01
  0.476665E+01
  0.481444E+01
  0.486314E+01
  0.491245E+01
  0.496237E+01
  0.501260E+01
  0.506362E+01
  0.511512E+01
  0.516737E+01
  0.522005E+01
  0.527361E+01
  0.532791E+01
  0.538287E+01
  0.543831E+01
  0.549472E+01
  0.555168E+01
  0.560951E+01
  0.566761E+01
  0.572640E+01
  0.578548E+01
  0.584466E+01
  0.590364E+01
  0.596273E+01
  0.602129E+01
  0.607947E+01
  0.613664E+01
  0.619320E+01
  0.624868E+01
  0.630284E+01
  0.635531E+01
  0.640650E+01
  0.645579E+01
  0.650350E+01
  0.654910E+01
  0.659303E+01
  0.663506E+01
  0.667510E+01
  0.671279E+01
  0.674873E+01
  0.678241E+01
  0.681419E+01
  0.684366E+01
  0.687143E+01
  0.689728E+01
  0.692104E+01
  0.694244E+01
  0.696200E+01
  0.697913E+01
  0.699409E+01
  0.700620E+01
  0.701599E+01
  0.702303E+01
  0.702714E+01
  0.702795E+01
  0.702604E+01
  0.702088E+01
  0.701287E+01
  0.700162E+01
  0.698780E+01
  0.697123E+01
  0.695191E+01
  0.692962E+01
  0.690504E+01
  0.687771E+01
  0.684803E+01
  0.681549E+01
  0.678063E+01
  0.674308E+01
  0.670280E+01
  0.665950E+01
  0.661383E+01
  0.656532E+01
  0.651436E+01
  0.646048E+01
  0.640429E+01
  0.634555E+01
  0.628414E+01
  0.621977E+01
  0.615302E+01
  0.608347E+01
  0.601160E+01
  0.593704E+01
  0.586046E+01
  0.578173E+01
  0.570098E+01
  0.561818E+01
  0.553398E+01
  0.544812E+01
  0.536102E+01
  0.527237E+01
  0.518281E+01
  0.509224E+01
  0.500079E+01
  0.490846E+01
  0.481585E+01
  0.472268E+01
  0.462935E+01
  0.453563E+01
  0.444199E+01
  0.434823E+01
  0.425440E+01
  0.416032E+01
  0.406639E+01
  0.397229E+01
  0.387823E+01
  0.378385E+01
  0.368947E+01
  0.359487E+01
  0.349998E+01
  0.340469E+01
  0.330945E+01
  0.321407E+01
  0.311889E+01
  0.302369E+01
  0.292877E+01
  0.283402E+01
  0.273946E+01
  0.264495E+01
  0.255079E+01
  0.245671E+01
  0.236282E+01
  0.226879E+01
  0.217485E+01
  0.208084E+01
  0.198672E+01
  0.189242E+01
  0.179814E+01
  0.170368E+01
  0.160915E+01
  0.151433E+01
  0.141934E+01
  0.132411E+01
  0.122866E+01
  0.113288E+01
  0.103696E+01
  0.940752E+00
  0.844336E+00
  0.747672E+00
  0.650938E+00
  0.554072E+00
  0.457126E+00
  0.360156E+00
  0.263300E+00
  0.166588E+00
  0.701777E-01
 -0.259668E-01
 -0.121685E+00
 -0.216970E+00
 -0.311740E+00
 -0.405946E+00
 -0.499490E+00
 -0.592286E+00
 -0.684207E+00
 -0.775034E+00
 -0.864584E+00
 -0.952724E+00
 -0.103923E+01
 -0.112399E+01
 -0.120693E+01
 -0.128790E+01
 -0.136685E+01
 -0.144361E+01
 -0.151812E+01
 -0.159026E+01
 -0.166002E+01
 -0.172731E+01
 -0.179220E+01
 -0.185463E+01
 -0.191462E+01
 -0.197202E+01
 -0.202687E+01
 -0.207909E+01
 -0.212855E+01
 -0.217513E+01
 -0.221888E+01
 -0.225960E+01
 -0.229734E+01
 -0.233199E+01
 -0.236354E+01
 -0.239189E+01
 -0.241688E+01
 -0.243837E+01
 -0.245646E+01
 -0.247106E+01
 -0.248230E+01
 -0.249014E+01
 -0.249483E+01
 -0.249643E+01
 -0.249508E+01
 -0.249102E+01
 -0.248468E+01
 -0.247627E+01
 -0.246615E+01
 -0.245443E+01
 -0.244145E+01
 -0.242729E+01
 -0.241205E+01
 -0.239576E+01
 -0.237860E+01
 -0.236044E+01
 -0.234135E+01
 -0.232116E+01
 -0.230002E+01
 -0.227793E+01
 -0.225490E+01
 -0.223098E+01
 -0.220636E+01
 -0.218109E+01
 -0.215538E+01
 -0.212926E+01
 -0.210303E+01
 -0.207682E+01
 -0.205078E+01
 -0.202502E+01
 -0.199979E+01
 -0.197505E+01
 -0.195098E+01
 -0.192757E+01
 -0.190498E+01
 -0.188318E+01
 -0.186222E+01
 -0.184208E+01
 -0.182293E+01
 -0.180477E+01
 -0.178768E+01
 -0.177168E+01
 -0.175702E+01
 -0.174375E+01
 -0.173193E+01
 -0.172165E+01
 -0.171301E+01
 -0.170596E+01
 -0.170070E+01
 -0.169727E+01
 -0.169585E+01
 -0.169650E+01
 -0.169920E+01
 -0.170398E+01
 -0.171094E+01
 -0.172005E+01
 -0.173134E+01
 -0.174478E+01
 -0.176044E+01
 -0.177815E+01
 -0.179775E+01
 -0.181903E+01
 -0.184201E+01
 -0.186648E+01
 -0.189236E+01
 -0.191945E+01
 -0.194766E+01
 -0.197684E+01
 -0.200679E+01
 -0.203729E+01
 -0.206834E+01
 -0.209962E+01
 -0.213108E+01
 -0.216249E+01
 -0.219382E+01
 -0.222494E+01
 -0.225572E+01
 -0.228601E+01
 -0.231577E+01
 -0.234484E+01
 -0.237319E+01
 -0.240057E+01
 -0.242708E+01
 -0.245263E+01
 -0.247698E+01
 -0.249992E+01
 -0.252147E+01
 -0.254140E+01
 -0.255978E+01
 -0.257643E+01
 -0.259140E+01
 -0.260456E+01
 -0.261591E+01
 -0.262539E+01
 -0.263327E+01
 -0.263952E+01
 -0.264434E+01
 -0.264769E+01
 -0.264985E+01
 -0.265087E+01
 -0.265082E+01
 -0.264979E+01
 -0.264803E+01
 -0.264546E+01
 -0.264229E+01
 -0.263843E+01
 -0.263407E+01
 -0.262926E+01
 -0.262402E+01
 -0.261834E+01
 -0.261255E+01
 -0.260651E+01
 -0.260041E+01
 -0.259417E+01
 -0.258800E+01
 -0.258194E+01
 -0.257606E+01
 -0.257043E+01
 -0.256529E+01
 -0.256060E+01
 -0.255655E+01
 -0.255313E+01
 -0.255067E+01
 -0.254929E+01
 -0.254907E+01
 -0.255007E+01
 -0.255259E+01
 -0.255653E+01
 -0.256204E+01
 -0.256907E+01
 -0.257777E+01
 -0.258806E+01
 -0.259995E+01
 -0.261333E+01
 -0.262843E+01
 -0.264519E+01
 -0.266374E+01
 -0.268388E+01
 -0.270577E+01
 -0.272926E+01
 -0.275426E+01
 -0.278071E+01
 -0.280881E+01
 -0.283838E+01
 -0.286947E+01
 -0.290194E+01
 -0.293583E+01
 -0.297102E+01
 -0.300743E+01
 -0.304480E+01
 -0.308327E+01
 -0.312262E+01
 -0.316279E+01
 -0.320349E+01
 -0.324474E+01
 -0.328619E+01
 -0.332762E+01
 -0.336879E+01
 -0.340973E+01
 -0.345015E+01
 -0.349005E+01
 -0.352909E+01
 -0.356742E+01
 -0.360495E+01
 -0.364163E+01
 -0.367736E+01
 -0.371242E+01
 -0.374655E+01
 -0.377989E+01
 -0.381227E+01
 -0.384400E+01
 -0.387492E+01
 -0.390494E+01
 -0.393385E+01
 -0.396180E+01
 -0.398846E+01
 -0.401388E+01
 -0.403772E+01
 -0.406021E+01
 -0.408107E+01
 -0.410007E+01
 -0.411707E+01
 -0.413226E+01
 -0.414534E+01
 -0.415647E+01
 -0.416540E+01
 -0.417245E+01
 -0.417744E+01
 -0.418041E+01
 -0.418130E+01
 -0.418044E+01
 -0.417765E+01
 -0.417313E+01
 -0.416664E+01
 -0.415855E+01
 -0.414887E+01
 -0.413761E+01
 -0.412474E+01
 -0.411069E+01
 -0.409527E+01
 -0.407879E+01
 -0.406113E+01
 -0.404262E+01
 -0.402331E+01
 -0.400325E+01
 -0.398247E+01
 -0.396151E+01
 -0.394030E+01
 -0.391919E+01
 -0.389809E+01
 -0.387739E+01
 -0.385716E+01
 -0.383745E+01
 -0.381832E+01
 -0.380016E+01
 -0.378276E+01
 -0.376634E+01
 -0.375071E+01
 -0.373614E+01
 -0.372256E+01
 -0.370999E+01
 -0.369828E+01
 -0.368771E+01
 -0.367814E+01
 -0.366963E+01
 -0.366200E+01
 -0.365548E+01
 -0.364977E+01
 -0.364481E+01
 -0.364035E+01
 -0.363652E+01
 -0.363304E+01
 -0.363000E+01
 -0.362710E+01
 -0.362446E+01
 -0.362191E+01
 -0.361937E+01
 -0.361661E+01
 -0.361384E+01
 -0.361073E+01
 -0.360740E+01
 -0.360361E+01
 -0.359948E+01
 -0.359481E+01
 -0.358942E+01
 -0.358304E+01
 -0.357573E+01
 -0.356716E+01
 -0.355735E+01
 -0.354596E+01
 -0.353318E+01
 -0.351880E+01
 -0.350275E+01
 -0.348493E+01
 -0.346555E+01
 -0.344447E+01
 -0.342189E+01
 -0.339764E+01
 -0.337196E+01
 -0.334472E+01
 -0.331594E+01
 -0.328544E+01
 -0.325339E+01
 -0.321958E+01
 -0.318407E+01
 -0.314676E+01
 -0.310780E+01
 -0.306705E+01
 -0.302458E+01
 -0.298028E+01
 -0.293435E+01
 -0.288666E+01
 -0.283747E+01
 -0.278672E+01
 -0.273465E+01
 -0.268126E+01
 -0.262658E+01
 -0.257059E+01
 -0.251356E+01
 -0.245531E+01
 -0.239595E+01
 -0.233549E+01
 -0.227417E+01
 -0.221203E+01
 -0.214919E+01
 -0.208567E+01
 -0.202172E+01
 -0.195728E+01
 -0.189245E+01
 -0.182725E+01
 -0.176192E+01
 -0.169651E+01
 -0.163110E+01
 -0.156581E+01
 -0.150085E+01
 -0.143619E+01
 -0.137203E+01
 -0.130843E+01
 -0.124559E+01
 -0.118361E+01
 -0.112263E+01
 -0.106272E+01
 -0.100398E+01
 -0.946452E+00
 -0.890058E+00
 -0.834608E+00
 -0.780220E+00
 -0.726824E+00
 -0.674285E+00
 -0.622594E+00
 -0.571634E+00
 -0.521375E+00
 -0.471835E+00
 -0.422926E+00
 -0.374631E+00
 -0.326910E+00
 -0.279739E+00
 -0.233069E+00
 -0.186832E+00
 -0.141062E+00
 -0.956923E-01
 -0.506583E-01
 -0.586551E-02
  0.387360E-01
  0.831014E-01
  0.127186E+00
  0.171059E+00
  0.214609E+00
  0.257723E+00
  0.300318E+00
  0.342465E+00
  0.384102E+00
  0.425206E+00
  0.465752E+00
  0.505826E+00
  0.545430E+00
  0.584674E+00
  0.623459E+00
  0.661896E+00
  0.699942E+00
  0.737453E+00
  0.774373E+00
  0.810760E+00
  0.846411E+00
  0.881407E+00
  0.915717E+00
  0.949474E+00
  0.982732E+00
  0.101551E+01
  0.104780E+01
  0.107992E+01
  0.111195E+01
  0.114409E+01
  0.117622E+01
  0.120848E+01
  0.124083E+01
  0.127321E+01
  0.130555E+01
  0.133797E+01
  0.137032E+01
  0.140268E+01
  0.143488E+01
  0.146698E+01
  0.149889E+01
  0.153056E+01
  0.156196E+01
  0.159328E+01
  0.162434E+01
  0.165521E+01
  0.168581E+01
  0.171629E+01
  0.174659E+01
  0.177678E+01
  0.180690E+01
  0.183724E+01
  0.186771E+01
  0.189847E+01
  0.192943E+01
  0.196080E+01
  0.199255E+01
  0.202457E+01
  0.205669E+01
  0.208910E+01
  0.212152E+01
  0.215404E+01
  0.218648E+01
  0.221906E+01
  0.225168E+01
  0.228430E+01
  0.231690E+01
  0.234973E+01
  0.238269E+01
  0.241598E+01
  0.244945E+01
  0.248339E+01
  0.251764E+01
  0.255212E+01
  0.258672E+01
  0.262164E+01
  0.265657E+01
  0.269162E+01
  0.272650E+01
  0.276143E+01
  0.279633E+01
  0.283116E+01
  0.286584E+01
  0.290076E+01
  0.293582E+01
  0.297136E+01
  0.300731E+01
  0.304403E+01
  0.308145E+01
  0.311954E+01
  0.315813E+01
  0.319753E+01
  0.323755E+01
  0.327847E+01
  0.332004E+01
  0.336251E+01
  0.340582E+01
  0.344991E+01
  0.349463E+01
  0.354033E+01
  0.358673E+01
  0.363402E+01
  0.368193E+01
  0.373077E+01
  0.378034E+01
  0.383061E+01
  0.388139E+01
  0.393299E+01
  0.398513E+01
  0.403805E+01
  0.409144E+01
  0.414569E+01
  0.420066E+01
  0.425618E+01
  0.431216E+01
  0.436896E+01
  0.442623E+01
  0.448428E+01
  0.454284E+01
  0.460227E+01
  0.466236E+01
  0.472300E+01
  0.478390E+01
  0.484537E+01
  0.490691E+01
  0.496868E+01
  0.503015E+01
  0.509168E+01
  0.515302E+01
  0.521396E+01
  0.527424E+01
  0.533431E+01
  0.539377E+01
  0.545290E+01
  0.551128E+01
  0.556932E+01
  0.562679E+01
  0.568359E+01
  0.573945E+01
  0.579488E+01
  0.584936E+01
  0.590310E+01
  0.595560E+01
  0.600732E+01
  0.605798E+01
  0.610739E+01
  0.615540E+01
  0.620252E+01
  0.624828E+01
  0.629305E+01
  0.633632E+01
  0.637863E+01
  0.641975E+01
  0.645950E+01
  0.649756E+01
  0.653448E+01
  0.656975E+01
  0.660368E+01
  0.663583E+01
  0.666687E+01
  0.669654E+01
  0.672478E+01
  0.675136E+01
  0.677686E+01
  0.680091E+01
  0.682401E+01
  0.684577E+01
  0.686693E+01
  0.688729E+01
  0.690682E+01
  0.692527E+01
  0.694332E+01
  0.696052E+01
  0.697740E+01
  0.699354E+01
  0.700958E+01
  0.702550E+01
  0.704121E+01
  0.705660E+01
  0.707240E+01
  0.708820E+01
  0.710449E+01
  0.712083E+01
  0.713805E+01
  0.715594E+01
  0.717456E+01
  0.719375E+01
  0.721417E+01
  0.723534E+01
  0.725770E+01
  0.728079E+01
  0.730531E+01
  0.733105E+01
  0.735790E+01
  0.738551E+01
  0.741440E+01
  0.744390E+01
  0.747424E+01
  0.750471E+01
  0.753586E+01
  0.756722E+01
  0.759853E+01
  0.762933E+01
  0.766017E+01
  0.769045E+01
  0.772056E+01
  0.774996E+01
  0.777934E+01
  0.780840E+01
  0.783693E+01
  0.786466E+01
  0.789232E+01
  0.791926E+01
  0.794587E+01
  0.797148E+01
  0.799660E+01
  0.802084E+01
  0.804405E+01
  0.806575E+01
  0.808650E+01
  0.810567E+01
  0.812357E+01
  0.813957E+01
  0.815445E+01
  0.816798E+01
  0.818012E+01
  0.819067E+01
  0.820047E+01
  0.820905E+01
  0.821697E+01
  0.822377E+01
  0.823031E+01
  0.823641E+01
  0.824210E+01
  0.824724E+01
  0.825272E+01
  0.825800E+01
  0.826359E+01
  0.826895E+01
  0.827491E+01
  0.828132E+01
  0.828801E+01
  0.829487E+01
  0.830266E+01
  0.831078E+01
  0.831973E+01
  0.832888E+01
  0.833900E+01
  0.834986E+01
  0.836137E+01
  0.837319E+01
  0.838605E+01
  0.839934E+01
  0.841347E+01
  0.842778E+01
  0.844295E+01
  0.845866E+01
  0.847480E+01
  0.849111E+01
  0.850840E+01
  0.852610E+01
  0.854474E+01
  0.856373E+01
  0.858387E+01
  0.860482E+01
  0.862640E+01
  0.864823E+01
  0.867098E+01
  0.869392E+01
  0.871744E+01
  0.874083E+01
  0.876475E+01
  0.878877E+01
  0.881261E+01
  0.883591E+01
  0.885934E+01
  0.888216E+01
  0.890480E+01
  0.892657E+01
  0.894812E+01
  0.896898E+01
  0.898901E+01
  0.900786E+01
  0.902620E+01
  0.904324E+01
  0.905939E+01
  0.907389E+01
  0.908742E+01
  0.909962E+01
  0.911041E+01
  0.911946E+01
  0.912766E+01
  0.913438E+01
  0.914009E+01
  0.914421E+01
  0.914756E+01
  0.914977E+01
  0.915066E+01
  0.914986E+01
  0.914814E+01
  0.914477E+01
  0.914020E+01
  0.913364E+01
  0.912587E+01
  0.911667E+01
  0.910578E+01
  0.909294E+01
  0.907903E+01
  0.906351E+01
  0.904695E+01
  0.902876E+01
  0.900976E+01
  0.898962E+01
  0.896823E+01
  0.894527E+01
  0.892148E+01
  0.889622E+01
  0.887001E+01
  0.884224E+01
  0.881370E+01
  0.878408E+01
  0.875328E+01
  0.872105E+01
  0.868823E+01
  0.865435E+01
  0.861993E+01
  0.858435E+01
  0.854842E+01
  0.851184E+01
  0.847459E+01
  0.843642E+01
  0.839817E+01
  0.835926E+01
  0.832024E+01
  0.828054E+01
  0.824095E+01
  0.820123E+01
  0.816125E+01
  0.812067E+01
  0.808023E+01
  0.803932E+01
  0.799844E+01
  0.795701E+01
  0.791579E+01
  0.787457E+01
  0.783330E+01
  0.779179E+01
  0.775093E+01
  0.771021E+01
  0.767016E+01
  0.763041E+01
  0.759174E+01
  0.755390E+01
  0.751682E+01
  0.748030E+01
  0.744504E+01
  0.741049E+01
  0.737721E+01
  0.734465E+01
  0.731346E+01
  0.728335E+01
  0.725417E+01
  0.722555E+01
  0.719808E+01
  0.717112E+01
  0.714496E+01
  0.711902E+01
  0.709386E+01
  0.706908E+01
  0.704440E+01
  0.701961E+01
  0.699522E+01
  0.697069E+01
  0.694643E+01
  0.692181E+01
  0.689751E+01
  0.687318E+01
  0.684872E+01
  0.682391E+01
  0.679932E+01
  0.677441E+01
  0.674961E+01
  0.672451E+01
  0.669982E+01
  0.667535E+01
  0.665117E+01
  0.662703E+01
  0.660354E+01
  0.658024E+01
  0.655755E+01
  0.653502E+01
  0.651323E+01
  0.649187E+01
  0.647081E+01
  0.644975E+01
  0.642917E+01
  0.640846E+01
  0.638797E+01
  0.636724E+01
  0.634676E+01
  0.632634E+01
  0.630588E+01
  0.628507E+01
  0.626446E+01
  0.624345E+01
  0.622231E+01
  0.620055E+01
  0.617864E+01
  0.615614E+01
  0.613290E+01
  0.610861E+01
  0.608384E+01
  0.605817E+01
  0.603191E+01
  0.600454E+01
  0.597662E+01
  0.594783E+01
  0.591808E+01
  0.588718E+01
  0.585570E+01
  0.582314E+01
  0.578976E+01
  0.575503E+01
  0.571949E+01
  0.568288E+01
  0.564512E+01
  0.560591E+01
  0.556583E+01
  0.552445E+01
  0.548207E+01
  0.543827E+01
  0.539368E+01
  0.534812E+01
  0.530148E+01
  0.525366E+01
  0.520511E+01
  0.515548E+01
  0.510525E+01
  0.505403E+01
  0.500233E+01
  0.494997E+01
  0.489696E+01
  0.484302E+01
  0.478866E+01
  0.473358E+01
  0.467805E+01
  0.462165E+01
  0.456469E+01
  0.450682E+01
  0.444801E+01
  0.438803E+01
  0.432727E+01
  0.426535E+01
  0.420255E+01
  0.413856E+01
  0.407384E+01
  0.400825E+01
  0.394182E+01
  0.387447E+01
  0.380661E+01
  0.373797E+01
  0.366877E+01
  0.359871E+01
  0.352816E+01
  0.345686E+01
  0.338478E+01
  0.331172E+01
  0.323796E+01
  0.316320E+01
  0.308755E+01
  0.301070E+01
  0.293293E+01
  0.285406E+01
  0.277408E+01
  0.269280E+01
  0.261054E+01
  0.252719E+01
  0.244309E+01
  0.235817E+01
  0.227280E+01
  0.218693E+01
  0.210086E+01
  0.201476E+01
  0.192912E+01
  0.184390E+01
  0.175939E+01
  0.167550E+01
  0.159257E+01
  0.151059E+01
  0.142967E+01
  0.134981E+01
  0.127117E+01
  0.119362E+01
  0.111730E+01
  0.104207E+01
  0.968057E+00
  0.895168E+00
  0.823292E+00
  0.752301E+00
  0.682297E+00
  0.613148E+00
  0.544957E+00
  0.477611E+00
  0.411144E+00
  0.345423E+00
  0.280449E+00
  0.216134E+00
  0.152534E+00
  0.895371E-01
  0.271217E-01
 -0.348994E-01
 -0.964963E-01
 -0.157726E+00
 -0.218641E+00
 -0.279324E+00
 -0.339709E+00
 -0.399878E+00
 -0.459803E+00
 -0.519466E+00
 -0.578836E+00
 -0.638015E+00
 -0.697020E+00
 -0.755935E+00
 -0.814848E+00
 -0.873839E+00
 -0.932920E+00
 -0.992208E+00
 -0.105181E+01
 -0.111179E+01
 -0.117221E+01
 -0.123316E+01
 -0.129470E+01
 -0.135684E+01
 -0.141958E+01
 -0.148287E+01
 -0.154679E+01
 -0.161132E+01
 -0.167642E+01
 -0.174206E+01
 -0.180829E+01
 -0.187506E+01
 -0.194243E+01
 -0.201032E+01
 -0.207877E+01
 -0.214780E+01
 -0.221741E+01
 -0.228751E+01
 -0.235821E+01
 -0.242936E+01
 -0.250098E+01
 -0.257292E+01
 -0.264530E+01
 -0.271812E+01
 -0.279133E+01
 -0.286480E+01
 -0.293865E+01
 -0.301271E+01
 -0.308713E+01
 -0.316174E+01
 -0.323674E+01
 -0.331211E+01
 -0.338776E+01
 -0.346352E+01
 -0.353961E+01
 -0.361586E+01
 -0.369236E+01
 -0.376883E+01
 -0.384541E+01
 -0.392191E+01
 -0.399817E+01
 -0.407397E+01
 -0.414945E+01
 -0.422434E+01
 -0.429872E+01
 -0.437219E+01
 -0.444497E+01
 -0.451687E+01
 -0.458768E+01
 -0.465726E+01
 -0.472597E+01
 -0.479349E+01
 -0.486013E+01
 -0.492578E+01
 -0.499078E+01
 -0.505501E+01
 -0.511853E+01
 -0.518124E+01
 -0.524349E+01
 -0.530500E+01
 -0.536598E+01
 -0.542604E+01
 -0.548560E+01
 -0.554449E+01
 -0.560243E+01
 -0.565924E+01
 -0.571526E+01
 -0.577008E+01
 -0.582397E+01
 -0.587664E+01
 -0.592848E+01
 -0.597937E+01
 -0.602917E+01
 -0.607768E+01
 -0.612531E+01
 -0.617166E+01
 -0.621698E+01
 -0.626103E+01
 -0.630435E+01
 -0.634669E+01
 -0.638787E+01
 -0.642769E+01
 -0.646655E+01
 -0.650405E+01
 -0.654048E+01
 -0.657533E+01
 -0.660905E+01
 -0.664143E+01
 -0.667234E+01
 -0.670158E+01
 -0.672954E+01
 -0.675570E+01
 -0.678028E+01
 -0.680276E+01
 -0.682358E+01
 -0.684253E+01
 -0.685939E+01
 -0.687402E+01
 -0.688681E+01
 -0.689732E+01
 -0.690582E+01
 -0.691185E+01
 -0.691594E+01
 -0.691784E+01
 -0.691735E+01
 -0.691425E+01
 -0.690899E+01
 -0.690112E+01
 -0.689100E+01
 -0.687830E+01
 -0.686356E+01
 -0.684665E+01
 -0.682754E+01
 -0.680602E+01
 -0.678266E+01
 -0.675713E+01
 -0.672980E+01
 -0.670035E+01
 -0.666944E+01
 -0.663698E+01
 -0.660299E+01
 -0.656737E+01
 -0.653063E+01
 -0.649250E+01
 -0.645348E+01
 -0.641338E+01
 -0.637288E+01
 -0.633200E+01
 -0.629072E+01
 -0.624905E+01
 -0.620757E+01
 -0.616600E+01
 -0.612477E+01
 -0.608360E+01
 -0.604300E+01
 -0.600286E+01
 -0.596312E+01
 -0.592364E+01
 -0.588492E+01
 -0.584672E+01
 -0.580929E+01
 -0.577234E+01
 -0.573643E+01
 -0.570151E+01
 -0.566760E+01
 -0.563467E+01
 -0.560322E+01
 -0.557303E+01
 -0.554443E+01
 -0.551713E+01
 -0.549152E+01
 -0.546743E+01
 -0.544481E+01
 -0.542339E+01
 -0.540340E+01
 -0.538443E+01
 -0.536657E+01
 -0.534942E+01
 -0.533322E+01
 -0.531775E+01
 -0.530274E+01
 -0.528798E+01
 -0.527384E+01
 -0.526002E+01
 -0.524673E+01
 -0.523365E+01
 -0.522110E+01
 -0.520889E+01
 -0.519691E+01
 -0.518494E+01
 -0.517332E+01
 -0.516169E+01
 -0.515021E+01
 -0.513854E+01
 -0.512692E+01
 -0.511500E+01
 -0.510264E+01
 -0.508958E+01
 -0.507603E+01
 -0.506168E+01
 -0.504671E+01
 -0.503073E+01
 -0.501403E+01
 -0.499639E+01
 -0.497769E+01
 -0.495770E+01
 -0.493671E+01
 -0.491437E+01
 -0.489072E+01
 -0.486538E+01
 -0.483865E+01
 -0.481024E+01
 -0.477998E+01
 -0.474767E+01
 -0.471353E+01
 -0.467732E+01
 -0.463923E+01
 -0.459900E+01
 -0.455711E+01
 -0.451358E+01
 -0.446854E+01
 -0.442202E+01
 -0.437445E+01
 -0.432572E+01
 -0.427606E+01
 -0.422525E+01
 -0.417363E+01
 -0.412102E+01
 -0.406732E+01
 -0.401246E+01
 -0.395672E+01
 -0.389996E+01
 -0.384251E+01
 -0.378428E+01
 -0.372563E+01
 -0.366663E+01
 -0.360743E+01
 -0.354817E+01
 -0.348924E+01
 -0.343063E+01
 -0.337260E+01
 -0.331503E+01
 -0.325815E+01
 -0.320195E+01
 -0.314635E+01
 -0.309128E+01
 -0.303699E+01
 -0.298334E+01
 -0.293038E+01
 -0.287801E+01
 -0.282643E+01
 -0.277557E+01
 -0.272542E+01
 -0.267597E+01
 -0.262742E+01
 -0.257969E+01
 -0.253286E+01
 -0.248670E+01
 -0.244127E+01
 -0.239646E+01
 -0.235217E+01
 -0.230830E+01
 -0.226492E+01
 -0.222185E+01
 -0.217907E+01
 -0.213649E+01
 -0.209421E+01
 -0.205221E+01
 -0.201051E+01
 -0.196915E+01
 -0.192827E+01
 -0.188782E+01
 -0.184792E+01
 -0.180848E+01
 -0.176970E+01
 -0.173165E+01
 -0.169432E+01
 -0.165772E+01
 -0.162197E+01
 -0.158702E+01
 -0.155297E+01
 -0.151980E+01
 -0.148768E+01
 -0.145659E+01
 -0.142648E+01
 -0.139736E+01
 -0.136936E+01
 -0.134250E+01
 -0.131678E+01
 -0.129218E+01
 -0.126875E+01
 -0.124646E+01
 -0.122534E+01
 -0.120546E+01
 -0.118685E+01
 -0.116945E+01
 -0.115330E+01
 -0.113836E+01
 -0.112463E+01
 -0.111214E+01
 -0.110084E+01
 -0.109065E+01
 -0.108159E+01
 -0.107358E+01
 -0.106656E+01
 -0.106047E+01
 -0.105527E+01
 -0.105095E+01
 -0.104750E+01
 -0.104489E+01
 -0.104309E+01
 -0.104215E+01
 -0.104217E+01
 -0.104323E+01
 -0.104546E+01
 -0.104898E+01
 -0.105375E+01
 -0.105982E+01
 -0.106724E+01
 -0.107592E+01
 -0.108586E+01
 -0.109706E+01
 -0.110943E+01
 -0.112293E+01
 -0.113750E+01
 -0.115289E+01
 -0.116899E+01
 -0.118564E+01
 -0.120270E+01
 -0.121999E+01
 -0.123748E+01
 -0.125502E+01
 -0.127247E+01
 -0.128971E+01
 -0.130660E+01
 -0.132291E+01
 -0.133848E+01
 -0.135308E+01
 -0.136658E+01
 -0.137877E+01
 -0.138939E+01
 -0.139824E+01
 -0.140527E+01
 -0.141035E+01
 -0.141350E+01
 -0.141472E+01
 -0.141415E+01
 -0.141186E+01
 -0.140798E+01
 -0.140261E+01
 -0.139602E+01
 -0.138832E+01
 -0.137971E+01
 -0.137024E+01
 -0.136000E+01
 -0.134903E+01
 -0.133728E+01
 -0.132485E+01
 -0.131194E+01
 -0.129865E+01
 -0.128516E+01
 -0.127163E+01
 -0.125834E+01
 -0.124541E+01
 -0.123295E+01
 -0.122102E+01
 -0.120973E+01
 -0.119917E+01
 -0.118940E+01
 -0.118044E+01
 -0.117241E+01
 -0.116527E+01
 -0.115895E+01
 -0.115348E+01
 -0.114887E+01
 -0.114507E+01
 -0.114198E+01
 -0.113952E+01
 -0.113766E+01
 -0.113629E+01
 -0.113532E+01
 -0.113475E+01
 -0.113460E+01
 -0.113496E+01
 -0.113591E+01
 -0.113755E+01
 -0.114010E+01
 -0.114370E+01
 -0.114844E+01
 -0.115456E+01
 -0.116227E+01
 -0.117163E+01
 -0.118275E+01
 -0.119564E+01
 -0.121033E+01
 -0.122685E+01
 -0.124514E+01
 -0.126524E+01
 -0.128722E+01
 -0.131107E+01
 -0.133683E+01
 -0.136453E+01
 -0.139426E+01
 -0.142605E+01
 -0.145991E+01
 -0.149591E+01
 -0.153403E+01
 -0.157422E+01
 -0.161645E+01
 -0.166056E+01
 -0.170654E+01
 -0.175427E+01
 -0.180362E+01
 -0.185449E+01
 -0.190689E+01
 -0.196069E+01
 -0.201583E+01
 -0.207222E+01
 -0.212986E+01
 -0.218863E+01
 -0.224839E+01
 -0.230891E+01
 -0.237018E+01
 -0.243204E+01
 -0.249439E+01
 -0.255705E+01
 -0.262017E+01
 -0.268361E+01
 -0.274727E+01
 -0.281111E+01
 -0.287527E+01
 -0.293962E+01
 -0.300432E+01
 -0.306920E+01
 -0.313435E+01
 -0.319979E+01
 -0.326539E+01
 -0.333110E+01
 -0.339716E+01
 -0.346344E+01
 -0.353010E+01
 -0.359692E+01
 -0.366417E+01
 -0.373184E+01
 -0.379985E+01
 -0.386821E+01
 -0.393723E+01
 -0.400680E+01
 -0.407716E+01
 -0.414820E+01
 -0.422027E+01
 -0.429337E+01
 -0.436743E+01
 -0.444250E+01
 -0.451891E+01
 -0.459648E+01
 -0.467545E+01
 -0.475554E+01
 -0.483711E+01
 -0.492014E+01
 -0.500454E+01
 -0.509023E+01
 -0.517756E+01
 -0.526622E+01
 -0.535648E+01
 -0.544795E+01
 -0.554096E+01
 -0.563535E+01
 -0.573085E+01
 -0.582727E+01
 -0.592500E+01
 -0.602364E+01
 -0.612344E+01
 -0.622409E+01
 -0.632599E+01
 -0.642897E+01
 -0.653285E+01
 -0.663734E+01
 -0.674295E+01
 -0.684931E+01
 -0.695677E+01
 -0.706498E+01
 -0.717451E+01
 -0.728519E+01
 -0.739690E+01
 -0.750939E+01
 -0.762321E+01
 -0.773785E+01
 -0.785357E+01
 -0.796982E+01
 -0.808705E+01
 -0.820497E+01
 -0.832332E+01
 -0.844178E+01
 -0.856091E+01
 -0.868009E+01
 -0.879968E+01
 -0.891916E+01
 -0.903918E+01
 -0.915959E+01
 -0.928007E+01
 -0.940038E+01
 -0.952117E+01
 -0.964177E+01
 -0.976246E+01
 -0.988255E+01
 -0.100027E+02
 -0.101225E+02
 -0.102418E+02
 -0.103600E+02
 -0.104777E+02
 -0.105940E+02
 -0.107093E+02
 -0.108229E+02
 -0.109355E+02
 -0.110466E+02
 -0.111559E+02
 -0.112630E+02
 -0.113687E+02
 -0.114722E+02
 -0.115740E+02
 -0.116731E+02
 -0.117705E+02
 -0.118656E+02
 -0.119582E+02
 -0.120481E+02
 -0.121360E+02
 -0.122214E+02
 -0.123047E+02
 -0.123852E+02
 -0.124635E+02
 -0.125395E+02
 -0.126127E+02
 -0.126827E+02
 -0.127505E+02
 -0.128152E+02
 -0.128771E+02
 -0.129355E+02
 -0.129911E+02
 -0.130437E+02
 -0.130930E+02
 -0.131387E+02
 -0.131818E+02
 -0.132216E+02
 -0.132589E+02
 -0.132928E+02
 -0.133246E+02
 -0.133539E+02
 -0.133807E+02
 -0.134047E+02
 -0.134272E+02
 -0.134474E+02
 -0.134660E+02
 -0.134824E+02
 -0.134977E+02
 -0.135116E+02
 -0.135241E+02
 -0.135347E+02
 -0.135446E+02
 -0.135531E+02
 -0.135609E+02
 -0.135672E+02
 -0.135732E+02
 -0.135784E+02
 -0.135826E+02
 -0.135852E+02
 -0.135874E+02
 -0.135881E+02
 -0.135880E+02
 -0.135860E+02
 -0.135833E+02
 -0.135795E+02
 -0.135745E+02
 -0.135679E+02
 -0.135609E+02
 -0.135527E+02
 -0.135442E+02
 -0.135345E+02
 -0.135250E+02
 -0.135154E+02
 -0.135056E+02
 -0.134954E+02
 -0.134858E+02
 -0.134761E+02
 -0.134670E+02
 -0.134574E+02
 -0.134485E+02
 -0.134398E+02
 -0.134311E+02
 -0.134220E+02
 -0.134134E+02
 -0.134046E+02
 -0.133962E+02
 -0.133874E+02
 -0.133795E+02
 -0.133720E+02
 -0.133648E+02
 -0.133575E+02
 -0.133512E+02
 -0.133450E+02
 -0.133396E+02
 -0.133342E+02
 -0.133299E+02
 -0.133262E+02
 -0.133228E+02
 -0.133193E+02
 -0.133168E+02
 -0.133143E+02
 -0.133126E+02
 -0.133108E+02
 -0.133099E+02
 -0.133097E+02
 -0.133097E+02
 -0.133095E+02
 -0.133103E+02
 -0.133112E+02
 -0.133127E+02
 -0.133141E+02
 -0.133163E+02
 -0.133189E+02
 -0.133217E+02
 -0.133242E+02
 -0.133275E+02
 -0.133305E+02
 -0.133340E+02
 -0.133368E+02
 -0.133400E+02
 -0.133430E+02
 -0.133455E+02
 -0.133470E+02
 -0.133486E+02
 -0.133494E+02
 -0.133498E+02
 -0.133490E+02
 -0.133479E+02
 -0.133460E+02
 -0.133429E+02
 -0.133381E+02
 -0.133328E+02
 -0.133259E+02
 -0.133182E+02
 -0.133087E+02
 -0.132985E+02
 -0.132870E+02
 -0.132743E+02
 -0.132599E+02
 -0.132449E+02
 -0.132285E+02
 -0.132115E+02
 -0.131932E+02
 -0.131746E+02
 -0.131552E+02
 -0.131351E+02
 -0.131138E+02
 -0.130923E+02
 -0.130699E+02
 -0.130472E+02
 -0.130236E+02
 -0.129999E+02
 -0.129759E+02
 -0.129510E+02
 -0.129250E+02
 -0.128988E+02
 -0.128716E+02
 -0.128439E+02
 -0.128151E+02
 -0.127859E+02
 -0.127560E+02
 -0.127252E+02
 -0.126932E+02
 -0.126611E+02
 -0.126280E+02
 -0.125947E+02
 -0.125602E+02
 -0.125257E+02
 -0.124908E+02
 -0.124553E+02
 -0.124188E+02
 -0.123823E+02
 -0.123448E+02
 -0.123071E+02
 -0.122682E+02
 -0.122290E+02
 -0.121891E+02
 -0.121483E+02
 -0.121062E+02
 -0.120637E+02
 -0.120202E+02
 -0.119761E+02
 -0.119305E+02
 -0.118844E+02
 -0.118375E+02
 -0.117893E+02
 -0.117397E+02
 -0.116896E+02
 -0.116381E+02
 -0.115859E+02
 -0.115320E+02
 -0.114774E+02
 -0.114216E+02
 -0.113644E+02
 -0.113054E+02
 -0.112454E+02
 -0.111839E+02
 -0.111211E+02
 -0.110563E+02
 -0.109904E+02
 -0.109228E+02
 -0.108534E+02
 -0.107816E+02
 -0.107085E+02
 -0.106333E+02
 -0.105566E+02
 -0.104778E+02
 -0.103976E+02
 -0.103159E+02
 -0.102324E+02
 -0.101471E+02
 -0.100605E+02
 -0.997213E+01
 -0.988241E+01
 -0.979072E+01
 -0.969784E+01
 -0.960350E+01
 -0.950759E+01
 -0.940982E+01
 -0.931098E+01
 -0.921064E+01
 -0.910936E+01
 -0.900671E+01
 -0.890353E+01
 -0.879963E+01
 -0.869506E+01
 -0.858968E+01
 -0.848430E+01
 -0.837855E+01
 -0.827301E+01
 -0.816731E+01
 -0.806228E+01
 -0.795783E+01
 -0.785395E+01
 -0.775045E+01
 -0.764802E+01
 -0.754624E+01
 -0.744554E+01
 -0.734562E+01
 -0.724708E+01
 -0.714971E+01
 -0.705350E+01
 -0.695830E+01
 -0.686464E+01
 -0.677211E+01
 -0.668107E+01
 -0.659105E+01
 -0.650253E+01
 -0.641528E+01
 -0.632906E+01
 -0.624354E+01
 -0.615908E+01
 -0.607521E+01
 -0.599204E+01
 -0.590902E+01
 -0.582644E+01
 -0.574404E+01
 -0.566174E+01
 -0.557933E+01
 -0.549717E+01
 -0.541498E+01
 -0.533309E+01
 -0.525132E+01
 -0.517020E+01
 -0.508973E+01
 -0.501000E+01
 -0.493097E+01
 -0.485318E+01
 -0.477637E+01
 -0.470080E+01
 -0.462625E+01
 -0.455309E+01
 -0.448119E+01
 -0.441050E+01
 -0.434084E+01
 -0.427245E+01
 -0.420500E+01
 -0.413863E+01
 -0.407305E+01
 -0.400846E+01
 -0.394474E+01
 -0.388181E+01
 -0.381951E+01
 -0.375813E+01
 -0.369754E+01
 -0.363798E+01
 -0.357929E+01
 -0.352178E+01
 -0.346532E+01
 -0.340993E+01
 -0.335567E+01
 -0.330287E+01
 -0.325139E+01
 -0.320150E+01
 -0.315306E+01
 -0.310624E+01
 -0.306086E+01
 -0.301681E+01
 -0.297398E+01
 -0.293249E+01
 -0.289204E+01
 -0.285271E+01
 -0.281424E+01
 -0.277670E+01
 -0.273988E+01
 -0.270366E+01
 -0.266787E+01
 -0.263259E+01
 -0.259758E+01
 -0.256287E+01
 -0.252820E+01
 -0.249360E+01
 -0.245891E+01
 -0.242399E+01
 -0.238871E+01
 -0.235320E+01
 -0.231729E+01
 -0.228108E+01
 -0.224451E+01
 -0.220773E+01
 -0.217071E+01
 -0.213349E+01
 -0.209606E+01
 -0.205851E+01
 -0.202078E+01
 -0.198304E+01
 -0.194526E+01
 -0.190766E+01
 -0.187018E+01
 -0.183273E+01
 -0.179526E+01
 -0.175785E+01
 -0.172038E+01
 -0.168299E+01
 -0.164561E+01
 -0.160829E+01
 -0.157097E+01
 -0.153371E+01
 -0.149659E+01
 -0.145981E+01
 -0.142338E+01
 -0.138740E+01
 -0.135184E+01
 -0.131675E+01
 -0.128207E+01
 -0.124780E+01
 -0.121388E+01
 -0.118026E+01
 -0.114678E+01
 -0.111336E+01
 -0.107989E+01
 -0.104640E+01
 -0.101291E+01
 -0.979464E+00
 -0.946117E+00
 -0.913025E+00
 -0.880173E+00
 -0.847640E+00
 -0.815495E+00
 -0.783859E+00
 -0.752877E+00
 -0.722685E+00
 -0.693412E+00
 -0.665198E+00
 -0.638052E+00
 -0.611999E+00
 -0.587073E+00
 -0.563238E+00
 -0.540510E+00
 -0.518905E+00
 -0.498390E+00
 -0.478991E+00
 -0.460700E+00
 -0.443456E+00
 -0.427262E+00
 -0.412078E+00
 -0.397906E+00
 -0.384760E+00
 -0.372676E+00
 -0.361610E+00
 -0.351632E+00
 -0.342850E+00
 -0.335244E+00
 -0.328772E+00
 -0.323470E+00
 -0.319400E+00
 -0.316645E+00
 -0.315202E+00
 -0.315086E+00
 -0.316252E+00
 -0.318714E+00
 -0.322389E+00
 -0.327196E+00
 -0.333082E+00
 -0.339961E+00
 -0.347667E+00
 -0.356077E+00
 -0.365049E+00
 -0.374483E+00
 -0.384232E+00
 -0.394208E+00
 -0.404298E+00
 -0.414358E+00
 -0.424240E+00
 -0.433761E+00
 -0.442891E+00
 -0.451694E+00
 -0.460109E+00
 -0.468115E+00
 -0.475639E+00
 -0.482616E+00
 -0.488885E+00
 -0.494352E+00
 -0.498943E+00
 -0.502562E+00
 -0.505136E+00
 -0.506646E+00
 -0.506983E+00
 -0.506064E+00
 -0.503853E+00
 -0.500308E+00
 -0.495428E+00
 -0.489281E+00
 -0.481857E+00
 -0.473291E+00
 -0.463737E+00
 -0.453244E+00
 -0.441895E+00
 -0.429728E+00
 -0.416748E+00
 -0.403054E+00
 -0.388699E+00
 -0.373804E+00
 -0.358423E+00
 -0.342631E+00
 -0.326411E+00
 -0.309754E+00
 -0.292716E+00
 -0.275383E+00
 -0.257826E+00
 -0.240183E+00
 -0.222534E+00
 -0.204946E+00
 -0.187472E+00
 -0.170209E+00
 -0.153098E+00
 -0.136154E+00
 -0.119292E+00
 -0.102468E+00
 -0.857288E-01
 -0.690666E-01
 -0.524213E-01
 -0.357726E-01
 -0.189320E-01
 -0.189161E-02
  0.153593E-01
  0.327469E-01
  0.502155E-01
  0.676844E-01
  0.850812E-01
  0.102302E+00
  0.119330E+00
  0.136015E+00
  0.152395E+00
  0.168373E+00
  0.183873E+00
  0.198825E+00
  0.213226E+00
  0.227045E+00
  0.240319E+00
  0.252957E+00
  0.265069E+00
  0.276673E+00
  0.287750E+00
  0.298310E+00
  0.308498E+00
  0.318290E+00
  0.327766E+00
  0.336836E+00
  0.345560E+00
  0.353956E+00
  0.362003E+00
  0.369712E+00
  0.377205E+00
  0.384386E+00
  0.391285E+00
  0.397793E+00
  0.404023E+00
  0.409937E+00
  0.415550E+00
  0.420810E+00
  0.425646E+00
  0.429902E+00
  0.433589E+00
  0.436647E+00
  0.439200E+00
  0.441166E+00
  0.442533E+00
  0.443202E+00
  0.443181E+00
  0.442437E+00
  0.440963E+00
  0.438548E+00
  0.435191E+00
  0.430686E+00
  0.424801E+00
  0.417307E+00
  0.408180E+00
  0.397203E+00
  0.384262E+00
  0.369203E+00
  0.351966E+00
  0.332452E+00
  0.310648E+00
  0.286443E+00
  0.259936E+00
  0.230997E+00
  0.199619E+00
  0.165696E+00
  0.129226E+00
  0.901166E-01
  0.483413E-01
  0.384569E-02
 -0.433321E-01
 -0.932693E-01
 -0.145933E+00
 -0.201458E+00
 -0.259845E+00
 -0.321032E+00
 -0.384999E+00
 -0.451784E+00
 -0.521269E+00
 -0.593426E+00
 -0.668230E+00
 -0.745600E+00
 -0.825413E+00
 -0.907591E+00
 -0.991989E+00
 -0.107848E+01
 -0.116712E+01
 -0.125772E+01
 -0.135015E+01
 -0.144430E+01
 -0.154015E+01
 -0.163768E+01
 -0.173689E+01
 -0.183765E+01
 -0.194007E+01
 -0.204408E+01
 -0.214969E+01
 -0.225687E+01
 -0.236579E+01
 -0.247637E+01
 -0.258862E+01
 -0.270235E+01
 -0.281753E+01
 -0.293399E+01
 -0.305176E+01
 -0.317060E+01
 -0.329059E+01
 -0.341149E+01
 -0.353317E+01
 -0.365540E+01
 -0.377832E+01
 -0.390167E+01
 -0.402548E+01
 -0.414945E+01
 -0.427380E+01
 -0.439837E+01
 -0.452297E+01
 -0.464738E+01
 -0.477179E+01
 -0.489586E+01
 -0.501978E+01
 -0.514319E+01
 -0.526647E+01
 -0.538944E+01
 -0.551205E+01
 -0.563414E+01
 -0.575610E+01
 -0.587767E+01
 -0.599911E+01
 -0.612011E+01
 -0.624114E+01
 -0.636201E+01
 -0.648257E+01
 -0.660255E+01
 -0.672234E+01
 -0.684148E+01
 -0.696016E+01
 -0.707781E+01
 -0.719481E+01
 -0.731083E+01
 -0.742569E+01
 -0.753907E+01
 -0.765143E+01
 -0.776224E+01
 -0.787176E+01
 -0.797942E+01
 -0.808568E+01
 -0.819024E+01
 -0.829292E+01
 -0.839342E+01
 -0.849231E+01
 -0.858908E+01
 -0.868402E+01
 -0.877659E+01
 -0.886739E+01
 -0.895607E+01
 -0.904249E+01
 -0.912621E+01
 -0.920782E+01
 -0.928663E+01
 -0.936298E+01
 -0.943627E+01
 -0.950710E+01
 -0.957513E+01
 -0.964018E+01
 -0.970185E+01
 -0.976083E+01
 -0.981656E+01
 -0.986941E+01
 -0.991877E+01
 -0.996540E+01
 -0.100089E+02
 -0.100490E+02
 -0.100855E+02
 -0.101190E+02
 -0.101487E+02
 -0.101752E+02
 -0.101976E+02
 -0.102166E+02
 -0.102320E+02
 -0.102436E+02
 -0.102510E+02
 -0.102552E+02
 -0.102556E+02
 -0.102527E+02
 -0.102459E+02
 -0.102361E+02
 -0.102229E+02
 -0.102063E+02
 -0.101858E+02
 -0.101622E+02
 -0.101348E+02
 -0.101043E+02
 -0.100697E+02
 -0.100321E+02
 -0.999092E+01
 -0.994608E+01
 -0.989719E+01
 -0.984495E+01
 -0.978869E+01
 -0.972895E+01
 -0.966514E+01
 -0.959806E+01
 -0.952735E+01
 -0.945302E+01
 -0.937473E+01
 -0.929316E+01
 -0.920785E+01
 -0.911926E+01
 -0.902684E+01
 -0.893139E+01
 -0.883265E+01
 -0.873049E+01
 -0.862482E+01
 -0.851633E+01
 -0.840456E+01
 -0.829015E+01
 -0.817272E+01
 -0.805314E+01
 -0.793130E+01
 -0.780729E+01
 -0.768111E+01
 -0.755358E+01
 -0.742439E+01
 -0.729404E+01
 -0.716218E+01
 -0.702955E+01
 -0.689604E+01
 -0.676177E+01
 -0.662664E+01
 -0.649136E+01
 -0.635564E+01
 -0.621986E+01
 -0.608385E+01
 -0.594822E+01
 -0.581278E+01
 -0.567765E+01
 -0.554273E+01
 -0.540852E+01
 -0.527472E+01
 -0.514162E+01
 -0.500896E+01
 -0.487708E+01
 -0.474587E+01
 -0.461519E+01
 -0.448488E+01
 -0.435526E+01
 -0.422607E+01
 -0.409757E+01
 -0.396953E+01
 -0.384223E+01
 -0.371553E+01
 -0.358943E+01
 -0.346381E+01
 -0.333900E+01
 -0.321489E+01
 -0.309173E+01
 -0.296936E+01
 -0.284792E+01
 -0.272731E+01
 -0.260747E+01
 -0.248824E+01
 -0.236972E+01
 -0.225174E+01
 -0.213431E+01
 -0.201716E+01
 -0.190038E+01
 -0.178375E+01
 -0.166718E+01
 -0.155065E+01
 -0.143415E+01
 -0.131759E+01
 -0.120106E+01
 -0.108452E+01
 -0.968001E+00
 -0.851576E+00
 -0.735322E+00
 -0.619293E+00
 -0.503596E+00
 -0.388252E+00
 -0.273290E+00
 -0.158802E+00
 -0.448521E-01
  0.685073E-01
  0.181193E+00
  0.293143E+00
  0.404439E+00
  0.515068E+00
  0.625096E+00
  0.734497E+00
  0.843382E+00
  0.951851E+00
  0.105991E+01
  0.116752E+01
  0.127489E+01
  0.138197E+01
  0.148891E+01
  0.159570E+01
  0.170260E+01
  0.180966E+01
  0.191684E+01
  0.202412E+01
  0.213169E+01
  0.223936E+01
  0.234723E+01
  0.245513E+01
  0.256329E+01
  0.267165E+01
  0.278008E+01
  0.288845E+01
  0.299701E+01
  0.310542E+01
  0.321380E+01
  0.332190E+01
  0.342985E+01
  0.353748E+01
  0.364461E+01
  0.375088E+01
  0.385644E+01
  0.396089E+01
  0.406432E+01
  0.416634E+01
  0.426724E+01
  0.436677E+01
  0.446473E+01
  0.456087E+01
  0.465557E+01
  0.474847E+01
  0.483970E+01
  0.492880E+01
  0.501610E+01
  0.510130E+01
  0.518418E+01
  0.526443E+01
  0.534241E+01
  0.541765E+01
  0.549039E+01
  0.556024E+01
  0.562764E+01
  0.569247E+01
  0.575470E+01
  0.581424E+01
  0.587176E+01
  0.592700E+01
  0.598041E+01
  0.603173E+01
  0.608156E+01
  0.612975E+01
  0.617631E+01
  0.622102E+01
  0.626444E+01
  0.630610E+01
  0.634628E+01
  0.638443E+01
  0.642104E+01
  0.645577E+01
  0.648849E+01
  0.651881E+01
  0.654727E+01
  0.657331E+01
  0.659730E+01
  0.661881E+01
  0.663840E+01
  0.665588E+01
  0.667117E+01
  0.668401E+01
  0.669512E+01
  0.670408E+01
  0.671127E+01
  0.671632E+01
  0.671987E+01
  0.672167E+01
  0.672156E+01
  0.671933E+01
  0.671557E+01
  0.670987E+01
  0.670269E+01
  0.669353E+01
  0.668302E+01
  0.667092E+01
  0.665720E+01
  0.664159E+01
  0.662463E+01
  0.660580E+01
  0.658534E+01
  0.656270E+01
  0.653834E+01
  0.651189E+01
  0.648317E+01
  0.645188E+01
  0.641858E+01
  0.638266E+01
  0.634438E+01
  0.630316E+01
  0.625957E+01
  0.621342E+01
  0.616469E+01
  0.611313E+01
  0.605928E+01
  0.600261E+01
  0.594344E+01
  0.588130E+01
  0.581670E+01
  0.574949E+01
  0.567962E+01
  0.560690E+01
  0.553187E+01
  0.545418E+01
  0.537423E+01
  0.529168E+01
  0.520724E+01
  0.512079E+01
  0.503242E+01
  0.494217E+01
  0.485072E+01
  0.475783E+01
  0.466399E+01
  0.456901E+01
  0.447343E+01
  0.437723E+01
  0.428047E+01
  0.418306E+01
  0.408552E+01
  0.398759E+01
  0.388964E+01
  0.379147E+01
  0.369342E+01
  0.359542E+01
  0.349750E+01
  0.339954E+01
  0.330190E+01
  0.320438E+01
  0.310727E+01
  0.301038E+01
  0.291421E+01
  0.281875E+01
  0.272403E+01
  0.263011E+01
  0.253730E+01
  0.244541E+01
  0.235463E+01
  0.226480E+01
  0.217617E+01
  0.208871E+01
  0.200248E+01
  0.191741E+01
  0.183374E+01
  0.175139E+01
  0.167058E+01
  0.159120E+01
  0.151349E+01
  0.143744E+01
  0.136313E+01
  0.129056E+01
  0.121991E+01
  0.115109E+01
  0.108426E+01
  0.101930E+01
  0.956319E+00
  0.895200E+00
  0.835929E+00
  0.778418E+00
  0.722681E+00
  0.668611E+00
  0.616242E+00
  0.565407E+00
  0.516206E+00
  0.468496E+00
  0.422160E+00
  0.377074E+00
  0.333178E+00
  0.290278E+00
  0.248393E+00
  0.207385E+00
  0.167204E+00
  0.127677E+00
  0.886422E-01
  0.498892E-01
  0.113798E-01
 -0.270299E-01
 -0.654639E-01
 -0.103966E+00
 -0.142525E+00
 -0.181231E+00
 -0.220030E+00
 -0.258929E+00
 -0.297871E+00
 -0.336847E+00
 -0.375887E+00
 -0.415074E+00
 -0.454331E+00
 -0.493637E+00
 -0.533050E+00
 -0.572601E+00
 -0.612290E+00
 -0.652202E+00
 -0.692393E+00
 -0.732813E+00
 -0.773440E+00
 -0.814280E+00
 -0.855282E+00
 -0.896455E+00
 -0.937752E+00
 -0.979068E+00
 -0.102040E+01
 -0.106165E+01
 -0.110275E+01
 -0.114365E+01
 -0.118424E+01
 -0.122442E+01
 -0.126416E+01
 -0.130333E+01
 -0.134195E+01
 -0.137986E+01
 -0.141704E+01
 -0.145346E+01
 -0.148908E+01
 -0.152390E+01
 -0.155803E+01
 -0.159140E+01
 -0.162401E+01
 -0.165582E+01
 -0.168703E+01
 -0.171767E+01
 -0.174776E+01
 -0.177729E+01
 -0.180632E+01
 -0.183485E+01
 -0.186300E+01
 -0.189069E+01
 -0.191806E+01
 -0.194513E+01
 -0.197187E+01
 -0.199826E+01
 -0.202444E+01
 -0.205039E+01
 -0.207621E+01
 -0.210183E+01
 -0.212738E+01
 -0.215276E+01
 -0.217790E+01
 -0.220274E+01
 -0.222735E+01
 -0.225165E+01
 -0.227565E+01
 -0.229918E+01
 -0.232245E+01
 -0.234538E+01
 -0.236792E+01
 -0.238999E+01
 -0.241172E+01
 -0.243301E+01
 -0.245396E+01
 -0.247446E+01
 -0.249465E+01
 -0.251447E+01
 -0.253394E+01
 -0.255303E+01
 -0.257197E+01
 -0.259064E+01
 -0.260911E+01
 -0.262731E+01
 -0.264540E+01
 -0.266333E+01
 -0.268102E+01
 -0.269831E+01
 -0.271523E+01
 -0.273153E+01
 -0.274720E+01
 -0.276202E+01
 -0.277613E+01
 -0.278937E+01
 -0.280163E+01
 -0.281276E+01
 -0.282283E+01
 -0.283160E+01
 -0.283912E+01
 -0.284520E+01
 -0.284999E+01
 -0.285328E+01
 -0.285498E+01
 -0.285491E+01
 -0.285305E+01
 -0.284919E+01
 -0.284324E+01
 -0.283494E+01
 -0.282438E+01
 -0.281139E+01
 -0.279586E+01
 -0.277765E+01
 -0.275692E+01
 -0.273355E+01
 -0.270772E+01
 -0.267930E+01
 -0.264852E+01
 -0.261540E+01
 -0.257997E+01
 -0.254230E+01
 -0.250262E+01
 -0.246088E+01
 -0.241731E+01
 -0.237188E+01
 -0.232483E+01
 -0.227626E+01
 -0.222621E+01
 -0.217473E+01
 -0.212208E+01
 -0.206824E+01
 -0.201339E+01
 -0.195752E+01
 -0.190079E+01
 -0.184323E+01
 -0.178489E+01
 -0.172573E+01
 -0.166592E+01
 -0.160542E+01
 -0.154432E+01
 -0.148266E+01
 -0.142068E+01
 -0.135850E+01
 -0.129628E+01
 -0.123414E+01
 -0.117225E+01
 -0.111069E+01
 -0.104965E+01
 -0.989284E+00
 -0.929936E+00
 -0.871703E+00
 -0.814707E+00
 -0.759121E+00
 -0.705014E+00
 -0.652476E+00
 -0.601579E+00
 -0.552400E+00
 -0.505033E+00
 -0.459516E+00
 -0.415889E+00
 -0.374169E+00
 -0.334368E+00
 -0.296495E+00
 -0.260519E+00
 -0.226416E+00
 -0.194023E+00
 -0.163310E+00
 -0.134193E+00
 -0.106583E+00
 -0.803927E-01
 -0.555323E-01
 -0.318469E-01
 -0.929725E-02
  0.123140E-01
  0.330125E-01
  0.527765E-01
  0.715829E-01
  0.894586E-01
  0.106304E+00
  0.122173E+00
  0.137068E+00
  0.151062E+00
  0.164164E+00
  0.176377E+00
  0.187714E+00
  0.198280E+00
  0.208086E+00
  0.217228E+00
  0.225622E+00
  0.233405E+00
  0.240592E+00
  0.247209E+00
  0.253285E+00
  0.258898E+00
  0.263902E+00
  0.268266E+00
  0.271876E+00
  0.274753E+00
  0.276775E+00
  0.277916E+00
  0.278071E+00
  0.277225E+00
  0.275223E+00
  0.272053E+00
  0.267627E+00
  0.262030E+00
  0.255298E+00
  0.247490E+00
  0.238627E+00
  0.228857E+00
  0.218184E+00
  0.206706E+00
  0.194476E+00
  0.181656E+00
  0.168240E+00
  0.154255E+00
  0.139709E+00
  0.124716E+00
  0.109331E+00
  0.936490E-01
  0.776426E-01
  0.614129E-01
  0.449096E-01
  0.281078E-01
  0.110265E-01
 -0.622451E-02
 -0.236691E-01
 -0.412301E-01
 -0.588998E-01
 -0.766171E-01
 -0.943640E-01
 -0.112133E+00
 -0.129928E+00
 -0.147719E+00
 -0.165491E+00
 -0.183219E+00
 -0.201000E+00
 -0.218785E+00
 -0.236622E+00
 -0.254558E+00
 -0.272646E+00
 -0.290925E+00
 -0.309471E+00
 -0.328350E+00
 -0.347668E+00
 -0.367380E+00
 -0.387581E+00
 -0.408370E+00
 -0.429814E+00
 -0.451982E+00
 -0.475062E+00
 -0.499163E+00
 -0.524400E+00
 -0.550825E+00
 -0.578512E+00
 -0.607395E+00
 -0.637523E+00
 -0.668999E+00
 -0.701815E+00
 -0.736050E+00
 -0.771657E+00
 -0.808575E+00
 -0.846845E+00
 -0.886336E+00
 -0.927052E+00
 -0.969027E+00
 -0.101214E+01
 -0.105642E+01
 -0.110183E+01
 -0.114836E+01
 -0.119603E+01
 -0.124473E+01
 -0.129437E+01
 -0.134491E+01
 -0.139622E+01
 -0.144827E+01
 -0.150087E+01
 -0.155394E+01
 -0.160741E+01
 -0.166106E+01
 -0.171475E+01
 -0.176845E+01
 -0.182199E+01
 -0.187528E+01
 -0.192816E+01
 -0.198073E+01
 -0.203287E+01
 -0.208458E+01
 -0.213591E+01
 -0.218695E+01
 -0.223764E+01
 -0.228807E+01
 -0.233809E+01
 -0.238785E+01
 -0.243735E+01
 -0.248661E+01
 -0.253557E+01
 -0.258431E+01
 -0.263263E+01
 -0.268053E+01
 -0.272775E+01
 -0.277431E+01
 -0.282002E+01
 -0.286470E+01
 -0.290818E+01
 -0.295062E+01
 -0.299184E+01
 -0.303184E+01
 -0.307047E+01
 -0.310787E+01
 -0.314390E+01
 -0.317854E+01
 -0.321171E+01
 -0.324371E+01
 -0.327451E+01
 -0.330427E+01
 -0.333292E+01
 -0.336076E+01
 -0.338784E+01
 -0.341421E+01
 -0.343978E+01
 -0.346487E+01
 -0.348942E+01
 -0.351365E+01
 -0.353744E+01
 -0.356116E+01
 -0.358480E+01
 -0.360829E+01
 -0.363152E+01
 -0.365472E+01
 -0.367770E+01
 -0.370066E+01
 -0.372336E+01
 -0.374601E+01
 -0.376845E+01
 -0.379066E+01
 -0.381249E+01
 -0.383419E+01
 -0.385557E+01
 -0.387678E+01
 -0.389757E+01
 -0.391820E+01
 -0.393851E+01
 -0.395838E+01
 -0.397772E+01
 -0.399671E+01
 -0.401507E+01
 -0.403287E+01
 -0.404979E+01
 -0.406602E+01
 -0.408132E+01
 -0.409550E+01
 -0.410833E+01
 -0.412009E+01
 -0.413048E+01
 -0.413957E+01
 -0.414706E+01
 -0.415319E+01
 -0.415786E+01
 -0.416107E+01
 -0.416270E+01
 -0.416301E+01
 -0.416177E+01
 -0.415919E+01
 -0.415503E+01
 -0.414963E+01
 -0.414294E+01
 -0.413494E+01
 -0.412552E+01
 -0.411495E+01
 -0.410301E+01
 -0.408989E+01
 -0.407539E+01
 -0.405981E+01
 -0.404309E+01
 -0.402517E+01
 -0.400605E+01
 -0.398612E+01
 -0.396526E+01
 -0.394380E+01
 -0.392162E+01
 -0.389918E+01
 -0.387649E+01
 -0.385364E+01
 -0.383071E+01
 -0.380813E+01
 -0.378581E+01
 -0.376408E+01
 -0.374288E+01
 -0.372259E+01
 -0.370319E+01
 -0.368475E+01
 -0.366736E+01
 -0.365141E+01
 -0.363682E+01
 -0.362380E+01
 -0.361222E+01
 -0.360241E+01
 -0.359435E+01
 -0.358808E+01
 -0.358361E+01
 -0.358123E+01
 -0.358082E+01
 -0.358254E+01
 -0.358615E+01
 -0.359190E+01
 -0.359974E+01
 -0.360953E+01
 -0.362116E+01
 -0.363483E+01
 -0.365025E+01
 -0.366747E+01
 -0.368619E+01
 -0.370650E+01
 -0.372818E+01
 -0.375105E+01
 -0.377480E+01
 -0.379951E+01
 -0.382487E+01
 -0.385091E+01
 -0.387728E+01
 -0.390422E+01
 -0.393156E+01
 -0.395916E+01
 -0.398679E+01
 -0.401460E+01
 -0.404234E+01
 -0.407014E+01
 -0.409775E+01
 -0.412543E+01
 -0.415299E+01
 -0.418033E+01
 -0.420729E+01
 -0.423407E+01
 -0.426031E+01
 -0.428615E+01
 -0.431127E+01
 -0.433582E+01
 -0.435964E+01
 -0.438261E+01
 -0.440457E+01
 -0.442581E+01
 -0.444607E+01
 -0.446551E+01
 -0.448376E+01
 -0.450107E+01
 -0.451739E+01
 -0.453273E+01
 -0.454698E+01
 -0.456047E+01
 -0.457280E+01
 -0.458405E+01
 -0.459390E+01
 -0.460261E+01
 -0.461005E+01
 -0.461627E+01
 -0.462115E+01
 -0.462504E+01
 -0.462776E+01
 -0.462954E+01
 -0.463020E+01
 -0.463017E+01
 -0.462933E+01
 -0.462767E+01
 -0.462512E+01
 -0.462203E+01
 -0.461810E+01
 -0.461348E+01
 -0.460784E+01
 -0.460146E+01
 -0.459421E+01
 -0.458596E+01
 -0.457669E+01
 -0.456675E+01
 -0.455595E+01
 -0.454456E+01
 -0.453239E+01
 -0.451980E+01
 -0.450666E+01
 -0.449289E+01
 -0.447834E+01
 -0.446330E+01
 -0.444756E+01
 -0.443141E+01
 -0.441466E+01
 -0.439764E+01
 -0.438025E+01
 -0.436254E+01
 -0.434437E+01
 -0.432613E+01
 -0.430772E+01
 -0.428945E+01
 -0.427122E+01
 -0.425341E+01
 -0.423600E+01
 -0.421903E+01
 -0.420252E+01
 -0.418691E+01
 -0.417198E+01
 -0.415797E+01
 -0.414471E+01
 -0.413256E+01
 -0.412151E+01
 -0.411158E+01
 -0.410272E+01
 -0.409536E+01
 -0.408938E+01
 -0.408504E+01
 -0.408233E+01
 -0.408167E+01
 -0.408308E+01
 -0.408670E+01
 -0.409241E+01
 -0.410050E+01
 -0.411078E+01
 -0.412334E+01
 -0.413788E+01
 -0.415461E+01
 -0.417326E+01
 -0.419366E+01
 -0.421563E+01
 -0.423946E+01
 -0.426485E+01
 -0.429192E+01
 -0.432040E+01
 -0.435050E+01
 -0.438200E+01
 -0.441476E+01
 -0.444859E+01
 -0.448376E+01
 -0.451991E+01
 -0.455711E+01
 -0.459499E+01
 -0.463374E+01
 -0.467314E+01
 -0.471288E+01
 -0.475280E+01
 -0.479317E+01
 -0.483370E+01
 -0.487462E+01
 -0.491565E+01
 -0.495710E+01
 -0.499880E+01
 -0.504070E+01
 -0.508257E+01
 -0.512462E+01
 -0.516635E+01
 -0.520783E+01
 -0.524852E+01
 -0.528863E+01
 -0.532778E+01
 -0.536574E+01
 -0.540224E+01
 -0.543755E+01
 -0.547129E+01
 -0.550372E+01
 -0.553445E+01
 -0.556399E+01
 -0.559221E+01
 -0.561902E+01
 -0.564435E+01
 -0.566866E+01
 -0.569171E+01
 -0.571385E+01
 -0.573488E+01
 -0.575541E+01
 -0.577549E+01
 -0.579516E+01
 -0.581436E+01
 -0.583357E+01
 -0.585244E+01
 -0.587122E+01
 -0.588955E+01
 -0.590779E+01
 -0.592558E+01
 -0.594275E+01
 -0.595908E+01
 -0.597494E+01
 -0.598991E+01
 -0.600425E+01
 -0.601757E+01
 -0.603027E+01
 -0.604210E+01
 -0.605294E+01
 -0.606256E+01
 -0.607133E+01
 -0.607887E+01
 -0.608546E+01
 -0.609066E+01
 -0.609489E+01
 -0.609789E+01
 -0.609947E+01
 -0.609937E+01
 -0.609792E+01
 -0.609465E+01
 -0.608978E+01
 -0.608296E+01
 -0.607465E+01
 -0.606475E+01
 -0.605331E+01
 -0.604030E+01
 -0.602632E+01
 -0.601116E+01
 -0.599520E+01
 -0.597810E+01
 -0.596032E+01
 -0.594161E+01
 -0.592178E+01
 -0.590053E+01
 -0.587813E+01
 -0.585405E+01
 -0.582851E+01
 -0.580115E+01
 -0.577235E+01
 -0.574197E+01
 -0.571001E+01
 -0.567633E+01
 -0.564147E+01
 -0.560517E+01
 -0.556775E+01
 -0.552899E+01
 -0.548930E+01
 -0.544854E+01
 -0.540673E+01
 -0.536366E+01
 -0.531968E+01
 -0.527437E+01
 -0.522791E+01
 -0.518002E+01
 -0.513113E+01
 -0.508119E+01
 -0.503028E+01
 -0.497841E+01
 -0.492609E+01
 -0.487314E+01
 -0.481993E+01
 -0.476631E+01
 -0.471272E+01
 -0.465913E+01
 -0.460565E+01
 -0.455215E+01
 -0.449907E+01
 -0.444618E+01
 -0.439371E+01
 -0.434151E+01
 -0.428991E+01
 -0.423875E+01
 -0.418806E+01
 -0.413775E+01
 -0.408820E+01
 -0.403923E+01
 -0.399105E+01
 -0.394352E+01
 -0.389700E+01
 -0.385144E+01
 -0.380692E+01
 -0.376345E+01
 -0.372142E+01
 -0.368068E+01
 -0.364156E+01
 -0.360397E+01
 -0.356831E+01
 -0.353457E+01
 -0.350271E+01
 -0.347271E+01
 -0.344482E+01
 -0.341886E+01
 -0.339492E+01
 -0.337274E+01
 -0.335253E+01
 -0.333411E+01
 -0.331737E+01
 -0.330219E+01
 -0.328877E+01
 -0.327699E+01
 -0.326712E+01
 -0.325907E+01
 -0.325306E+01
 -0.324906E+01
 -0.324708E+01
 -0.324692E+01
 -0.324873E+01
 -0.325216E+01
 -0.325711E+01
 -0.326322E+01
 -0.327048E+01
 -0.327852E+01
 -0.328719E+01
 -0.329618E+01
 -0.330552E+01
 -0.331495E+01
 -0.332450E+01
 -0.333386E+01
 -0.334311E+01
 -0.335193E+01
 -0.336010E+01
 -0.336728E+01
 -0.337349E+01
 -0.337838E+01
 -0.338193E+01
 -0.338387E+01
 -0.338435E+01
 -0.338313E+01
 -0.338012E+01
 -0.337511E+01
 -0.336825E+01
 -0.335936E+01
 -0.334861E+01
 -0.333581E+01
 -0.332123E+01
 -0.330476E+01
 -0.328633E+01
 -0.326588E+01
 -0.324365E+01
 -0.321949E+01
 -0.319360E+01
 -0.316585E+01
 -0.313648E+01
 -0.310542E+01
 -0.307268E+01
 -0.303815E+01
 -0.300202E+01
 -0.296409E+01
 -0.292448E+01
 -0.288303E+01
 -0.283993E+01
 -0.279506E+01
 -0.274832E+01
 -0.269974E+01
 -0.264953E+01
 -0.259759E+01
 -0.254416E+01
 -0.248912E+01
 -0.243285E+01
 -0.237545E+01
 -0.231704E+01
 -0.225764E+01
 -0.219749E+01
 -0.213657E+01
 -0.207498E+01
 -0.201268E+01
 -0.194973E+01
 -0.188603E+01
 -0.182162E+01
 -0.175640E+01
 -0.169041E+01
 -0.162351E+01
 -0.155571E+01
 -0.148692E+01
 -0.141721E+01
 -0.134654E+01
 -0.127495E+01
 -0.120242E+01
 -0.112897E+01
 -0.105453E+01
 -0.979070E+00
 -0.902412E+00
 -0.824559E+00
 -0.745363E+00
 -0.664788E+00
 -0.582853E+00
 -0.499519E+00
 -0.414958E+00
 -0.329354E+00
 -0.242868E+00
 -0.155685E+00
 -0.679383E-01
  0.201648E-01
  0.108398E+00
  0.196727E+00
  0.285001E+00
  0.373137E+00
  0.461025E+00
  0.548693E+00
  0.636126E+00
  0.723344E+00
  0.810441E+00
  0.897578E+00
  0.984682E+00
  0.107182E+01
  0.115881E+01
  0.124568E+01
  0.133227E+01
  0.141840E+01
  0.150387E+01
  0.158875E+01
  0.167283E+01
  0.175611E+01
  0.183842E+01
  0.191995E+01
  0.200066E+01
  0.208048E+01
  0.215943E+01
  0.223777E+01
  0.231536E+01
  0.239245E+01
  0.246887E+01
  0.254496E+01
  0.262067E+01
  0.269590E+01
  0.277057E+01
  0.284498E+01
  0.291883E+01
  0.299231E+01
  0.306519E+01
  0.313785E+01
  0.321029E+01
  0.328243E+01
  0.335419E+01
  0.342596E+01
  0.349748E+01
  0.356894E+01
  0.364007E+01
  0.371122E+01
  0.378222E+01
  0.385285E+01
  0.392281E+01
  0.399228E+01
  0.406075E+01
  0.412834E+01
  0.419462E+01
  0.425993E+01
  0.432415E+01
  0.438721E+01
  0.444897E+01
  0.450991E+01
  0.456974E+01
  0.462871E+01
  0.468648E+01
  0.474334E+01
  0.479902E+01
  0.485337E+01
  0.490611E+01
  0.495760E+01
  0.500745E+01
  0.505593E+01
  0.510259E+01
  0.514786E+01
  0.519159E+01
  0.523366E+01
  0.527386E+01
  0.531277E+01
  0.535001E+01
  0.538585E+01
  0.541990E+01
  0.545258E+01
  0.548353E+01
  0.551254E+01
  0.553921E+01
  0.556384E+01
  0.558586E+01
  0.560538E+01
  0.562179E+01
  0.563557E+01
  0.564646E+01
  0.565427E+01
  0.565888E+01
  0.566086E+01
  0.565981E+01
  0.565619E+01
  0.564980E+01
  0.564131E+01
  0.563072E+01
  0.561813E+01
  0.560346E+01
  0.558745E+01
  0.556988E+01
  0.555131E+01
  0.553160E+01
  0.551147E+01
  0.549090E+01
  0.546984E+01
  0.544804E+01
  0.542592E+01
  0.540282E+01
  0.537887E+01
  0.535345E+01
  0.532675E+01
  0.529833E+01
  0.526792E+01
  0.523517E+01
  0.520052E+01
  0.516358E+01
  0.512472E+01
  0.508370E+01
  0.504125E+01
  0.499751E+01
  0.495271E+01
  0.490703E+01
  0.486120E+01
  0.481513E+01
  0.476932E+01
  0.472351E+01
  0.467828E+01
  0.463346E+01
  0.458896E+01
  0.454466E+01
  0.450094E+01
  0.445738E+01
  0.441426E+01
  0.437118E+01
  0.432855E+01
  0.428619E+01
  0.424410E+01
  0.420213E+01
  0.416068E+01
  0.411951E+01
  0.407890E+01
  0.403856E+01
  0.399900E+01
  0.396011E+01
  0.392178E+01
  0.388382E+01
  0.384661E+01
  0.380978E+01
  0.377366E+01
  0.373799E+01
  0.370320E+01
  0.366914E+01
  0.363569E+01
  0.360266E+01
  0.357041E+01
  0.353863E+01
  0.350754E+01
  0.347687E+01
  0.344690E+01
  0.341738E+01
  0.338816E+01
  0.335897E+01
  0.332997E+01
  0.330077E+01
  0.327146E+01
  0.324159E+01
  0.321130E+01
  0.318024E+01
  0.314809E+01
  0.311449E+01
  0.307950E+01
  0.304260E+01
  0.300371E+01
  0.296236E+01
  0.291860E+01
  0.287215E+01
  0.282291E+01
  0.277072E+01
  0.271580E+01
  0.265788E+01
  0.259704E+01
  0.253301E+01
  0.246607E+01
  0.239612E+01
  0.232308E+01
  0.224687E+01
  0.216777E+01
  0.208565E+01
  0.200082E+01
  0.191329E+01
  0.182345E+01
  0.173135E+01
  0.163714E+01
  0.154089E+01
  0.144289E+01
  0.134315E+01
  0.124205E+01
  0.113960E+01
  0.103616E+01
  0.931735E+00
  0.826384E+00
  0.720175E+00
  0.613222E+00
  0.505394E+00
  0.396815E+00
  0.287441E+00
  0.177477E+00
  0.670353E-01
 -0.437354E-01
 -0.154613E+00
 -0.265267E+00
 -0.375389E+00
 -0.484661E+00
 -0.592821E+00
 -0.699564E+00
 -0.804689E+00
 -0.907882E+00
 -0.100889E+01
 -0.110753E+01
 -0.120354E+01
 -0.129679E+01
 -0.138718E+01
 -0.147458E+01
 -0.155882E+01
 -0.163972E+01
 -0.171717E+01
 -0.179122E+01
 -0.186182E+01
 -0.192915E+01
 -0.199326E+01
 -0.205434E+01
 -0.211246E+01
 -0.216774E+01
 -0.222032E+01
 -0.227051E+01
 -0.231829E+01
 -0.236377E+01
 -0.240684E+01
 -0.244761E+01
 -0.248604E+01
 -0.252213E+01
 -0.255584E+01
 -0.258733E+01
 -0.261652E+01
 -0.264355E+01
 -0.266833E+01
 -0.269110E+01
 -0.271177E+01
 -0.273026E+01
 -0.274653E+01
 -0.276077E+01
 -0.277283E+01
 -0.278286E+01
 -0.279077E+01
 -0.279676E+01
 -0.280089E+01
 -0.280335E+01
 -0.280421E+01
 -0.280386E+01
 -0.280241E+01
 -0.280010E+01
 -0.279688E+01
 -0.279297E+01
 -0.278820E+01
 -0.278253E+01
 -0.277580E+01
 -0.276808E+01
 -0.275916E+01
 -0.274899E+01
 -0.273742E+01
 -0.272461E+01
 -0.271045E+01
 -0.269495E+01
 -0.267816E+01
 -0.266046E+01
 -0.264192E+01
 -0.262276E+01
 -0.260306E+01
 -0.258299E+01
 -0.256251E+01
 -0.254159E+01
 -0.252013E+01
 -0.249830E+01
 -0.247592E+01
 -0.245305E+01
 -0.242958E+01
 -0.240559E+01
 -0.238107E+01
 -0.235612E+01
 -0.233075E+01
 -0.230522E+01
 -0.227946E+01
 -0.225356E+01
 -0.222737E+01
 -0.220095E+01
 -0.217420E+01
 -0.214703E+01
 -0.211930E+01
 -0.209104E+01
 -0.206216E+01
 -0.203273E+01
 -0.200270E+01
 -0.197231E+01
 -0.194155E+01
 -0.191039E+01
 -0.187885E+01
 -0.184699E+01
 -0.181471E+01
 -0.178200E+01
 -0.174866E+01
 -0.171475E+01
 -0.168012E+01
 -0.164458E+01
 -0.160802E+01
 -0.157044E+01
 -0.153178E+01
 -0.149208E+01
 -0.145131E+01
 -0.140963E+01
 -0.136707E+01
 -0.132375E+01
 -0.127977E+01
 -0.123526E+01
 -0.119026E+01
 -0.114476E+01
 -0.109873E+01
 -0.105215E+01
 -0.100495E+01
 -0.957128E+00
 -0.908683E+00
 -0.859718E+00
 -0.810257E+00
 -0.760405E+00
 -0.710350E+00
 -0.660277E+00
 -0.610368E+00
 -0.560845E+00
 -0.511873E+00
 -0.463580E+00
 -0.416097E+00
 -0.369413E+00
 -0.323515E+00
 -0.278333E+00
 -0.233803E+00
 -0.189834E+00
 -0.146304E+00
 -0.103094E+00
 -0.602559E-01
 -0.177635E-01
  0.243803E-01
  0.661699E-01
  0.107542E+00
  0.148481E+00
  0.188913E+00
  0.228920E+00
  0.268459E+00
  0.307605E+00
  0.346402E+00
  0.385067E+00
  0.423697E+00
  0.462422E+00
  0.501337E+00
  0.540675E+00
  0.580428E+00
  0.620642E+00
  0.661282E+00
  0.702387E+00
  0.743830E+00
  0.785492E+00
  0.827061E+00
  0.868372E+00
  0.909169E+00
  0.949333E+00
  0.988529E+00
  0.102678E+01
  0.106395E+01
  0.109990E+01
  0.113447E+01
  0.116772E+01
  0.119955E+01
  0.123012E+01
  0.125932E+01
  0.128735E+01
  0.131416E+01
  0.133976E+01
  0.136423E+01
  0.138785E+01
  0.141059E+01
  0.143256E+01
  0.145366E+01
  0.147413E+01
  0.149391E+01
  0.151299E+01
  0.153133E+01
  0.154911E+01
  0.156616E+01
  0.158266E+01
  0.159847E+01
  0.161377E+01
  0.162856E+01
  0.164279E+01
  0.165637E+01
  0.166940E+01
  0.168161E+01
  0.169299E+01
  0.170323E+01
  0.171238E+01
  0.172025E+01
  0.172671E+01
  0.173172E+01
  0.173542E+01
  0.173762E+01
  0.173839E+01
  0.173759E+01
  0.173548E+01
  0.173207E+01
  0.172743E+01
  0.172154E+01
  0.171475E+01
  0.170705E+01
  0.169874E+01
  0.168987E+01
  0.168077E+01
  0.167141E+01
  0.166185E+01
  0.165200E+01
  0.164205E+01
  0.163192E+01
  0.162172E+01
  0.161121E+01
  0.160042E+01
  0.158907E+01
  0.157704E+01
  0.156419E+01
  0.155058E+01
  0.153602E+01
  0.152062E+01
  0.150414E+01
  0.148671E+01
  0.146828E+01
  0.144886E+01
  0.142844E+01
  0.140719E+01
  0.138492E+01
  0.136164E+01
  0.133712E+01
  0.131141E+01
  0.128427E+01
  0.125565E+01
  0.122536E+01
  0.119351E+01
  0.115986E+01
  0.112442E+01
  0.108700E+01
  0.104769E+01
  0.100637E+01
  0.962990E+00
  0.917422E+00
  0.869634E+00
  0.819455E+00
  0.766838E+00
  0.711497E+00
  0.653469E+00
  0.592648E+00
  0.528982E+00
  0.462344E+00
  0.392776E+00
  0.320202E+00
  0.244757E+00
  0.166499E+00
  0.856789E-01
  0.238878E-02
 -0.832771E-01
 -0.171206E+00
 -0.261220E+00
 -0.353271E+00
 -0.447242E+00
 -0.543112E+00
 -0.640853E+00
 -0.740503E+00
 -0.841988E+00
 -0.945272E+00
 -0.105027E+01
 -0.115689E+01
 -0.126509E+01
 -0.137473E+01
 -0.148576E+01
 -0.159807E+01
 -0.171147E+01
 -0.182585E+01
 -0.194130E+01
 -0.205773E+01
 -0.217517E+01
 -0.229349E+01
 -0.241286E+01
 -0.253329E+01
 -0.265464E+01
 -0.277687E+01
 -0.290014E+01
 -0.302429E+01
 -0.314940E+01
 -0.327522E+01
 -0.340180E+01
 -0.352886E+01
 -0.365616E+01
 -0.378339E+01
 -0.391062E+01
 -0.403751E+01
 -0.416410E+01
 -0.429011E+01
 -0.441572E+01
 -0.454073E+01
 -0.466500E+01
 -0.478828E+01
 -0.491090E+01
 -0.503250E+01
 -0.515313E+01
 -0.527237E+01
 -0.539039E+01
 -0.550689E+01
 -0.562167E+01
 -0.573442E+01
 -0.584538E+01
 -0.595417E+01
 -0.606093E+01
 -0.616531E+01
 -0.626780E+01
 -0.636818E+01
 -0.646644E+01
 -0.656235E+01
 -0.665633E+01
 -0.674796E+01
 -0.683750E+01
 -0.692444E+01
 -0.700924E+01
 -0.709170E+01
 -0.717153E+01
 -0.724848E+01
 -0.732308E+01
 -0.739483E+01
 -0.746406E+01
 -0.753039E+01
 -0.759449E+01
 -0.765631E+01
 -0.771595E+01
 -0.777329E+01
 -0.782904E+01
 -0.788273E+01
 -0.793475E+01
 -0.798468E+01
 -0.803305E+01
 -0.807953E+01
 -0.812394E+01
 -0.816589E+01
 -0.820592E+01
 -0.824351E+01
 -0.827900E+01
 -0.831183E+01
 -0.834256E+01
 -0.837094E+01
 -0.839686E+01
 -0.842015E+01
 -0.844158E+01
 -0.846072E+01
 -0.847807E+01
 -0.849312E+01
 -0.850655E+01
 -0.851822E+01
 -0.852798E+01
 -0.853558E+01
 -0.854169E+01
 -0.854563E+01
 -0.854766E+01
 -0.854709E+01
 -0.854439E+01
 -0.853907E+01
 -0.853081E+01
 -0.851915E+01
 -0.850456E+01
 -0.848637E+01
 -0.846487E+01
 -0.843945E+01
 -0.841077E+01
 -0.837861E+01
 -0.834291E+01
 -0.830342E+01
 -0.826085E+01
 -0.821478E+01
 -0.816564E+01
 -0.811302E+01
 -0.805764E+01
 -0.799927E+01
 -0.793791E+01
 -0.787341E+01
 -0.780651E+01
 -0.773688E+01
 -0.766508E+01
 -0.759081E+01
 -0.751481E+01
 -0.743703E+01
 -0.735749E+01
 -0.727607E+01
 -0.719344E+01
 -0.710930E+01
 -0.702410E+01
 -0.693746E+01
 -0.684999E+01
 -0.676163E+01
 -0.667242E+01
 -0.658221E+01
 -0.649169E+01
 -0.640063E+01
 -0.630951E+01
 -0.621821E+01
 -0.612738E+01
 -0.603704E+01
 -0.594731E+01
 -0.585827E+01
 -0.577063E+01
 -0.568422E+01
 -0.559942E+01
 -0.551598E+01
 -0.543433E+01
 -0.535435E+01
 -0.527597E+01
 -0.519903E+01
 -0.512383E+01
 -0.504991E+01
 -0.497745E+01
 -0.490612E+01
 -0.483625E+01
 -0.476767E+01
 -0.470023E+01
 -0.463377E+01
 -0.456858E+01
 -0.450446E+01
 -0.444168E+01
 -0.438009E+01
 -0.432007E+01
 -0.426151E+01
 -0.420444E+01
 -0.414866E+01
 -0.409445E+01
 -0.404154E+01
 -0.399003E+01
 -0.393964E+01
 -0.389053E+01
 -0.384249E+01
 -0.379541E+01
 -0.374913E+01
 -0.370386E+01
 -0.365941E+01
 -0.361596E+01
 -0.357330E+01
 -0.353165E+01
 -0.349086E+01
 -0.345086E+01
 -0.341153E+01
 -0.337315E+01
 -0.333547E+01
 -0.329859E+01
 -0.326233E+01
 -0.322678E+01
 -0.319177E+01
 -0.315729E+01
 -0.312321E+01
 -0.308967E+01
 -0.305648E+01
 -0.302376E+01
 -0.299129E+01
 -0.295926E+01
 -0.292765E+01
 -0.289645E+01
 -0.286561E+01
 -0.283532E+01
 -0.280550E+01
 -0.277637E+01
 -0.274779E+01
 -0.271993E+01
 -0.269273E+01
 -0.266612E+01
 -0.263989E+01
 -0.261415E+01
 -0.258868E+01
 -0.256349E+01
 -0.253834E+01
 -0.251331E+01
 -0.248821E+01
 -0.246292E+01
 -0.243731E+01
 -0.241149E+01
 -0.238542E+01
 -0.235921E+01
 -0.233271E+01
 -0.230612E+01
 -0.227943E+01
 -0.225266E+01
 -0.222578E+01
 -0.219896E+01
 -0.217212E+01
 -0.214539E+01
 -0.211865E+01
 -0.209209E+01
 -0.206579E+01
 -0.203989E+01
 -0.201451E+01
 -0.198988E+01
 -0.196604E+01
 -0.194318E+01
 -0.192123E+01
 -0.190042E+01
 -0.188088E+01
 -0.186257E+01
 -0.184547E+01
 -0.182966E+01
 -0.181490E+01
 -0.180124E+01
 -0.178851E+01
 -0.177675E+01
 -0.176588E+01
 -0.175584E+01
 -0.174653E+01
 -0.173802E+01
 -0.173021E+01
 -0.172320E+01
 -0.171697E+01
 -0.171157E+01
 -0.170698E+01
 -0.170314E+01
 -0.170003E+01
 -0.169779E+01
 -0.169633E+01
 -0.169576E+01
 -0.169601E+01
 -0.169707E+01
 -0.169888E+01
 -0.170148E+01
 -0.170491E+01
 -0.170937E+01
 -0.171492E+01
 -0.172170E+01
 -0.172973E+01
 -0.173918E+01
 -0.175002E+01
 -0.176224E+01
 -0.177576E+01
 -0.179060E+01
 -0.180658E+01
 -0.182366E+01
 -0.184163E+01
 -0.186053E+01
 -0.188029E+01
 -0.190083E+01
 -0.192210E+01
 -0.194418E+01
 -0.196692E+01
 -0.199033E+01
 -0.201426E+01
 -0.203879E+01
 -0.206376E+01
 -0.208912E+01
 -0.211480E+01
 -0.214087E+01
 -0.216719E+01
 -0.219378E+01
 -0.222049E+01
 -0.224747E+01
 -0.227465E+01
 -0.230195E+01
 -0.232937E+01
 -0.235702E+01
 -0.238469E+01
 -0.241244E+01
 -0.244016E+01
 -0.246802E+01
 -0.249583E+01
 -0.252352E+01
 -0.255094E+01
 -0.257807E+01
 -0.260465E+01
 -0.263063E+01
 -0.265567E+01
 -0.267985E+01
 -0.270300E+01
 -0.272500E+01
 -0.274577E+01
 -0.276543E+01
 -0.278378E+01
 -0.280092E+01
 -0.281664E+01
 -0.283105E+01
 -0.284398E+01
 -0.285530E+01
 -0.286499E+01
 -0.287325E+01
 -0.287992E+01
 -0.288510E+01
 -0.288859E+01
 -0.289060E+01
 -0.289105E+01
 -0.288992E+01
 -0.288709E+01
 -0.288271E+01
 -0.287656E+01
 -0.286865E+01
 -0.285876E+01
 -0.284699E+01
 -0.283323E+01
 -0.281744E+01
 -0.279951E+01
 -0.277964E+01
 -0.275765E+01
 -0.273365E+01
 -0.270761E+01
 -0.267972E+01
 -0.264984E+01
 -0.261796E+01
 -0.258390E+01
 -0.254779E+01
 -0.250965E+01
 -0.246970E+01
 -0.242790E+01
 -0.238449E+01
 -0.233953E+01
 -0.229312E+01
 -0.224535E+01
 -0.219654E+01
 -0.214677E+01
 -0.209628E+01
 -0.204515E+01
 -0.199358E+01
 -0.194161E+01
 -0.188936E+01
 -0.183698E+01
 -0.178469E+01
 -0.173254E+01
 -0.168073E+01
 -0.162932E+01
 -0.157861E+01
 -0.152867E+01
 -0.147955E+01
 -0.143138E+01
 -0.138435E+01
 -0.133840E+01
 -0.129366E+01
 -0.125003E+01
 -0.120755E+01
 -0.116622E+01
 -0.112600E+01
 -0.108687E+01
 -0.104891E+01
 -0.101206E+01
 -0.976329E+00
 -0.941675E+00
 -0.908114E+00
 -0.875657E+00
 -0.844220E+00
 -0.813702E+00
 -0.783924E+00
 -0.754731E+00
 -0.726127E+00
 -0.698032E+00
 -0.670310E+00
 -0.642838E+00
 -0.615505E+00
 -0.588218E+00
 -0.561002E+00
 -0.533883E+00
 -0.506829E+00
 -0.479887E+00
 -0.453176E+00
 -0.426738E+00
 -0.400588E+00
 -0.374860E+00
 -0.349582E+00
 -0.324862E+00
 -0.300816E+00
 -0.277573E+00
 -0.255254E+00
 -0.233923E+00
 -0.213641E+00
 -0.194476E+00
 -0.176360E+00
 -0.159236E+00
 -0.143042E+00
 -0.127758E+00
 -0.113142E+00
 -0.990902E-01
 -0.854615E-01
 -0.721022E-01
 -0.589262E-01
 -0.458680E-01
 -0.328387E-01
 -0.198578E-01
 -0.687993E-02
  0.602376E-02
  0.187982E-01
  0.313271E-01
  0.435890E-01
  0.555099E-01
  0.671538E-01
  0.784645E-01
  0.894464E-01
  0.100060E+00
  0.110241E+00
  0.119896E+00
  0.129044E+00
  0.137595E+00
  0.145491E+00
  0.152544E+00
  0.158726E+00
  0.163965E+00
  0.168176E+00
  0.171231E+00
  0.173147E+00
  0.173831E+00
  0.173249E+00
  0.171236E+00
  0.167738E+00
  0.162669E+00
  0.155956E+00
  0.147487E+00
  0.137359E+00
  0.125413E+00
  0.111587E+00
  0.958551E-01
  0.783198E-01
  0.590003E-01
  0.379345E-01
  0.152051E-01
 -0.900769E-02
 -0.346383E-01
 -0.615276E-01
 -0.896249E-01
 -0.118823E+00
 -0.149106E+00
 -0.180477E+00
 -0.212953E+00
 -0.246478E+00
 -0.281154E+00
 -0.316954E+00
 -0.353930E+00
 -0.392164E+00
 -0.431801E+00
 -0.472857E+00
 -0.515362E+00
 -0.559332E+00
 -0.604736E+00
 -0.651565E+00
 -0.699801E+00
 -0.749373E+00
 -0.800258E+00
 -0.852435E+00
 -0.905832E+00
 -0.960396E+00
 -0.101604E+01
 -0.107266E+01
 -0.113017E+01
 -0.118852E+01
 -0.124762E+01
 -0.130734E+01
 -0.136754E+01
 -0.142815E+01
 -0.148900E+01
 -0.155000E+01
 -0.161092E+01
 -0.167171E+01
 -0.173219E+01
 -0.179219E+01
 -0.185150E+01
 -0.191005E+01
 -0.196777E+01
 -0.202463E+01
 -0.208053E+01
 -0.213560E+01
 -0.218975E+01
 -0.224289E+01
 -0.229499E+01
 -0.234616E+01
 -0.239628E+01
 -0.244543E+01
 -0.249346E+01
 -0.254043E+01
 -0.258626E+01
 -0.263090E+01
 -0.267427E+01
 -0.271643E+01
 -0.275733E+01
 -0.279704E+01
 -0.283541E+01
 -0.287276E+01
 -0.290908E+01
 -0.294432E+01
 -0.297844E+01
 -0.301162E+01
 -0.304371E+01
 -0.307487E+01
 -0.310497E+01
 -0.313424E+01
 -0.316262E+01
 -0.319008E+01
 -0.321657E+01
 -0.324242E+01
 -0.326751E+01
 -0.329207E+01
 -0.331610E+01
 -0.333993E+01
 -0.336359E+01
 -0.338720E+01
 -0.341081E+01
 -0.343468E+01
 -0.345871E+01
 -0.348307E+01
 -0.350754E+01
 -0.353230E+01
 -0.355724E+01
 -0.358226E+01
 -0.360716E+01
 -0.363209E+01
 -0.365678E+01
 -0.368124E+01
 -0.370523E+01
 -0.372891E+01
 -0.375207E+01
 -0.377466E+01
 -0.379661E+01
 -0.381820E+01
 -0.383933E+01
 -0.386025E+01
 -0.388077E+01
 -0.390118E+01
 -0.392133E+01
 -0.394107E+01
 -0.396026E+01
 -0.397912E+01
 -0.399734E+01
 -0.401498E+01
 -0.403174E+01
 -0.404774E+01
 -0.406279E+01
 -0.407673E+01
 -0.408933E+01
 -0.410085E+01
 -0.411095E+01
 -0.411986E+01
 -0.412738E+01
 -0.413377E+01
 -0.413901E+01
 -0.414300E+01
 -0.414568E+01
 -0.414731E+01
 -0.414766E+01
 -0.414700E+01
 -0.414521E+01
 -0.414268E+01
 -0.413939E+01
 -0.413535E+01
 -0.413054E+01
 -0.412529E+01
 -0.411942E+01
 -0.411314E+01
 -0.410626E+01
 -0.409908E+01
 -0.409155E+01
 -0.408355E+01
 -0.407497E+01
 -0.406608E+01
 -0.405662E+01
 -0.404684E+01
 -0.403651E+01
 -0.402589E+01
 -0.401500E+01
 -0.400385E+01
 -0.399241E+01
 -0.398093E+01
 -0.396916E+01
 -0.395741E+01
 -0.394554E+01
 -0.393396E+01
 -0.392272E+01
 -0.391186E+01
 -0.390147E+01
 -0.389194E+01
 -0.388313E+01
 -0.387535E+01
 -0.386860E+01
 -0.386325E+01
 -0.385927E+01
 -0.385670E+01
 -0.385544E+01
 -0.385580E+01
 -0.385759E+01
 -0.386099E+01
 -0.386579E+01
 -0.387223E+01
 -0.388021E+01
 -0.388976E+01
 -0.390083E+01
 -0.391373E+01
 -0.392830E+01
 -0.394476E+01
 -0.396300E+01
 -0.398329E+01
 -0.400556E+01
 -0.402982E+01
 -0.405593E+01
 -0.408414E+01
 -0.411424E+01
 -0.414639E+01
 -0.418034E+01
 -0.421638E+01
 -0.425443E+01
 -0.429442E+01
 -0.433626E+01
 -0.438023E+01
 -0.442606E+01
 -0.447390E+01
 -0.452344E+01
 -0.457486E+01
 -0.462801E+01
 -0.468277E+01
 -0.473889E+01
 -0.479663E+01
 -0.485555E+01
 -0.491566E+01
 -0.497648E+01
 -0.503822E+01
 -0.510063E+01
 -0.516348E+01
 -0.522650E+01
 -0.528993E+01
 -0.535326E+01
 -0.541658E+01
 -0.547941E+01
 -0.554196E+01
 -0.560394E+01
 -0.566508E+01
 -0.572506E+01
 -0.578409E+01
 -0.584171E+01
 -0.589810E+01
 -0.595282E+01
 -0.600625E+01
 -0.605809E+01
 -0.610817E+01
 -0.615637E+01
 -0.620314E+01
 -0.624810E+01
 -0.629158E+01
 -0.633318E+01
 -0.637336E+01
 -0.641194E+01
 -0.644881E+01
 -0.648386E+01
 -0.651763E+01
 -0.654977E+01
 -0.658072E+01
 -0.661017E+01
 -0.663864E+01
 -0.666595E+01
 -0.669205E+01
 -0.671670E+01
 -0.674038E+01
 -0.676268E+01
 -0.678385E+01
 -0.680345E+01
 -0.682200E+01
 -0.683932E+01
 -0.685537E+01
 -0.687002E+01
 -0.688387E+01
 -0.689644E+01
 -0.690813E+01
 -0.691857E+01
 -0.692833E+01
 -0.693732E+01
 -0.694535E+01
 -0.695220E+01
 -0.695836E+01
 -0.696339E+01
 -0.696762E+01
 -0.697067E+01
 -0.697299E+01
 -0.697431E+01
 -0.697471E+01
 -0.697410E+01
 -0.697311E+01
 -0.697141E+01
 -0.696947E+01
 -0.696697E+01
 -0.696445E+01
 -0.696178E+01
 -0.695893E+01
 -0.695567E+01
 -0.695254E+01
 -0.694907E+01
 -0.694555E+01
 -0.694160E+01
 -0.693764E+01
 -0.693340E+01
 -0.692875E+01
 -0.692329E+01
 -0.691740E+01
 -0.691066E+01
 -0.690339E+01
 -0.689517E+01
 -0.688651E+01
 -0.687722E+01
 -0.686718E+01
 -0.685625E+01
 -0.684503E+01
 -0.683319E+01
 -0.682116E+01
 -0.680858E+01
 -0.679597E+01
 -0.678322E+01
 -0.677031E+01
 -0.675700E+01
 -0.674384E+01
 -0.673043E+01
 -0.671704E+01
 -0.670329E+01
 -0.668973E+01
 -0.667619E+01
 -0.666264E+01
 -0.664887E+01
 -0.663536E+01
 -0.662173E+01
 -0.660834E+01
 -0.659478E+01
 -0.658155E+01
 -0.656845E+01
 -0.655541E+01
 -0.654225E+01
 -0.652946E+01
 -0.651660E+01
 -0.650393E+01
 -0.649106E+01
 -0.647839E+01
 -0.646566E+01
 -0.645269E+01
 -0.643921E+01
 -0.642556E+01
 -0.641126E+01
 -0.639663E+01
 -0.638126E+01
 -0.636557E+01
 -0.634936E+01
 -0.633263E+01
 -0.631519E+01
 -0.629758E+01
 -0.627947E+01
 -0.626118E+01
 -0.624234E+01
 -0.622340E+01
 -0.620413E+01
 -0.618452E+01
 -0.616439E+01
 -0.614425E+01
 -0.612375E+01
 -0.610320E+01
 -0.608224E+01
 -0.606133E+01
 -0.604026E+01
 -0.601900E+01
 -0.599740E+01
 -0.597598E+01
 -0.595438E+01
 -0.593295E+01
 -0.591139E+01
 -0.589022E+01
 -0.586935E+01
 -0.584876E+01
 -0.582837E+01
 -0.580875E+01
 -0.578964E+01
 -0.577137E+01
 -0.575370E+01
 -0.573703E+01
 -0.572114E+01
 -0.570597E+01
 -0.569132E+01
 -0.567748E+01
 -0.566399E+01
 -0.565105E+01
 -0.563830E+01
 -0.562610E+01
 -0.561421E+01
 -0.560248E+01
 -0.559069E+01
 -0.557921E+01
 -0.556766E+01
 -0.555629E+01
 -0.554472E+01
 -0.553329E+01
 -0.552187E+01
 -0.551039E+01
 -0.549860E+01
 -0.548687E+01
 -0.547486E+01
 -0.546275E+01
 -0.545008E+01
 -0.543710E+01
 -0.542358E+01
 -0.540931E+01
 -0.539408E+01
 -0.537819E+01
 -0.536120E+01
 -0.534338E+01
 -0.532438E+01
 -0.530459E+01
 -0.528390E+01
 -0.526227E+01
 -0.523955E+01
 -0.521616E+01
 -0.519181E+01
 -0.516678E+01
 -0.514087E+01
 -0.511461E+01
 -0.508790E+01
 -0.506077E+01
 -0.503310E+01
 -0.500524E+01
 -0.497694E+01
 -0.494855E+01
 -0.491981E+01
 -0.489114E+01
 -0.486250E+01
 -0.483387E+01
 -0.480514E+01
 -0.477673E+01
 -0.474844E+01
 -0.472058E+01
 -0.469299E+01
 -0.466609E+01
 -0.463978E+01
 -0.461408E+01
 -0.458887E+01
 -0.456450E+01
 -0.454068E+01
 -0.451758E+01
 -0.449493E+01
 -0.447307E+01
 -0.445183E+01
 -0.443124E+01
 -0.441112E+01
 -0.439177E+01
 -0.437293E+01
 -0.435475E+01
 -0.433706E+01
 -0.432014E+01
 -0.430388E+01
 -0.428832E+01
 -0.427324E+01
 -0.425895E+01
 -0.424514E+01
 -0.423184E+01
 -0.421866E+01
 -0.420574E+01
 -0.419277E+01
 -0.417960E+01
 -0.416593E+01
 -0.415191E+01
 -0.413722E+01
 -0.412204E+01
 -0.410609E+01
 -0.408971E+01
 -0.407284E+01
 -0.405551E+01
 -0.403764E+01
 -0.401956E+01
 -0.400107E+01
 -0.398235E+01
 -0.396323E+01
 -0.394402E+01
 -0.392451E+01
 -0.390469E+01
 -0.388443E+01
 -0.386397E+01
 -0.384309E+01
 -0.382204E+01
 -0.380061E+01
 -0.377910E+01
 -0.375741E+01
 -0.373545E+01
 -0.371308E+01
 -0.369059E+01
 -0.366774E+01
 -0.364470E+01
 -0.362127E+01
 -0.359766E+01
 -0.357361E+01
 -0.354899E+01
 -0.352358E+01
 -0.349750E+01
 -0.347039E+01
 -0.344234E+01
 -0.341310E+01
 -0.338286E+01
 -0.335149E+01
 -0.331898E+01
 -0.328523E+01
 -0.325049E+01
 -0.321467E+01
 -0.317799E+01
 -0.314038E+01
 -0.310216E+01
 -0.306330E+01
 -0.302383E+01
 -0.298362E+01
 -0.294284E+01
 -0.290126E+01
 -0.285889E+01
 -0.281550E+01
 -0.277120E+01
 -0.272582E+01
 -0.267939E+01
 -0.263173E+01
 -0.258295E+01
 -0.253290E+01
 -0.248169E+01
 -0.242923E+01
 -0.237574E+01
 -0.232110E+01
 -0.226531E+01
 -0.220827E+01
 -0.215003E+01
 -0.209037E+01
 -0.202935E+01
 -0.196677E+01
 -0.190263E+01
 -0.183680E+01
 -0.176929E+01
 -0.170013E+01
 -0.162945E+01
 -0.155721E+01
 -0.148360E+01
 -0.140862E+01
 -0.133249E+01
 -0.125533E+01
 -0.117727E+01
 -0.109839E+01
 -0.101882E+01
 -0.938610E+00
 -0.857870E+00
 -0.776753E+00
 -0.695370E+00
 -0.613812E+00
 -0.532349E+00
 -0.451075E+00
 -0.370091E+00
 -0.289536E+00
 -0.209516E+00
 -0.130180E+00
 -0.516942E-01
  0.257707E-01
  0.101921E+00
  0.176617E+00
  0.249864E+00
  0.321505E+00
  0.391450E+00
  0.459497E+00
  0.525606E+00
  0.589678E+00
  0.651547E+00
  0.711169E+00
  0.768636E+00
  0.823859E+00
  0.876939E+00
  0.927799E+00
  0.976626E+00
  0.102353E+01
  0.106850E+01
  0.111154E+01
  0.115287E+01
  0.119244E+01
  0.123042E+01
  0.126668E+01
  0.130146E+01
  0.133477E+01
  0.136663E+01
  0.139706E+01
  0.142620E+01
  0.145403E+01
  0.148066E+01
  0.150601E+01
  0.153030E+01
  0.155351E+01
  0.157556E+01
  0.159644E+01
  0.161631E+01
  0.163505E+01
  0.165280E+01
  0.166940E+01
  0.168509E+01
  0.169990E+01
  0.171373E+01
  0.172666E+01
  0.173890E+01
  0.175033E+01
  0.176108E+01
  0.177097E+01
  0.178020E+01
  0.178873E+01
  0.179645E+01
  0.180330E+01
  0.180944E+01
  0.181467E+01
  0.181905E+01
  0.182239E+01
  0.182487E+01
  0.182643E+01
  0.182706E+01
  0.182681E+01
  0.182604E+01
  0.182468E+01
  0.182286E+01
  0.182046E+01
  0.181772E+01
  0.181465E+01
  0.181128E+01
  0.180759E+01
  0.180378E+01
  0.179969E+01
  0.179547E+01
  0.179095E+01
  0.178635E+01
  0.178170E+01
  0.177693E+01
  0.177196E+01
  0.176704E+01
  0.176198E+01
  0.175683E+01
  0.175144E+01
  0.174606E+01
  0.174066E+01
  0.173512E+01
  0.172940E+01
  0.172365E+01
  0.171773E+01
  0.171186E+01
  0.170601E+01
  0.170051E+01
  0.169548E+01
  0.169096E+01
  0.168705E+01
  0.168406E+01
  0.168189E+01
  0.168075E+01
  0.168063E+01
  0.168175E+01
  0.168411E+01
  0.168774E+01
  0.169259E+01
  0.169891E+01
  0.170651E+01
  0.171544E+01
  0.172556E+01
  0.173703E+01
  0.174978E+01
  0.176370E+01
  0.177868E+01
  0.179484E+01
  0.181192E+01
  0.182986E+01
  0.184843E+01
  0.186772E+01
  0.188756E+01
  0.190780E+01
  0.192828E+01
  0.194918E+01
  0.197027E+01
  0.199162E+01
  0.201304E+01
  0.203471E+01
  0.205655E+01
  0.207845E+01
  0.210030E+01
  0.212221E+01
  0.214393E+01
  0.216554E+01
  0.218680E+01
  0.220788E+01
  0.222861E+01
  0.224883E+01
  0.226837E+01
  0.228748E+01
  0.230597E+01
  0.232399E+01
  0.234147E+01
  0.235873E+01
  0.237572E+01
  0.239244E+01
  0.240879E+01
  0.242510E+01
  0.244130E+01
  0.245754E+01
  0.247369E+01
  0.249006E+01
  0.250658E+01
  0.252331E+01
  0.254020E+01
  0.255763E+01
  0.257553E+01
  0.259420E+01
  0.261360E+01
  0.263404E+01
  0.265561E+01
  0.267840E+01
  0.270245E+01
  0.272823E+01
  0.275562E+01
  0.278489E+01
  0.281593E+01
  0.284906E+01
  0.288427E+01
  0.292157E+01
  0.296099E+01
  0.300277E+01
  0.304661E+01
  0.309266E+01
  0.314064E+01
  0.319081E+01
  0.324312E+01
  0.329733E+01
  0.335330E+01
  0.341128E+01
  0.347098E+01
  0.353253E+01
  0.359556E+01
  0.366039E+01
  0.372682E+01
  0.379467E+01
  0.386374E+01
  0.393425E+01
  0.400581E+01
  0.407850E+01
  0.415196E+01
  0.422643E+01
  0.430160E+01
  0.437721E+01
  0.445299E+01
  0.452925E+01
  0.460549E+01
  0.468188E+01
  0.475804E+01
  0.483439E+01
  0.491077E+01
  0.498708E+01
  0.506316E+01
  0.513952E+01
  0.521591E+01
  0.529266E+01
  0.536941E+01
  0.544673E+01
  0.552448E+01
  0.560246E+01
  0.568051E+01
  0.575913E+01
  0.583786E+01
  0.591701E+01
  0.599608E+01
  0.607552E+01
  0.615511E+01
  0.623469E+01
  0.631396E+01
  0.639341E+01
  0.647254E+01
  0.655165E+01
  0.663027E+01
  0.670902E+01
  0.678771E+01
  0.686615E+01
  0.694415E+01
  0.702233E+01
  0.710020E+01
  0.717817E+01
  0.725572E+01
  0.733349E+01
  0.741127E+01
  0.748894E+01
  0.756620E+01
  0.764371E+01
  0.772088E+01
  0.779805E+01
  0.787464E+01
  0.795127E+01
  0.802765E+01
  0.810342E+01
  0.817827E+01
  0.825284E+01
  0.832650E+01
  0.839967E+01
  0.847168E+01
  0.854320E+01
  0.861393E+01
  0.868371E+01
  0.875225E+01
  0.882028E+01
  0.888721E+01
  0.895356E+01
  0.901869E+01
  0.908349E+01
  0.914766E+01
  0.921101E+01
  0.927317E+01
  0.933493E+01
  0.939549E+01
  0.945531E+01
  0.951367E+01
  0.957129E+01
  0.962788E+01
  0.968327E+01
  0.973701E+01
  0.978992E+01
  0.984129E+01
  0.989165E+01
  0.994034E+01
  0.998824E+01
  0.100351E+02
  0.100808E+02
  0.101249E+02
  0.101683E+02
  0.102104E+02
  0.102518E+02
  0.102916E+02
  0.103307E+02
  0.103687E+02
  0.104053E+02
  0.104401E+02
  0.104742E+02
  0.105067E+02
  0.105383E+02
  0.105682E+02
  0.105973E+02
  0.106254E+02
  0.106522E+02
  0.106774E+02
  0.107017E+02
  0.107245E+02
  0.107462E+02
  0.107661E+02
  0.107848E+02
  0.108022E+02
  0.108178E+02
  0.108314E+02
  0.108436E+02
  0.108537E+02
  0.108623E+02
  0.108685E+02
  0.108733E+02
  0.108763E+02
  0.108773E+02
  0.108758E+02
  0.108729E+02
  0.108678E+02
  0.108611E+02
  0.108520E+02
  0.108415E+02
  0.108292E+02
  0.108148E+02
  0.107981E+02
  0.107800E+02
  0.107596E+02
  0.107377E+02
  0.107135E+02
  0.106879E+02
  0.106606E+02
  0.106317E+02
  0.106007E+02
  0.105687E+02
  0.105351E+02
  0.105004E+02
  0.104641E+02
  0.104271E+02
  0.103890E+02
  0.103497E+02
  0.103088E+02
  0.102674E+02
  0.102245E+02
  0.101810E+02
  0.101360E+02
  0.100905E+02
  0.100441E+02
  0.999679E+01
  0.994829E+01
  0.989949E+01
  0.984982E+01
  0.979987E+01
  0.974896E+01
  0.969804E+01
  0.964675E+01
  0.959496E+01
  0.954238E+01
  0.948985E+01
  0.943664E+01
  0.938321E+01
  0.932887E+01
  0.927435E+01
  0.921934E+01
  0.916367E+01
  0.910694E+01
  0.904989E+01
  0.899177E+01
  0.893304E+01
  0.887308E+01
  0.881264E+01
  0.875149E+01
  0.868959E+01
  0.862667E+01
  0.856353E+01
  0.849963E+01
  0.843551E+01
  0.837071E+01
  0.830610E+01
  0.824150E+01
  0.817671E+01
  0.811153E+01
  0.804675E+01
  0.798183E+01
  0.791728E+01
  0.785263E+01
  0.778864E+01
  0.772498E+01
  0.766158E+01
  0.759823E+01
  0.753573E+01
  0.747356E+01
  0.741220E+01
  0.735110E+01
  0.729090E+01
  0.723133E+01
  0.717233E+01
  0.711370E+01
  0.705610E+01
  0.699905E+01
  0.694293E+01
  0.688724E+01
  0.683262E+01
  0.677874E+01
  0.672557E+01
  0.667286E+01
  0.662117E+01
  0.657006E+01
  0.651984E+01
  0.646998E+01
  0.642106E+01
  0.637280E+01
  0.632509E+01
  0.627770E+01
  0.623117E+01
  0.618501E+01
  0.613948E+01
  0.609410E+01
  0.604943E+01
  0.600521E+01
  0.596136E+01
  0.591761E+01
  0.587448E+01
  0.583150E+01
  0.578908E+01
  0.574680E+01
  0.570521E+01
  0.566407E+01
  0.562327E+01
  0.558260E+01
  0.554260E+01
  0.550283E+01
  0.546364E+01
  0.542454E+01
  0.538591E+01
  0.534743E+01
  0.530895E+01
  0.527012E+01
  0.523139E+01
  0.519230E+01
  0.515315E+01
  0.511354E+01
  0.507386E+01
  0.503395E+01
  0.499366E+01
  0.495283E+01
  0.491200E+01
  0.487083E+01
  0.482971E+01
  0.478839E+01
  0.474739E+01
  0.470664E+01
  0.466624E+01
  0.462614E+01
  0.458686E+01
  0.454811E+01
  0.451033E+01
  0.447324E+01
  0.443730E+01
  0.440244E+01
  0.436866E+01
  0.433589E+01
  0.430462E+01
  0.427452E+01
  0.424586E+01
  0.421830E+01
  0.419225E+01
  0.416756E+01
  0.414425E+01
  0.412215E+01
  0.410170E+01
  0.408261E+01
  0.406515E+01
  0.404904E+01
  0.403458E+01
  0.402154E+01
  0.400981E+01
  0.399907E+01
  0.398960E+01
  0.398095E+01
  0.397314E+01
  0.396576E+01
  0.395902E+01
  0.395265E+01
  0.394645E+01
  0.394019E+01
  0.393418E+01
  0.392803E+01
  0.392194E+01
  0.391562E+01
  0.390939E+01
  0.390309E+01
  0.389661E+01
  0.388981E+01
  0.388309E+01
  0.387614E+01
  0.386919E+01
  0.386193E+01
  0.385471E+01
  0.384741E+01
  0.383999E+01
  0.383228E+01
  0.382464E+01
  0.381670E+01
  0.380866E+01
  0.380015E+01
  0.379157E+01
  0.378274E+01
  0.377344E+01
  0.376351E+01
  0.375318E+01
  0.374202E+01
  0.373017E+01
  0.371728E+01
  0.370368E+01
  0.368918E+01
  0.367371E+01
  0.365710E+01
  0.363962E+01
  0.362104E+01
  0.360164E+01
  0.358110E+01
  0.355989E+01
  0.353785E+01
  0.351490E+01
  0.349102E+01
  0.346659E+01
  0.344139E+01
  0.341573E+01
  0.338931E+01
  0.336250E+01
  0.333517E+01
  0.330726E+01
  0.327869E+01
  0.324985E+01
  0.322048E+01
  0.319077E+01
  0.316044E+01
  0.312980E+01
  0.309879E+01
  0.306748E+01
  0.303573E+01
  0.300387E+01
  0.297167E+01
  0.293931E+01
  0.290654E+01
  0.287358E+01
  0.284024E+01
  0.280643E+01
  0.277199E+01
  0.273715E+01
  0.270158E+01
  0.266541E+01
  0.262836E+01
  0.259067E+01
  0.255217E+01
  0.251273E+01
  0.247224E+01
  0.243090E+01
  0.238847E+01
  0.234518E+01
  0.230098E+01
  0.225623E+01
  0.221094E+01
  0.216532E+01
  0.211944E+01
  0.207365E+01
  0.202789E+01
  0.198243E+01
  0.193716E+01
  0.189233E+01
  0.184791E+01
  0.180384E+01
  0.176009E+01
  0.171688E+01
  0.167404E+01
  0.163172E+01
  0.158987E+01
  0.154870E+01
  0.150815E+01
  0.146829E+01
  0.142911E+01
  0.139080E+01
  0.135325E+01
  0.131662E+01
  0.128082E+01
  0.124598E+01
  0.121199E+01
  0.117884E+01
  0.114646E+01
  0.111504E+01
  0.108442E+01
  0.105467E+01
  0.102576E+01
  0.997799E+00
  0.970757E+00
  0.944689E+00
  0.919554E+00
  0.895566E+00
  0.872610E+00
  0.850719E+00
  0.829901E+00
  0.810290E+00
  0.791784E+00
  0.774366E+00
  0.758010E+00
  0.742800E+00
  0.728676E+00
  0.715783E+00
  0.704122E+00
  0.693833E+00
  0.684909E+00
  0.677391E+00
  0.671190E+00
  0.666399E+00
  0.662936E+00
  0.660794E+00
  0.659850E+00
  0.660160E+00
  0.661547E+00
  0.663863E+00
  0.666936E+00
  0.670723E+00
  0.675058E+00
  0.679882E+00
  0.685023E+00
  0.690545E+00
  0.696343E+00
  0.702370E+00
  0.708533E+00
  0.714906E+00
  0.721339E+00
  0.727896E+00
  0.734517E+00
  0.741292E+00
  0.748197E+00
  0.755246E+00
  0.762414E+00
  0.769779E+00
  0.777259E+00
  0.784953E+00
  0.792710E+00
  0.800665E+00
  0.808799E+00
  0.817068E+00
  0.825456E+00
  0.834093E+00
  0.842800E+00
  0.851571E+00
  0.860240E+00
  0.868798E+00
  0.877091E+00
  0.884967E+00
  0.892259E+00
  0.899054E+00
  0.905161E+00
  0.910583E+00
  0.915196E+00
  0.919095E+00
  0.922161E+00
  0.924394E+00
  0.925727E+00
  0.926250E+00
  0.925958E+00
  0.924905E+00
  0.922955E+00
  0.920279E+00
  0.916769E+00
  0.912371E+00
  0.907014E+00
  0.900822E+00
  0.893710E+00
  0.885769E+00
  0.876938E+00
  0.867282E+00
  0.856707E+00
  0.845253E+00
  0.832868E+00
  0.819668E+00
  0.805600E+00
  0.790710E+00
  0.774911E+00
  0.758459E+00
  0.741452E+00
  0.723959E+00
  0.706047E+00
  0.687883E+00
  0.669366E+00
  0.650588E+00
  0.631498E+00
  0.612200E+00
  0.592705E+00
  0.572984E+00
  0.552943E+00
  0.532645E+00
  0.511946E+00
  0.490897E+00
  0.469419E+00
  0.447615E+00
  0.425426E+00
  0.402855E+00
  0.379889E+00
  0.356497E+00
  0.332622E+00
  0.308321E+00
  0.283521E+00
  0.258399E+00
  0.232993E+00
  0.207333E+00
  0.181476E+00
  0.155590E+00
  0.129728E+00
  0.103980E+00
  0.783824E-01
  0.530658E-01
  0.280194E-01
  0.337291E-02
 -0.208066E-01
 -0.444103E-01
 -0.673979E-01
 -0.897195E-01
 -0.111342E+00
 -0.132218E+00
 -0.152400E+00
 -0.171830E+00
 -0.190516E+00
 -0.208484E+00
 -0.225805E+00
 -0.242502E+00
 -0.258600E+00
 -0.274100E+00
 -0.288995E+00
 -0.303249E+00
 -0.316947E+00
 -0.330144E+00
 -0.342843E+00
 -0.355063E+00
 -0.366844E+00
 -0.378107E+00
 -0.388864E+00
 -0.399104E+00
 -0.408805E+00
 -0.417950E+00
 -0.426511E+00
 -0.434504E+00
 -0.441974E+00
 -0.448942E+00
 -0.455487E+00
 -0.461725E+00
 -0.467794E+00
 -0.473803E+00
 -0.479824E+00
 -0.485930E+00
 -0.492201E+00
 -0.498670E+00
 -0.505435E+00
 -0.512559E+00
 -0.520029E+00
 -0.527873E+00
 -0.536095E+00
 -0.544588E+00
 -0.553337E+00
 -0.562325E+00
 -0.571555E+00
 -0.580998E+00
 -0.590558E+00
 -0.600121E+00
 -0.609574E+00
 -0.618826E+00
 -0.627816E+00
 -0.636501E+00
 -0.644780E+00
 -0.652475E+00
 -0.659484E+00
 -0.665735E+00
 -0.671086E+00
 -0.675424E+00
 -0.678673E+00
 -0.680738E+00
 -0.681509E+00
 -0.680918E+00
 -0.678902E+00
 -0.675426E+00
 -0.670485E+00
 -0.664094E+00
 -0.656143E+00
 -0.646596E+00
 -0.635406E+00
 -0.622509E+00
 -0.607883E+00
 -0.591502E+00
 -0.573326E+00
 -0.553337E+00
 -0.531615E+00
 -0.508160E+00
 -0.482986E+00
 -0.456172E+00
 -0.427752E+00
 -0.397783E+00
 -0.366356E+00
 -0.333567E+00
 -0.299549E+00
 -0.264349E+00
 -0.228054E+00
 -0.190815E+00
 -0.152833E+00
 -0.114200E+00
 -0.750759E-01
 -0.355389E-01
  0.434017E-02
  0.444963E-01
  0.848176E-01
  0.125159E+00
  0.165365E+00
  0.205427E+00
  0.245167E+00
  0.284565E+00
  0.323507E+00
  0.362020E+00
  0.400058E+00
  0.437564E+00
  0.474529E+00
  0.511053E+00
  0.547084E+00
  0.582719E+00
  0.617873E+00
  0.652672E+00
  0.687113E+00
  0.721182E+00
  0.754869E+00
  0.788289E+00
  0.821415E+00
  0.854287E+00
  0.886845E+00
  0.919286E+00
  0.951529E+00
  0.983619E+00
  0.101565E+01
  0.104779E+01
  0.107997E+01
  0.111227E+01
  0.114460E+01
  0.117709E+01
  0.120962E+01
  0.124205E+01
  0.127420E+01
  0.130613E+01
  0.133756E+01
  0.136859E+01
  0.139903E+01
  0.142886E+01
  0.145795E+01
  0.148615E+01
  0.151332E+01
  0.153959E+01
  0.156476E+01
  0.158901E+01
  0.161215E+01
  0.163434E+01
  0.165557E+01
  0.167570E+01
  0.169469E+01
  0.171278E+01
  0.172976E+01
  0.174576E+01
  0.176067E+01
  0.177467E+01
  0.178771E+01
  0.179976E+01
  0.181076E+01
  0.182088E+01
  0.182993E+01
  0.183798E+01
  0.184485E+01
  0.185066E+01
  0.185530E+01
  0.185872E+01
  0.186085E+01
  0.186192E+01
  0.186176E+01
  0.186056E+01
  0.185818E+01
  0.185484E+01
  0.185049E+01
  0.184510E+01
  0.183869E+01
  0.183153E+01
  0.182346E+01
  0.181462E+01
  0.180482E+01
  0.179430E+01
  0.178296E+01
  0.177075E+01
  0.175769E+01
  0.174402E+01
  0.172968E+01
  0.171495E+01
  0.169972E+01
  0.168420E+01
  0.166833E+01
  0.165204E+01
  0.163523E+01
  0.161812E+01
  0.160058E+01
  0.158267E+01
  0.156428E+01
  0.154568E+01
  0.152683E+01
  0.150777E+01
  0.148854E+01
  0.146935E+01
  0.145017E+01
  0.143134E+01
  0.141275E+01
  0.139463E+01
  0.137704E+01
  0.135998E+01
  0.134339E+01
  0.132746E+01
  0.131201E+01
  0.129715E+01
  0.128274E+01
  0.126888E+01
  0.125549E+01
  0.124254E+01
  0.122990E+01
  0.121763E+01
  0.120550E+01
  0.119350E+01
  0.118137E+01
  0.116914E+01
  0.115661E+01
  0.114364E+01
  0.113007E+01
  0.111595E+01
  0.110108E+01
  0.108551E+01
  0.106911E+01
  0.105189E+01
  0.103380E+01
  0.101485E+01
  0.994964E+00
  0.974294E+00
  0.952825E+00
  0.930673E+00
  0.907750E+00
  0.884280E+00
  0.860280E+00
  0.835852E+00
  0.811053E+00
  0.786089E+00
  0.760996E+00
  0.735958E+00
  0.710950E+00
  0.686182E+00
  0.661656E+00
  0.637440E+00
  0.613680E+00
  0.590543E+00
  0.567952E+00
  0.546065E+00
  0.524878E+00
  0.504545E+00
  0.485126E+00
  0.466712E+00
  0.449308E+00
  0.433050E+00
  0.417952E+00
  0.404106E+00
  0.391440E+00
  0.380122E+00
  0.370151E+00
  0.361528E+00
  0.354258E+00
  0.348401E+00
  0.343869E+00
  0.340712E+00
  0.338913E+00
  0.338533E+00
  0.339442E+00
  0.341608E+00
  0.344952E+00
  0.349474E+00
  0.355117E+00
  0.361851E+00
  0.369540E+00
  0.378237E+00
  0.387916E+00
  0.398572E+00
  0.410085E+00
  0.422461E+00
  0.435585E+00
  0.449445E+00
  0.463870E+00
  0.478815E+00
  0.494209E+00
  0.509966E+00
  0.525954E+00
  0.542230E+00
  0.558588E+00
  0.575028E+00
  0.591376E+00
  0.607656E+00
  0.623783E+00
  0.639696E+00
  0.655381E+00
  0.670911E+00
  0.686126E+00
  0.701084E+00
  0.715699E+00
  0.730099E+00
  0.744230E+00
  0.758032E+00
  0.771519E+00
  0.784855E+00
  0.797919E+00
  0.810804E+00
  0.823460E+00
  0.836022E+00
  0.848493E+00
  0.860842E+00
  0.873065E+00
  0.885273E+00
  0.897374E+00
  0.909446E+00
  0.921338E+00
  0.933161E+00
  0.944853E+00
  0.956313E+00
  0.967407E+00
  0.978267E+00
  0.988744E+00
  0.998872E+00
  0.100859E+01
  0.101796E+01
  0.102688E+01
  0.103538E+01
  0.104340E+01
  0.105107E+01
  0.105833E+01
  0.106530E+01
  0.107197E+01
  0.107858E+01
  0.108516E+01
  0.109177E+01
  0.109848E+01
  0.110552E+01
  0.111282E+01
  0.112052E+01
  0.112852E+01
  0.113700E+01
  0.114592E+01
  0.115530E+01
  0.116512E+01
  0.117552E+01
  0.118638E+01
  0.119780E+01
  0.120964E+01
  0.122205E+01
  0.123495E+01
  0.124836E+01
  0.126212E+01
  0.127635E+01
  0.129091E+01
  0.130585E+01
  0.132106E+01
  0.133670E+01
  0.135258E+01
  0.136870E+01
  0.138502E+01
  0.140171E+01
  0.141863E+01
  0.143591E+01
  0.145340E+01
  0.147125E+01
  0.148947E+01
  0.150802E+01
  0.152679E+01
  0.154596E+01
  0.156533E+01
  0.158499E+01
  0.160483E+01
  0.162504E+01
  0.164551E+01
  0.166621E+01
  0.168708E+01
  0.170831E+01
  0.172979E+01
  0.175174E+01
  0.177403E+01
  0.179691E+01
  0.182041E+01
  0.184456E+01
  0.186936E+01
  0.189511E+01
  0.192165E+01
  0.194909E+01
  0.197718E+01
  0.200608E+01
  0.203564E+01
  0.206575E+01
  0.209632E+01
  0.212748E+01
  0.215895E+01
  0.219080E+01
  0.222268E+01
  0.225484E+01
  0.228717E+01
  0.231954E+01
  0.235185E+01
  0.238423E+01
  0.241644E+01
  0.244859E+01
  0.248046E+01
  0.251226E+01
  0.254387E+01
  0.257521E+01
  0.260611E+01
  0.263681E+01
  0.266712E+01
  0.269717E+01
  0.272668E+01
  0.275584E+01
  0.278447E+01
  0.281245E+01
  0.283958E+01
  0.286614E+01
  0.289184E+01
  0.291689E+01
  0.294108E+01
  0.296463E+01
  0.298739E+01
  0.300942E+01
  0.303053E+01
  0.305114E+01
  0.307112E+01
  0.309070E+01
  0.310970E+01
  0.312851E+01
  0.314701E+01
  0.316515E+01
  0.318280E+01
  0.320021E+01
  0.321707E+01
  0.323344E+01
  0.324890E+01
  0.326368E+01
  0.327756E+01
  0.329029E+01
  0.330161E+01
  0.331173E+01
  0.332026E+01
  0.332729E+01
  0.333251E+01
  0.333618E+01
  0.333810E+01
  0.333817E+01
  0.333622E+01
  0.333253E+01
  0.332673E+01
  0.331898E+01
  0.330895E+01
  0.329694E+01
  0.328274E+01
  0.326631E+01
  0.324757E+01
  0.322688E+01
  0.320400E+01
  0.317915E+01
  0.315216E+01
  0.312351E+01
  0.309316E+01
  0.306114E+01
  0.302743E+01
  0.299242E+01
  0.295598E+01
  0.291839E+01
  0.287948E+01
  0.283956E+01
  0.279847E+01
  0.275618E+01
  0.271271E+01
  0.266840E+01
  0.262316E+01
  0.257734E+01
  0.253080E+01
  0.248391E+01
  0.243662E+01
  0.238900E+01
  0.234104E+01
  0.229308E+01
  0.224502E+01
  0.219707E+01
  0.214906E+01
  0.210125E+01
  0.205356E+01
  0.200613E+01
  0.195885E+01
  0.191186E+01
  0.186498E+01
  0.181835E+01
  0.177173E+01
  0.172537E+01
  0.167925E+01
  0.163339E+01
  0.158771E+01
  0.154234E+01
  0.149709E+01
  0.145210E+01
  0.140722E+01
  0.136262E+01
  0.131832E+01
  0.127427E+01
  0.123031E+01
  0.118659E+01
  0.114298E+01
  0.109960E+01
  0.105635E+01
  0.101340E+01
  0.970649E+00
  0.928037E+00
  0.885515E+00
  0.843194E+00
  0.801000E+00
  0.759039E+00
  0.717175E+00
  0.675465E+00
  0.633821E+00
  0.592255E+00
  0.550671E+00
  0.509134E+00
  0.467620E+00
  0.426241E+00
  0.384968E+00
  0.343962E+00
  0.303218E+00
  0.262804E+00
  0.222737E+00
  0.183151E+00
  0.144074E+00
  0.105645E+00
  0.679268E-01
  0.309941E-01
 -0.514090E-02
 -0.404316E-01
 -0.748767E-01
 -0.108367E+00
 -0.141005E+00
 -0.172799E+00
 -0.203800E+00
 -0.234064E+00
 -0.263598E+00
 -0.292467E+00
 -0.320761E+00
 -0.348403E+00
 -0.375462E+00
 -0.401940E+00
 -0.427864E+00
 -0.453187E+00
 -0.477908E+00
 -0.502068E+00
 -0.525736E+00
 -0.548981E+00
 -0.571941E+00
 -0.594662E+00
 -0.617211E+00
 -0.639661E+00
 -0.662062E+00
 -0.684451E+00
 -0.706922E+00
 -0.729553E+00
 -0.752391E+00
 -0.775435E+00
 -0.798741E+00
 -0.822390E+00
 -0.846413E+00
 -0.870836E+00
 -0.895686E+00
 -0.921056E+00
 -0.947050E+00
 -0.973683E+00
 -0.100107E+01
 -0.102934E+01
 -0.105851E+01
 -0.108864E+01
 -0.111973E+01
 -0.115184E+01
 -0.118496E+01
 -0.121916E+01
 -0.125445E+01
 -0.129084E+01
 -0.132827E+01
 -0.136664E+01
 -0.140592E+01
 -0.144613E+01
 -0.148715E+01
 -0.152896E+01
 -0.157141E+01
 -0.161451E+01
 -0.165819E+01
 -0.170245E+01
 -0.174720E+01
 -0.179247E+01
 -0.183818E+01
 -0.188425E+01
 -0.193056E+01
 -0.197721E+01
 -0.202417E+01
 -0.207141E+01
 -0.211886E+01
 -0.216658E+01
 -0.221433E+01
 -0.226217E+01
 -0.230990E+01
 -0.235751E+01
 -0.240497E+01
 -0.245218E+01
 -0.249897E+01
 -0.254541E+01
 -0.259130E+01
 -0.263674E+01
 -0.268154E+01
 -0.272583E+01
 -0.276951E+01
 -0.281241E+01
 -0.285439E+01
 -0.289558E+01
 -0.293576E+01
 -0.297503E+01
 -0.301321E+01
 -0.305035E+01
 -0.308643E+01
 -0.312139E+01
 -0.315508E+01
 -0.318774E+01
 -0.321921E+01
 -0.324968E+01
 -0.327903E+01
 -0.330752E+01
 -0.333510E+01
 -0.336171E+01
 -0.338731E+01
 -0.341212E+01
 -0.343608E+01
 -0.345937E+01
 -0.348179E+01
 -0.350361E+01
 -0.352470E+01
 -0.354506E+01
 -0.356462E+01
 -0.358353E+01
 -0.360158E+01
 -0.361894E+01
 -0.363537E+01
 -0.365108E+01
 -0.366600E+01
 -0.368015E+01
 -0.369351E+01
 -0.370640E+01
 -0.371869E+01
 -0.373056E+01
 -0.374181E+01
 -0.375269E+01
 -0.376306E+01
 -0.377292E+01
 -0.378217E+01
 -0.379099E+01
 -0.379916E+01
 -0.380681E+01
 -0.381361E+01
 -0.381982E+01
 -0.382530E+01
 -0.382998E+01
 -0.383374E+01
 -0.383682E+01
 -0.383907E+01
 -0.384058E+01
 -0.384114E+01
 -0.384099E+01
 -0.383999E+01
 -0.383814E+01
 -0.383537E+01
 -0.383190E+01
 -0.382750E+01
 -0.382228E+01
 -0.381602E+01
 -0.380898E+01
 -0.380101E+01
 -0.379205E+01
 -0.378205E+01
 -0.377130E+01
 -0.375967E+01
 -0.374739E+01
 -0.373432E+01
 -0.372077E+01
 -0.370669E+01
 -0.369211E+01
 -0.367703E+01
 -0.366173E+01
 -0.364614E+01
 -0.363052E+01
 -0.361471E+01
 -0.359902E+01
 -0.358344E+01
 -0.356794E+01
 -0.355256E+01
 -0.353759E+01
 -0.352289E+01
 -0.350875E+01
 -0.349507E+01
 -0.348203E+01
 -0.346957E+01
 -0.345778E+01
 -0.344663E+01
 -0.343643E+01
 -0.342703E+01
 -0.341852E+01
 -0.341075E+01
 -0.340394E+01
 -0.339802E+01
 -0.339304E+01
 -0.338887E+01
 -0.338574E+01
 -0.338346E+01
 -0.338223E+01
 -0.338186E+01
 -0.338255E+01
 -0.338420E+01
 -0.338668E+01
 -0.338982E+01
 -0.339379E+01
 -0.339834E+01
 -0.340353E+01
 -0.340917E+01
 -0.341544E+01
 -0.342215E+01
 -0.342917E+01
 -0.343645E+01
 -0.344416E+01
 -0.345206E+01
 -0.346038E+01
 -0.346886E+01
 -0.347768E+01
 -0.348675E+01
 -0.349600E+01
 -0.350533E+01
 -0.351500E+01
 -0.352482E+01
 -0.353492E+01
 -0.354508E+01
 -0.355553E+01
 -0.356619E+01
 -0.357698E+01
 -0.358772E+01
 -0.359856E+01
 -0.360927E+01
 -0.361988E+01
 -0.363012E+01
 -0.364026E+01
 -0.365017E+01
 -0.365975E+01
 -0.366888E+01
 -0.367778E+01
 -0.368615E+01
 -0.369412E+01
 -0.370146E+01
 -0.370839E+01
 -0.371484E+01
 -0.372070E+01
 -0.372582E+01
 -0.373045E+01
 -0.373438E+01
 -0.373779E+01
 -0.374053E+01
 -0.374296E+01
 -0.374491E+01
 -0.374633E+01
 -0.374714E+01
 -0.374760E+01
 -0.374749E+01
 -0.374696E+01
 -0.374577E+01
 -0.374411E+01
 -0.374185E+01
 -0.373883E+01
 -0.373486E+01
 -0.373017E+01
 -0.372450E+01
 -0.371798E+01
 -0.371031E+01
 -0.370162E+01
 -0.369179E+01
 -0.368071E+01
 -0.366818E+01
 -0.365443E+01
 -0.363924E+01
 -0.362275E+01
 -0.360470E+01
 -0.358529E+01
 -0.356444E+01
 -0.354208E+01
 -0.351816E+01
 -0.349299E+01
 -0.346636E+01
 -0.343846E+01
 -0.340919E+01
 -0.337875E+01
 -0.334702E+01
 -0.331408E+01
 -0.327979E+01
 -0.324439E+01
 -0.320774E+01
 -0.317002E+01
 -0.313116E+01
 -0.309144E+01
 -0.305084E+01
 -0.300937E+01
 -0.296701E+01
 -0.292404E+01
 -0.288030E+01
 -0.283601E+01
 -0.279103E+01
 -0.274553E+01
 -0.269946E+01
 -0.265278E+01
 -0.260545E+01
 -0.255770E+01
 -0.250937E+01
 -0.246061E+01
 -0.241131E+01
 -0.236161E+01
 -0.231147E+01
 -0.226089E+01
 -0.220992E+01
 -0.215873E+01
 -0.210726E+01
 -0.205567E+01
 -0.200384E+01
 -0.195189E+01
 -0.189988E+01
 -0.184783E+01
 -0.179574E+01
 -0.174376E+01
 -0.169180E+01
 -0.163995E+01
 -0.158826E+01
 -0.153684E+01
 -0.148571E+01
 -0.143500E+01
 -0.138476E+01
 -0.133518E+01
 -0.128637E+01
 -0.123843E+01
 -0.119138E+01
 -0.114539E+01
 -0.110049E+01
 -0.105668E+01
 -0.101400E+01
 -0.972451E+00
 -0.931992E+00
 -0.892681E+00
 -0.854493E+00
 -0.817452E+00
 -0.781623E+00
 -0.746989E+00
 -0.713560E+00
 -0.681390E+00
 -0.650445E+00
 -0.620776E+00
 -0.592447E+00
 -0.565500E+00
 -0.539957E+00
 -0.515751E+00
 -0.492915E+00
 -0.471485E+00
 -0.451538E+00
 -0.433134E+00
 -0.416322E+00
 -0.401110E+00
 -0.387516E+00
 -0.375508E+00
 -0.365149E+00
 -0.356462E+00
 -0.349458E+00
 -0.344105E+00
 -0.340431E+00
 -0.338434E+00
 -0.338140E+00
 -0.339546E+00
 -0.342735E+00
 -0.347688E+00
 -0.354412E+00
 -0.362901E+00
 -0.373175E+00
 -0.385245E+00
 -0.399098E+00
 -0.414652E+00
 -0.431846E+00
 -0.450594E+00
 -0.470817E+00
 -0.492469E+00
 -0.515502E+00
 -0.539804E+00
 -0.565291E+00
 -0.591891E+00
 -0.619544E+00
 -0.648150E+00
 -0.677656E+00
 -0.707939E+00
 -0.738927E+00
 -0.770577E+00
 -0.802781E+00
 -0.835448E+00
 -0.868477E+00
 -0.901764E+00
 -0.935156E+00
 -0.968562E+00
 -0.100187E+01
 -0.103495E+01
 -0.106771E+01
 -0.110001E+01
 -0.113175E+01
 -0.116290E+01
 -0.119337E+01
 -0.122310E+01
 -0.125202E+01
 -0.128009E+01
 -0.130724E+01
 -0.133340E+01
 -0.135859E+01
 -0.138275E+01
 -0.140578E+01
 -0.142769E+01
 -0.144837E+01
 -0.146792E+01
 -0.148631E+01
 -0.150360E+01
 -0.151983E+01
 -0.153515E+01
 -0.154959E+01
 -0.156329E+01
 -0.157630E+01
 -0.158878E+01
 -0.160073E+01
 -0.161218E+01
 -0.162319E+01
 -0.163387E+01
 -0.164416E+01
 -0.165409E+01
 -0.166360E+01
 -0.167285E+01
 -0.168180E+01
 -0.169039E+01
 -0.169859E+01
 -0.170643E+01
 -0.171382E+01
 -0.172083E+01
 -0.172731E+01
 -0.173331E+01
 -0.173886E+01
 -0.174387E+01
 -0.174828E+01
 -0.175216E+01
 -0.175549E+01
 -0.175833E+01
 -0.176057E+01
 -0.176235E+01
 -0.176362E+01
 -0.176436E+01
 -0.176459E+01
 -0.176437E+01
 -0.176367E+01
 -0.176258E+01
 -0.176102E+01
 -0.175909E+01
 -0.175676E+01
 -0.175398E+01
 -0.175069E+01
 -0.174709E+01
 -0.174311E+01
 -0.173876E+01
 -0.173395E+01
 -0.172872E+01
 -0.172303E+01
 -0.171687E+01
 -0.171023E+01
 -0.170314E+01
 -0.169549E+01
 -0.168730E+01
 -0.167847E+01
 -0.166909E+01
 -0.165918E+01
 -0.164879E+01
 -0.163786E+01
 -0.162646E+01
 -0.161451E+01
 -0.160207E+01
 -0.158917E+01
 -0.157593E+01
 -0.156236E+01
 -0.154847E+01
 -0.153435E+01
 -0.152011E+01
 -0.150571E+01
 -0.149123E+01
 -0.147663E+01
 -0.146203E+01
 -0.144746E+01
 -0.143296E+01
 -0.141857E+01
 -0.140431E+01
 -0.139012E+01
 -0.137610E+01
 -0.136222E+01
 -0.134856E+01
 -0.133515E+01
 -0.132201E+01
 -0.130910E+01
 -0.129654E+01
 -0.128430E+01
 -0.127245E+01
 -0.126102E+01
 -0.125003E+01
 -0.123947E+01
 -0.122935E+01
 -0.121966E+01
 -0.121048E+01
 -0.120174E+01
 -0.119348E+01
 -0.118574E+01
 -0.117852E+01
 -0.117178E+01
 -0.116549E+01
 -0.115963E+01
 -0.115426E+01
 -0.114944E+01
 -0.114529E+01
 -0.114191E+01
 -0.113939E+01
 -0.113770E+01
 -0.113695E+01
 -0.113719E+01
 -0.113844E+01
 -0.114065E+01
 -0.114385E+01
 -0.114801E+01
 -0.115320E+01
 -0.115941E+01
 -0.116664E+01
 -0.117491E+01
 -0.118427E+01
 -0.119465E+01
 -0.120613E+01
 -0.121867E+01
 -0.123235E+01
 -0.124722E+01
 -0.126324E+01
 -0.128032E+01
 -0.129855E+01
 -0.131783E+01
 -0.133815E+01
 -0.135949E+01
 -0.138187E+01
 -0.140525E+01
 -0.142970E+01
 -0.145521E+01
 -0.148191E+01
 -0.150974E+01
 -0.153869E+01
 -0.156864E+01
 -0.159960E+01
 -0.163153E+01
 -0.166440E+01
 -0.169814E+01
 -0.173286E+01
 -0.176846E+01
 -0.180487E+01
 -0.184196E+01
 -0.187982E+01
 -0.191838E+01
 -0.195764E+01
 -0.199766E+01
 -0.203858E+01
 -0.208035E+01
 -0.212314E+01
 -0.216689E+01
 -0.221179E+01
 -0.225787E+01
 -0.230511E+01
 -0.235353E+01
 -0.240333E+01
 -0.245439E+01
 -0.250682E+01
 -0.256049E+01
 -0.261549E+01
 -0.267168E+01
 -0.272887E+01
 -0.278687E+01
 -0.284577E+01
 -0.290535E+01
 -0.296563E+01
 -0.302638E+01
 -0.308782E+01
 -0.314988E+01
 -0.321247E+01
 -0.327557E+01
 -0.333936E+01
 -0.340358E+01
 -0.346837E+01
 -0.353353E+01
 -0.359924E+01
 -0.366538E+01
 -0.373185E+01
 -0.379849E+01
 -0.386557E+01
 -0.393280E+01
 -0.400031E+01
 -0.406783E+01
 -0.413554E+01
 -0.420338E+01
 -0.427123E+01
 -0.433892E+01
 -0.440673E+01
 -0.447427E+01
 -0.454163E+01
 -0.460847E+01
 -0.467497E+01
 -0.474104E+01
 -0.480657E+01
 -0.487138E+01
 -0.493584E+01
 -0.499962E+01
 -0.506286E+01
 -0.512536E+01
 -0.518740E+01
 -0.524884E+01
 -0.530961E+01
 -0.536949E+01
 -0.542886E+01
 -0.548741E+01
 -0.554531E+01
 -0.560221E+01
 -0.565848E+01
 -0.571385E+01
 -0.576816E+01
 -0.582117E+01
 -0.587320E+01
 -0.592391E+01
 -0.597353E+01
 -0.602167E+01
 -0.606873E+01
 -0.611448E+01
 -0.615872E+01
 -0.620130E+01
 -0.624274E+01
 -0.628273E+01
 -0.632171E+01
 -0.635935E+01
 -0.639613E+01
 -0.643185E+01
 -0.646640E+01
 -0.649958E+01
 -0.653188E+01
 -0.656283E+01
 -0.659277E+01
 -0.662129E+01
 -0.664879E+01
 -0.667513E+01
 -0.670029E+01
 -0.672408E+01
 -0.674707E+01
 -0.676885E+01
 -0.678973E+01
 -0.680933E+01
 -0.682821E+01
 -0.684616E+01
 -0.686311E+01
 -0.687877E+01
 -0.689358E+01
 -0.690709E+01
 -0.691959E+01
 -0.693059E+01
 -0.694063E+01
 -0.694947E+01
 -0.695691E+01
 -0.696278E+01
 -0.696755E+01
 -0.697074E+01
 -0.697274E+01
 -0.697322E+01
 -0.697274E+01
 -0.697107E+01
 -0.696821E+01
 -0.696401E+01
 -0.695902E+01
 -0.695293E+01
 -0.694619E+01
 -0.693844E+01
 -0.693030E+01
 -0.692165E+01
 -0.691249E+01
 -0.690273E+01
 -0.689297E+01
 -0.688291E+01
 -0.687295E+01
 -0.686283E+01
 -0.685315E+01
 -0.684377E+01
 -0.683471E+01
 -0.682583E+01
 -0.681777E+01
 -0.681017E+01
 -0.680329E+01
 -0.679667E+01
 -0.679082E+01
 -0.678546E+01
 -0.678048E+01
 -0.677570E+01
 -0.677149E+01
 -0.676740E+01
 -0.676372E+01
 -0.675993E+01
 -0.675654E+01
 -0.675328E+01
 -0.674999E+01
 -0.674629E+01
 -0.674260E+01
 -0.673843E+01
 -0.673399E+01
 -0.672886E+01
 -0.672347E+01
 -0.671750E+01
 -0.671077E+01
 -0.670301E+01
 -0.669462E+01
 -0.668510E+01
 -0.667474E+01
 -0.666304E+01
 -0.665052E+01
 -0.663699E+01
 -0.662238E+01
 -0.660642E+01
 -0.658961E+01
 -0.657158E+01
 -0.655274E+01
 -0.653272E+01
 -0.651199E+01
 -0.649045E+01
 -0.646807E+01
 -0.644469E+01
 -0.642088E+01
 -0.639635E+01
 -0.637145E+01
 -0.634579E+01
 -0.631988E+01
 -0.629358E+01
 -0.626686E+01
 -0.623959E+01
 -0.621226E+01
 -0.618449E+01
 -0.615669E+01
 -0.612846E+01
 -0.610019E+01
 -0.607177E+01
 -0.604312E+01
 -0.601401E+01
 -0.598487E+01
 -0.595530E+01
 -0.592549E+01
 -0.589502E+01
 -0.586435E+01
 -0.583325E+01
 -0.580165E+01
 -0.576941E+01
 -0.573698E+01
 -0.570401E+01
 -0.567083E+01
 -0.563713E+01
 -0.560330E+01
 -0.556915E+01
 -0.553447E+01
 -0.549908E+01
 -0.546328E+01
 -0.542657E+01
 -0.538914E+01
 -0.535055E+01
 -0.531102E+01
 -0.527025E+01
 -0.522817E+01
 -0.518459E+01
 -0.513987E+01
 -0.509367E+01
 -0.504616E+01
 -0.499691E+01
 -0.494625E+01
 -0.489398E+01
 -0.484003E+01
 -0.478427E+01
 -0.472703E+01
 -0.466805E+01
 -0.460758E+01
 -0.454536E+01
 -0.448169E+01
 -0.441640E+01
 -0.434947E+01
 -0.428077E+01
 -0.421063E+01
 -0.413888E+01
 -0.406586E+01
 -0.399138E+01
 -0.391580E+01
 -0.383907E+01
 -0.376118E+01
 -0.368216E+01
 -0.360236E+01
 -0.352159E+01
 -0.344016E+01
 -0.335797E+01
 -0.327532E+01
 -0.319225E+01
 -0.310886E+01
 -0.302517E+01
 -0.294147E+01
 -0.285761E+01
 -0.277377E+01
 -0.268995E+01
 -0.260644E+01
 -0.252313E+01
 -0.244012E+01
 -0.235737E+01
 -0.227501E+01
 -0.219305E+01
 -0.211166E+01
 -0.203075E+01
 -0.195045E+01
 -0.187066E+01
 -0.179136E+01
 -0.171253E+01
 -0.163425E+01
 -0.155634E+01
 -0.147875E+01
 -0.140139E+01
 -0.132426E+01
 -0.124735E+01
 -0.117069E+01
 -0.109424E+01
 -0.101811E+01
 -0.942255E+00
 -0.866655E+00
 -0.791353E+00
 -0.716508E+00
 -0.642126E+00
 -0.568246E+00
 -0.494860E+00
 -0.421990E+00
 -0.349692E+00
 -0.278041E+00
 -0.207095E+00
 -0.136828E+00
 -0.672274E-01
  0.162309E-02
  0.697409E-01
  0.137193E+00
  0.203957E+00
  0.270160E+00
  0.335683E+00
  0.400486E+00
  0.464584E+00
  0.527954E+00
  0.590517E+00
  0.652332E+00
  0.713306E+00
  0.773425E+00
  0.832596E+00
  0.890904E+00
  0.948177E+00
  0.100427E+01
  0.105912E+01
  0.111283E+01
  0.116532E+01
  0.121664E+01
  0.126668E+01
  0.131560E+01
  0.136340E+01
  0.141010E+01
  0.145571E+01
  0.150047E+01
  0.154424E+01
  0.158718E+01
  0.162926E+01
  0.167064E+01
  0.171132E+01
  0.175129E+01
  0.179046E+01
  0.182904E+01
  0.186693E+01
  0.190426E+01
  0.194086E+01
  0.197703E+01
  0.201278E+01
  0.204810E+01
  0.208298E+01
  0.211772E+01
  0.215220E+01
  0.218661E+01
  0.222087E+01
  0.225523E+01
  0.228965E+01
  0.232410E+01
  0.235848E+01
  0.239298E+01
  0.242745E+01
  0.246202E+01
  0.249652E+01
  0.253125E+01
  0.256613E+01
  0.260110E+01
  0.263609E+01
  0.267138E+01
  0.270676E+01
  0.274239E+01
  0.277798E+01
  0.281381E+01
  0.284986E+01
  0.288605E+01
  0.292220E+01
  0.295866E+01
  0.299518E+01
  0.303186E+01
  0.306853E+01
  0.310547E+01
  0.314261E+01
  0.317990E+01
  0.321720E+01
  0.325479E+01
  0.329244E+01
  0.333032E+01
  0.336809E+01
  0.340607E+01
  0.344414E+01
  0.348218E+01
  0.352013E+01
  0.355840E+01
  0.359671E+01
  0.363516E+01
  0.367354E+01
  0.371223E+01
  0.375109E+01
  0.379017E+01
  0.382928E+01
  0.386877E+01
  0.390833E+01
  0.394812E+01
  0.398781E+01
  0.402781E+01
  0.406794E+01
  0.410808E+01
  0.414817E+01
  0.418857E+01
  0.422900E+01
  0.426980E+01
  0.431064E+01
  0.435192E+01
  0.439349E+01
  0.443529E+01
  0.447717E+01
  0.451959E+01
  0.456231E+01
  0.460558E+01
  0.464903E+01
  0.469307E+01
  0.473745E+01
  0.478198E+01
  0.482654E+01
  0.487153E+01
  0.491657E+01
  0.496190E+01
  0.500703E+01
  0.505230E+01
  0.509742E+01
  0.514217E+01
  0.518622E+01
  0.522993E+01
  0.527278E+01
  0.531495E+01
  0.535602E+01
  0.539642E+01
  0.543596E+01
  0.547457E+01
  0.551194E+01
  0.554855E+01
  0.558401E+01
  0.561861E+01
  0.565201E+01
  0.568475E+01
  0.571662E+01
  0.574750E+01
  0.577713E+01
  0.580605E+01
  0.583387E+01
  0.586089E+01
  0.588671E+01
  0.591186E+01
  0.593614E+01
  0.595945E+01
  0.598159E+01
  0.600317E+01
  0.602379E+01
  0.604375E+01
  0.606260E+01
  0.608095E+01
  0.609853E+01
  0.611530E+01
  0.613110E+01
  0.614651E+01
  0.616117E+01
  0.617548E+01
  0.618903E+01
  0.620243E+01
  0.621557E+01
  0.622837E+01
  0.624066E+01
  0.625309E+01
  0.626520E+01
  0.627733E+01
  0.628909E+01
  0.630103E+01
  0.631286E+01
  0.632448E+01
  0.633560E+01
  0.634674E+01
  0.635738E+01
  0.636784E+01
  0.637763E+01
  0.638734E+01
  0.639680E+01
  0.640590E+01
  0.641453E+01
  0.642327E+01
  0.643171E+01
  0.644028E+01
  0.644857E+01
  0.645719E+01
  0.646594E+01
  0.647479E+01
  0.648356E+01
  0.649291E+01
  0.650241E+01
  0.651253E+01
  0.652283E+01
  0.653399E+01
  0.654580E+01
  0.655818E+01
  0.657100E+01
  0.658489E+01
  0.659935E+01
  0.661476E+01
  0.663061E+01
  0.664744E+01
  0.666500E+01
  0.668315E+01
  0.670165E+01
  0.672108E+01
  0.674081E+01
  0.676113E+01
  0.678146E+01
  0.680233E+01
  0.682342E+01
  0.684449E+01
  0.686528E+01
  0.688632E+01
  0.690708E+01
  0.692798E+01
  0.694844E+01
  0.696909E+01
  0.698965E+01
  0.700996E+01
  0.702971E+01
  0.704952E+01
  0.706883E+01
  0.708803E+01
  0.710663E+01
  0.712524E+01
  0.714356E+01
  0.716142E+01
  0.717848E+01
  0.719533E+01
  0.721146E+01
  0.722729E+01
  0.724221E+01
  0.725683E+01
  0.727079E+01
  0.728387E+01
  0.729570E+01
  0.730691E+01
  0.731696E+01
  0.732622E+01
  0.733421E+01
  0.734160E+01
  0.734819E+01
  0.735383E+01
  0.735829E+01
  0.736222E+01
  0.736514E+01
  0.736755E+01
  0.736893E+01
  0.736993E+01
  0.737032E+01
  0.737006E+01
  0.736894E+01
  0.736770E+01
  0.736580E+01
  0.736373E+01
  0.736096E+01
  0.735819E+01
  0.735522E+01
  0.735200E+01
  0.734823E+01
  0.734459E+01
  0.734052E+01
  0.733636E+01
  0.733159E+01
  0.732681E+01
  0.732163E+01
  0.731600E+01
  0.730957E+01
  0.730298E+01
  0.729571E+01
  0.728819E+01
  0.727986E+01
  0.727140E+01
  0.726262E+01
  0.725341E+01
  0.724351E+01
  0.723359E+01
  0.722311E+01
  0.721253E+01
  0.720137E+01
  0.719025E+01
  0.717888E+01
  0.716721E+01
  0.715495E+01
  0.714272E+01
  0.713003E+01
  0.711720E+01
  0.710365E+01
  0.708993E+01
  0.707568E+01
  0.706082E+01
  0.704502E+01
  0.702891E+01
  0.701196E+01
  0.699450E+01
  0.697597E+01
  0.695693E+01
  0.693712E+01
  0.691660E+01
  0.689517E+01
  0.687348E+01
  0.685101E+01
  0.682816E+01
  0.680441E+01
  0.678036E+01
  0.675577E+01
  0.673043E+01
  0.670407E+01
  0.667713E+01
  0.664905E+01
  0.662014E+01
  0.658982E+01
  0.655863E+01
  0.652629E+01
  0.649274E+01
  0.645778E+01
  0.642204E+01
  0.638502E+01
  0.634703E+01
  0.630760E+01
  0.626736E+01
  0.622602E+01
  0.618356E+01
  0.613971E+01
  0.609496E+01
  0.604889E+01
  0.600184E+01
  0.595334E+01
  0.590394E+01
  0.585331E+01
  0.580129E+01
  0.574762E+01
  0.569278E+01
  0.563627E+01
  0.557835E+01
  0.551846E+01
  0.545704E+01
  0.539381E+01
  0.532870E+01
  0.526153E+01
  0.519278E+01
  0.512204E+01
  0.504962E+01
  0.497509E+01
  0.489895E+01
  0.482098E+01
  0.474113E+01
  0.465919E+01
  0.457565E+01
  0.449025E+01
  0.440337E+01
  0.431469E+01
  0.422464E+01
  0.413309E+01
  0.404003E+01
  0.394528E+01
  0.384929E+01
  0.375179E+01
  0.365298E+01
  0.355263E+01
  0.345112E+01
  0.334828E+01
  0.324418E+01
  0.313864E+01
  0.303202E+01
  0.292407E+01
  0.281508E+01
  0.270487E+01
  0.259373E+01
  0.248156E+01
  0.236831E+01
  0.225387E+01
  0.213861E+01
  0.202234E+01
  0.190527E+01
  0.178733E+01
  0.166870E+01
  0.154927E+01
  0.142917E+01
  0.130838E+01
  0.118714E+01
  0.106541E+01
  0.943357E+00
  0.820890E+00
  0.698233E+00
  0.575372E+00
  0.452366E+00
  0.329224E+00
  0.206081E+00
  0.828527E-01
 -0.403680E-01
 -0.163651E+00
 -0.286932E+00
 -0.410238E+00
 -0.533530E+00
 -0.656881E+00
 -0.780272E+00
 -0.903686E+00
 -0.102712E+01
 -0.115054E+01
 -0.127388E+01
 -0.139717E+01
 -0.152039E+01
 -0.164350E+01
 -0.176657E+01
 -0.188951E+01
 -0.201225E+01
 -0.213467E+01
 -0.225689E+01
 -0.237883E+01
 -0.250044E+01
 -0.262166E+01
 -0.274256E+01
 -0.286298E+01
 -0.298294E+01
 -0.310218E+01
 -0.322080E+01
 -0.333869E+01
 -0.345575E+01
 -0.357176E+01
 -0.368686E+01
 -0.380077E+01
 -0.391352E+01
 -0.402490E+01
 -0.413511E+01
 -0.424402E+01
 -0.435150E+01
 -0.445730E+01
 -0.456167E+01
 -0.466428E+01
 -0.476526E+01
 -0.486428E+01
 -0.496162E+01
 -0.505708E+01
 -0.515048E+01
 -0.524161E+01
 -0.533078E+01
 -0.541767E+01
 -0.550243E+01
 -0.558474E+01
 -0.566500E+01
 -0.574307E+01
 -0.581889E+01
 -0.589237E+01
 -0.596401E+01
 -0.603357E+01
 -0.610142E+01
 -0.616724E+01
 -0.623155E+01
 -0.629421E+01
 -0.635520E+01
 -0.641443E+01
 -0.647246E+01
 -0.652894E+01
 -0.658425E+01
 -0.663813E+01
 -0.669106E+01
 -0.674292E+01
 -0.679377E+01
 -0.684344E+01
 -0.689254E+01
 -0.694077E+01
 -0.698852E+01
 -0.703549E+01
 -0.708222E+01
 -0.712858E+01
 -0.717455E+01
 -0.721995E+01
 -0.726532E+01
 -0.731022E+01
 -0.735504E+01
 -0.739940E+01
 -0.744385E+01
 -0.748815E+01
 -0.753208E+01
 -0.757535E+01
 -0.761857E+01
 -0.766134E+01
 -0.770401E+01
 -0.774607E+01
 -0.778811E+01
 -0.782985E+01
 -0.787112E+01
 -0.791162E+01
 -0.795192E+01
 -0.799151E+01
 -0.803073E+01
 -0.806901E+01
 -0.810692E+01
 -0.814416E+01
 -0.818046E+01
 -0.821554E+01
 -0.824992E+01
 -0.828296E+01
 -0.831503E+01
 -0.834556E+01
 -0.837513E+01
 -0.840348E+01
 -0.843035E+01
 -0.845553E+01
 -0.847962E+01
 -0.850215E+01
 -0.852342E+01
 -0.854283E+01
 -0.856099E+01
 -0.857758E+01
 -0.859242E+01
 -0.860520E+01
 -0.861646E+01
 -0.862563E+01
 -0.863308E+01
 -0.863823E+01
 -0.864166E+01
 -0.864308E+01
 -0.864236E+01
 -0.863929E+01
 -0.863457E+01
 -0.862771E+01
 -0.861917E+01
 -0.860850E+01
 -0.859637E+01
 -0.858259E+01
 -0.856715E+01
 -0.854983E+01
 -0.853127E+01
 -0.851102E+01
 -0.848953E+01
 -0.846630E+01
 -0.844209E+01
 -0.841665E+01
 -0.838982E+01
 -0.836143E+01
 -0.833220E+01
 -0.830174E+01
 -0.827044E+01
 -0.823785E+01
 -0.820472E+01
 -0.817082E+01
 -0.813610E+01
 -0.810032E+01
 -0.806413E+01
 -0.802705E+01
 -0.798940E+01
 -0.795070E+01
 -0.791158E+01
 -0.787178E+01
 -0.783123E+01
 -0.778973E+01
 -0.774791E+01
 -0.770528E+01
 -0.766223E+01
 -0.761834E+01
 -0.757417E+01
 -0.752954E+01
 -0.748443E+01
 -0.743859E+01
 -0.739261E+01
 -0.734603E+01
 -0.729913E+01
 -0.725144E+01
 -0.720359E+01
 -0.715540E+01
 -0.710672E+01
 -0.705740E+01
 -0.700798E+01
 -0.695809E+01
 -0.690812E+01
 -0.685770E+01
 -0.680737E+01
 -0.675698E+01
 -0.670647E+01
 -0.665568E+01
 -0.660524E+01
 -0.655471E+01
 -0.650444E+01
 -0.645404E+01
 -0.640396E+01
 -0.635406E+01
 -0.630426E+01
 -0.625435E+01
 -0.620489E+01
 -0.615550E+01
 -0.610646E+01
 -0.605741E+01
 -0.600883E+01
 -0.596057E+01
 -0.591255E+01
 -0.586474E+01
 -0.581766E+01
 -0.577092E+01
 -0.572485E+01
 -0.567911E+01
 -0.563412E+01
 -0.558971E+01
 -0.554577E+01
 -0.550210E+01
 -0.545908E+01
 -0.541648E+01
 -0.537452E+01
 -0.533283E+01
 -0.529174E+01
 -0.525102E+01
 -0.521063E+01
 -0.517041E+01
 -0.513072E+01
 -0.509133E+01
 -0.505247E+01
 -0.501383E+01
 -0.497580E+01
 -0.493823E+01
 -0.490104E+01
 -0.486403E+01
 -0.482755E+01
 -0.479125E+01
 -0.475526E+01
 -0.471935E+01
 -0.468386E+01
 -0.464864E+01
 -0.461375E+01
 -0.457901E+01
 -0.454473E+01
 -0.451065E+01
 -0.447699E+01
 -0.444345E+01
 -0.441033E+01
 -0.437755E+01
 -0.434497E+01
 -0.431243E+01
 -0.428018E+01
 -0.424795E+01
 -0.421587E+01
 -0.418372E+01
 -0.415180E+01
 -0.411992E+01
 -0.408807E+01
 -0.405608E+01
 -0.402425E+01
 -0.399245E+01
 -0.396087E+01
 -0.392924E+01
 -0.389781E+01
 -0.386648E+01
 -0.383515E+01
 -0.380365E+01
 -0.377224E+01
 -0.374061E+01
 -0.370886E+01
 -0.367677E+01
 -0.364452E+01
 -0.361196E+01
 -0.357911E+01
 -0.354581E+01
 -0.351228E+01
 -0.347829E+01
 -0.344388E+01
 -0.340879E+01
 -0.337320E+01
 -0.333696E+01
 -0.330001E+01
 -0.326218E+01
 -0.322364E+01
 -0.318423E+01
 -0.314412E+01
 -0.310312E+01
 -0.306148E+01
 -0.301920E+01
 -0.297628E+01
 -0.293263E+01
 -0.288849E+01
 -0.284373E+01
 -0.279849E+01
 -0.275256E+01
 -0.270618E+01
 -0.265929E+01
 -0.261192E+01
 -0.256410E+01
 -0.251607E+01
 -0.246775E+01
 -0.241935E+01
 -0.237078E+01
 -0.232227E+01
 -0.227384E+01
 -0.222558E+01
 -0.217756E+01
 -0.213000E+01
 -0.208280E+01
 -0.203613E+01
 -0.198987E+01
 -0.194417E+01
 -0.189895E+01
 -0.185424E+01
 -0.181008E+01
 -0.176654E+01
 -0.172359E+01
 -0.168128E+01
 -0.163950E+01
 -0.159838E+01
 -0.155790E+01
 -0.151812E+01
 -0.147901E+01
 -0.144062E+01
 -0.140286E+01
 -0.136577E+01
 -0.132930E+01
 -0.129354E+01
 -0.125846E+01
 -0.122408E+01
 -0.119042E+01
 -0.115755E+01
 -0.112542E+01
 -0.109407E+01
 -0.106347E+01
 -0.103374E+01
 -0.100483E+01
 -0.976789E+00
 -0.949666E+00
 -0.923423E+00
 -0.898063E+00
 -0.873680E+00
 -0.850292E+00
 -0.827901E+00
 -0.806481E+00
 -0.786034E+00
 -0.766554E+00
 -0.748029E+00
 -0.730392E+00
 -0.713630E+00
 -0.697735E+00
 -0.682620E+00
 -0.668172E+00
 -0.654381E+00
 -0.641196E+00
 -0.628579E+00
 -0.616504E+00
 -0.604886E+00
 -0.593692E+00
 -0.582843E+00
 -0.572273E+00
 -0.561944E+00
 -0.551744E+00
 -0.541680E+00
 -0.531733E+00
 -0.521858E+00
 -0.512054E+00
 -0.502243E+00
 -0.492411E+00
 -0.482629E+00
 -0.472966E+00
 -0.463509E+00
 -0.454294E+00
 -0.445273E+00
 -0.436418E+00
 -0.427761E+00
 -0.419328E+00
 -0.411082E+00
 -0.402993E+00
 -0.395051E+00
 -0.387266E+00
 -0.379674E+00
 -0.372288E+00
 -0.365110E+00
 -0.358212E+00
 -0.351603E+00
 -0.345315E+00
 -0.339351E+00
 -0.333739E+00
 -0.328521E+00
 -0.323690E+00
 -0.319234E+00
 -0.315095E+00
 -0.311154E+00
 -0.307352E+00
 -0.303551E+00
 -0.299726E+00
 -0.295856E+00
 -0.291907E+00
 -0.287878E+00
 -0.283784E+00
 -0.279566E+00
 -0.275222E+00
 -0.270780E+00
 -0.266258E+00
 -0.261606E+00
 -0.256871E+00
 -0.252001E+00
 -0.246990E+00
 -0.241837E+00
 -0.236551E+00
 -0.231179E+00
 -0.225804E+00
 -0.220414E+00
 -0.215050E+00
 -0.209716E+00
 -0.204508E+00
 -0.199494E+00
 -0.194727E+00
 -0.190195E+00
 -0.185906E+00
 -0.181921E+00
 -0.178342E+00
 -0.175069E+00
 -0.172087E+00
 -0.169425E+00
 -0.167059E+00
 -0.164932E+00
 -0.163105E+00
 -0.161477E+00
 -0.160025E+00
 -0.158673E+00
 -0.157356E+00
 -0.156062E+00
 -0.154871E+00
 -0.153803E+00
 -0.152861E+00
 -0.152120E+00
 -0.151716E+00
 -0.151613E+00
 -0.151920E+00
 -0.152640E+00
 -0.153799E+00
 -0.155358E+00
 -0.157295E+00
 -0.159635E+00
 -0.162440E+00
 -0.165654E+00
 -0.169288E+00
 -0.173320E+00
 -0.177728E+00
 -0.182499E+00
 -0.187742E+00
 -0.193444E+00
 -0.199585E+00
 -0.206148E+00
 -0.213174E+00
 -0.220709E+00
 -0.228795E+00
 -0.237435E+00
 -0.246664E+00
 -0.256482E+00
 -0.266940E+00
 -0.278001E+00
 -0.289662E+00
 -0.301984E+00
 -0.314945E+00
 -0.328489E+00
 -0.342601E+00
 -0.357184E+00
 -0.372223E+00
 -0.387683E+00
 -0.403502E+00
 -0.419663E+00
 -0.436190E+00
 -0.453054E+00
 -0.470234E+00
 -0.487650E+00
 -0.505302E+00
 -0.523201E+00
 -0.541288E+00
 -0.559564E+00
 -0.577963E+00
 -0.596390E+00
 -0.614807E+00
 -0.633150E+00
 -0.651370E+00
 -0.669423E+00
 -0.687267E+00
 -0.704867E+00
 -0.722249E+00
 -0.739397E+00
 -0.756257E+00
 -0.772894E+00
 -0.789285E+00
 -0.805344E+00
 -0.821088E+00
 -0.836544E+00
 -0.851757E+00
 -0.866796E+00
 -0.881659E+00
 -0.896361E+00
 -0.910919E+00
 -0.925394E+00
 -0.939822E+00
 -0.954257E+00
 -0.968759E+00
 -0.983380E+00
 -0.998126E+00
 -0.101297E+01
 -0.102780E+01
 -0.104267E+01
 -0.105764E+01
 -0.107267E+01
 -0.108776E+01
 -0.110298E+01
 -0.111824E+01
 -0.113357E+01
 -0.114902E+01
 -0.116463E+01
 -0.118030E+01
 -0.119600E+01
 -0.121167E+01
 -0.122732E+01
 -0.124290E+01
 -0.125845E+01
 -0.127389E+01
 -0.128921E+01
 -0.130439E+01
 -0.131944E+01
 -0.133433E+01
 -0.134912E+01
 -0.136367E+01
 -0.137795E+01
 -0.139198E+01
 -0.140578E+01
 -0.141938E+01
 -0.143278E+01
 -0.144597E+01
 -0.145898E+01
 -0.147170E+01
 -0.148413E+01
 -0.149611E+01
 -0.150767E+01
 -0.151878E+01
 -0.152931E+01
 -0.153923E+01
 -0.154861E+01
 -0.155733E+01
 -0.156546E+01
 -0.157285E+01
 -0.157954E+01
 -0.158564E+01
 -0.159117E+01
 -0.159611E+01
 -0.160059E+01
 -0.160454E+01
 -0.160801E+01
 -0.161091E+01
 -0.161328E+01
 -0.161516E+01
 -0.161650E+01
 -0.161726E+01
 -0.161750E+01
 -0.161704E+01
 -0.161597E+01
 -0.161421E+01
 -0.161183E+01
 -0.160881E+01
 -0.160505E+01
 -0.160046E+01
 -0.159518E+01
 -0.158912E+01
 -0.158238E+01
 -0.157493E+01
 -0.156680E+01
 -0.155803E+01
 -0.154869E+01
 -0.153873E+01
 -0.152823E+01
 -0.151717E+01
 -0.150566E+01
 -0.149369E+01
 -0.148133E+01
 -0.146859E+01
 -0.145543E+01
 -0.144183E+01
 -0.142789E+01
 -0.141362E+01
 -0.139915E+01
 -0.138443E+01
 -0.136957E+01
 -0.135463E+01
 -0.133971E+01
 -0.132486E+01
 -0.131023E+01
 -0.129577E+01
 -0.128154E+01
 -0.126753E+01
 -0.125384E+01
 -0.124055E+01
 -0.122776E+01
 -0.121544E+01
 -0.120368E+01
 -0.119251E+01
 -0.118201E+01
 -0.117220E+01
 -0.116314E+01
 -0.115488E+01
 -0.114746E+01
 -0.114075E+01
 -0.113471E+01
 -0.112924E+01
 -0.112433E+01
 -0.111996E+01
 -0.111609E+01
 -0.111266E+01
 -0.110960E+01
 -0.110683E+01
 -0.110432E+01
 -0.110198E+01
 -0.109982E+01
 -0.109777E+01
 -0.109590E+01
 -0.109413E+01
 -0.109239E+01
 -0.109056E+01
 -0.108867E+01
 -0.108672E+01
 -0.108470E+01
 -0.108256E+01
 -0.108030E+01
 -0.107786E+01
 -0.107524E+01
 -0.107240E+01
 -0.106940E+01
 -0.106624E+01
 -0.106296E+01
 -0.105950E+01
 -0.105588E+01
 -0.105201E+01
 -0.104784E+01
 -0.104336E+01
 -0.103849E+01
 -0.103310E+01
 -0.102712E+01
 -0.102040E+01
 -0.101294E+01
 -0.100473E+01
 -0.995788E+00
 -0.986082E+00
 -0.975548E+00
 -0.964110E+00
 -0.951870E+00
 -0.938848E+00
 -0.925134E+00
 -0.910697E+00
 -0.895495E+00
 -0.879548E+00
 -0.862877E+00
 -0.845489E+00
 -0.827499E+00
 -0.808910E+00
 -0.789808E+00
 -0.770264E+00
 -0.750285E+00
 -0.729903E+00
 -0.709221E+00
 -0.688315E+00
 -0.667343E+00
 -0.646366E+00
 -0.625412E+00
 -0.604526E+00
 -0.583762E+00
 -0.563107E+00
 -0.542629E+00
 -0.522374E+00
 -0.502348E+00
 -0.482618E+00
 -0.463285E+00
 -0.444387E+00
 -0.425920E+00
 -0.407898E+00
 -0.390325E+00
 -0.373251E+00
 -0.356685E+00
 -0.340607E+00
 -0.324973E+00
 -0.309790E+00
 -0.295127E+00
 -0.280979E+00
 -0.267313E+00
 -0.254211E+00
 -0.241616E+00
 -0.229550E+00
 -0.217977E+00
 -0.206818E+00
 -0.196036E+00
 -0.185635E+00
 -0.175535E+00
 -0.165678E+00
 -0.156040E+00
 -0.146621E+00
 -0.137379E+00
 -0.128388E+00
 -0.119629E+00
 -0.111053E+00
 -0.102564E+00
 -0.941943E-01
 -0.859448E-01
 -0.778379E-01
 -0.697961E-01
 -0.617604E-01
 -0.536780E-01
 -0.455512E-01
 -0.372602E-01
 -0.287854E-01
 -0.200560E-01
 -0.109587E-01
 -0.142717E-02
  0.855172E-02
  0.190442E-01
  0.300057E-01
  0.415168E-01
  0.534741E-01
  0.659136E-01
  0.788904E-01
  0.924830E-01
  0.106677E+00
  0.121496E+00
  0.136953E+00
  0.153146E+00
  0.170092E+00
  0.187846E+00
  0.206338E+00
  0.225582E+00
  0.245578E+00
  0.266329E+00
  0.287822E+00
  0.310121E+00
  0.333118E+00
  0.356825E+00
  0.381175E+00
  0.406184E+00
  0.431762E+00
  0.457866E+00
  0.484535E+00
  0.511892E+00
  0.539785E+00
  0.568177E+00
  0.596956E+00
  0.626155E+00
  0.655708E+00
  0.685611E+00
  0.715764E+00
  0.746236E+00
  0.776961E+00
  0.808012E+00
  0.839329E+00
  0.870985E+00
  0.902944E+00
  0.935172E+00
  0.967667E+00
  0.100056E+01
  0.103374E+01
  0.106728E+01
  0.110099E+01
  0.113504E+01
  0.116944E+01
  0.120410E+01
  0.123896E+01
  0.127415E+01
  0.130954E+01
  0.134523E+01
  0.138120E+01
  0.141757E+01
  0.145422E+01
  0.149109E+01
  0.152812E+01
  0.156550E+01
  0.160307E+01
  0.164096E+01
  0.167896E+01
  0.171727E+01
  0.175582E+01
  0.179452E+01
  0.183333E+01
  0.187246E+01
  0.191178E+01
  0.195142E+01
  0.199115E+01
  0.203117E+01
  0.207142E+01
  0.211183E+01
  0.215227E+01
  0.219290E+01
  0.223347E+01
  0.227403E+01
  0.231439E+01
  0.235478E+01
  0.239511E+01
  0.243534E+01
  0.247530E+01
  0.251524E+01
  0.255489E+01
  0.259438E+01
  0.263347E+01
  0.267234E+01
  0.271083E+01
  0.274882E+01
  0.278599E+01
  0.282258E+01
  0.285835E+01
  0.289337E+01
  0.292737E+01
  0.296051E+01
  0.299263E+01
  0.302366E+01
  0.305338E+01
  0.308204E+01
  0.310934E+01
  0.313544E+01
  0.316006E+01
  0.318356E+01
  0.320579E+01
  0.322659E+01
  0.324586E+01
  0.326387E+01
  0.328032E+01
  0.329542E+01
  0.330891E+01
  0.332112E+01
  0.333191E+01
  0.334122E+01
  0.334882E+01
  0.335507E+01
  0.335973E+01
  0.336295E+01
  0.336448E+01
  0.336464E+01
  0.336340E+01
  0.336072E+01
  0.335651E+01
  0.335114E+01
  0.334429E+01
  0.333626E+01
  0.332684E+01
  0.331626E+01
  0.330443E+01
  0.329129E+01
  0.327663E+01
  0.326072E+01
  0.324326E+01
  0.322441E+01
  0.320384E+01
  0.318182E+01
  0.315824E+01
  0.313307E+01
  0.310618E+01
  0.307784E+01
  0.304787E+01
  0.301651E+01
  0.298352E+01
  0.294924E+01
  0.291359E+01
  0.287655E+01
  0.283803E+01
  0.279844E+01
  0.275765E+01
  0.271597E+01
  0.267331E+01
  0.262996E+01
  0.258584E+01
  0.254101E+01
  0.249544E+01
  0.244956E+01
  0.240326E+01
  0.235677E+01
  0.231000E+01
  0.226326E+01
  0.221655E+01
  0.216988E+01
  0.212319E+01
  0.207676E+01
  0.203046E+01
  0.198454E+01
  0.193887E+01
  0.189369E+01
  0.184898E+01
  0.180471E+01
  0.176077E+01
  0.171744E+01
  0.167457E+01
  0.163225E+01
  0.159039E+01
  0.154912E+01
  0.150838E+01
  0.146825E+01
  0.142866E+01
  0.138980E+01
  0.135155E+01
  0.131401E+01
  0.127706E+01
  0.124087E+01
  0.120543E+01
  0.117074E+01
  0.113680E+01
  0.110377E+01
  0.107153E+01
  0.104016E+01
  0.100957E+01
  0.979907E+00
  0.951154E+00
  0.923383E+00
  0.896580E+00
  0.870906E+00
  0.846256E+00
  0.822715E+00
  0.800208E+00
  0.778858E+00
  0.758571E+00
  0.739252E+00
  0.720897E+00
  0.703614E+00
  0.687246E+00
  0.671892E+00
  0.657462E+00
  0.644042E+00
  0.631653E+00
  0.620313E+00
  0.609976E+00
  0.600772E+00
  0.592658E+00
  0.585679E+00
  0.579737E+00
  0.574965E+00
  0.571328E+00
  0.568877E+00
  0.567578E+00
  0.567461E+00
  0.568447E+00
  0.570550E+00
  0.573620E+00
  0.577731E+00
  0.582820E+00
  0.588815E+00
  0.595619E+00
  0.603244E+00
  0.611529E+00
  0.620436E+00
  0.629799E+00
  0.639687E+00
  0.650009E+00
  0.660763E+00
  0.671841E+00
  0.683236E+00
  0.694803E+00
  0.706474E+00
  0.718097E+00
  0.729715E+00
  0.741210E+00
  0.752536E+00
  0.763567E+00
  0.774410E+00
  0.784971E+00
  0.795273E+00
  0.805245E+00
  0.815041E+00
  0.824611E+00
  0.833921E+00
  0.842942E+00
  0.851785E+00
  0.860399E+00
  0.868878E+00
  0.877120E+00
  0.885237E+00
  0.893172E+00
  0.900930E+00
  0.908508E+00
  0.916094E+00
  0.923621E+00
  0.931179E+00
  0.938712E+00
  0.946401E+00
  0.954222E+00
  0.962175E+00
  0.970274E+00
  0.978674E+00
  0.987333E+00
  0.996435E+00
  0.100593E+01
  0.101600E+01
  0.102652E+01
  0.103749E+01
  0.104893E+01
  0.106093E+01
  0.107336E+01
  0.108639E+01
  0.109987E+01
  0.111395E+01
  0.112859E+01
  0.114371E+01
  0.115927E+01
  0.117539E+01
  0.119186E+01
  0.120876E+01
  0.122605E+01
  0.124395E+01
  0.126240E+01
  0.128132E+01
  0.130064E+01
  0.132048E+01
  0.134072E+01
  0.136149E+01
  0.138269E+01
  0.140459E+01
  0.142711E+01
  0.145020E+01
  0.147380E+01
  0.149805E+01
  0.152288E+01
  0.154844E+01
  0.157462E+01
  0.160164E+01
  0.162945E+01
  0.165802E+01
  0.168727E+01
  0.171737E+01
  0.174815E+01
  0.177965E+01
  0.181159E+01
  0.184411E+01
  0.187702E+01
  0.191016E+01
  0.194342E+01
  0.197711E+01
  0.201096E+01
  0.204497E+01
  0.207892E+01
  0.211291E+01
  0.214682E+01
  0.218060E+01
  0.221410E+01
  0.224754E+01
  0.228073E+01
  0.231375E+01
  0.234631E+01
  0.237858E+01
  0.241047E+01
  0.244186E+01
  0.247255E+01
  0.250278E+01
  0.253227E+01
  0.256115E+01
  0.258915E+01
  0.261644E+01
  0.264287E+01
  0.266832E+01
  0.269267E+01
  0.271622E+01
  0.273877E+01
  0.276048E+01
  0.278117E+01
  0.280110E+01
  0.282015E+01
  0.283827E+01
  0.285529E+01
  0.287146E+01
  0.288656E+01
  0.290079E+01
  0.291388E+01
  0.292611E+01
  0.293734E+01
  0.294754E+01
  0.295661E+01
  0.296486E+01
  0.297205E+01
  0.297833E+01
  0.298347E+01
  0.298779E+01
  0.299125E+01
  0.299381E+01
  0.299542E+01
  0.299635E+01
  0.299636E+01
  0.299560E+01
  0.299387E+01
  0.299151E+01
  0.298841E+01
  0.298452E+01
  0.297983E+01
  0.297464E+01
  0.296875E+01
  0.296240E+01
  0.295537E+01
  0.294797E+01
  0.294014E+01
  0.293186E+01
  0.292308E+01
  0.291411E+01
  0.290481E+01
  0.289543E+01
  0.288581E+01
  0.287627E+01
  0.286667E+01
  0.285699E+01
  0.284722E+01
  0.283769E+01
  0.282825E+01
  0.281919E+01
  0.281032E+01
  0.280197E+01
  0.279405E+01
  0.278648E+01
  0.277921E+01
  0.277257E+01
  0.276637E+01
  0.276085E+01
  0.275586E+01
  0.275175E+01
  0.274838E+01
  0.274579E+01
  0.274387E+01
  0.274288E+01
  0.274265E+01
  0.274336E+01
  0.274480E+01
  0.274731E+01
  0.275070E+01
  0.275492E+01
  0.275989E+01
  0.276580E+01
  0.277236E+01
  0.277972E+01
  0.278759E+01
  0.279623E+01
  0.280556E+01
  0.281550E+01
  0.282587E+01
  0.283687E+01
  0.284820E+01
  0.285999E+01
  0.287192E+01
  0.288419E+01
  0.289666E+01
  0.290922E+01
  0.292173E+01
  0.293446E+01
  0.294713E+01
  0.295993E+01
  0.297258E+01
  0.298536E+01
  0.299811E+01
  0.301066E+01
  0.302285E+01
  0.303491E+01
  0.304649E+01
  0.305778E+01
  0.306839E+01
  0.307848E+01
  0.308787E+01
  0.309643E+01
  0.310397E+01
  0.311069E+01
  0.311633E+01
  0.312111E+01
  0.312468E+01
  0.312739E+01
  0.312916E+01
  0.312994E+01
  0.312959E+01
  0.312843E+01
  0.312620E+01
  0.312314E+01
  0.311893E+01
  0.311388E+01
  0.310786E+01
  0.310078E+01
  0.309248E+01
  0.308331E+01
  0.307292E+01
  0.306146E+01
  0.304872E+01
  0.303498E+01
  0.302015E+01
  0.300425E+01
  0.298717E+01
  0.296918E+01
  0.295006E+01
  0.293007E+01
  0.290896E+01
  0.288706E+01
  0.286431E+01
  0.284072E+01
  0.281619E+01
  0.279103E+01
  0.276497E+01
  0.273818E+01
  0.271045E+01
  0.268213E+01
  0.265309E+01
  0.262331E+01
  0.259271E+01
  0.256161E+01
  0.252978E+01
  0.249743E+01
  0.246432E+01
  0.243067E+01
  0.239634E+01
  0.236127E+01
  0.232546E+01
  0.228913E+01
  0.225210E+01
  0.221452E+01
  0.217618E+01
  0.213730E+01
  0.209780E+01
  0.205774E+01
  0.201701E+01
  0.197588E+01
  0.193427E+01
  0.189230E+01
  0.184974E+01
  0.180685E+01
  0.176351E+01
  0.171975E+01
  0.167556E+01
  0.163112E+01
  0.158621E+01
  0.154097E+01
  0.149529E+01
  0.144939E+01
  0.140326E+01
  0.135689E+01
  0.131024E+01
  0.126349E+01
  0.121651E+01
  0.116947E+01
  0.112225E+01
  0.107507E+01
  0.102783E+01
  0.980538E+00
  0.933107E+00
  0.885672E+00
  0.838172E+00
  0.790673E+00
  0.743084E+00
  0.695574E+00
  0.648103E+00
  0.600703E+00
  0.553359E+00
  0.506217E+00
  0.459226E+00
  0.412425E+00
  0.365813E+00
  0.319494E+00
  0.273348E+00
  0.227388E+00
  0.181533E+00
  0.135851E+00
  0.903021E-01
  0.449573E-01
 -0.268221E-03
 -0.453568E-01
 -0.904006E-01
 -0.135436E+00
 -0.180465E+00
 -0.225438E+00
 -0.270407E+00
 -0.315313E+00
 -0.360142E+00
 -0.404905E+00
 -0.449684E+00
 -0.494442E+00
 -0.539183E+00
 -0.583869E+00
 -0.628526E+00
 -0.673192E+00
 -0.717812E+00
 -0.762355E+00
 -0.806869E+00
 -0.851393E+00
 -0.895935E+00
 -0.940466E+00
 -0.985018E+00
 -0.102961E+01
 -0.107415E+01
 -0.111870E+01
 -0.116323E+01
 -0.120776E+01
 -0.125232E+01
 -0.129702E+01
 -0.134185E+01
 -0.138677E+01
 -0.143175E+01
 -0.147687E+01
 -0.152207E+01
 -0.156728E+01
 -0.161242E+01
 -0.165753E+01
 -0.170249E+01
 -0.174732E+01
 -0.179191E+01
 -0.183627E+01
 -0.188038E+01
 -0.192415E+01
 -0.196752E+01
 -0.201062E+01
 -0.205330E+01
 -0.209565E+01
 -0.213761E+01
 -0.217927E+01
 -0.222057E+01
 -0.226144E+01
 -0.230186E+01
 -0.234196E+01
 -0.238162E+01
 -0.242097E+01
 -0.245987E+01
 -0.249842E+01
 -0.253657E+01
 -0.257425E+01
 -0.261126E+01
 -0.264770E+01
 -0.268350E+01
 -0.271881E+01
 -0.275356E+01
 -0.278798E+01
 -0.282203E+01
 -0.285569E+01
 -0.288892E+01
 -0.292192E+01
 -0.295460E+01
 -0.298717E+01
 -0.301957E+01
 -0.305194E+01
 -0.308426E+01
 -0.311652E+01
 -0.314867E+01
 -0.318093E+01
 -0.321317E+01
 -0.324552E+01
 -0.327784E+01
 -0.331035E+01
 -0.334300E+01
 -0.337580E+01
 -0.340873E+01
 -0.344209E+01
 -0.347576E+01
 -0.350995E+01
 -0.354450E+01
 -0.357968E+01
 -0.361542E+01
 -0.365168E+01
 -0.368844E+01
 -0.372599E+01
 -0.376425E+01
 -0.380339E+01
 -0.384331E+01
 -0.388425E+01
 -0.392609E+01
 -0.396870E+01
 -0.401192E+01
 -0.405603E+01
 -0.410071E+01
 -0.414616E+01
 -0.419210E+01
 -0.423880E+01
 -0.428617E+01
 -0.433404E+01
 -0.438230E+01
 -0.443123E+01
 -0.448057E+01
 -0.453052E+01
 -0.458079E+01
 -0.463161E+01
 -0.468289E+01
 -0.473458E+01
 -0.478650E+01
 -0.483900E+01
 -0.489180E+01
 -0.494502E+01
 -0.499826E+01
 -0.505181E+01
 -0.510544E+01
 -0.515901E+01
 -0.521234E+01
 -0.526570E+01
 -0.531871E+01
 -0.537154E+01
 -0.542377E+01
 -0.547571E+01
 -0.552717E+01
 -0.557804E+01
 -0.562808E+01
 -0.567758E+01
 -0.572616E+01
 -0.577397E+01
 -0.582061E+01
 -0.586650E+01
 -0.591149E+01
 -0.595544E+01
 -0.599818E+01
 -0.604006E+01
 -0.608072E+01
 -0.612043E+01
 -0.615880E+01
 -0.619621E+01
 -0.623245E+01
 -0.626746E+01
 -0.630101E+01
 -0.633354E+01
 -0.636457E+01
 -0.639438E+01
 -0.642257E+01
 -0.644960E+01
 -0.647519E+01
 -0.649925E+01
 -0.652158E+01
 -0.654266E+01
 -0.656210E+01
 -0.658026E+01
 -0.659671E+01
 -0.661200E+01
 -0.662600E+01
 -0.663861E+01
 -0.664952E+01
 -0.665908E+01
 -0.666688E+01
 -0.667326E+01
 -0.667777E+01
 -0.668087E+01
 -0.668236E+01
 -0.668215E+01
 -0.668003E+01
 -0.667640E+01
 -0.667091E+01
 -0.666385E+01
 -0.665483E+01
 -0.664439E+01
 -0.663225E+01
 -0.661836E+01
 -0.660255E+01
 -0.658522E+01
 -0.656601E+01
 -0.654527E+01
 -0.652263E+01
 -0.649863E+01
 -0.647315E+01
 -0.644615E+01
 -0.641744E+01
 -0.638756E+01
 -0.635613E+01
 -0.632349E+01
 -0.628936E+01
 -0.625430E+01
 -0.621817E+01
 -0.618095E+01
 -0.614248E+01
 -0.610327E+01
 -0.606306E+01
 -0.602224E+01
 -0.598053E+01
 -0.593850E+01
 -0.589608E+01
 -0.585315E+01
 -0.580963E+01
 -0.576604E+01
 -0.572213E+01
 -0.567826E+01
 -0.563410E+01
 -0.559017E+01
 -0.554637E+01
 -0.550272E+01
 -0.545913E+01
 -0.541603E+01
 -0.537312E+01
 -0.533063E+01
 -0.528825E+01
 -0.524642E+01
 -0.520494E+01
 -0.516373E+01
 -0.512256E+01
 -0.508176E+01
 -0.504104E+01
 -0.500062E+01
 -0.496014E+01
 -0.491992E+01
 -0.487975E+01
 -0.483952E+01
 -0.479904E+01
 -0.475860E+01
 -0.471793E+01
 -0.467718E+01
 -0.463604E+01
 -0.459480E+01
 -0.455321E+01
 -0.451111E+01
 -0.446835E+01
 -0.442516E+01
 -0.438129E+01
 -0.433694E+01
 -0.429183E+01
 -0.424631E+01
 -0.420030E+01
 -0.415377E+01
 -0.410664E+01
 -0.405928E+01
 -0.401146E+01
 -0.396338E+01
 -0.391487E+01
 -0.386618E+01
 -0.381722E+01
 -0.376803E+01
 -0.371851E+01
 -0.366899E+01
 -0.361930E+01
 -0.356969E+01
 -0.352000E+01
 -0.347050E+01
 -0.342116E+01
 -0.337198E+01
 -0.332288E+01
 -0.327414E+01
 -0.322556E+01
 -0.317736E+01
 -0.312937E+01
 -0.308177E+01
 -0.303453E+01
 -0.298758E+01
 -0.294085E+01
 -0.289454E+01
 -0.284850E+01
 -0.280282E+01
 -0.275730E+01
 -0.271216E+01
 -0.266734E+01
 -0.262282E+01
 -0.257854E+01
 -0.253469E+01
 -0.249110E+01
 -0.244787E+01
 -0.240485E+01
 -0.236225E+01
 -0.231997E+01
 -0.227803E+01
 -0.223638E+01
 -0.219514E+01
 -0.215420E+01
 -0.211366E+01
 -0.207343E+01
 -0.203369E+01
 -0.199435E+01
 -0.195545E+01
 -0.191694E+01
 -0.187896E+01
 -0.184142E+01
 -0.180443E+01
 -0.176786E+01
 -0.173185E+01
 -0.169633E+01
 -0.166132E+01
 -0.162679E+01
 -0.159284E+01
 -0.155938E+01
 -0.152647E+01
 -0.149407E+01
 -0.146225E+01
 -0.143094E+01
 -0.140012E+01
 -0.136974E+01
 -0.133990E+01
 -0.131053E+01
 -0.128163E+01
 -0.125317E+01
 -0.122521E+01
 -0.119775E+01
 -0.117080E+01
 -0.114435E+01
 -0.111848E+01
 -0.109316E+01
 -0.106841E+01
 -0.104421E+01
 -0.102065E+01
 -0.997677E+00
 -0.975291E+00
 -0.953450E+00
 -0.932181E+00
 -0.911446E+00
 -0.891243E+00
 -0.871527E+00
 -0.852328E+00
 -0.833589E+00
 -0.815307E+00
 -0.797476E+00
 -0.780129E+00
 -0.763261E+00
 -0.746886E+00
 -0.730974E+00
 -0.715567E+00
 -0.700657E+00
 -0.686240E+00
 -0.672302E+00
 -0.658873E+00
 -0.645933E+00
 -0.633520E+00
 -0.621609E+00
 -0.610185E+00
 -0.599213E+00
 -0.588695E+00
 -0.578615E+00
 -0.568963E+00
 -0.559703E+00
 -0.550820E+00
 -0.542267E+00
 -0.534031E+00
 -0.526093E+00
 -0.518439E+00
 -0.511040E+00
 -0.503908E+00
 -0.497002E+00
 -0.490308E+00
 -0.483806E+00
 -0.477504E+00
 -0.471408E+00
 -0.465515E+00
 -0.459799E+00
 -0.454257E+00
 -0.448883E+00
 -0.443668E+00
 -0.438597E+00
 -0.433690E+00
 -0.428923E+00
 -0.424278E+00
 -0.419731E+00
 -0.415280E+00
 -0.410892E+00
 -0.406570E+00
 -0.402307E+00
 -0.398098E+00
 -0.393933E+00
 -0.389794E+00
 -0.385662E+00
 -0.381553E+00
 -0.377450E+00
 -0.373358E+00
 -0.369260E+00
 -0.365160E+00
 -0.361052E+00
 -0.356926E+00
 -0.352773E+00
 -0.348590E+00
 -0.344362E+00
 -0.340098E+00
 -0.335786E+00
 -0.331428E+00
 -0.327027E+00
 -0.322572E+00
 -0.318062E+00
 -0.313507E+00
 -0.308907E+00
 -0.304274E+00
 -0.299616E+00
 -0.294951E+00
 -0.290277E+00
 -0.285605E+00
 -0.280940E+00
 -0.276291E+00
 -0.271658E+00
 -0.267055E+00
 -0.262480E+00
 -0.257942E+00
 -0.253447E+00
 -0.248998E+00
 -0.244595E+00
 -0.240246E+00
 -0.235940E+00
 -0.231683E+00
 -0.227474E+00
 -0.223311E+00
 -0.219198E+00
 -0.215138E+00
 -0.211128E+00
 -0.207179E+00
 -0.203289E+00
 -0.199458E+00
 -0.195688E+00
 -0.191984E+00
 -0.188342E+00
 -0.184764E+00
 -0.181249E+00
 -0.177801E+00
 -0.174420E+00
 -0.171108E+00
 -0.167857E+00
 -0.164668E+00
 -0.161533E+00
 -0.158455E+00
 -0.155434E+00
 -0.152468E+00
 -0.149552E+00
 -0.146683E+00
 -0.143857E+00
 -0.141073E+00
 -0.138326E+00
 -0.135618E+00
 -0.132946E+00
 -0.130311E+00
 -0.127710E+00
 -0.125147E+00
 -0.122619E+00
 -0.120126E+00
 -0.117669E+00
 -0.115246E+00
 -0.112856E+00
 -0.110501E+00
 -0.108176E+00
 -0.105882E+00
 -0.103617E+00
 -0.101379E+00
 -0.991670E-01
 -0.969808E-01
 -0.948196E-01
 -0.926830E-01
 -0.905695E-01
 -0.884799E-01
 -0.864128E-01
 -0.843702E-01
 -0.823523E-01
 -0.803590E-01
 -0.783909E-01
 -0.764481E-01
 -0.745303E-01
 -0.726385E-01
 -0.707723E-01
 -0.689330E-01
 -0.671202E-01
 -0.653334E-01
 -0.635725E-01
 -0.618375E-01
 -0.601288E-01
 -0.584467E-01
 -0.567907E-01
 -0.551615E-01
 -0.535582E-01
 -0.519810E-01
 -0.504298E-01
 -0.489045E-01
 -0.474048E-01
 -0.459309E-01
 -0.444820E-01
 -0.430583E-01
 -0.416596E-01
 -0.402859E-01
 -0.389370E-01
 -0.376129E-01
 -0.363136E-01
 -0.350392E-01
 -0.337894E-01
 -0.325644E-01
 -0.313639E-01
 -0.301880E-01
 -0.290364E-01
 -0.279091E-01
 -0.268060E-01
 -0.257270E-01
 -0.246720E-01
 -0.236408E-01
 -0.226332E-01
 -0.216493E-01
 -0.206887E-01
 -0.197514E-01
 -0.188373E-01
 -0.179464E-01
 -0.170784E-01
 -0.162334E-01
 -0.154111E-01
 -0.146114E-01
 -0.138342E-01
 -0.130794E-01
 -0.123469E-01
 -0.116366E-01
 -0.109482E-01
 -0.102819E-01
 -0.963736E-02
 -0.901457E-02
 -0.841337E-02
 -0.783375E-02
 -0.727553E-02
 -0.673862E-02
 -0.622290E-02
 -0.572835E-02
 -0.525477E-02
 -0.480216E-02
 -0.437041E-02
 -0.395947E-02
 -0.356922E-02
 -0.319962E-02
 -0.285061E-02
 -0.252210E-02
 -0.221402E-02
 -0.192632E-02
 -0.165894E-02
 -0.141179E-02
 -0.118481E-02
 -0.977949E-03
 -0.791133E-03
 -0.624274E-03
 -0.477348E-03
 -0.350241E-03
 -0.242892E-03
 -0.155236E-03
 -0.872107E-04
 -0.386997E-04
 -0.965681E-05
  0.000000E+00
