    10.00   0.0500     7800    -7.05   110.44     134.24      2685      0.404181
  0.000000E+00
 -0.463312E-04
 -0.181226E-03
 -0.392026E-03
 -0.674239E-03
 -0.990423E-03
 -0.131045E-02
 -0.162511E-02
 -0.191002E-02
 -0.222014E-02
 -0.258040E-02
 -0.284462E-02
 -0.299710E-02
 -0.330464E-02
 -0.342041E-02
 -0.344446E-02
 -0.350527E-02
 -0.356949E-02
 -0.353257E-02
 -0.308774E-02
 -0.339708E-02
 -0.399918E-02
 -0.334636E-02
 -0.324583E-02
 -0.375781E-02
 -0.319021E-02
 -0.322451E-02
 -0.377094E-02
 -0.338624E-02
 -0.252288E-02
 -0.230873E-02
 -0.439668E-02
 -0.457724E-02
 -0.410796E-02
 -0.633263E-02
 -0.737556E-02
 -0.888580E-02
 -0.120174E-01
 -0.155770E-01
 -0.178283E-01
 -0.183478E-01
 -0.219479E-01
 -0.251050E-01
 -0.267353E-01
 -0.301742E-01
 -0.331469E-01
 -0.340715E-01
 -0.375638E-01
 -0.432632E-01
 -0.468281E-01
 -0.522313E-01
 -0.580073E-01
 -0.631509E-01
 -0.681964E-01
 -0.695686E-01
 -0.712317E-01
 -0.701170E-01
 -0.715425E-01
 -0.748736E-01
 -0.764914E-01
 -0.824662E-01
 -0.829470E-01
 -0.839953E-01
 -0.895030E-01
 -0.900294E-01
 -0.953249E-01
 -0.989090E-01
 -0.967793E-01
 -0.989763E-01
 -0.105224E+00
 -0.107847E+00
 -0.107825E+00
 -0.115329E+00
 -0.122437E+00
 -0.125585E+00
 -0.137778E+00
 -0.146995E+00
 -0.154040E+00
 -0.162737E+00
 -0.159896E+00
 -0.161219E+00
 -0.166510E+00
 -0.163281E+00
 -0.165375E+00
 -0.165500E+00
 -0.163390E+00
 -0.170540E+00
 -0.178038E+00
 -0.170222E+00
 -0.164554E+00
 -0.165420E+00
 -0.157987E+00
 -0.166564E+00
 -0.169604E+00
 -0.158289E+00
 -0.168155E+00
 -0.160380E+00
 -0.148631E+00
 -0.153476E+00
 -0.144764E+00
 -0.136705E+00
 -0.132093E+00
 -0.127441E+00
 -0.122329E+00
 -0.119246E+00
 -0.114103E+00
 -0.937314E-01
 -0.819717E-01
 -0.729165E-01
 -0.603200E-01
 -0.437666E-01
 -0.192343E-01
  0.256497E-02
  0.142592E-01
  0.281027E-01
  0.447642E-01
  0.416827E-01
  0.508414E-01
  0.715511E-01
  0.729139E-01
  0.873201E-01
  0.982634E-01
  0.106611E+00
  0.131543E+00
  0.145852E+00
  0.147993E+00
  0.159841E+00
  0.176488E+00
  0.192280E+00
  0.220992E+00
  0.243722E+00
  0.265283E+00
  0.289904E+00
  0.292721E+00
  0.312473E+00
  0.330722E+00
  0.354271E+00
  0.398140E+00
  0.421687E+00
  0.442189E+00
  0.466617E+00
  0.486526E+00
  0.492722E+00
  0.498525E+00
  0.515154E+00
  0.517687E+00
  0.535230E+00
  0.557505E+00
  0.562990E+00
  0.568194E+00
  0.574122E+00
  0.585685E+00
  0.604330E+00
  0.621059E+00
  0.631692E+00
  0.632759E+00
  0.632544E+00
  0.626468E+00
  0.618041E+00
  0.608674E+00
  0.596616E+00
  0.575027E+00
  0.553875E+00
  0.541530E+00
  0.527609E+00
  0.531543E+00
  0.531004E+00
  0.519908E+00
  0.526368E+00
  0.510193E+00
  0.490468E+00
  0.478814E+00
  0.464881E+00
  0.456211E+00
  0.449131E+00
  0.453715E+00
  0.451433E+00
  0.442367E+00
  0.432078E+00
  0.412518E+00
  0.397568E+00
  0.370441E+00
  0.352436E+00
  0.339752E+00
  0.325716E+00
  0.320327E+00
  0.307151E+00
  0.290848E+00
  0.264753E+00
  0.227615E+00
  0.196300E+00
  0.169399E+00
  0.139306E+00
  0.123093E+00
  0.105590E+00
  0.674381E-01
  0.574322E-01
  0.438976E-01
  0.105362E-01
 -0.138187E-01
 -0.191612E-01
 -0.164394E-01
 -0.362759E-01
 -0.514011E-01
 -0.389004E-01
 -0.192776E-01
  0.173187E-02
  0.340824E-01
  0.670128E-01
  0.935268E-01
  0.153780E+00
  0.226648E+00
  0.295248E+00
  0.383289E+00
  0.499502E+00
  0.616827E+00
  0.739056E+00
  0.905674E+00
  0.106444E+01
  0.121022E+01
  0.138603E+01
  0.155106E+01
  0.173327E+01
  0.193967E+01
  0.214837E+01
  0.237712E+01
  0.260766E+01
  0.285116E+01
  0.310271E+01
  0.335257E+01
  0.363166E+01
  0.391515E+01
  0.423022E+01
  0.456925E+01
  0.490730E+01
  0.525921E+01
  0.560075E+01
  0.595140E+01
  0.631740E+01
  0.670341E+01
  0.711132E+01
  0.751274E+01
  0.795428E+01
  0.839836E+01
  0.883386E+01
  0.930575E+01
  0.977806E+01
  0.102733E+02
  0.108044E+02
  0.113294E+02
  0.118543E+02
  0.123741E+02
  0.129019E+02
  0.134313E+02
  0.139553E+02
  0.144943E+02
  0.150341E+02
  0.155666E+02
  0.161282E+02
  0.166816E+02
  0.172222E+02
  0.177902E+02
  0.183379E+02
  0.188810E+02
  0.194434E+02
  0.199728E+02
  0.205122E+02
  0.210391E+02
  0.215489E+02
  0.220693E+02
  0.225680E+02
  0.230745E+02
  0.235904E+02
  0.240910E+02
  0.246025E+02
  0.251211E+02
  0.256593E+02
  0.262203E+02
  0.268243E+02
  0.274892E+02
  0.281842E+02
  0.289023E+02
  0.296996E+02
  0.305547E+02
  0.314226E+02
  0.323303E+02
  0.332968E+02
  0.342648E+02
  0.352488E+02
  0.362935E+02
  0.373597E+02
  0.384393E+02
  0.395746E+02
  0.407489E+02
  0.419597E+02
  0.431990E+02
  0.444775E+02
  0.457971E+02
  0.471631E+02
  0.485806E+02
  0.500433E+02
  0.515858E+02
  0.532205E+02
  0.549271E+02
  0.567496E+02
  0.586460E+02
  0.606096E+02
  0.626511E+02
  0.647470E+02
  0.669004E+02
  0.691113E+02
  0.713617E+02
  0.736521E+02
  0.759701E+02
  0.783272E+02
  0.807340E+02
  0.832061E+02
  0.857482E+02
  0.883845E+02
  0.911039E+02
  0.939003E+02
  0.967310E+02
  0.996194E+02
  0.102563E+03
  0.105512E+03
  0.108436E+03
  0.111295E+03
  0.114057E+03
  0.116700E+03
  0.119167E+03
  0.121460E+03
  0.123521E+03
  0.125380E+03
  0.127045E+03
  0.128490E+03
  0.129755E+03
  0.130861E+03
  0.131794E+03
  0.132632E+03
  0.133398E+03
  0.134093E+03
  0.134713E+03
  0.135266E+03
  0.135754E+03
  0.136181E+03
  0.136497E+03
  0.136709E+03
  0.136799E+03
  0.136733E+03
  0.136493E+03
  0.136075E+03
  0.135459E+03
  0.134682E+03
  0.133716E+03
  0.132574E+03
  0.131288E+03
  0.129867E+03
  0.128301E+03
  0.126621E+03
  0.124832E+03
  0.122942E+03
  0.120943E+03
  0.118854E+03
  0.116683E+03
  0.114447E+03
  0.112140E+03
  0.109757E+03
  0.107287E+03
  0.104753E+03
  0.102145E+03
  0.994790E+02
  0.967629E+02
  0.939896E+02
  0.911485E+02
  0.882628E+02
  0.853245E+02
  0.823432E+02
  0.793280E+02
  0.763155E+02
  0.733284E+02
  0.703629E+02
  0.674240E+02
  0.645372E+02
  0.617121E+02
  0.589713E+02
  0.563040E+02
  0.537341E+02
  0.512555E+02
  0.488494E+02
  0.464988E+02
  0.441550E+02
  0.418206E+02
  0.394851E+02
  0.371029E+02
  0.346901E+02
  0.321949E+02
  0.296247E+02
  0.270011E+02
  0.243061E+02
  0.215633E+02
  0.187721E+02
  0.159712E+02
  0.132113E+02
  0.104878E+02
  0.782888E+01
  0.522607E+01
  0.268561E+01
  0.208094E+00
 -0.222712E+01
 -0.462761E+01
 -0.704794E+01
 -0.948702E+01
 -0.119269E+02
 -0.144330E+02
 -0.170043E+02
 -0.196281E+02
 -0.223353E+02
 -0.250903E+02
 -0.278408E+02
 -0.305741E+02
 -0.332709E+02
 -0.358870E+02
 -0.383958E+02
 -0.407748E+02
 -0.429934E+02
 -0.450452E+02
 -0.469319E+02
 -0.486454E+02
 -0.502338E+02
 -0.517095E+02
 -0.530794E+02
 -0.543896E+02
 -0.556644E+02
 -0.569184E+02
 -0.581714E+02
 -0.594464E+02
 -0.607279E+02
 -0.619871E+02
 -0.632527E+02
 -0.645108E+02
 -0.657472E+02
 -0.669572E+02
 -0.681349E+02
 -0.692462E+02
 -0.702804E+02
 -0.712529E+02
 -0.721364E+02
 -0.728877E+02
 -0.735454E+02
 -0.741099E+02
 -0.745488E+02
 -0.749029E+02
 -0.752035E+02
 -0.754428E+02
 -0.756330E+02
 -0.757634E+02
 -0.758479E+02
 -0.758858E+02
 -0.758825E+02
 -0.758531E+02
 -0.757967E+02
 -0.756740E+02
 -0.755027E+02
 -0.753003E+02
 -0.750494E+02
 -0.747360E+02
 -0.743749E+02
 -0.740116E+02
 -0.736460E+02
 -0.732501E+02
 -0.728641E+02
 -0.725228E+02
 -0.722469E+02
 -0.720236E+02
 -0.718968E+02
 -0.718758E+02
 -0.719233E+02
 -0.720482E+02
 -0.722502E+02
 -0.725130E+02
 -0.728230E+02
 -0.731668E+02
 -0.735321E+02
 -0.738732E+02
 -0.741878E+02
 -0.744398E+02
 -0.746410E+02
 -0.748109E+02
 -0.749482E+02
 -0.750820E+02
 -0.752275E+02
 -0.754038E+02
 -0.756221E+02
 -0.758922E+02
 -0.762366E+02
 -0.766398E+02
 -0.771079E+02
 -0.776221E+02
 -0.781892E+02
 -0.787935E+02
 -0.794145E+02
 -0.800391E+02
 -0.806431E+02
 -0.812383E+02
 -0.818307E+02
 -0.823898E+02
 -0.829404E+02
 -0.834852E+02
 -0.840060E+02
 -0.844885E+02
 -0.849262E+02
 -0.853298E+02
 -0.857039E+02
 -0.860088E+02
 -0.862454E+02
 -0.863960E+02
 -0.864480E+02
 -0.863789E+02
 -0.862101E+02
 -0.859545E+02
 -0.855650E+02
 -0.850777E+02
 -0.845130E+02
 -0.838599E+02
 -0.831637E+02
 -0.824009E+02
 -0.816193E+02
 -0.808218E+02
 -0.799898E+02
 -0.791463E+02
 -0.782773E+02
 -0.773736E+02
 -0.764394E+02
 -0.754659E+02
 -0.744583E+02
 -0.734096E+02
 -0.723353E+02
 -0.712400E+02
 -0.701329E+02
 -0.690287E+02
 -0.679238E+02
 -0.668363E+02
 -0.658061E+02
 -0.648437E+02
 -0.639909E+02
 -0.632485E+02
 -0.626199E+02
 -0.621439E+02
 -0.618404E+02
 -0.616657E+02
 -0.616103E+02
 -0.616902E+02
 -0.618488E+02
 -0.620724E+02
 -0.623604E+02
 -0.626533E+02
 -0.629374E+02
 -0.632053E+02
 -0.634435E+02
 -0.635883E+02
 -0.636825E+02
 -0.637566E+02
 -0.637554E+02
 -0.637189E+02
 -0.636525E+02
 -0.635768E+02
 -0.635495E+02
 -0.635263E+02
 -0.635418E+02
 -0.636106E+02
 -0.637186E+02
 -0.639001E+02
 -0.641425E+02
 -0.644201E+02
 -0.647090E+02
 -0.649988E+02
 -0.653225E+02
 -0.656431E+02
 -0.659691E+02
 -0.663346E+02
 -0.667075E+02
 -0.671020E+02
 -0.675303E+02
 -0.679651E+02
 -0.684490E+02
 -0.689594E+02
 -0.694971E+02
 -0.700523E+02
 -0.705830E+02
 -0.711214E+02
 -0.716217E+02
 -0.720522E+02
 -0.724296E+02
 -0.726865E+02
 -0.728229E+02
 -0.728167E+02
 -0.726595E+02
 -0.723750E+02
 -0.719569E+02
 -0.714266E+02
 -0.707935E+02
 -0.700466E+02
 -0.692252E+02
 -0.683368E+02
 -0.674088E+02
 -0.664578E+02
 -0.654770E+02
 -0.644900E+02
 -0.634827E+02
 -0.624330E+02
 -0.613576E+02
 -0.602166E+02
 -0.590141E+02
 -0.577786E+02
 -0.564916E+02
 -0.551554E+02
 -0.538000E+02
 -0.524089E+02
 -0.509880E+02
 -0.495443E+02
 -0.480673E+02
 -0.465560E+02
 -0.449925E+02
 -0.433476E+02
 -0.416048E+02
 -0.397679E+02
 -0.378337E+02
 -0.357687E+02
 -0.335724E+02
 -0.312663E+02
 -0.288686E+02
 -0.263781E+02
 -0.238385E+02
 -0.212921E+02
 -0.187258E+02
 -0.161739E+02
 -0.136801E+02
 -0.112377E+02
 -0.887057E+01
 -0.661992E+01
 -0.446065E+01
 -0.239556E+01
 -0.450443E+00
  0.138803E+01
  0.312667E+01
  0.479375E+01
  0.638343E+01
  0.786716E+01
  0.925216E+01
  0.104902E+02
  0.116159E+02
  0.126717E+02
  0.136139E+02
  0.144584E+02
  0.152119E+02
  0.158821E+02
  0.164878E+02
  0.170043E+02
  0.175045E+02
  0.179809E+02
  0.184022E+02
  0.188294E+02
  0.192228E+02
  0.195711E+02
  0.199176E+02
  0.202288E+02
  0.205199E+02
  0.207971E+02
  0.210707E+02
  0.213348E+02
  0.215879E+02
  0.218675E+02
  0.221702E+02
  0.225040E+02
  0.228600E+02
  0.232210E+02
  0.236107E+02
  0.240047E+02
  0.244016E+02
  0.247769E+02
  0.251322E+02
  0.254380E+02
  0.256305E+02
  0.257277E+02
  0.257163E+02
  0.255430E+02
  0.252154E+02
  0.247576E+02
  0.241427E+02
  0.233398E+02
  0.223823E+02
  0.212816E+02
  0.200794E+02
  0.187889E+02
  0.174665E+02
  0.161569E+02
  0.148243E+02
  0.135163E+02
  0.122384E+02
  0.109529E+02
  0.971225E+01
  0.851648E+01
  0.733259E+01
  0.616151E+01
  0.498931E+01
  0.380163E+01
  0.259405E+01
  0.135748E+01
  0.100033E+00
 -0.120366E+01
 -0.254581E+01
 -0.394386E+01
 -0.540226E+01
 -0.688055E+01
 -0.843834E+01
 -0.100767E+02
 -0.117092E+02
 -0.133901E+02
 -0.150997E+02
 -0.167293E+02
 -0.183406E+02
 -0.199159E+02
 -0.214184E+02
 -0.228588E+02
 -0.242086E+02
 -0.255179E+02
 -0.267313E+02
 -0.278158E+02
 -0.288056E+02
 -0.296796E+02
 -0.304245E+02
 -0.310208E+02
 -0.314953E+02
 -0.318077E+02
 -0.319352E+02
 -0.319132E+02
 -0.316757E+02
 -0.312062E+02
 -0.305292E+02
 -0.296200E+02
 -0.284959E+02
 -0.271850E+02
 -0.257145E+02
 -0.240942E+02
 -0.223566E+02
 -0.205207E+02
 -0.185800E+02
 -0.165814E+02
 -0.145337E+02
 -0.124512E+02
 -0.103386E+02
 -0.815774E+01
 -0.594783E+01
 -0.372655E+01
 -0.144741E+01
  0.875874E+00
  0.321946E+01
  0.557044E+01
  0.793891E+01
  0.103321E+02
  0.127057E+02
  0.150533E+02
  0.173807E+02
  0.196645E+02
  0.219240E+02
  0.241684E+02
  0.263933E+02
  0.285903E+02
  0.307827E+02
  0.329673E+02
  0.351084E+02
  0.372231E+02
  0.393246E+02
  0.413846E+02
  0.434179E+02
  0.454045E+02
  0.473281E+02
  0.491651E+02
  0.509586E+02
  0.527067E+02
  0.543407E+02
  0.558940E+02
  0.573418E+02
  0.586556E+02
  0.598876E+02
  0.610201E+02
  0.620863E+02
  0.630518E+02
  0.639158E+02
  0.646966E+02
  0.653572E+02
  0.659080E+02
  0.663517E+02
  0.666708E+02
  0.668807E+02
  0.669621E+02
  0.668955E+02
  0.666647E+02
  0.663003E+02
  0.657879E+02
  0.651299E+02
  0.643227E+02
  0.633450E+02
  0.621953E+02
  0.608705E+02
  0.593540E+02
  0.576461E+02
  0.557444E+02
  0.536744E+02
  0.514295E+02
  0.490315E+02
  0.465087E+02
  0.438677E+02
  0.411329E+02
  0.383521E+02
  0.355109E+02
  0.326228E+02
  0.297339E+02
  0.268363E+02
  0.239212E+02
  0.210170E+02
  0.180847E+02
  0.151254E+02
  0.121613E+02
  0.916527E+01
  0.615101E+01
  0.311951E+01
  0.944767E-01
 -0.287668E+01
 -0.580132E+01
 -0.864089E+01
 -0.113993E+02
 -0.140703E+02
 -0.166224E+02
 -0.190695E+02
 -0.213799E+02
 -0.235368E+02
 -0.255459E+02
 -0.273964E+02
 -0.291054E+02
 -0.306731E+02
 -0.320940E+02
 -0.334183E+02
 -0.346528E+02
 -0.357815E+02
 -0.368175E+02
 -0.377661E+02
 -0.386439E+02
 -0.394672E+02
 -0.402232E+02
 -0.408977E+02
 -0.414847E+02
 -0.419715E+02
 -0.423768E+02
 -0.427229E+02
 -0.429879E+02
 -0.431869E+02
 -0.433034E+02
 -0.433500E+02
 -0.433352E+02
 -0.432413E+02
 -0.430700E+02
 -0.427918E+02
 -0.424398E+02
 -0.419955E+02
 -0.414190E+02
 -0.407248E+02
 -0.398592E+02
 -0.388381E+02
 -0.376540E+02
 -0.362914E+02
 -0.347412E+02
 -0.329822E+02
 -0.310690E+02
 -0.289811E+02
 -0.267295E+02
 -0.243647E+02
 -0.218723E+02
 -0.193012E+02
 -0.166838E+02
 -0.140498E+02
 -0.114264E+02
 -0.882315E+01
 -0.626503E+01
 -0.376833E+01
 -0.133751E+01
  0.102129E+01
  0.327676E+01
  0.543999E+01
  0.751475E+01
  0.951972E+01
  0.114422E+02
  0.132365E+02
  0.149533E+02
  0.165904E+02
  0.181262E+02
  0.196197E+02
  0.210277E+02
  0.223612E+02
  0.236501E+02
  0.248477E+02
  0.259472E+02
  0.269397E+02
  0.278166E+02
  0.285782E+02
  0.292110E+02
  0.296883E+02
  0.300007E+02
  0.302002E+02
  0.302644E+02
  0.302171E+02
  0.301073E+02
  0.299159E+02
  0.296313E+02
  0.292770E+02
  0.288534E+02
  0.283703E+02
  0.278479E+02
  0.272635E+02
  0.265932E+02
  0.258628E+02
  0.250639E+02
  0.241952E+02
  0.232418E+02
  0.221909E+02
  0.210769E+02
  0.198916E+02
  0.186290E+02
  0.173177E+02
  0.159415E+02
  0.145404E+02
  0.131173E+02
  0.116749E+02
  0.102339E+02
  0.877796E+01
  0.734973E+01
  0.594317E+01
  0.452117E+01
  0.314104E+01
  0.180131E+01
  0.467642E+00
 -0.837648E+00
 -0.210621E+01
 -0.334591E+01
 -0.455734E+01
 -0.575545E+01
 -0.693330E+01
 -0.810065E+01
 -0.925162E+01
 -0.103432E+02
 -0.113714E+02
 -0.123424E+02
 -0.132690E+02
 -0.141186E+02
 -0.148412E+02
 -0.154940E+02
 -0.160624E+02
 -0.165062E+02
 -0.168625E+02
 -0.171175E+02
 -0.172771E+02
 -0.173873E+02
 -0.174704E+02
 -0.175145E+02
 -0.175280E+02
 -0.175588E+02
 -0.176426E+02
 -0.177687E+02
 -0.178971E+02
 -0.180432E+02
 -0.182195E+02
 -0.184127E+02
 -0.186482E+02
 -0.188940E+02
 -0.191180E+02
 -0.193525E+02
 -0.195820E+02
 -0.197966E+02
 -0.199855E+02
 -0.201189E+02
 -0.202014E+02
 -0.202546E+02
 -0.202968E+02
 -0.202938E+02
 -0.202613E+02
 -0.202272E+02
 -0.201587E+02
 -0.200861E+02
 -0.200220E+02
 -0.199586E+02
 -0.199003E+02
 -0.198503E+02
 -0.198555E+02
 -0.198516E+02
 -0.198161E+02
 -0.197968E+02
 -0.197408E+02
 -0.196902E+02
 -0.196359E+02
 -0.195178E+02
 -0.193442E+02
 -0.190882E+02
 -0.187861E+02
 -0.184146E+02
 -0.179535E+02
 -0.174371E+02
 -0.168217E+02
 -0.161151E+02
 -0.152956E+02
 -0.143352E+02
 -0.132747E+02
 -0.121165E+02
 -0.108664E+02
 -0.954347E+01
 -0.820415E+01
 -0.686013E+01
 -0.550341E+01
 -0.422939E+01
 -0.300961E+01
 -0.182361E+01
 -0.694735E+00
  0.418243E+00
  0.147290E+01
  0.248572E+01
  0.343848E+01
  0.431297E+01
  0.516957E+01
  0.597425E+01
  0.675450E+01
  0.749558E+01
  0.815778E+01
  0.876652E+01
  0.931771E+01
  0.973419E+01
  0.100304E+02
  0.102568E+02
  0.103276E+02
  0.102951E+02
  0.101804E+02
  0.992986E+01
  0.959944E+01
  0.915890E+01
  0.863649E+01
  0.806045E+01
  0.743787E+01
  0.677930E+01
  0.606365E+01
  0.533166E+01
  0.458573E+01
  0.380425E+01
  0.302041E+01
  0.223428E+01
  0.140826E+01
  0.556955E+00
 -0.294237E+00
 -0.118476E+01
 -0.206331E+01
 -0.289913E+01
 -0.368534E+01
 -0.438682E+01
 -0.504483E+01
 -0.562239E+01
 -0.612098E+01
 -0.656623E+01
 -0.693019E+01
 -0.725191E+01
 -0.745942E+01
 -0.755348E+01
 -0.757115E+01
 -0.744159E+01
 -0.719876E+01
 -0.685612E+01
 -0.638631E+01
 -0.582504E+01
 -0.518458E+01
 -0.446104E+01
 -0.368750E+01
 -0.289969E+01
 -0.211623E+01
 -0.138193E+01
 -0.697184E+00
 -0.531254E-01
  0.544401E+00
  0.109492E+01
  0.158022E+01
  0.201410E+01
  0.242821E+01
  0.282827E+01
  0.323539E+01
  0.368436E+01
  0.419164E+01
  0.472682E+01
  0.527723E+01
  0.587112E+01
  0.652317E+01
  0.721875E+01
  0.796807E+01
  0.875840E+01
  0.955349E+01
  0.103266E+02
  0.110529E+02
  0.117185E+02
  0.123099E+02
  0.128002E+02
  0.131943E+02
  0.135014E+02
  0.137277E+02
  0.138987E+02
  0.140055E+02
  0.140339E+02
  0.140603E+02
  0.140573E+02
  0.139997E+02
  0.139263E+02
  0.138011E+02
  0.136433E+02
  0.134405E+02
  0.131645E+02
  0.128580E+02
  0.124995E+02
  0.121248E+02
  0.117344E+02
  0.113029E+02
  0.108431E+02
  0.103367E+02
  0.982035E+01
  0.930717E+01
  0.879716E+01
  0.832353E+01
  0.788035E+01
  0.750933E+01
  0.717522E+01
  0.685566E+01
  0.657345E+01
  0.629198E+01
  0.603967E+01
  0.579992E+01
  0.552102E+01
  0.521967E+01
  0.485965E+01
  0.442032E+01
  0.392857E+01
  0.338280E+01
  0.276468E+01
  0.209272E+01
  0.137388E+01
  0.617899E+00
 -0.165545E+00
 -0.963615E+00
 -0.174996E+01
 -0.251423E+01
 -0.323935E+01
 -0.391364E+01
 -0.451588E+01
 -0.502085E+01
 -0.544000E+01
 -0.575652E+01
 -0.601201E+01
 -0.623163E+01
 -0.638783E+01
 -0.651902E+01
 -0.661430E+01
 -0.670898E+01
 -0.683531E+01
 -0.695270E+01
 -0.712033E+01
 -0.730213E+01
 -0.747324E+01
 -0.765835E+01
 -0.782727E+01
 -0.800089E+01
 -0.815054E+01
 -0.827323E+01
 -0.835779E+01
 -0.835371E+01
 -0.825598E+01
 -0.806042E+01
 -0.782129E+01
 -0.752686E+01
 -0.716186E+01
 -0.677117E+01
 -0.634241E+01
 -0.587534E+01
 -0.538169E+01
 -0.487536E+01
 -0.437193E+01
 -0.385327E+01
 -0.331453E+01
 -0.275133E+01
 -0.217706E+01
 -0.161975E+01
 -0.109771E+01
 -0.615622E+00
 -0.180939E+00
  0.183172E+00
  0.460337E+00
  0.665594E+00
  0.817152E+00
  0.911324E+00
  0.939705E+00
  0.918293E+00
  0.848381E+00
  0.741636E+00
  0.606283E+00
  0.436455E+00
  0.239386E+00
  0.803757E-02
 -0.241379E+00
 -0.489866E+00
 -0.741680E+00
 -0.965340E+00
 -0.115976E+01
 -0.130286E+01
 -0.138278E+01
 -0.141529E+01
 -0.136869E+01
 -0.125023E+01
 -0.106155E+01
 -0.769583E+00
 -0.403267E+00
  0.414867E-01
  0.552732E+00
  0.108729E+01
  0.165737E+01
  0.224628E+01
  0.283159E+01
  0.340500E+01
  0.391928E+01
  0.437615E+01
  0.476598E+01
  0.504383E+01
  0.518969E+01
  0.521818E+01
  0.514544E+01
  0.497581E+01
  0.471965E+01
  0.437488E+01
  0.395187E+01
  0.346132E+01
  0.288568E+01
  0.227818E+01
  0.166037E+01
  0.102501E+01
  0.416927E+00
 -0.166880E+00
 -0.734850E+00
 -0.127214E+01
 -0.179573E+01
 -0.227130E+01
 -0.267817E+01
 -0.302539E+01
 -0.329558E+01
 -0.349254E+01
 -0.363497E+01
 -0.369965E+01
 -0.366278E+01
 -0.354962E+01
 -0.337534E+01
 -0.311744E+01
 -0.282582E+01
 -0.253055E+01
 -0.218013E+01
 -0.182518E+01
 -0.148283E+01
 -0.112995E+01
 -0.809464E+00
 -0.485180E+00
 -0.181528E+00
  0.104681E+00
  0.390476E+00
  0.650921E+00
  0.916632E+00
  0.115492E+01
  0.135241E+01
  0.151495E+01
  0.164578E+01
  0.177439E+01
  0.186688E+01
  0.192523E+01
  0.195647E+01
  0.196451E+01
  0.197691E+01
  0.196142E+01
  0.193350E+01
  0.196025E+01
  0.202036E+01
  0.213254E+01
  0.231165E+01
  0.254759E+01
  0.286949E+01
  0.326403E+01
  0.372412E+01
  0.422729E+01
  0.473261E+01
  0.524157E+01
  0.569463E+01
  0.605652E+01
  0.633297E+01
  0.650523E+01
  0.655091E+01
  0.648496E+01
  0.633361E+01
  0.605902E+01
  0.566927E+01
  0.520133E+01
  0.462609E+01
  0.398531E+01
  0.329481E+01
  0.260348E+01
  0.196299E+01
  0.135247E+01
  0.840279E+00
  0.422724E+00
  0.731983E-01
 -0.175734E+00
 -0.351318E+00
 -0.443970E+00
 -0.469688E+00
 -0.452024E+00
 -0.401995E+00
 -0.335686E+00
 -0.279894E+00
 -0.238268E+00
 -0.169115E+00
 -0.976810E-01
 -0.453472E-01
 -0.112400E-01
 -0.835991E-02
 -0.203552E-01
 -0.535336E-01
 -0.762711E-01
 -0.722408E-01
 -0.734501E-01
 -0.998707E-01
 -0.132483E+00
 -0.183966E+00
 -0.312513E+00
 -0.501314E+00
 -0.762465E+00
 -0.111648E+01
 -0.151582E+01
 -0.200165E+01
 -0.258375E+01
 -0.323916E+01
 -0.398123E+01
 -0.479455E+01
 -0.566285E+01
 -0.659721E+01
 -0.758217E+01
 -0.855914E+01
 -0.953223E+01
 -0.105170E+02
 -0.114887E+02
 -0.124500E+02
 -0.133904E+02
 -0.143160E+02
 -0.152351E+02
 -0.161202E+02
 -0.169604E+02
 -0.177796E+02
 -0.185794E+02
 -0.193512E+02
 -0.201002E+02
 -0.208135E+02
 -0.214639E+02
 -0.220178E+02
 -0.224604E+02
 -0.227874E+02
 -0.229696E+02
 -0.229665E+02
 -0.227626E+02
 -0.223342E+02
 -0.216797E+02
 -0.208140E+02
 -0.197128E+02
 -0.184161E+02
 -0.169242E+02
 -0.152174E+02
 -0.133536E+02
 -0.113158E+02
 -0.910997E+01
 -0.678245E+01
 -0.436840E+01
 -0.190365E+01
  0.620029E+00
  0.315217E+01
  0.566615E+01
  0.817677E+01
  0.106406E+02
  0.130320E+02
  0.153412E+02
  0.175572E+02
  0.197139E+02
  0.218098E+02
  0.238446E+02
  0.258238E+02
  0.277559E+02
  0.296414E+02
  0.314856E+02
  0.332964E+02
  0.350640E+02
  0.367880E+02
  0.384676E+02
  0.400880E+02
  0.416501E+02
  0.431161E+02
  0.444909E+02
  0.457839E+02
  0.470044E+02
  0.481609E+02
  0.492443E+02
  0.502728E+02
  0.512546E+02
  0.521510E+02
  0.529955E+02
  0.537813E+02
  0.544929E+02
  0.551291E+02
  0.556827E+02
  0.561551E+02
  0.565235E+02
  0.567532E+02
  0.568338E+02
  0.567635E+02
  0.565359E+02
  0.561130E+02
  0.555318E+02
  0.547634E+02
  0.538242E+02
  0.527391E+02
  0.514480E+02
  0.499958E+02
  0.483819E+02
  0.465741E+02
  0.446155E+02
  0.424640E+02
  0.401481E+02
  0.376723E+02
  0.350518E+02
  0.323110E+02
  0.294451E+02
  0.264956E+02
  0.234514E+02
  0.203606E+02
  0.172639E+02
  0.141134E+02
  0.109546E+02
  0.776682E+01
  0.455458E+01
  0.135758E+01
 -0.181834E+01
 -0.494364E+01
 -0.803812E+01
 -0.110940E+02
 -0.141170E+02
 -0.171173E+02
 -0.200541E+02
 -0.229209E+02
 -0.256908E+02
 -0.283881E+02
 -0.310325E+02
 -0.335949E+02
 -0.360869E+02
 -0.384811E+02
 -0.407554E+02
 -0.428881E+02
 -0.448542E+02
 -0.466642E+02
 -0.483096E+02
 -0.497486E+02
 -0.509721E+02
 -0.519631E+02
 -0.526887E+02
 -0.531499E+02
 -0.533508E+02
 -0.532773E+02
 -0.529490E+02
 -0.523627E+02
 -0.515233E+02
 -0.504436E+02
 -0.491219E+02
 -0.476077E+02
 -0.459112E+02
 -0.440276E+02
 -0.420149E+02
 -0.398528E+02
 -0.375730E+02
 -0.352373E+02
 -0.328528E+02
 -0.304325E+02
 -0.279913E+02
 -0.255513E+02
 -0.231005E+02
 -0.206805E+02
 -0.183309E+02
 -0.160153E+02
 -0.137766E+02
 -0.116068E+02
 -0.950443E+01
 -0.747992E+01
 -0.548101E+01
 -0.354919E+01
 -0.163008E+01
  0.310139E+00
  0.225463E+01
  0.427762E+01
  0.634191E+01
  0.843744E+01
  0.106134E+02
  0.128029E+02
  0.149909E+02
  0.171999E+02
  0.193803E+02
  0.215018E+02
  0.235712E+02
  0.255497E+02
  0.274541E+02
  0.292900E+02
  0.310236E+02
  0.326828E+02
  0.342763E+02
  0.357605E+02
  0.371633E+02
  0.385082E+02
  0.397517E+02
  0.408970E+02
  0.419953E+02
  0.429940E+02
  0.438952E+02
  0.447272E+02
  0.454640E+02
  0.461265E+02
  0.467079E+02
  0.471755E+02
  0.475760E+02
  0.478885E+02
  0.481376E+02
  0.483391E+02
  0.484832E+02
  0.485827E+02
  0.486308E+02
  0.486412E+02
  0.485659E+02
  0.484174E+02
  0.482335E+02
  0.479146E+02
  0.474863E+02
  0.469159E+02
  0.461703E+02
  0.452596E+02
  0.441509E+02
  0.428652E+02
  0.413685E+02
  0.396716E+02
  0.378303E+02
  0.358253E+02
  0.337253E+02
  0.315122E+02
  0.292046E+02
  0.268887E+02
  0.245151E+02
  0.221244E+02
  0.197857E+02
  0.174379E+02
  0.151366E+02
  0.129183E+02
  0.107509E+02
  0.866814E+01
  0.667765E+01
  0.474809E+01
  0.289676E+01
  0.113771E+01
 -0.581369E+00
 -0.225597E+01
 -0.382784E+01
 -0.536346E+01
 -0.687574E+01
 -0.828623E+01
 -0.964438E+01
 -0.110021E+02
 -0.122857E+02
 -0.134951E+02
 -0.146972E+02
 -0.158670E+02
 -0.169799E+02
 -0.180792E+02
 -0.191708E+02
 -0.202335E+02
 -0.212972E+02
 -0.223737E+02
 -0.234427E+02
 -0.244829E+02
 -0.255011E+02
 -0.265118E+02
 -0.274432E+02
 -0.282869E+02
 -0.290787E+02
 -0.297759E+02
 -0.303814E+02
 -0.308786E+02
 -0.312649E+02
 -0.315656E+02
 -0.317529E+02
 -0.318356E+02
 -0.318385E+02
 -0.317440E+02
 -0.315415E+02
 -0.312616E+02
 -0.309079E+02
 -0.304488E+02
 -0.299087E+02
 -0.292866E+02
 -0.285766E+02
 -0.278113E+02
 -0.270074E+02
 -0.261483E+02
 -0.252035E+02
 -0.242134E+02
 -0.231820E+02
 -0.220647E+02
 -0.209156E+02
 -0.197343E+02
 -0.184962E+02
 -0.172108E+02
 -0.158772E+02
 -0.145344E+02
 -0.131698E+02
 -0.117744E+02
 -0.103964E+02
 -0.902995E+01
 -0.765452E+01
 -0.632436E+01
 -0.505710E+01
 -0.379648E+01
 -0.257347E+01
 -0.141495E+01
 -0.275045E+00
  0.816444E+00
  0.183848E+01
  0.279155E+01
  0.364845E+01
  0.440326E+01
  0.505717E+01
  0.561112E+01
  0.606671E+01
  0.639232E+01
  0.658119E+01
  0.665751E+01
  0.660549E+01
  0.638910E+01
  0.605571E+01
  0.559448E+01
  0.495989E+01
  0.420238E+01
  0.329908E+01
  0.222571E+01
  0.101566E+01
 -0.340979E+00
 -0.182264E+01
 -0.342331E+01
 -0.512515E+01
 -0.692385E+01
 -0.878874E+01
 -0.106626E+02
 -0.125669E+02
 -0.144743E+02
 -0.163198E+02
 -0.181198E+02
 -0.198575E+02
 -0.214866E+02
 -0.230729E+02
 -0.245833E+02
 -0.259619E+02
 -0.272946E+02
 -0.285596E+02
 -0.297620E+02
 -0.309232E+02
 -0.320069E+02
 -0.330542E+02
 -0.340254E+02
 -0.349220E+02
 -0.357860E+02
 -0.365807E+02
 -0.373026E+02
 -0.379402E+02
 -0.384958E+02
 -0.389684E+02
 -0.393621E+02
 -0.397147E+02
 -0.399822E+02
 -0.401612E+02
 -0.402911E+02
 -0.403812E+02
 -0.404160E+02
 -0.404013E+02
 -0.403590E+02
 -0.402810E+02
 -0.401672E+02
 -0.399892E+02
 -0.397366E+02
 -0.394267E+02
 -0.390156E+02
 -0.385226E+02
 -0.379349E+02
 -0.372359E+02
 -0.364705E+02
 -0.356083E+02
 -0.346679E+02
 -0.336711E+02
 -0.326269E+02
 -0.315818E+02
 -0.305301E+02
 -0.295278E+02
 -0.285506E+02
 -0.275615E+02
 -0.266434E+02
 -0.257747E+02
 -0.249144E+02
 -0.241183E+02
 -0.233828E+02
 -0.226699E+02
 -0.219847E+02
 -0.213204E+02
 -0.206922E+02
 -0.201142E+02
 -0.195994E+02
 -0.191688E+02
 -0.187881E+02
 -0.184622E+02
 -0.182171E+02
 -0.180452E+02
 -0.179273E+02
 -0.178597E+02
 -0.178628E+02
 -0.179052E+02
 -0.179721E+02
 -0.180789E+02
 -0.182127E+02
 -0.184093E+02
 -0.186521E+02
 -0.188928E+02
 -0.191855E+02
 -0.195322E+02
 -0.198843E+02
 -0.202764E+02
 -0.207582E+02
 -0.213109E+02
 -0.219257E+02
 -0.226392E+02
 -0.234280E+02
 -0.242635E+02
 -0.251669E+02
 -0.261371E+02
 -0.271426E+02
 -0.281850E+02
 -0.292961E+02
 -0.304663E+02
 -0.316411E+02
 -0.328281E+02
 -0.340318E+02
 -0.352006E+02
 -0.363567E+02
 -0.375023E+02
 -0.385850E+02
 -0.396091E+02
 -0.405383E+02
 -0.413416E+02
 -0.420430E+02
 -0.426124E+02
 -0.430323E+02
 -0.433595E+02
 -0.435793E+02
 -0.436725E+02
 -0.436668E+02
 -0.435654E+02
 -0.433543E+02
 -0.430573E+02
 -0.426945E+02
 -0.422432E+02
 -0.417234E+02
 -0.411524E+02
 -0.405095E+02
 -0.398151E+02
 -0.390562E+02
 -0.382644E+02
 -0.374771E+02
 -0.366750E+02
 -0.358689E+02
 -0.350624E+02
 -0.342540E+02
 -0.334249E+02
 -0.325548E+02
 -0.316941E+02
 -0.308377E+02
 -0.299520E+02
 -0.290757E+02
 -0.282028E+02
 -0.272975E+02
 -0.264028E+02
 -0.255226E+02
 -0.246480E+02
 -0.237727E+02
 -0.228720E+02
 -0.219823E+02
 -0.210876E+02
 -0.201538E+02
 -0.192049E+02
 -0.182467E+02
 -0.172590E+02
 -0.162407E+02
 -0.152024E+02
 -0.141213E+02
 -0.129979E+02
 -0.118155E+02
 -0.105777E+02
 -0.930067E+01
 -0.796935E+01
 -0.661157E+01
 -0.519365E+01
 -0.372305E+01
 -0.224018E+01
 -0.715929E+00
  0.854633E+00
  0.244254E+01
  0.401015E+01
  0.558681E+01
  0.718666E+01
  0.876331E+01
  0.103642E+02
  0.119690E+02
  0.135339E+02
  0.151022E+02
  0.166527E+02
  0.181950E+02
  0.197415E+02
  0.212547E+02
  0.227625E+02
  0.242278E+02
  0.256402E+02
  0.269962E+02
  0.282711E+02
  0.294700E+02
  0.305786E+02
  0.315867E+02
  0.324619E+02
  0.331455E+02
  0.336664E+02
  0.340122E+02
  0.341474E+02
  0.341118E+02
  0.339042E+02
  0.335302E+02
  0.329913E+02
  0.322571E+02
  0.314017E+02
  0.304103E+02
  0.293217E+02
  0.281771E+02
  0.269565E+02
  0.257474E+02
  0.245532E+02
  0.233655E+02
  0.222205E+02
  0.210839E+02
  0.200003E+02
  0.189668E+02
  0.179570E+02
  0.169986E+02
  0.160636E+02
  0.151574E+02
  0.143050E+02
  0.134521E+02
  0.126524E+02
  0.119132E+02
  0.111835E+02
  0.105313E+02
  0.993048E+01
  0.935398E+01
  0.885378E+01
  0.840407E+01
  0.801633E+01
  0.766986E+01
  0.734332E+01
  0.705088E+01
  0.676065E+01
  0.646958E+01
  0.618719E+01
  0.591800E+01
  0.567157E+01
  0.542854E+01
  0.519243E+01
  0.495457E+01
  0.472045E+01
  0.449675E+01
  0.429024E+01
  0.410828E+01
  0.392566E+01
  0.374915E+01
  0.360338E+01
  0.344685E+01
  0.328259E+01
  0.314754E+01
  0.303616E+01
  0.295407E+01
  0.289685E+01
  0.285676E+01
  0.281130E+01
  0.277989E+01
  0.278009E+01
  0.275428E+01
  0.275678E+01
  0.275657E+01
  0.271764E+01
  0.266404E+01
  0.257062E+01
  0.246869E+01
  0.232961E+01
  0.215509E+01
  0.194242E+01
  0.167241E+01
  0.138329E+01
  0.103098E+01
  0.659397E+00
  0.293165E+00
 -0.120247E+00
 -0.545961E+00
 -0.960861E+00
 -0.138500E+01
 -0.182224E+01
 -0.224320E+01
 -0.261523E+01
 -0.297894E+01
 -0.334535E+01
 -0.367489E+01
 -0.396497E+01
 -0.423985E+01
 -0.450993E+01
 -0.474628E+01
 -0.496822E+01
 -0.520448E+01
 -0.541713E+01
 -0.562667E+01
 -0.585808E+01
 -0.610419E+01
 -0.637420E+01
 -0.665996E+01
 -0.695247E+01
 -0.728300E+01
 -0.763253E+01
 -0.796767E+01
 -0.832023E+01
 -0.870220E+01
 -0.909172E+01
 -0.945580E+01
 -0.981757E+01
 -0.101963E+02
 -0.105288E+02
 -0.108201E+02
 -0.111108E+02
 -0.113854E+02
 -0.115876E+02
 -0.117475E+02
 -0.118950E+02
 -0.119889E+02
 -0.120704E+02
 -0.121361E+02
 -0.121625E+02
 -0.121842E+02
 -0.121642E+02
 -0.120908E+02
 -0.119918E+02
 -0.118682E+02
 -0.117349E+02
 -0.115823E+02
 -0.114022E+02
 -0.112011E+02
 -0.109747E+02
 -0.107353E+02
 -0.104918E+02
 -0.102734E+02
 -0.100802E+02
 -0.990139E+01
 -0.977015E+01
 -0.970711E+01
 -0.970174E+01
 -0.975076E+01
 -0.985730E+01
 -0.100238E+02
 -0.102608E+02
 -0.105414E+02
 -0.108695E+02
 -0.112452E+02
 -0.116252E+02
 -0.120555E+02
 -0.125045E+02
 -0.129316E+02
 -0.133914E+02
 -0.138233E+02
 -0.142294E+02
 -0.146763E+02
 -0.151200E+02
 -0.155648E+02
 -0.160118E+02
 -0.164281E+02
 -0.168370E+02
 -0.172319E+02
 -0.175856E+02
 -0.179130E+02
 -0.182060E+02
 -0.184388E+02
 -0.186202E+02
 -0.187397E+02
 -0.187931E+02
 -0.187942E+02
 -0.187363E+02
 -0.186274E+02
 -0.184572E+02
 -0.182169E+02
 -0.179272E+02
 -0.175924E+02
 -0.172160E+02
 -0.168212E+02
 -0.164240E+02
 -0.160373E+02
 -0.156933E+02
 -0.154008E+02
 -0.151784E+02
 -0.150487E+02
 -0.149864E+02
 -0.150212E+02
 -0.151721E+02
 -0.154051E+02
 -0.157297E+02
 -0.161417E+02
 -0.166522E+02
 -0.172434E+02
 -0.178774E+02
 -0.185747E+02
 -0.193155E+02
 -0.200947E+02
 -0.209223E+02
 -0.217903E+02
 -0.227218E+02
 -0.237304E+02
 -0.248000E+02
 -0.259166E+02
 -0.270893E+02
 -0.283046E+02
 -0.295529E+02
 -0.308483E+02
 -0.321769E+02
 -0.335186E+02
 -0.348854E+02
 -0.362759E+02
 -0.376660E+02
 -0.390411E+02
 -0.404126E+02
 -0.417807E+02
 -0.431253E+02
 -0.444487E+02
 -0.457579E+02
 -0.470146E+02
 -0.482337E+02
 -0.494244E+02
 -0.505587E+02
 -0.516565E+02
 -0.527095E+02
 -0.536883E+02
 -0.546112E+02
 -0.554443E+02
 -0.561901E+02
 -0.568880E+02
 -0.574898E+02
 -0.579990E+02
 -0.584534E+02
 -0.588074E+02
 -0.590791E+02
 -0.592748E+02
 -0.593946E+02
 -0.594388E+02
 -0.594248E+02
 -0.593682E+02
 -0.592561E+02
 -0.591042E+02
 -0.588926E+02
 -0.586321E+02
 -0.583374E+02
 -0.579877E+02
 -0.576180E+02
 -0.571972E+02
 -0.567352E+02
 -0.562214E+02
 -0.556478E+02
 -0.550495E+02
 -0.543932E+02
 -0.537109E+02
 -0.530238E+02
 -0.522887E+02
 -0.515165E+02
 -0.506920E+02
 -0.497990E+02
 -0.488274E+02
 -0.477961E+02
 -0.466977E+02
 -0.454850E+02
 -0.441639E+02
 -0.427346E+02
 -0.411682E+02
 -0.394939E+02
 -0.377179E+02
 -0.358384E+02
 -0.338828E+02
 -0.318450E+02
 -0.297184E+02
 -0.274991E+02
 -0.251940E+02
 -0.228449E+02
 -0.204611E+02
 -0.180362E+02
 -0.155718E+02
 -0.130709E+02
 -0.105296E+02
 -0.796081E+01
 -0.539382E+01
 -0.284188E+01
 -0.335449E+00
  0.212214E+01
  0.454507E+01
  0.692140E+01
  0.922375E+01
  0.114363E+02
  0.135421E+02
  0.155053E+02
  0.173148E+02
  0.189885E+02
  0.205128E+02
  0.218651E+02
  0.230415E+02
  0.240425E+02
  0.248363E+02
  0.254723E+02
  0.259549E+02
  0.262750E+02
  0.264981E+02
  0.265862E+02
  0.265143E+02
  0.263189E+02
  0.260090E+02
  0.255980E+02
  0.250745E+02
  0.244815E+02
  0.237874E+02
  0.229792E+02
  0.221133E+02
  0.211580E+02
  0.201263E+02
  0.190493E+02
  0.178890E+02
  0.167094E+02
  0.155132E+02
  0.142683E+02
  0.130202E+02
  0.117470E+02
  0.104420E+02
  0.914512E+01
  0.783614E+01
  0.649881E+01
  0.515402E+01
  0.381217E+01
  0.244662E+01
  0.107727E+01
 -0.288321E+00
 -0.163972E+01
 -0.295391E+01
 -0.426019E+01
 -0.555519E+01
 -0.682901E+01
 -0.810253E+01
 -0.934793E+01
 -0.105414E+02
 -0.116789E+02
 -0.127572E+02
 -0.137765E+02
 -0.147391E+02
 -0.156418E+02
 -0.164479E+02
 -0.171370E+02
 -0.176978E+02
 -0.181073E+02
 -0.183989E+02
 -0.185801E+02
 -0.185878E+02
 -0.184380E+02
 -0.181679E+02
 -0.177245E+02
 -0.171416E+02
 -0.164662E+02
 -0.156506E+02
 -0.147407E+02
 -0.137638E+02
 -0.126950E+02
 -0.115479E+02
 -0.103108E+02
 -0.903554E+01
 -0.771176E+01
 -0.631014E+01
 -0.487517E+01
 -0.337193E+01
 -0.181234E+01
 -0.236629E+00
  0.137665E+01
  0.302538E+01
  0.466589E+01
  0.630346E+01
  0.794386E+01
  0.953813E+01
  0.111534E+02
  0.127676E+02
  0.143236E+02
  0.158812E+02
  0.174251E+02
  0.188929E+02
  0.203060E+02
  0.216888E+02
  0.230216E+02
  0.243132E+02
  0.255635E+02
  0.267411E+02
  0.278457E+02
  0.289094E+02
  0.299518E+02
  0.309312E+02
  0.318718E+02
  0.327701E+02
  0.336285E+02
  0.344297E+02
  0.351662E+02
  0.358925E+02
  0.365613E+02
  0.372059E+02
  0.378597E+02
  0.384193E+02
  0.389360E+02
  0.393997E+02
  0.397664E+02
  0.400698E+02
  0.403072E+02
  0.404654E+02
  0.405232E+02
  0.404626E+02
  0.402845E+02
  0.399725E+02
  0.395662E+02
  0.390616E+02
  0.384358E+02
  0.377061E+02
  0.368624E+02
  0.358943E+02
  0.348430E+02
  0.336981E+02
  0.324744E+02
  0.312100E+02
  0.299200E+02
  0.286106E+02
  0.272841E+02
  0.259515E+02
  0.246318E+02
  0.233252E+02
  0.220485E+02
  0.207906E+02
  0.195423E+02
  0.183213E+02
  0.171200E+02
  0.159313E+02
  0.147836E+02
  0.136307E+02
  0.124614E+02
  0.112867E+02
  0.100779E+02
  0.883027E+01
  0.752441E+01
  0.619290E+01
  0.484316E+01
  0.343847E+01
  0.202570E+01
  0.565044E+00
 -0.915770E+00
 -0.235612E+01
 -0.379205E+01
 -0.518087E+01
 -0.652611E+01
 -0.783336E+01
 -0.906784E+01
 -0.102671E+02
 -0.114243E+02
 -0.125449E+02
 -0.136426E+02
 -0.146791E+02
 -0.156569E+02
 -0.165908E+02
 -0.174829E+02
 -0.183424E+02
 -0.191927E+02
 -0.200176E+02
 -0.207717E+02
 -0.215084E+02
 -0.221964E+02
 -0.228364E+02
 -0.234862E+02
 -0.240441E+02
 -0.245842E+02
 -0.251113E+02
 -0.254967E+02
 -0.258440E+02
 -0.261584E+02
 -0.263559E+02
 -0.265045E+02
 -0.265835E+02
 -0.265186E+02
 -0.263598E+02
 -0.261124E+02
 -0.257519E+02
 -0.253053E+02
 -0.247592E+02
 -0.240908E+02
 -0.233136E+02
 -0.224340E+02
 -0.214231E+02
 -0.203222E+02
 -0.191570E+02
 -0.179002E+02
 -0.166036E+02
 -0.152533E+02
 -0.138451E+02
 -0.124483E+02
 -0.110510E+02
 -0.968486E+01
 -0.837400E+01
 -0.709953E+01
 -0.589700E+01
 -0.478360E+01
 -0.375558E+01
 -0.279102E+01
 -0.192188E+01
 -0.117385E+01
 -0.507788E+00
  0.892754E-01
  0.644255E+00
  0.116517E+01
  0.164040E+01
  0.211469E+01
  0.258409E+01
  0.304131E+01
  0.349781E+01
  0.395746E+01
  0.445944E+01
  0.498639E+01
  0.549344E+01
  0.600086E+01
  0.650178E+01
  0.698728E+01
  0.744945E+01
  0.788038E+01
  0.827888E+01
  0.862737E+01
  0.891743E+01
  0.911941E+01
  0.921263E+01
  0.922579E+01
  0.912009E+01
  0.888228E+01
  0.852571E+01
  0.802856E+01
  0.739710E+01
  0.661471E+01
  0.568857E+01
  0.463684E+01
  0.343450E+01
  0.212222E+01
  0.687048E+00
 -0.863403E+00
 -0.250986E+01
 -0.426563E+01
 -0.607792E+01
 -0.793954E+01
 -0.983178E+01
 -0.117488E+02
 -0.136771E+02
 -0.155682E+02
 -0.174611E+02
 -0.193215E+02
 -0.211086E+02
 -0.228474E+02
 -0.245621E+02
 -0.262494E+02
 -0.278812E+02
 -0.294823E+02
 -0.310469E+02
 -0.325942E+02
 -0.341307E+02
 -0.356238E+02
 -0.371447E+02
 -0.386885E+02
 -0.402148E+02
 -0.417615E+02
 -0.432802E+02
 -0.447929E+02
 -0.463221E+02
 -0.478191E+02
 -0.493029E+02
 -0.507436E+02
 -0.521282E+02
 -0.534833E+02
 -0.547739E+02
 -0.559962E+02
 -0.571215E+02
 -0.581507E+02
 -0.590625E+02
 -0.598402E+02
 -0.605237E+02
 -0.610802E+02
 -0.614887E+02
 -0.617430E+02
 -0.618389E+02
 -0.617971E+02
 -0.615902E+02
 -0.612267E+02
 -0.606865E+02
 -0.600175E+02
 -0.592367E+02
 -0.583085E+02
 -0.572832E+02
 -0.561481E+02
 -0.549031E+02
 -0.536091E+02
 -0.522820E+02
 -0.509152E+02
 -0.494947E+02
 -0.480643E+02
 -0.466224E+02
 -0.451699E+02
 -0.437090E+02
 -0.422411E+02
 -0.407918E+02
 -0.393202E+02
 -0.378496E+02
 -0.364135E+02
 -0.349692E+02
 -0.335093E+02
 -0.320428E+02
 -0.306036E+02
 -0.291627E+02
 -0.277335E+02
 -0.263461E+02
 -0.249443E+02
 -0.235594E+02
 -0.221960E+02
 -0.208472E+02
 -0.195546E+02
 -0.182658E+02
 -0.169985E+02
 -0.158028E+02
 -0.146178E+02
 -0.134273E+02
 -0.122770E+02
 -0.111593E+02
 -0.100653E+02
 -0.899133E+01
 -0.791334E+01
 -0.684859E+01
 -0.579485E+01
 -0.474360E+01
 -0.368499E+01
 -0.261142E+01
 -0.156507E+01
 -0.518339E+00
  0.565109E+00
  0.163580E+01
  0.271281E+01
  0.380704E+01
  0.488700E+01
  0.596017E+01
  0.704298E+01
  0.812152E+01
  0.916413E+01
  0.101649E+02
  0.111290E+02
  0.120400E+02
  0.128773E+02
  0.136334E+02
  0.143219E+02
  0.148984E+02
  0.153631E+02
  0.157587E+02
  0.160473E+02
  0.162086E+02
  0.162934E+02
  0.162793E+02
  0.161464E+02
  0.159347E+02
  0.156550E+02
  0.152928E+02
  0.148545E+02
  0.143543E+02
  0.137937E+02
  0.131507E+02
  0.124620E+02
  0.117375E+02
  0.109682E+02
  0.101770E+02
  0.933717E+01
  0.846563E+01
  0.758617E+01
  0.666231E+01
  0.574454E+01
  0.483981E+01
  0.392187E+01
  0.300574E+01
  0.213192E+01
  0.130378E+01
  0.459545E+00
 -0.363754E+00
 -0.114943E+01
 -0.197153E+01
 -0.279036E+01
 -0.358762E+01
 -0.442885E+01
 -0.531023E+01
 -0.619595E+01
 -0.712310E+01
 -0.811495E+01
 -0.912513E+01
 -0.101676E+02
 -0.112483E+02
 -0.123232E+02
 -0.134476E+02
 -0.146043E+02
 -0.157226E+02
 -0.168651E+02
 -0.180266E+02
 -0.190935E+02
 -0.200988E+02
 -0.211011E+02
 -0.220103E+02
 -0.228579E+02
 -0.236848E+02
 -0.243865E+02
 -0.250238E+02
 -0.255934E+02
 -0.260384E+02
 -0.264411E+02
 -0.267117E+02
 -0.268996E+02
 -0.270506E+02
 -0.270612E+02
 -0.270140E+02
 -0.268696E+02
 -0.266191E+02
 -0.263181E+02
 -0.259347E+02
 -0.255070E+02
 -0.250187E+02
 -0.244889E+02
 -0.239071E+02
 -0.232321E+02
 -0.225399E+02
 -0.218094E+02
 -0.210171E+02
 -0.202114E+02
 -0.193364E+02
 -0.184183E+02
 -0.174894E+02
 -0.165074E+02
 -0.155098E+02
 -0.145007E+02
 -0.134638E+02
 -0.124097E+02
 -0.113660E+02
 -0.103227E+02
 -0.926119E+01
 -0.821995E+01
 -0.718991E+01
 -0.616773E+01
 -0.517314E+01
 -0.418703E+01
 -0.323479E+01
 -0.233919E+01
 -0.149027E+01
 -0.733805E+00
 -0.518951E-01
  0.594481E+00
  0.113819E+01
  0.159676E+01
  0.195647E+01
  0.217072E+01
  0.226954E+01
  0.223978E+01
  0.206546E+01
  0.176463E+01
  0.135449E+01
  0.833055E+00
  0.211739E+00
 -0.499769E+00
 -0.132191E+01
 -0.219206E+01
 -0.310351E+01
 -0.404911E+01
 -0.497578E+01
 -0.595453E+01
 -0.696005E+01
 -0.796890E+01
 -0.901715E+01
 -0.100333E+02
 -0.110874E+02
 -0.121791E+02
 -0.132381E+02
 -0.143302E+02
 -0.154346E+02
 -0.165401E+02
 -0.176514E+02
 -0.187167E+02
 -0.197641E+02
 -0.208254E+02
 -0.218679E+02
 -0.228788E+02
 -0.238993E+02
 -0.249553E+02
 -0.259807E+02
 -0.269919E+02
 -0.280407E+02
 -0.290538E+02
 -0.300715E+02
 -0.311307E+02
 -0.321898E+02
 -0.332785E+02
 -0.343560E+02
 -0.354182E+02
 -0.364699E+02
 -0.374922E+02
 -0.385118E+02
 -0.394752E+02
 -0.404002E+02
 -0.413068E+02
 -0.421118E+02
 -0.428827E+02
 -0.436108E+02
 -0.442365E+02
 -0.448448E+02
 -0.454249E+02
 -0.459278E+02
 -0.463864E+02
 -0.467848E+02
 -0.471218E+02
 -0.474227E+02
 -0.476929E+02
 -0.479343E+02
 -0.481237E+02
 -0.482402E+02
 -0.483121E+02
 -0.483266E+02
 -0.482908E+02
 -0.482270E+02
 -0.480760E+02
 -0.478419E+02
 -0.475887E+02
 -0.472573E+02
 -0.468088E+02
 -0.462989E+02
 -0.457487E+02
 -0.450980E+02
 -0.443562E+02
 -0.435593E+02
 -0.426940E+02
 -0.417612E+02
 -0.407667E+02
 -0.397158E+02
 -0.386238E+02
 -0.375021E+02
 -0.363538E+02
 -0.352029E+02
 -0.340515E+02
 -0.328695E+02
 -0.317017E+02
 -0.305617E+02
 -0.294501E+02
 -0.283946E+02
 -0.274175E+02
 -0.265193E+02
 -0.256932E+02
 -0.249684E+02
 -0.243099E+02
 -0.237257E+02
 -0.232572E+02
 -0.228403E+02
 -0.224877E+02
 -0.222016E+02
 -0.219611E+02
 -0.218048E+02
 -0.216882E+02
 -0.216098E+02
 -0.216124E+02
 -0.216321E+02
 -0.216711E+02
 -0.217541E+02
 -0.218242E+02
 -0.218999E+02
 -0.219931E+02
 -0.220918E+02
 -0.221925E+02
 -0.222698E+02
 -0.223619E+02
 -0.224523E+02
 -0.225384E+02
 -0.226407E+02
 -0.227197E+02
 -0.228163E+02
 -0.229432E+02
 -0.230853E+02
 -0.232728E+02
 -0.234910E+02
 -0.237485E+02
 -0.240599E+02
 -0.243982E+02
 -0.247981E+02
 -0.252563E+02
 -0.257319E+02
 -0.262510E+02
 -0.267928E+02
 -0.273551E+02
 -0.279258E+02
 -0.284767E+02
 -0.290088E+02
 -0.295158E+02
 -0.300147E+02
 -0.304845E+02
 -0.309180E+02
 -0.313214E+02
 -0.316599E+02
 -0.319456E+02
 -0.321795E+02
 -0.323325E+02
 -0.324401E+02
 -0.324935E+02
 -0.324434E+02
 -0.323511E+02
 -0.322005E+02
 -0.319673E+02
 -0.317045E+02
 -0.314010E+02
 -0.310657E+02
 -0.307200E+02
 -0.303555E+02
 -0.299978E+02
 -0.296604E+02
 -0.293231E+02
 -0.290101E+02
 -0.287281E+02
 -0.284407E+02
 -0.281545E+02
 -0.278728E+02
 -0.275949E+02
 -0.273086E+02
 -0.269917E+02
 -0.266430E+02
 -0.262863E+02
 -0.259044E+02
 -0.254876E+02
 -0.250832E+02
 -0.246598E+02
 -0.241681E+02
 -0.236588E+02
 -0.231434E+02
 -0.225643E+02
 -0.219546E+02
 -0.213146E+02
 -0.206166E+02
 -0.199146E+02
 -0.191668E+02
 -0.183855E+02
 -0.175969E+02
 -0.167550E+02
 -0.159395E+02
 -0.151486E+02
 -0.143493E+02
 -0.135881E+02
 -0.128277E+02
 -0.121119E+02
 -0.114711E+02
 -0.108397E+02
 -0.102847E+02
 -0.982608E+01
 -0.940735E+01
 -0.903073E+01
 -0.873454E+01
 -0.851195E+01
 -0.828703E+01
 -0.810897E+01
 -0.798254E+01
 -0.784570E+01
 -0.774525E+01
 -0.762805E+01
 -0.747889E+01
 -0.734083E+01
 -0.715505E+01
 -0.692005E+01
 -0.665926E+01
 -0.634721E+01
 -0.598122E+01
 -0.552634E+01
 -0.501532E+01
 -0.448111E+01
 -0.385713E+01
 -0.319483E+01
 -0.251092E+01
 -0.174534E+01
 -0.940050E+00
 -0.955486E-01
  0.796900E+00
  0.173253E+01
  0.271433E+01
  0.372719E+01
  0.478963E+01
  0.591037E+01
  0.704670E+01
  0.821181E+01
  0.940148E+01
  0.105925E+02
  0.118107E+02
  0.130433E+02
  0.142838E+02
  0.155338E+02
  0.167790E+02
  0.180304E+02
  0.192661E+02
  0.205010E+02
  0.217237E+02
  0.229381E+02
  0.241545E+02
  0.253280E+02
  0.264799E+02
  0.276427E+02
  0.287695E+02
  0.298578E+02
  0.309212E+02
  0.319470E+02
  0.329157E+02
  0.338538E+02
  0.347658E+02
  0.356257E+02
  0.364656E+02
  0.372787E+02
  0.380323E+02
  0.387739E+02
  0.394848E+02
  0.401637E+02
  0.408117E+02
  0.414425E+02
  0.420765E+02
  0.426924E+02
  0.433064E+02
  0.439281E+02
  0.445295E+02
  0.451348E+02
  0.457187E+02
  0.463146E+02
  0.469313E+02
  0.475251E+02
  0.481335E+02
  0.487461E+02
  0.493561E+02
  0.499870E+02
  0.506360E+02
  0.513421E+02
  0.520587E+02
  0.528331E+02
  0.536729E+02
  0.545061E+02
  0.553597E+02
  0.562309E+02
  0.570860E+02
  0.579196E+02
  0.587294E+02
  0.595140E+02
  0.602073E+02
  0.608351E+02
  0.613906E+02
  0.618569E+02
  0.622479E+02
  0.625356E+02
  0.627403E+02
  0.628495E+02
  0.628376E+02
  0.627441E+02
  0.625347E+02
  0.622364E+02
  0.618207E+02
  0.612914E+02
  0.606800E+02
  0.599444E+02
  0.591227E+02
  0.582309E+02
  0.572510E+02
  0.562457E+02
  0.551773E+02
  0.540420E+02
  0.528728E+02
  0.516865E+02
  0.504907E+02
  0.492732E+02
  0.480549E+02
  0.468291E+02
  0.455874E+02
  0.443831E+02
  0.431703E+02
  0.419567E+02
  0.407895E+02
  0.396384E+02
  0.384906E+02
  0.374082E+02
  0.363581E+02
  0.353230E+02
  0.343824E+02
  0.334682E+02
  0.325297E+02
  0.316663E+02
  0.308259E+02
  0.299623E+02
  0.291229E+02
  0.282911E+02
  0.274571E+02
  0.266378E+02
  0.258082E+02
  0.249793E+02
  0.241490E+02
  0.233339E+02
  0.225405E+02
  0.217265E+02
  0.209255E+02
  0.201241E+02
  0.192620E+02
  0.184305E+02
  0.175723E+02
  0.166518E+02
  0.157413E+02
  0.147712E+02
  0.137825E+02
  0.127866E+02
  0.117139E+02
  0.105970E+02
  0.943731E+01
  0.825967E+01
  0.703321E+01
  0.576369E+01
  0.452312E+01
  0.327761E+01
  0.199620E+01
  0.719870E+00
 -0.558340E+00
 -0.183393E+01
 -0.307757E+01
 -0.428407E+01
 -0.542983E+01
 -0.656608E+01
 -0.769003E+01
 -0.874534E+01
 -0.981925E+01
 -0.108601E+02
 -0.118258E+02
 -0.127884E+02
 -0.136803E+02
 -0.145205E+02
 -0.153554E+02
 -0.161301E+02
 -0.168498E+02
 -0.175593E+02
 -0.182480E+02
 -0.188603E+02
 -0.194286E+02
 -0.199825E+02
 -0.204917E+02
 -0.209806E+02
 -0.214812E+02
 -0.219652E+02
 -0.224227E+02
 -0.228971E+02
 -0.233947E+02
 -0.239085E+02
 -0.244677E+02
 -0.250637E+02
 -0.256411E+02
 -0.262520E+02
 -0.269093E+02
 -0.275713E+02
 -0.283024E+02
 -0.290729E+02
 -0.298496E+02
 -0.306773E+02
 -0.315436E+02
 -0.324470E+02
 -0.333872E+02
 -0.343689E+02
 -0.353948E+02
 -0.364678E+02
 -0.375827E+02
 -0.387355E+02
 -0.399505E+02
 -0.411936E+02
 -0.424754E+02
 -0.438368E+02
 -0.451908E+02
 -0.465794E+02
 -0.480094E+02
 -0.494110E+02
 -0.508326E+02
 -0.522344E+02
 -0.536166E+02
 -0.549616E+02
 -0.562357E+02
 -0.575120E+02
 -0.586944E+02
 -0.597935E+02
 -0.608491E+02
 -0.618270E+02
 -0.627551E+02
 -0.635776E+02
 -0.643188E+02
 -0.650034E+02
 -0.655858E+02
 -0.661042E+02
 -0.665459E+02
 -0.669038E+02
 -0.671720E+02
 -0.674142E+02
 -0.676348E+02
 -0.678092E+02
 -0.680050E+02
 -0.681634E+02
 -0.682965E+02
 -0.684761E+02
 -0.686184E+02
 -0.687576E+02
 -0.689052E+02
 -0.690329E+02
 -0.691535E+02
 -0.692591E+02
 -0.693492E+02
 -0.694007E+02
 -0.694156E+02
 -0.693977E+02
 -0.693330E+02
 -0.692451E+02
 -0.690820E+02
 -0.688597E+02
 -0.685842E+02
 -0.682380E+02
 -0.678383E+02
 -0.673532E+02
 -0.667945E+02
 -0.661693E+02
 -0.654524E+02
 -0.646734E+02
 -0.638318E+02
 -0.629226E+02
 -0.619499E+02
 -0.609515E+02
 -0.599113E+02
 -0.588289E+02
 -0.577554E+02
 -0.566747E+02
 -0.555990E+02
 -0.545772E+02
 -0.535829E+02
 -0.526471E+02
 -0.518066E+02
 -0.510375E+02
 -0.503602E+02
 -0.498112E+02
 -0.493657E+02
 -0.490160E+02
 -0.487705E+02
 -0.486081E+02
 -0.485134E+02
 -0.484907E+02
 -0.485226E+02
 -0.486283E+02
 -0.488050E+02
 -0.490230E+02
 -0.492734E+02
 -0.495640E+02
 -0.498816E+02
 -0.502084E+02
 -0.505551E+02
 -0.509229E+02
 -0.513265E+02
 -0.517589E+02
 -0.521658E+02
 -0.525780E+02
 -0.530078E+02
 -0.534700E+02
 -0.539970E+02
 -0.545455E+02
 -0.551001E+02
 -0.556689E+02
 -0.562230E+02
 -0.567951E+02
 -0.573719E+02
 -0.579464E+02
 -0.585430E+02
 -0.591225E+02
 -0.596726E+02
 -0.601978E+02
 -0.606904E+02
 -0.611780E+02
 -0.616460E+02
 -0.620899E+02
 -0.625208E+02
 -0.629224E+02
 -0.632691E+02
 -0.635726E+02
 -0.638447E+02
 -0.640912E+02
 -0.643085E+02
 -0.645143E+02
 -0.646907E+02
 -0.648312E+02
 -0.649727E+02
 -0.650956E+02
 -0.651999E+02
 -0.653138E+02
 -0.654100E+02
 -0.655229E+02
 -0.656549E+02
 -0.657912E+02
 -0.659162E+02
 -0.660089E+02
 -0.660971E+02
 -0.661870E+02
 -0.662502E+02
 -0.662953E+02
 -0.663158E+02
 -0.663022E+02
 -0.662467E+02
 -0.661440E+02
 -0.659996E+02
 -0.658062E+02
 -0.655521E+02
 -0.652477E+02
 -0.648619E+02
 -0.644199E+02
 -0.639156E+02
 -0.633182E+02
 -0.626662E+02
 -0.619593E+02
 -0.611758E+02
 -0.603326E+02
 -0.594189E+02
 -0.584228E+02
 -0.573476E+02
 -0.562282E+02
 -0.550495E+02
 -0.538041E+02
 -0.525299E+02
 -0.512213E+02
 -0.498654E+02
 -0.484709E+02
 -0.470470E+02
 -0.456101E+02
 -0.441554E+02
 -0.427063E+02
 -0.412552E+02
 -0.397805E+02
 -0.383058E+02
 -0.368328E+02
 -0.353361E+02
 -0.338416E+02
 -0.323605E+02
 -0.308776E+02
 -0.294091E+02
 -0.279667E+02
 -0.265436E+02
 -0.251425E+02
 -0.237853E+02
 -0.224974E+02
 -0.212741E+02
 -0.201017E+02
 -0.189904E+02
 -0.179476E+02
 -0.169514E+02
 -0.160057E+02
 -0.151347E+02
 -0.143296E+02
 -0.135777E+02
 -0.128796E+02
 -0.122237E+02
 -0.116113E+02
 -0.110495E+02
 -0.105350E+02
 -0.100765E+02
 -0.966203E+01
 -0.929337E+01
 -0.896138E+01
 -0.864382E+01
 -0.838062E+01
 -0.818731E+01
 -0.806091E+01
 -0.799677E+01
 -0.795201E+01
 -0.794797E+01
 -0.801833E+01
 -0.815918E+01
 -0.834426E+01
 -0.856456E+01
 -0.883849E+01
 -0.915280E+01
 -0.951046E+01
 -0.989858E+01
 -0.102991E+02
 -0.107240E+02
 -0.111708E+02
 -0.116709E+02
 -0.121866E+02
 -0.126945E+02
 -0.132370E+02
 -0.137806E+02
 -0.143256E+02
 -0.149072E+02
 -0.155195E+02
 -0.161483E+02
 -0.168291E+02
 -0.175706E+02
 -0.183236E+02
 -0.191303E+02
 -0.199915E+02
 -0.208678E+02
 -0.217906E+02
 -0.227577E+02
 -0.237383E+02
 -0.247242E+02
 -0.257181E+02
 -0.267002E+02
 -0.277045E+02
 -0.287421E+02
 -0.297412E+02
 -0.307263E+02
 -0.317061E+02
 -0.326378E+02
 -0.335384E+02
 -0.343976E+02
 -0.352125E+02
 -0.359736E+02
 -0.366874E+02
 -0.373526E+02
 -0.379370E+02
 -0.384721E+02
 -0.389611E+02
 -0.393714E+02
 -0.396994E+02
 -0.399371E+02
 -0.400991E+02
 -0.401852E+02
 -0.401937E+02
 -0.401165E+02
 -0.399521E+02
 -0.397068E+02
 -0.393765E+02
 -0.389781E+02
 -0.385265E+02
 -0.380041E+02
 -0.374097E+02
 -0.367337E+02
 -0.359758E+02
 -0.351427E+02
 -0.342343E+02
 -0.332391E+02
 -0.321363E+02
 -0.309593E+02
 -0.297017E+02
 -0.283227E+02
 -0.268359E+02
 -0.252209E+02
 -0.234924E+02
 -0.216670E+02
 -0.197307E+02
 -0.177059E+02
 -0.155831E+02
 -0.133639E+02
 -0.110711E+02
 -0.870597E+01
 -0.629678E+01
 -0.385107E+01
 -0.137076E+01
  0.112985E+01
  0.364784E+01
  0.614838E+01
  0.864049E+01
  0.110979E+02
  0.134863E+02
  0.158211E+02
  0.180983E+02
  0.203277E+02
  0.224931E+02
  0.245613E+02
  0.265398E+02
  0.284165E+02
  0.301979E+02
  0.318844E+02
  0.334661E+02
  0.349359E+02
  0.362997E+02
  0.375365E+02
  0.386341E+02
  0.395885E+02
  0.404313E+02
  0.411653E+02
  0.417730E+02
  0.422468E+02
  0.425517E+02
  0.427207E+02
  0.427626E+02
  0.425970E+02
  0.422827E+02
  0.418031E+02
  0.411213E+02
  0.402719E+02
  0.392108E+02
  0.379434E+02
  0.365012E+02
  0.348427E+02
  0.330019E+02
  0.309836E+02
  0.287679E+02
  0.263641E+02
  0.237742E+02
  0.210283E+02
  0.181747E+02
  0.152194E+02
  0.121663E+02
  0.904422E+01
  0.586941E+01
  0.265566E+01
 -0.563427E+00
 -0.379435E+01
 -0.699865E+01
 -0.101558E+02
 -0.132876E+02
 -0.163567E+02
 -0.193695E+02
 -0.223289E+02
 -0.251989E+02
 -0.280001E+02
 -0.307213E+02
 -0.333548E+02
 -0.358929E+02
 -0.383258E+02
 -0.406627E+02
 -0.428771E+02
 -0.450005E+02
 -0.469797E+02
 -0.488034E+02
 -0.505277E+02
 -0.521274E+02
 -0.536360E+02
 -0.550297E+02
 -0.563136E+02
 -0.575221E+02
 -0.585776E+02
 -0.595369E+02
 -0.604160E+02
 -0.611539E+02
 -0.617754E+02
 -0.623132E+02
 -0.627254E+02
 -0.630089E+02
 -0.632089E+02
 -0.632852E+02
 -0.632285E+02
 -0.630928E+02
 -0.628553E+02
 -0.625004E+02
 -0.620257E+02
 -0.614321E+02
 -0.607138E+02
 -0.598965E+02
 -0.589927E+02
 -0.579920E+02
 -0.568853E+02
 -0.556861E+02
 -0.543878E+02
 -0.529731E+02
 -0.514845E+02
 -0.499437E+02
 -0.483265E+02
 -0.466384E+02
 -0.449031E+02
 -0.431192E+02
 -0.412453E+02
 -0.393597E+02
 -0.374846E+02
 -0.355651E+02
 -0.336569E+02
 -0.317746E+02
 -0.298814E+02
 -0.279796E+02
 -0.261234E+02
 -0.243366E+02
 -0.225490E+02
 -0.208087E+02
 -0.191475E+02
 -0.174824E+02
 -0.158546E+02
 -0.142923E+02
 -0.127729E+02
 -0.113151E+02
 -0.990190E+01
 -0.854421E+01
 -0.723605E+01
 -0.596781E+01
 -0.477430E+01
 -0.365097E+01
 -0.260918E+01
 -0.163775E+01
 -0.740377E+00
  0.764313E-01
  0.844755E+00
  0.152965E+01
  0.212977E+01
  0.266852E+01
  0.311630E+01
  0.348690E+01
  0.378548E+01
  0.402400E+01
  0.417343E+01
  0.423215E+01
  0.425086E+01
  0.416124E+01
  0.396079E+01
  0.367664E+01
  0.325036E+01
  0.273656E+01
  0.213799E+01
  0.140164E+01
  0.556684E+00
 -0.399485E+00
 -0.148341E+01
 -0.266878E+01
 -0.396832E+01
 -0.535482E+01
 -0.679602E+01
 -0.834073E+01
 -0.996851E+01
 -0.116766E+02
 -0.134990E+02
 -0.153865E+02
 -0.173394E+02
 -0.193630E+02
 -0.214449E+02
 -0.235965E+02
 -0.258345E+02
 -0.281462E+02
 -0.304707E+02
 -0.328200E+02
 -0.352029E+02
 -0.376070E+02
 -0.400250E+02
 -0.423981E+02
 -0.447405E+02
 -0.470989E+02
 -0.494056E+02
 -0.516402E+02
 -0.538121E+02
 -0.558824E+02
 -0.578645E+02
 -0.597680E+02
 -0.615778E+02
 -0.632948E+02
 -0.648923E+02
 -0.663875E+02
 -0.677536E+02
 -0.689868E+02
 -0.701129E+02
 -0.711025E+02
 -0.719692E+02
 -0.727118E+02
 -0.733006E+02
 -0.737765E+02
 -0.741054E+02
 -0.742672E+02
 -0.742770E+02
 -0.741545E+02
 -0.739032E+02
 -0.734991E+02
 -0.729641E+02
 -0.723038E+02
 -0.714937E+02
 -0.705459E+02
 -0.694764E+02
 -0.683376E+02
 -0.670884E+02
 -0.657132E+02
 -0.642607E+02
 -0.627183E+02
 -0.610862E+02
 -0.594009E+02
 -0.576707E+02
 -0.558978E+02
 -0.540816E+02
 -0.522400E+02
 -0.503687E+02
 -0.484626E+02
 -0.465333E+02
 -0.446178E+02
 -0.427185E+02
 -0.408104E+02
 -0.389272E+02
 -0.370588E+02
 -0.351820E+02
 -0.333608E+02
 -0.316056E+02
 -0.299233E+02
 -0.283111E+02
 -0.267672E+02
 -0.253100E+02
 -0.239042E+02
 -0.225946E+02
 -0.213839E+02
 -0.202218E+02
 -0.191816E+02
 -0.182326E+02
 -0.173457E+02
 -0.165517E+02
 -0.158092E+02
 -0.151521E+02
 -0.145567E+02
 -0.140005E+02
 -0.135334E+02
 -0.131261E+02
 -0.127757E+02
 -0.124654E+02
 -0.121906E+02
 -0.119959E+02
 -0.118489E+02
 -0.117507E+02
 -0.117229E+02
 -0.117481E+02
 -0.118448E+02
 -0.120385E+02
 -0.123137E+02
 -0.126274E+02
 -0.130088E+02
 -0.134826E+02
 -0.139905E+02
 -0.145585E+02
 -0.151960E+02
 -0.158754E+02
 -0.165884E+02
 -0.173119E+02
 -0.180883E+02
 -0.188768E+02
 -0.196530E+02
 -0.204967E+02
 -0.213815E+02
 -0.222504E+02
 -0.231259E+02
 -0.240368E+02
 -0.249269E+02
 -0.258069E+02
 -0.267210E+02
 -0.276513E+02
 -0.285985E+02
 -0.295369E+02
 -0.304729E+02
 -0.313810E+02
 -0.322504E+02
 -0.331021E+02
 -0.339362E+02
 -0.347750E+02
 -0.355587E+02
 -0.363013E+02
 -0.370715E+02
 -0.377689E+02
 -0.384294E+02
 -0.391362E+02
 -0.397898E+02
 -0.404199E+02
 -0.410932E+02
 -0.417337E+02
 -0.423523E+02
 -0.430175E+02
 -0.436580E+02
 -0.442455E+02
 -0.449014E+02
 -0.455417E+02
 -0.461331E+02
 -0.467790E+02
 -0.474038E+02
 -0.479994E+02
 -0.486141E+02
 -0.491974E+02
 -0.497675E+02
 -0.503360E+02
 -0.508802E+02
 -0.514020E+02
 -0.518821E+02
 -0.523435E+02
 -0.527979E+02
 -0.531562E+02
 -0.534632E+02
 -0.537469E+02
 -0.539320E+02
 -0.540423E+02
 -0.540957E+02
 -0.540553E+02
 -0.539474E+02
 -0.537698E+02
 -0.534894E+02
 -0.531585E+02
 -0.527823E+02
 -0.523047E+02
 -0.517933E+02
 -0.512427E+02
 -0.506051E+02
 -0.499267E+02
 -0.492253E+02
 -0.484502E+02
 -0.476457E+02
 -0.468874E+02
 -0.460843E+02
 -0.452487E+02
 -0.444825E+02
 -0.436789E+02
 -0.428487E+02
 -0.420758E+02
 -0.413345E+02
 -0.406258E+02
 -0.399258E+02
 -0.392639E+02
 -0.386611E+02
 -0.380374E+02
 -0.374671E+02
 -0.369814E+02
 -0.364869E+02
 -0.360237E+02
 -0.356213E+02
 -0.352258E+02
 -0.348461E+02
 -0.345281E+02
 -0.342566E+02
 -0.340060E+02
 -0.338080E+02
 -0.336205E+02
 -0.334100E+02
 -0.332033E+02
 -0.330194E+02
 -0.328438E+02
 -0.326473E+02
 -0.324572E+02
 -0.322709E+02
 -0.320823E+02
 -0.318849E+02
 -0.316515E+02
 -0.314179E+02
 -0.311805E+02
 -0.309443E+02
 -0.307170E+02
 -0.304975E+02
 -0.302678E+02
 -0.300002E+02
 -0.297176E+02
 -0.294105E+02
 -0.290921E+02
 -0.287866E+02
 -0.284743E+02
 -0.281455E+02
 -0.278070E+02
 -0.274778E+02
 -0.271315E+02
 -0.267786E+02
 -0.264572E+02
 -0.261498E+02
 -0.258585E+02
 -0.255934E+02
 -0.253228E+02
 -0.250405E+02
 -0.247707E+02
 -0.245052E+02
 -0.242182E+02
 -0.239270E+02
 -0.236558E+02
 -0.233878E+02
 -0.231041E+02
 -0.228267E+02
 -0.225566E+02
 -0.222839E+02
 -0.220382E+02
 -0.217900E+02
 -0.215529E+02
 -0.213634E+02
 -0.211670E+02
 -0.209692E+02
 -0.207892E+02
 -0.206323E+02
 -0.204907E+02
 -0.203536E+02
 -0.202217E+02
 -0.200625E+02
 -0.199085E+02
 -0.197659E+02
 -0.195776E+02
 -0.193719E+02
 -0.191660E+02
 -0.189364E+02
 -0.186967E+02
 -0.184481E+02
 -0.181969E+02
 -0.179579E+02
 -0.177077E+02
 -0.174255E+02
 -0.171592E+02
 -0.169214E+02
 -0.166831E+02
 -0.164794E+02
 -0.162826E+02
 -0.160946E+02
 -0.159174E+02
 -0.156935E+02
 -0.154847E+02
 -0.153182E+02
 -0.151757E+02
 -0.150371E+02
 -0.149136E+02
 -0.148104E+02
 -0.146839E+02
 -0.146081E+02
 -0.145428E+02
 -0.144817E+02
 -0.145226E+02
 -0.145629E+02
 -0.146151E+02
 -0.146974E+02
 -0.147712E+02
 -0.148976E+02
 -0.150241E+02
 -0.151589E+02
 -0.153235E+02
 -0.154940E+02
 -0.157032E+02
 -0.158793E+02
 -0.160358E+02
 -0.162204E+02
 -0.163567E+02
 -0.164934E+02
 -0.166587E+02
 -0.167805E+02
 -0.169025E+02
 -0.170384E+02
 -0.171439E+02
 -0.172273E+02
 -0.173155E+02
 -0.174212E+02
 -0.175331E+02
 -0.176688E+02
 -0.178377E+02
 -0.180052E+02
 -0.181646E+02
 -0.183448E+02
 -0.185521E+02
 -0.188054E+02
 -0.191143E+02
 -0.194322E+02
 -0.197431E+02
 -0.200351E+02
 -0.203521E+02
 -0.207037E+02
 -0.210179E+02
 -0.213219E+02
 -0.216458E+02
 -0.219669E+02
 -0.222414E+02
 -0.224885E+02
 -0.227316E+02
 -0.229590E+02
 -0.232060E+02
 -0.234293E+02
 -0.236264E+02
 -0.238213E+02
 -0.239846E+02
 -0.241600E+02
 -0.243330E+02
 -0.245008E+02
 -0.247045E+02
 -0.249188E+02
 -0.250955E+02
 -0.252637E+02
 -0.254902E+02
 -0.257171E+02
 -0.259652E+02
 -0.262650E+02
 -0.265555E+02
 -0.268774E+02
 -0.272017E+02
 -0.275448E+02
 -0.279407E+02
 -0.283289E+02
 -0.287380E+02
 -0.291615E+02
 -0.295784E+02
 -0.299954E+02
 -0.303778E+02
 -0.307448E+02
 -0.310912E+02
 -0.314101E+02
 -0.317300E+02
 -0.320232E+02
 -0.322779E+02
 -0.324940E+02
 -0.326809E+02
 -0.328527E+02
 -0.329825E+02
 -0.331125E+02
 -0.332266E+02
 -0.333238E+02
 -0.334592E+02
 -0.335721E+02
 -0.336518E+02
 -0.337509E+02
 -0.338737E+02
 -0.340047E+02
 -0.341595E+02
 -0.343431E+02
 -0.345005E+02
 -0.346847E+02
 -0.349079E+02
 -0.351177E+02
 -0.353767E+02
 -0.356659E+02
 -0.359260E+02
 -0.361859E+02
 -0.364401E+02
 -0.366690E+02
 -0.368602E+02
 -0.370333E+02
 -0.371731E+02
 -0.372568E+02
 -0.373238E+02
 -0.373529E+02
 -0.373221E+02
 -0.372787E+02
 -0.372120E+02
 -0.371107E+02
 -0.369859E+02
 -0.368351E+02
 -0.366560E+02
 -0.364629E+02
 -0.362599E+02
 -0.360380E+02
 -0.358209E+02
 -0.356011E+02
 -0.353582E+02
 -0.351223E+02
 -0.348843E+02
 -0.346650E+02
 -0.344770E+02
 -0.343035E+02
 -0.341649E+02
 -0.340337E+02
 -0.339113E+02
 -0.338509E+02
 -0.338229E+02
 -0.337980E+02
 -0.338061E+02
 -0.338637E+02
 -0.339473E+02
 -0.340680E+02
 -0.342231E+02
 -0.343840E+02
 -0.345643E+02
 -0.347820E+02
 -0.350142E+02
 -0.352639E+02
 -0.355482E+02
 -0.358454E+02
 -0.361636E+02
 -0.365050E+02
 -0.368438E+02
 -0.371752E+02
 -0.375137E+02
 -0.378768E+02
 -0.382138E+02
 -0.385438E+02
 -0.388534E+02
 -0.391005E+02
 -0.393335E+02
 -0.395411E+02
 -0.397432E+02
 -0.399109E+02
 -0.400288E+02
 -0.401543E+02
 -0.402123E+02
 -0.402367E+02
 -0.402450E+02
 -0.402179E+02
 -0.402117E+02
 -0.402067E+02
 -0.401841E+02
 -0.401749E+02
 -0.401814E+02
 -0.401666E+02
 -0.401791E+02
 -0.402198E+02
 -0.402409E+02
 -0.402973E+02
 -0.403778E+02
 -0.404659E+02
 -0.405631E+02
 -0.406803E+02
 -0.408178E+02
 -0.409472E+02
 -0.410625E+02
 -0.411699E+02
 -0.412613E+02
 -0.413555E+02
 -0.414445E+02
 -0.414696E+02
 -0.414585E+02
 -0.414221E+02
 -0.413328E+02
 -0.412305E+02
 -0.410901E+02
 -0.409243E+02
 -0.407264E+02
 -0.404764E+02
 -0.402561E+02
 -0.400055E+02
 -0.397268E+02
 -0.395161E+02
 -0.392915E+02
 -0.390676E+02
 -0.388816E+02
 -0.387337E+02
 -0.386446E+02
 -0.386263E+02
 -0.387020E+02
 -0.388528E+02
 -0.390810E+02
 -0.393716E+02
 -0.397093E+02
 -0.401181E+02
 -0.405900E+02
 -0.411413E+02
 -0.417592E+02
 -0.424061E+02
 -0.430764E+02
 -0.437581E+02
 -0.444451E+02
 -0.451398E+02
 -0.458385E+02
 -0.465574E+02
 -0.472564E+02
 -0.479578E+02
 -0.486377E+02
 -0.492412E+02
 -0.498483E+02
 -0.504306E+02
 -0.509670E+02
 -0.514973E+02
 -0.519747E+02
 -0.524131E+02
 -0.528059E+02
 -0.531502E+02
 -0.534510E+02
 -0.536998E+02
 -0.539285E+02
 -0.541426E+02
 -0.543235E+02
 -0.544703E+02
 -0.545773E+02
 -0.546533E+02
 -0.546942E+02
 -0.547168E+02
 -0.547176E+02
 -0.546930E+02
 -0.546546E+02
 -0.545807E+02
 -0.544559E+02
 -0.542957E+02
 -0.540921E+02
 -0.538502E+02
 -0.535838E+02
 -0.532811E+02
 -0.529194E+02
 -0.525120E+02
 -0.520595E+02
 -0.515554E+02
 -0.510000E+02
 -0.504175E+02
 -0.498019E+02
 -0.491488E+02
 -0.484936E+02
 -0.478140E+02
 -0.470828E+02
 -0.463364E+02
 -0.455459E+02
 -0.447096E+02
 -0.438693E+02
 -0.430052E+02
 -0.420934E+02
 -0.411281E+02
 -0.401054E+02
 -0.390313E+02
 -0.379143E+02
 -0.367487E+02
 -0.355214E+02
 -0.342481E+02
 -0.329176E+02
 -0.315457E+02
 -0.301167E+02
 -0.286160E+02
 -0.270883E+02
 -0.255332E+02
 -0.239558E+02
 -0.223842E+02
 -0.208144E+02
 -0.192300E+02
 -0.176618E+02
 -0.161081E+02
 -0.145433E+02
 -0.130323E+02
 -0.115530E+02
 -0.100513E+02
 -0.857465E+01
 -0.711944E+01
 -0.567430E+01
 -0.424342E+01
 -0.282368E+01
 -0.143298E+01
 -0.579205E-01
  0.130733E+01
  0.262050E+01
  0.390923E+01
  0.518787E+01
  0.639518E+01
  0.757220E+01
  0.870503E+01
  0.974707E+01
  0.107638E+02
  0.116824E+02
  0.125027E+02
  0.132510E+02
  0.138851E+02
  0.144376E+02
  0.148736E+02
  0.151707E+02
  0.153316E+02
  0.153508E+02
  0.152528E+02
  0.150371E+02
  0.147172E+02
  0.142725E+02
  0.137301E+02
  0.130689E+02
  0.122753E+02
  0.114027E+02
  0.104176E+02
  0.934928E+01
  0.823084E+01
  0.701737E+01
  0.573472E+01
  0.434988E+01
  0.287848E+01
  0.139184E+01
 -0.148540E+00
 -0.174522E+01
 -0.338565E+01
 -0.508948E+01
 -0.682837E+01
 -0.862835E+01
 -0.104764E+02
 -0.123378E+02
 -0.142183E+02
 -0.160857E+02
 -0.179628E+02
 -0.198566E+02
 -0.217455E+02
 -0.236264E+02
 -0.254680E+02
 -0.272679E+02
 -0.290233E+02
 -0.307233E+02
 -0.323640E+02
 -0.339588E+02
 -0.355159E+02
 -0.369884E+02
 -0.383709E+02
 -0.396743E+02
 -0.408908E+02
 -0.420200E+02
 -0.430418E+02
 -0.439633E+02
 -0.448004E+02
 -0.455216E+02
 -0.461320E+02
 -0.466283E+02
 -0.469934E+02
 -0.472573E+02
 -0.474523E+02
 -0.475170E+02
 -0.474749E+02
 -0.473926E+02
 -0.471751E+02
 -0.468341E+02
 -0.464440E+02
 -0.459553E+02
 -0.454096E+02
 -0.448122E+02
 -0.441425E+02
 -0.434364E+02
 -0.426674E+02
 -0.418378E+02
 -0.409831E+02
 -0.401009E+02
 -0.391981E+02
 -0.382922E+02
 -0.373948E+02
 -0.364914E+02
 -0.355967E+02
 -0.347085E+02
 -0.338483E+02
 -0.330218E+02
 -0.321858E+02
 -0.314141E+02
 -0.307014E+02
 -0.299821E+02
 -0.293409E+02
 -0.287465E+02
 -0.281475E+02
 -0.276140E+02
 -0.271140E+02
 -0.266167E+02
 -0.261736E+02
 -0.257674E+02
 -0.253952E+02
 -0.250515E+02
 -0.247046E+02
 -0.243977E+02
 -0.240945E+02
 -0.237789E+02
 -0.235179E+02
 -0.232604E+02
 -0.230132E+02
 -0.227790E+02
 -0.225490E+02
 -0.223454E+02
 -0.221066E+02
 -0.219019E+02
 -0.217263E+02
 -0.215023E+02
 -0.212726E+02
 -0.210251E+02
 -0.207901E+02
 -0.205352E+02
 -0.202678E+02
 -0.200551E+02
 -0.198182E+02
 -0.195899E+02
 -0.194066E+02
 -0.192153E+02
 -0.190241E+02
 -0.188586E+02
 -0.187313E+02
 -0.186294E+02
 -0.185590E+02
 -0.185301E+02
 -0.185388E+02
 -0.185936E+02
 -0.187021E+02
 -0.188458E+02
 -0.190469E+02
 -0.193130E+02
 -0.196190E+02
 -0.199932E+02
 -0.204155E+02
 -0.208969E+02
 -0.214493E+02
 -0.220439E+02
 -0.226875E+02
 -0.233698E+02
 -0.241222E+02
 -0.249124E+02
 -0.256986E+02
 -0.265344E+02
 -0.274156E+02
 -0.283081E+02
 -0.292185E+02
 -0.301415E+02
 -0.310709E+02
 -0.320108E+02
 -0.329465E+02
 -0.338741E+02
 -0.347780E+02
 -0.356413E+02
 -0.364980E+02
 -0.373503E+02
 -0.381908E+02
 -0.389933E+02
 -0.397556E+02
 -0.404905E+02
 -0.411682E+02
 -0.418061E+02
 -0.423992E+02
 -0.429301E+02
 -0.434326E+02
 -0.438645E+02
 -0.442303E+02
 -0.445610E+02
 -0.448093E+02
 -0.449986E+02
 -0.451360E+02
 -0.451626E+02
 -0.451337E+02
 -0.450478E+02
 -0.448828E+02
 -0.446635E+02
 -0.443903E+02
 -0.440831E+02
 -0.437175E+02
 -0.433152E+02
 -0.428809E+02
 -0.423893E+02
 -0.419196E+02
 -0.414425E+02
 -0.409612E+02
 -0.405093E+02
 -0.400578E+02
 -0.396152E+02
 -0.391739E+02
 -0.387574E+02
 -0.383713E+02
 -0.379999E+02
 -0.376608E+02
 -0.373068E+02
 -0.369645E+02
 -0.366671E+02
 -0.363460E+02
 -0.360255E+02
 -0.357341E+02
 -0.354406E+02
 -0.351390E+02
 -0.348130E+02
 -0.345120E+02
 -0.342150E+02
 -0.339032E+02
 -0.336231E+02
 -0.333169E+02
 -0.330070E+02
 -0.327154E+02
 -0.323739E+02
 -0.320322E+02
 -0.317076E+02
 -0.313687E+02
 -0.310369E+02
 -0.307162E+02
 -0.303942E+02
 -0.300667E+02
 -0.297518E+02
 -0.294570E+02
 -0.291777E+02
 -0.289385E+02
 -0.287285E+02
 -0.285327E+02
 -0.283599E+02
 -0.282477E+02
 -0.282120E+02
 -0.282096E+02
 -0.282254E+02
 -0.282790E+02
 -0.283674E+02
 -0.284689E+02
 -0.286010E+02
 -0.287553E+02
 -0.289026E+02
 -0.290799E+02
 -0.292447E+02
 -0.293825E+02
 -0.295375E+02
 -0.296335E+02
 -0.296765E+02
 -0.297166E+02
 -0.297020E+02
 -0.296910E+02
 -0.296753E+02
 -0.295925E+02
 -0.295140E+02
 -0.293952E+02
 -0.292352E+02
 -0.291039E+02
 -0.289487E+02
 -0.288082E+02
 -0.286600E+02
 -0.284789E+02
 -0.283420E+02
 -0.281976E+02
 -0.280511E+02
 -0.279579E+02
 -0.278855E+02
 -0.278530E+02
 -0.278562E+02
 -0.278750E+02
 -0.279314E+02
 -0.280189E+02
 -0.281598E+02
 -0.283661E+02
 -0.286271E+02
 -0.289278E+02
 -0.292411E+02
 -0.296088E+02
 -0.300000E+02
 -0.303988E+02
 -0.308430E+02
 -0.313042E+02
 -0.317657E+02
 -0.322414E+02
 -0.327531E+02
 -0.332450E+02
 -0.337181E+02
 -0.342490E+02
 -0.347925E+02
 -0.353319E+02
 -0.358719E+02
 -0.364192E+02
 -0.369995E+02
 -0.375594E+02
 -0.381277E+02
 -0.387363E+02
 -0.393220E+02
 -0.399259E+02
 -0.405335E+02
 -0.411173E+02
 -0.417147E+02
 -0.423017E+02
 -0.428603E+02
 -0.434139E+02
 -0.439721E+02
 -0.445043E+02
 -0.450011E+02
 -0.454822E+02
 -0.459114E+02
 -0.463117E+02
 -0.467187E+02
 -0.471067E+02
 -0.474739E+02
 -0.478209E+02
 -0.481309E+02
 -0.484068E+02
 -0.486610E+02
 -0.488794E+02
 -0.490828E+02
 -0.493082E+02
 -0.494471E+02
 -0.495286E+02
 -0.496108E+02
 -0.496299E+02
 -0.496357E+02
 -0.496235E+02
 -0.495601E+02
 -0.494635E+02
 -0.493154E+02
 -0.491540E+02
 -0.489599E+02
 -0.487200E+02
 -0.484699E+02
 -0.482014E+02
 -0.479020E+02
 -0.475851E+02
 -0.472530E+02
 -0.469022E+02
 -0.465450E+02
 -0.461786E+02
 -0.458021E+02
 -0.454314E+02
 -0.450425E+02
 -0.446314E+02
 -0.442062E+02
 -0.437670E+02
 -0.433058E+02
 -0.428503E+02
 -0.423876E+02
 -0.418936E+02
 -0.414198E+02
 -0.409146E+02
 -0.403609E+02
 -0.398339E+02
 -0.392641E+02
 -0.386624E+02
 -0.380741E+02
 -0.374436E+02
 -0.367915E+02
 -0.361051E+02
 -0.353793E+02
 -0.346804E+02
 -0.339493E+02
 -0.332174E+02
 -0.325220E+02
 -0.317900E+02
 -0.310524E+02
 -0.303243E+02
 -0.295923E+02
 -0.288644E+02
 -0.281635E+02
 -0.274863E+02
 -0.267939E+02
 -0.261010E+02
 -0.254047E+02
 -0.247287E+02
 -0.240939E+02
 -0.234907E+02
 -0.229168E+02
 -0.223606E+02
 -0.218228E+02
 -0.213199E+02
 -0.208728E+02
 -0.204998E+02
 -0.201851E+02
 -0.199228E+02
 -0.197516E+02
 -0.196291E+02
 -0.195669E+02
 -0.196170E+02
 -0.197457E+02
 -0.199741E+02
 -0.202739E+02
 -0.206243E+02
 -0.210444E+02
 -0.215013E+02
 -0.220212E+02
 -0.226050E+02
 -0.232348E+02
 -0.239421E+02
 -0.246862E+02
 -0.254399E+02
 -0.262230E+02
 -0.270182E+02
 -0.278456E+02
 -0.287039E+02
 -0.295740E+02
 -0.304767E+02
 -0.314059E+02
 -0.323495E+02
 -0.332609E+02
 -0.341610E+02
 -0.350920E+02
 -0.360302E+02
 -0.369902E+02
 -0.379603E+02
 -0.389166E+02
 -0.398615E+02
 -0.407808E+02
 -0.416952E+02
 -0.426134E+02
 -0.435357E+02
 -0.444467E+02
 -0.453300E+02
 -0.461898E+02
 -0.470040E+02
 -0.477477E+02
 -0.484514E+02
 -0.491035E+02
 -0.496644E+02
 -0.501453E+02
 -0.505412E+02
 -0.508304E+02
 -0.510243E+02
 -0.511217E+02
 -0.511222E+02
 -0.510124E+02
 -0.507749E+02
 -0.504123E+02
 -0.499542E+02
 -0.493810E+02
 -0.487006E+02
 -0.479429E+02
 -0.470852E+02
 -0.461137E+02
 -0.450354E+02
 -0.438708E+02
 -0.426443E+02
 -0.413476E+02
 -0.399892E+02
 -0.386008E+02
 -0.371798E+02
 -0.357092E+02
 -0.342103E+02
 -0.326966E+02
 -0.311995E+02
 -0.297248E+02
 -0.282567E+02
 -0.268106E+02
 -0.254087E+02
 -0.240598E+02
 -0.227465E+02
 -0.214781E+02
 -0.202839E+02
 -0.191291E+02
 -0.180288E+02
 -0.170120E+02
 -0.160252E+02
 -0.151092E+02
 -0.142826E+02
 -0.134953E+02
 -0.127740E+02
 -0.121186E+02
 -0.114935E+02
 -0.108880E+02
 -0.103224E+02
 -0.981093E+01
 -0.936237E+01
 -0.895857E+01
 -0.859009E+01
 -0.828450E+01
 -0.801195E+01
 -0.778881E+01
 -0.763254E+01
 -0.751749E+01
 -0.746916E+01
 -0.751487E+01
 -0.762230E+01
 -0.776347E+01
 -0.796995E+01
 -0.824922E+01
 -0.859424E+01
 -0.902788E+01
 -0.955840E+01
 -0.101884E+02
 -0.108949E+02
 -0.116646E+02
 -0.125053E+02
 -0.134043E+02
 -0.143652E+02
 -0.154107E+02
 -0.165530E+02
 -0.177732E+02
 -0.190417E+02
 -0.203591E+02
 -0.217151E+02
 -0.231027E+02
 -0.245320E+02
 -0.259894E+02
 -0.274991E+02
 -0.290654E+02
 -0.306427E+02
 -0.322532E+02
 -0.338943E+02
 -0.355398E+02
 -0.371991E+02
 -0.388736E+02
 -0.405857E+02
 -0.423105E+02
 -0.440285E+02
 -0.457518E+02
 -0.474868E+02
 -0.491914E+02
 -0.508806E+02
 -0.525730E+02
 -0.542215E+02
 -0.558648E+02
 -0.574641E+02
 -0.589906E+02
 -0.605109E+02
 -0.619820E+02
 -0.633971E+02
 -0.647584E+02
 -0.660653E+02
 -0.673033E+02
 -0.684700E+02
 -0.695811E+02
 -0.706328E+02
 -0.716242E+02
 -0.725394E+02
 -0.733668E+02
 -0.741070E+02
 -0.747316E+02
 -0.752569E+02
 -0.757006E+02
 -0.760494E+02
 -0.762999E+02
 -0.764571E+02
 -0.764860E+02
 -0.764157E+02
 -0.762440E+02
 -0.759526E+02
 -0.755676E+02
 -0.751129E+02
 -0.745641E+02
 -0.739119E+02
 -0.731753E+02
 -0.723349E+02
 -0.713967E+02
 -0.703856E+02
 -0.693091E+02
 -0.681844E+02
 -0.669783E+02
 -0.657174E+02
 -0.643905E+02
 -0.629868E+02
 -0.615431E+02
 -0.600598E+02
 -0.585260E+02
 -0.569573E+02
 -0.553502E+02
 -0.536906E+02
 -0.520052E+02
 -0.503011E+02
 -0.485779E+02
 -0.468707E+02
 -0.451539E+02
 -0.434276E+02
 -0.417084E+02
 -0.399980E+02
 -0.382977E+02
 -0.366083E+02
 -0.349454E+02
 -0.333217E+02
 -0.317416E+02
 -0.302060E+02
 -0.287086E+02
 -0.272549E+02
 -0.258717E+02
 -0.245608E+02
 -0.233039E+02
 -0.221268E+02
 -0.210126E+02
 -0.199689E+02
 -0.190287E+02
 -0.181594E+02
 -0.173679E+02
 -0.166629E+02
 -0.160227E+02
 -0.154647E+02
 -0.149806E+02
 -0.145606E+02
 -0.142388E+02
 -0.139879E+02
 -0.138179E+02
 -0.137108E+02
 -0.136486E+02
 -0.136886E+02
 -0.137657E+02
 -0.139290E+02
 -0.142035E+02
 -0.145206E+02
 -0.149426E+02
 -0.154122E+02
 -0.159354E+02
 -0.165496E+02
 -0.172206E+02
 -0.179872E+02
 -0.187976E+02
 -0.196515E+02
 -0.205660E+02
 -0.215118E+02
 -0.225138E+02
 -0.235320E+02
 -0.246000E+02
 -0.257378E+02
 -0.268804E+02
 -0.280618E+02
 -0.292486E+02
 -0.304224E+02
 -0.316260E+02
 -0.328259E+02
 -0.340467E+02
 -0.352695E+02
 -0.364544E+02
 -0.376242E+02
 -0.387674E+02
 -0.399011E+02
 -0.409934E+02
 -0.420610E+02
 -0.431020E+02
 -0.440695E+02
 -0.450033E+02
 -0.459032E+02
 -0.467869E+02
 -0.476441E+02
 -0.484420E+02
 -0.492166E+02
 -0.499453E+02
 -0.506360E+02
 -0.512780E+02
 -0.518477E+02
 -0.523787E+02
 -0.528776E+02
 -0.533210E+02
 -0.537220E+02
 -0.540880E+02
 -0.543762E+02
 -0.545562E+02
 -0.546592E+02
 -0.546856E+02
 -0.546017E+02
 -0.544315E+02
 -0.542171E+02
 -0.538850E+02
 -0.534143E+02
 -0.528423E+02
 -0.521746E+02
 -0.514138E+02
 -0.505344E+02
 -0.495614E+02
 -0.485200E+02
 -0.473386E+02
 -0.460546E+02
 -0.447082E+02
 -0.432530E+02
 -0.417189E+02
 -0.401189E+02
 -0.384478E+02
 -0.367254E+02
 -0.349385E+02
 -0.331152E+02
 -0.312534E+02
 -0.293627E+02
 -0.274636E+02
 -0.255446E+02
 -0.236060E+02
 -0.216690E+02
 -0.197470E+02
 -0.178139E+02
 -0.159082E+02
 -0.140445E+02
 -0.121740E+02
 -0.103339E+02
 -0.852069E+01
 -0.668192E+01
 -0.488903E+01
 -0.317109E+01
 -0.148473E+01
  0.130543E+00
  0.169581E+01
  0.324337E+01
  0.470915E+01
  0.610769E+01
  0.743977E+01
  0.865784E+01
  0.977107E+01
  0.107869E+02
  0.117153E+02
  0.125648E+02
  0.133055E+02
  0.139378E+02
  0.144507E+02
  0.148370E+02
  0.150998E+02
  0.152690E+02
  0.153461E+02
  0.153252E+02
  0.152257E+02
  0.150118E+02
  0.147024E+02
  0.143229E+02
  0.138511E+02
  0.133200E+02
  0.126896E+02
  0.119890E+02
  0.112489E+02
  0.104310E+02
  0.960565E+01
  0.876508E+01
  0.787368E+01
  0.700158E+01
  0.610840E+01
  0.519453E+01
  0.429652E+01
  0.337707E+01
  0.245432E+01
  0.156678E+01
  0.717178E+00
 -0.127602E+00
 -0.978493E+00
 -0.183379E+01
 -0.271783E+01
 -0.358694E+01
 -0.441714E+01
 -0.523913E+01
 -0.605939E+01
 -0.685984E+01
 -0.766198E+01
 -0.848612E+01
 -0.930048E+01
 -0.101002E+02
 -0.109033E+02
 -0.116894E+02
 -0.124595E+02
 -0.132320E+02
 -0.140240E+02
 -0.148462E+02
 -0.156734E+02
 -0.164950E+02
 -0.173196E+02
 -0.181444E+02
 -0.189778E+02
 -0.198233E+02
 -0.206673E+02
 -0.215236E+02
 -0.223914E+02
 -0.232565E+02
 -0.241268E+02
 -0.249913E+02
 -0.258388E+02
 -0.266717E+02
 -0.275021E+02
 -0.283218E+02
 -0.291258E+02
 -0.299219E+02
 -0.306763E+02
 -0.314162E+02
 -0.321491E+02
 -0.328231E+02
 -0.334748E+02
 -0.341245E+02
 -0.347300E+02
 -0.353151E+02
 -0.358873E+02
 -0.364281E+02
 -0.369485E+02
 -0.374402E+02
 -0.379126E+02
 -0.383767E+02
 -0.388169E+02
 -0.392409E+02
 -0.396413E+02
 -0.400153E+02
 -0.403542E+02
 -0.406696E+02
 -0.409495E+02
 -0.412093E+02
 -0.414779E+02
 -0.417055E+02
 -0.419138E+02
 -0.421047E+02
 -0.422530E+02
 -0.424020E+02
 -0.425411E+02
 -0.426872E+02
 -0.428657E+02
 -0.430551E+02
 -0.432261E+02
 -0.434233E+02
 -0.436536E+02
 -0.439000E+02
 -0.442076E+02
 -0.445478E+02
 -0.449206E+02
 -0.453360E+02
 -0.457711E+02
 -0.462641E+02
 -0.467875E+02
 -0.473459E+02
 -0.479741E+02
 -0.486566E+02
 -0.493724E+02
 -0.501068E+02
 -0.508507E+02
 -0.516144E+02
 -0.524014E+02
 -0.531993E+02
 -0.539999E+02
 -0.548179E+02
 -0.556391E+02
 -0.564398E+02
 -0.572086E+02
 -0.579468E+02
 -0.586759E+02
 -0.594075E+02
 -0.601023E+02
 -0.607522E+02
 -0.613721E+02
 -0.619742E+02
 -0.625471E+02
 -0.630812E+02
 -0.635689E+02
 -0.640175E+02
 -0.644239E+02
 -0.647963E+02
 -0.651324E+02
 -0.654175E+02
 -0.656533E+02
 -0.658290E+02
 -0.659600E+02
 -0.660540E+02
 -0.660594E+02
 -0.660266E+02
 -0.659595E+02
 -0.658436E+02
 -0.656830E+02
 -0.654478E+02
 -0.651712E+02
 -0.648428E+02
 -0.644634E+02
 -0.640555E+02
 -0.635827E+02
 -0.630722E+02
 -0.624631E+02
 -0.617813E+02
 -0.610978E+02
 -0.603498E+02
 -0.595574E+02
 -0.587479E+02
 -0.578885E+02
 -0.570094E+02
 -0.561068E+02
 -0.551786E+02
 -0.542455E+02
 -0.533191E+02
 -0.523961E+02
 -0.514823E+02
 -0.505977E+02
 -0.497312E+02
 -0.488652E+02
 -0.480298E+02
 -0.472204E+02
 -0.464154E+02
 -0.456435E+02
 -0.449094E+02
 -0.441833E+02
 -0.435184E+02
 -0.428853E+02
 -0.422523E+02
 -0.416680E+02
 -0.410818E+02
 -0.405097E+02
 -0.399801E+02
 -0.394101E+02
 -0.388367E+02
 -0.383119E+02
 -0.378019E+02
 -0.372960E+02
 -0.368053E+02
 -0.363107E+02
 -0.358259E+02
 -0.353752E+02
 -0.349349E+02
 -0.344984E+02
 -0.340655E+02
 -0.336335E+02
 -0.332228E+02
 -0.328463E+02
 -0.324954E+02
 -0.321377E+02
 -0.317965E+02
 -0.314821E+02
 -0.311761E+02
 -0.308808E+02
 -0.306023E+02
 -0.303683E+02
 -0.301616E+02
 -0.299696E+02
 -0.298080E+02
 -0.296413E+02
 -0.294848E+02
 -0.293489E+02
 -0.292295E+02
 -0.291268E+02
 -0.290232E+02
 -0.289711E+02
 -0.289182E+02
 -0.288452E+02
 -0.288369E+02
 -0.288094E+02
 -0.287991E+02
 -0.288343E+02
 -0.288462E+02
 -0.288831E+02
 -0.289240E+02
 -0.289659E+02
 -0.290070E+02
 -0.290423E+02
 -0.291148E+02
 -0.291657E+02
 -0.292083E+02
 -0.292690E+02
 -0.293067E+02
 -0.293633E+02
 -0.294373E+02
 -0.294733E+02
 -0.294870E+02
 -0.294891E+02
 -0.294925E+02
 -0.295090E+02
 -0.295180E+02
 -0.295577E+02
 -0.296094E+02
 -0.295919E+02
 -0.295754E+02
 -0.295980E+02
 -0.296212E+02
 -0.296580E+02
 -0.297082E+02
 -0.297664E+02
 -0.298159E+02
 -0.298647E+02
 -0.299141E+02
 -0.299149E+02
 -0.299123E+02
 -0.299273E+02
 -0.298974E+02
 -0.298343E+02
 -0.297440E+02
 -0.296093E+02
 -0.294775E+02
 -0.293150E+02
 -0.291048E+02
 -0.289132E+02
 -0.286895E+02
 -0.284165E+02
 -0.281391E+02
 -0.278226E+02
 -0.274855E+02
 -0.271459E+02
 -0.268111E+02
 -0.265053E+02
 -0.262017E+02
 -0.258757E+02
 -0.255370E+02
 -0.252104E+02
 -0.248906E+02
 -0.245955E+02
 -0.243276E+02
 -0.240526E+02
 -0.238092E+02
 -0.235826E+02
 -0.233388E+02
 -0.231184E+02
 -0.229307E+02
 -0.227370E+02
 -0.225846E+02
 -0.224949E+02
 -0.223847E+02
 -0.222926E+02
 -0.222222E+02
 -0.221397E+02
 -0.220991E+02
 -0.220875E+02
 -0.221094E+02
 -0.221299E+02
 -0.221326E+02
 -0.221722E+02
 -0.222330E+02
 -0.223175E+02
 -0.224046E+02
 -0.225106E+02
 -0.226625E+02
 -0.228065E+02
 -0.229738E+02
 -0.231600E+02
 -0.233332E+02
 -0.235246E+02
 -0.237679E+02
 -0.240498E+02
 -0.243175E+02
 -0.246018E+02
 -0.249105E+02
 -0.252463E+02
 -0.256329E+02
 -0.260240E+02
 -0.264396E+02
 -0.268837E+02
 -0.273368E+02
 -0.278236E+02
 -0.283336E+02
 -0.288645E+02
 -0.294412E+02
 -0.300627E+02
 -0.307053E+02
 -0.313641E+02
 -0.320448E+02
 -0.327629E+02
 -0.335181E+02
 -0.342887E+02
 -0.351067E+02
 -0.359514E+02
 -0.368096E+02
 -0.376847E+02
 -0.385560E+02
 -0.394503E+02
 -0.403504E+02
 -0.412663E+02
 -0.421945E+02
 -0.431083E+02
 -0.440299E+02
 -0.449028E+02
 -0.457737E+02
 -0.466314E+02
 -0.474232E+02
 -0.481957E+02
 -0.489588E+02
 -0.497274E+02
 -0.504197E+02
 -0.510501E+02
 -0.516567E+02
 -0.521889E+02
 -0.527218E+02
 -0.531859E+02
 -0.535715E+02
 -0.539504E+02
 -0.542857E+02
 -0.545647E+02
 -0.547693E+02
 -0.549163E+02
 -0.550299E+02
 -0.550689E+02
 -0.550470E+02
 -0.549926E+02
 -0.548826E+02
 -0.546924E+02
 -0.544443E+02
 -0.541340E+02
 -0.537589E+02
 -0.533554E+02
 -0.529026E+02
 -0.523734E+02
 -0.518322E+02
 -0.512591E+02
 -0.506349E+02
 -0.499966E+02
 -0.493290E+02
 -0.486428E+02
 -0.479595E+02
 -0.472677E+02
 -0.465682E+02
 -0.458513E+02
 -0.451478E+02
 -0.444628E+02
 -0.437895E+02
 -0.431398E+02
 -0.425074E+02
 -0.419050E+02
 -0.413318E+02
 -0.407876E+02
 -0.402892E+02
 -0.398138E+02
 -0.393916E+02
 -0.390233E+02
 -0.386612E+02
 -0.383223E+02
 -0.380408E+02
 -0.378047E+02
 -0.375982E+02
 -0.374527E+02
 -0.373592E+02
 -0.372791E+02
 -0.372752E+02
 -0.373448E+02
 -0.374437E+02
 -0.376049E+02
 -0.378153E+02
 -0.380672E+02
 -0.383887E+02
 -0.387498E+02
 -0.391666E+02
 -0.396642E+02
 -0.402051E+02
 -0.407676E+02
 -0.413709E+02
 -0.420163E+02
 -0.427038E+02
 -0.434339E+02
 -0.441886E+02
 -0.449755E+02
 -0.457859E+02
 -0.465696E+02
 -0.473602E+02
 -0.481508E+02
 -0.489219E+02
 -0.497102E+02
 -0.504728E+02
 -0.512115E+02
 -0.519441E+02
 -0.526144E+02
 -0.532433E+02
 -0.538391E+02
 -0.544005E+02
 -0.549212E+02
 -0.553894E+02
 -0.558151E+02
 -0.561951E+02
 -0.565296E+02
 -0.568413E+02
 -0.571550E+02
 -0.574625E+02
 -0.577109E+02
 -0.579092E+02
 -0.580718E+02
 -0.581921E+02
 -0.582741E+02
 -0.583151E+02
 -0.582880E+02
 -0.581927E+02
 -0.580516E+02
 -0.578425E+02
 -0.575555E+02
 -0.572265E+02
 -0.568241E+02
 -0.563619E+02
 -0.558323E+02
 -0.552246E+02
 -0.545725E+02
 -0.538370E+02
 -0.530549E+02
 -0.522357E+02
 -0.513452E+02
 -0.504452E+02
 -0.494847E+02
 -0.484791E+02
 -0.474534E+02
 -0.463886E+02
 -0.453263E+02
 -0.442320E+02
 -0.430957E+02
 -0.419424E+02
 -0.407844E+02
 -0.396418E+02
 -0.384943E+02
 -0.373546E+02
 -0.362187E+02
 -0.350805E+02
 -0.339632E+02
 -0.328675E+02
 -0.317882E+02
 -0.307208E+02
 -0.296622E+02
 -0.286384E+02
 -0.276449E+02
 -0.266410E+02
 -0.256728E+02
 -0.247624E+02
 -0.238137E+02
 -0.228770E+02
 -0.220156E+02
 -0.211815E+02
 -0.203804E+02
 -0.196303E+02
 -0.189451E+02
 -0.182866E+02
 -0.176448E+02
 -0.170569E+02
 -0.165027E+02
 -0.159874E+02
 -0.155346E+02
 -0.151272E+02
 -0.147390E+02
 -0.143977E+02
 -0.140991E+02
 -0.138143E+02
 -0.135812E+02
 -0.133982E+02
 -0.132661E+02
 -0.131863E+02
 -0.131370E+02
 -0.131336E+02
 -0.131777E+02
 -0.132555E+02
 -0.133547E+02
 -0.134997E+02
 -0.136992E+02
 -0.139055E+02
 -0.141387E+02
 -0.144191E+02
 -0.147273E+02
 -0.150765E+02
 -0.154509E+02
 -0.158413E+02
 -0.162722E+02
 -0.167340E+02
 -0.172215E+02
 -0.177510E+02
 -0.183416E+02
 -0.189826E+02
 -0.196700E+02
 -0.204047E+02
 -0.211807E+02
 -0.220316E+02
 -0.229243E+02
 -0.238377E+02
 -0.248090E+02
 -0.258140E+02
 -0.268475E+02
 -0.279200E+02
 -0.290193E+02
 -0.301357E+02
 -0.312656E+02
 -0.324111E+02
 -0.335521E+02
 -0.347194E+02
 -0.358911E+02
 -0.370363E+02
 -0.382038E+02
 -0.393447E+02
 -0.404533E+02
 -0.415759E+02
 -0.426699E+02
 -0.437475E+02
 -0.448146E+02
 -0.458659E+02
 -0.468649E+02
 -0.477936E+02
 -0.486910E+02
 -0.495467E+02
 -0.503538E+02
 -0.511013E+02
 -0.517797E+02
 -0.523890E+02
 -0.529096E+02
 -0.533546E+02
 -0.537176E+02
 -0.540229E+02
 -0.542636E+02
 -0.544314E+02
 -0.545325E+02
 -0.545539E+02
 -0.545077E+02
 -0.544033E+02
 -0.542543E+02
 -0.540726E+02
 -0.538512E+02
 -0.535876E+02
 -0.532654E+02
 -0.529038E+02
 -0.524902E+02
 -0.520436E+02
 -0.515793E+02
 -0.510885E+02
 -0.506192E+02
 -0.501296E+02
 -0.495714E+02
 -0.489808E+02
 -0.483550E+02
 -0.477213E+02
 -0.470912E+02
 -0.464751E+02
 -0.458735E+02
 -0.452489E+02
 -0.445971E+02
 -0.439221E+02
 -0.432437E+02
 -0.426084E+02
 -0.420001E+02
 -0.414005E+02
 -0.407963E+02
 -0.401814E+02
 -0.395610E+02
 -0.389270E+02
 -0.382958E+02
 -0.376878E+02
 -0.370947E+02
 -0.365095E+02
 -0.359278E+02
 -0.353369E+02
 -0.347335E+02
 -0.341616E+02
 -0.336058E+02
 -0.330539E+02
 -0.325311E+02
 -0.320140E+02
 -0.315108E+02
 -0.310311E+02
 -0.305821E+02
 -0.301944E+02
 -0.298427E+02
 -0.295156E+02
 -0.292204E+02
 -0.289597E+02
 -0.287195E+02
 -0.285060E+02
 -0.283460E+02
 -0.282065E+02
 -0.280898E+02
 -0.280233E+02
 -0.279802E+02
 -0.279591E+02
 -0.279515E+02
 -0.279393E+02
 -0.279546E+02
 -0.280137E+02
 -0.280817E+02
 -0.281415E+02
 -0.281845E+02
 -0.282311E+02
 -0.282845E+02
 -0.283341E+02
 -0.284197E+02
 -0.284923E+02
 -0.285328E+02
 -0.286061E+02
 -0.286745E+02
 -0.287233E+02
 -0.287847E+02
 -0.288470E+02
 -0.288828E+02
 -0.289139E+02
 -0.289514E+02
 -0.289692E+02
 -0.289700E+02
 -0.289563E+02
 -0.289321E+02
 -0.288983E+02
 -0.288429E+02
 -0.287871E+02
 -0.287412E+02
 -0.286873E+02
 -0.286246E+02
 -0.285469E+02
 -0.284503E+02
 -0.283446E+02
 -0.282214E+02
 -0.281105E+02
 -0.279934E+02
 -0.278414E+02
 -0.276826E+02
 -0.275028E+02
 -0.273125E+02
 -0.271183E+02
 -0.269131E+02
 -0.267041E+02
 -0.264580E+02
 -0.261920E+02
 -0.259256E+02
 -0.256652E+02
 -0.254194E+02
 -0.251805E+02
 -0.249637E+02
 -0.247747E+02
 -0.246088E+02
 -0.244747E+02
 -0.243823E+02
 -0.243226E+02
 -0.242910E+02
 -0.242912E+02
 -0.243292E+02
 -0.244030E+02
 -0.244987E+02
 -0.246328E+02
 -0.248024E+02
 -0.249979E+02
 -0.252262E+02
 -0.254921E+02
 -0.257841E+02
 -0.260949E+02
 -0.264291E+02
 -0.267547E+02
 -0.270602E+02
 -0.273716E+02
 -0.276838E+02
 -0.279908E+02
 -0.282980E+02
 -0.285909E+02
 -0.288546E+02
 -0.291037E+02
 -0.293232E+02
 -0.295095E+02
 -0.296770E+02
 -0.297993E+02
 -0.299009E+02
 -0.299939E+02
 -0.300270E+02
 -0.300328E+02
 -0.300241E+02
 -0.299622E+02
 -0.298892E+02
 -0.298147E+02
 -0.297255E+02
 -0.296547E+02
 -0.295739E+02
 -0.294944E+02
 -0.294476E+02
 -0.294263E+02
 -0.294298E+02
 -0.294630E+02
 -0.295486E+02
 -0.296833E+02
 -0.298789E+02
 -0.301308E+02
 -0.304080E+02
 -0.307264E+02
 -0.310855E+02
 -0.314966E+02
 -0.319625E+02
 -0.324781E+02
 -0.330516E+02
 -0.336735E+02
 -0.343308E+02
 -0.350189E+02
 -0.357279E+02
 -0.364651E+02
 -0.372444E+02
 -0.380634E+02
 -0.389066E+02
 -0.397649E+02
 -0.406343E+02
 -0.414872E+02
 -0.423250E+02
 -0.431717E+02
 -0.439910E+02
 -0.447993E+02
 -0.455994E+02
 -0.463766E+02
 -0.471355E+02
 -0.478556E+02
 -0.485576E+02
 -0.492375E+02
 -0.498576E+02
 -0.504500E+02
 -0.510408E+02
 -0.516178E+02
 -0.521634E+02
 -0.526885E+02
 -0.531996E+02
 -0.536979E+02
 -0.541833E+02
 -0.546563E+02
 -0.550990E+02
 -0.555323E+02
 -0.559560E+02
 -0.563591E+02
 -0.567426E+02
 -0.570804E+02
 -0.573887E+02
 -0.576648E+02
 -0.579072E+02
 -0.581340E+02
 -0.583026E+02
 -0.584567E+02
 -0.585946E+02
 -0.586842E+02
 -0.587251E+02
 -0.587199E+02
 -0.586936E+02
 -0.586193E+02
 -0.585241E+02
 -0.584131E+02
 -0.582386E+02
 -0.580484E+02
 -0.578100E+02
 -0.575430E+02
 -0.572748E+02
 -0.569669E+02
 -0.566575E+02
 -0.563305E+02
 -0.559660E+02
 -0.555959E+02
 -0.552154E+02
 -0.548276E+02
 -0.544108E+02
 -0.540145E+02
 -0.536227E+02
 -0.532161E+02
 -0.528444E+02
 -0.524410E+02
 -0.520335E+02
 -0.516707E+02
 -0.512594E+02
 -0.508479E+02
 -0.504725E+02
 -0.500802E+02
 -0.497067E+02
 -0.493748E+02
 -0.490504E+02
 -0.487277E+02
 -0.484326E+02
 -0.481738E+02
 -0.479267E+02
 -0.477074E+02
 -0.474943E+02
 -0.473032E+02
 -0.471351E+02
 -0.469600E+02
 -0.468181E+02
 -0.466731E+02
 -0.465188E+02
 -0.463998E+02
 -0.462830E+02
 -0.461644E+02
 -0.460274E+02
 -0.459001E+02
 -0.457833E+02
 -0.456334E+02
 -0.454813E+02
 -0.453430E+02
 -0.451857E+02
 -0.450039E+02
 -0.448404E+02
 -0.446848E+02
 -0.444935E+02
 -0.443078E+02
 -0.441150E+02
 -0.439070E+02
 -0.437178E+02
 -0.435281E+02
 -0.433430E+02
 -0.431620E+02
 -0.429642E+02
 -0.427820E+02
 -0.426105E+02
 -0.424465E+02
 -0.422961E+02
 -0.421718E+02
 -0.420530E+02
 -0.419022E+02
 -0.417684E+02
 -0.416468E+02
 -0.415193E+02
 -0.414032E+02
 -0.412632E+02
 -0.411277E+02
 -0.409539E+02
 -0.407321E+02
 -0.405172E+02
 -0.402559E+02
 -0.399741E+02
 -0.397032E+02
 -0.393927E+02
 -0.390540E+02
 -0.386735E+02
 -0.382447E+02
 -0.378033E+02
 -0.373256E+02
 -0.368071E+02
 -0.362930E+02
 -0.357465E+02
 -0.351821E+02
 -0.346254E+02
 -0.340299E+02
 -0.334353E+02
 -0.328494E+02
 -0.322622E+02
 -0.317020E+02
 -0.311436E+02
 -0.306072E+02
 -0.300666E+02
 -0.295235E+02
 -0.289971E+02
 -0.284627E+02
 -0.279754E+02
 -0.275014E+02
 -0.270317E+02
 -0.266005E+02
 -0.261613E+02
 -0.257547E+02
 -0.253719E+02
 -0.249925E+02
 -0.246606E+02
 -0.243619E+02
 -0.240691E+02
 -0.238083E+02
 -0.235779E+02
 -0.233476E+02
 -0.231505E+02
 -0.229765E+02
 -0.228222E+02
 -0.227199E+02
 -0.226437E+02
 -0.225744E+02
 -0.225251E+02
 -0.225249E+02
 -0.225460E+02
 -0.225890E+02
 -0.226728E+02
 -0.227593E+02
 -0.228775E+02
 -0.230258E+02
 -0.231679E+02
 -0.233418E+02
 -0.235539E+02
 -0.237808E+02
 -0.240155E+02
 -0.242844E+02
 -0.245814E+02
 -0.248738E+02
 -0.252047E+02
 -0.255588E+02
 -0.259130E+02
 -0.262864E+02
 -0.266496E+02
 -0.270171E+02
 -0.273817E+02
 -0.277283E+02
 -0.280690E+02
 -0.283978E+02
 -0.287184E+02
 -0.290193E+02
 -0.292844E+02
 -0.295361E+02
 -0.297728E+02
 -0.299762E+02
 -0.301707E+02
 -0.303364E+02
 -0.304595E+02
 -0.305730E+02
 -0.306444E+02
 -0.306814E+02
 -0.307021E+02
 -0.306878E+02
 -0.306421E+02
 -0.305733E+02
 -0.304888E+02
 -0.303825E+02
 -0.302635E+02
 -0.301378E+02
 -0.299993E+02
 -0.298632E+02
 -0.297202E+02
 -0.295605E+02
 -0.293928E+02
 -0.292197E+02
 -0.290359E+02
 -0.288326E+02
 -0.286080E+02
 -0.283874E+02
 -0.281463E+02
 -0.278625E+02
 -0.275695E+02
 -0.272738E+02
 -0.269581E+02
 -0.266094E+02
 -0.262294E+02
 -0.258473E+02
 -0.254840E+02
 -0.250907E+02
 -0.246583E+02
 -0.242634E+02
 -0.238683E+02
 -0.234244E+02
 -0.229867E+02
 -0.225692E+02
 -0.221429E+02
 -0.217165E+02
 -0.213123E+02
 -0.209335E+02
 -0.205756E+02
 -0.202402E+02
 -0.199349E+02
 -0.196739E+02
 -0.194537E+02
 -0.192808E+02
 -0.191527E+02
 -0.190277E+02
 -0.189463E+02
 -0.189238E+02
 -0.189261E+02
 -0.189794E+02
 -0.190494E+02
 -0.191372E+02
 -0.192605E+02
 -0.193859E+02
 -0.195133E+02
 -0.196595E+02
 -0.198526E+02
 -0.200554E+02
 -0.202632E+02
 -0.205202E+02
 -0.207824E+02
 -0.210488E+02
 -0.213481E+02
 -0.216434E+02
 -0.219625E+02
 -0.223279E+02
 -0.226853E+02
 -0.230492E+02
 -0.234347E+02
 -0.238367E+02
 -0.242625E+02
 -0.246924E+02
 -0.251344E+02
 -0.255905E+02
 -0.260594E+02
 -0.265607E+02
 -0.270852E+02
 -0.276298E+02
 -0.281722E+02
 -0.287188E+02
 -0.292746E+02
 -0.298132E+02
 -0.303823E+02
 -0.309570E+02
 -0.315119E+02
 -0.320821E+02
 -0.326171E+02
 -0.331490E+02
 -0.336788E+02
 -0.342052E+02
 -0.347597E+02
 -0.352920E+02
 -0.358267E+02
 -0.363595E+02
 -0.368545E+02
 -0.373524E+02
 -0.378872E+02
 -0.384449E+02
 -0.389829E+02
 -0.394974E+02
 -0.399905E+02
 -0.404653E+02
 -0.409102E+02
 -0.413406E+02
 -0.417554E+02
 -0.421171E+02
 -0.424285E+02
 -0.427043E+02
 -0.429341E+02
 -0.431336E+02
 -0.433007E+02
 -0.434020E+02
 -0.434516E+02
 -0.434816E+02
 -0.434638E+02
 -0.433818E+02
 -0.432763E+02
 -0.431308E+02
 -0.429205E+02
 -0.426902E+02
 -0.424200E+02
 -0.421187E+02
 -0.417609E+02
 -0.413472E+02
 -0.409324E+02
 -0.404698E+02
 -0.399786E+02
 -0.394623E+02
 -0.388842E+02
 -0.382994E+02
 -0.377012E+02
 -0.370779E+02
 -0.364452E+02
 -0.357967E+02
 -0.351358E+02
 -0.344606E+02
 -0.337848E+02
 -0.331240E+02
 -0.324485E+02
 -0.317845E+02
 -0.311279E+02
 -0.304511E+02
 -0.297885E+02
 -0.291228E+02
 -0.284548E+02
 -0.278206E+02
 -0.272042E+02
 -0.266093E+02
 -0.260391E+02
 -0.254942E+02
 -0.249923E+02
 -0.245240E+02
 -0.240914E+02
 -0.236919E+02
 -0.233370E+02
 -0.230543E+02
 -0.228092E+02
 -0.226292E+02
 -0.225081E+02
 -0.224163E+02
 -0.224031E+02
 -0.224350E+02
 -0.225318E+02
 -0.227021E+02
 -0.229090E+02
 -0.231742E+02
 -0.234687E+02
 -0.238026E+02
 -0.241758E+02
 -0.246068E+02
 -0.250947E+02
 -0.255825E+02
 -0.260991E+02
 -0.266495E+02
 -0.272230E+02
 -0.278070E+02
 -0.284037E+02
 -0.290384E+02
 -0.296580E+02
 -0.302786E+02
 -0.309224E+02
 -0.315314E+02
 -0.321309E+02
 -0.327489E+02
 -0.333832E+02
 -0.340380E+02
 -0.346793E+02
 -0.353170E+02
 -0.359227E+02
 -0.365018E+02
 -0.371185E+02
 -0.377508E+02
 -0.383747E+02
 -0.389900E+02
 -0.395938E+02
 -0.401732E+02
 -0.407352E+02
 -0.413071E+02
 -0.418681E+02
 -0.424277E+02
 -0.429713E+02
 -0.434991E+02
 -0.440065E+02
 -0.444717E+02
 -0.449382E+02
 -0.453985E+02
 -0.458388E+02
 -0.462776E+02
 -0.466829E+02
 -0.470416E+02
 -0.473629E+02
 -0.476631E+02
 -0.479261E+02
 -0.481509E+02
 -0.483416E+02
 -0.484779E+02
 -0.485729E+02
 -0.486554E+02
 -0.486808E+02
 -0.486512E+02
 -0.486124E+02
 -0.485177E+02
 -0.483602E+02
 -0.481852E+02
 -0.479690E+02
 -0.477232E+02
 -0.474675E+02
 -0.471887E+02
 -0.468676E+02
 -0.465293E+02
 -0.461871E+02
 -0.458129E+02
 -0.454433E+02
 -0.451031E+02
 -0.447436E+02
 -0.443706E+02
 -0.440100E+02
 -0.436614E+02
 -0.433200E+02
 -0.430133E+02
 -0.427197E+02
 -0.424047E+02
 -0.420944E+02
 -0.417797E+02
 -0.414636E+02
 -0.411822E+02
 -0.409042E+02
 -0.406213E+02
 -0.403527E+02
 -0.400936E+02
 -0.398307E+02
 -0.395716E+02
 -0.393167E+02
 -0.390753E+02
 -0.388703E+02
 -0.386841E+02
 -0.385271E+02
 -0.383928E+02
 -0.382352E+02
 -0.381050E+02
 -0.380100E+02
 -0.379349E+02
 -0.378840E+02
 -0.378384E+02
 -0.378085E+02
 -0.378028E+02
 -0.378246E+02
 -0.378732E+02
 -0.379383E+02
 -0.380126E+02
 -0.380746E+02
 -0.381358E+02
 -0.382248E+02
 -0.383351E+02
 -0.384421E+02
 -0.385420E+02
 -0.386051E+02
 -0.386524E+02
 -0.387052E+02
 -0.387390E+02
 -0.387624E+02
 -0.387611E+02
 -0.387426E+02
 -0.387234E+02
 -0.386882E+02
 -0.386442E+02
 -0.385830E+02
 -0.385232E+02
 -0.384530E+02
 -0.383737E+02
 -0.382972E+02
 -0.381846E+02
 -0.380548E+02
 -0.379359E+02
 -0.378132E+02
 -0.376630E+02
 -0.374675E+02
 -0.372613E+02
 -0.370526E+02
 -0.368331E+02
 -0.366209E+02
 -0.364131E+02
 -0.361855E+02
 -0.359554E+02
 -0.357320E+02
 -0.355222E+02
 -0.353339E+02
 -0.351485E+02
 -0.349690E+02
 -0.347946E+02
 -0.346346E+02
 -0.345044E+02
 -0.343898E+02
 -0.342719E+02
 -0.341382E+02
 -0.340132E+02
 -0.338859E+02
 -0.337653E+02
 -0.336731E+02
 -0.335755E+02
 -0.334668E+02
 -0.333422E+02
 -0.331923E+02
 -0.330592E+02
 -0.329429E+02
 -0.328100E+02
 -0.326784E+02
 -0.325436E+02
 -0.323770E+02
 -0.322053E+02
 -0.320122E+02
 -0.317778E+02
 -0.315302E+02
 -0.312690E+02
 -0.309937E+02
 -0.307021E+02
 -0.303774E+02
 -0.300278E+02
 -0.296496E+02
 -0.292271E+02
 -0.287695E+02
 -0.283054E+02
 -0.278325E+02
 -0.273351E+02
 -0.268153E+02
 -0.262743E+02
 -0.257009E+02
 -0.251053E+02
 -0.245016E+02
 -0.238913E+02
 -0.232915E+02
 -0.226877E+02
 -0.220740E+02
 -0.214791E+02
 -0.208925E+02
 -0.203183E+02
 -0.197511E+02
 -0.192049E+02
 -0.186979E+02
 -0.181924E+02
 -0.177203E+02
 -0.172903E+02
 -0.168708E+02
 -0.164840E+02
 -0.161133E+02
 -0.157571E+02
 -0.154524E+02
 -0.152003E+02
 -0.150041E+02
 -0.148523E+02
 -0.147224E+02
 -0.146285E+02
 -0.145777E+02
 -0.145618E+02
 -0.145787E+02
 -0.146401E+02
 -0.147408E+02
 -0.148557E+02
 -0.149986E+02
 -0.151424E+02
 -0.152664E+02
 -0.154078E+02
 -0.155544E+02
 -0.157118E+02
 -0.158714E+02
 -0.159907E+02
 -0.160947E+02
 -0.161652E+02
 -0.161967E+02
 -0.162216E+02
 -0.162318E+02
 -0.162378E+02
 -0.162151E+02
 -0.161734E+02
 -0.161466E+02
 -0.161015E+02
 -0.160595E+02
 -0.160171E+02
 -0.159627E+02
 -0.159407E+02
 -0.159286E+02
 -0.159292E+02
 -0.159810E+02
 -0.160644E+02
 -0.161748E+02
 -0.163220E+02
 -0.164925E+02
 -0.166925E+02
 -0.169560E+02
 -0.172864E+02
 -0.176487E+02
 -0.180642E+02
 -0.185627E+02
 -0.190927E+02
 -0.196498E+02
 -0.202793E+02
 -0.209797E+02
 -0.217148E+02
 -0.224748E+02
 -0.232874E+02
 -0.241401E+02
 -0.250132E+02
 -0.259190E+02
 -0.268643E+02
 -0.278340E+02
 -0.288205E+02
 -0.298345E+02
 -0.308835E+02
 -0.319652E+02
 -0.330660E+02
 -0.341782E+02
 -0.352799E+02
 -0.363544E+02
 -0.374393E+02
 -0.385457E+02
 -0.396642E+02
 -0.407672E+02
 -0.418417E+02
 -0.428856E+02
 -0.438897E+02
 -0.448606E+02
 -0.458016E+02
 -0.467253E+02
 -0.476152E+02
 -0.484370E+02
 -0.491968E+02
 -0.498694E+02
 -0.504749E+02
 -0.510563E+02
 -0.515940E+02
 -0.520710E+02
 -0.524884E+02
 -0.528154E+02
 -0.530700E+02
 -0.532582E+02
 -0.533732E+02
 -0.534649E+02
 -0.535159E+02
 -0.534707E+02
 -0.533502E+02
 -0.531692E+02
 -0.529237E+02
 -0.525943E+02
 -0.521985E+02
 -0.517621E+02
 -0.512766E+02
 -0.506978E+02
 -0.500292E+02
 -0.493016E+02
 -0.485113E+02
 -0.476623E+02
 -0.467423E+02
 -0.457454E+02
 -0.446943E+02
 -0.435837E+02
 -0.424264E+02
 -0.412347E+02
 -0.399995E+02
 -0.387221E+02
 -0.374394E+02
 -0.361287E+02
 -0.347961E+02
 -0.334673E+02
 -0.321295E+02
 -0.308177E+02
 -0.295180E+02
 -0.282306E+02
 -0.269753E+02
 -0.257368E+02
 -0.245461E+02
 -0.234060E+02
 -0.223180E+02
 -0.212845E+02
 -0.203054E+02
 -0.193872E+02
 -0.185187E+02
 -0.177025E+02
 -0.169442E+02
 -0.162507E+02
 -0.156328E+02
 -0.150697E+02
 -0.145412E+02
 -0.140559E+02
 -0.136110E+02
 -0.132186E+02
 -0.128848E+02
 -0.126117E+02
 -0.123836E+02
 -0.121642E+02
 -0.120086E+02
 -0.119096E+02
 -0.118310E+02
 -0.118514E+02
 -0.119224E+02
 -0.120122E+02
 -0.121760E+02
 -0.123707E+02
 -0.126057E+02
 -0.129018E+02
 -0.132352E+02
 -0.136339E+02
 -0.140949E+02
 -0.146008E+02
 -0.151521E+02
 -0.157470E+02
 -0.164077E+02
 -0.171252E+02
 -0.178824E+02
 -0.186788E+02
 -0.195126E+02
 -0.204074E+02
 -0.213438E+02
 -0.222997E+02
 -0.232944E+02
 -0.243214E+02
 -0.253598E+02
 -0.264034E+02
 -0.274798E+02
 -0.285887E+02
 -0.296809E+02
 -0.307816E+02
 -0.319119E+02
 -0.330109E+02
 -0.341027E+02
 -0.352059E+02
 -0.362858E+02
 -0.373513E+02
 -0.384034E+02
 -0.394265E+02
 -0.404131E+02
 -0.413725E+02
 -0.423166E+02
 -0.432326E+02
 -0.441109E+02
 -0.449531E+02
 -0.457670E+02
 -0.465446E+02
 -0.472846E+02
 -0.479743E+02
 -0.486297E+02
 -0.492431E+02
 -0.498078E+02
 -0.503366E+02
 -0.508060E+02
 -0.512407E+02
 -0.516486E+02
 -0.519925E+02
 -0.522980E+02
 -0.525605E+02
 -0.527856E+02
 -0.529686E+02
 -0.530878E+02
 -0.531748E+02
 -0.532361E+02
 -0.532601E+02
 -0.532512E+02
 -0.531832E+02
 -0.530744E+02
 -0.529195E+02
 -0.527176E+02
 -0.525033E+02
 -0.522433E+02
 -0.519127E+02
 -0.515680E+02
 -0.511996E+02
 -0.507800E+02
 -0.503389E+02
 -0.498802E+02
 -0.493856E+02
 -0.488632E+02
 -0.483077E+02
 -0.477229E+02
 -0.471167E+02
 -0.465147E+02
 -0.459167E+02
 -0.452979E+02
 -0.446675E+02
 -0.440337E+02
 -0.433902E+02
 -0.427355E+02
 -0.420837E+02
 -0.414455E+02
 -0.407779E+02
 -0.401124E+02
 -0.394606E+02
 -0.387656E+02
 -0.380549E+02
 -0.373456E+02
 -0.366235E+02
 -0.359225E+02
 -0.352255E+02
 -0.345219E+02
 -0.338295E+02
 -0.331438E+02
 -0.324754E+02
 -0.318272E+02
 -0.311792E+02
 -0.305441E+02
 -0.299544E+02
 -0.293908E+02
 -0.288273E+02
 -0.282989E+02
 -0.278004E+02
 -0.273162E+02
 -0.268695E+02
 -0.264580E+02
 -0.260752E+02
 -0.257233E+02
 -0.253810E+02
 -0.250596E+02
 -0.247894E+02
 -0.245550E+02
 -0.243407E+02
 -0.241596E+02
 -0.240147E+02
 -0.239017E+02
 -0.238235E+02
 -0.237784E+02
 -0.237697E+02
 -0.238137E+02
 -0.238959E+02
 -0.240060E+02
 -0.241454E+02
 -0.242913E+02
 -0.244524E+02
 -0.246688E+02
 -0.249421E+02
 -0.252596E+02
 -0.256039E+02
 -0.259677E+02
 -0.263569E+02
 -0.267672E+02
 -0.272285E+02
 -0.277520E+02
 -0.283068E+02
 -0.288905E+02
 -0.295061E+02
 -0.301409E+02
 -0.307867E+02
 -0.314675E+02
 -0.321854E+02
 -0.329304E+02
 -0.336968E+02
 -0.344698E+02
 -0.352382E+02
 -0.360032E+02
 -0.367864E+02
 -0.375888E+02
 -0.384017E+02
 -0.392102E+02
 -0.399907E+02
 -0.407625E+02
 -0.414974E+02
 -0.422044E+02
 -0.429106E+02
 -0.435793E+02
 -0.442218E+02
 -0.448410E+02
 -0.454201E+02
 -0.459562E+02
 -0.464342E+02
 -0.468813E+02
 -0.472863E+02
 -0.476473E+02
 -0.479842E+02
 -0.482759E+02
 -0.484932E+02
 -0.486469E+02
 -0.487476E+02
 -0.487944E+02
 -0.487982E+02
 -0.487519E+02
 -0.486407E+02
 -0.484746E+02
 -0.482601E+02
 -0.480088E+02
 -0.477209E+02
 -0.474086E+02
 -0.470743E+02
 -0.467098E+02
 -0.462990E+02
 -0.458473E+02
 -0.453773E+02
 -0.448909E+02
 -0.444096E+02
 -0.439505E+02
 -0.434602E+02
 -0.429402E+02
 -0.423931E+02
 -0.418128E+02
 -0.412452E+02
 -0.406601E+02
 -0.400550E+02
 -0.394597E+02
 -0.388163E+02
 -0.381307E+02
 -0.374195E+02
 -0.366693E+02
 -0.359074E+02
 -0.351610E+02
 -0.344040E+02
 -0.336239E+02
 -0.328354E+02
 -0.320318E+02
 -0.312058E+02
 -0.303760E+02
 -0.295595E+02
 -0.287466E+02
 -0.279221E+02
 -0.270966E+02
 -0.262740E+02
 -0.254435E+02
 -0.246129E+02
 -0.238041E+02
 -0.230097E+02
 -0.222185E+02
 -0.214483E+02
 -0.206800E+02
 -0.198968E+02
 -0.191343E+02
 -0.183928E+02
 -0.176840E+02
 -0.170179E+02
 -0.163749E+02
 -0.157597E+02
 -0.151774E+02
 -0.146231E+02
 -0.141097E+02
 -0.136647E+02
 -0.132483E+02
 -0.128721E+02
 -0.125680E+02
 -0.123086E+02
 -0.121188E+02
 -0.119809E+02
 -0.119071E+02
 -0.119102E+02
 -0.119536E+02
 -0.120621E+02
 -0.122066E+02
 -0.123980E+02
 -0.126690E+02
 -0.129901E+02
 -0.133766E+02
 -0.138178E+02
 -0.142912E+02
 -0.148113E+02
 -0.153572E+02
 -0.159481E+02
 -0.165995E+02
 -0.172729E+02
 -0.179817E+02
 -0.187181E+02
 -0.194652E+02
 -0.202483E+02
 -0.210396E+02
 -0.218378E+02
 -0.226771E+02
 -0.235287E+02
 -0.243759E+02
 -0.252377E+02
 -0.261183E+02
 -0.269991E+02
 -0.278868E+02
 -0.287911E+02
 -0.296835E+02
 -0.305712E+02
 -0.314606E+02
 -0.323394E+02
 -0.332185E+02
 -0.340582E+02
 -0.348705E+02
 -0.356796E+02
 -0.364267E+02
 -0.371270E+02
 -0.378106E+02
 -0.384213E+02
 -0.389583E+02
 -0.394513E+02
 -0.398872E+02
 -0.402516E+02
 -0.405368E+02
 -0.407568E+02
 -0.409343E+02
 -0.410509E+02
 -0.411105E+02
 -0.410877E+02
 -0.409769E+02
 -0.408171E+02
 -0.406119E+02
 -0.403683E+02
 -0.401022E+02
 -0.398068E+02
 -0.394774E+02
 -0.391041E+02
 -0.386866E+02
 -0.382688E+02
 -0.378787E+02
 -0.374887E+02
 -0.371041E+02
 -0.367338E+02
 -0.363569E+02
 -0.359578E+02
 -0.355727E+02
 -0.352118E+02
 -0.348603E+02
 -0.345353E+02
 -0.342245E+02
 -0.339141E+02
 -0.336163E+02
 -0.333368E+02
 -0.330910E+02
 -0.328755E+02
 -0.326776E+02
 -0.324972E+02
 -0.323604E+02
 -0.322445E+02
 -0.321251E+02
 -0.320397E+02
 -0.319883E+02
 -0.319621E+02
 -0.319661E+02
 -0.320074E+02
 -0.320835E+02
 -0.321647E+02
 -0.322758E+02
 -0.324164E+02
 -0.325552E+02
 -0.327021E+02
 -0.328800E+02
 -0.330821E+02
 -0.332942E+02
 -0.335346E+02
 -0.337650E+02
 -0.339544E+02
 -0.341584E+02
 -0.343631E+02
 -0.345692E+02
 -0.347814E+02
 -0.349508E+02
 -0.351098E+02
 -0.352531E+02
 -0.353368E+02
 -0.354052E+02
 -0.354684E+02
 -0.355181E+02
 -0.355323E+02
 -0.355144E+02
 -0.354875E+02
 -0.354174E+02
 -0.353223E+02
 -0.352202E+02
 -0.351117E+02
 -0.350049E+02
 -0.348643E+02
 -0.347515E+02
 -0.346615E+02
 -0.345426E+02
 -0.344616E+02
 -0.343727E+02
 -0.342797E+02
 -0.342343E+02
 -0.341561E+02
 -0.341030E+02
 -0.340829E+02
 -0.340548E+02
 -0.340595E+02
 -0.340649E+02
 -0.340656E+02
 -0.340697E+02
 -0.340741E+02
 -0.340893E+02
 -0.341208E+02
 -0.341568E+02
 -0.341774E+02
 -0.342203E+02
 -0.342629E+02
 -0.342984E+02
 -0.343488E+02
 -0.343832E+02
 -0.344369E+02
 -0.345103E+02
 -0.345509E+02
 -0.345758E+02
 -0.346070E+02
 -0.346424E+02
 -0.346632E+02
 -0.346751E+02
 -0.346524E+02
 -0.346098E+02
 -0.345820E+02
 -0.345088E+02
 -0.344001E+02
 -0.342859E+02
 -0.341398E+02
 -0.339601E+02
 -0.337504E+02
 -0.335296E+02
 -0.333035E+02
 -0.330701E+02
 -0.328043E+02
 -0.325208E+02
 -0.322329E+02
 -0.319012E+02
 -0.315516E+02
 -0.312103E+02
 -0.308562E+02
 -0.304673E+02
 -0.300470E+02
 -0.296193E+02
 -0.291670E+02
 -0.287083E+02
 -0.282264E+02
 -0.277003E+02
 -0.271773E+02
 -0.266527E+02
 -0.261089E+02
 -0.255377E+02
 -0.249633E+02
 -0.244095E+02
 -0.238312E+02
 -0.232354E+02
 -0.226567E+02
 -0.220744E+02
 -0.214929E+02
 -0.209364E+02
 -0.203840E+02
 -0.198549E+02
 -0.193637E+02
 -0.188828E+02
 -0.184156E+02
 -0.179784E+02
 -0.176012E+02
 -0.172719E+02
 -0.169455E+02
 -0.166354E+02
 -0.163741E+02
 -0.161512E+02
 -0.159644E+02
 -0.158216E+02
 -0.157257E+02
 -0.156770E+02
 -0.156483E+02
 -0.156562E+02
 -0.157143E+02
 -0.158019E+02
 -0.159240E+02
 -0.160746E+02
 -0.162570E+02
 -0.164675E+02
 -0.167084E+02
 -0.169709E+02
 -0.172393E+02
 -0.175471E+02
 -0.178841E+02
 -0.182199E+02
 -0.185589E+02
 -0.189069E+02
 -0.192536E+02
 -0.196015E+02
 -0.199509E+02
 -0.203016E+02
 -0.206941E+02
 -0.210742E+02
 -0.214089E+02
 -0.217504E+02
 -0.220794E+02
 -0.223943E+02
 -0.227077E+02
 -0.230256E+02
 -0.233392E+02
 -0.236313E+02
 -0.238965E+02
 -0.241272E+02
 -0.243670E+02
 -0.246076E+02
 -0.248071E+02
 -0.249937E+02
 -0.251705E+02
 -0.253305E+02
 -0.254744E+02
 -0.256025E+02
 -0.257261E+02
 -0.258352E+02
 -0.259008E+02
 -0.259533E+02
 -0.260169E+02
 -0.260481E+02
 -0.260768E+02
 -0.261219E+02
 -0.261499E+02
 -0.261749E+02
 -0.261890E+02
 -0.261783E+02
 -0.261598E+02
 -0.261396E+02
 -0.260999E+02
 -0.260566E+02
 -0.260131E+02
 -0.259478E+02
 -0.258564E+02
 -0.257489E+02
 -0.256495E+02
 -0.255525E+02
 -0.254497E+02
 -0.253384E+02
 -0.252239E+02
 -0.251106E+02
 -0.249936E+02
 -0.248992E+02
 -0.247927E+02
 -0.246614E+02
 -0.245528E+02
 -0.244387E+02
 -0.243190E+02
 -0.242185E+02
 -0.241079E+02
 -0.240133E+02
 -0.239371E+02
 -0.238389E+02
 -0.237498E+02
 -0.236901E+02
 -0.236418E+02
 -0.235937E+02
 -0.235423E+02
 -0.235023E+02
 -0.234766E+02
 -0.234522E+02
 -0.234393E+02
 -0.234603E+02
 -0.234764E+02
 -0.234813E+02
 -0.235152E+02
 -0.235606E+02
 -0.236097E+02
 -0.236718E+02
 -0.237390E+02
 -0.237955E+02
 -0.238586E+02
 -0.239337E+02
 -0.240075E+02
 -0.241053E+02
 -0.241884E+02
 -0.242726E+02
 -0.243841E+02
 -0.244925E+02
 -0.246477E+02
 -0.248221E+02
 -0.249982E+02
 -0.252133E+02
 -0.254265E+02
 -0.256539E+02
 -0.259123E+02
 -0.262059E+02
 -0.265266E+02
 -0.268435E+02
 -0.272013E+02
 -0.275820E+02
 -0.279572E+02
 -0.283704E+02
 -0.288139E+02
 -0.292805E+02
 -0.297519E+02
 -0.302193E+02
 -0.306961E+02
 -0.311884E+02
 -0.316787E+02
 -0.321594E+02
 -0.326671E+02
 -0.331594E+02
 -0.336266E+02
 -0.341031E+02
 -0.345722E+02
 -0.350587E+02
 -0.355266E+02
 -0.359898E+02
 -0.364576E+02
 -0.368651E+02
 -0.372694E+02
 -0.376914E+02
 -0.380776E+02
 -0.384415E+02
 -0.388067E+02
 -0.391567E+02
 -0.394866E+02
 -0.398326E+02
 -0.401563E+02
 -0.404411E+02
 -0.406944E+02
 -0.409237E+02
 -0.411618E+02
 -0.413853E+02
 -0.415957E+02
 -0.417882E+02
 -0.419411E+02
 -0.420769E+02
 -0.421836E+02
 -0.422875E+02
 -0.423989E+02
 -0.424902E+02
 -0.425631E+02
 -0.426317E+02
 -0.426770E+02
 -0.426908E+02
 -0.426953E+02
 -0.426807E+02
 -0.426590E+02
 -0.426292E+02
 -0.425498E+02
 -0.424730E+02
 -0.424185E+02
 -0.423404E+02
 -0.422508E+02
 -0.421680E+02
 -0.420594E+02
 -0.419132E+02
 -0.417646E+02
 -0.416166E+02
 -0.414190E+02
 -0.412129E+02
 -0.410124E+02
 -0.407827E+02
 -0.405284E+02
 -0.402507E+02
 -0.399855E+02
 -0.396866E+02
 -0.393473E+02
 -0.390333E+02
 -0.386855E+02
 -0.383283E+02
 -0.379662E+02
 -0.375660E+02
 -0.371681E+02
 -0.367684E+02
 -0.363365E+02
 -0.358573E+02
 -0.353747E+02
 -0.348822E+02
 -0.343480E+02
 -0.338140E+02
 -0.332552E+02
 -0.326802E+02
 -0.321117E+02
 -0.315241E+02
 -0.309237E+02
 -0.303216E+02
 -0.297303E+02
 -0.291368E+02
 -0.285339E+02
 -0.279632E+02
 -0.274104E+02
 -0.268628E+02
 -0.263366E+02
 -0.258249E+02
 -0.253438E+02
 -0.248831E+02
 -0.244380E+02
 -0.240227E+02
 -0.236160E+02
 -0.232443E+02
 -0.228957E+02
 -0.225565E+02
 -0.222510E+02
 -0.219475E+02
 -0.216655E+02
 -0.214163E+02
 -0.211622E+02
 -0.209174E+02
 -0.206900E+02
 -0.204586E+02
 -0.202141E+02
 -0.199731E+02
 -0.197294E+02
 -0.194623E+02
 -0.191873E+02
 -0.189020E+02
 -0.186143E+02
 -0.183162E+02
 -0.179828E+02
 -0.176370E+02
 -0.172546E+02
 -0.168713E+02
 -0.165125E+02
 -0.161186E+02
 -0.157255E+02
 -0.153285E+02
 -0.149302E+02
 -0.145580E+02
 -0.141855E+02
 -0.138232E+02
 -0.134618E+02
 -0.131050E+02
 -0.127672E+02
 -0.124387E+02
 -0.121281E+02
 -0.118459E+02
 -0.115900E+02
 -0.113399E+02
 -0.110936E+02
 -0.108590E+02
 -0.106423E+02
 -0.104289E+02
 -0.102200E+02
 -0.100226E+02
 -0.981126E+01
 -0.961874E+01
 -0.944947E+01
 -0.926043E+01
 -0.908819E+01
 -0.892929E+01
 -0.875563E+01
 -0.859168E+01
 -0.843127E+01
 -0.827190E+01
 -0.812712E+01
 -0.796362E+01
 -0.778723E+01
 -0.762592E+01
 -0.746435E+01
 -0.730130E+01
 -0.712965E+01
 -0.694078E+01
 -0.675102E+01
 -0.654516E+01
 -0.632573E+01
 -0.610219E+01
 -0.587806E+01
 -0.565431E+01
 -0.540708E+01
 -0.513990E+01
 -0.486362E+01
 -0.457635E+01
 -0.431009E+01
 -0.404265E+01
 -0.375662E+01
 -0.348928E+01
 -0.322177E+01
 -0.294023E+01
 -0.266186E+01
 -0.241153E+01
 -0.217157E+01
 -0.190917E+01
 -0.168623E+01
 -0.147393E+01
 -0.127357E+01
 -0.112065E+01
 -0.969938E+00
 -0.849760E+00
 -0.762383E+00
 -0.710443E+00
 -0.704725E+00
 -0.724426E+00
 -0.777975E+00
 -0.843027E+00
 -0.953173E+00
 -0.110156E+01
 -0.126179E+01
 -0.145419E+01
 -0.166665E+01
 -0.191983E+01
 -0.222247E+01
 -0.252601E+01
 -0.283892E+01
 -0.320103E+01
 -0.357555E+01
 -0.395490E+01
 -0.437077E+01
 -0.477716E+01
 -0.517938E+01
 -0.562362E+01
 -0.607717E+01
 -0.652136E+01
 -0.699339E+01
 -0.745976E+01
 -0.792390E+01
 -0.839623E+01
 -0.883985E+01
 -0.929864E+01
 -0.975759E+01
 -0.101803E+02
 -0.106049E+02
 -0.110229E+02
 -0.114319E+02
 -0.118224E+02
 -0.121911E+02
 -0.125539E+02
 -0.128798E+02
 -0.131897E+02
 -0.134854E+02
 -0.137389E+02
 -0.139828E+02
 -0.142029E+02
 -0.143852E+02
 -0.145354E+02
 -0.146743E+02
 -0.147932E+02
 -0.148635E+02
 -0.149167E+02
 -0.149389E+02
 -0.149385E+02
 -0.149457E+02
 -0.149297E+02
 -0.148954E+02
 -0.148596E+02
 -0.147940E+02
 -0.147058E+02
 -0.146434E+02
 -0.145578E+02
 -0.144387E+02
 -0.143432E+02
 -0.142338E+02
 -0.141143E+02
 -0.140010E+02
 -0.138735E+02
 -0.137593E+02
 -0.136491E+02
 -0.135443E+02
 -0.134630E+02
 -0.133853E+02
 -0.133065E+02
 -0.132624E+02
 -0.132569E+02
 -0.132543E+02
 -0.132831E+02
 -0.133354E+02
 -0.133838E+02
 -0.134713E+02
 -0.135862E+02
 -0.137147E+02
 -0.138711E+02
 -0.140460E+02
 -0.142377E+02
 -0.144541E+02
 -0.146992E+02
 -0.149779E+02
 -0.152833E+02
 -0.156038E+02
 -0.159442E+02
 -0.163162E+02
 -0.167174E+02
 -0.171351E+02
 -0.175880E+02
 -0.180828E+02
 -0.185877E+02
 -0.191054E+02
 -0.196427E+02
 -0.201871E+02
 -0.207404E+02
 -0.213135E+02
 -0.219102E+02
 -0.225239E+02
 -0.231560E+02
 -0.237986E+02
 -0.244424E+02
 -0.251043E+02
 -0.257856E+02
 -0.264686E+02
 -0.271469E+02
 -0.278214E+02
 -0.284868E+02
 -0.291251E+02
 -0.297484E+02
 -0.303807E+02
 -0.310085E+02
 -0.316244E+02
 -0.322324E+02
 -0.328117E+02
 -0.333646E+02
 -0.338940E+02
 -0.344047E+02
 -0.348952E+02
 -0.353513E+02
 -0.357803E+02
 -0.361771E+02
 -0.365528E+02
 -0.369209E+02
 -0.372417E+02
 -0.375150E+02
 -0.377586E+02
 -0.379473E+02
 -0.380911E+02
 -0.381988E+02
 -0.382138E+02
 -0.381745E+02
 -0.381178E+02
 -0.379948E+02
 -0.378050E+02
 -0.375715E+02
 -0.372683E+02
 -0.369035E+02
 -0.365076E+02
 -0.360535E+02
 -0.355473E+02
 -0.349890E+02
 -0.343522E+02
 -0.336800E+02
 -0.329762E+02
 -0.322375E+02
 -0.314774E+02
 -0.306867E+02
 -0.298605E+02
 -0.290141E+02
 -0.281539E+02
 -0.272659E+02
 -0.263754E+02
 -0.255071E+02
 -0.246370E+02
 -0.237718E+02
 -0.229236E+02
 -0.220833E+02
 -0.212482E+02
 -0.204298E+02
 -0.196276E+02
 -0.188363E+02
 -0.180790E+02
 -0.173319E+02
 -0.165999E+02
 -0.159175E+02
 -0.152575E+02
 -0.146202E+02
 -0.139957E+02
 -0.133844E+02
 -0.128123E+02
 -0.122793E+02
 -0.117929E+02
 -0.113361E+02
 -0.109153E+02
 -0.105335E+02
 -0.101869E+02
 -0.988836E+01
 -0.961871E+01
 -0.939849E+01
 -0.921973E+01
 -0.907988E+01
 -0.899777E+01
 -0.893799E+01
 -0.893068E+01
 -0.896080E+01
 -0.902946E+01
 -0.915438E+01
 -0.930744E+01
 -0.952515E+01
 -0.978782E+01
 -0.100900E+02
 -0.104412E+02
 -0.108009E+02
 -0.111879E+02
 -0.115933E+02
 -0.120155E+02
 -0.124776E+02
 -0.129648E+02
 -0.134632E+02
 -0.139813E+02
 -0.145320E+02
 -0.150855E+02
 -0.156407E+02
 -0.162210E+02
 -0.167945E+02
 -0.173689E+02
 -0.179589E+02
 -0.185472E+02
 -0.191204E+02
 -0.196904E+02
 -0.202826E+02
 -0.208574E+02
 -0.214229E+02
 -0.220063E+02
 -0.225768E+02
 -0.231342E+02
 -0.236553E+02
 -0.241704E+02
 -0.246986E+02
 -0.251766E+02
 -0.256516E+02
 -0.261357E+02
 -0.265695E+02
 -0.269698E+02
 -0.273680E+02
 -0.277419E+02
 -0.280626E+02
 -0.283714E+02
 -0.286668E+02
 -0.289138E+02
 -0.291188E+02
 -0.292634E+02
 -0.293834E+02
 -0.295006E+02
 -0.295771E+02
 -0.296217E+02
 -0.296444E+02
 -0.296284E+02
 -0.295770E+02
 -0.294874E+02
 -0.293660E+02
 -0.292271E+02
 -0.290572E+02
 -0.288472E+02
 -0.286111E+02
 -0.283279E+02
 -0.280030E+02
 -0.276623E+02
 -0.272728E+02
 -0.268553E+02
 -0.264095E+02
 -0.258992E+02
 -0.253692E+02
 -0.248111E+02
 -0.242184E+02
 -0.236067E+02
 -0.229646E+02
 -0.222933E+02
 -0.216060E+02
 -0.209098E+02
 -0.201853E+02
 -0.194676E+02
 -0.187482E+02
 -0.180069E+02
 -0.172878E+02
 -0.165551E+02
 -0.158128E+02
 -0.150937E+02
 -0.143841E+02
 -0.136814E+02
 -0.129781E+02
 -0.122762E+02
 -0.115766E+02
 -0.108980E+02
 -0.102243E+02
 -0.956003E+01
 -0.893661E+01
 -0.832129E+01
 -0.770397E+01
 -0.708133E+01
 -0.644807E+01
 -0.582223E+01
 -0.520529E+01
 -0.461580E+01
 -0.403094E+01
 -0.343323E+01
 -0.285653E+01
 -0.228178E+01
 -0.168868E+01
 -0.109317E+01
 -0.496862E+00
  0.787678E-01
  0.649069E+00
  0.121921E+01
  0.177097E+01
  0.231788E+01
  0.285706E+01
  0.339835E+01
  0.393610E+01
  0.443204E+01
  0.492526E+01
  0.540609E+01
  0.585288E+01
  0.629503E+01
  0.671408E+01
  0.711791E+01
  0.751056E+01
  0.787076E+01
  0.821450E+01
  0.851745E+01
  0.879080E+01
  0.905848E+01
  0.931069E+01
  0.952734E+01
  0.971014E+01
  0.985554E+01
  0.994933E+01
  0.100067E+02
  0.100348E+02
  0.100202E+02
  0.996434E+01
  0.987542E+01
  0.972726E+01
  0.954256E+01
  0.936082E+01
  0.911724E+01
  0.885605E+01
  0.857427E+01
  0.823765E+01
  0.788320E+01
  0.748091E+01
  0.703586E+01
  0.656072E+01
  0.606273E+01
  0.554963E+01
  0.500116E+01
  0.442361E+01
  0.380735E+01
  0.315262E+01
  0.246105E+01
  0.172956E+01
  0.970299E+00
  0.205013E+00
 -0.579563E+00
 -0.139268E+01
 -0.224796E+01
 -0.312109E+01
 -0.400810E+01
 -0.493374E+01
 -0.583189E+01
 -0.672617E+01
 -0.765059E+01
 -0.857039E+01
 -0.950018E+01
 -0.104269E+02
 -0.113572E+02
 -0.122604E+02
 -0.131299E+02
 -0.139819E+02
 -0.148099E+02
 -0.156349E+02
 -0.164255E+02
 -0.172094E+02
 -0.179655E+02
 -0.186524E+02
 -0.193499E+02
 -0.200316E+02
 -0.206726E+02
 -0.213005E+02
 -0.219026E+02
 -0.224977E+02
 -0.230755E+02
 -0.236029E+02
 -0.241171E+02
 -0.246432E+02
 -0.251200E+02
 -0.255653E+02
 -0.260074E+02
 -0.264346E+02
 -0.268599E+02
 -0.272504E+02
 -0.276258E+02
 -0.279755E+02
 -0.282939E+02
 -0.286054E+02
 -0.288667E+02
 -0.291187E+02
 -0.293479E+02
 -0.295197E+02
 -0.296720E+02
 -0.297820E+02
 -0.298570E+02
 -0.298991E+02
 -0.298753E+02
 -0.298266E+02
 -0.297394E+02
 -0.296066E+02
 -0.294505E+02
 -0.292389E+02
 -0.289825E+02
 -0.286854E+02
 -0.283272E+02
 -0.278952E+02
 -0.274320E+02
 -0.269665E+02
 -0.264420E+02
 -0.258931E+02
 -0.253103E+02
 -0.246446E+02
 -0.239342E+02
 -0.231913E+02
 -0.224339E+02
 -0.216630E+02
 -0.208626E+02
 -0.200346E+02
 -0.191576E+02
 -0.182382E+02
 -0.172997E+02
 -0.163580E+02
 -0.154070E+02
 -0.144303E+02
 -0.134403E+02
 -0.124218E+02
 -0.113787E+02
 -0.103361E+02
 -0.928877E+01
 -0.824019E+01
 -0.718036E+01
 -0.610680E+01
 -0.503251E+01
 -0.395017E+01
 -0.287190E+01
 -0.180278E+01
 -0.747103E+00
  0.293711E+00
  0.133855E+01
  0.238436E+01
  0.340268E+01
  0.440127E+01
  0.539427E+01
  0.635881E+01
  0.728329E+01
  0.818297E+01
  0.903919E+01
  0.986895E+01
  0.106768E+02
  0.114278E+02
  0.121545E+02
  0.128717E+02
  0.135410E+02
  0.141781E+02
  0.147780E+02
  0.153263E+02
  0.158360E+02
  0.163249E+02
  0.167988E+02
  0.172361E+02
  0.176114E+02
  0.179662E+02
  0.182819E+02
  0.185409E+02
  0.187956E+02
  0.190163E+02
  0.191832E+02
  0.193207E+02
  0.194085E+02
  0.194508E+02
  0.194374E+02
  0.193867E+02
  0.192964E+02
  0.191804E+02
  0.190499E+02
  0.188539E+02
  0.186208E+02
  0.183674E+02
  0.180429E+02
  0.176893E+02
  0.173199E+02
  0.169026E+02
  0.164540E+02
  0.159834E+02
  0.154413E+02
  0.148560E+02
  0.142539E+02
  0.135782E+02
  0.128832E+02
  0.121974E+02
  0.114353E+02
  0.106432E+02
  0.983062E+01
  0.897083E+01
  0.810824E+01
  0.722714E+01
  0.632762E+01
  0.542969E+01
  0.451482E+01
  0.360734E+01
  0.267665E+01
  0.172079E+01
  0.776415E+00
 -0.170628E+00
 -0.111268E+01
 -0.204206E+01
 -0.294686E+01
 -0.384842E+01
 -0.477350E+01
 -0.568896E+01
 -0.659828E+01
 -0.746858E+01
 -0.832152E+01
 -0.918917E+01
 -0.999475E+01
 -0.107827E+02
 -0.115983E+02
 -0.123849E+02
 -0.131391E+02
 -0.138539E+02
 -0.145435E+02
 -0.152174E+02
 -0.158701E+02
 -0.165111E+02
 -0.171289E+02
 -0.177266E+02
 -0.182706E+02
 -0.187570E+02
 -0.192360E+02
 -0.196851E+02
 -0.201092E+02
 -0.205130E+02
 -0.208561E+02
 -0.211585E+02
 -0.214216E+02
 -0.216381E+02
 -0.218200E+02
 -0.219597E+02
 -0.220706E+02
 -0.221364E+02
 -0.221332E+02
 -0.220988E+02
 -0.220388E+02
 -0.219387E+02
 -0.218041E+02
 -0.216310E+02
 -0.214093E+02
 -0.211317E+02
 -0.208325E+02
 -0.205055E+02
 -0.201432E+02
 -0.197790E+02
 -0.193431E+02
 -0.188466E+02
 -0.183655E+02
 -0.178584E+02
 -0.173202E+02
 -0.167540E+02
 -0.161451E+02
 -0.155187E+02
 -0.148715E+02
 -0.141992E+02
 -0.135196E+02
 -0.128379E+02
 -0.121257E+02
 -0.113808E+02
 -0.106182E+02
 -0.981768E+01
 -0.901173E+01
 -0.820184E+01
 -0.737929E+01
 -0.654195E+01
 -0.566806E+01
 -0.477352E+01
 -0.384554E+01
 -0.292232E+01
 -0.200059E+01
 -0.104570E+01
 -0.104139E+00
  0.837860E+00
  0.179936E+01
  0.277555E+01
  0.374383E+01
  0.472385E+01
  0.569151E+01
  0.664455E+01
  0.762267E+01
  0.857403E+01
  0.951142E+01
  0.104377E+02
  0.113248E+02
  0.121822E+02
  0.129963E+02
  0.137836E+02
  0.145392E+02
  0.152752E+02
  0.159708E+02
  0.165997E+02
  0.171731E+02
  0.176863E+02
  0.181493E+02
  0.185761E+02
  0.189549E+02
  0.192807E+02
  0.195428E+02
  0.197466E+02
  0.198892E+02
  0.199982E+02
  0.200819E+02
  0.201096E+02
  0.200977E+02
  0.200553E+02
  0.199409E+02
  0.197688E+02
  0.195645E+02
  0.193199E+02
  0.190220E+02
  0.186947E+02
  0.183372E+02
  0.179267E+02
  0.174698E+02
  0.169880E+02
  0.164637E+02
  0.158931E+02
  0.152862E+02
  0.146488E+02
  0.139774E+02
  0.132581E+02
  0.125291E+02
  0.117944E+02
  0.110116E+02
  0.102443E+02
  0.948206E+01
  0.868862E+01
  0.791337E+01
  0.715382E+01
  0.638750E+01
  0.565558E+01
  0.493718E+01
  0.420319E+01
  0.349729E+01
  0.281273E+01
  0.213068E+01
  0.147603E+01
  0.838644E+00
  0.211870E+00
 -0.392153E+00
 -0.967145E+00
 -0.153409E+01
 -0.209440E+01
 -0.263898E+01
 -0.317298E+01
 -0.369906E+01
 -0.421930E+01
 -0.472038E+01
 -0.520224E+01
 -0.567275E+01
 -0.611361E+01
 -0.654041E+01
 -0.695452E+01
 -0.734818E+01
 -0.773065E+01
 -0.809752E+01
 -0.844883E+01
 -0.877641E+01
 -0.908168E+01
 -0.936504E+01
 -0.960896E+01
 -0.984069E+01
 -0.100508E+02
 -0.102198E+02
 -0.103674E+02
 -0.104814E+02
 -0.105460E+02
 -0.105640E+02
 -0.105624E+02
 -0.105448E+02
 -0.104913E+02
 -0.104199E+02
 -0.103276E+02
 -0.102226E+02
 -0.101106E+02
 -0.996661E+01
 -0.981356E+01
 -0.965360E+01
 -0.946927E+01
 -0.928937E+01
 -0.910192E+01
 -0.890178E+01
 -0.870596E+01
 -0.850815E+01
 -0.831181E+01
 -0.811711E+01
 -0.792073E+01
 -0.771835E+01
 -0.751509E+01
 -0.732662E+01
 -0.714596E+01
 -0.696369E+01
 -0.678492E+01
 -0.662042E+01
 -0.645458E+01
 -0.629463E+01
 -0.616125E+01
 -0.603760E+01
 -0.592260E+01
 -0.581903E+01
 -0.572296E+01
 -0.563826E+01
 -0.556279E+01
 -0.550498E+01
 -0.545584E+01
 -0.541469E+01
 -0.538764E+01
 -0.535589E+01
 -0.532360E+01
 -0.530086E+01
 -0.527892E+01
 -0.526441E+01
 -0.525491E+01
 -0.524712E+01
 -0.524315E+01
 -0.523511E+01
 -0.522436E+01
 -0.521292E+01
 -0.519382E+01
 -0.517630E+01
 -0.515721E+01
 -0.512476E+01
 -0.508939E+01
 -0.504788E+01
 -0.499754E+01
 -0.495032E+01
 -0.489540E+01
 -0.483456E+01
 -0.477426E+01
 -0.470655E+01
 -0.463414E+01
 -0.455853E+01
 -0.447649E+01
 -0.439382E+01
 -0.431025E+01
 -0.422224E+01
 -0.413388E+01
 -0.404292E+01
 -0.394654E+01
 -0.385173E+01
 -0.375689E+01
 -0.365679E+01
 -0.355611E+01
 -0.345680E+01
 -0.335029E+01
 -0.324317E+01
 -0.313826E+01
 -0.302899E+01
 -0.292116E+01
 -0.281329E+01
 -0.270331E+01
 -0.259588E+01
 -0.248864E+01
 -0.238174E+01
 -0.227666E+01
 -0.217502E+01
 -0.207463E+01
 -0.197547E+01
 -0.188025E+01
 -0.178780E+01
 -0.169803E+01
 -0.161137E+01
 -0.152790E+01
 -0.144830E+01
 -0.137176E+01
 -0.129878E+01
 -0.122865E+01
 -0.116183E+01
 -0.109823E+01
 -0.103769E+01
 -0.980061E+00
 -0.924906E+00
 -0.872705E+00
 -0.823291E+00
 -0.776470E+00
 -0.732462E+00
 -0.690420E+00
 -0.651124E+00
 -0.613936E+00
 -0.578578E+00
 -0.545301E+00
 -0.513688E+00
 -0.483719E+00
 -0.455394E+00
 -0.428515E+00
 -0.403177E+00
 -0.379025E+00
 -0.356096E+00
 -0.334156E+00
 -0.313393E+00
 -0.293614E+00
 -0.274697E+00
 -0.256696E+00
 -0.239478E+00
 -0.223013E+00
 -0.207329E+00
 -0.192235E+00
 -0.177893E+00
 -0.164167E+00
 -0.151031E+00
 -0.138498E+00
 -0.126556E+00
 -0.115175E+00
 -0.104349E+00
 -0.940381E-01
 -0.842945E-01
 -0.750876E-01
 -0.664252E-01
 -0.582910E-01
 -0.507015E-01
 -0.436436E-01
 -0.371236E-01
 -0.311308E-01
 -0.256767E-01
 -0.207529E-01
 -0.163608E-01
 -0.124946E-01
 -0.915726E-02
 -0.634252E-02
 -0.404829E-02
 -0.227052E-02
 -0.100619E-02
 -0.250786E-03
  0.000000E+00
