    10.00   0.0250    15600    24.94    56.20     170.38      6815      0.060120
  0.000000E+00
  0.171379E-05
  0.691492E-05
  0.155342E-04
  0.279028E-04
  0.436233E-04
  0.628631E-04
  0.863110E-04
  0.113166E-03
  0.144626E-03
  0.179395E-03
  0.218653E-03
  0.264111E-03
  0.313090E-03
  0.369101E-03
  0.432366E-03
  0.492395E-03
  0.556655E-03
  0.629851E-03
  0.701851E-03
  0.779476E-03
  0.863194E-03
  0.947099E-03
  0.104955E-02
  0.115656E-02
  0.125648E-02
  0.136896E-02
  0.149050E-02
  0.159662E-02
  0.170352E-02
  0.183251E-02
  0.195367E-02
  0.207740E-02
  0.222106E-02
  0.233838E-02
  0.247865E-02
  0.265763E-02
  0.280580E-02
  0.295484E-02
  0.314774E-02
  0.332721E-02
  0.349002E-02
  0.365562E-02
  0.382365E-02
  0.398707E-02
  0.415908E-02
  0.435100E-02
  0.453196E-02
  0.469638E-02
  0.488218E-02
  0.506172E-02
  0.522734E-02
  0.537611E-02
  0.558067E-02
  0.580419E-02
  0.593361E-02
  0.612087E-02
  0.634890E-02
  0.651877E-02
  0.669899E-02
  0.682887E-02
  0.701766E-02
  0.717058E-02
  0.727007E-02
  0.746375E-02
  0.761287E-02
  0.772393E-02
  0.786698E-02
  0.795851E-02
  0.802721E-02
  0.816188E-02
  0.834644E-02
  0.841879E-02
  0.846603E-02
  0.861301E-02
  0.875545E-02
  0.874278E-02
  0.871206E-02
  0.867383E-02
  0.862490E-02
  0.866349E-02
  0.871614E-02
  0.870039E-02
  0.860528E-02
  0.859365E-02
  0.854117E-02
  0.820735E-02
  0.803381E-02
  0.788283E-02
  0.766246E-02
  0.751151E-02
  0.723698E-02
  0.718843E-02
  0.710298E-02
  0.675938E-02
  0.675659E-02
  0.660272E-02
  0.634870E-02
  0.622250E-02
  0.590857E-02
  0.566682E-02
  0.544591E-02
  0.514292E-02
  0.475129E-02
  0.437924E-02
  0.428993E-02
  0.387168E-02
  0.344386E-02
  0.322040E-02
  0.279726E-02
  0.263281E-02
  0.253844E-02
  0.228832E-02
  0.214664E-02
  0.198858E-02
  0.185774E-02
  0.157709E-02
  0.134034E-02
  0.117609E-02
  0.866609E-03
  0.562072E-03
  0.278565E-03
  0.123146E-04
 -0.203671E-03
 -0.582739E-03
 -0.788709E-03
 -0.107011E-02
 -0.126343E-02
 -0.123084E-02
 -0.172939E-02
 -0.214052E-02
 -0.226039E-02
 -0.257161E-02
 -0.278606E-02
 -0.324176E-02
 -0.357821E-02
 -0.363504E-02
 -0.388284E-02
 -0.407367E-02
 -0.427884E-02
 -0.454588E-02
 -0.458734E-02
 -0.482362E-02
 -0.501422E-02
 -0.514097E-02
 -0.516428E-02
 -0.515162E-02
 -0.549257E-02
 -0.567750E-02
 -0.569209E-02
 -0.595770E-02
 -0.609085E-02
 -0.583135E-02
 -0.560876E-02
 -0.587337E-02
 -0.600715E-02
 -0.596008E-02
 -0.567078E-02
 -0.522327E-02
 -0.509982E-02
 -0.479432E-02
 -0.399003E-02
 -0.333076E-02
 -0.303195E-02
 -0.290033E-02
 -0.250496E-02
 -0.214486E-02
 -0.209938E-02
 -0.203089E-02
 -0.171550E-02
 -0.114399E-02
 -0.512733E-03
 -0.101139E-03
  0.536923E-03
  0.119285E-02
  0.204097E-02
  0.286940E-02
  0.343281E-02
  0.424177E-02
  0.521432E-02
  0.599979E-02
  0.663709E-02
  0.747752E-02
  0.848448E-02
  0.898662E-02
  0.939548E-02
  0.101401E-01
  0.109614E-01
  0.115011E-01
  0.121641E-01
  0.126802E-01
  0.132480E-01
  0.144169E-01
  0.150430E-01
  0.150853E-01
  0.159130E-01
  0.169247E-01
  0.175939E-01
  0.179155E-01
  0.184392E-01
  0.194134E-01
  0.201799E-01
  0.205816E-01
  0.208520E-01
  0.211567E-01
  0.216516E-01
  0.217698E-01
  0.217248E-01
  0.221595E-01
  0.229557E-01
  0.234756E-01
  0.239471E-01
  0.245880E-01
  0.255240E-01
  0.263820E-01
  0.267666E-01
  0.268630E-01
  0.273680E-01
  0.277889E-01
  0.273385E-01
  0.268358E-01
  0.267564E-01
  0.267946E-01
  0.274042E-01
  0.279739E-01
  0.280200E-01
  0.281770E-01
  0.285219E-01
  0.277944E-01
  0.268409E-01
  0.265816E-01
  0.262211E-01
  0.260575E-01
  0.259493E-01
  0.250961E-01
  0.245672E-01
  0.240687E-01
  0.229698E-01
  0.217523E-01
  0.210183E-01
  0.206980E-01
  0.199608E-01
  0.186829E-01
  0.176908E-01
  0.169342E-01
  0.159597E-01
  0.142555E-01
  0.129341E-01
  0.123961E-01
  0.114097E-01
  0.102338E-01
  0.892050E-02
  0.736133E-02
  0.663801E-02
  0.532737E-02
  0.364653E-02
  0.257290E-02
  0.136528E-02
 -0.267840E-03
 -0.239846E-02
 -0.463271E-02
 -0.610285E-02
 -0.726642E-02
 -0.909066E-02
 -0.113702E-01
 -0.133329E-01
 -0.151153E-01
 -0.175584E-01
 -0.200940E-01
 -0.217190E-01
 -0.236520E-01
 -0.251660E-01
 -0.274542E-01
 -0.304508E-01
 -0.323064E-01
 -0.341612E-01
 -0.361332E-01
 -0.386003E-01
 -0.405614E-01
 -0.419079E-01
 -0.446103E-01
 -0.470830E-01
 -0.496711E-01
 -0.520127E-01
 -0.536641E-01
 -0.562824E-01
 -0.592224E-01
 -0.613718E-01
 -0.632379E-01
 -0.655459E-01
 -0.683623E-01
 -0.708974E-01
 -0.729879E-01
 -0.753460E-01
 -0.779473E-01
 -0.799013E-01
 -0.817870E-01
 -0.830396E-01
 -0.844333E-01
 -0.865471E-01
 -0.879053E-01
 -0.886689E-01
 -0.900408E-01
 -0.922160E-01
 -0.937624E-01
 -0.945842E-01
 -0.968490E-01
 -0.989509E-01
 -0.100344E+00
 -0.102237E+00
 -0.103462E+00
 -0.104787E+00
 -0.106578E+00
 -0.107884E+00
 -0.109227E+00
 -0.109695E+00
 -0.111188E+00
 -0.113130E+00
 -0.113119E+00
 -0.113217E+00
 -0.113991E+00
 -0.114100E+00
 -0.114226E+00
 -0.114653E+00
 -0.114822E+00
 -0.115476E+00
 -0.116684E+00
 -0.116887E+00
 -0.116329E+00
 -0.116216E+00
 -0.116407E+00
 -0.115875E+00
 -0.115488E+00
 -0.115990E+00
 -0.117052E+00
 -0.117130E+00
 -0.116784E+00
 -0.117228E+00
 -0.117225E+00
 -0.117347E+00
 -0.117815E+00
 -0.117202E+00
 -0.117001E+00
 -0.117787E+00
 -0.118019E+00
 -0.117291E+00
 -0.117453E+00
 -0.118473E+00
 -0.117865E+00
 -0.117119E+00
 -0.118128E+00
 -0.118023E+00
 -0.117856E+00
 -0.118503E+00
 -0.117735E+00
 -0.117424E+00
 -0.117904E+00
 -0.117145E+00
 -0.116305E+00
 -0.116085E+00
 -0.115908E+00
 -0.115565E+00
 -0.115568E+00
 -0.115092E+00
 -0.114934E+00
 -0.116041E+00
 -0.115836E+00
 -0.114678E+00
 -0.114454E+00
 -0.112509E+00
 -0.109944E+00
 -0.109089E+00
 -0.107110E+00
 -0.104989E+00
 -0.104984E+00
 -0.103261E+00
 -0.100515E+00
 -0.997086E-01
 -0.985541E-01
 -0.955925E-01
 -0.931562E-01
 -0.919668E-01
 -0.900130E-01
 -0.873772E-01
 -0.855916E-01
 -0.835232E-01
 -0.808225E-01
 -0.788750E-01
 -0.771406E-01
 -0.747764E-01
 -0.729680E-01
 -0.713799E-01
 -0.696297E-01
 -0.671091E-01
 -0.647233E-01
 -0.637403E-01
 -0.613425E-01
 -0.583920E-01
 -0.570459E-01
 -0.539849E-01
 -0.501971E-01
 -0.471475E-01
 -0.436687E-01
 -0.401912E-01
 -0.359521E-01
 -0.316043E-01
 -0.273173E-01
 -0.224600E-01
 -0.173926E-01
 -0.107727E-01
 -0.447607E-02
  0.197101E-02
  0.102408E-01
  0.191319E-01
  0.292847E-01
  0.404248E-01
  0.522888E-01
  0.666404E-01
  0.822835E-01
  0.987020E-01
  0.118064E+00
  0.140032E+00
  0.163379E+00
  0.189774E+00
  0.218567E+00
  0.248240E+00
  0.281033E+00
  0.316236E+00
  0.351650E+00
  0.389954E+00
  0.430909E+00
  0.472168E+00
  0.514630E+00
  0.558656E+00
  0.603197E+00
  0.648411E+00
  0.694544E+00
  0.741228E+00
  0.787587E+00
  0.835745E+00
  0.885583E+00
  0.934193E+00
  0.983656E+00
  0.103589E+01
  0.108809E+01
  0.114018E+01
  0.119563E+01
  0.125221E+01
  0.130806E+01
  0.136712E+01
  0.142758E+01
  0.148979E+01
  0.155446E+01
  0.162142E+01
  0.169019E+01
  0.175881E+01
  0.183221E+01
  0.190894E+01
  0.198349E+01
  0.206235E+01
  0.214559E+01
  0.222941E+01
  0.231546E+01
  0.240433E+01
  0.249594E+01
  0.258860E+01
  0.268393E+01
  0.278245E+01
  0.288121E+01
  0.298460E+01
  0.309156E+01
  0.320093E+01
  0.331517E+01
  0.343426E+01
  0.355809E+01
  0.368575E+01
  0.381775E+01
  0.395600E+01
  0.409883E+01
  0.424540E+01
  0.439687E+01
  0.455250E+01
  0.471084E+01
  0.487350E+01
  0.503829E+01
  0.520395E+01
  0.537067E+01
  0.553929E+01
  0.570860E+01
  0.587592E+01
  0.604148E+01
  0.620792E+01
  0.637208E+01
  0.653239E+01
  0.669177E+01
  0.685066E+01
  0.700651E+01
  0.716070E+01
  0.731528E+01
  0.746969E+01
  0.762212E+01
  0.777699E+01
  0.793376E+01
  0.809088E+01
  0.825281E+01
  0.842063E+01
  0.858948E+01
  0.876101E+01
  0.893991E+01
  0.912453E+01
  0.931163E+01
  0.950326E+01
  0.969937E+01
  0.990104E+01
  0.101044E+02
  0.103108E+02
  0.105209E+02
  0.107310E+02
  0.109426E+02
  0.111562E+02
  0.113673E+02
  0.115784E+02
  0.117907E+02
  0.120017E+02
  0.122100E+02
  0.124185E+02
  0.126262E+02
  0.128350E+02
  0.130430E+02
  0.132489E+02
  0.134557E+02
  0.136640E+02
  0.138717E+02
  0.140785E+02
  0.142840E+02
  0.144914E+02
  0.146978E+02
  0.149008E+02
  0.151015E+02
  0.153029E+02
  0.155008E+02
  0.156957E+02
  0.158882E+02
  0.160795E+02
  0.162694E+02
  0.164563E+02
  0.166420E+02
  0.168301E+02
  0.170178E+02
  0.172083E+02
  0.173997E+02
  0.175943E+02
  0.177952E+02
  0.179998E+02
  0.182078E+02
  0.184216E+02
  0.186392E+02
  0.188640E+02
  0.190941E+02
  0.193273E+02
  0.195658E+02
  0.198110E+02
  0.200596E+02
  0.203143E+02
  0.205737E+02
  0.208386E+02
  0.211096E+02
  0.213849E+02
  0.216643E+02
  0.219510E+02
  0.222396E+02
  0.225319E+02
  0.228304E+02
  0.231324E+02
  0.234347E+02
  0.237432E+02
  0.240557E+02
  0.243682E+02
  0.246837E+02
  0.250053E+02
  0.253279E+02
  0.256535E+02
  0.259824E+02
  0.263173E+02
  0.266559E+02
  0.269976E+02
  0.273438E+02
  0.276962E+02
  0.280514E+02
  0.284130E+02
  0.287796E+02
  0.291504E+02
  0.295287E+02
  0.299149E+02
  0.303049E+02
  0.307063E+02
  0.311167E+02
  0.315411E+02
  0.319787E+02
  0.324307E+02
  0.329047E+02
  0.333970E+02
  0.339075E+02
  0.344429E+02
  0.349968E+02
  0.355738E+02
  0.361705E+02
  0.367885E+02
  0.374260E+02
  0.380809E+02
  0.387520E+02
  0.394390E+02
  0.401386E+02
  0.408510E+02
  0.415747E+02
  0.423098E+02
  0.430508E+02
  0.438018E+02
  0.445566E+02
  0.453178E+02
  0.460856E+02
  0.468589E+02
  0.476377E+02
  0.484257E+02
  0.492190E+02
  0.500202E+02
  0.508301E+02
  0.516523E+02
  0.524835E+02
  0.533290E+02
  0.541886E+02
  0.550671E+02
  0.559634E+02
  0.568783E+02
  0.578118E+02
  0.587705E+02
  0.597483E+02
  0.607492E+02
  0.617717E+02
  0.628168E+02
  0.638828E+02
  0.649687E+02
  0.660678E+02
  0.671858E+02
  0.683160E+02
  0.694579E+02
  0.706072E+02
  0.717666E+02
  0.729297E+02
  0.740948E+02
  0.752582E+02
  0.764234E+02
  0.775828E+02
  0.787415E+02
  0.798918E+02
  0.810408E+02
  0.821879E+02
  0.833283E+02
  0.844631E+02
  0.855984E+02
  0.867287E+02
  0.878609E+02
  0.889869E+02
  0.901175E+02
  0.912481E+02
  0.923748E+02
  0.934994E+02
  0.946275E+02
  0.957520E+02
  0.968776E+02
  0.979979E+02
  0.991228E+02
  0.100245E+03
  0.101365E+03
  0.102481E+03
  0.103597E+03
  0.104708E+03
  0.105818E+03
  0.106920E+03
  0.108024E+03
  0.109121E+03
  0.110210E+03
  0.111288E+03
  0.112359E+03
  0.113415E+03
  0.114462E+03
  0.115485E+03
  0.116496E+03
  0.117489E+03
  0.118459E+03
  0.119404E+03
  0.120330E+03
  0.121232E+03
  0.122113E+03
  0.122964E+03
  0.123797E+03
  0.124605E+03
  0.125386E+03
  0.126135E+03
  0.126863E+03
  0.127563E+03
  0.128242E+03
  0.128891E+03
  0.129524E+03
  0.130139E+03
  0.130737E+03
  0.131313E+03
  0.131883E+03
  0.132440E+03
  0.132993E+03
  0.133537E+03
  0.134084E+03
  0.134631E+03
  0.135179E+03
  0.135721E+03
  0.136269E+03
  0.136812E+03
  0.137355E+03
  0.137888E+03
  0.138419E+03
  0.138941E+03
  0.139451E+03
  0.139940E+03
  0.140418E+03
  0.140872E+03
  0.141309E+03
  0.141715E+03
  0.142100E+03
  0.142459E+03
  0.142789E+03
  0.143084E+03
  0.143356E+03
  0.143595E+03
  0.143808E+03
  0.143986E+03
  0.144142E+03
  0.144272E+03
  0.144371E+03
  0.144436E+03
  0.144480E+03
  0.144490E+03
  0.144476E+03
  0.144428E+03
  0.144358E+03
  0.144262E+03
  0.144139E+03
  0.143985E+03
  0.143811E+03
  0.143610E+03
  0.143391E+03
  0.143143E+03
  0.142879E+03
  0.142596E+03
  0.142289E+03
  0.141954E+03
  0.141603E+03
  0.141224E+03
  0.140825E+03
  0.140394E+03
  0.139943E+03
  0.139466E+03
  0.138959E+03
  0.138421E+03
  0.137861E+03
  0.137270E+03
  0.136660E+03
  0.136022E+03
  0.135368E+03
  0.134694E+03
  0.134005E+03
  0.133294E+03
  0.132573E+03
  0.131835E+03
  0.131088E+03
  0.130322E+03
  0.129547E+03
  0.128757E+03
  0.127951E+03
  0.127123E+03
  0.126286E+03
  0.125429E+03
  0.124561E+03
  0.123674E+03
  0.122779E+03
  0.121873E+03
  0.120953E+03
  0.120021E+03
  0.119085E+03
  0.118137E+03
  0.117189E+03
  0.116229E+03
  0.115272E+03
  0.114313E+03
  0.113350E+03
  0.112381E+03
  0.111415E+03
  0.110448E+03
  0.109484E+03
  0.108519E+03
  0.107568E+03
  0.106625E+03
  0.105696E+03
  0.104777E+03
  0.103881E+03
  0.103005E+03
  0.102151E+03
  0.101312E+03
  0.100501E+03
  0.997081E+02
  0.989335E+02
  0.981712E+02
  0.974265E+02
  0.966932E+02
  0.959742E+02
  0.952615E+02
  0.945599E+02
  0.938627E+02
  0.931693E+02
  0.924736E+02
  0.917812E+02
  0.910861E+02
  0.903922E+02
  0.896941E+02
  0.889992E+02
  0.883011E+02
  0.876004E+02
  0.868947E+02
  0.861885E+02
  0.854751E+02
  0.847616E+02
  0.840416E+02
  0.833222E+02
  0.826023E+02
  0.818813E+02
  0.811587E+02
  0.804440E+02
  0.797301E+02
  0.790248E+02
  0.783238E+02
  0.776342E+02
  0.769558E+02
  0.762872E+02
  0.756251E+02
  0.749758E+02
  0.743327E+02
  0.736986E+02
  0.730658E+02
  0.724398E+02
  0.718166E+02
  0.711928E+02
  0.705647E+02
  0.699360E+02
  0.693025E+02
  0.686674E+02
  0.680234E+02
  0.673786E+02
  0.667301E+02
  0.660771E+02
  0.654190E+02
  0.647606E+02
  0.640969E+02
  0.634342E+02
  0.627675E+02
  0.621002E+02
  0.614302E+02
  0.607574E+02
  0.600778E+02
  0.593964E+02
  0.587086E+02
  0.580179E+02
  0.573207E+02
  0.566222E+02
  0.559209E+02
  0.552159E+02
  0.545068E+02
  0.538006E+02
  0.530908E+02
  0.523811E+02
  0.516734E+02
  0.509713E+02
  0.502710E+02
  0.495775E+02
  0.488896E+02
  0.482096E+02
  0.475354E+02
  0.468684E+02
  0.462062E+02
  0.455531E+02
  0.449033E+02
  0.442589E+02
  0.436163E+02
  0.429792E+02
  0.423461E+02
  0.417153E+02
  0.410850E+02
  0.404593E+02
  0.398347E+02
  0.392122E+02
  0.385882E+02
  0.379670E+02
  0.373458E+02
  0.367279E+02
  0.361105E+02
  0.354956E+02
  0.348834E+02
  0.342755E+02
  0.336687E+02
  0.330649E+02
  0.324650E+02
  0.318713E+02
  0.312802E+02
  0.306953E+02
  0.301157E+02
  0.295418E+02
  0.289699E+02
  0.284007E+02
  0.278304E+02
  0.272591E+02
  0.266824E+02
  0.260987E+02
  0.255053E+02
  0.249011E+02
  0.242829E+02
  0.236502E+02
  0.230018E+02
  0.223411E+02
  0.216641E+02
  0.209770E+02
  0.202794E+02
  0.195696E+02
  0.188529E+02
  0.181329E+02
  0.174077E+02
  0.166819E+02
  0.159562E+02
  0.152356E+02
  0.145194E+02
  0.138069E+02
  0.131021E+02
  0.124056E+02
  0.117134E+02
  0.110270E+02
  0.103427E+02
  0.966284E+01
  0.898533E+01
  0.830680E+01
  0.762640E+01
  0.694395E+01
  0.625669E+01
  0.556153E+01
  0.485659E+01
  0.414235E+01
  0.341595E+01
  0.267698E+01
  0.192475E+01
  0.115962E+01
  0.382705E+00
 -0.402782E+00
 -0.119832E+01
 -0.200316E+01
 -0.281533E+01
 -0.363336E+01
 -0.445764E+01
 -0.528751E+01
 -0.612329E+01
 -0.696171E+01
 -0.780000E+01
 -0.864088E+01
 -0.948113E+01
 -0.103186E+02
 -0.111555E+02
 -0.119894E+02
 -0.128212E+02
 -0.136512E+02
 -0.144776E+02
 -0.153039E+02
 -0.161292E+02
 -0.169503E+02
 -0.177699E+02
 -0.185878E+02
 -0.194029E+02
 -0.202180E+02
 -0.210307E+02
 -0.218439E+02
 -0.226582E+02
 -0.234741E+02
 -0.242934E+02
 -0.251140E+02
 -0.259377E+02
 -0.267672E+02
 -0.275983E+02
 -0.284344E+02
 -0.292744E+02
 -0.301186E+02
 -0.309674E+02
 -0.318208E+02
 -0.326769E+02
 -0.335398E+02
 -0.344082E+02
 -0.352834E+02
 -0.361673E+02
 -0.370591E+02
 -0.379593E+02
 -0.388707E+02
 -0.397890E+02
 -0.407191E+02
 -0.416576E+02
 -0.426041E+02
 -0.435596E+02
 -0.445211E+02
 -0.454834E+02
 -0.464504E+02
 -0.474184E+02
 -0.483855E+02
 -0.493491E+02
 -0.503132E+02
 -0.512766E+02
 -0.522385E+02
 -0.531975E+02
 -0.541588E+02
 -0.551200E+02
 -0.560820E+02
 -0.570405E+02
 -0.579997E+02
 -0.589553E+02
 -0.599062E+02
 -0.608491E+02
 -0.617852E+02
 -0.627125E+02
 -0.636322E+02
 -0.645383E+02
 -0.654359E+02
 -0.663255E+02
 -0.672052E+02
 -0.680724E+02
 -0.689366E+02
 -0.697939E+02
 -0.706473E+02
 -0.714957E+02
 -0.723451E+02
 -0.731935E+02
 -0.740379E+02
 -0.748792E+02
 -0.757211E+02
 -0.765567E+02
 -0.773934E+02
 -0.782251E+02
 -0.790572E+02
 -0.798891E+02
 -0.807200E+02
 -0.815495E+02
 -0.823858E+02
 -0.832252E+02
 -0.840728E+02
 -0.849267E+02
 -0.857955E+02
 -0.866764E+02
 -0.875683E+02
 -0.884694E+02
 -0.893839E+02
 -0.903040E+02
 -0.912324E+02
 -0.921603E+02
 -0.930928E+02
 -0.940247E+02
 -0.949516E+02
 -0.958684E+02
 -0.967804E+02
 -0.976809E+02
 -0.985725E+02
 -0.994482E+02
 -0.100319E+03
 -0.101183E+03
 -0.102035E+03
 -0.102878E+03
 -0.103717E+03
 -0.104547E+03
 -0.105371E+03
 -0.106182E+03
 -0.106986E+03
 -0.107779E+03
 -0.108558E+03
 -0.109320E+03
 -0.110074E+03
 -0.110814E+03
 -0.111549E+03
 -0.112271E+03
 -0.112989E+03
 -0.113703E+03
 -0.114410E+03
 -0.115105E+03
 -0.115798E+03
 -0.116481E+03
 -0.117161E+03
 -0.117831E+03
 -0.118500E+03
 -0.119163E+03
 -0.119820E+03
 -0.120471E+03
 -0.121122E+03
 -0.121766E+03
 -0.122413E+03
 -0.123054E+03
 -0.123703E+03
 -0.124357E+03
 -0.125017E+03
 -0.125683E+03
 -0.126363E+03
 -0.127051E+03
 -0.127754E+03
 -0.128461E+03
 -0.129182E+03
 -0.129913E+03
 -0.130649E+03
 -0.131383E+03
 -0.132124E+03
 -0.132862E+03
 -0.133600E+03
 -0.134326E+03
 -0.135049E+03
 -0.135766E+03
 -0.136470E+03
 -0.137159E+03
 -0.137844E+03
 -0.138516E+03
 -0.139184E+03
 -0.139841E+03
 -0.140498E+03
 -0.141155E+03
 -0.141812E+03
 -0.142464E+03
 -0.143127E+03
 -0.143792E+03
 -0.144468E+03
 -0.145147E+03
 -0.145841E+03
 -0.146550E+03
 -0.147270E+03
 -0.147999E+03
 -0.148750E+03
 -0.149518E+03
 -0.150312E+03
 -0.151122E+03
 -0.151964E+03
 -0.152831E+03
 -0.153721E+03
 -0.154626E+03
 -0.155557E+03
 -0.156499E+03
 -0.157460E+03
 -0.158426E+03
 -0.159406E+03
 -0.160393E+03
 -0.161382E+03
 -0.162368E+03
 -0.163361E+03
 -0.164346E+03
 -0.165335E+03
 -0.166313E+03
 -0.167289E+03
 -0.168259E+03
 -0.169221E+03
 -0.170163E+03
 -0.171104E+03
 -0.172030E+03
 -0.172947E+03
 -0.173848E+03
 -0.174747E+03
 -0.175638E+03
 -0.176519E+03
 -0.177384E+03
 -0.178249E+03
 -0.179102E+03
 -0.179953E+03
 -0.180791E+03
 -0.181631E+03
 -0.182470E+03
 -0.183304E+03
 -0.184128E+03
 -0.184959E+03
 -0.185781E+03
 -0.186605E+03
 -0.187414E+03
 -0.188221E+03
 -0.189020E+03
 -0.189803E+03
 -0.190564E+03
 -0.191314E+03
 -0.192040E+03
 -0.192748E+03
 -0.193427E+03
 -0.194089E+03
 -0.194728E+03
 -0.195340E+03
 -0.195920E+03
 -0.196480E+03
 -0.197006E+03
 -0.197510E+03
 -0.197975E+03
 -0.198416E+03
 -0.198828E+03
 -0.199204E+03
 -0.199537E+03
 -0.199843E+03
 -0.200106E+03
 -0.200338E+03
 -0.200522E+03
 -0.200676E+03
 -0.200792E+03
 -0.200867E+03
 -0.200895E+03
 -0.200896E+03
 -0.200858E+03
 -0.200791E+03
 -0.200689E+03
 -0.200572E+03
 -0.200432E+03
 -0.200272E+03
 -0.200085E+03
 -0.199889E+03
 -0.199675E+03
 -0.199453E+03
 -0.199211E+03
 -0.198966E+03
 -0.198714E+03
 -0.198451E+03
 -0.198171E+03
 -0.197893E+03
 -0.197600E+03
 -0.197303E+03
 -0.196991E+03
 -0.196678E+03
 -0.196358E+03
 -0.196028E+03
 -0.195682E+03
 -0.195335E+03
 -0.194973E+03
 -0.194606E+03
 -0.194221E+03
 -0.193829E+03
 -0.193422E+03
 -0.193000E+03
 -0.192550E+03
 -0.192088E+03
 -0.191602E+03
 -0.191098E+03
 -0.190566E+03
 -0.190018E+03
 -0.189450E+03
 -0.188859E+03
 -0.188237E+03
 -0.187605E+03
 -0.186947E+03
 -0.186275E+03
 -0.185581E+03
 -0.184878E+03
 -0.184159E+03
 -0.183424E+03
 -0.182666E+03
 -0.181898E+03
 -0.181107E+03
 -0.180302E+03
 -0.179470E+03
 -0.178621E+03
 -0.177748E+03
 -0.176847E+03
 -0.175908E+03
 -0.174947E+03
 -0.173952E+03
 -0.172932E+03
 -0.171878E+03
 -0.170808E+03
 -0.169717E+03
 -0.168611E+03
 -0.167487E+03
 -0.166362E+03
 -0.165233E+03
 -0.164110E+03
 -0.162983E+03
 -0.161872E+03
 -0.160771E+03
 -0.159679E+03
 -0.158591E+03
 -0.157515E+03
 -0.156443E+03
 -0.155379E+03
 -0.154313E+03
 -0.153254E+03
 -0.152194E+03
 -0.151133E+03
 -0.150062E+03
 -0.148989E+03
 -0.147908E+03
 -0.146823E+03
 -0.145722E+03
 -0.144619E+03
 -0.143507E+03
 -0.142385E+03
 -0.141247E+03
 -0.140104E+03
 -0.138951E+03
 -0.137791E+03
 -0.136618E+03
 -0.135445E+03
 -0.134265E+03
 -0.133082E+03
 -0.131893E+03
 -0.130713E+03
 -0.129534E+03
 -0.128370E+03
 -0.127216E+03
 -0.126081E+03
 -0.124972E+03
 -0.123885E+03
 -0.122817E+03
 -0.121781E+03
 -0.120765E+03
 -0.119773E+03
 -0.118794E+03
 -0.117835E+03
 -0.116888E+03
 -0.115948E+03
 -0.115010E+03
 -0.114081E+03
 -0.113155E+03
 -0.112238E+03
 -0.111322E+03
 -0.110421E+03
 -0.109533E+03
 -0.108656E+03
 -0.107790E+03
 -0.106942E+03
 -0.106107E+03
 -0.105293E+03
 -0.104491E+03
 -0.103710E+03
 -0.102945E+03
 -0.102194E+03
 -0.101450E+03
 -0.100718E+03
 -0.999897E+02
 -0.992681E+02
 -0.985472E+02
 -0.978328E+02
 -0.971203E+02
 -0.964122E+02
 -0.957050E+02
 -0.950057E+02
 -0.943111E+02
 -0.936247E+02
 -0.929412E+02
 -0.922678E+02
 -0.915975E+02
 -0.909338E+02
 -0.902690E+02
 -0.896082E+02
 -0.889475E+02
 -0.882877E+02
 -0.876264E+02
 -0.869705E+02
 -0.863167E+02
 -0.856662E+02
 -0.850173E+02
 -0.843792E+02
 -0.837464E+02
 -0.831252E+02
 -0.825126E+02
 -0.819148E+02
 -0.813323E+02
 -0.807652E+02
 -0.802094E+02
 -0.796734E+02
 -0.791508E+02
 -0.786448E+02
 -0.781473E+02
 -0.776620E+02
 -0.771860E+02
 -0.767148E+02
 -0.762432E+02
 -0.757785E+02
 -0.753174E+02
 -0.748642E+02
 -0.744160E+02
 -0.739818E+02
 -0.735596E+02
 -0.731499E+02
 -0.727507E+02
 -0.723690E+02
 -0.719978E+02
 -0.716424E+02
 -0.712967E+02
 -0.709627E+02
 -0.706392E+02
 -0.703208E+02
 -0.700022E+02
 -0.696863E+02
 -0.693648E+02
 -0.690393E+02
 -0.687041E+02
 -0.683666E+02
 -0.680219E+02
 -0.676708E+02
 -0.673154E+02
 -0.669582E+02
 -0.665975E+02
 -0.662403E+02
 -0.658800E+02
 -0.655225E+02
 -0.651654E+02
 -0.648057E+02
 -0.644421E+02
 -0.640808E+02
 -0.637182E+02
 -0.633597E+02
 -0.630053E+02
 -0.626640E+02
 -0.623330E+02
 -0.620131E+02
 -0.617056E+02
 -0.614130E+02
 -0.611301E+02
 -0.608596E+02
 -0.605931E+02
 -0.603359E+02
 -0.600853E+02
 -0.598347E+02
 -0.595821E+02
 -0.593308E+02
 -0.590745E+02
 -0.588118E+02
 -0.585355E+02
 -0.582494E+02
 -0.579488E+02
 -0.576345E+02
 -0.573034E+02
 -0.569608E+02
 -0.566062E+02
 -0.562439E+02
 -0.558718E+02
 -0.554936E+02
 -0.551083E+02
 -0.547198E+02
 -0.543244E+02
 -0.539249E+02
 -0.535216E+02
 -0.531172E+02
 -0.527070E+02
 -0.522964E+02
 -0.518825E+02
 -0.514642E+02
 -0.510392E+02
 -0.506130E+02
 -0.501800E+02
 -0.497410E+02
 -0.492965E+02
 -0.488479E+02
 -0.483907E+02
 -0.479254E+02
 -0.474494E+02
 -0.469639E+02
 -0.464637E+02
 -0.459505E+02
 -0.454207E+02
 -0.448768E+02
 -0.443177E+02
 -0.437455E+02
 -0.431581E+02
 -0.425606E+02
 -0.419521E+02
 -0.413334E+02
 -0.407042E+02
 -0.400692E+02
 -0.394264E+02
 -0.387771E+02
 -0.381221E+02
 -0.374657E+02
 -0.368056E+02
 -0.361453E+02
 -0.354822E+02
 -0.348194E+02
 -0.341564E+02
 -0.334923E+02
 -0.328241E+02
 -0.321529E+02
 -0.314743E+02
 -0.307873E+02
 -0.300875E+02
 -0.293734E+02
 -0.286434E+02
 -0.278974E+02
 -0.271299E+02
 -0.263423E+02
 -0.255360E+02
 -0.247112E+02
 -0.238658E+02
 -0.230035E+02
 -0.221231E+02
 -0.212264E+02
 -0.203150E+02
 -0.193916E+02
 -0.184567E+02
 -0.175160E+02
 -0.165706E+02
 -0.156228E+02
 -0.146751E+02
 -0.137293E+02
 -0.127863E+02
 -0.118476E+02
 -0.109125E+02
 -0.998314E+01
 -0.905718E+01
 -0.813642E+01
 -0.722019E+01
 -0.630779E+01
 -0.539843E+01
 -0.449001E+01
 -0.358292E+01
 -0.267502E+01
 -0.176299E+01
 -0.848913E+00
  0.699284E-01
  0.994844E+00
  0.192304E+01
  0.285562E+01
  0.379194E+01
  0.473165E+01
  0.567337E+01
  0.661607E+01
  0.756015E+01
  0.850269E+01
  0.944443E+01
  0.103849E+02
  0.113221E+02
  0.122584E+02
  0.131912E+02
  0.141210E+02
  0.150470E+02
  0.159677E+02
  0.168848E+02
  0.177994E+02
  0.187096E+02
  0.196196E+02
  0.205298E+02
  0.214436E+02
  0.223619E+02
  0.232842E+02
  0.242087E+02
  0.251360E+02
  0.260629E+02
  0.269874E+02
  0.279044E+02
  0.288123E+02
  0.297091E+02
  0.305878E+02
  0.314419E+02
  0.322732E+02
  0.330771E+02
  0.338540E+02
  0.346003E+02
  0.353218E+02
  0.360202E+02
  0.366955E+02
  0.373495E+02
  0.379872E+02
  0.386083E+02
  0.392170E+02
  0.398106E+02
  0.403951E+02
  0.409718E+02
  0.415391E+02
  0.420983E+02
  0.426552E+02
  0.432074E+02
  0.437593E+02
  0.443084E+02
  0.448586E+02
  0.454078E+02
  0.459528E+02
  0.464912E+02
  0.470236E+02
  0.475431E+02
  0.480491E+02
  0.485363E+02
  0.490090E+02
  0.494586E+02
  0.498836E+02
  0.502836E+02
  0.506586E+02
  0.510108E+02
  0.513425E+02
  0.516507E+02
  0.519498E+02
  0.522368E+02
  0.525092E+02
  0.527722E+02
  0.530299E+02
  0.532757E+02
  0.535134E+02
  0.537375E+02
  0.539530E+02
  0.541581E+02
  0.543510E+02
  0.545316E+02
  0.547054E+02
  0.548706E+02
  0.550304E+02
  0.551830E+02
  0.553375E+02
  0.554899E+02
  0.556398E+02
  0.557871E+02
  0.559339E+02
  0.560741E+02
  0.562077E+02
  0.563306E+02
  0.564452E+02
  0.565464E+02
  0.566322E+02
  0.566994E+02
  0.567509E+02
  0.567812E+02
  0.567962E+02
  0.567910E+02
  0.567690E+02
  0.567351E+02
  0.566875E+02
  0.566254E+02
  0.565585E+02
  0.564815E+02
  0.563991E+02
  0.563095E+02
  0.562157E+02
  0.561172E+02
  0.560116E+02
  0.558947E+02
  0.557722E+02
  0.556351E+02
  0.554835E+02
  0.553161E+02
  0.551342E+02
  0.549324E+02
  0.547112E+02
  0.544666E+02
  0.542022E+02
  0.539166E+02
  0.536092E+02
  0.532790E+02
  0.529350E+02
  0.525740E+02
  0.522000E+02
  0.518113E+02
  0.514135E+02
  0.510086E+02
  0.505952E+02
  0.501696E+02
  0.497376E+02
  0.492963E+02
  0.488473E+02
  0.483862E+02
  0.479190E+02
  0.474456E+02
  0.469662E+02
  0.464792E+02
  0.459915E+02
  0.455034E+02
  0.450151E+02
  0.445261E+02
  0.440404E+02
  0.435548E+02
  0.430713E+02
  0.425841E+02
  0.420981E+02
  0.416097E+02
  0.411147E+02
  0.406170E+02
  0.401180E+02
  0.396115E+02
  0.391081E+02
  0.386045E+02
  0.381033E+02
  0.376111E+02
  0.371267E+02
  0.366503E+02
  0.361876E+02
  0.357349E+02
  0.352971E+02
  0.348718E+02
  0.344600E+02
  0.340594E+02
  0.336688E+02
  0.332874E+02
  0.329148E+02
  0.325478E+02
  0.321877E+02
  0.318319E+02
  0.314862E+02
  0.311484E+02
  0.308198E+02
  0.305007E+02
  0.301954E+02
  0.299051E+02
  0.296304E+02
  0.293712E+02
  0.291315E+02
  0.289074E+02
  0.287024E+02
  0.285107E+02
  0.283308E+02
  0.281657E+02
  0.280089E+02
  0.278555E+02
  0.277107E+02
  0.275665E+02
  0.274230E+02
  0.272804E+02
  0.271352E+02
  0.269902E+02
  0.268486E+02
  0.267022E+02
  0.265602E+02
  0.264217E+02
  0.262833E+02
  0.261515E+02
  0.260231E+02
  0.258967E+02
  0.257799E+02
  0.256651E+02
  0.255543E+02
  0.254485E+02
  0.253430E+02
  0.252374E+02
  0.251321E+02
  0.250221E+02
  0.249129E+02
  0.248022E+02
  0.246897E+02
  0.245790E+02
  0.244726E+02
  0.243703E+02
  0.242778E+02
  0.241954E+02
  0.241242E+02
  0.240654E+02
  0.240224E+02
  0.239946E+02
  0.239793E+02
  0.239745E+02
  0.239865E+02
  0.240087E+02
  0.240388E+02
  0.240804E+02
  0.241317E+02
  0.241899E+02
  0.242587E+02
  0.243356E+02
  0.244223E+02
  0.245205E+02
  0.246304E+02
  0.247500E+02
  0.248839E+02
  0.250284E+02
  0.251822E+02
  0.253443E+02
  0.255110E+02
  0.256805E+02
  0.258524E+02
  0.260184E+02
  0.261824E+02
  0.263412E+02
  0.264923E+02
  0.266392E+02
  0.267834E+02
  0.269227E+02
  0.270648E+02
  0.272094E+02
  0.273567E+02
  0.275095E+02
  0.276649E+02
  0.278199E+02
  0.279793E+02
  0.281356E+02
  0.282934E+02
  0.284528E+02
  0.286127E+02
  0.287755E+02
  0.289414E+02
  0.291096E+02
  0.292818E+02
  0.294561E+02
  0.296338E+02
  0.298110E+02
  0.299934E+02
  0.301759E+02
  0.303580E+02
  0.305414E+02
  0.307253E+02
  0.309090E+02
  0.310915E+02
  0.312726E+02
  0.314566E+02
  0.316387E+02
  0.318218E+02
  0.320032E+02
  0.321854E+02
  0.323683E+02
  0.325501E+02
  0.327276E+02
  0.329050E+02
  0.330801E+02
  0.332490E+02
  0.334122E+02
  0.335722E+02
  0.337248E+02
  0.338745E+02
  0.340173E+02
  0.341558E+02
  0.342921E+02
  0.344230E+02
  0.345462E+02
  0.346649E+02
  0.347737E+02
  0.348752E+02
  0.349673E+02
  0.350515E+02
  0.351261E+02
  0.351950E+02
  0.352591E+02
  0.353203E+02
  0.353803E+02
  0.354417E+02
  0.355017E+02
  0.355661E+02
  0.356325E+02
  0.356999E+02
  0.357669E+02
  0.358360E+02
  0.359046E+02
  0.359709E+02
  0.360342E+02
  0.360978E+02
  0.361569E+02
  0.362129E+02
  0.362651E+02
  0.363158E+02
  0.363619E+02
  0.364062E+02
  0.364461E+02
  0.364846E+02
  0.365208E+02
  0.365536E+02
  0.365829E+02
  0.366105E+02
  0.366360E+02
  0.366612E+02
  0.366817E+02
  0.367043E+02
  0.367265E+02
  0.367487E+02
  0.367713E+02
  0.367957E+02
  0.368205E+02
  0.368468E+02
  0.368679E+02
  0.368866E+02
  0.369003E+02
  0.369072E+02
  0.369043E+02
  0.368927E+02
  0.368703E+02
  0.368400E+02
  0.367966E+02
  0.367437E+02
  0.366836E+02
  0.366126E+02
  0.365310E+02
  0.364444E+02
  0.363495E+02
  0.362499E+02
  0.361434E+02
  0.360345E+02
  0.359215E+02
  0.358024E+02
  0.356778E+02
  0.355500E+02
  0.354135E+02
  0.352734E+02
  0.351287E+02
  0.349821E+02
  0.348340E+02
  0.346852E+02
  0.345361E+02
  0.343902E+02
  0.342463E+02
  0.341074E+02
  0.339714E+02
  0.338400E+02
  0.337133E+02
  0.335919E+02
  0.334707E+02
  0.333545E+02
  0.332407E+02
  0.331289E+02
  0.330164E+02
  0.329068E+02
  0.328001E+02
  0.326949E+02
  0.325900E+02
  0.324907E+02
  0.323951E+02
  0.323024E+02
  0.322107E+02
  0.321212E+02
  0.320320E+02
  0.319422E+02
  0.318460E+02
  0.317478E+02
  0.316462E+02
  0.315407E+02
  0.314315E+02
  0.313203E+02
  0.312064E+02
  0.310919E+02
  0.309740E+02
  0.308562E+02
  0.307366E+02
  0.306185E+02
  0.305012E+02
  0.303862E+02
  0.302735E+02
  0.301631E+02
  0.300545E+02
  0.299486E+02
  0.298429E+02
  0.297366E+02
  0.296256E+02
  0.295135E+02
  0.293956E+02
  0.292712E+02
  0.291396E+02
  0.290019E+02
  0.288576E+02
  0.287072E+02
  0.285477E+02
  0.283844E+02
  0.282141E+02
  0.280342E+02
  0.278458E+02
  0.276519E+02
  0.274484E+02
  0.272385E+02
  0.270209E+02
  0.267969E+02
  0.265686E+02
  0.263324E+02
  0.260886E+02
  0.258415E+02
  0.255869E+02
  0.253286E+02
  0.250656E+02
  0.247999E+02
  0.245327E+02
  0.242661E+02
  0.239967E+02
  0.237264E+02
  0.234583E+02
  0.231916E+02
  0.229213E+02
  0.226526E+02
  0.223838E+02
  0.221117E+02
  0.218365E+02
  0.215579E+02
  0.212742E+02
  0.209872E+02
  0.206948E+02
  0.203997E+02
  0.201002E+02
  0.197996E+02
  0.194999E+02
  0.192029E+02
  0.189090E+02
  0.186232E+02
  0.183459E+02
  0.180783E+02
  0.178210E+02
  0.175739E+02
  0.173346E+02
  0.171062E+02
  0.168847E+02
  0.166662E+02
  0.164518E+02
  0.162398E+02
  0.160261E+02
  0.158129E+02
  0.155973E+02
  0.153793E+02
  0.151600E+02
  0.149402E+02
  0.147170E+02
  0.144930E+02
  0.142684E+02
  0.140412E+02
  0.138091E+02
  0.135743E+02
  0.133357E+02
  0.130921E+02
  0.128431E+02
  0.125904E+02
  0.123348E+02
  0.120767E+02
  0.118155E+02
  0.115553E+02
  0.112972E+02
  0.110423E+02
  0.107927E+02
  0.105519E+02
  0.103208E+02
  0.101005E+02
  0.989132E+01
  0.969370E+01
  0.950573E+01
  0.932968E+01
  0.916228E+01
  0.900241E+01
  0.885031E+01
  0.870542E+01
  0.856571E+01
  0.843119E+01
  0.830240E+01
  0.817839E+01
  0.806000E+01
  0.794959E+01
  0.784593E+01
  0.774943E+01
  0.766069E+01
  0.758135E+01
  0.750819E+01
  0.744148E+01
  0.738292E+01
  0.733012E+01
  0.728199E+01
  0.724070E+01
  0.720406E+01
  0.717420E+01
  0.715243E+01
  0.713955E+01
  0.713613E+01
  0.714530E+01
  0.716868E+01
  0.720484E+01
  0.725563E+01
  0.732166E+01
  0.740167E+01
  0.749615E+01
  0.760150E+01
  0.771905E+01
  0.784724E+01
  0.798427E+01
  0.813023E+01
  0.828625E+01
  0.845150E+01
  0.862615E+01
  0.881042E+01
  0.900459E+01
  0.920702E+01
  0.941880E+01
  0.963760E+01
  0.986090E+01
  0.100888E+02
  0.103200E+02
  0.105514E+02
  0.107822E+02
  0.110112E+02
  0.112382E+02
  0.114633E+02
  0.116873E+02
  0.119100E+02
  0.121360E+02
  0.123647E+02
  0.125994E+02
  0.128415E+02
  0.130910E+02
  0.133490E+02
  0.136169E+02
  0.138916E+02
  0.141720E+02
  0.144562E+02
  0.147422E+02
  0.150258E+02
  0.153051E+02
  0.155772E+02
  0.158416E+02
  0.160963E+02
  0.163392E+02
  0.165681E+02
  0.167847E+02
  0.169871E+02
  0.171730E+02
  0.173401E+02
  0.174920E+02
  0.176262E+02
  0.177420E+02
  0.178397E+02
  0.179217E+02
  0.179879E+02
  0.180401E+02
  0.180796E+02
  0.181086E+02
  0.181297E+02
  0.181458E+02
  0.181541E+02
  0.181586E+02
  0.181583E+02
  0.181519E+02
  0.181384E+02
  0.181173E+02
  0.180873E+02
  0.180474E+02
  0.179961E+02
  0.179336E+02
  0.178578E+02
  0.177714E+02
  0.176724E+02
  0.175638E+02
  0.174483E+02
  0.173275E+02
  0.172044E+02
  0.170824E+02
  0.169606E+02
  0.168420E+02
  0.167264E+02
  0.166132E+02
  0.165010E+02
  0.163896E+02
  0.162759E+02
  0.161599E+02
  0.160388E+02
  0.159104E+02
  0.157719E+02
  0.156256E+02
  0.154680E+02
  0.152970E+02
  0.151133E+02
  0.149192E+02
  0.147137E+02
  0.144958E+02
  0.142676E+02
  0.140325E+02
  0.137889E+02
  0.135399E+02
  0.132858E+02
  0.130295E+02
  0.127738E+02
  0.125186E+02
  0.122650E+02
  0.120172E+02
  0.117749E+02
  0.115400E+02
  0.113118E+02
  0.110909E+02
  0.108770E+02
  0.106700E+02
  0.104675E+02
  0.102700E+02
  0.100767E+02
  0.988650E+01
  0.969903E+01
  0.951339E+01
  0.932728E+01
  0.914241E+01
  0.895720E+01
  0.877146E+01
  0.858542E+01
  0.840086E+01
  0.821854E+01
  0.803975E+01
  0.786570E+01
  0.769798E+01
  0.753700E+01
  0.738521E+01
  0.724248E+01
  0.711031E+01
  0.698977E+01
  0.688173E+01
  0.678391E+01
  0.669690E+01
  0.662079E+01
  0.655454E+01
  0.649667E+01
  0.644428E+01
  0.639732E+01
  0.635543E+01
  0.631554E+01
  0.627810E+01
  0.624243E+01
  0.621149E+01
  0.618379E+01
  0.616002E+01
  0.614127E+01
  0.612735E+01
  0.611929E+01
  0.611650E+01
  0.611859E+01
  0.612617E+01
  0.614083E+01
  0.616284E+01
  0.619097E+01
  0.622943E+01
  0.627616E+01
  0.633257E+01
  0.639859E+01
  0.647382E+01
  0.655985E+01
  0.665464E+01
  0.676044E+01
  0.687704E+01
  0.700135E+01
  0.713802E+01
  0.728540E+01
  0.744303E+01
  0.761209E+01
  0.779323E+01
  0.798519E+01
  0.818628E+01
  0.839389E+01
  0.860534E+01
  0.881822E+01
  0.902976E+01
  0.923604E+01
  0.943789E+01
  0.963177E+01
  0.981814E+01
  0.999838E+01
  0.101705E+02
  0.103377E+02
  0.105047E+02
  0.106691E+02
  0.108339E+02
  0.110035E+02
  0.111794E+02
  0.113619E+02
  0.115536E+02
  0.117540E+02
  0.119663E+02
  0.121887E+02
  0.124207E+02
  0.126619E+02
  0.129114E+02
  0.131704E+02
  0.134349E+02
  0.137027E+02
  0.139768E+02
  0.142538E+02
  0.145347E+02
  0.148152E+02
  0.150967E+02
  0.153811E+02
  0.156639E+02
  0.159436E+02
  0.162223E+02
  0.164982E+02
  0.167709E+02
  0.170372E+02
  0.172978E+02
  0.175514E+02
  0.177998E+02
  0.180401E+02
  0.182722E+02
  0.184971E+02
  0.187158E+02
  0.189264E+02
  0.191305E+02
  0.193272E+02
  0.195168E+02
  0.196994E+02
  0.198745E+02
  0.200398E+02
  0.201980E+02
  0.203453E+02
  0.204833E+02
  0.206094E+02
  0.207226E+02
  0.208230E+02
  0.209109E+02
  0.209835E+02
  0.210431E+02
  0.210905E+02
  0.211269E+02
  0.211536E+02
  0.211728E+02
  0.211824E+02
  0.211885E+02
  0.211903E+02
  0.211855E+02
  0.211754E+02
  0.211631E+02
  0.211451E+02
  0.211196E+02
  0.210856E+02
  0.210445E+02
  0.209923E+02
  0.209275E+02
  0.208474E+02
  0.207524E+02
  0.206422E+02
  0.205154E+02
  0.203692E+02
  0.202096E+02
  0.200340E+02
  0.198446E+02
  0.196427E+02
  0.194260E+02
  0.191978E+02
  0.189586E+02
  0.187053E+02
  0.184413E+02
  0.181657E+02
  0.178815E+02
  0.175882E+02
  0.172882E+02
  0.169822E+02
  0.166737E+02
  0.163612E+02
  0.160457E+02
  0.157290E+02
  0.154095E+02
  0.150865E+02
  0.147608E+02
  0.144295E+02
  0.140932E+02
  0.137522E+02
  0.134072E+02
  0.130543E+02
  0.126986E+02
  0.123393E+02
  0.119741E+02
  0.116055E+02
  0.112309E+02
  0.108498E+02
  0.104655E+02
  0.100731E+02
  0.967376E+01
  0.926834E+01
  0.885942E+01
  0.844599E+01
  0.802852E+01
  0.761078E+01
  0.719520E+01
  0.678333E+01
  0.637686E+01
  0.597579E+01
  0.558304E+01
  0.519793E+01
  0.481784E+01
  0.444303E+01
  0.407297E+01
  0.370407E+01
  0.333777E+01
  0.297087E+01
  0.260190E+01
  0.223370E+01
  0.186501E+01
  0.149416E+01
  0.112233E+01
  0.750103E+00
  0.378129E+00
  0.454187E-02
 -0.370117E+00
 -0.747006E+00
 -0.112584E+01
 -0.150523E+01
 -0.188896E+01
 -0.227673E+01
 -0.266535E+01
 -0.305458E+01
 -0.344488E+01
 -0.383463E+01
 -0.422038E+01
 -0.460124E+01
 -0.497669E+01
 -0.534390E+01
 -0.570174E+01
 -0.605151E+01
 -0.639234E+01
 -0.672482E+01
 -0.705227E+01
 -0.737352E+01
 -0.768895E+01
 -0.800165E+01
 -0.831202E+01
 -0.861678E+01
 -0.891661E+01
 -0.921171E+01
 -0.949944E+01
 -0.978005E+01
 -0.100534E+02
 -0.103156E+02
 -0.105700E+02
 -0.108172E+02
 -0.110547E+02
 -0.112841E+02
 -0.115067E+02
 -0.117224E+02
 -0.119321E+02
 -0.121348E+02
 -0.123325E+02
 -0.125245E+02
 -0.127102E+02
 -0.128901E+02
 -0.130632E+02
 -0.132274E+02
 -0.133846E+02
 -0.135318E+02
 -0.136677E+02
 -0.137914E+02
 -0.139031E+02
 -0.140004E+02
 -0.140821E+02
 -0.141491E+02
 -0.142016E+02
 -0.142394E+02
 -0.142609E+02
 -0.142673E+02
 -0.142640E+02
 -0.142490E+02
 -0.142240E+02
 -0.141925E+02
 -0.141561E+02
 -0.141172E+02
 -0.140779E+02
 -0.140371E+02
 -0.139966E+02
 -0.139582E+02
 -0.139205E+02
 -0.138799E+02
 -0.138401E+02
 -0.137981E+02
 -0.137515E+02
 -0.137012E+02
 -0.136460E+02
 -0.135849E+02
 -0.135181E+02
 -0.134434E+02
 -0.133612E+02
 -0.132716E+02
 -0.131745E+02
 -0.130691E+02
 -0.129563E+02
 -0.128370E+02
 -0.127126E+02
 -0.125830E+02
 -0.124506E+02
 -0.123168E+02
 -0.121841E+02
 -0.120536E+02
 -0.119283E+02
 -0.118094E+02
 -0.116977E+02
 -0.115951E+02
 -0.115048E+02
 -0.114255E+02
 -0.113571E+02
 -0.113010E+02
 -0.112567E+02
 -0.112223E+02
 -0.111975E+02
 -0.111809E+02
 -0.111721E+02
 -0.111694E+02
 -0.111722E+02
 -0.111778E+02
 -0.111867E+02
 -0.111989E+02
 -0.112117E+02
 -0.112246E+02
 -0.112406E+02
 -0.112573E+02
 -0.112752E+02
 -0.112945E+02
 -0.113158E+02
 -0.113410E+02
 -0.113694E+02
 -0.114013E+02
 -0.114380E+02
 -0.114803E+02
 -0.115283E+02
 -0.115791E+02
 -0.116343E+02
 -0.116932E+02
 -0.117538E+02
 -0.118150E+02
 -0.118744E+02
 -0.119311E+02
 -0.119856E+02
 -0.120326E+02
 -0.120735E+02
 -0.121076E+02
 -0.121329E+02
 -0.121496E+02
 -0.121566E+02
 -0.121528E+02
 -0.121392E+02
 -0.121167E+02
 -0.120856E+02
 -0.120469E+02
 -0.120020E+02
 -0.119524E+02
 -0.119024E+02
 -0.118499E+02
 -0.117972E+02
 -0.117474E+02
 -0.117004E+02
 -0.116567E+02
 -0.116158E+02
 -0.115783E+02
 -0.115467E+02
 -0.115170E+02
 -0.114904E+02
 -0.114662E+02
 -0.114446E+02
 -0.114263E+02
 -0.114081E+02
 -0.113895E+02
 -0.113714E+02
 -0.113529E+02
 -0.113320E+02
 -0.113083E+02
 -0.112837E+02
 -0.112551E+02
 -0.112248E+02
 -0.111920E+02
 -0.111549E+02
 -0.111162E+02
 -0.110757E+02
 -0.110323E+02
 -0.109870E+02
 -0.109394E+02
 -0.108925E+02
 -0.108426E+02
 -0.107895E+02
 -0.107356E+02
 -0.106801E+02
 -0.106230E+02
 -0.105626E+02
 -0.105010E+02
 -0.104385E+02
 -0.103719E+02
 -0.103049E+02
 -0.102349E+02
 -0.101625E+02
 -0.100898E+02
 -0.100136E+02
 -0.993336E+01
 -0.984954E+01
 -0.976071E+01
 -0.966685E+01
 -0.956468E+01
 -0.945656E+01
 -0.934389E+01
 -0.922618E+01
 -0.910447E+01
 -0.898005E+01
 -0.885481E+01
 -0.873007E+01
 -0.860518E+01
 -0.848245E+01
 -0.836174E+01
 -0.824293E+01
 -0.812776E+01
 -0.801296E+01
 -0.789697E+01
 -0.778309E+01
 -0.766674E+01
 -0.754701E+01
 -0.742379E+01
 -0.729691E+01
 -0.716757E+01
 -0.703396E+01
 -0.689500E+01
 -0.675382E+01
 -0.660940E+01
 -0.646114E+01
 -0.631029E+01
 -0.615633E+01
 -0.600001E+01
 -0.584080E+01
 -0.567774E+01
 -0.551110E+01
 -0.534144E+01
 -0.516879E+01
 -0.499121E+01
 -0.481187E+01
 -0.463042E+01
 -0.444755E+01
 -0.426515E+01
 -0.408140E+01
 -0.389793E+01
 -0.371700E+01
 -0.353778E+01
 -0.335961E+01
 -0.318251E+01
 -0.300700E+01
 -0.283209E+01
 -0.265664E+01
 -0.248019E+01
 -0.230248E+01
 -0.212417E+01
 -0.194402E+01
 -0.176163E+01
 -0.157703E+01
 -0.139004E+01
 -0.120075E+01
 -0.100824E+01
 -0.812763E+00
 -0.614088E+00
 -0.413529E+00
 -0.209807E+00
 -0.268412E-02
  0.206017E+00
  0.417555E+00
  0.630824E+00
  0.845866E+00
  0.106220E+01
  0.127815E+01
  0.149314E+01
  0.170788E+01
  0.192060E+01
  0.212953E+01
  0.233383E+01
  0.253360E+01
  0.272825E+01
  0.291821E+01
  0.310357E+01
  0.328443E+01
  0.346303E+01
  0.363961E+01
  0.381335E+01
  0.398505E+01
  0.415527E+01
  0.432419E+01
  0.449111E+01
  0.465701E+01
  0.482005E+01
  0.498186E+01
  0.514190E+01
  0.529882E+01
  0.545295E+01
  0.560543E+01
  0.575593E+01
  0.590311E+01
  0.604713E+01
  0.618974E+01
  0.632981E+01
  0.646770E+01
  0.660271E+01
  0.673600E+01
  0.686905E+01
  0.700095E+01
  0.713243E+01
  0.726475E+01
  0.739800E+01
  0.753539E+01
  0.767529E+01
  0.781983E+01
  0.797169E+01
  0.813133E+01
  0.829838E+01
  0.847553E+01
  0.866229E+01
  0.885827E+01
  0.906337E+01
  0.927571E+01
  0.949286E+01
  0.971477E+01
  0.993973E+01
  0.101641E+02
  0.103858E+02
  0.106066E+02
  0.108240E+02
  0.110383E+02
  0.112487E+02
  0.114552E+02
  0.116586E+02
  0.118604E+02
  0.120595E+02
  0.122563E+02
  0.124506E+02
  0.126443E+02
  0.128359E+02
  0.130232E+02
  0.132059E+02
  0.133855E+02
  0.135585E+02
  0.137241E+02
  0.138826E+02
  0.140332E+02
  0.141748E+02
  0.143081E+02
  0.144305E+02
  0.145450E+02
  0.146508E+02
  0.147481E+02
  0.148347E+02
  0.149126E+02
  0.149824E+02
  0.150423E+02
  0.150902E+02
  0.151287E+02
  0.151577E+02
  0.151779E+02
  0.151876E+02
  0.151893E+02
  0.151851E+02
  0.151751E+02
  0.151593E+02
  0.151388E+02
  0.151144E+02
  0.150887E+02
  0.150593E+02
  0.150280E+02
  0.149944E+02
  0.149596E+02
  0.149217E+02
  0.148820E+02
  0.148390E+02
  0.147936E+02
  0.147460E+02
  0.146968E+02
  0.146457E+02
  0.145932E+02
  0.145416E+02
  0.144921E+02
  0.144427E+02
  0.143969E+02
  0.143540E+02
  0.143159E+02
  0.142820E+02
  0.142501E+02
  0.142222E+02
  0.141991E+02
  0.141766E+02
  0.141561E+02
  0.141351E+02
  0.141146E+02
  0.140931E+02
  0.140685E+02
  0.140398E+02
  0.140093E+02
  0.139759E+02
  0.139392E+02
  0.138985E+02
  0.138561E+02
  0.138128E+02
  0.137683E+02
  0.137227E+02
  0.136780E+02
  0.136358E+02
  0.135980E+02
  0.135622E+02
  0.135305E+02
  0.135030E+02
  0.134794E+02
  0.134582E+02
  0.134403E+02
  0.134245E+02
  0.134141E+02
  0.134066E+02
  0.134028E+02
  0.134051E+02
  0.134127E+02
  0.134268E+02
  0.134479E+02
  0.134745E+02
  0.135101E+02
  0.135538E+02
  0.136058E+02
  0.136659E+02
  0.137363E+02
  0.138153E+02
  0.139038E+02
  0.140015E+02
  0.141065E+02
  0.142176E+02
  0.143366E+02
  0.144604E+02
  0.145869E+02
  0.147171E+02
  0.148534E+02
  0.149925E+02
  0.151357E+02
  0.152836E+02
  0.154378E+02
  0.155978E+02
  0.157621E+02
  0.159311E+02
  0.161067E+02
  0.162867E+02
  0.164708E+02
  0.166567E+02
  0.168463E+02
  0.170375E+02
  0.172296E+02
  0.174212E+02
  0.176138E+02
  0.178076E+02
  0.180027E+02
  0.181988E+02
  0.183975E+02
  0.185989E+02
  0.188040E+02
  0.190106E+02
  0.192200E+02
  0.194306E+02
  0.196440E+02
  0.198569E+02
  0.200685E+02
  0.202788E+02
  0.204855E+02
  0.206857E+02
  0.208804E+02
  0.210665E+02
  0.212463E+02
  0.214180E+02
  0.215831E+02
  0.217404E+02
  0.218914E+02
  0.220374E+02
  0.221790E+02
  0.223144E+02
  0.224483E+02
  0.225797E+02
  0.227087E+02
  0.228371E+02
  0.229639E+02
  0.230871E+02
  0.232103E+02
  0.233302E+02
  0.234463E+02
  0.235566E+02
  0.236645E+02
  0.237677E+02
  0.238636E+02
  0.239547E+02
  0.240434E+02
  0.241266E+02
  0.242080E+02
  0.242850E+02
  0.243606E+02
  0.244339E+02
  0.245024E+02
  0.245647E+02
  0.246210E+02
  0.246691E+02
  0.247092E+02
  0.247362E+02
  0.247527E+02
  0.247585E+02
  0.247515E+02
  0.247298E+02
  0.246970E+02
  0.246513E+02
  0.245946E+02
  0.245256E+02
  0.244464E+02
  0.243568E+02
  0.242578E+02
  0.241489E+02
  0.240310E+02
  0.239029E+02
  0.237674E+02
  0.236218E+02
  0.234672E+02
  0.233032E+02
  0.231298E+02
  0.229466E+02
  0.227558E+02
  0.225559E+02
  0.223497E+02
  0.221359E+02
  0.219185E+02
  0.216961E+02
  0.214688E+02
  0.212393E+02
  0.210086E+02
  0.207749E+02
  0.205411E+02
  0.203056E+02
  0.200720E+02
  0.198386E+02
  0.196045E+02
  0.193704E+02
  0.191379E+02
  0.189062E+02
  0.186753E+02
  0.184439E+02
  0.182150E+02
  0.179875E+02
  0.177613E+02
  0.175347E+02
  0.173110E+02
  0.170899E+02
  0.168704E+02
  0.166508E+02
  0.164327E+02
  0.162139E+02
  0.159930E+02
  0.157673E+02
  0.155376E+02
  0.153026E+02
  0.150618E+02
  0.148135E+02
  0.145591E+02
  0.142985E+02
  0.140328E+02
  0.137609E+02
  0.134848E+02
  0.132046E+02
  0.129225E+02
  0.126383E+02
  0.123527E+02
  0.120655E+02
  0.117787E+02
  0.114918E+02
  0.112049E+02
  0.109183E+02
  0.106326E+02
  0.103468E+02
  0.100625E+02
  0.977841E+01
  0.949559E+01
  0.921361E+01
  0.893408E+01
  0.865582E+01
  0.837828E+01
  0.810185E+01
  0.782680E+01
  0.755089E+01
  0.727378E+01
  0.699588E+01
  0.671863E+01
  0.644125E+01
  0.616519E+01
  0.589107E+01
  0.562000E+01
  0.535279E+01
  0.508870E+01
  0.482709E+01
  0.457122E+01
  0.432026E+01
  0.407387E+01
  0.383302E+01
  0.359953E+01
  0.337441E+01
  0.315773E+01
  0.294890E+01
  0.274974E+01
  0.256088E+01
  0.238321E+01
  0.221596E+01
  0.205962E+01
  0.191571E+01
  0.178438E+01
  0.166515E+01
  0.155706E+01
  0.146057E+01
  0.137687E+01
  0.130235E+01
  0.123626E+01
  0.117940E+01
  0.113006E+01
  0.108504E+01
  0.104513E+01
  0.100842E+01
  0.972826E+00
  0.940504E+00
  0.909182E+00
  0.876595E+00
  0.845585E+00
  0.814549E+00
  0.782379E+00
  0.749089E+00
  0.714422E+00
  0.677624E+00
  0.638408E+00
  0.595601E+00
  0.548598E+00
  0.498056E+00
  0.444589E+00
  0.387686E+00
  0.326988E+00
  0.263040E+00
  0.196501E+00
  0.127138E+00
  0.545397E-01
 -0.216589E-01
 -0.985317E-01
 -0.176964E+00
 -0.257921E+00
 -0.339414E+00
 -0.421618E+00
 -0.504757E+00
 -0.588016E+00
 -0.674245E+00
 -0.763809E+00
 -0.854089E+00
 -0.947183E+00
 -0.104470E+01
 -0.114480E+01
 -0.124705E+01
 -0.135101E+01
 -0.145841E+01
 -0.156813E+01
 -0.167911E+01
 -0.179183E+01
 -0.190587E+01
 -0.202237E+01
 -0.213988E+01
 -0.225768E+01
 -0.237629E+01
 -0.249520E+01
 -0.261558E+01
 -0.273590E+01
 -0.285562E+01
 -0.297737E+01
 -0.310048E+01
 -0.322398E+01
 -0.334994E+01
 -0.347736E+01
 -0.360702E+01
 -0.373913E+01
 -0.387144E+01
 -0.400480E+01
 -0.413932E+01
 -0.427514E+01
 -0.440997E+01
 -0.454508E+01
 -0.468163E+01
 -0.481789E+01
 -0.495555E+01
 -0.509306E+01
 -0.523028E+01
 -0.536975E+01
 -0.551014E+01
 -0.564968E+01
 -0.579007E+01
 -0.593093E+01
 -0.607003E+01
 -0.620881E+01
 -0.634436E+01
 -0.647812E+01
 -0.661116E+01
 -0.674179E+01
 -0.687173E+01
 -0.700123E+01
 -0.713138E+01
 -0.726327E+01
 -0.739679E+01
 -0.753178E+01
 -0.766965E+01
 -0.781222E+01
 -0.795722E+01
 -0.810554E+01
 -0.825764E+01
 -0.841401E+01
 -0.857350E+01
 -0.873614E+01
 -0.890237E+01
 -0.907221E+01
 -0.924652E+01
 -0.942461E+01
 -0.960637E+01
 -0.979289E+01
 -0.998277E+01
 -0.101750E+02
 -0.103682E+02
 -0.105629E+02
 -0.107576E+02
 -0.109519E+02
 -0.111442E+02
 -0.113349E+02
 -0.115249E+02
 -0.117127E+02
 -0.118968E+02
 -0.120783E+02
 -0.122562E+02
 -0.124310E+02
 -0.126019E+02
 -0.127670E+02
 -0.129292E+02
 -0.130884E+02
 -0.132410E+02
 -0.133911E+02
 -0.135371E+02
 -0.136788E+02
 -0.138167E+02
 -0.139505E+02
 -0.140783E+02
 -0.141997E+02
 -0.143163E+02
 -0.144252E+02
 -0.145250E+02
 -0.146195E+02
 -0.147068E+02
 -0.147874E+02
 -0.148618E+02
 -0.149314E+02
 -0.149957E+02
 -0.150572E+02
 -0.151155E+02
 -0.151715E+02
 -0.152268E+02
 -0.152832E+02
 -0.153408E+02
 -0.153983E+02
 -0.154569E+02
 -0.155192E+02
 -0.155830E+02
 -0.156486E+02
 -0.157167E+02
 -0.157893E+02
 -0.158643E+02
 -0.159424E+02
 -0.160236E+02
 -0.161079E+02
 -0.161960E+02
 -0.162877E+02
 -0.163798E+02
 -0.164750E+02
 -0.165727E+02
 -0.166704E+02
 -0.167673E+02
 -0.168637E+02
 -0.169596E+02
 -0.170540E+02
 -0.171448E+02
 -0.172342E+02
 -0.173208E+02
 -0.174051E+02
 -0.174853E+02
 -0.175631E+02
 -0.176366E+02
 -0.177067E+02
 -0.177740E+02
 -0.178370E+02
 -0.178956E+02
 -0.179526E+02
 -0.180066E+02
 -0.180563E+02
 -0.181038E+02
 -0.181499E+02
 -0.181922E+02
 -0.182344E+02
 -0.182739E+02
 -0.183108E+02
 -0.183472E+02
 -0.183825E+02
 -0.184151E+02
 -0.184461E+02
 -0.184761E+02
 -0.185055E+02
 -0.185325E+02
 -0.185574E+02
 -0.185813E+02
 -0.186052E+02
 -0.186270E+02
 -0.186478E+02
 -0.186673E+02
 -0.186876E+02
 -0.187078E+02
 -0.187276E+02
 -0.187463E+02
 -0.187663E+02
 -0.187868E+02
 -0.188066E+02
 -0.188258E+02
 -0.188457E+02
 -0.188664E+02
 -0.188867E+02
 -0.189050E+02
 -0.189233E+02
 -0.189408E+02
 -0.189582E+02
 -0.189723E+02
 -0.189855E+02
 -0.189982E+02
 -0.190091E+02
 -0.190171E+02
 -0.190238E+02
 -0.190285E+02
 -0.190316E+02
 -0.190328E+02
 -0.190310E+02
 -0.190261E+02
 -0.190195E+02
 -0.190082E+02
 -0.189935E+02
 -0.189736E+02
 -0.189505E+02
 -0.189229E+02
 -0.188910E+02
 -0.188547E+02
 -0.188141E+02
 -0.187703E+02
 -0.187232E+02
 -0.186710E+02
 -0.186157E+02
 -0.185571E+02
 -0.184956E+02
 -0.184297E+02
 -0.183597E+02
 -0.182855E+02
 -0.182079E+02
 -0.181239E+02
 -0.180350E+02
 -0.179411E+02
 -0.178427E+02
 -0.177396E+02
 -0.176307E+02
 -0.175164E+02
 -0.173992E+02
 -0.172780E+02
 -0.171524E+02
 -0.170238E+02
 -0.168946E+02
 -0.167631E+02
 -0.166304E+02
 -0.164951E+02
 -0.163605E+02
 -0.162257E+02
 -0.160898E+02
 -0.159531E+02
 -0.158166E+02
 -0.156790E+02
 -0.155415E+02
 -0.154025E+02
 -0.152619E+02
 -0.151219E+02
 -0.149834E+02
 -0.148438E+02
 -0.147059E+02
 -0.145714E+02
 -0.144399E+02
 -0.143091E+02
 -0.141823E+02
 -0.140590E+02
 -0.139383E+02
 -0.138212E+02
 -0.137076E+02
 -0.135964E+02
 -0.134890E+02
 -0.133855E+02
 -0.132847E+02
 -0.131865E+02
 -0.130915E+02
 -0.129997E+02
 -0.129105E+02
 -0.128222E+02
 -0.127366E+02
 -0.126515E+02
 -0.125674E+02
 -0.124838E+02
 -0.124006E+02
 -0.123177E+02
 -0.122353E+02
 -0.121542E+02
 -0.120723E+02
 -0.119901E+02
 -0.119097E+02
 -0.118286E+02
 -0.117470E+02
 -0.116657E+02
 -0.115863E+02
 -0.115066E+02
 -0.114282E+02
 -0.113518E+02
 -0.112775E+02
 -0.112056E+02
 -0.111363E+02
 -0.110686E+02
 -0.110031E+02
 -0.109404E+02
 -0.108783E+02
 -0.108158E+02
 -0.107541E+02
 -0.106916E+02
 -0.106292E+02
 -0.105641E+02
 -0.104981E+02
 -0.104317E+02
 -0.103633E+02
 -0.102941E+02
 -0.102258E+02
 -0.101558E+02
 -0.100874E+02
 -0.100211E+02
 -0.995434E+01
 -0.988970E+01
 -0.982718E+01
 -0.976538E+01
 -0.970568E+01
 -0.964646E+01
 -0.958938E+01
 -0.953251E+01
 -0.947636E+01
 -0.942155E+01
 -0.936552E+01
 -0.930957E+01
 -0.925487E+01
 -0.919817E+01
 -0.914218E+01
 -0.908734E+01
 -0.903269E+01
 -0.898011E+01
 -0.892831E+01
 -0.887744E+01
 -0.882948E+01
 -0.878161E+01
 -0.873488E+01
 -0.868887E+01
 -0.864376E+01
 -0.859938E+01
 -0.855595E+01
 -0.851235E+01
 -0.846841E+01
 -0.842623E+01
 -0.838373E+01
 -0.834037E+01
 -0.829837E+01
 -0.825676E+01
 -0.821574E+01
 -0.817407E+01
 -0.813208E+01
 -0.808934E+01
 -0.804651E+01
 -0.800155E+01
 -0.795428E+01
 -0.790572E+01
 -0.785487E+01
 -0.780148E+01
 -0.774623E+01
 -0.768904E+01
 -0.763031E+01
 -0.757093E+01
 -0.751039E+01
 -0.744823E+01
 -0.738710E+01
 -0.732551E+01
 -0.726368E+01
 -0.720199E+01
 -0.714050E+01
 -0.707939E+01
 -0.701905E+01
 -0.695792E+01
 -0.689599E+01
 -0.683497E+01
 -0.677244E+01
 -0.670809E+01
 -0.664186E+01
 -0.657208E+01
 -0.650005E+01
 -0.642290E+01
 -0.633993E+01
 -0.625133E+01
 -0.615718E+01
 -0.605603E+01
 -0.594734E+01
 -0.583210E+01
 -0.571011E+01
 -0.558148E+01
 -0.544615E+01
 -0.530412E+01
 -0.515697E+01
 -0.500613E+01
 -0.485146E+01
 -0.469243E+01
 -0.453232E+01
 -0.437109E+01
 -0.420845E+01
 -0.404523E+01
 -0.388176E+01
 -0.371859E+01
 -0.355634E+01
 -0.339430E+01
 -0.323221E+01
 -0.307229E+01
 -0.291411E+01
 -0.275717E+01
 -0.260223E+01
 -0.244985E+01
 -0.230175E+01
 -0.215719E+01
 -0.201565E+01
 -0.187796E+01
 -0.174518E+01
 -0.161618E+01
 -0.148948E+01
 -0.136556E+01
 -0.124434E+01
 -0.112521E+01
 -0.100778E+01
 -0.892362E+00
 -0.778199E+00
 -0.668137E+00
 -0.560884E+00
 -0.453927E+00
 -0.351469E+00
 -0.252041E+00
 -0.154432E+00
 -0.593467E-01
  0.340204E-01
  0.123565E+00
  0.209510E+00
  0.292390E+00
  0.372154E+00
  0.448175E+00
  0.520339E+00
  0.588128E+00
  0.653677E+00
  0.716626E+00
  0.775077E+00
  0.831285E+00
  0.885763E+00
  0.937991E+00
  0.987397E+00
  0.103473E+01
  0.108120E+01
  0.112600E+01
  0.117047E+01
  0.121342E+01
  0.125654E+01
  0.130086E+01
  0.134570E+01
  0.139047E+01
  0.143576E+01
  0.148335E+01
  0.153232E+01
  0.158350E+01
  0.163706E+01
  0.169415E+01
  0.175746E+01
  0.182505E+01
  0.189836E+01
  0.197874E+01
  0.206663E+01
  0.216177E+01
  0.226469E+01
  0.237441E+01
  0.249240E+01
  0.261935E+01
  0.275137E+01
  0.288942E+01
  0.303435E+01
  0.318360E+01
  0.333692E+01
  0.349186E+01
  0.364739E+01
  0.380309E+01
  0.395710E+01
  0.410653E+01
  0.425256E+01
  0.439463E+01
  0.453218E+01
  0.466460E+01
  0.479220E+01
  0.491620E+01
  0.503658E+01
  0.515289E+01
  0.526496E+01
  0.537469E+01
  0.548438E+01
  0.559057E+01
  0.569526E+01
  0.579928E+01
  0.590099E+01
  0.600047E+01
  0.609775E+01
  0.619113E+01
  0.628218E+01
  0.637059E+01
  0.645594E+01
  0.653923E+01
  0.662064E+01
  0.670078E+01
  0.678099E+01
  0.685925E+01
  0.693661E+01
  0.701394E+01
  0.709025E+01
  0.716346E+01
  0.723523E+01
  0.730407E+01
  0.736983E+01
  0.743242E+01
  0.749137E+01
  0.754574E+01
  0.759647E+01
  0.764427E+01
  0.768712E+01
  0.772471E+01
  0.776003E+01
  0.779141E+01
  0.781929E+01
  0.784403E+01
  0.786787E+01
  0.789043E+01
  0.791207E+01
  0.793308E+01
  0.795468E+01
  0.797676E+01
  0.799968E+01
  0.802241E+01
  0.804393E+01
  0.806521E+01
  0.808547E+01
  0.810117E+01
  0.811314E+01
  0.812135E+01
  0.812460E+01
  0.812050E+01
  0.811207E+01
  0.809717E+01
  0.807575E+01
  0.804865E+01
  0.801516E+01
  0.797562E+01
  0.793045E+01
  0.787996E+01
  0.782422E+01
  0.776278E+01
  0.769705E+01
  0.762656E+01
  0.755221E+01
  0.747365E+01
  0.739263E+01
  0.730822E+01
  0.722259E+01
  0.713589E+01
  0.704771E+01
  0.695806E+01
  0.686824E+01
  0.677847E+01
  0.668665E+01
  0.659332E+01
  0.650117E+01
  0.640717E+01
  0.631043E+01
  0.621321E+01
  0.611460E+01
  0.601335E+01
  0.591266E+01
  0.580906E+01
  0.570429E+01
  0.560026E+01
  0.549553E+01
  0.538984E+01
  0.528484E+01
  0.518239E+01
  0.508207E+01
  0.498379E+01
  0.488890E+01
  0.479789E+01
  0.471059E+01
  0.462593E+01
  0.454531E+01
  0.446673E+01
  0.439304E+01
  0.432248E+01
  0.425455E+01
  0.419092E+01
  0.413054E+01
  0.407488E+01
  0.402262E+01
  0.397387E+01
  0.393108E+01
  0.389337E+01
  0.386137E+01
  0.383566E+01
  0.381677E+01
  0.380479E+01
  0.380167E+01
  0.380469E+01
  0.381573E+01
  0.383495E+01
  0.386044E+01
  0.389264E+01
  0.392978E+01
  0.397180E+01
  0.401963E+01
  0.407133E+01
  0.412609E+01
  0.418504E+01
  0.424854E+01
  0.431547E+01
  0.438650E+01
  0.445978E+01
  0.453827E+01
  0.462139E+01
  0.470762E+01
  0.479736E+01
  0.489084E+01
  0.498779E+01
  0.508646E+01
  0.518595E+01
  0.528654E+01
  0.538810E+01
  0.548973E+01
  0.559040E+01
  0.569142E+01
  0.579217E+01
  0.589402E+01
  0.599362E+01
  0.609276E+01
  0.619180E+01
  0.628963E+01
  0.638705E+01
  0.648242E+01
  0.657730E+01
  0.667242E+01
  0.676536E+01
  0.685653E+01
  0.694553E+01
  0.703269E+01
  0.711625E+01
  0.719616E+01
  0.727127E+01
  0.734367E+01
  0.741223E+01
  0.747723E+01
  0.753928E+01
  0.759854E+01
  0.765624E+01
  0.771397E+01
  0.777046E+01
  0.782553E+01
  0.788140E+01
  0.793851E+01
  0.799422E+01
  0.804928E+01
  0.810426E+01
  0.815980E+01
  0.821191E+01
  0.826285E+01
  0.831158E+01
  0.835724E+01
  0.840154E+01
  0.844240E+01
  0.847923E+01
  0.851466E+01
  0.854803E+01
  0.857775E+01
  0.860308E+01
  0.862659E+01
  0.864759E+01
  0.866524E+01
  0.867812E+01
  0.868939E+01
  0.869789E+01
  0.870297E+01
  0.870499E+01
  0.870442E+01
  0.870161E+01
  0.869828E+01
  0.869317E+01
  0.868681E+01
  0.868168E+01
  0.867722E+01
  0.867131E+01
  0.866420E+01
  0.865671E+01
  0.864975E+01
  0.863804E+01
  0.862446E+01
  0.860938E+01
  0.859055E+01
  0.856822E+01
  0.854324E+01
  0.851391E+01
  0.848059E+01
  0.844540E+01
  0.840724E+01
  0.836482E+01
  0.832006E+01
  0.827370E+01
  0.822616E+01
  0.817492E+01
  0.812407E+01
  0.807299E+01
  0.802213E+01
  0.797165E+01
  0.792194E+01
  0.787462E+01
  0.783019E+01
  0.778864E+01
  0.774962E+01
  0.771375E+01
  0.768164E+01
  0.765123E+01
  0.762208E+01
  0.759204E+01
  0.756243E+01
  0.753150E+01
  0.749863E+01
  0.746112E+01
  0.742030E+01
  0.737755E+01
  0.733070E+01
  0.727898E+01
  0.722448E+01
  0.716821E+01
  0.710889E+01
  0.704554E+01
  0.697915E+01
  0.690976E+01
  0.683861E+01
  0.676344E+01
  0.668605E+01
  0.660680E+01
  0.652732E+01
  0.644672E+01
  0.636624E+01
  0.628714E+01
  0.620879E+01
  0.613307E+01
  0.605942E+01
  0.598778E+01
  0.591920E+01
  0.585349E+01
  0.579081E+01
  0.572841E+01
  0.566871E+01
  0.560867E+01
  0.554879E+01
  0.548759E+01
  0.542338E+01
  0.535781E+01
  0.528932E+01
  0.521721E+01
  0.514131E+01
  0.506170E+01
  0.497862E+01
  0.489181E+01
  0.480101E+01
  0.470546E+01
  0.460799E+01
  0.450674E+01
  0.440283E+01
  0.429632E+01
  0.418880E+01
  0.408039E+01
  0.397057E+01
  0.386068E+01
  0.375138E+01
  0.364251E+01
  0.353380E+01
  0.342634E+01
  0.331951E+01
  0.321317E+01
  0.310947E+01
  0.300634E+01
  0.290395E+01
  0.280196E+01
  0.270205E+01
  0.260237E+01
  0.250346E+01
  0.240717E+01
  0.231178E+01
  0.221816E+01
  0.212669E+01
  0.203610E+01
  0.194701E+01
  0.186015E+01
  0.177382E+01
  0.168813E+01
  0.160545E+01
  0.152292E+01
  0.144207E+01
  0.136269E+01
  0.128423E+01
  0.120646E+01
  0.112906E+01
  0.105171E+01
  0.973846E+00
  0.896091E+00
  0.817242E+00
  0.738252E+00
  0.658563E+00
  0.577405E+00
  0.496388E+00
  0.413475E+00
  0.329796E+00
  0.245522E+00
  0.160211E+00
  0.740023E-01
 -0.123281E-01
 -0.994530E-01
 -0.186477E+00
 -0.272567E+00
 -0.359072E+00
 -0.445483E+00
 -0.531645E+00
 -0.617332E+00
 -0.703883E+00
 -0.791840E+00
 -0.879240E+00
 -0.967524E+00
 -0.105677E+01
 -0.114625E+01
 -0.123517E+01
 -0.132354E+01
 -0.141080E+01
 -0.149604E+01
 -0.157838E+01
 -0.165858E+01
 -0.173529E+01
 -0.180656E+01
 -0.187585E+01
 -0.194093E+01
 -0.200089E+01
 -0.205912E+01
 -0.211367E+01
 -0.216510E+01
 -0.221539E+01
 -0.226533E+01
 -0.231429E+01
 -0.236430E+01
 -0.241638E+01
 -0.246967E+01
 -0.252657E+01
 -0.258716E+01
 -0.265043E+01
 -0.271679E+01
 -0.278770E+01
 -0.286211E+01
 -0.293970E+01
 -0.302110E+01
 -0.310499E+01
 -0.319218E+01
 -0.328124E+01
 -0.337232E+01
 -0.346466E+01
 -0.355728E+01
 -0.365134E+01
 -0.374557E+01
 -0.383955E+01
 -0.393207E+01
 -0.402500E+01
 -0.411629E+01
 -0.420382E+01
 -0.428996E+01
 -0.437222E+01
 -0.445019E+01
 -0.452471E+01
 -0.459387E+01
 -0.465775E+01
 -0.471706E+01
 -0.477151E+01
 -0.482073E+01
 -0.486498E+01
 -0.490549E+01
 -0.494341E+01
 -0.497724E+01
 -0.500972E+01
 -0.504249E+01
 -0.507550E+01
 -0.510966E+01
 -0.514554E+01
 -0.518479E+01
 -0.522736E+01
 -0.527321E+01
 -0.532323E+01
 -0.537690E+01
 -0.543493E+01
 -0.549836E+01
 -0.556542E+01
 -0.563528E+01
 -0.571175E+01
 -0.579224E+01
 -0.587520E+01
 -0.596248E+01
 -0.605295E+01
 -0.614637E+01
 -0.624232E+01
 -0.633905E+01
 -0.643683E+01
 -0.653604E+01
 -0.663392E+01
 -0.672919E+01
 -0.682316E+01
 -0.691382E+01
 -0.700188E+01
 -0.708543E+01
 -0.716357E+01
 -0.723810E+01
 -0.730852E+01
 -0.737312E+01
 -0.743165E+01
 -0.748529E+01
 -0.753476E+01
 -0.757908E+01
 -0.761749E+01
 -0.765067E+01
 -0.768051E+01
 -0.770592E+01
 -0.772683E+01
 -0.774412E+01
 -0.775945E+01
 -0.777248E+01
 -0.778367E+01
 -0.779277E+01
 -0.779994E+01
 -0.780624E+01
 -0.781235E+01
 -0.781572E+01
 -0.781550E+01
 -0.781441E+01
 -0.781099E+01
 -0.780352E+01
 -0.779373E+01
 -0.778035E+01
 -0.776543E+01
 -0.774800E+01
 -0.772645E+01
 -0.770236E+01
 -0.767660E+01
 -0.764857E+01
 -0.761776E+01
 -0.758461E+01
 -0.755088E+01
 -0.751618E+01
 -0.748061E+01
 -0.744493E+01
 -0.741096E+01
 -0.737936E+01
 -0.734995E+01
 -0.732293E+01
 -0.729889E+01
 -0.727766E+01
 -0.726107E+01
 -0.724747E+01
 -0.723567E+01
 -0.722820E+01
 -0.722453E+01
 -0.722147E+01
 -0.722058E+01
 -0.722234E+01
 -0.722466E+01
 -0.722739E+01
 -0.723157E+01
 -0.723566E+01
 -0.724084E+01
 -0.724732E+01
 -0.725405E+01
 -0.726162E+01
 -0.727043E+01
 -0.728012E+01
 -0.729103E+01
 -0.730192E+01
 -0.731437E+01
 -0.732873E+01
 -0.734368E+01
 -0.735968E+01
 -0.737625E+01
 -0.739255E+01
 -0.740940E+01
 -0.742526E+01
 -0.743917E+01
 -0.745198E+01
 -0.746474E+01
 -0.747542E+01
 -0.748340E+01
 -0.748949E+01
 -0.749578E+01
 -0.750021E+01
 -0.750224E+01
 -0.750434E+01
 -0.750620E+01
 -0.750807E+01
 -0.750989E+01
 -0.751153E+01
 -0.751583E+01
 -0.752091E+01
 -0.752720E+01
 -0.753696E+01
 -0.754907E+01
 -0.756453E+01
 -0.758468E+01
 -0.760749E+01
 -0.763400E+01
 -0.766468E+01
 -0.769960E+01
 -0.773717E+01
 -0.777730E+01
 -0.782166E+01
 -0.786954E+01
 -0.791941E+01
 -0.797186E+01
 -0.802823E+01
 -0.808891E+01
 -0.815294E+01
 -0.822221E+01
 -0.829689E+01
 -0.837746E+01
 -0.846455E+01
 -0.855949E+01
 -0.866110E+01
 -0.876999E+01
 -0.888879E+01
 -0.901625E+01
 -0.915102E+01
 -0.929543E+01
 -0.944950E+01
 -0.961287E+01
 -0.978533E+01
 -0.996693E+01
 -0.101579E+02
 -0.103596E+02
 -0.105689E+02
 -0.107854E+02
 -0.110093E+02
 -0.112402E+02
 -0.114766E+02
 -0.117161E+02
 -0.119592E+02
 -0.122066E+02
 -0.124557E+02
 -0.127063E+02
 -0.129574E+02
 -0.132098E+02
 -0.134633E+02
 -0.137176E+02
 -0.139708E+02
 -0.142245E+02
 -0.144789E+02
 -0.147326E+02
 -0.149836E+02
 -0.152337E+02
 -0.154827E+02
 -0.157300E+02
 -0.159744E+02
 -0.162183E+02
 -0.164615E+02
 -0.167040E+02
 -0.169459E+02
 -0.171875E+02
 -0.174282E+02
 -0.176694E+02
 -0.179086E+02
 -0.181466E+02
 -0.183824E+02
 -0.186152E+02
 -0.188439E+02
 -0.190686E+02
 -0.192881E+02
 -0.195033E+02
 -0.197131E+02
 -0.199180E+02
 -0.201175E+02
 -0.203119E+02
 -0.205008E+02
 -0.206862E+02
 -0.208655E+02
 -0.210402E+02
 -0.212111E+02
 -0.213786E+02
 -0.215409E+02
 -0.216984E+02
 -0.218500E+02
 -0.219976E+02
 -0.221373E+02
 -0.222703E+02
 -0.223951E+02
 -0.225114E+02
 -0.226203E+02
 -0.227191E+02
 -0.228062E+02
 -0.228856E+02
 -0.229543E+02
 -0.230132E+02
 -0.230606E+02
 -0.230989E+02
 -0.231285E+02
 -0.231469E+02
 -0.231538E+02
 -0.231527E+02
 -0.231403E+02
 -0.231191E+02
 -0.230887E+02
 -0.230487E+02
 -0.230003E+02
 -0.229444E+02
 -0.228782E+02
 -0.228045E+02
 -0.227230E+02
 -0.226347E+02
 -0.225391E+02
 -0.224381E+02
 -0.223319E+02
 -0.222203E+02
 -0.221039E+02
 -0.219849E+02
 -0.218603E+02
 -0.217327E+02
 -0.216017E+02
 -0.214673E+02
 -0.213287E+02
 -0.211869E+02
 -0.210415E+02
 -0.208928E+02
 -0.207400E+02
 -0.205847E+02
 -0.204255E+02
 -0.202638E+02
 -0.200990E+02
 -0.199313E+02
 -0.197613E+02
 -0.195909E+02
 -0.194194E+02
 -0.192481E+02
 -0.190778E+02
 -0.189110E+02
 -0.187462E+02
 -0.185841E+02
 -0.184252E+02
 -0.182713E+02
 -0.181210E+02
 -0.179744E+02
 -0.178307E+02
 -0.176918E+02
 -0.175564E+02
 -0.174228E+02
 -0.172903E+02
 -0.171606E+02
 -0.170323E+02
 -0.169049E+02
 -0.167766E+02
 -0.166502E+02
 -0.165249E+02
 -0.163993E+02
 -0.162745E+02
 -0.161510E+02
 -0.160277E+02
 -0.159064E+02
 -0.157860E+02
 -0.156666E+02
 -0.155476E+02
 -0.154313E+02
 -0.153166E+02
 -0.152025E+02
 -0.150909E+02
 -0.149834E+02
 -0.148770E+02
 -0.147732E+02
 -0.146725E+02
 -0.145742E+02
 -0.144780E+02
 -0.143844E+02
 -0.142926E+02
 -0.142035E+02
 -0.141156E+02
 -0.140312E+02
 -0.139480E+02
 -0.138660E+02
 -0.137861E+02
 -0.137079E+02
 -0.136308E+02
 -0.135554E+02
 -0.134814E+02
 -0.134103E+02
 -0.133412E+02
 -0.132738E+02
 -0.132087E+02
 -0.131474E+02
 -0.130883E+02
 -0.130318E+02
 -0.129783E+02
 -0.129288E+02
 -0.128832E+02
 -0.128394E+02
 -0.127974E+02
 -0.127606E+02
 -0.127252E+02
 -0.126922E+02
 -0.126623E+02
 -0.126339E+02
 -0.126086E+02
 -0.125854E+02
 -0.125622E+02
 -0.125412E+02
 -0.125213E+02
 -0.125034E+02
 -0.124851E+02
 -0.124671E+02
 -0.124506E+02
 -0.124345E+02
 -0.124167E+02
 -0.123980E+02
 -0.123780E+02
 -0.123565E+02
 -0.123325E+02
 -0.123053E+02
 -0.122754E+02
 -0.122431E+02
 -0.122077E+02
 -0.121707E+02
 -0.121316E+02
 -0.120919E+02
 -0.120524E+02
 -0.120133E+02
 -0.119746E+02
 -0.119376E+02
 -0.119022E+02
 -0.118690E+02
 -0.118379E+02
 -0.118088E+02
 -0.117823E+02
 -0.117597E+02
 -0.117385E+02
 -0.117196E+02
 -0.117045E+02
 -0.116921E+02
 -0.116824E+02
 -0.116765E+02
 -0.116736E+02
 -0.116752E+02
 -0.116798E+02
 -0.116873E+02
 -0.116979E+02
 -0.117121E+02
 -0.117296E+02
 -0.117497E+02
 -0.117714E+02
 -0.117971E+02
 -0.118261E+02
 -0.118574E+02
 -0.118903E+02
 -0.119261E+02
 -0.119653E+02
 -0.120058E+02
 -0.120467E+02
 -0.120905E+02
 -0.121351E+02
 -0.121810E+02
 -0.122274E+02
 -0.122739E+02
 -0.123224E+02
 -0.123722E+02
 -0.124220E+02
 -0.124736E+02
 -0.125254E+02
 -0.125780E+02
 -0.126301E+02
 -0.126814E+02
 -0.127311E+02
 -0.127796E+02
 -0.128262E+02
 -0.128709E+02
 -0.129127E+02
 -0.129531E+02
 -0.129913E+02
 -0.130273E+02
 -0.130611E+02
 -0.130924E+02
 -0.131216E+02
 -0.131497E+02
 -0.131745E+02
 -0.131986E+02
 -0.132213E+02
 -0.132431E+02
 -0.132646E+02
 -0.132855E+02
 -0.133056E+02
 -0.133263E+02
 -0.133456E+02
 -0.133621E+02
 -0.133759E+02
 -0.133870E+02
 -0.133933E+02
 -0.133956E+02
 -0.133920E+02
 -0.133834E+02
 -0.133707E+02
 -0.133518E+02
 -0.133271E+02
 -0.132988E+02
 -0.132652E+02
 -0.132276E+02
 -0.131849E+02
 -0.131382E+02
 -0.130882E+02
 -0.130341E+02
 -0.129748E+02
 -0.129117E+02
 -0.128439E+02
 -0.127720E+02
 -0.126946E+02
 -0.126117E+02
 -0.125239E+02
 -0.124315E+02
 -0.123340E+02
 -0.122325E+02
 -0.121261E+02
 -0.120178E+02
 -0.119069E+02
 -0.117937E+02
 -0.116788E+02
 -0.115621E+02
 -0.114437E+02
 -0.113246E+02
 -0.112025E+02
 -0.110791E+02
 -0.109554E+02
 -0.108299E+02
 -0.107022E+02
 -0.105739E+02
 -0.104445E+02
 -0.103151E+02
 -0.101859E+02
 -0.100564E+02
 -0.992772E+01
 -0.980129E+01
 -0.967533E+01
 -0.955102E+01
 -0.942809E+01
 -0.930644E+01
 -0.918671E+01
 -0.906735E+01
 -0.894756E+01
 -0.882870E+01
 -0.870868E+01
 -0.858714E+01
 -0.846368E+01
 -0.833887E+01
 -0.821308E+01
 -0.808528E+01
 -0.795532E+01
 -0.782487E+01
 -0.769404E+01
 -0.756312E+01
 -0.743072E+01
 -0.729931E+01
 -0.716996E+01
 -0.704055E+01
 -0.691325E+01
 -0.678855E+01
 -0.666406E+01
 -0.654288E+01
 -0.642426E+01
 -0.630629E+01
 -0.619086E+01
 -0.607913E+01
 -0.596998E+01
 -0.586279E+01
 -0.575756E+01
 -0.565601E+01
 -0.555638E+01
 -0.545704E+01
 -0.535927E+01
 -0.526222E+01
 -0.516431E+01
 -0.506546E+01
 -0.496537E+01
 -0.486306E+01
 -0.475694E+01
 -0.464975E+01
 -0.453945E+01
 -0.442406E+01
 -0.430781E+01
 -0.418910E+01
 -0.406666E+01
 -0.394367E+01
 -0.381978E+01
 -0.369522E+01
 -0.357091E+01
 -0.344765E+01
 -0.332595E+01
 -0.320653E+01
 -0.309092E+01
 -0.297914E+01
 -0.287107E+01
 -0.276819E+01
 -0.267121E+01
 -0.258050E+01
 -0.249542E+01
 -0.241712E+01
 -0.234832E+01
 -0.228600E+01
 -0.223025E+01
 -0.218435E+01
 -0.214491E+01
 -0.211250E+01
 -0.208778E+01
 -0.206793E+01
 -0.205414E+01
 -0.204658E+01
 -0.204441E+01
 -0.204666E+01
 -0.205397E+01
 -0.206762E+01
 -0.208514E+01
 -0.210641E+01
 -0.213213E+01
 -0.216149E+01
 -0.219604E+01
 -0.223341E+01
 -0.227186E+01
 -0.231469E+01
 -0.236099E+01
 -0.240802E+01
 -0.245750E+01
 -0.250977E+01
 -0.256379E+01
 -0.262069E+01
 -0.267856E+01
 -0.273704E+01
 -0.279774E+01
 -0.285921E+01
 -0.292027E+01
 -0.297964E+01
 -0.303729E+01
 -0.309427E+01
 -0.314766E+01
 -0.319547E+01
 -0.324030E+01
 -0.328147E+01
 -0.331634E+01
 -0.334740E+01
 -0.337429E+01
 -0.339618E+01
 -0.341521E+01
 -0.343036E+01
 -0.344098E+01
 -0.344866E+01
 -0.345366E+01
 -0.345533E+01
 -0.345245E+01
 -0.344597E+01
 -0.343693E+01
 -0.342345E+01
 -0.340521E+01
 -0.338289E+01
 -0.335666E+01
 -0.332679E+01
 -0.329130E+01
 -0.325156E+01
 -0.320764E+01
 -0.315881E+01
 -0.310709E+01
 -0.305014E+01
 -0.298901E+01
 -0.292707E+01
 -0.286152E+01
 -0.279205E+01
 -0.272080E+01
 -0.264802E+01
 -0.257263E+01
 -0.249419E+01
 -0.241333E+01
 -0.233078E+01
 -0.224692E+01
 -0.216127E+01
 -0.207345E+01
 -0.198455E+01
 -0.189540E+01
 -0.180534E+01
 -0.171431E+01
 -0.162260E+01
 -0.153045E+01
 -0.143854E+01
 -0.134616E+01
 -0.125263E+01
 -0.115909E+01
 -0.106566E+01
 -0.971161E+00
 -0.874401E+00
 -0.776262E+00
 -0.676842E+00
 -0.574063E+00
 -0.467802E+00
 -0.358591E+00
 -0.246842E+00
 -0.131953E+00
 -0.132871E-01
  0.107610E+00
  0.231796E+00
  0.358432E+00
  0.486902E+00
  0.618852E+00
  0.753078E+00
  0.888048E+00
  0.102512E+01
  0.116457E+01
  0.130531E+01
  0.144710E+01
  0.158990E+01
  0.173416E+01
  0.188052E+01
  0.202748E+01
  0.217600E+01
  0.232632E+01
  0.247932E+01
  0.263501E+01
  0.279235E+01
  0.295245E+01
  0.311612E+01
  0.328274E+01
  0.345164E+01
  0.362197E+01
  0.379583E+01
  0.397183E+01
  0.414839E+01
  0.432597E+01
  0.450456E+01
  0.468344E+01
  0.486280E+01
  0.504050E+01
  0.521621E+01
  0.539085E+01
  0.556398E+01
  0.573326E+01
  0.589964E+01
  0.606372E+01
  0.622507E+01
  0.638254E+01
  0.653622E+01
  0.668648E+01
  0.683424E+01
  0.697769E+01
  0.711788E+01
  0.725504E+01
  0.738913E+01
  0.752033E+01
  0.764873E+01
  0.777421E+01
  0.789785E+01
  0.801856E+01
  0.813764E+01
  0.825416E+01
  0.836795E+01
  0.847949E+01
  0.858923E+01
  0.869586E+01
  0.880013E+01
  0.890221E+01
  0.900252E+01
  0.909921E+01
  0.919245E+01
  0.928263E+01
  0.936920E+01
  0.945100E+01
  0.952995E+01
  0.960388E+01
  0.967374E+01
  0.974008E+01
  0.980094E+01
  0.985586E+01
  0.990667E+01
  0.995206E+01
  0.999148E+01
  0.100239E+02
  0.100518E+02
  0.100743E+02
  0.100906E+02
  0.101008E+02
  0.101069E+02
  0.101087E+02
  0.101069E+02
  0.101019E+02
  0.100946E+02
  0.100860E+02
  0.100770E+02
  0.100665E+02
  0.100563E+02
  0.100463E+02
  0.100389E+02
  0.100320E+02
  0.100252E+02
  0.100206E+02
  0.100169E+02
  0.100125E+02
  0.100086E+02
  0.100048E+02
  0.100014E+02
  0.999783E+01
  0.999598E+01
  0.999477E+01
  0.999423E+01
  0.999455E+01
  0.999763E+01
  0.100009E+02
  0.100042E+02
  0.100091E+02
  0.100140E+02
  0.100181E+02
  0.100226E+02
  0.100254E+02
  0.100289E+02
  0.100314E+02
  0.100330E+02
  0.100354E+02
  0.100384E+02
  0.100420E+02
  0.100475E+02
  0.100541E+02
  0.100628E+02
  0.100732E+02
  0.100863E+02
  0.101004E+02
  0.101169E+02
  0.101362E+02
  0.101563E+02
  0.101767E+02
  0.101992E+02
  0.102239E+02
  0.102495E+02
  0.102744E+02
  0.103026E+02
  0.103323E+02
  0.103623E+02
  0.103930E+02
  0.104257E+02
  0.104590E+02
  0.104939E+02
  0.105303E+02
  0.105681E+02
  0.106070E+02
  0.106477E+02
  0.106895E+02
  0.107319E+02
  0.107748E+02
  0.108200E+02
  0.108648E+02
  0.109098E+02
  0.109554E+02
  0.110019E+02
  0.110483E+02
  0.110951E+02
  0.111424E+02
  0.111905E+02
  0.112383E+02
  0.112879E+02
  0.113380E+02
  0.113878E+02
  0.114386E+02
  0.114907E+02
  0.115423E+02
  0.115948E+02
  0.116463E+02
  0.116982E+02
  0.117495E+02
  0.117989E+02
  0.118463E+02
  0.118932E+02
  0.119383E+02
  0.119811E+02
  0.120225E+02
  0.120650E+02
  0.121071E+02
  0.121491E+02
  0.121916E+02
  0.122363E+02
  0.122831E+02
  0.123325E+02
  0.123832E+02
  0.124376E+02
  0.124965E+02
  0.125585E+02
  0.126220E+02
  0.126899E+02
  0.127614E+02
  0.128365E+02
  0.129135E+02
  0.129935E+02
  0.130768E+02
  0.131626E+02
  0.132503E+02
  0.133405E+02
  0.134320E+02
  0.135263E+02
  0.136225E+02
  0.137200E+02
  0.138175E+02
  0.139176E+02
  0.140174E+02
  0.141162E+02
  0.142145E+02
  0.143128E+02
  0.144102E+02
  0.145067E+02
  0.146021E+02
  0.146969E+02
  0.147890E+02
  0.148812E+02
  0.149711E+02
  0.150584E+02
  0.151438E+02
  0.152282E+02
  0.153103E+02
  0.153891E+02
  0.154650E+02
  0.155405E+02
  0.156128E+02
  0.156819E+02
  0.157482E+02
  0.158130E+02
  0.158752E+02
  0.159347E+02
  0.159903E+02
  0.160440E+02
  0.160956E+02
  0.161454E+02
  0.161907E+02
  0.162346E+02
  0.162766E+02
  0.163141E+02
  0.163475E+02
  0.163789E+02
  0.164062E+02
  0.164312E+02
  0.164519E+02
  0.164692E+02
  0.164846E+02
  0.164967E+02
  0.165036E+02
  0.165075E+02
  0.165066E+02
  0.165036E+02
  0.164966E+02
  0.164851E+02
  0.164705E+02
  0.164529E+02
  0.164314E+02
  0.164073E+02
  0.163794E+02
  0.163494E+02
  0.163168E+02
  0.162830E+02
  0.162458E+02
  0.162079E+02
  0.161691E+02
  0.161293E+02
  0.160890E+02
  0.160490E+02
  0.160079E+02
  0.159689E+02
  0.159306E+02
  0.158901E+02
  0.158497E+02
  0.158118E+02
  0.157722E+02
  0.157338E+02
  0.156953E+02
  0.156586E+02
  0.156244E+02
  0.155895E+02
  0.155559E+02
  0.155250E+02
  0.154953E+02
  0.154687E+02
  0.154420E+02
  0.154184E+02
  0.153971E+02
  0.153770E+02
  0.153583E+02
  0.153401E+02
  0.153228E+02
  0.153074E+02
  0.152900E+02
  0.152732E+02
  0.152567E+02
  0.152381E+02
  0.152181E+02
  0.151978E+02
  0.151748E+02
  0.151519E+02
  0.151271E+02
  0.151020E+02
  0.150761E+02
  0.150495E+02
  0.150225E+02
  0.149949E+02
  0.149660E+02
  0.149385E+02
  0.149097E+02
  0.148811E+02
  0.148524E+02
  0.148233E+02
  0.147946E+02
  0.147665E+02
  0.147386E+02
  0.147127E+02
  0.146878E+02
  0.146660E+02
  0.146459E+02
  0.146286E+02
  0.146126E+02
  0.146003E+02
  0.145904E+02
  0.145821E+02
  0.145754E+02
  0.145716E+02
  0.145707E+02
  0.145710E+02
  0.145721E+02
  0.145775E+02
  0.145845E+02
  0.145936E+02
  0.146048E+02
  0.146187E+02
  0.146346E+02
  0.146534E+02
  0.146731E+02
  0.146943E+02
  0.147172E+02
  0.147414E+02
  0.147657E+02
  0.147912E+02
  0.148167E+02
  0.148426E+02
  0.148671E+02
  0.148906E+02
  0.149139E+02
  0.149376E+02
  0.149590E+02
  0.149816E+02
  0.150049E+02
  0.150286E+02
  0.150529E+02
  0.150795E+02
  0.151075E+02
  0.151381E+02
  0.151714E+02
  0.152079E+02
  0.152472E+02
  0.152904E+02
  0.153361E+02
  0.153857E+02
  0.154384E+02
  0.154959E+02
  0.155571E+02
  0.156236E+02
  0.156942E+02
  0.157696E+02
  0.158492E+02
  0.159328E+02
  0.160203E+02
  0.161115E+02
  0.162044E+02
  0.163018E+02
  0.164005E+02
  0.164999E+02
  0.166001E+02
  0.167010E+02
  0.168021E+02
  0.169036E+02
  0.170030E+02
  0.171035E+02
  0.172047E+02
  0.173051E+02
  0.174045E+02
  0.175057E+02
  0.176076E+02
  0.177107E+02
  0.178138E+02
  0.179193E+02
  0.180258E+02
  0.181317E+02
  0.182374E+02
  0.183431E+02
  0.184461E+02
  0.185493E+02
  0.186494E+02
  0.187467E+02
  0.188421E+02
  0.189348E+02
  0.190223E+02
  0.191067E+02
  0.191869E+02
  0.192628E+02
  0.193328E+02
  0.193988E+02
  0.194608E+02
  0.195167E+02
  0.195660E+02
  0.196110E+02
  0.196481E+02
  0.196798E+02
  0.197048E+02
  0.197229E+02
  0.197342E+02
  0.197390E+02
  0.197362E+02
  0.197277E+02
  0.197117E+02
  0.196899E+02
  0.196619E+02
  0.196280E+02
  0.195871E+02
  0.195395E+02
  0.194833E+02
  0.194212E+02
  0.193510E+02
  0.192732E+02
  0.191878E+02
  0.190961E+02
  0.189976E+02
  0.188918E+02
  0.187766E+02
  0.186571E+02
  0.185305E+02
  0.183964E+02
  0.182568E+02
  0.181114E+02
  0.179609E+02
  0.178063E+02
  0.176443E+02
  0.174791E+02
  0.173097E+02
  0.171360E+02
  0.169573E+02
  0.167758E+02
  0.165913E+02
  0.164028E+02
  0.162107E+02
  0.160164E+02
  0.158181E+02
  0.156184E+02
  0.154146E+02
  0.152074E+02
  0.149985E+02
  0.147868E+02
  0.145707E+02
  0.143525E+02
  0.141313E+02
  0.139090E+02
  0.136839E+02
  0.134571E+02
  0.132301E+02
  0.130021E+02
  0.127732E+02
  0.125463E+02
  0.123192E+02
  0.120941E+02
  0.118719E+02
  0.116533E+02
  0.114368E+02
  0.112237E+02
  0.110160E+02
  0.108126E+02
  0.106119E+02
  0.104162E+02
  0.102245E+02
  0.100369E+02
  0.985271E+01
  0.967129E+01
  0.949142E+01
  0.931497E+01
  0.914080E+01
  0.896756E+01
  0.879449E+01
  0.862424E+01
  0.845521E+01
  0.828597E+01
  0.811779E+01
  0.795150E+01
  0.778687E+01
  0.762364E+01
  0.746108E+01
  0.730229E+01
  0.714464E+01
  0.698939E+01
  0.683634E+01
  0.668389E+01
  0.653457E+01
  0.638807E+01
  0.624185E+01
  0.609870E+01
  0.595739E+01
  0.581806E+01
  0.568111E+01
  0.554635E+01
  0.541477E+01
  0.528715E+01
  0.516284E+01
  0.504262E+01
  0.492656E+01
  0.481615E+01
  0.471044E+01
  0.460956E+01
  0.451341E+01
  0.442295E+01
  0.433784E+01
  0.425716E+01
  0.418025E+01
  0.410783E+01
  0.403962E+01
  0.397561E+01
  0.391440E+01
  0.385662E+01
  0.380214E+01
  0.375015E+01
  0.370023E+01
  0.365199E+01
  0.360551E+01
  0.356212E+01
  0.351981E+01
  0.347964E+01
  0.344078E+01
  0.340317E+01
  0.336860E+01
  0.333460E+01
  0.329995E+01
  0.326777E+01
  0.323657E+01
  0.320504E+01
  0.317272E+01
  0.314065E+01
  0.310920E+01
  0.307623E+01
  0.304151E+01
  0.300686E+01
  0.297051E+01
  0.293320E+01
  0.289455E+01
  0.285399E+01
  0.281291E+01
  0.277146E+01
  0.272844E+01
  0.268490E+01
  0.264033E+01
  0.259612E+01
  0.255181E+01
  0.250642E+01
  0.246151E+01
  0.241680E+01
  0.237111E+01
  0.232604E+01
  0.228042E+01
  0.223346E+01
  0.218646E+01
  0.214039E+01
  0.209291E+01
  0.204457E+01
  0.199655E+01
  0.194793E+01
  0.189739E+01
  0.184541E+01
  0.179164E+01
  0.173615E+01
  0.167770E+01
  0.161592E+01
  0.155188E+01
  0.148588E+01
  0.141643E+01
  0.134408E+01
  0.127007E+01
  0.119428E+01
  0.111608E+01
  0.103617E+01
  0.953701E+00
  0.869439E+00
  0.784899E+00
  0.698410E+00
  0.608149E+00
  0.516878E+00
  0.424820E+00
  0.330142E+00
  0.231788E+00
  0.131631E+00
  0.307498E-01
 -0.725431E-01
 -0.178133E+00
 -0.284632E+00
 -0.393321E+00
 -0.503076E+00
 -0.614006E+00
 -0.727200E+00
 -0.841011E+00
 -0.955512E+00
 -0.107092E+01
 -0.118739E+01
 -0.130676E+01
 -0.142601E+01
 -0.154532E+01
 -0.166763E+01
 -0.179094E+01
 -0.191469E+01
 -0.204015E+01
 -0.216643E+01
 -0.229403E+01
 -0.242286E+01
 -0.255255E+01
 -0.268342E+01
 -0.281531E+01
 -0.294851E+01
 -0.308248E+01
 -0.321661E+01
 -0.335256E+01
 -0.348994E+01
 -0.362672E+01
 -0.376486E+01
 -0.390507E+01
 -0.404588E+01
 -0.418846E+01
 -0.433163E+01
 -0.447542E+01
 -0.462161E+01
 -0.476780E+01
 -0.491405E+01
 -0.506053E+01
 -0.520650E+01
 -0.535165E+01
 -0.549478E+01
 -0.563610E+01
 -0.577504E+01
 -0.591114E+01
 -0.604457E+01
 -0.617311E+01
 -0.629746E+01
 -0.641844E+01
 -0.653519E+01
 -0.664588E+01
 -0.675066E+01
 -0.685106E+01
 -0.694611E+01
 -0.703537E+01
 -0.712012E+01
 -0.719907E+01
 -0.727410E+01
 -0.734478E+01
 -0.741015E+01
 -0.747154E+01
 -0.752856E+01
 -0.758270E+01
 -0.763328E+01
 -0.767947E+01
 -0.772531E+01
 -0.776847E+01
 -0.780834E+01
 -0.784630E+01
 -0.788249E+01
 -0.791703E+01
 -0.794892E+01
 -0.797856E+01
 -0.800641E+01
 -0.803102E+01
 -0.805386E+01
 -0.807468E+01
 -0.809242E+01
 -0.810778E+01
 -0.812181E+01
 -0.813314E+01
 -0.814194E+01
 -0.814855E+01
 -0.815308E+01
 -0.815474E+01
 -0.815463E+01
 -0.815320E+01
 -0.814984E+01
 -0.814486E+01
 -0.813929E+01
 -0.813262E+01
 -0.812486E+01
 -0.811714E+01
 -0.810993E+01
 -0.810170E+01
 -0.809503E+01
 -0.809003E+01
 -0.808594E+01
 -0.808445E+01
 -0.808476E+01
 -0.808750E+01
 -0.809435E+01
 -0.810245E+01
 -0.811352E+01
 -0.812880E+01
 -0.814812E+01
 -0.817028E+01
 -0.819456E+01
 -0.822340E+01
 -0.825648E+01
 -0.829174E+01
 -0.833094E+01
 -0.837307E+01
 -0.841872E+01
 -0.846930E+01
 -0.852310E+01
 -0.858004E+01
 -0.864214E+01
 -0.870881E+01
 -0.878001E+01
 -0.885399E+01
 -0.893266E+01
 -0.901666E+01
 -0.910340E+01
 -0.919345E+01
 -0.928720E+01
 -0.938381E+01
 -0.948419E+01
 -0.958628E+01
 -0.969014E+01
 -0.979584E+01
 -0.990318E+01
 -0.100110E+02
 -0.101189E+02
 -0.102273E+02
 -0.103360E+02
 -0.104446E+02
 -0.105537E+02
 -0.106618E+02
 -0.107705E+02
 -0.108786E+02
 -0.109846E+02
 -0.110903E+02
 -0.111956E+02
 -0.112980E+02
 -0.113996E+02
 -0.114987E+02
 -0.115945E+02
 -0.116885E+02
 -0.117798E+02
 -0.118667E+02
 -0.119503E+02
 -0.120315E+02
 -0.121100E+02
 -0.121840E+02
 -0.122555E+02
 -0.123236E+02
 -0.123882E+02
 -0.124499E+02
 -0.125081E+02
 -0.125626E+02
 -0.126155E+02
 -0.126660E+02
 -0.127134E+02
 -0.127578E+02
 -0.128010E+02
 -0.128425E+02
 -0.128822E+02
 -0.129203E+02
 -0.129585E+02
 -0.129966E+02
 -0.130351E+02
 -0.130727E+02
 -0.131107E+02
 -0.131501E+02
 -0.131907E+02
 -0.132311E+02
 -0.132735E+02
 -0.133178E+02
 -0.133629E+02
 -0.134093E+02
 -0.134576E+02
 -0.135069E+02
 -0.135587E+02
 -0.136114E+02
 -0.136655E+02
 -0.137201E+02
 -0.137762E+02
 -0.138338E+02
 -0.138910E+02
 -0.139485E+02
 -0.140083E+02
 -0.140673E+02
 -0.141273E+02
 -0.141876E+02
 -0.142478E+02
 -0.143083E+02
 -0.143697E+02
 -0.144307E+02
 -0.144917E+02
 -0.145535E+02
 -0.146158E+02
 -0.146770E+02
 -0.147379E+02
 -0.147982E+02
 -0.148591E+02
 -0.149182E+02
 -0.149755E+02
 -0.150316E+02
 -0.150866E+02
 -0.151390E+02
 -0.151889E+02
 -0.152358E+02
 -0.152811E+02
 -0.153236E+02
 -0.153631E+02
 -0.153987E+02
 -0.154328E+02
 -0.154653E+02
 -0.154937E+02
 -0.155190E+02
 -0.155447E+02
 -0.155676E+02
 -0.155886E+02
 -0.156075E+02
 -0.156249E+02
 -0.156411E+02
 -0.156553E+02
 -0.156677E+02
 -0.156795E+02
 -0.156892E+02
 -0.156987E+02
 -0.157066E+02
 -0.157130E+02
 -0.157179E+02
 -0.157223E+02
 -0.157255E+02
 -0.157261E+02
 -0.157243E+02
 -0.157223E+02
 -0.157169E+02
 -0.157090E+02
 -0.156982E+02
 -0.156846E+02
 -0.156686E+02
 -0.156496E+02
 -0.156265E+02
 -0.156010E+02
 -0.155722E+02
 -0.155402E+02
 -0.155049E+02
 -0.154663E+02
 -0.154236E+02
 -0.153792E+02
 -0.153309E+02
 -0.152789E+02
 -0.152246E+02
 -0.151689E+02
 -0.151106E+02
 -0.150496E+02
 -0.149865E+02
 -0.149227E+02
 -0.148574E+02
 -0.147903E+02
 -0.147214E+02
 -0.146529E+02
 -0.145838E+02
 -0.145140E+02
 -0.144425E+02
 -0.143718E+02
 -0.143022E+02
 -0.142314E+02
 -0.141600E+02
 -0.140911E+02
 -0.140216E+02
 -0.139526E+02
 -0.138839E+02
 -0.138153E+02
 -0.137477E+02
 -0.136813E+02
 -0.136142E+02
 -0.135478E+02
 -0.134827E+02
 -0.134184E+02
 -0.133533E+02
 -0.132887E+02
 -0.132243E+02
 -0.131612E+02
 -0.130972E+02
 -0.130338E+02
 -0.129720E+02
 -0.129102E+02
 -0.128496E+02
 -0.127914E+02
 -0.127334E+02
 -0.126782E+02
 -0.126250E+02
 -0.125737E+02
 -0.125238E+02
 -0.124752E+02
 -0.124298E+02
 -0.123862E+02
 -0.123429E+02
 -0.123035E+02
 -0.122655E+02
 -0.122294E+02
 -0.121956E+02
 -0.121629E+02
 -0.121317E+02
 -0.121031E+02
 -0.120755E+02
 -0.120487E+02
 -0.120219E+02
 -0.119970E+02
 -0.119724E+02
 -0.119461E+02
 -0.119191E+02
 -0.118928E+02
 -0.118649E+02
 -0.118360E+02
 -0.118059E+02
 -0.117740E+02
 -0.117419E+02
 -0.117083E+02
 -0.116717E+02
 -0.116343E+02
 -0.115952E+02
 -0.115552E+02
 -0.115133E+02
 -0.114698E+02
 -0.114261E+02
 -0.113818E+02
 -0.113366E+02
 -0.112911E+02
 -0.112445E+02
 -0.111999E+02
 -0.111554E+02
 -0.111105E+02
 -0.110676E+02
 -0.110276E+02
 -0.109895E+02
 -0.109535E+02
 -0.109203E+02
 -0.108918E+02
 -0.108664E+02
 -0.108448E+02
 -0.108280E+02
 -0.108150E+02
 -0.108065E+02
 -0.108041E+02
 -0.108052E+02
 -0.108105E+02
 -0.108210E+02
 -0.108370E+02
 -0.108557E+02
 -0.108775E+02
 -0.109038E+02
 -0.109336E+02
 -0.109661E+02
 -0.110021E+02
 -0.110404E+02
 -0.110831E+02
 -0.111294E+02
 -0.111790E+02
 -0.112321E+02
 -0.112891E+02
 -0.113504E+02
 -0.114154E+02
 -0.114823E+02
 -0.115535E+02
 -0.116282E+02
 -0.117050E+02
 -0.117837E+02
 -0.118649E+02
 -0.119471E+02
 -0.120312E+02
 -0.121163E+02
 -0.122013E+02
 -0.122879E+02
 -0.123761E+02
 -0.124624E+02
 -0.125490E+02
 -0.126365E+02
 -0.127236E+02
 -0.128093E+02
 -0.128946E+02
 -0.129786E+02
 -0.130615E+02
 -0.131425E+02
 -0.132222E+02
 -0.132996E+02
 -0.133753E+02
 -0.134490E+02
 -0.135206E+02
 -0.135894E+02
 -0.136564E+02
 -0.137205E+02
 -0.137816E+02
 -0.138392E+02
 -0.138944E+02
 -0.139458E+02
 -0.139938E+02
 -0.140387E+02
 -0.140792E+02
 -0.141156E+02
 -0.141496E+02
 -0.141787E+02
 -0.142044E+02
 -0.142255E+02
 -0.142432E+02
 -0.142579E+02
 -0.142671E+02
 -0.142732E+02
 -0.142765E+02
 -0.142749E+02
 -0.142705E+02
 -0.142604E+02
 -0.142476E+02
 -0.142307E+02
 -0.142076E+02
 -0.141796E+02
 -0.141461E+02
 -0.141077E+02
 -0.140649E+02
 -0.140154E+02
 -0.139630E+02
 -0.139068E+02
 -0.138459E+02
 -0.137813E+02
 -0.137139E+02
 -0.136427E+02
 -0.135694E+02
 -0.134936E+02
 -0.134151E+02
 -0.133339E+02
 -0.132515E+02
 -0.131660E+02
 -0.130779E+02
 -0.129883E+02
 -0.128971E+02
 -0.128027E+02
 -0.127071E+02
 -0.126087E+02
 -0.125076E+02
 -0.124047E+02
 -0.122991E+02
 -0.121902E+02
 -0.120795E+02
 -0.119669E+02
 -0.118520E+02
 -0.117341E+02
 -0.116148E+02
 -0.114935E+02
 -0.113711E+02
 -0.112469E+02
 -0.111212E+02
 -0.109957E+02
 -0.108700E+02
 -0.107431E+02
 -0.106164E+02
 -0.104888E+02
 -0.103621E+02
 -0.102347E+02
 -0.101052E+02
 -0.997590E+01
 -0.984717E+01
 -0.971718E+01
 -0.958662E+01
 -0.945534E+01
 -0.932482E+01
 -0.919481E+01
 -0.906470E+01
 -0.893420E+01
 -0.880508E+01
 -0.867752E+01
 -0.855082E+01
 -0.842448E+01
 -0.829992E+01
 -0.817769E+01
 -0.805737E+01
 -0.793845E+01
 -0.782186E+01
 -0.770739E+01
 -0.759577E+01
 -0.748521E+01
 -0.737675E+01
 -0.727108E+01
 -0.716641E+01
 -0.706401E+01
 -0.696330E+01
 -0.686271E+01
 -0.676462E+01
 -0.666703E+01
 -0.656878E+01
 -0.647160E+01
 -0.637464E+01
 -0.627653E+01
 -0.617860E+01
 -0.607930E+01
 -0.597980E+01
 -0.588099E+01
 -0.578178E+01
 -0.568256E+01
 -0.558334E+01
 -0.548495E+01
 -0.538798E+01
 -0.529138E+01
 -0.519624E+01
 -0.510208E+01
 -0.501037E+01
 -0.492097E+01
 -0.483237E+01
 -0.474620E+01
 -0.466306E+01
 -0.458199E+01
 -0.450308E+01
 -0.442602E+01
 -0.435204E+01
 -0.428162E+01
 -0.421317E+01
 -0.414641E+01
 -0.408266E+01
 -0.402098E+01
 -0.396027E+01
 -0.390032E+01
 -0.384137E+01
 -0.378351E+01
 -0.372582E+01
 -0.366720E+01
 -0.360891E+01
 -0.355081E+01
 -0.349196E+01
 -0.343239E+01
 -0.337198E+01
 -0.331098E+01
 -0.324874E+01
 -0.318444E+01
 -0.311862E+01
 -0.305093E+01
 -0.298136E+01
 -0.290953E+01
 -0.283591E+01
 -0.276059E+01
 -0.268328E+01
 -0.260523E+01
 -0.252583E+01
 -0.244443E+01
 -0.236321E+01
 -0.228220E+01
 -0.219954E+01
 -0.211694E+01
 -0.203481E+01
 -0.195200E+01
 -0.187024E+01
 -0.178911E+01
 -0.170812E+01
 -0.162823E+01
 -0.154945E+01
 -0.147168E+01
 -0.139408E+01
 -0.131829E+01
 -0.124475E+01
 -0.117083E+01
 -0.109833E+01
 -0.102829E+01
 -0.958223E+00
 -0.889552E+00
 -0.821858E+00
 -0.753859E+00
 -0.686709E+00
 -0.619532E+00
 -0.552187E+00
 -0.484214E+00
 -0.415345E+00
 -0.346554E+00
 -0.275934E+00
 -0.203722E+00
 -0.130306E+00
 -0.548043E-01
  0.227292E-01
  0.102677E+00
  0.185489E+00
  0.270740E+00
  0.358346E+00
  0.448987E+00
  0.543124E+00
  0.639498E+00
  0.737944E+00
  0.839805E+00
  0.945494E+00
  0.105289E+01
  0.116258E+01
  0.127491E+01
  0.138957E+01
  0.150713E+01
  0.162653E+01
  0.174739E+01
  0.187078E+01
  0.199639E+01
  0.212430E+01
  0.225321E+01
  0.238439E+01
  0.251841E+01
  0.265394E+01
  0.279093E+01
  0.293030E+01
  0.307198E+01
  0.321536E+01
  0.336019E+01
  0.350720E+01
  0.365582E+01
  0.380645E+01
  0.395745E+01
  0.410909E+01
  0.426233E+01
  0.441740E+01
  0.457280E+01
  0.472816E+01
  0.488505E+01
  0.504316E+01
  0.520007E+01
  0.535771E+01
  0.551558E+01
  0.567242E+01
  0.582889E+01
  0.598547E+01
  0.614012E+01
  0.629246E+01
  0.644230E+01
  0.659040E+01
  0.673461E+01
  0.687432E+01
  0.701078E+01
  0.714322E+01
  0.727036E+01
  0.739354E+01
  0.751089E+01
  0.762419E+01
  0.773272E+01
  0.783507E+01
  0.793179E+01
  0.802352E+01
  0.811036E+01
  0.819140E+01
  0.826615E+01
  0.833702E+01
  0.840252E+01
  0.846348E+01
  0.851879E+01
  0.856991E+01
  0.861764E+01
  0.866115E+01
  0.870022E+01
  0.873547E+01
  0.876811E+01
  0.879861E+01
  0.882441E+01
  0.884828E+01
  0.887020E+01
  0.888918E+01
  0.890460E+01
  0.891741E+01
  0.892737E+01
  0.893464E+01
  0.893859E+01
  0.893986E+01
  0.893760E+01
  0.893292E+01
  0.892462E+01
  0.891277E+01
  0.889730E+01
  0.887873E+01
  0.885637E+01
  0.883048E+01
  0.880114E+01
  0.876801E+01
  0.873066E+01
  0.869024E+01
  0.864457E+01
  0.859553E+01
  0.854288E+01
  0.848704E+01
  0.842807E+01
  0.836518E+01
  0.829890E+01
  0.823017E+01
  0.815864E+01
  0.808498E+01
  0.800836E+01
  0.793097E+01
  0.785178E+01
  0.777138E+01
  0.768992E+01
  0.760787E+01
  0.752598E+01
  0.744352E+01
  0.736049E+01
  0.727960E+01
  0.719937E+01
  0.712004E+01
  0.704162E+01
  0.696528E+01
  0.689067E+01
  0.681789E+01
  0.674665E+01
  0.667743E+01
  0.661105E+01
  0.654743E+01
  0.648494E+01
  0.642511E+01
  0.636773E+01
  0.631293E+01
  0.625987E+01
  0.620862E+01
  0.615995E+01
  0.611328E+01
  0.606692E+01
  0.602226E+01
  0.597928E+01
  0.593802E+01
  0.589743E+01
  0.585862E+01
  0.582139E+01
  0.578528E+01
  0.574925E+01
  0.571496E+01
  0.568197E+01
  0.564873E+01
  0.561673E+01
  0.558640E+01
  0.555480E+01
  0.552440E+01
  0.549503E+01
  0.546506E+01
  0.543561E+01
  0.540758E+01
  0.537965E+01
  0.535255E+01
  0.532612E+01
  0.530049E+01
  0.527537E+01
  0.525200E+01
  0.522961E+01
  0.520718E+01
  0.518669E+01
  0.516919E+01
  0.515236E+01
  0.513845E+01
  0.512622E+01
  0.511678E+01
  0.511244E+01
  0.510970E+01
  0.510963E+01
  0.511435E+01
  0.512105E+01
  0.513165E+01
  0.514423E+01
  0.516003E+01
  0.518007E+01
  0.520269E+01
  0.522785E+01
  0.525579E+01
  0.528763E+01
  0.532237E+01
  0.535812E+01
  0.539705E+01
  0.543721E+01
  0.548095E+01
  0.552704E+01
  0.557323E+01
  0.562248E+01
  0.567392E+01
  0.572674E+01
  0.578148E+01
  0.583648E+01
  0.589384E+01
  0.595182E+01
  0.601122E+01
  0.607064E+01
  0.612979E+01
  0.619065E+01
  0.625115E+01
  0.631069E+01
  0.637066E+01
  0.642961E+01
  0.648947E+01
  0.654874E+01
  0.660684E+01
  0.666487E+01
  0.672307E+01
  0.678045E+01
  0.683723E+01
  0.689278E+01
  0.694921E+01
  0.700564E+01
  0.706085E+01
  0.711546E+01
  0.717111E+01
  0.722638E+01
  0.728185E+01
  0.733712E+01
  0.739233E+01
  0.744841E+01
  0.750525E+01
  0.756142E+01
  0.761803E+01
  0.767557E+01
  0.773390E+01
  0.779112E+01
  0.784989E+01
  0.790876E+01
  0.796777E+01
  0.802733E+01
  0.808518E+01
  0.814323E+01
  0.820188E+01
  0.825780E+01
  0.831354E+01
  0.836761E+01
  0.842044E+01
  0.847182E+01
  0.852149E+01
  0.856885E+01
  0.861436E+01
  0.865822E+01
  0.870011E+01
  0.873886E+01
  0.877554E+01
  0.880914E+01
  0.884026E+01
  0.886809E+01
  0.889304E+01
  0.891564E+01
  0.893687E+01
  0.895521E+01
  0.897081E+01
  0.898478E+01
  0.899825E+01
  0.900873E+01
  0.901732E+01
  0.902446E+01
  0.903075E+01
  0.903602E+01
  0.904001E+01
  0.904250E+01
  0.904551E+01
  0.904837E+01
  0.905123E+01
  0.905334E+01
  0.905605E+01
  0.905979E+01
  0.906335E+01
  0.906519E+01
  0.906858E+01
  0.907217E+01
  0.907436E+01
  0.907493E+01
  0.907473E+01
  0.907357E+01
  0.907146E+01
  0.906643E+01
  0.905916E+01
  0.905031E+01
  0.904037E+01
  0.902742E+01
  0.901268E+01
  0.899592E+01
  0.897734E+01
  0.895623E+01
  0.893268E+01
  0.890586E+01
  0.887679E+01
  0.884541E+01
  0.881136E+01
  0.877379E+01
  0.873409E+01
  0.869203E+01
  0.864711E+01
  0.859843E+01
  0.854879E+01
  0.849587E+01
  0.843966E+01
  0.838084E+01
  0.831904E+01
  0.825405E+01
  0.818646E+01
  0.811618E+01
  0.804255E+01
  0.796606E+01
  0.788965E+01
  0.780940E+01
  0.772625E+01
  0.764137E+01
  0.755438E+01
  0.746486E+01
  0.737251E+01
  0.727710E+01
  0.717944E+01
  0.707870E+01
  0.697455E+01
  0.686570E+01
  0.675375E+01
  0.663808E+01
  0.651810E+01
  0.639332E+01
  0.626498E+01
  0.613287E+01
  0.599675E+01
  0.585661E+01
  0.571198E+01
  0.556342E+01
  0.541323E+01
  0.525808E+01
  0.510021E+01
  0.494064E+01
  0.477798E+01
  0.461334E+01
  0.444622E+01
  0.427712E+01
  0.410804E+01
  0.393726E+01
  0.376548E+01
  0.359228E+01
  0.341908E+01
  0.324520E+01
  0.306998E+01
  0.289424E+01
  0.271799E+01
  0.254198E+01
  0.236556E+01
  0.218776E+01
  0.200990E+01
  0.183151E+01
  0.165406E+01
  0.147473E+01
  0.129402E+01
  0.111456E+01
  0.934657E+00
  0.754049E+00
  0.573335E+00
  0.392978E+00
  0.213418E+00
  0.341129E-01
 -0.143430E+00
 -0.320993E+00
 -0.497952E+00
 -0.672108E+00
 -0.846637E+00
 -0.102021E+01
 -0.119014E+01
 -0.135993E+01
 -0.152742E+01
 -0.169316E+01
 -0.185823E+01
 -0.201949E+01
 -0.217916E+01
 -0.233809E+01
 -0.249427E+01
 -0.264740E+01
 -0.279799E+01
 -0.294657E+01
 -0.309269E+01
 -0.323524E+01
 -0.337410E+01
 -0.351138E+01
 -0.364542E+01
 -0.377631E+01
 -0.390542E+01
 -0.403041E+01
 -0.415435E+01
 -0.427658E+01
 -0.439474E+01
 -0.451158E+01
 -0.462626E+01
 -0.473944E+01
 -0.485104E+01
 -0.495999E+01
 -0.506815E+01
 -0.517463E+01
 -0.528001E+01
 -0.538349E+01
 -0.548543E+01
 -0.558677E+01
 -0.568615E+01
 -0.578390E+01
 -0.587972E+01
 -0.597374E+01
 -0.606632E+01
 -0.615612E+01
 -0.624409E+01
 -0.632997E+01
 -0.641445E+01
 -0.649682E+01
 -0.657689E+01
 -0.665646E+01
 -0.673423E+01
 -0.680989E+01
 -0.688481E+01
 -0.695702E+01
 -0.702796E+01
 -0.709814E+01
 -0.716620E+01
 -0.723213E+01
 -0.729684E+01
 -0.736066E+01
 -0.742306E+01
 -0.748305E+01
 -0.754226E+01
 -0.760037E+01
 -0.765741E+01
 -0.771381E+01
 -0.776789E+01
 -0.781983E+01
 -0.787151E+01
 -0.792082E+01
 -0.796684E+01
 -0.801062E+01
 -0.805312E+01
 -0.809161E+01
 -0.812575E+01
 -0.815638E+01
 -0.818268E+01
 -0.820519E+01
 -0.822354E+01
 -0.823594E+01
 -0.824532E+01
 -0.825096E+01
 -0.825170E+01
 -0.824831E+01
 -0.824217E+01
 -0.823296E+01
 -0.821972E+01
 -0.820407E+01
 -0.818547E+01
 -0.816432E+01
 -0.814268E+01
 -0.811758E+01
 -0.809181E+01
 -0.806570E+01
 -0.803831E+01
 -0.801074E+01
 -0.798237E+01
 -0.795348E+01
 -0.792512E+01
 -0.789734E+01
 -0.786897E+01
 -0.784069E+01
 -0.781441E+01
 -0.778713E+01
 -0.776080E+01
 -0.773475E+01
 -0.770822E+01
 -0.768320E+01
 -0.765776E+01
 -0.763234E+01
 -0.760744E+01
 -0.758272E+01
 -0.755983E+01
 -0.753547E+01
 -0.751152E+01
 -0.748844E+01
 -0.746539E+01
 -0.744337E+01
 -0.742012E+01
 -0.739847E+01
 -0.737887E+01
 -0.735831E+01
 -0.733956E+01
 -0.732125E+01
 -0.730457E+01
 -0.728958E+01
 -0.727455E+01
 -0.726026E+01
 -0.724722E+01
 -0.723541E+01
 -0.722282E+01
 -0.721003E+01
 -0.719888E+01
 -0.718694E+01
 -0.717552E+01
 -0.716309E+01
 -0.715025E+01
 -0.713925E+01
 -0.712797E+01
 -0.711592E+01
 -0.710412E+01
 -0.709365E+01
 -0.708369E+01
 -0.707325E+01
 -0.706416E+01
 -0.705483E+01
 -0.704686E+01
 -0.703902E+01
 -0.702962E+01
 -0.702010E+01
 -0.701011E+01
 -0.699951E+01
 -0.698698E+01
 -0.697287E+01
 -0.695856E+01
 -0.694208E+01
 -0.692450E+01
 -0.690518E+01
 -0.688481E+01
 -0.686363E+01
 -0.684081E+01
 -0.681714E+01
 -0.679145E+01
 -0.676482E+01
 -0.673827E+01
 -0.670801E+01
 -0.667643E+01
 -0.664484E+01
 -0.661113E+01
 -0.657575E+01
 -0.653900E+01
 -0.650024E+01
 -0.646056E+01
 -0.642012E+01
 -0.637782E+01
 -0.633334E+01
 -0.628889E+01
 -0.624272E+01
 -0.619302E+01
 -0.614163E+01
 -0.608878E+01
 -0.603344E+01
 -0.597585E+01
 -0.591518E+01
 -0.585284E+01
 -0.578932E+01
 -0.572318E+01
 -0.565421E+01
 -0.558346E+01
 -0.551058E+01
 -0.543622E+01
 -0.535955E+01
 -0.527913E+01
 -0.519701E+01
 -0.511335E+01
 -0.502539E+01
 -0.493451E+01
 -0.484183E+01
 -0.474551E+01
 -0.464606E+01
 -0.454465E+01
 -0.443919E+01
 -0.433112E+01
 -0.422113E+01
 -0.410819E+01
 -0.399211E+01
 -0.387375E+01
 -0.375422E+01
 -0.363157E+01
 -0.350732E+01
 -0.338255E+01
 -0.325568E+01
 -0.312892E+01
 -0.300129E+01
 -0.287289E+01
 -0.274561E+01
 -0.261848E+01
 -0.249253E+01
 -0.236807E+01
 -0.224409E+01
 -0.212277E+01
 -0.200390E+01
 -0.188585E+01
 -0.177140E+01
 -0.166015E+01
 -0.155061E+01
 -0.144400E+01
 -0.134032E+01
 -0.123907E+01
 -0.114089E+01
 -0.104595E+01
 -0.952940E+00
 -0.863072E+00
 -0.777130E+00
 -0.693452E+00
 -0.612050E+00
 -0.533009E+00
 -0.457696E+00
 -0.384071E+00
 -0.312047E+00
 -0.243595E+00
 -0.176873E+00
 -0.112912E+00
 -0.526476E-01
  0.603294E-02
  0.621133E-01
  0.114782E+00
  0.164515E+00
  0.212831E+00
  0.257591E+00
  0.298073E+00
  0.336816E+00
  0.372176E+00
  0.403841E+00
  0.432822E+00
  0.457200E+00
  0.477787E+00
  0.494991E+00
  0.508205E+00
  0.515688E+00
  0.519100E+00
  0.519093E+00
  0.513321E+00
  0.502866E+00
  0.488665E+00
  0.469765E+00
  0.446685E+00
  0.418775E+00
  0.386298E+00
  0.349603E+00
  0.309548E+00
  0.264889E+00
  0.214991E+00
  0.161624E+00
  0.105611E+00
  0.458839E-01
 -0.181558E-01
 -0.848572E-01
 -0.153050E+00
 -0.224733E+00
 -0.299002E+00
 -0.375117E+00
 -0.453607E+00
 -0.533538E+00
 -0.615371E+00
 -0.699589E+00
 -0.785312E+00
 -0.872319E+00
 -0.960522E+00
 -0.105114E+01
 -0.114292E+01
 -0.123462E+01
 -0.132758E+01
 -0.142175E+01
 -0.151554E+01
 -0.160961E+01
 -0.170409E+01
 -0.179875E+01
 -0.189479E+01
 -0.199074E+01
 -0.208594E+01
 -0.218279E+01
 -0.228017E+01
 -0.237795E+01
 -0.247661E+01
 -0.257531E+01
 -0.267611E+01
 -0.277814E+01
 -0.287948E+01
 -0.298224E+01
 -0.308575E+01
 -0.318924E+01
 -0.329395E+01
 -0.339848E+01
 -0.350238E+01
 -0.360762E+01
 -0.371385E+01
 -0.381888E+01
 -0.392396E+01
 -0.402979E+01
 -0.413462E+01
 -0.424003E+01
 -0.434552E+01
 -0.444914E+01
 -0.455357E+01
 -0.465747E+01
 -0.475917E+01
 -0.486058E+01
 -0.496083E+01
 -0.505855E+01
 -0.515470E+01
 -0.524775E+01
 -0.533804E+01
 -0.542701E+01
 -0.551195E+01
 -0.559264E+01
 -0.567108E+01
 -0.574554E+01
 -0.581588E+01
 -0.588210E+01
 -0.594380E+01
 -0.600142E+01
 -0.605505E+01
 -0.610347E+01
 -0.614722E+01
 -0.618644E+01
 -0.622051E+01
 -0.624909E+01
 -0.627230E+01
 -0.628977E+01
 -0.630238E+01
 -0.630984E+01
 -0.631146E+01
 -0.630745E+01
 -0.629810E+01
 -0.628307E+01
 -0.626226E+01
 -0.623562E+01
 -0.620414E+01
 -0.616638E+01
 -0.612415E+01
 -0.607729E+01
 -0.602433E+01
 -0.596850E+01
 -0.590786E+01
 -0.584114E+01
 -0.577203E+01
 -0.569813E+01
 -0.561992E+01
 -0.553832E+01
 -0.545182E+01
 -0.536234E+01
 -0.527027E+01
 -0.517431E+01
 -0.507500E+01
 -0.497253E+01
 -0.486820E+01
 -0.476081E+01
 -0.465011E+01
 -0.453801E+01
 -0.442347E+01
 -0.430794E+01
 -0.419168E+01
 -0.407177E+01
 -0.395282E+01
 -0.383378E+01
 -0.371220E+01
 -0.359111E+01
 -0.346980E+01
 -0.334820E+01
 -0.322604E+01
 -0.310416E+01
 -0.298277E+01
 -0.286083E+01
 -0.273953E+01
 -0.261751E+01
 -0.249595E+01
 -0.237529E+01
 -0.225452E+01
 -0.213536E+01
 -0.201663E+01
 -0.189911E+01
 -0.178406E+01
 -0.166985E+01
 -0.155720E+01
 -0.144619E+01
 -0.133754E+01
 -0.123190E+01
 -0.112748E+01
 -0.102598E+01
 -0.928811E+00
 -0.834850E+00
 -0.743905E+00
 -0.657340E+00
 -0.574896E+00
 -0.496359E+00
 -0.422486E+00
 -0.352683E+00
 -0.286473E+00
 -0.225204E+00
 -0.168525E+00
 -0.115313E+00
 -0.659244E-01
 -0.210316E-01
  0.206416E-01
  0.593083E-01
  0.949190E-01
  0.128267E+00
  0.158973E+00
  0.186263E+00
  0.212079E+00
  0.235986E+00
  0.257544E+00
  0.276896E+00
  0.294141E+00
  0.309822E+00
  0.322223E+00
  0.332222E+00
  0.341137E+00
  0.346307E+00
  0.348578E+00
  0.348021E+00
  0.345049E+00
  0.339522E+00
  0.330211E+00
  0.317965E+00
  0.302508E+00
  0.283565E+00
  0.261954E+00
  0.236183E+00
  0.206564E+00
  0.173590E+00
  0.137497E+00
  0.976021E-01
  0.546501E-01
  0.843120E-02
 -0.416038E-01
 -0.941932E-01
 -0.150586E+00
 -0.209868E+00
 -0.271616E+00
 -0.338012E+00
 -0.405468E+00
 -0.475774E+00
 -0.549447E+00
 -0.623462E+00
 -0.700060E+00
 -0.778556E+00
 -0.858252E+00
 -0.939390E+00
 -0.102094E+01
 -0.110451E+01
 -0.118846E+01
 -0.127302E+01
 -0.135966E+01
 -0.144658E+01
 -0.153431E+01
 -0.162443E+01
 -0.171615E+01
 -0.180877E+01
 -0.190435E+01
 -0.200213E+01
 -0.209971E+01
 -0.220003E+01
 -0.230233E+01
 -0.240637E+01
 -0.251177E+01
 -0.261598E+01
 -0.272191E+01
 -0.282772E+01
 -0.293150E+01
 -0.303482E+01
 -0.313639E+01
 -0.323672E+01
 -0.333508E+01
 -0.343136E+01
 -0.352504E+01
 -0.361623E+01
 -0.370650E+01
 -0.379299E+01
 -0.387738E+01
 -0.396033E+01
 -0.403995E+01
 -0.411795E+01
 -0.419376E+01
 -0.426802E+01
 -0.434071E+01
 -0.441130E+01
 -0.448149E+01
 -0.454969E+01
 -0.461666E+01
 -0.468386E+01
 -0.475052E+01
 -0.481592E+01
 -0.488015E+01
 -0.494433E+01
 -0.500849E+01
 -0.507101E+01
 -0.513254E+01
 -0.519428E+01
 -0.525593E+01
 -0.531673E+01
 -0.537696E+01
 -0.543593E+01
 -0.549472E+01
 -0.555317E+01
 -0.561037E+01
 -0.566755E+01
 -0.572463E+01
 -0.578099E+01
 -0.583767E+01
 -0.589356E+01
 -0.594849E+01
 -0.600438E+01
 -0.606122E+01
 -0.611612E+01
 -0.617109E+01
 -0.622763E+01
 -0.628261E+01
 -0.633725E+01
 -0.639252E+01
 -0.644628E+01
 -0.650071E+01
 -0.655446E+01
 -0.660619E+01
 -0.665807E+01
 -0.671107E+01
 -0.676225E+01
 -0.681239E+01
 -0.686349E+01
 -0.691445E+01
 -0.696544E+01
 -0.701544E+01
 -0.706435E+01
 -0.711459E+01
 -0.716327E+01
 -0.721134E+01
 -0.725992E+01
 -0.730778E+01
 -0.735567E+01
 -0.740325E+01
 -0.744993E+01
 -0.749634E+01
 -0.754242E+01
 -0.758898E+01
 -0.763438E+01
 -0.768020E+01
 -0.772683E+01
 -0.777345E+01
 -0.782068E+01
 -0.786769E+01
 -0.791587E+01
 -0.796591E+01
 -0.801574E+01
 -0.806704E+01
 -0.811920E+01
 -0.817353E+01
 -0.822935E+01
 -0.828559E+01
 -0.834436E+01
 -0.840463E+01
 -0.846601E+01
 -0.852954E+01
 -0.859408E+01
 -0.866155E+01
 -0.873063E+01
 -0.880180E+01
 -0.887483E+01
 -0.894880E+01
 -0.902567E+01
 -0.910495E+01
 -0.918452E+01
 -0.926588E+01
 -0.934963E+01
 -0.943548E+01
 -0.952102E+01
 -0.960777E+01
 -0.969633E+01
 -0.978477E+01
 -0.987443E+01
 -0.996517E+01
 -0.100547E+02
 -0.101459E+02
 -0.102377E+02
 -0.103292E+02
 -0.104213E+02
 -0.105147E+02
 -0.106088E+02
 -0.107038E+02
 -0.107999E+02
 -0.108977E+02
 -0.109971E+02
 -0.110983E+02
 -0.112014E+02
 -0.113069E+02
 -0.114136E+02
 -0.115234E+02
 -0.116339E+02
 -0.117451E+02
 -0.118600E+02
 -0.119772E+02
 -0.120952E+02
 -0.122153E+02
 -0.123380E+02
 -0.124628E+02
 -0.125888E+02
 -0.127167E+02
 -0.128442E+02
 -0.129741E+02
 -0.131056E+02
 -0.132358E+02
 -0.133667E+02
 -0.134990E+02
 -0.136310E+02
 -0.137632E+02
 -0.138940E+02
 -0.140251E+02
 -0.141556E+02
 -0.142854E+02
 -0.144141E+02
 -0.145421E+02
 -0.146705E+02
 -0.147980E+02
 -0.149241E+02
 -0.150512E+02
 -0.151768E+02
 -0.153034E+02
 -0.154286E+02
 -0.155528E+02
 -0.156782E+02
 -0.158025E+02
 -0.159251E+02
 -0.160478E+02
 -0.161696E+02
 -0.162915E+02
 -0.164122E+02
 -0.165331E+02
 -0.166519E+02
 -0.167695E+02
 -0.168866E+02
 -0.170014E+02
 -0.171143E+02
 -0.172261E+02
 -0.173356E+02
 -0.174448E+02
 -0.175511E+02
 -0.176557E+02
 -0.177589E+02
 -0.178613E+02
 -0.179612E+02
 -0.180597E+02
 -0.181570E+02
 -0.182527E+02
 -0.183475E+02
 -0.184409E+02
 -0.185311E+02
 -0.186220E+02
 -0.187112E+02
 -0.187981E+02
 -0.188828E+02
 -0.189662E+02
 -0.190488E+02
 -0.191286E+02
 -0.192052E+02
 -0.192810E+02
 -0.193537E+02
 -0.194250E+02
 -0.194912E+02
 -0.195552E+02
 -0.196181E+02
 -0.196749E+02
 -0.197270E+02
 -0.197765E+02
 -0.198205E+02
 -0.198619E+02
 -0.198970E+02
 -0.199267E+02
 -0.199532E+02
 -0.199741E+02
 -0.199890E+02
 -0.199998E+02
 -0.200042E+02
 -0.200048E+02
 -0.200007E+02
 -0.199914E+02
 -0.199773E+02
 -0.199599E+02
 -0.199366E+02
 -0.199103E+02
 -0.198801E+02
 -0.198450E+02
 -0.198064E+02
 -0.197643E+02
 -0.197161E+02
 -0.196644E+02
 -0.196076E+02
 -0.195460E+02
 -0.194795E+02
 -0.194081E+02
 -0.193315E+02
 -0.192514E+02
 -0.191653E+02
 -0.190738E+02
 -0.189782E+02
 -0.188785E+02
 -0.187738E+02
 -0.186654E+02
 -0.185509E+02
 -0.184346E+02
 -0.183159E+02
 -0.181929E+02
 -0.180661E+02
 -0.179378E+02
 -0.178079E+02
 -0.176758E+02
 -0.175403E+02
 -0.174036E+02
 -0.172650E+02
 -0.171254E+02
 -0.169818E+02
 -0.168373E+02
 -0.166937E+02
 -0.165475E+02
 -0.163980E+02
 -0.162479E+02
 -0.160968E+02
 -0.159437E+02
 -0.157862E+02
 -0.156275E+02
 -0.154666E+02
 -0.153032E+02
 -0.151366E+02
 -0.149669E+02
 -0.147942E+02
 -0.146191E+02
 -0.144408E+02
 -0.142599E+02
 -0.140755E+02
 -0.138891E+02
 -0.137000E+02
 -0.135084E+02
 -0.133142E+02
 -0.131193E+02
 -0.129217E+02
 -0.127219E+02
 -0.125211E+02
 -0.123180E+02
 -0.121127E+02
 -0.119078E+02
 -0.117009E+02
 -0.114911E+02
 -0.112807E+02
 -0.110705E+02
 -0.108573E+02
 -0.106431E+02
 -0.104271E+02
 -0.102107E+02
 -0.999457E+01
 -0.977511E+01
 -0.955487E+01
 -0.933601E+01
 -0.911522E+01
 -0.889481E+01
 -0.867322E+01
 -0.845162E+01
 -0.823068E+01
 -0.800736E+01
 -0.778313E+01
 -0.755861E+01
 -0.733240E+01
 -0.710552E+01
 -0.687691E+01
 -0.664676E+01
 -0.641521E+01
 -0.618332E+01
 -0.594894E+01
 -0.571201E+01
 -0.547459E+01
 -0.523558E+01
 -0.499411E+01
 -0.475070E+01
 -0.450552E+01
 -0.425897E+01
 -0.401086E+01
 -0.376218E+01
 -0.351235E+01
 -0.326169E+01
 -0.301170E+01
 -0.276081E+01
 -0.250891E+01
 -0.225870E+01
 -0.200919E+01
 -0.176046E+01
 -0.151277E+01
 -0.126565E+01
 -0.102114E+01
 -0.777991E+00
 -0.535242E+00
 -0.294858E+00
 -0.557261E-01
  0.181884E+00
  0.416836E+00
  0.651535E+00
  0.884755E+00
  0.111442E+01
  0.134302E+01
  0.157088E+01
  0.179634E+01
  0.201994E+01
  0.224140E+01
  0.246251E+01
  0.268155E+01
  0.289717E+01
  0.311218E+01
  0.332525E+01
  0.353636E+01
  0.374677E+01
  0.395398E+01
  0.416080E+01
  0.436732E+01
  0.457227E+01
  0.477602E+01
  0.497925E+01
  0.518197E+01
  0.538418E+01
  0.558605E+01
  0.578730E+01
  0.598721E+01
  0.618838E+01
  0.639051E+01
  0.659090E+01
  0.679052E+01
  0.699280E+01
  0.719434E+01
  0.739451E+01
  0.759544E+01
  0.779807E+01
  0.800100E+01
  0.820287E+01
  0.840427E+01
  0.860718E+01
  0.880959E+01
  0.901133E+01
  0.921156E+01
  0.941248E+01
  0.961361E+01
  0.981279E+01
  0.100106E+02
  0.102090E+02
  0.104062E+02
  0.106022E+02
  0.107960E+02
  0.109896E+02
  0.111824E+02
  0.113733E+02
  0.115618E+02
  0.117498E+02
  0.119357E+02
  0.121201E+02
  0.123035E+02
  0.124860E+02
  0.126663E+02
  0.128452E+02
  0.130232E+02
  0.132018E+02
  0.133785E+02
  0.135553E+02
  0.137325E+02
  0.139106E+02
  0.140889E+02
  0.142672E+02
  0.144459E+02
  0.146270E+02
  0.148076E+02
  0.149881E+02
  0.151696E+02
  0.153520E+02
  0.155335E+02
  0.157156E+02
  0.158962E+02
  0.160770E+02
  0.162582E+02
  0.164384E+02
  0.166166E+02
  0.167955E+02
  0.169748E+02
  0.171526E+02
  0.173276E+02
  0.175044E+02
  0.176800E+02
  0.178538E+02
  0.180256E+02
  0.181969E+02
  0.183680E+02
  0.185369E+02
  0.187022E+02
  0.188676E+02
  0.190321E+02
  0.191954E+02
  0.193554E+02
  0.195155E+02
  0.196752E+02
  0.198326E+02
  0.199873E+02
  0.201408E+02
  0.202927E+02
  0.204444E+02
  0.205912E+02
  0.207372E+02
  0.208823E+02
  0.210235E+02
  0.211628E+02
  0.213000E+02
  0.214331E+02
  0.215663E+02
  0.216952E+02
  0.218201E+02
  0.219427E+02
  0.220614E+02
  0.221742E+02
  0.222849E+02
  0.223903E+02
  0.224908E+02
  0.225853E+02
  0.226752E+02
  0.227595E+02
  0.228378E+02
  0.229096E+02
  0.229772E+02
  0.230385E+02
  0.230950E+02
  0.231451E+02
  0.231918E+02
  0.232337E+02
  0.232699E+02
  0.233013E+02
  0.233301E+02
  0.233545E+02
  0.233748E+02
  0.233902E+02
  0.234044E+02
  0.234161E+02
  0.234248E+02
  0.234297E+02
  0.234347E+02
  0.234378E+02
  0.234387E+02
  0.234374E+02
  0.234358E+02
  0.234320E+02
  0.234265E+02
  0.234179E+02
  0.234070E+02
  0.233932E+02
  0.233782E+02
  0.233590E+02
  0.233379E+02
  0.233142E+02
  0.232880E+02
  0.232587E+02
  0.232268E+02
  0.231909E+02
  0.231539E+02
  0.231131E+02
  0.230695E+02
  0.230229E+02
  0.229731E+02
  0.229187E+02
  0.228620E+02
  0.228004E+02
  0.227354E+02
  0.226680E+02
  0.225967E+02
  0.225199E+02
  0.224401E+02
  0.223540E+02
  0.222647E+02
  0.221704E+02
  0.220701E+02
  0.219640E+02
  0.218543E+02
  0.217373E+02
  0.216128E+02
  0.214818E+02
  0.213451E+02
  0.212004E+02
  0.210500E+02
  0.208926E+02
  0.207304E+02
  0.205616E+02
  0.203860E+02
  0.202041E+02
  0.200180E+02
  0.198263E+02
  0.196305E+02
  0.194284E+02
  0.192216E+02
  0.190116E+02
  0.187975E+02
  0.185765E+02
  0.183518E+02
  0.181238E+02
  0.178916E+02
  0.176546E+02
  0.174157E+02
  0.171723E+02
  0.169261E+02
  0.166765E+02
  0.164222E+02
  0.161654E+02
  0.159080E+02
  0.156453E+02
  0.153814E+02
  0.151160E+02
  0.148480E+02
  0.145784E+02
  0.143070E+02
  0.140329E+02
  0.137589E+02
  0.134832E+02
  0.132073E+02
  0.129308E+02
  0.126528E+02
  0.123742E+02
  0.120963E+02
  0.118162E+02
  0.115349E+02
  0.112541E+02
  0.109737E+02
  0.106913E+02
  0.104080E+02
  0.101244E+02
  0.984017E+01
  0.955514E+01
  0.926948E+01
  0.898222E+01
  0.869628E+01
  0.841041E+01
  0.812308E+01
  0.783563E+01
  0.754951E+01
  0.726250E+01
  0.697533E+01
  0.668821E+01
  0.640184E+01
  0.611553E+01
  0.582921E+01
  0.554294E+01
  0.525647E+01
  0.497000E+01
  0.468490E+01
  0.439885E+01
  0.411263E+01
  0.382830E+01
  0.354569E+01
  0.326259E+01
  0.298056E+01
  0.270109E+01
  0.242372E+01
  0.214800E+01
  0.187409E+01
  0.160232E+01
  0.133395E+01
  0.106795E+01
  0.804204E+00
  0.543271E+00
  0.285667E+00
  0.311131E-01
 -0.220371E+00
 -0.468249E+00
 -0.712840E+00
 -0.954385E+00
 -0.119169E+01
 -0.142613E+01
 -0.165731E+01
 -0.188422E+01
 -0.210788E+01
 -0.232854E+01
 -0.254650E+01
 -0.276051E+01
 -0.297023E+01
 -0.317776E+01
 -0.338304E+01
 -0.358362E+01
 -0.378015E+01
 -0.397421E+01
 -0.416414E+01
 -0.435054E+01
 -0.453324E+01
 -0.471075E+01
 -0.488492E+01
 -0.505480E+01
 -0.522009E+01
 -0.538010E+01
 -0.553426E+01
 -0.568422E+01
 -0.582834E+01
 -0.596635E+01
 -0.609903E+01
 -0.622494E+01
 -0.634573E+01
 -0.645976E+01
 -0.656562E+01
 -0.666573E+01
 -0.676029E+01
 -0.684589E+01
 -0.692372E+01
 -0.699588E+01
 -0.706083E+01
 -0.711704E+01
 -0.716538E+01
 -0.720620E+01
 -0.724089E+01
 -0.726764E+01
 -0.728625E+01
 -0.729884E+01
 -0.730438E+01
 -0.730313E+01
 -0.729617E+01
 -0.728142E+01
 -0.726010E+01
 -0.723269E+01
 -0.719995E+01
 -0.716047E+01
 -0.711410E+01
 -0.706351E+01
 -0.700728E+01
 -0.694397E+01
 -0.687591E+01
 -0.680290E+01
 -0.672472E+01
 -0.664060E+01
 -0.655143E+01
 -0.645796E+01
 -0.635955E+01
 -0.625519E+01
 -0.614543E+01
 -0.603113E+01
 -0.591225E+01
 -0.578765E+01
 -0.565929E+01
 -0.552622E+01
 -0.538715E+01
 -0.524454E+01
 -0.509796E+01
 -0.494570E+01
 -0.478863E+01
 -0.462725E+01
 -0.446232E+01
 -0.429139E+01
 -0.411559E+01
 -0.393684E+01
 -0.375192E+01
 -0.356153E+01
 -0.336701E+01
 -0.316766E+01
 -0.296400E+01
 -0.275448E+01
 -0.254028E+01
 -0.232165E+01
 -0.209762E+01
 -0.186895E+01
 -0.163505E+01
 -0.139640E+01
 -0.115328E+01
 -0.904412E+00
 -0.650996E+00
 -0.392159E+00
 -0.127100E+00
  0.141310E+00
  0.414497E+00
  0.693789E+00
  0.977675E+00
  0.126571E+01
  0.155748E+01
  0.185419E+01
  0.215564E+01
  0.245851E+01
  0.276533E+01
  0.307589E+01
  0.338789E+01
  0.370203E+01
  0.401799E+01
  0.433490E+01
  0.465262E+01
  0.497074E+01
  0.528936E+01
  0.560662E+01
  0.592374E+01
  0.624123E+01
  0.655687E+01
  0.686960E+01
  0.718129E+01
  0.749123E+01
  0.779900E+01
  0.810250E+01
  0.840372E+01
  0.870316E+01
  0.899825E+01
  0.928855E+01
  0.957608E+01
  0.985977E+01
  0.101388E+02
  0.104124E+02
  0.106812E+02
  0.109448E+02
  0.112035E+02
  0.114550E+02
  0.117017E+02
  0.119423E+02
  0.121762E+02
  0.124042E+02
  0.126260E+02
  0.128403E+02
  0.130484E+02
  0.132500E+02
  0.134445E+02
  0.136313E+02
  0.138133E+02
  0.139884E+02
  0.141570E+02
  0.143187E+02
  0.144749E+02
  0.146254E+02
  0.147692E+02
  0.149068E+02
  0.150400E+02
  0.151667E+02
  0.152892E+02
  0.154065E+02
  0.155191E+02
  0.156265E+02
  0.157297E+02
  0.158289E+02
  0.159245E+02
  0.160151E+02
  0.161031E+02
  0.161882E+02
  0.162691E+02
  0.163451E+02
  0.164192E+02
  0.164907E+02
  0.165593E+02
  0.166232E+02
  0.166860E+02
  0.167471E+02
  0.168035E+02
  0.168567E+02
  0.169089E+02
  0.169580E+02
  0.170051E+02
  0.170484E+02
  0.170900E+02
  0.171298E+02
  0.171665E+02
  0.171997E+02
  0.172317E+02
  0.172604E+02
  0.172879E+02
  0.173134E+02
  0.173371E+02
  0.173589E+02
  0.173800E+02
  0.173988E+02
  0.174164E+02
  0.174327E+02
  0.174497E+02
  0.174652E+02
  0.174806E+02
  0.174961E+02
  0.175117E+02
  0.175274E+02
  0.175439E+02
  0.175596E+02
  0.175777E+02
  0.175961E+02
  0.176150E+02
  0.176355E+02
  0.176573E+02
  0.176791E+02
  0.177027E+02
  0.177270E+02
  0.177520E+02
  0.177772E+02
  0.178038E+02
  0.178309E+02
  0.178576E+02
  0.178821E+02
  0.179080E+02
  0.179330E+02
  0.179564E+02
  0.179788E+02
  0.180014E+02
  0.180237E+02
  0.180442E+02
  0.180617E+02
  0.180807E+02
  0.180985E+02
  0.181152E+02
  0.181310E+02
  0.181475E+02
  0.181646E+02
  0.181816E+02
  0.181983E+02
  0.182170E+02
  0.182359E+02
  0.182564E+02
  0.182785E+02
  0.183026E+02
  0.183279E+02
  0.183570E+02
  0.183880E+02
  0.184210E+02
  0.184574E+02
  0.184979E+02
  0.185410E+02
  0.185880E+02
  0.186384E+02
  0.186928E+02
  0.187491E+02
  0.188092E+02
  0.188720E+02
  0.189385E+02
  0.190076E+02
  0.190804E+02
  0.191558E+02
  0.192347E+02
  0.193156E+02
  0.194001E+02
  0.194876E+02
  0.195778E+02
  0.196701E+02
  0.197669E+02
  0.198660E+02
  0.199681E+02
  0.200724E+02
  0.201800E+02
  0.202913E+02
  0.204059E+02
  0.205218E+02
  0.206438E+02
  0.207705E+02
  0.208997E+02
  0.210325E+02
  0.211722E+02
  0.213167E+02
  0.214666E+02
  0.216218E+02
  0.217837E+02
  0.219520E+02
  0.221264E+02
  0.223052E+02
  0.224909E+02
  0.226819E+02
  0.228803E+02
  0.230826E+02
  0.232912E+02
  0.235070E+02
  0.237286E+02
  0.239545E+02
  0.241860E+02
  0.244225E+02
  0.246643E+02
  0.249091E+02
  0.251606E+02
  0.254158E+02
  0.256752E+02
  0.259386E+02
  0.262056E+02
  0.264748E+02
  0.267495E+02
  0.270255E+02
  0.273051E+02
  0.275885E+02
  0.278741E+02
  0.281611E+02
  0.284530E+02
  0.287465E+02
  0.290427E+02
  0.293404E+02
  0.296425E+02
  0.299468E+02
  0.302524E+02
  0.305609E+02
  0.308731E+02
  0.311867E+02
  0.315045E+02
  0.318230E+02
  0.321463E+02
  0.324728E+02
  0.328013E+02
  0.331313E+02
  0.334652E+02
  0.338007E+02
  0.341398E+02
  0.344798E+02
  0.348233E+02
  0.351708E+02
  0.355201E+02
  0.358690E+02
  0.362227E+02
  0.365769E+02
  0.369335E+02
  0.372911E+02
  0.376505E+02
  0.380122E+02
  0.383750E+02
  0.387363E+02
  0.390995E+02
  0.394619E+02
  0.398261E+02
  0.401872E+02
  0.405488E+02
  0.409097E+02
  0.412689E+02
  0.416246E+02
  0.419799E+02
  0.423331E+02
  0.426854E+02
  0.430339E+02
  0.433826E+02
  0.437292E+02
  0.440737E+02
  0.444145E+02
  0.447553E+02
  0.450929E+02
  0.454290E+02
  0.457613E+02
  0.460939E+02
  0.464247E+02
  0.467536E+02
  0.470786E+02
  0.474040E+02
  0.477268E+02
  0.480488E+02
  0.483667E+02
  0.486853E+02
  0.490021E+02
  0.493155E+02
  0.496237E+02
  0.499311E+02
  0.502341E+02
  0.505341E+02
  0.508272E+02
  0.511180E+02
  0.514040E+02
  0.516835E+02
  0.519545E+02
  0.522208E+02
  0.524793E+02
  0.527318E+02
  0.529735E+02
  0.532100E+02
  0.534388E+02
  0.536593E+02
  0.538686E+02
  0.540722E+02
  0.542665E+02
  0.544536E+02
  0.546311E+02
  0.548025E+02
  0.549656E+02
  0.551224E+02
  0.552687E+02
  0.554089E+02
  0.555407E+02
  0.556665E+02
  0.557816E+02
  0.558915E+02
  0.559959E+02
  0.560915E+02
  0.561768E+02
  0.562586E+02
  0.563305E+02
  0.563961E+02
  0.564535E+02
  0.565060E+02
  0.565514E+02
  0.565887E+02
  0.566166E+02
  0.566407E+02
  0.566557E+02
  0.566660E+02
  0.566669E+02
  0.566636E+02
  0.566548E+02
  0.566379E+02
  0.566116E+02
  0.565822E+02
  0.565453E+02
  0.565033E+02
  0.564525E+02
  0.563987E+02
  0.563399E+02
  0.562739E+02
  0.561999E+02
  0.561240E+02
  0.560403E+02
  0.559535E+02
  0.558588E+02
  0.557605E+02
  0.556592E+02
  0.555521E+02
  0.554376E+02
  0.553208E+02
  0.551966E+02
  0.550702E+02
  0.549364E+02
  0.547987E+02
  0.546573E+02
  0.545110E+02
  0.543566E+02
  0.541995E+02
  0.540356E+02
  0.538681E+02
  0.536938E+02
  0.535160E+02
  0.533330E+02
  0.531453E+02
  0.529504E+02
  0.527525E+02
  0.525466E+02
  0.523374E+02
  0.521217E+02
  0.519017E+02
  0.516764E+02
  0.514457E+02
  0.512062E+02
  0.509632E+02
  0.507117E+02
  0.504546E+02
  0.501895E+02
  0.499199E+02
  0.496439E+02
  0.493616E+02
  0.490711E+02
  0.487773E+02
  0.484771E+02
  0.481724E+02
  0.478614E+02
  0.475485E+02
  0.472311E+02
  0.469097E+02
  0.465812E+02
  0.462512E+02
  0.459175E+02
  0.455814E+02
  0.452396E+02
  0.448973E+02
  0.445532E+02
  0.442063E+02
  0.438552E+02
  0.435036E+02
  0.431481E+02
  0.427926E+02
  0.424332E+02
  0.420729E+02
  0.417111E+02
  0.413478E+02
  0.409804E+02
  0.406119E+02
  0.402403E+02
  0.398683E+02
  0.394925E+02
  0.391161E+02
  0.387366E+02
  0.383554E+02
  0.379709E+02
  0.375848E+02
  0.371946E+02
  0.368030E+02
  0.364077E+02
  0.360108E+02
  0.356102E+02
  0.352069E+02
  0.347988E+02
  0.343890E+02
  0.339741E+02
  0.335564E+02
  0.331333E+02
  0.327070E+02
  0.322772E+02
  0.318422E+02
  0.314008E+02
  0.309566E+02
  0.305063E+02
  0.300514E+02
  0.295893E+02
  0.291244E+02
  0.286542E+02
  0.281775E+02
  0.276949E+02
  0.272083E+02
  0.267147E+02
  0.262174E+02
  0.257122E+02
  0.252023E+02
  0.246890E+02
  0.241695E+02
  0.236440E+02
  0.231147E+02
  0.225802E+02
  0.220434E+02
  0.214993E+02
  0.209519E+02
  0.204013E+02
  0.198458E+02
  0.192857E+02
  0.187226E+02
  0.181542E+02
  0.175829E+02
  0.170073E+02
  0.164278E+02
  0.158453E+02
  0.152599E+02
  0.146703E+02
  0.140789E+02
  0.134828E+02
  0.128853E+02
  0.122854E+02
  0.116833E+02
  0.110797E+02
  0.104745E+02
  0.986812E+01
  0.926176E+01
  0.865308E+01
  0.804454E+01
  0.743568E+01
  0.682741E+01
  0.621930E+01
  0.561143E+01
  0.500458E+01
  0.439987E+01
  0.379582E+01
  0.319332E+01
  0.259362E+01
  0.199651E+01
  0.140100E+01
  0.809400E+00
  0.220665E+00
 -0.365221E+00
 -0.946777E+00
 -0.152508E+01
 -0.210042E+01
 -0.267177E+01
 -0.323963E+01
 -0.380310E+01
 -0.436379E+01
 -0.492149E+01
 -0.547503E+01
 -0.602494E+01
 -0.657189E+01
 -0.711628E+01
 -0.765621E+01
 -0.819154E+01
 -0.872450E+01
 -0.925464E+01
 -0.977979E+01
 -0.103011E+02
 -0.108197E+02
 -0.113363E+02
 -0.118484E+02
 -0.123561E+02
 -0.128612E+02
 -0.133626E+02
 -0.138595E+02
 -0.143532E+02
 -0.148429E+02
 -0.153294E+02
 -0.158127E+02
 -0.162934E+02
 -0.167689E+02
 -0.172412E+02
 -0.177109E+02
 -0.181762E+02
 -0.186378E+02
 -0.190965E+02
 -0.195514E+02
 -0.200041E+02
 -0.204518E+02
 -0.208948E+02
 -0.213340E+02
 -0.217708E+02
 -0.222021E+02
 -0.226282E+02
 -0.230518E+02
 -0.234716E+02
 -0.238845E+02
 -0.242936E+02
 -0.246987E+02
 -0.250994E+02
 -0.254939E+02
 -0.258849E+02
 -0.262708E+02
 -0.266520E+02
 -0.270277E+02
 -0.273992E+02
 -0.277658E+02
 -0.281284E+02
 -0.284864E+02
 -0.288411E+02
 -0.291915E+02
 -0.295385E+02
 -0.298802E+02
 -0.302199E+02
 -0.305558E+02
 -0.308871E+02
 -0.312145E+02
 -0.315401E+02
 -0.318612E+02
 -0.321786E+02
 -0.324910E+02
 -0.328015E+02
 -0.331082E+02
 -0.334108E+02
 -0.337089E+02
 -0.340052E+02
 -0.342980E+02
 -0.345863E+02
 -0.348692E+02
 -0.351501E+02
 -0.354265E+02
 -0.356986E+02
 -0.359654E+02
 -0.362294E+02
 -0.364886E+02
 -0.367430E+02
 -0.369910E+02
 -0.372349E+02
 -0.374740E+02
 -0.377090E+02
 -0.379373E+02
 -0.381632E+02
 -0.383842E+02
 -0.386007E+02
 -0.388134E+02
 -0.390222E+02
 -0.392260E+02
 -0.394297E+02
 -0.396280E+02
 -0.398240E+02
 -0.400186E+02
 -0.402109E+02
 -0.403994E+02
 -0.405862E+02
 -0.407703E+02
 -0.409540E+02
 -0.411343E+02
 -0.413155E+02
 -0.414950E+02
 -0.416738E+02
 -0.418520E+02
 -0.420311E+02
 -0.422094E+02
 -0.423898E+02
 -0.425695E+02
 -0.427525E+02
 -0.429369E+02
 -0.431225E+02
 -0.433089E+02
 -0.434989E+02
 -0.436903E+02
 -0.438857E+02
 -0.440818E+02
 -0.442824E+02
 -0.444867E+02
 -0.446922E+02
 -0.448985E+02
 -0.451097E+02
 -0.453218E+02
 -0.455376E+02
 -0.457539E+02
 -0.459739E+02
 -0.461966E+02
 -0.464211E+02
 -0.466458E+02
 -0.468737E+02
 -0.471027E+02
 -0.473358E+02
 -0.475681E+02
 -0.478036E+02
 -0.480425E+02
 -0.482831E+02
 -0.485234E+02
 -0.487672E+02
 -0.490119E+02
 -0.492605E+02
 -0.495089E+02
 -0.497606E+02
 -0.500149E+02
 -0.502703E+02
 -0.505257E+02
 -0.507839E+02
 -0.510416E+02
 -0.513020E+02
 -0.515618E+02
 -0.518231E+02
 -0.520848E+02
 -0.523479E+02
 -0.526078E+02
 -0.528686E+02
 -0.531290E+02
 -0.533890E+02
 -0.536454E+02
 -0.539028E+02
 -0.541590E+02
 -0.544125E+02
 -0.546613E+02
 -0.549111E+02
 -0.551571E+02
 -0.554012E+02
 -0.556408E+02
 -0.558796E+02
 -0.561165E+02
 -0.563495E+02
 -0.565761E+02
 -0.568031E+02
 -0.570262E+02
 -0.572459E+02
 -0.574598E+02
 -0.576730E+02
 -0.578837E+02
 -0.580893E+02
 -0.582873E+02
 -0.584840E+02
 -0.586753E+02
 -0.588621E+02
 -0.590412E+02
 -0.592187E+02
 -0.593909E+02
 -0.595574E+02
 -0.597160E+02
 -0.598698E+02
 -0.600166E+02
 -0.601588E+02
 -0.602912E+02
 -0.604190E+02
 -0.605398E+02
 -0.606529E+02
 -0.607555E+02
 -0.608520E+02
 -0.609390E+02
 -0.610189E+02
 -0.610877E+02
 -0.611498E+02
 -0.612035E+02
 -0.612474E+02
 -0.612802E+02
 -0.613064E+02
 -0.613204E+02
 -0.613274E+02
 -0.613230E+02
 -0.613120E+02
 -0.612929E+02
 -0.612626E+02
 -0.612223E+02
 -0.611756E+02
 -0.611179E+02
 -0.610534E+02
 -0.609770E+02
 -0.608956E+02
 -0.608063E+02
 -0.607070E+02
 -0.605985E+02
 -0.604853E+02
 -0.603628E+02
 -0.602350E+02
 -0.600980E+02
 -0.599567E+02
 -0.598100E+02
 -0.596566E+02
 -0.594942E+02
 -0.593284E+02
 -0.591562E+02
 -0.589799E+02
 -0.587953E+02
 -0.586081E+02
 -0.584169E+02
 -0.582199E+02
 -0.580159E+02
 -0.578089E+02
 -0.575961E+02
 -0.573809E+02
 -0.571587E+02
 -0.569348E+02
 -0.567078E+02
 -0.564769E+02
 -0.562422E+02
 -0.560063E+02
 -0.557656E+02
 -0.555266E+02
 -0.552843E+02
 -0.550412E+02
 -0.547979E+02
 -0.545546E+02
 -0.543093E+02
 -0.540658E+02
 -0.538210E+02
 -0.535781E+02
 -0.533345E+02
 -0.530932E+02
 -0.528521E+02
 -0.526115E+02
 -0.523699E+02
 -0.521310E+02
 -0.518910E+02
 -0.516524E+02
 -0.514130E+02
 -0.511761E+02
 -0.509402E+02
 -0.507044E+02
 -0.504671E+02
 -0.502335E+02
 -0.499982E+02
 -0.497637E+02
 -0.495283E+02
 -0.492943E+02
 -0.490622E+02
 -0.488290E+02
 -0.485928E+02
 -0.483598E+02
 -0.481249E+02
 -0.478908E+02
 -0.476545E+02
 -0.474186E+02
 -0.471832E+02
 -0.469474E+02
 -0.467081E+02
 -0.464701E+02
 -0.462308E+02
 -0.459917E+02
 -0.457503E+02
 -0.455098E+02
 -0.452692E+02
 -0.450290E+02
 -0.447864E+02
 -0.445450E+02
 -0.443033E+02
 -0.440634E+02
 -0.438221E+02
 -0.435827E+02
 -0.433441E+02
 -0.431066E+02
 -0.428685E+02
 -0.426324E+02
 -0.423955E+02
 -0.421609E+02
 -0.419255E+02
 -0.416921E+02
 -0.414602E+02
 -0.412287E+02
 -0.409970E+02
 -0.407679E+02
 -0.405384E+02
 -0.403109E+02
 -0.400830E+02
 -0.398592E+02
 -0.396360E+02
 -0.394125E+02
 -0.391906E+02
 -0.389715E+02
 -0.387525E+02
 -0.385357E+02
 -0.383191E+02
 -0.381068E+02
 -0.378965E+02
 -0.376868E+02
 -0.374785E+02
 -0.372744E+02
 -0.370712E+02
 -0.368714E+02
 -0.366727E+02
 -0.364783E+02
 -0.362868E+02
 -0.360968E+02
 -0.359079E+02
 -0.357228E+02
 -0.355388E+02
 -0.353579E+02
 -0.351767E+02
 -0.349983E+02
 -0.348221E+02
 -0.346468E+02
 -0.344714E+02
 -0.342968E+02
 -0.341230E+02
 -0.339517E+02
 -0.337790E+02
 -0.336075E+02
 -0.334370E+02
 -0.332677E+02
 -0.330963E+02
 -0.329264E+02
 -0.327560E+02
 -0.325852E+02
 -0.324142E+02
 -0.322440E+02
 -0.320723E+02
 -0.319004E+02
 -0.317275E+02
 -0.315545E+02
 -0.313797E+02
 -0.312051E+02
 -0.310281E+02
 -0.308515E+02
 -0.306737E+02
 -0.304941E+02
 -0.303125E+02
 -0.301304E+02
 -0.299458E+02
 -0.297605E+02
 -0.295728E+02
 -0.293853E+02
 -0.291964E+02
 -0.290056E+02
 -0.288126E+02
 -0.286200E+02
 -0.284258E+02
 -0.282308E+02
 -0.280340E+02
 -0.278367E+02
 -0.276397E+02
 -0.274421E+02
 -0.272410E+02
 -0.270423E+02
 -0.268438E+02
 -0.266451E+02
 -0.264463E+02
 -0.262487E+02
 -0.260526E+02
 -0.258577E+02
 -0.256622E+02
 -0.254695E+02
 -0.252776E+02
 -0.250883E+02
 -0.249004E+02
 -0.247152E+02
 -0.245321E+02
 -0.243507E+02
 -0.241712E+02
 -0.239945E+02
 -0.238181E+02
 -0.236461E+02
 -0.234764E+02
 -0.233085E+02
 -0.231446E+02
 -0.229832E+02
 -0.228223E+02
 -0.226662E+02
 -0.225119E+02
 -0.223597E+02
 -0.222102E+02
 -0.220647E+02
 -0.219209E+02
 -0.217791E+02
 -0.216405E+02
 -0.215046E+02
 -0.213695E+02
 -0.212366E+02
 -0.211043E+02
 -0.209748E+02
 -0.208462E+02
 -0.207186E+02
 -0.205929E+02
 -0.204684E+02
 -0.203458E+02
 -0.202254E+02
 -0.201047E+02
 -0.199875E+02
 -0.198721E+02
 -0.197580E+02
 -0.196451E+02
 -0.195343E+02
 -0.194259E+02
 -0.193192E+02
 -0.192137E+02
 -0.191121E+02
 -0.190123E+02
 -0.189157E+02
 -0.188212E+02
 -0.187288E+02
 -0.186399E+02
 -0.185545E+02
 -0.184692E+02
 -0.183884E+02
 -0.183104E+02
 -0.182342E+02
 -0.181612E+02
 -0.180909E+02
 -0.180241E+02
 -0.179616E+02
 -0.179014E+02
 -0.178463E+02
 -0.177933E+02
 -0.177442E+02
 -0.176991E+02
 -0.176569E+02
 -0.176174E+02
 -0.175816E+02
 -0.175491E+02
 -0.175195E+02
 -0.174917E+02
 -0.174675E+02
 -0.174450E+02
 -0.174255E+02
 -0.174078E+02
 -0.173919E+02
 -0.173780E+02
 -0.173663E+02
 -0.173566E+02
 -0.173482E+02
 -0.173402E+02
 -0.173356E+02
 -0.173317E+02
 -0.173292E+02
 -0.173285E+02
 -0.173292E+02
 -0.173322E+02
 -0.173382E+02
 -0.173451E+02
 -0.173552E+02
 -0.173680E+02
 -0.173838E+02
 -0.174008E+02
 -0.174210E+02
 -0.174452E+02
 -0.174712E+02
 -0.174984E+02
 -0.175294E+02
 -0.175619E+02
 -0.175967E+02
 -0.176331E+02
 -0.176709E+02
 -0.177103E+02
 -0.177522E+02
 -0.177951E+02
 -0.178394E+02
 -0.178847E+02
 -0.179329E+02
 -0.179816E+02
 -0.180318E+02
 -0.180849E+02
 -0.181387E+02
 -0.181933E+02
 -0.182508E+02
 -0.183077E+02
 -0.183666E+02
 -0.184267E+02
 -0.184875E+02
 -0.185498E+02
 -0.186139E+02
 -0.186793E+02
 -0.187460E+02
 -0.188139E+02
 -0.188839E+02
 -0.189545E+02
 -0.190286E+02
 -0.191032E+02
 -0.191785E+02
 -0.192560E+02
 -0.193347E+02
 -0.194147E+02
 -0.194968E+02
 -0.195781E+02
 -0.196621E+02
 -0.197481E+02
 -0.198343E+02
 -0.199216E+02
 -0.200099E+02
 -0.200986E+02
 -0.201898E+02
 -0.202804E+02
 -0.203721E+02
 -0.204651E+02
 -0.205608E+02
 -0.206553E+02
 -0.207506E+02
 -0.208484E+02
 -0.209462E+02
 -0.210449E+02
 -0.211445E+02
 -0.212454E+02
 -0.213485E+02
 -0.214504E+02
 -0.215551E+02
 -0.216585E+02
 -0.217641E+02
 -0.218722E+02
 -0.219784E+02
 -0.220870E+02
 -0.221969E+02
 -0.223057E+02
 -0.224184E+02
 -0.225298E+02
 -0.226411E+02
 -0.227545E+02
 -0.228681E+02
 -0.229813E+02
 -0.230951E+02
 -0.232077E+02
 -0.233223E+02
 -0.234355E+02
 -0.235484E+02
 -0.236617E+02
 -0.237761E+02
 -0.238907E+02
 -0.240044E+02
 -0.241187E+02
 -0.242336E+02
 -0.243477E+02
 -0.244641E+02
 -0.245797E+02
 -0.246980E+02
 -0.248157E+02
 -0.249329E+02
 -0.250512E+02
 -0.251715E+02
 -0.252897E+02
 -0.254083E+02
 -0.255281E+02
 -0.256462E+02
 -0.257651E+02
 -0.258849E+02
 -0.260013E+02
 -0.261187E+02
 -0.262335E+02
 -0.263498E+02
 -0.264650E+02
 -0.265784E+02
 -0.266932E+02
 -0.268070E+02
 -0.269189E+02
 -0.270302E+02
 -0.271398E+02
 -0.272514E+02
 -0.273587E+02
 -0.274654E+02
 -0.275732E+02
 -0.276768E+02
 -0.277787E+02
 -0.278816E+02
 -0.279796E+02
 -0.280771E+02
 -0.281735E+02
 -0.282680E+02
 -0.283598E+02
 -0.284508E+02
 -0.285396E+02
 -0.286253E+02
 -0.287081E+02
 -0.287899E+02
 -0.288679E+02
 -0.289436E+02
 -0.290161E+02
 -0.290867E+02
 -0.291530E+02
 -0.292173E+02
 -0.292786E+02
 -0.293374E+02
 -0.293922E+02
 -0.294460E+02
 -0.294979E+02
 -0.295451E+02
 -0.295891E+02
 -0.296324E+02
 -0.296714E+02
 -0.297091E+02
 -0.297424E+02
 -0.297754E+02
 -0.298074E+02
 -0.298347E+02
 -0.298595E+02
 -0.298849E+02
 -0.299075E+02
 -0.299284E+02
 -0.299459E+02
 -0.299644E+02
 -0.299821E+02
 -0.299981E+02
 -0.300125E+02
 -0.300273E+02
 -0.300421E+02
 -0.300578E+02
 -0.300717E+02
 -0.300875E+02
 -0.301041E+02
 -0.301213E+02
 -0.301396E+02
 -0.301600E+02
 -0.301801E+02
 -0.302033E+02
 -0.302271E+02
 -0.302528E+02
 -0.302800E+02
 -0.303089E+02
 -0.303382E+02
 -0.303697E+02
 -0.304022E+02
 -0.304360E+02
 -0.304708E+02
 -0.305086E+02
 -0.305470E+02
 -0.305871E+02
 -0.306275E+02
 -0.306690E+02
 -0.307110E+02
 -0.307549E+02
 -0.307983E+02
 -0.308443E+02
 -0.308909E+02
 -0.309375E+02
 -0.309832E+02
 -0.310302E+02
 -0.310778E+02
 -0.311256E+02
 -0.311706E+02
 -0.312183E+02
 -0.312668E+02
 -0.313133E+02
 -0.313591E+02
 -0.314064E+02
 -0.314521E+02
 -0.314983E+02
 -0.315424E+02
 -0.315869E+02
 -0.316312E+02
 -0.316741E+02
 -0.317145E+02
 -0.317549E+02
 -0.317929E+02
 -0.318301E+02
 -0.318644E+02
 -0.318981E+02
 -0.319301E+02
 -0.319595E+02
 -0.319864E+02
 -0.320116E+02
 -0.320330E+02
 -0.320541E+02
 -0.320717E+02
 -0.320869E+02
 -0.320993E+02
 -0.321095E+02
 -0.321158E+02
 -0.321194E+02
 -0.321180E+02
 -0.321156E+02
 -0.321089E+02
 -0.320982E+02
 -0.320848E+02
 -0.320676E+02
 -0.320447E+02
 -0.320198E+02
 -0.319893E+02
 -0.319551E+02
 -0.319157E+02
 -0.318734E+02
 -0.318273E+02
 -0.317761E+02
 -0.317193E+02
 -0.316606E+02
 -0.315969E+02
 -0.315290E+02
 -0.314565E+02
 -0.313823E+02
 -0.313043E+02
 -0.312219E+02
 -0.311344E+02
 -0.310445E+02
 -0.309503E+02
 -0.308535E+02
 -0.307515E+02
 -0.306474E+02
 -0.305412E+02
 -0.304304E+02
 -0.303148E+02
 -0.301980E+02
 -0.300764E+02
 -0.299522E+02
 -0.298242E+02
 -0.296930E+02
 -0.295587E+02
 -0.294223E+02
 -0.292806E+02
 -0.291357E+02
 -0.289873E+02
 -0.288359E+02
 -0.286798E+02
 -0.285217E+02
 -0.283600E+02
 -0.281963E+02
 -0.280277E+02
 -0.278570E+02
 -0.276836E+02
 -0.275075E+02
 -0.273291E+02
 -0.271486E+02
 -0.269644E+02
 -0.267788E+02
 -0.265902E+02
 -0.264001E+02
 -0.262069E+02
 -0.260123E+02
 -0.258149E+02
 -0.256161E+02
 -0.254161E+02
 -0.252138E+02
 -0.250075E+02
 -0.248017E+02
 -0.245938E+02
 -0.243828E+02
 -0.241705E+02
 -0.239592E+02
 -0.237451E+02
 -0.235295E+02
 -0.233132E+02
 -0.230976E+02
 -0.228804E+02
 -0.226619E+02
 -0.224418E+02
 -0.222223E+02
 -0.220013E+02
 -0.217797E+02
 -0.215565E+02
 -0.213315E+02
 -0.211056E+02
 -0.208798E+02
 -0.206502E+02
 -0.204202E+02
 -0.201900E+02
 -0.199578E+02
 -0.197229E+02
 -0.194872E+02
 -0.192506E+02
 -0.190124E+02
 -0.187717E+02
 -0.185310E+02
 -0.182885E+02
 -0.180443E+02
 -0.177990E+02
 -0.175522E+02
 -0.173037E+02
 -0.170565E+02
 -0.168072E+02
 -0.165582E+02
 -0.163101E+02
 -0.160618E+02
 -0.158143E+02
 -0.155685E+02
 -0.153239E+02
 -0.150816E+02
 -0.148399E+02
 -0.146017E+02
 -0.143655E+02
 -0.141304E+02
 -0.138987E+02
 -0.136700E+02
 -0.134427E+02
 -0.132185E+02
 -0.129961E+02
 -0.127773E+02
 -0.125607E+02
 -0.123457E+02
 -0.121335E+02
 -0.119248E+02
 -0.117186E+02
 -0.115153E+02
 -0.113144E+02
 -0.111167E+02
 -0.109218E+02
 -0.107296E+02
 -0.105392E+02
 -0.103522E+02
 -0.101676E+02
 -0.998498E+01
 -0.980461E+01
 -0.962650E+01
 -0.945065E+01
 -0.927764E+01
 -0.910569E+01
 -0.893695E+01
 -0.877132E+01
 -0.860822E+01
 -0.844799E+01
 -0.829115E+01
 -0.813766E+01
 -0.798758E+01
 -0.784142E+01
 -0.769857E+01
 -0.755906E+01
 -0.742505E+01
 -0.729449E+01
 -0.716788E+01
 -0.704598E+01
 -0.692884E+01
 -0.681593E+01
 -0.670799E+01
 -0.660449E+01
 -0.650500E+01
 -0.641074E+01
 -0.632078E+01
 -0.623415E+01
 -0.615216E+01
 -0.607373E+01
 -0.599910E+01
 -0.592835E+01
 -0.586015E+01
 -0.579538E+01
 -0.573505E+01
 -0.567627E+01
 -0.562036E+01
 -0.556771E+01
 -0.551765E+01
 -0.547037E+01
 -0.542534E+01
 -0.538327E+01
 -0.534361E+01
 -0.530630E+01
 -0.527195E+01
 -0.523864E+01
 -0.520815E+01
 -0.517974E+01
 -0.515246E+01
 -0.512699E+01
 -0.510274E+01
 -0.508023E+01
 -0.505893E+01
 -0.503903E+01
 -0.502069E+01
 -0.500313E+01
 -0.498770E+01
 -0.497279E+01
 -0.495829E+01
 -0.494460E+01
 -0.493244E+01
 -0.492053E+01
 -0.490807E+01
 -0.489724E+01
 -0.488762E+01
 -0.487762E+01
 -0.486892E+01
 -0.486128E+01
 -0.485347E+01
 -0.484716E+01
 -0.484161E+01
 -0.483527E+01
 -0.483007E+01
 -0.482505E+01
 -0.482011E+01
 -0.481588E+01
 -0.481100E+01
 -0.480634E+01
 -0.480276E+01
 -0.479871E+01
 -0.479539E+01
 -0.479181E+01
 -0.478944E+01
 -0.478768E+01
 -0.478513E+01
 -0.478424E+01
 -0.478360E+01
 -0.478378E+01
 -0.478447E+01
 -0.478424E+01
 -0.478596E+01
 -0.478799E+01
 -0.478941E+01
 -0.479169E+01
 -0.479446E+01
 -0.479708E+01
 -0.480052E+01
 -0.480315E+01
 -0.480529E+01
 -0.480815E+01
 -0.480999E+01
 -0.481021E+01
 -0.481043E+01
 -0.481038E+01
 -0.480934E+01
 -0.480744E+01
 -0.480437E+01
 -0.480072E+01
 -0.479701E+01
 -0.479160E+01
 -0.478520E+01
 -0.477821E+01
 -0.477097E+01
 -0.476382E+01
 -0.475557E+01
 -0.474711E+01
 -0.473920E+01
 -0.472961E+01
 -0.471967E+01
 -0.470928E+01
 -0.469769E+01
 -0.468462E+01
 -0.467095E+01
 -0.465601E+01
 -0.463837E+01
 -0.462071E+01
 -0.460208E+01
 -0.458026E+01
 -0.455789E+01
 -0.453532E+01
 -0.451086E+01
 -0.448463E+01
 -0.445775E+01
 -0.442944E+01
 -0.440005E+01
 -0.436973E+01
 -0.433794E+01
 -0.430489E+01
 -0.427144E+01
 -0.423643E+01
 -0.420041E+01
 -0.416308E+01
 -0.412439E+01
 -0.408501E+01
 -0.404394E+01
 -0.400152E+01
 -0.395763E+01
 -0.391258E+01
 -0.386601E+01
 -0.381665E+01
 -0.376640E+01
 -0.371434E+01
 -0.366036E+01
 -0.360531E+01
 -0.354739E+01
 -0.348792E+01
 -0.342837E+01
 -0.336476E+01
 -0.329904E+01
 -0.323326E+01
 -0.316457E+01
 -0.309369E+01
 -0.302234E+01
 -0.294924E+01
 -0.287408E+01
 -0.279952E+01
 -0.272364E+01
 -0.264554E+01
 -0.256817E+01
 -0.249053E+01
 -0.241120E+01
 -0.233063E+01
 -0.225066E+01
 -0.217019E+01
 -0.208783E+01
 -0.200500E+01
 -0.192180E+01
 -0.183684E+01
 -0.175136E+01
 -0.166531E+01
 -0.157715E+01
 -0.148895E+01
 -0.140008E+01
 -0.130979E+01
 -0.121885E+01
 -0.112657E+01
 -0.103411E+01
 -0.940565E+00
 -0.845232E+00
 -0.750270E+00
 -0.654799E+00
 -0.558867E+00
 -0.463150E+00
 -0.366485E+00
 -0.270290E+00
 -0.174874E+00
 -0.783887E-01
  0.179458E-01
  0.113944E+00
  0.209945E+00
  0.305727E+00
  0.402455E+00
  0.498761E+00
  0.595215E+00
  0.692538E+00
  0.788612E+00
  0.886122E+00
  0.983486E+00
  0.108020E+01
  0.117789E+01
  0.127598E+01
  0.137388E+01
  0.147085E+01
  0.156812E+01
  0.166546E+01
  0.176186E+01
  0.185826E+01
  0.195406E+01
  0.204906E+01
  0.214384E+01
  0.223785E+01
  0.232965E+01
  0.242121E+01
  0.251227E+01
  0.260227E+01
  0.269054E+01
  0.277790E+01
  0.286525E+01
  0.295065E+01
  0.303452E+01
  0.311831E+01
  0.320048E+01
  0.328175E+01
  0.336190E+01
  0.344181E+01
  0.352095E+01
  0.359954E+01
  0.367858E+01
  0.375560E+01
  0.383144E+01
  0.390855E+01
  0.398395E+01
  0.405814E+01
  0.413208E+01
  0.420570E+01
  0.427788E+01
  0.434982E+01
  0.442097E+01
  0.449094E+01
  0.456122E+01
  0.463122E+01
  0.469972E+01
  0.476763E+01
  0.483475E+01
  0.490127E+01
  0.496679E+01
  0.503230E+01
  0.509736E+01
  0.516283E+01
  0.522904E+01
  0.529465E+01
  0.536084E+01
  0.542937E+01
  0.549739E+01
  0.556647E+01
  0.563747E+01
  0.571007E+01
  0.578399E+01
  0.585979E+01
  0.593738E+01
  0.601737E+01
  0.609990E+01
  0.618515E+01
  0.627214E+01
  0.636145E+01
  0.645427E+01
  0.655021E+01
  0.664743E+01
  0.674777E+01
  0.685077E+01
  0.695735E+01
  0.706682E+01
  0.717824E+01
  0.729327E+01
  0.741191E+01
  0.753209E+01
  0.765611E+01
  0.778249E+01
  0.791163E+01
  0.804443E+01
  0.817860E+01
  0.831484E+01
  0.845509E+01
  0.859566E+01
  0.873866E+01
  0.888387E+01
  0.903035E+01
  0.917914E+01
  0.932952E+01
  0.948130E+01
  0.963582E+01
  0.979046E+01
  0.994767E+01
  0.101059E+02
  0.102636E+02
  0.104233E+02
  0.105853E+02
  0.107465E+02
  0.109079E+02
  0.110701E+02
  0.112332E+02
  0.113955E+02
  0.115592E+02
  0.117227E+02
  0.118857E+02
  0.120501E+02
  0.122133E+02
  0.123740E+02
  0.125357E+02
  0.126957E+02
  0.128546E+02
  0.130110E+02
  0.131660E+02
  0.133201E+02
  0.134713E+02
  0.136199E+02
  0.137668E+02
  0.139102E+02
  0.140520E+02
  0.141898E+02
  0.143247E+02
  0.144575E+02
  0.145868E+02
  0.147121E+02
  0.148348E+02
  0.149543E+02
  0.150725E+02
  0.151868E+02
  0.152986E+02
  0.154079E+02
  0.155148E+02
  0.156191E+02
  0.157209E+02
  0.158196E+02
  0.159169E+02
  0.160121E+02
  0.161059E+02
  0.161970E+02
  0.162871E+02
  0.163746E+02
  0.164598E+02
  0.165431E+02
  0.166253E+02
  0.167041E+02
  0.167812E+02
  0.168559E+02
  0.169279E+02
  0.169962E+02
  0.170616E+02
  0.171230E+02
  0.171814E+02
  0.172349E+02
  0.172853E+02
  0.173317E+02
  0.173730E+02
  0.174085E+02
  0.174411E+02
  0.174683E+02
  0.174912E+02
  0.175092E+02
  0.175226E+02
  0.175321E+02
  0.175374E+02
  0.175361E+02
  0.175319E+02
  0.175237E+02
  0.175119E+02
  0.174945E+02
  0.174746E+02
  0.174521E+02
  0.174249E+02
  0.173934E+02
  0.173590E+02
  0.173197E+02
  0.172788E+02
  0.172340E+02
  0.171845E+02
  0.171326E+02
  0.170786E+02
  0.170198E+02
  0.169596E+02
  0.168965E+02
  0.168315E+02
  0.167638E+02
  0.166939E+02
  0.166226E+02
  0.165495E+02
  0.164730E+02
  0.163957E+02
  0.163160E+02
  0.162341E+02
  0.161511E+02
  0.160664E+02
  0.159793E+02
  0.158919E+02
  0.158024E+02
  0.157127E+02
  0.156207E+02
  0.155275E+02
  0.154340E+02
  0.153402E+02
  0.152447E+02
  0.151485E+02
  0.150506E+02
  0.149532E+02
  0.148551E+02
  0.147554E+02
  0.146550E+02
  0.145560E+02
  0.144566E+02
  0.143581E+02
  0.142589E+02
  0.141610E+02
  0.140642E+02
  0.139684E+02
  0.138727E+02
  0.137792E+02
  0.136887E+02
  0.136003E+02
  0.135136E+02
  0.134303E+02
  0.133503E+02
  0.132746E+02
  0.132004E+02
  0.131304E+02
  0.130647E+02
  0.130024E+02
  0.129431E+02
  0.128873E+02
  0.128342E+02
  0.127858E+02
  0.127392E+02
  0.126947E+02
  0.126531E+02
  0.126136E+02
  0.125756E+02
  0.125391E+02
  0.125037E+02
  0.124710E+02
  0.124388E+02
  0.124088E+02
  0.123783E+02
  0.123489E+02
  0.123189E+02
  0.122885E+02
  0.122586E+02
  0.122274E+02
  0.121952E+02
  0.121646E+02
  0.121324E+02
  0.120982E+02
  0.120634E+02
  0.120274E+02
  0.119894E+02
  0.119505E+02
  0.119087E+02
  0.118674E+02
  0.118250E+02
  0.117810E+02
  0.117355E+02
  0.116899E+02
  0.116441E+02
  0.115957E+02
  0.115459E+02
  0.114970E+02
  0.114460E+02
  0.113944E+02
  0.113412E+02
  0.112875E+02
  0.112343E+02
  0.111804E+02
  0.111249E+02
  0.110704E+02
  0.110161E+02
  0.109623E+02
  0.109063E+02
  0.108512E+02
  0.107956E+02
  0.107394E+02
  0.106831E+02
  0.106251E+02
  0.105678E+02
  0.105099E+02
  0.104495E+02
  0.103905E+02
  0.103290E+02
  0.102669E+02
  0.102037E+02
  0.101394E+02
  0.100738E+02
  0.100064E+02
  0.993731E+01
  0.986696E+01
  0.979405E+01
  0.971982E+01
  0.964327E+01
  0.956483E+01
  0.948449E+01
  0.940108E+01
  0.931545E+01
  0.922835E+01
  0.913793E+01
  0.904642E+01
  0.895236E+01
  0.885755E+01
  0.875990E+01
  0.865958E+01
  0.855851E+01
  0.845543E+01
  0.834937E+01
  0.824284E+01
  0.813415E+01
  0.802201E+01
  0.790907E+01
  0.779383E+01
  0.767352E+01
  0.755215E+01
  0.742745E+01
  0.729969E+01
  0.716856E+01
  0.703439E+01
  0.689787E+01
  0.675791E+01
  0.661342E+01
  0.646590E+01
  0.631441E+01
  0.615958E+01
  0.600057E+01
  0.583658E+01
  0.566993E+01
  0.549856E+01
  0.532132E+01
  0.514222E+01
  0.495692E+01
  0.476673E+01
  0.457369E+01
  0.437592E+01
  0.417247E+01
  0.396573E+01
  0.375415E+01
  0.353776E+01
  0.331816E+01
  0.309423E+01
  0.286680E+01
  0.263620E+01
  0.240100E+01
  0.216331E+01
  0.192201E+01
  0.167761E+01
  0.143204E+01
  0.118320E+01
  0.932365E+00
  0.681633E+00
  0.427605E+00
  0.173689E+00
 -0.812092E-01
 -0.338238E+00
 -0.594109E+00
 -0.851641E+00
 -0.110925E+01
 -0.136556E+01
 -0.162318E+01
 -0.187948E+01
 -0.213487E+01
 -0.238992E+01
 -0.264314E+01
 -0.289467E+01
 -0.314449E+01
 -0.339216E+01
 -0.363730E+01
 -0.387971E+01
 -0.411956E+01
 -0.435685E+01
 -0.459097E+01
 -0.482198E+01
 -0.505039E+01
 -0.527542E+01
 -0.549674E+01
 -0.571570E+01
 -0.593027E+01
 -0.614103E+01
 -0.635009E+01
 -0.655496E+01
 -0.675623E+01
 -0.695524E+01
 -0.715081E+01
 -0.734355E+01
 -0.753246E+01
 -0.771914E+01
 -0.790326E+01
 -0.808403E+01
 -0.826323E+01
 -0.843998E+01
 -0.861411E+01
 -0.878733E+01
 -0.895695E+01
 -0.912487E+01
 -0.929154E+01
 -0.945631E+01
 -0.962053E+01
 -0.978180E+01
 -0.994194E+01
 -0.101021E+02
 -0.102588E+02
 -0.104151E+02
 -0.105700E+02
 -0.107226E+02
 -0.108742E+02
 -0.110248E+02
 -0.111724E+02
 -0.113185E+02
 -0.114627E+02
 -0.116048E+02
 -0.117448E+02
 -0.118827E+02
 -0.120188E+02
 -0.121537E+02
 -0.122858E+02
 -0.124150E+02
 -0.125423E+02
 -0.126673E+02
 -0.127891E+02
 -0.129085E+02
 -0.130240E+02
 -0.131380E+02
 -0.132486E+02
 -0.133556E+02
 -0.134594E+02
 -0.135598E+02
 -0.136573E+02
 -0.137516E+02
 -0.138414E+02
 -0.139285E+02
 -0.140126E+02
 -0.140931E+02
 -0.141690E+02
 -0.142424E+02
 -0.143128E+02
 -0.143811E+02
 -0.144441E+02
 -0.145046E+02
 -0.145650E+02
 -0.146210E+02
 -0.146734E+02
 -0.147240E+02
 -0.147706E+02
 -0.148156E+02
 -0.148562E+02
 -0.148940E+02
 -0.149300E+02
 -0.149633E+02
 -0.149937E+02
 -0.150215E+02
 -0.150465E+02
 -0.150688E+02
 -0.150883E+02
 -0.151059E+02
 -0.151194E+02
 -0.151307E+02
 -0.151399E+02
 -0.151461E+02
 -0.151489E+02
 -0.151499E+02
 -0.151472E+02
 -0.151421E+02
 -0.151352E+02
 -0.151244E+02
 -0.151115E+02
 -0.150968E+02
 -0.150772E+02
 -0.150562E+02
 -0.150321E+02
 -0.150059E+02
 -0.149777E+02
 -0.149464E+02
 -0.149127E+02
 -0.148777E+02
 -0.148408E+02
 -0.148013E+02
 -0.147587E+02
 -0.147162E+02
 -0.146717E+02
 -0.146237E+02
 -0.145735E+02
 -0.145228E+02
 -0.144687E+02
 -0.144123E+02
 -0.143534E+02
 -0.142923E+02
 -0.142291E+02
 -0.141628E+02
 -0.140931E+02
 -0.140209E+02
 -0.139458E+02
 -0.138692E+02
 -0.137883E+02
 -0.137045E+02
 -0.136193E+02
 -0.135308E+02
 -0.134389E+02
 -0.133451E+02
 -0.132491E+02
 -0.131516E+02
 -0.130519E+02
 -0.129507E+02
 -0.128474E+02
 -0.127447E+02
 -0.126409E+02
 -0.125351E+02
 -0.124289E+02
 -0.123233E+02
 -0.122171E+02
 -0.121114E+02
 -0.120054E+02
 -0.118997E+02
 -0.117941E+02
 -0.116893E+02
 -0.115840E+02
 -0.114789E+02
 -0.113752E+02
 -0.112726E+02
 -0.111695E+02
 -0.110670E+02
 -0.109656E+02
 -0.108665E+02
 -0.107669E+02
 -0.106671E+02
 -0.105698E+02
 -0.104731E+02
 -0.103760E+02
 -0.102807E+02
 -0.101855E+02
 -0.100916E+02
 -0.999924E+01
 -0.990706E+01
 -0.981653E+01
 -0.972874E+01
 -0.964199E+01
 -0.955707E+01
 -0.947310E+01
 -0.939112E+01
 -0.931145E+01
 -0.923295E+01
 -0.915560E+01
 -0.908024E+01
 -0.900675E+01
 -0.893584E+01
 -0.886487E+01
 -0.879556E+01
 -0.872980E+01
 -0.866474E+01
 -0.860034E+01
 -0.853938E+01
 -0.847943E+01
 -0.842074E+01
 -0.836437E+01
 -0.830903E+01
 -0.825485E+01
 -0.820255E+01
 -0.815117E+01
 -0.810209E+01
 -0.805348E+01
 -0.800648E+01
 -0.796058E+01
 -0.791408E+01
 -0.786892E+01
 -0.782413E+01
 -0.777950E+01
 -0.773586E+01
 -0.769153E+01
 -0.764832E+01
 -0.760479E+01
 -0.756049E+01
 -0.751552E+01
 -0.747051E+01
 -0.742577E+01
 -0.738077E+01
 -0.733574E+01
 -0.729036E+01
 -0.724468E+01
 -0.719983E+01
 -0.715412E+01
 -0.710827E+01
 -0.706260E+01
 -0.701681E+01
 -0.696988E+01
 -0.692226E+01
 -0.687520E+01
 -0.682718E+01
 -0.677856E+01
 -0.673060E+01
 -0.668079E+01
 -0.663112E+01
 -0.658134E+01
 -0.652940E+01
 -0.647683E+01
 -0.642424E+01
 -0.636983E+01
 -0.631465E+01
 -0.625840E+01
 -0.620048E+01
 -0.614169E+01
 -0.608143E+01
 -0.601890E+01
 -0.595447E+01
 -0.588853E+01
 -0.582139E+01
 -0.575158E+01
 -0.567994E+01
 -0.560685E+01
 -0.553264E+01
 -0.545572E+01
 -0.537588E+01
 -0.529442E+01
 -0.520994E+01
 -0.512307E+01
 -0.503411E+01
 -0.494177E+01
 -0.484768E+01
 -0.475152E+01
 -0.465308E+01
 -0.455230E+01
 -0.445007E+01
 -0.434691E+01
 -0.424101E+01
 -0.413351E+01
 -0.402524E+01
 -0.391464E+01
 -0.380329E+01
 -0.369039E+01
 -0.357539E+01
 -0.346046E+01
 -0.334433E+01
 -0.322632E+01
 -0.310861E+01
 -0.299023E+01
 -0.287057E+01
 -0.275051E+01
 -0.263016E+01
 -0.250908E+01
 -0.238709E+01
 -0.226517E+01
 -0.214332E+01
 -0.201996E+01
 -0.189625E+01
 -0.177296E+01
 -0.164850E+01
 -0.152350E+01
 -0.139803E+01
 -0.127220E+01
 -0.114631E+01
 -0.101936E+01
 -0.892416E+00
 -0.764692E+00
 -0.635962E+00
 -0.508718E+00
 -0.381422E+00
 -0.253866E+00
 -0.127455E+00
 -0.237083E-02
  0.122149E+00
  0.246218E+00
  0.367769E+00
  0.487230E+00
  0.605661E+00
  0.722048E+00
  0.836977E+00
  0.949007E+00
  0.105902E+01
  0.116724E+01
  0.127300E+01
  0.137702E+01
  0.147745E+01
  0.157510E+01
  0.167084E+01
  0.176290E+01
  0.185288E+01
  0.194048E+01
  0.202559E+01
  0.210787E+01
  0.218791E+01
  0.226496E+01
  0.233867E+01
  0.241019E+01
  0.247868E+01
  0.254372E+01
  0.260718E+01
  0.266893E+01
  0.272776E+01
  0.278412E+01
  0.283994E+01
  0.289322E+01
  0.294507E+01
  0.299595E+01
  0.304473E+01
  0.309215E+01
  0.313967E+01
  0.318605E+01
  0.323063E+01
  0.327413E+01
  0.331774E+01
  0.336006E+01
  0.340105E+01
  0.344098E+01
  0.348050E+01
  0.351930E+01
  0.355641E+01
  0.359190E+01
  0.362688E+01
  0.366055E+01
  0.369293E+01
  0.372363E+01
  0.375397E+01
  0.378383E+01
  0.381205E+01
  0.383867E+01
  0.386581E+01
  0.389258E+01
  0.391814E+01
  0.394318E+01
  0.396840E+01
  0.399294E+01
  0.401718E+01
  0.403984E+01
  0.406095E+01
  0.408168E+01
  0.410271E+01
  0.412198E+01
  0.413936E+01
  0.415601E+01
  0.417234E+01
  0.418724E+01
  0.420070E+01
  0.421290E+01
  0.422418E+01
  0.423398E+01
  0.424237E+01
  0.424860E+01
  0.425446E+01
  0.425952E+01
  0.426338E+01
  0.426567E+01
  0.426687E+01
  0.426796E+01
  0.426913E+01
  0.426806E+01
  0.426572E+01
  0.426285E+01
  0.425869E+01
  0.425348E+01
  0.424615E+01
  0.423609E+01
  0.422710E+01
  0.421613E+01
  0.420219E+01
  0.418726E+01
  0.417143E+01
  0.415413E+01
  0.413455E+01
  0.411290E+01
  0.409121E+01
  0.406869E+01
  0.404467E+01
  0.401851E+01
  0.399210E+01
  0.396590E+01
  0.393900E+01
  0.391020E+01
  0.388104E+01
  0.385252E+01
  0.382282E+01
  0.379074E+01
  0.375858E+01
  0.372637E+01
  0.369398E+01
  0.366025E+01
  0.362625E+01
  0.359265E+01
  0.355836E+01
  0.352308E+01
  0.348721E+01
  0.345004E+01
  0.341336E+01
  0.337647E+01
  0.333818E+01
  0.329930E+01
  0.326026E+01
  0.322051E+01
  0.318070E+01
  0.313954E+01
  0.309858E+01
  0.305768E+01
  0.301589E+01
  0.297442E+01
  0.293351E+01
  0.289210E+01
  0.285233E+01
  0.281256E+01
  0.277186E+01
  0.273285E+01
  0.269508E+01
  0.265647E+01
  0.261841E+01
  0.258155E+01
  0.254537E+01
  0.250999E+01
  0.247586E+01
  0.244203E+01
  0.241082E+01
  0.238144E+01
  0.235202E+01
  0.232324E+01
  0.229706E+01
  0.227190E+01
  0.224668E+01
  0.222363E+01
  0.220195E+01
  0.218087E+01
  0.216149E+01
  0.214224E+01
  0.212410E+01
  0.210697E+01
  0.209049E+01
  0.207438E+01
  0.205990E+01
  0.204636E+01
  0.203379E+01
  0.202234E+01
  0.201083E+01
  0.200125E+01
  0.199344E+01
  0.198554E+01
  0.197948E+01
  0.197425E+01
  0.197056E+01
  0.196756E+01
  0.196537E+01
  0.196483E+01
  0.196431E+01
  0.196522E+01
  0.196791E+01
  0.196996E+01
  0.197352E+01
  0.197803E+01
  0.198236E+01
  0.198697E+01
  0.199167E+01
  0.199661E+01
  0.200231E+01
  0.200744E+01
  0.201269E+01
  0.201768E+01
  0.202241E+01
  0.202690E+01
  0.203017E+01
  0.203299E+01
  0.203642E+01
  0.203806E+01
  0.203906E+01
  0.203963E+01
  0.203855E+01
  0.203684E+01
  0.203424E+01
  0.202948E+01
  0.202386E+01
  0.201786E+01
  0.201059E+01
  0.200117E+01
  0.199200E+01
  0.198204E+01
  0.197111E+01
  0.196007E+01
  0.194859E+01
  0.193683E+01
  0.192490E+01
  0.191258E+01
  0.190038E+01
  0.188818E+01
  0.187657E+01
  0.186525E+01
  0.185435E+01
  0.184444E+01
  0.183549E+01
  0.182690E+01
  0.181947E+01
  0.181216E+01
  0.180700E+01
  0.180275E+01
  0.179928E+01
  0.179850E+01
  0.179820E+01
  0.180033E+01
  0.180510E+01
  0.181006E+01
  0.181820E+01
  0.182876E+01
  0.184115E+01
  0.185600E+01
  0.187337E+01
  0.189230E+01
  0.191336E+01
  0.193610E+01
  0.196026E+01
  0.198530E+01
  0.201138E+01
  0.203954E+01
  0.206658E+01
  0.209313E+01
  0.212124E+01
  0.214737E+01
  0.217389E+01
  0.219901E+01
  0.222308E+01
  0.224795E+01
  0.227076E+01
  0.229305E+01
  0.231485E+01
  0.233465E+01
  0.235403E+01
  0.237167E+01
  0.238771E+01
  0.240197E+01
  0.241451E+01
  0.242460E+01
  0.243168E+01
  0.243608E+01
  0.243824E+01
  0.243680E+01
  0.243254E+01
  0.242429E+01
  0.241210E+01
  0.239651E+01
  0.237635E+01
  0.235179E+01
  0.232328E+01
  0.229059E+01
  0.225313E+01
  0.220999E+01
  0.216306E+01
  0.211054E+01
  0.205348E+01
  0.199181E+01
  0.192369E+01
  0.185186E+01
  0.177581E+01
  0.169419E+01
  0.160914E+01
  0.151959E+01
  0.142699E+01
  0.133044E+01
  0.122853E+01
  0.112376E+01
  0.101570E+01
  0.902958E+00
  0.786650E+00
  0.665152E+00
  0.539835E+00
  0.410992E+00
  0.276938E+00
  0.138247E+00
 -0.427628E-02
 -0.150136E+00
 -0.300198E+00
 -0.455108E+00
 -0.612649E+00
 -0.773407E+00
 -0.936970E+00
 -0.110326E+01
 -0.127260E+01
 -0.144341E+01
 -0.161521E+01
 -0.178898E+01
 -0.196359E+01
 -0.213789E+01
 -0.231206E+01
 -0.248523E+01
 -0.265780E+01
 -0.282888E+01
 -0.299734E+01
 -0.316444E+01
 -0.333024E+01
 -0.349434E+01
 -0.365586E+01
 -0.381533E+01
 -0.397359E+01
 -0.413040E+01
 -0.428548E+01
 -0.443794E+01
 -0.458965E+01
 -0.474158E+01
 -0.489072E+01
 -0.503789E+01
 -0.518573E+01
 -0.533179E+01
 -0.547585E+01
 -0.561873E+01
 -0.575981E+01
 -0.589949E+01
 -0.603781E+01
 -0.617340E+01
 -0.630708E+01
 -0.643977E+01
 -0.657049E+01
 -0.669917E+01
 -0.682548E+01
 -0.694911E+01
 -0.707196E+01
 -0.719176E+01
 -0.730804E+01
 -0.742197E+01
 -0.753332E+01
 -0.764167E+01
 -0.774715E+01
 -0.784861E+01
 -0.794691E+01
 -0.804330E+01
 -0.813564E+01
 -0.822388E+01
 -0.831034E+01
 -0.839281E+01
 -0.847135E+01
 -0.854660E+01
 -0.861899E+01
 -0.868729E+01
 -0.875247E+01
 -0.881499E+01
 -0.887227E+01
 -0.892625E+01
 -0.897864E+01
 -0.902594E+01
 -0.906918E+01
 -0.910937E+01
 -0.914710E+01
 -0.918182E+01
 -0.921291E+01
 -0.924075E+01
 -0.926714E+01
 -0.929043E+01
 -0.931000E+01
 -0.932708E+01
 -0.934254E+01
 -0.935520E+01
 -0.936463E+01
 -0.937180E+01
 -0.937618E+01
 -0.937736E+01
 -0.937703E+01
 -0.937217E+01
 -0.936459E+01
 -0.935566E+01
 -0.934281E+01
 -0.932590E+01
 -0.930569E+01
 -0.928233E+01
 -0.925744E+01
 -0.922815E+01
 -0.919592E+01
 -0.916239E+01
 -0.912624E+01
 -0.908797E+01
 -0.904654E+01
 -0.900323E+01
 -0.896016E+01
 -0.891366E+01
 -0.886603E+01
 -0.881854E+01
 -0.876935E+01
 -0.871897E+01
 -0.866825E+01
 -0.861572E+01
 -0.856249E+01
 -0.850887E+01
 -0.845408E+01
 -0.839789E+01
 -0.834077E+01
 -0.828417E+01
 -0.822716E+01
 -0.816794E+01
 -0.811027E+01
 -0.805224E+01
 -0.799294E+01
 -0.793384E+01
 -0.787347E+01
 -0.781182E+01
 -0.775002E+01
 -0.768663E+01
 -0.762078E+01
 -0.755320E+01
 -0.748486E+01
 -0.741445E+01
 -0.734199E+01
 -0.726772E+01
 -0.719227E+01
 -0.711489E+01
 -0.703540E+01
 -0.695400E+01
 -0.687086E+01
 -0.678608E+01
 -0.669907E+01
 -0.660998E+01
 -0.651992E+01
 -0.642816E+01
 -0.633553E+01
 -0.624143E+01
 -0.614619E+01
 -0.605033E+01
 -0.595336E+01
 -0.585608E+01
 -0.575863E+01
 -0.566043E+01
 -0.556312E+01
 -0.546582E+01
 -0.536843E+01
 -0.527198E+01
 -0.517660E+01
 -0.508158E+01
 -0.498694E+01
 -0.489391E+01
 -0.480294E+01
 -0.471285E+01
 -0.462381E+01
 -0.453675E+01
 -0.445106E+01
 -0.436598E+01
 -0.428311E+01
 -0.420152E+01
 -0.412060E+01
 -0.404138E+01
 -0.396380E+01
 -0.388739E+01
 -0.381243E+01
 -0.373949E+01
 -0.366826E+01
 -0.359820E+01
 -0.353043E+01
 -0.346556E+01
 -0.340209E+01
 -0.334100E+01
 -0.328342E+01
 -0.322755E+01
 -0.317456E+01
 -0.312423E+01
 -0.307572E+01
 -0.302951E+01
 -0.298475E+01
 -0.294249E+01
 -0.290252E+01
 -0.286417E+01
 -0.282843E+01
 -0.279438E+01
 -0.276253E+01
 -0.273273E+01
 -0.270428E+01
 -0.267851E+01
 -0.265455E+01
 -0.263267E+01
 -0.261314E+01
 -0.259497E+01
 -0.257937E+01
 -0.256584E+01
 -0.255462E+01
 -0.254599E+01
 -0.253841E+01
 -0.253325E+01
 -0.253036E+01
 -0.252933E+01
 -0.253042E+01
 -0.253354E+01
 -0.253982E+01
 -0.254834E+01
 -0.255981E+01
 -0.257497E+01
 -0.259192E+01
 -0.261177E+01
 -0.263422E+01
 -0.265851E+01
 -0.268600E+01
 -0.271524E+01
 -0.274610E+01
 -0.277988E+01
 -0.281583E+01
 -0.285365E+01
 -0.289340E+01
 -0.293471E+01
 -0.297805E+01
 -0.302320E+01
 -0.306952E+01
 -0.311745E+01
 -0.316663E+01
 -0.321769E+01
 -0.327134E+01
 -0.332564E+01
 -0.338160E+01
 -0.344000E+01
 -0.349939E+01
 -0.356010E+01
 -0.362172E+01
 -0.368458E+01
 -0.374876E+01
 -0.381246E+01
 -0.387651E+01
 -0.394042E+01
 -0.400315E+01
 -0.406598E+01
 -0.412752E+01
 -0.418667E+01
 -0.424544E+01
 -0.430243E+01
 -0.435679E+01
 -0.440998E+01
 -0.446122E+01
 -0.451054E+01
 -0.455810E+01
 -0.460309E+01
 -0.464658E+01
 -0.468813E+01
 -0.472756E+01
 -0.476420E+01
 -0.479787E+01
 -0.482953E+01
 -0.485808E+01
 -0.488303E+01
 -0.490512E+01
 -0.492379E+01
 -0.493937E+01
 -0.495188E+01
 -0.496109E+01
 -0.496699E+01
 -0.497072E+01
 -0.497185E+01
 -0.496922E+01
 -0.496386E+01
 -0.495648E+01
 -0.494663E+01
 -0.493401E+01
 -0.491830E+01
 -0.490161E+01
 -0.488290E+01
 -0.486114E+01
 -0.483831E+01
 -0.481402E+01
 -0.478849E+01
 -0.476216E+01
 -0.473351E+01
 -0.470465E+01
 -0.467602E+01
 -0.464666E+01
 -0.461752E+01
 -0.458855E+01
 -0.456049E+01
 -0.453434E+01
 -0.450807E+01
 -0.448233E+01
 -0.445801E+01
 -0.443443E+01
 -0.441121E+01
 -0.438768E+01
 -0.436481E+01
 -0.434231E+01
 -0.431932E+01
 -0.429670E+01
 -0.427315E+01
 -0.425028E+01
 -0.422771E+01
 -0.420385E+01
 -0.418103E+01
 -0.415912E+01
 -0.413787E+01
 -0.411713E+01
 -0.409625E+01
 -0.407657E+01
 -0.405747E+01
 -0.403963E+01
 -0.402183E+01
 -0.400304E+01
 -0.398625E+01
 -0.396968E+01
 -0.395154E+01
 -0.393339E+01
 -0.391436E+01
 -0.389448E+01
 -0.387302E+01
 -0.384969E+01
 -0.382498E+01
 -0.379866E+01
 -0.377133E+01
 -0.374216E+01
 -0.371137E+01
 -0.368038E+01
 -0.364819E+01
 -0.361518E+01
 -0.358118E+01
 -0.354637E+01
 -0.351265E+01
 -0.347801E+01
 -0.344262E+01
 -0.340979E+01
 -0.337675E+01
 -0.334385E+01
 -0.331287E+01
 -0.328172E+01
 -0.325279E+01
 -0.322625E+01
 -0.320038E+01
 -0.317710E+01
 -0.315622E+01
 -0.313758E+01
 -0.312197E+01
 -0.310831E+01
 -0.309694E+01
 -0.308910E+01
 -0.308329E+01
 -0.307901E+01
 -0.307669E+01
 -0.307749E+01
 -0.308095E+01
 -0.308548E+01
 -0.309326E+01
 -0.310438E+01
 -0.311813E+01
 -0.313534E+01
 -0.315582E+01
 -0.318026E+01
 -0.320867E+01
 -0.324114E+01
 -0.327707E+01
 -0.331688E+01
 -0.336079E+01
 -0.340815E+01
 -0.346041E+01
 -0.351512E+01
 -0.357219E+01
 -0.363449E+01
 -0.369842E+01
 -0.376435E+01
 -0.383384E+01
 -0.390573E+01
 -0.398010E+01
 -0.405554E+01
 -0.413319E+01
 -0.421295E+01
 -0.429305E+01
 -0.437507E+01
 -0.445822E+01
 -0.454250E+01
 -0.462890E+01
 -0.471659E+01
 -0.480462E+01
 -0.489400E+01
 -0.498487E+01
 -0.507585E+01
 -0.516780E+01
 -0.526035E+01
 -0.535238E+01
 -0.544506E+01
 -0.553689E+01
 -0.562793E+01
 -0.571830E+01
 -0.580863E+01
 -0.589851E+01
 -0.598678E+01
 -0.607544E+01
 -0.616381E+01
 -0.624981E+01
 -0.633486E+01
 -0.641821E+01
 -0.649918E+01
 -0.657771E+01
 -0.665326E+01
 -0.672472E+01
 -0.679276E+01
 -0.685717E+01
 -0.691740E+01
 -0.697312E+01
 -0.702514E+01
 -0.707385E+01
 -0.711919E+01
 -0.716086E+01
 -0.719921E+01
 -0.723398E+01
 -0.726574E+01
 -0.729405E+01
 -0.731912E+01
 -0.734094E+01
 -0.736016E+01
 -0.737582E+01
 -0.738667E+01
 -0.739404E+01
 -0.739780E+01
 -0.739635E+01
 -0.739137E+01
 -0.738160E+01
 -0.736758E+01
 -0.735011E+01
 -0.732794E+01
 -0.730087E+01
 -0.727100E+01
 -0.723785E+01
 -0.719964E+01
 -0.715862E+01
 -0.711527E+01
 -0.706731E+01
 -0.701704E+01
 -0.696297E+01
 -0.690543E+01
 -0.684623E+01
 -0.678347E+01
 -0.671733E+01
 -0.664913E+01
 -0.657790E+01
 -0.650472E+01
 -0.642950E+01
 -0.635261E+01
 -0.627430E+01
 -0.619382E+01
 -0.611207E+01
 -0.602892E+01
 -0.594292E+01
 -0.585607E+01
 -0.576728E+01
 -0.567597E+01
 -0.558383E+01
 -0.548937E+01
 -0.539249E+01
 -0.529491E+01
 -0.519545E+01
 -0.509501E+01
 -0.499373E+01
 -0.489167E+01
 -0.478967E+01
 -0.468775E+01
 -0.458602E+01
 -0.448591E+01
 -0.438752E+01
 -0.429015E+01
 -0.419483E+01
 -0.410204E+01
 -0.401142E+01
 -0.392315E+01
 -0.383728E+01
 -0.375525E+01
 -0.367634E+01
 -0.360044E+01
 -0.352772E+01
 -0.345833E+01
 -0.339300E+01
 -0.333018E+01
 -0.327061E+01
 -0.321437E+01
 -0.316021E+01
 -0.310915E+01
 -0.305983E+01
 -0.301182E+01
 -0.296589E+01
 -0.292150E+01
 -0.287845E+01
 -0.283632E+01
 -0.279582E+01
 -0.275714E+01
 -0.271834E+01
 -0.268028E+01
 -0.264334E+01
 -0.260650E+01
 -0.257067E+01
 -0.253371E+01
 -0.249628E+01
 -0.246041E+01
 -0.242438E+01
 -0.238946E+01
 -0.235515E+01
 -0.232096E+01
 -0.228847E+01
 -0.225679E+01
 -0.222626E+01
 -0.219685E+01
 -0.216887E+01
 -0.214331E+01
 -0.211902E+01
 -0.209678E+01
 -0.207654E+01
 -0.205762E+01
 -0.204030E+01
 -0.202350E+01
 -0.200901E+01
 -0.199584E+01
 -0.198337E+01
 -0.197258E+01
 -0.196214E+01
 -0.195314E+01
 -0.194537E+01
 -0.193867E+01
 -0.193353E+01
 -0.192904E+01
 -0.192692E+01
 -0.192561E+01
 -0.192432E+01
 -0.192562E+01
 -0.192768E+01
 -0.193113E+01
 -0.193632E+01
 -0.194099E+01
 -0.194847E+01
 -0.195776E+01
 -0.196695E+01
 -0.197790E+01
 -0.198974E+01
 -0.200286E+01
 -0.201707E+01
 -0.203090E+01
 -0.204371E+01
 -0.205595E+01
 -0.206803E+01
 -0.207754E+01
 -0.208527E+01
 -0.209175E+01
 -0.209578E+01
 -0.209740E+01
 -0.209621E+01
 -0.209315E+01
 -0.208735E+01
 -0.207856E+01
 -0.206793E+01
 -0.205500E+01
 -0.204054E+01
 -0.202409E+01
 -0.200642E+01
 -0.198831E+01
 -0.196973E+01
 -0.195128E+01
 -0.193186E+01
 -0.191155E+01
 -0.189057E+01
 -0.186864E+01
 -0.184622E+01
 -0.182278E+01
 -0.179792E+01
 -0.177187E+01
 -0.174541E+01
 -0.171693E+01
 -0.168662E+01
 -0.165646E+01
 -0.162517E+01
 -0.159187E+01
 -0.155737E+01
 -0.152237E+01
 -0.148668E+01
 -0.144928E+01
 -0.141184E+01
 -0.137442E+01
 -0.133616E+01
 -0.129836E+01
 -0.126011E+01
 -0.122165E+01
 -0.118326E+01
 -0.114414E+01
 -0.110635E+01
 -0.106709E+01
 -0.102636E+01
 -0.987183E+00
 -0.947138E+00
 -0.906013E+00
 -0.865582E+00
 -0.824941E+00
 -0.783844E+00
 -0.742247E+00
 -0.700211E+00
 -0.658266E+00
 -0.616343E+00
 -0.573971E+00
 -0.532176E+00
 -0.491010E+00
 -0.449780E+00
 -0.408939E+00
 -0.368578E+00
 -0.328156E+00
 -0.288608E+00
 -0.249718E+00
 -0.211281E+00
 -0.173616E+00
 -0.137487E+00
 -0.102264E+00
 -0.678635E-01
 -0.347395E-01
 -0.379753E-02
  0.248098E-01
  0.524111E-01
  0.790148E-01
  0.103756E+00
  0.126810E+00
  0.147923E+00
  0.167673E+00
  0.186473E+00
  0.204009E+00
  0.219728E+00
  0.235053E+00
  0.249668E+00
  0.263531E+00
  0.276413E+00
  0.287724E+00
  0.298656E+00
  0.308200E+00
  0.315831E+00
  0.323538E+00
  0.329793E+00
  0.334771E+00
  0.339061E+00
  0.341437E+00
  0.342256E+00
  0.342981E+00
  0.342402E+00
  0.340095E+00
  0.336667E+00
  0.332118E+00
  0.326655E+00
  0.319558E+00
  0.309796E+00
  0.300410E+00
  0.290855E+00
  0.279932E+00
  0.268988E+00
  0.257748E+00
  0.245373E+00
  0.232369E+00
  0.218990E+00
  0.204968E+00
  0.189966E+00
  0.174746E+00
  0.158514E+00
  0.141035E+00
  0.123263E+00
  0.105348E+00
  0.856743E-01
  0.646296E-01
  0.421362E-01
  0.178413E-01
 -0.845146E-02
 -0.378208E-01
 -0.691147E-01
 -0.102035E+00
 -0.137838E+00
 -0.174766E+00
 -0.214318E+00
 -0.256127E+00
 -0.299549E+00
 -0.345445E+00
 -0.391931E+00
 -0.440664E+00
 -0.491688E+00
 -0.542264E+00
 -0.594782E+00
 -0.648422E+00
 -0.702042E+00
 -0.755980E+00
 -0.810722E+00
 -0.866276E+00
 -0.922152E+00
 -0.979249E+00
 -0.103792E+01
 -0.109903E+01
 -0.116128E+01
 -0.122367E+01
 -0.128952E+01
 -0.135717E+01
 -0.142610E+01
 -0.149750E+01
 -0.157137E+01
 -0.164842E+01
 -0.172759E+01
 -0.180985E+01
 -0.189501E+01
 -0.198122E+01
 -0.207121E+01
 -0.216506E+01
 -0.226068E+01
 -0.235888E+01
 -0.246082E+01
 -0.256545E+01
 -0.267221E+01
 -0.278063E+01
 -0.289042E+01
 -0.300342E+01
 -0.311765E+01
 -0.323165E+01
 -0.334777E+01
 -0.346475E+01
 -0.358163E+01
 -0.369963E+01
 -0.381788E+01
 -0.393685E+01
 -0.405659E+01
 -0.417508E+01
 -0.429385E+01
 -0.441236E+01
 -0.452938E+01
 -0.464668E+01
 -0.476128E+01
 -0.487458E+01
 -0.498736E+01
 -0.509741E+01
 -0.520688E+01
 -0.531361E+01
 -0.541944E+01
 -0.552626E+01
 -0.562926E+01
 -0.573250E+01
 -0.583613E+01
 -0.593783E+01
 -0.604038E+01
 -0.614200E+01
 -0.624387E+01
 -0.634673E+01
 -0.644819E+01
 -0.655055E+01
 -0.665201E+01
 -0.675279E+01
 -0.685394E+01
 -0.695421E+01
 -0.705412E+01
 -0.715384E+01
 -0.725454E+01
 -0.735581E+01
 -0.745538E+01
 -0.755672E+01
 -0.765843E+01
 -0.776014E+01
 -0.786244E+01
 -0.796311E+01
 -0.806490E+01
 -0.816672E+01
 -0.826716E+01
 -0.836796E+01
 -0.846722E+01
 -0.856669E+01
 -0.866491E+01
 -0.876180E+01
 -0.885739E+01
 -0.895111E+01
 -0.904467E+01
 -0.913591E+01
 -0.922559E+01
 -0.931664E+01
 -0.940520E+01
 -0.949389E+01
 -0.958248E+01
 -0.967005E+01
 -0.975974E+01
 -0.984826E+01
 -0.993560E+01
 -0.100247E+02
 -0.101130E+02
 -0.102014E+02
 -0.102886E+02
 -0.103759E+02
 -0.104635E+02
 -0.105500E+02
 -0.106365E+02
 -0.107226E+02
 -0.108074E+02
 -0.108934E+02
 -0.109777E+02
 -0.110606E+02
 -0.111443E+02
 -0.112266E+02
 -0.113074E+02
 -0.113882E+02
 -0.114675E+02
 -0.115474E+02
 -0.116272E+02
 -0.117066E+02
 -0.117865E+02
 -0.118667E+02
 -0.119466E+02
 -0.120279E+02
 -0.121087E+02
 -0.121894E+02
 -0.122709E+02
 -0.123527E+02
 -0.124337E+02
 -0.125150E+02
 -0.125962E+02
 -0.126771E+02
 -0.127570E+02
 -0.128369E+02
 -0.129159E+02
 -0.129952E+02
 -0.130737E+02
 -0.131501E+02
 -0.132260E+02
 -0.133018E+02
 -0.133764E+02
 -0.134501E+02
 -0.135225E+02
 -0.135953E+02
 -0.136673E+02
 -0.137385E+02
 -0.138087E+02
 -0.138786E+02
 -0.139485E+02
 -0.140188E+02
 -0.140877E+02
 -0.141569E+02
 -0.142270E+02
 -0.142957E+02
 -0.143631E+02
 -0.144308E+02
 -0.144968E+02
 -0.145631E+02
 -0.146273E+02
 -0.146902E+02
 -0.147535E+02
 -0.148155E+02
 -0.148762E+02
 -0.149373E+02
 -0.149963E+02
 -0.150564E+02
 -0.151169E+02
 -0.151759E+02
 -0.152358E+02
 -0.152960E+02
 -0.153555E+02
 -0.154172E+02
 -0.154771E+02
 -0.155383E+02
 -0.156014E+02
 -0.156636E+02
 -0.157273E+02
 -0.157919E+02
 -0.158560E+02
 -0.159229E+02
 -0.159887E+02
 -0.160566E+02
 -0.161258E+02
 -0.161956E+02
 -0.162682E+02
 -0.163409E+02
 -0.164152E+02
 -0.164924E+02
 -0.165693E+02
 -0.166512E+02
 -0.167327E+02
 -0.168176E+02
 -0.169084E+02
 -0.169983E+02
 -0.170915E+02
 -0.171893E+02
 -0.172877E+02
 -0.173896E+02
 -0.174920E+02
 -0.175982E+02
 -0.177062E+02
 -0.178150E+02
 -0.179257E+02
 -0.180374E+02
 -0.181509E+02
 -0.182666E+02
 -0.183812E+02
 -0.184976E+02
 -0.186155E+02
 -0.187328E+02
 -0.188496E+02
 -0.189678E+02
 -0.190858E+02
 -0.192050E+02
 -0.193244E+02
 -0.194452E+02
 -0.195668E+02
 -0.196910E+02
 -0.198161E+02
 -0.199413E+02
 -0.200689E+02
 -0.201980E+02
 -0.203274E+02
 -0.204597E+02
 -0.205919E+02
 -0.207261E+02
 -0.208609E+02
 -0.209975E+02
 -0.211348E+02
 -0.212728E+02
 -0.214116E+02
 -0.215519E+02
 -0.216931E+02
 -0.218347E+02
 -0.219768E+02
 -0.221214E+02
 -0.222647E+02
 -0.224097E+02
 -0.225547E+02
 -0.227007E+02
 -0.228473E+02
 -0.229927E+02
 -0.231375E+02
 -0.232833E+02
 -0.234268E+02
 -0.235711E+02
 -0.237144E+02
 -0.238568E+02
 -0.239997E+02
 -0.241412E+02
 -0.242803E+02
 -0.244192E+02
 -0.245560E+02
 -0.246925E+02
 -0.248241E+02
 -0.249544E+02
 -0.250831E+02
 -0.252074E+02
 -0.253286E+02
 -0.254460E+02
 -0.255597E+02
 -0.256719E+02
 -0.257786E+02
 -0.258840E+02
 -0.259868E+02
 -0.260862E+02
 -0.261829E+02
 -0.262772E+02
 -0.263678E+02
 -0.264564E+02
 -0.265415E+02
 -0.266240E+02
 -0.267041E+02
 -0.267811E+02
 -0.268540E+02
 -0.269263E+02
 -0.269934E+02
 -0.270594E+02
 -0.271233E+02
 -0.271831E+02
 -0.272431E+02
 -0.272982E+02
 -0.273489E+02
 -0.274012E+02
 -0.274452E+02
 -0.274899E+02
 -0.275308E+02
 -0.275645E+02
 -0.276002E+02
 -0.276289E+02
 -0.276507E+02
 -0.276748E+02
 -0.276890E+02
 -0.277004E+02
 -0.277090E+02
 -0.277109E+02
 -0.277118E+02
 -0.277069E+02
 -0.276954E+02
 -0.276853E+02
 -0.276693E+02
 -0.276512E+02
 -0.276293E+02
 -0.276038E+02
 -0.275777E+02
 -0.275481E+02
 -0.275134E+02
 -0.274775E+02
 -0.274381E+02
 -0.273963E+02
 -0.273500E+02
 -0.273013E+02
 -0.272495E+02
 -0.271948E+02
 -0.271350E+02
 -0.270731E+02
 -0.270079E+02
 -0.269382E+02
 -0.268643E+02
 -0.267882E+02
 -0.267071E+02
 -0.266236E+02
 -0.265353E+02
 -0.264436E+02
 -0.263497E+02
 -0.262514E+02
 -0.261501E+02
 -0.260480E+02
 -0.259406E+02
 -0.258342E+02
 -0.257240E+02
 -0.256118E+02
 -0.255001E+02
 -0.253843E+02
 -0.252682E+02
 -0.251518E+02
 -0.250326E+02
 -0.249143E+02
 -0.247913E+02
 -0.246696E+02
 -0.245464E+02
 -0.244199E+02
 -0.242940E+02
 -0.241655E+02
 -0.240364E+02
 -0.239069E+02
 -0.237717E+02
 -0.236397E+02
 -0.235039E+02
 -0.233661E+02
 -0.232299E+02
 -0.230898E+02
 -0.229516E+02
 -0.228131E+02
 -0.226695E+02
 -0.225297E+02
 -0.223873E+02
 -0.222459E+02
 -0.221054E+02
 -0.219621E+02
 -0.218214E+02
 -0.216815E+02
 -0.215387E+02
 -0.213989E+02
 -0.212590E+02
 -0.211195E+02
 -0.209810E+02
 -0.208433E+02
 -0.207069E+02
 -0.205719E+02
 -0.204353E+02
 -0.203019E+02
 -0.201695E+02
 -0.200367E+02
 -0.199067E+02
 -0.197775E+02
 -0.196486E+02
 -0.195233E+02
 -0.193975E+02
 -0.192744E+02
 -0.191544E+02
 -0.190356E+02
 -0.189192E+02
 -0.188068E+02
 -0.186948E+02
 -0.185866E+02
 -0.184807E+02
 -0.183769E+02
 -0.182768E+02
 -0.181777E+02
 -0.180794E+02
 -0.179850E+02
 -0.178906E+02
 -0.177989E+02
 -0.177072E+02
 -0.176167E+02
 -0.175292E+02
 -0.174401E+02
 -0.173517E+02
 -0.172657E+02
 -0.171777E+02
 -0.170921E+02
 -0.170051E+02
 -0.169185E+02
 -0.168341E+02
 -0.167482E+02
 -0.166636E+02
 -0.165811E+02
 -0.164977E+02
 -0.164173E+02
 -0.163367E+02
 -0.162582E+02
 -0.161813E+02
 -0.161053E+02
 -0.160322E+02
 -0.159600E+02
 -0.158889E+02
 -0.158211E+02
 -0.157526E+02
 -0.156862E+02
 -0.156206E+02
 -0.155561E+02
 -0.154929E+02
 -0.154298E+02
 -0.153677E+02
 -0.153064E+02
 -0.152442E+02
 -0.151831E+02
 -0.151212E+02
 -0.150595E+02
 -0.149971E+02
 -0.149362E+02
 -0.148744E+02
 -0.148116E+02
 -0.147499E+02
 -0.146866E+02
 -0.146231E+02
 -0.145600E+02
 -0.144939E+02
 -0.144293E+02
 -0.143624E+02
 -0.142945E+02
 -0.142254E+02
 -0.141542E+02
 -0.140827E+02
 -0.140089E+02
 -0.139321E+02
 -0.138563E+02
 -0.137766E+02
 -0.136950E+02
 -0.136131E+02
 -0.135272E+02
 -0.134410E+02
 -0.133545E+02
 -0.132643E+02
 -0.131760E+02
 -0.130851E+02
 -0.129937E+02
 -0.129024E+02
 -0.128081E+02
 -0.127151E+02
 -0.126206E+02
 -0.125237E+02
 -0.124268E+02
 -0.123267E+02
 -0.122255E+02
 -0.121214E+02
 -0.120149E+02
 -0.119057E+02
 -0.117939E+02
 -0.116792E+02
 -0.115614E+02
 -0.114409E+02
 -0.113172E+02
 -0.111902E+02
 -0.110613E+02
 -0.109285E+02
 -0.107939E+02
 -0.106556E+02
 -0.105146E+02
 -0.103712E+02
 -0.102244E+02
 -0.100751E+02
 -0.992350E+01
 -0.976896E+01
 -0.961308E+01
 -0.945342E+01
 -0.929218E+01
 -0.912908E+01
 -0.896256E+01
 -0.879464E+01
 -0.862445E+01
 -0.845225E+01
 -0.827897E+01
 -0.810190E+01
 -0.792444E+01
 -0.774485E+01
 -0.756260E+01
 -0.737922E+01
 -0.719300E+01
 -0.700541E+01
 -0.681634E+01
 -0.662484E+01
 -0.643330E+01
 -0.623956E+01
 -0.604460E+01
 -0.584970E+01
 -0.565275E+01
 -0.545550E+01
 -0.525859E+01
 -0.505954E+01
 -0.486110E+01
 -0.466104E+01
 -0.445993E+01
 -0.425913E+01
 -0.405580E+01
 -0.385196E+01
 -0.364716E+01
 -0.344100E+01
 -0.323412E+01
 -0.302563E+01
 -0.281636E+01
 -0.260542E+01
 -0.239382E+01
 -0.218040E+01
 -0.196632E+01
 -0.175193E+01
 -0.153621E+01
 -0.132086E+01
 -0.110510E+01
 -0.890402E+00
 -0.675351E+00
 -0.460135E+00
 -0.246992E+00
 -0.330396E-01
  0.179515E+00
  0.390738E+00
  0.603181E+00
  0.813531E+00
  0.102389E+01
  0.123527E+01
  0.144497E+01
  0.165613E+01
  0.186764E+01
  0.207769E+01
  0.229065E+01
  0.250282E+01
  0.271506E+01
  0.293031E+01
  0.314473E+01
  0.336026E+01
  0.357797E+01
  0.379562E+01
  0.401419E+01
  0.423313E+01
  0.445474E+01
  0.467614E+01
  0.489735E+01
  0.512165E+01
  0.534532E+01
  0.557034E+01
  0.579620E+01
  0.601994E+01
  0.624652E+01
  0.647066E+01
  0.669555E+01
  0.692135E+01
  0.714395E+01
  0.736892E+01
  0.759161E+01
  0.781228E+01
  0.803429E+01
  0.825268E+01
  0.847182E+01
  0.868816E+01
  0.890323E+01
  0.911982E+01
  0.933275E+01
  0.954321E+01
  0.975391E+01
  0.996268E+01
  0.101700E+02
  0.103754E+02
  0.105795E+02
  0.107823E+02
  0.109839E+02
  0.111831E+02
  0.113807E+02
  0.115777E+02
  0.117738E+02
  0.119673E+02
  0.121616E+02
  0.123525E+02
  0.125425E+02
  0.127322E+02
  0.129170E+02
  0.131040E+02
  0.132898E+02
  0.134707E+02
  0.136554E+02
  0.138354E+02
  0.140146E+02
  0.141949E+02
  0.143715E+02
  0.145486E+02
  0.147238E+02
  0.148969E+02
  0.150715E+02
  0.152415E+02
  0.154128E+02
  0.155814E+02
  0.157475E+02
  0.159144E+02
  0.160760E+02
  0.162366E+02
  0.163964E+02
  0.165509E+02
  0.167050E+02
  0.168525E+02
  0.170003E+02
  0.171456E+02
  0.172843E+02
  0.174226E+02
  0.175563E+02
  0.176881E+02
  0.178174E+02
  0.179392E+02
  0.180618E+02
  0.181801E+02
  0.182963E+02
  0.184106E+02
  0.185210E+02
  0.186312E+02
  0.187390E+02
  0.188418E+02
  0.189444E+02
  0.190442E+02
  0.191416E+02
  0.192374E+02
  0.193311E+02
  0.194220E+02
  0.195120E+02
  0.195993E+02
  0.196847E+02
  0.197675E+02
  0.198507E+02
  0.199311E+02
  0.200098E+02
  0.200870E+02
  0.201627E+02
  0.202368E+02
  0.203092E+02
  0.203801E+02
  0.204495E+02
  0.205157E+02
  0.205836E+02
  0.206480E+02
  0.207098E+02
  0.207712E+02
  0.208305E+02
  0.208871E+02
  0.209423E+02
  0.209951E+02
  0.210476E+02
  0.210980E+02
  0.211474E+02
  0.211940E+02
  0.212413E+02
  0.212880E+02
  0.213332E+02
  0.213770E+02
  0.214229E+02
  0.214678E+02
  0.215123E+02
  0.215567E+02
  0.216003E+02
  0.216444E+02
  0.216891E+02
  0.217311E+02
  0.217754E+02
  0.218200E+02
  0.218661E+02
  0.219119E+02
  0.219587E+02
  0.220079E+02
  0.220587E+02
  0.221103E+02
  0.221645E+02
  0.222208E+02
  0.222791E+02
  0.223383E+02
  0.224001E+02
  0.224630E+02
  0.225287E+02
  0.225946E+02
  0.226634E+02
  0.227326E+02
  0.228030E+02
  0.228747E+02
  0.229467E+02
  0.230192E+02
  0.230932E+02
  0.231669E+02
  0.232431E+02
  0.233193E+02
  0.233963E+02
  0.234734E+02
  0.235525E+02
  0.236301E+02
  0.237083E+02
  0.237859E+02
  0.238643E+02
  0.239431E+02
  0.240205E+02
  0.240972E+02
  0.241748E+02
  0.242507E+02
  0.243268E+02
  0.244003E+02
  0.244747E+02
  0.245484E+02
  0.246199E+02
  0.246891E+02
  0.247584E+02
  0.248269E+02
  0.248952E+02
  0.249610E+02
  0.250269E+02
  0.250928E+02
  0.251567E+02
  0.252181E+02
  0.252804E+02
  0.253388E+02
  0.253984E+02
  0.254569E+02
  0.255121E+02
  0.255691E+02
  0.256252E+02
  0.256766E+02
  0.257299E+02
  0.257805E+02
  0.258302E+02
  0.258776E+02
  0.259239E+02
  0.259685E+02
  0.260109E+02
  0.260501E+02
  0.260886E+02
  0.261229E+02
  0.261544E+02
  0.261841E+02
  0.262104E+02
  0.262339E+02
  0.262556E+02
  0.262718E+02
  0.262889E+02
  0.263013E+02
  0.263123E+02
  0.263208E+02
  0.263264E+02
  0.263324E+02
  0.263339E+02
  0.263329E+02
  0.263327E+02
  0.263280E+02
  0.263238E+02
  0.263161E+02
  0.263079E+02
  0.262987E+02
  0.262873E+02
  0.262733E+02
  0.262575E+02
  0.262394E+02
  0.262208E+02
  0.261979E+02
  0.261736E+02
  0.261492E+02
  0.261216E+02
  0.260904E+02
  0.260596E+02
  0.260241E+02
  0.259877E+02
  0.259476E+02
  0.259053E+02
  0.258612E+02
  0.258132E+02
  0.257625E+02
  0.257093E+02
  0.256521E+02
  0.255937E+02
  0.255308E+02
  0.254657E+02
  0.253981E+02
  0.253277E+02
  0.252522E+02
  0.251753E+02
  0.250946E+02
  0.250116E+02
  0.249246E+02
  0.248353E+02
  0.247445E+02
  0.246497E+02
  0.245514E+02
  0.244518E+02
  0.243476E+02
  0.242424E+02
  0.241320E+02
  0.240214E+02
  0.239085E+02
  0.237914E+02
  0.236734E+02
  0.235521E+02
  0.234286E+02
  0.233047E+02
  0.231748E+02
  0.230457E+02
  0.229139E+02
  0.227796E+02
  0.226437E+02
  0.225062E+02
  0.223673E+02
  0.222265E+02
  0.220840E+02
  0.219425E+02
  0.217997E+02
  0.216562E+02
  0.215115E+02
  0.213679E+02
  0.212230E+02
  0.210794E+02
  0.209336E+02
  0.207898E+02
  0.206466E+02
  0.205014E+02
  0.203572E+02
  0.202116E+02
  0.200653E+02
  0.199197E+02
  0.197715E+02
  0.196253E+02
  0.194760E+02
  0.193283E+02
  0.191778E+02
  0.190249E+02
  0.188738E+02
  0.187200E+02
  0.185651E+02
  0.184093E+02
  0.182509E+02
  0.180938E+02
  0.179330E+02
  0.177711E+02
  0.176089E+02
  0.174469E+02
  0.172820E+02
  0.171169E+02
  0.169517E+02
  0.167848E+02
  0.166178E+02
  0.164508E+02
  0.162812E+02
  0.161127E+02
  0.159421E+02
  0.157722E+02
  0.156018E+02
  0.154293E+02
  0.152578E+02
  0.150863E+02
  0.149139E+02
  0.147431E+02
  0.145697E+02
  0.143995E+02
  0.142299E+02
  0.140588E+02
  0.138910E+02
  0.137235E+02
  0.135560E+02
  0.133921E+02
  0.132257E+02
  0.130630E+02
  0.129017E+02
  0.127384E+02
  0.125785E+02
  0.124173E+02
  0.122563E+02
  0.120989E+02
  0.119382E+02
  0.117799E+02
  0.116232E+02
  0.114663E+02
  0.113089E+02
  0.111522E+02
  0.109965E+02
  0.108412E+02
  0.106862E+02
  0.105320E+02
  0.103789E+02
  0.102275E+02
  0.100754E+02
  0.992485E+01
  0.977424E+01
  0.962619E+01
  0.947892E+01
  0.933149E+01
  0.918701E+01
  0.904276E+01
  0.889944E+01
  0.875861E+01
  0.861774E+01
  0.847928E+01
  0.834181E+01
  0.820813E+01
  0.807535E+01
  0.794318E+01
  0.781419E+01
  0.768689E+01
  0.756189E+01
  0.743797E+01
  0.731561E+01
  0.719661E+01
  0.707753E+01
  0.696029E+01
  0.684426E+01
  0.672960E+01
  0.661633E+01
  0.650437E+01
  0.639248E+01
  0.628211E+01
  0.617343E+01
  0.606464E+01
  0.595697E+01
  0.585060E+01
  0.574500E+01
  0.564117E+01
  0.553646E+01
  0.543350E+01
  0.533191E+01
  0.523156E+01
  0.513088E+01
  0.503110E+01
  0.493393E+01
  0.483711E+01
  0.474142E+01
  0.464733E+01
  0.455409E+01
  0.446270E+01
  0.437220E+01
  0.428253E+01
  0.419404E+01
  0.410835E+01
  0.402245E+01
  0.393861E+01
  0.385620E+01
  0.377394E+01
  0.369496E+01
  0.361660E+01
  0.353887E+01
  0.346371E+01
  0.338912E+01
  0.331708E+01
  0.324691E+01
  0.317837E+01
  0.311189E+01
  0.304877E+01
  0.298729E+01
  0.292661E+01
  0.286882E+01
  0.281420E+01
  0.276062E+01
  0.270816E+01
  0.265775E+01
  0.260852E+01
  0.256009E+01
  0.251242E+01
  0.246398E+01
  0.241751E+01
  0.237127E+01
  0.232411E+01
  0.227652E+01
  0.222795E+01
  0.218087E+01
  0.213228E+01
  0.208088E+01
  0.203126E+01
  0.198095E+01
  0.192905E+01
  0.187569E+01
  0.182189E+01
  0.176699E+01
  0.171179E+01
  0.165611E+01
  0.159877E+01
  0.154218E+01
  0.148498E+01
  0.142675E+01
  0.136788E+01
  0.130840E+01
  0.124930E+01
  0.118801E+01
  0.112686E+01
  0.106353E+01
  0.998712E+00
  0.933138E+00
  0.864555E+00
  0.796006E+00
  0.725647E+00
  0.653686E+00
  0.581011E+00
  0.506481E+00
  0.431737E+00
  0.355437E+00
  0.279060E+00
  0.201880E+00
  0.124373E+00
  0.468397E-01
 -0.319815E-01
 -0.110299E+00
 -0.189006E+00
 -0.269603E+00
 -0.349148E+00
 -0.428407E+00
 -0.508788E+00
 -0.589005E+00
 -0.669387E+00
 -0.749119E+00
 -0.828452E+00
 -0.907613E+00
 -0.985457E+00
 -0.106302E+01
 -0.113921E+01
 -0.121434E+01
 -0.128913E+01
 -0.136182E+01
 -0.143304E+01
 -0.150326E+01
 -0.157102E+01
 -0.163800E+01
 -0.170247E+01
 -0.176508E+01
 -0.182786E+01
 -0.188679E+01
 -0.194479E+01
 -0.200157E+01
 -0.205572E+01
 -0.210941E+01
 -0.215998E+01
 -0.221091E+01
 -0.225910E+01
 -0.230581E+01
 -0.235337E+01
 -0.239435E+01
 -0.243726E+01
 -0.247916E+01
 -0.251676E+01
 -0.255700E+01
 -0.259261E+01
 -0.262884E+01
 -0.266560E+01
 -0.269736E+01
 -0.273153E+01
 -0.276330E+01
 -0.279276E+01
 -0.282382E+01
 -0.285193E+01
 -0.287875E+01
 -0.290483E+01
 -0.292798E+01
 -0.294880E+01
 -0.296776E+01
 -0.298405E+01
 -0.299766E+01
 -0.300885E+01
 -0.301721E+01
 -0.302334E+01
 -0.302630E+01
 -0.302690E+01
 -0.302547E+01
 -0.302136E+01
 -0.301594E+01
 -0.300772E+01
 -0.299611E+01
 -0.298295E+01
 -0.296855E+01
 -0.295127E+01
 -0.293257E+01
 -0.291305E+01
 -0.288998E+01
 -0.286683E+01
 -0.284097E+01
 -0.281198E+01
 -0.278274E+01
 -0.274891E+01
 -0.271417E+01
 -0.267717E+01
 -0.263649E+01
 -0.259492E+01
 -0.254920E+01
 -0.250057E+01
 -0.244876E+01
 -0.239440E+01
 -0.233771E+01
 -0.227810E+01
 -0.221567E+01
 -0.214988E+01
 -0.208344E+01
 -0.201383E+01
 -0.194266E+01
 -0.187078E+01
 -0.179607E+01
 -0.172300E+01
 -0.164746E+01
 -0.157042E+01
 -0.149575E+01
 -0.141831E+01
 -0.134188E+01
 -0.126687E+01
 -0.119116E+01
 -0.111825E+01
 -0.104464E+01
 -0.971554E+00
 -0.901053E+00
 -0.829017E+00
 -0.759019E+00
 -0.688949E+00
 -0.617884E+00
 -0.548852E+00
 -0.478297E+00
 -0.407555E+00
 -0.336800E+00
 -0.266110E+00
 -0.196318E+00
 -0.125218E+00
 -0.557704E-01
  0.144658E-01
  0.859456E-01
  0.154858E+00
  0.225183E+00
  0.295680E+00
  0.363747E+00
  0.433615E+00
  0.502643E+00
  0.571969E+00
  0.641855E+00
  0.709889E+00
  0.779657E+00
  0.847819E+00
  0.914296E+00
  0.981812E+00
  0.104705E+01
  0.111228E+01
  0.117640E+01
  0.123955E+01
  0.130194E+01
  0.136301E+01
  0.142471E+01
  0.148472E+01
  0.154502E+01
  0.160611E+01
  0.166556E+01
  0.172686E+01
  0.178751E+01
  0.184925E+01
  0.191248E+01
  0.197467E+01
  0.203900E+01
  0.210391E+01
  0.216944E+01
  0.223777E+01
  0.230596E+01
  0.237577E+01
  0.244723E+01
  0.251912E+01
  0.259298E+01
  0.266758E+01
  0.274240E+01
  0.281995E+01
  0.289830E+01
  0.297692E+01
  0.305660E+01
  0.313701E+01
  0.321831E+01
  0.329979E+01
  0.338107E+01
  0.346383E+01
  0.354627E+01
  0.362893E+01
  0.371143E+01
  0.379344E+01
  0.387490E+01
  0.395724E+01
  0.403886E+01
  0.411861E+01
  0.420003E+01
  0.428099E+01
  0.435983E+01
  0.443932E+01
  0.451808E+01
  0.459682E+01
  0.467391E+01
  0.475063E+01
  0.482701E+01
  0.490124E+01
  0.497515E+01
  0.504917E+01
  0.512057E+01
  0.519245E+01
  0.526495E+01
  0.533630E+01
  0.540754E+01
  0.547866E+01
  0.554960E+01
  0.562018E+01
  0.568983E+01
  0.576111E+01
  0.583066E+01
  0.590097E+01
  0.597256E+01
  0.604292E+01
  0.611421E+01
  0.618634E+01
  0.625904E+01
  0.633265E+01
  0.640572E+01
  0.648108E+01
  0.655756E+01
  0.663439E+01
  0.671264E+01
  0.679366E+01
  0.687612E+01
  0.696030E+01
  0.704685E+01
  0.713618E+01
  0.722716E+01
  0.732052E+01
  0.741561E+01
  0.751267E+01
  0.761255E+01
  0.771470E+01
  0.781837E+01
  0.792472E+01
  0.803274E+01
  0.814328E+01
  0.825362E+01
  0.836618E+01
  0.847990E+01
  0.859271E+01
  0.870764E+01
  0.882215E+01
  0.893578E+01
  0.905203E+01
  0.916627E+01
  0.928101E+01
  0.939643E+01
  0.951068E+01
  0.962486E+01
  0.973878E+01
  0.985241E+01
  0.996620E+01
  0.100782E+02
  0.101914E+02
  0.103032E+02
  0.104143E+02
  0.105260E+02
  0.106366E+02
  0.107468E+02
  0.108578E+02
  0.109675E+02
  0.110772E+02
  0.111878E+02
  0.112978E+02
  0.114063E+02
  0.115174E+02
  0.116278E+02
  0.117380E+02
  0.118472E+02
  0.119559E+02
  0.120648E+02
  0.121696E+02
  0.122754E+02
  0.123828E+02
  0.124845E+02
  0.125886E+02
  0.126907E+02
  0.127899E+02
  0.128898E+02
  0.129882E+02
  0.130843E+02
  0.131805E+02
  0.132758E+02
  0.133701E+02
  0.134626E+02
  0.135528E+02
  0.136424E+02
  0.137312E+02
  0.138164E+02
  0.139020E+02
  0.139848E+02
  0.140657E+02
  0.141438E+02
  0.142192E+02
  0.142932E+02
  0.143637E+02
  0.144334E+02
  0.145023E+02
  0.145675E+02
  0.146318E+02
  0.146934E+02
  0.147543E+02
  0.148115E+02
  0.148692E+02
  0.149250E+02
  0.149776E+02
  0.150311E+02
  0.150812E+02
  0.151296E+02
  0.151782E+02
  0.152227E+02
  0.152684E+02
  0.153120E+02
  0.153543E+02
  0.153963E+02
  0.154360E+02
  0.154746E+02
  0.155143E+02
  0.155526E+02
  0.155907E+02
  0.156268E+02
  0.156625E+02
  0.156994E+02
  0.157352E+02
  0.157683E+02
  0.158033E+02
  0.158378E+02
  0.158719E+02
  0.159056E+02
  0.159387E+02
  0.159712E+02
  0.160047E+02
  0.160359E+02
  0.160667E+02
  0.160981E+02
  0.161287E+02
  0.161574E+02
  0.161869E+02
  0.162159E+02
  0.162453E+02
  0.162728E+02
  0.163005E+02
  0.163291E+02
  0.163556E+02
  0.163814E+02
  0.164084E+02
  0.164326E+02
  0.164577E+02
  0.164821E+02
  0.165065E+02
  0.165294E+02
  0.165522E+02
  0.165743E+02
  0.165960E+02
  0.166176E+02
  0.166383E+02
  0.166582E+02
  0.166774E+02
  0.166952E+02
  0.167132E+02
  0.167281E+02
  0.167450E+02
  0.167597E+02
  0.167723E+02
  0.167848E+02
  0.167944E+02
  0.168039E+02
  0.168127E+02
  0.168183E+02
  0.168265E+02
  0.168318E+02
  0.168362E+02
  0.168402E+02
  0.168429E+02
  0.168455E+02
  0.168468E+02
  0.168462E+02
  0.168474E+02
  0.168473E+02
  0.168471E+02
  0.168463E+02
  0.168449E+02
  0.168437E+02
  0.168427E+02
  0.168388E+02
  0.168357E+02
  0.168326E+02
  0.168267E+02
  0.168192E+02
  0.168123E+02
  0.168018E+02
  0.167905E+02
  0.167778E+02
  0.167638E+02
  0.167482E+02
  0.167307E+02
  0.167112E+02
  0.166909E+02
  0.166683E+02
  0.166454E+02
  0.166208E+02
  0.165961E+02
  0.165698E+02
  0.165414E+02
  0.165124E+02
  0.164826E+02
  0.164495E+02
  0.164160E+02
  0.163799E+02
  0.163426E+02
  0.163042E+02
  0.162631E+02
  0.162185E+02
  0.161741E+02
  0.161283E+02
  0.160788E+02
  0.160273E+02
  0.159766E+02
  0.159230E+02
  0.158674E+02
  0.158095E+02
  0.157512E+02
  0.156901E+02
  0.156266E+02
  0.155605E+02
  0.154920E+02
  0.154223E+02
  0.153494E+02
  0.152720E+02
  0.151934E+02
  0.151116E+02
  0.150280E+02
  0.149388E+02
  0.148473E+02
  0.147547E+02
  0.146571E+02
  0.145554E+02
  0.144501E+02
  0.143404E+02
  0.142285E+02
  0.141093E+02
  0.139876E+02
  0.138631E+02
  0.137332E+02
  0.135993E+02
  0.134618E+02
  0.133205E+02
  0.131762E+02
  0.130271E+02
  0.128757E+02
  0.127210E+02
  0.125627E+02
  0.124005E+02
  0.122352E+02
  0.120668E+02
  0.118949E+02
  0.117203E+02
  0.115429E+02
  0.113615E+02
  0.111793E+02
  0.109924E+02
  0.108032E+02
  0.106123E+02
  0.104179E+02
  0.102210E+02
  0.100214E+02
  0.982040E+01
  0.961585E+01
  0.940700E+01
  0.919933E+01
  0.898640E+01
  0.877098E+01
  0.855476E+01
  0.833422E+01
  0.811294E+01
  0.788876E+01
  0.766116E+01
  0.743348E+01
  0.720150E+01
  0.696932E+01
  0.673448E+01
  0.649562E+01
  0.625727E+01
  0.601685E+01
  0.577161E+01
  0.552729E+01
  0.528054E+01
  0.502989E+01
  0.478041E+01
  0.452704E+01
  0.427203E+01
  0.401802E+01
  0.375888E+01
  0.350138E+01
  0.324091E+01
  0.297934E+01
  0.272006E+01
  0.245649E+01
  0.219319E+01
  0.193081E+01
  0.166730E+01
  0.140299E+01
  0.113775E+01
  0.873745E+00
  0.608560E+00
  0.344380E+00
  0.796580E-01
 -0.185688E+00
 -0.450294E+00
 -0.715381E+00
 -0.980472E+00
 -0.124570E+01
 -0.150952E+01
 -0.177379E+01
 -0.203805E+01
 -0.230083E+01
 -0.256571E+01
 -0.282884E+01
 -0.309092E+01
 -0.335390E+01
 -0.361640E+01
 -0.387706E+01
 -0.413804E+01
 -0.440026E+01
 -0.465864E+01
 -0.491911E+01
 -0.517720E+01
 -0.543259E+01
 -0.569214E+01
 -0.594673E+01
 -0.620153E+01
 -0.645659E+01
 -0.670881E+01
 -0.696273E+01
 -0.721260E+01
 -0.746124E+01
 -0.771100E+01
 -0.795849E+01
 -0.820448E+01
 -0.845043E+01
 -0.869339E+01
 -0.893493E+01
 -0.917598E+01
 -0.941455E+01
 -0.965207E+01
 -0.988713E+01
 -0.101213E+02
 -0.103547E+02
 -0.105848E+02
 -0.108147E+02
 -0.110438E+02
 -0.112721E+02
 -0.114979E+02
 -0.117250E+02
 -0.119514E+02
 -0.121737E+02
 -0.123965E+02
 -0.126181E+02
 -0.128380E+02
 -0.130580E+02
 -0.132758E+02
 -0.134930E+02
 -0.137084E+02
 -0.139237E+02
 -0.141359E+02
 -0.143463E+02
 -0.145573E+02
 -0.147657E+02
 -0.149729E+02
 -0.151786E+02
 -0.153826E+02
 -0.155858E+02
 -0.157861E+02
 -0.159868E+02
 -0.161856E+02
 -0.163835E+02
 -0.165801E+02
 -0.167757E+02
 -0.169708E+02
 -0.171642E+02
 -0.173576E+02
 -0.175509E+02
 -0.177431E+02
 -0.179352E+02
 -0.181259E+02
 -0.183181E+02
 -0.185073E+02
 -0.186968E+02
 -0.188866E+02
 -0.190740E+02
 -0.192617E+02
 -0.194487E+02
 -0.196331E+02
 -0.198188E+02
 -0.200029E+02
 -0.201852E+02
 -0.203664E+02
 -0.205474E+02
 -0.207274E+02
 -0.209058E+02
 -0.210818E+02
 -0.212586E+02
 -0.214337E+02
 -0.216078E+02
 -0.217799E+02
 -0.219520E+02
 -0.221230E+02
 -0.222918E+02
 -0.224594E+02
 -0.226273E+02
 -0.227930E+02
 -0.229576E+02
 -0.231213E+02
 -0.232830E+02
 -0.234425E+02
 -0.236021E+02
 -0.237578E+02
 -0.239121E+02
 -0.240653E+02
 -0.242166E+02
 -0.243649E+02
 -0.245109E+02
 -0.246546E+02
 -0.247971E+02
 -0.249360E+02
 -0.250743E+02
 -0.252106E+02
 -0.253450E+02
 -0.254773E+02
 -0.256088E+02
 -0.257377E+02
 -0.258661E+02
 -0.259938E+02
 -0.261210E+02
 -0.262474E+02
 -0.263740E+02
 -0.264979E+02
 -0.266222E+02
 -0.267458E+02
 -0.268685E+02
 -0.269899E+02
 -0.271121E+02
 -0.272334E+02
 -0.273531E+02
 -0.274712E+02
 -0.275903E+02
 -0.277075E+02
 -0.278252E+02
 -0.279411E+02
 -0.280575E+02
 -0.281747E+02
 -0.282903E+02
 -0.284040E+02
 -0.285191E+02
 -0.286337E+02
 -0.287482E+02
 -0.288618E+02
 -0.289780E+02
 -0.290936E+02
 -0.292105E+02
 -0.293276E+02
 -0.294449E+02
 -0.295643E+02
 -0.296857E+02
 -0.298068E+02
 -0.299313E+02
 -0.300566E+02
 -0.301844E+02
 -0.303122E+02
 -0.304416E+02
 -0.305738E+02
 -0.307081E+02
 -0.308421E+02
 -0.309798E+02
 -0.311196E+02
 -0.312602E+02
 -0.314023E+02
 -0.315471E+02
 -0.316921E+02
 -0.318406E+02
 -0.319888E+02
 -0.321392E+02
 -0.322915E+02
 -0.324433E+02
 -0.325972E+02
 -0.327523E+02
 -0.329061E+02
 -0.330638E+02
 -0.332187E+02
 -0.333768E+02
 -0.335350E+02
 -0.336911E+02
 -0.338490E+02
 -0.340051E+02
 -0.341604E+02
 -0.343175E+02
 -0.344698E+02
 -0.346258E+02
 -0.347810E+02
 -0.349333E+02
 -0.350850E+02
 -0.352367E+02
 -0.353872E+02
 -0.355372E+02
 -0.356845E+02
 -0.358335E+02
 -0.359817E+02
 -0.361280E+02
 -0.362735E+02
 -0.364201E+02
 -0.365648E+02
 -0.367121E+02
 -0.368567E+02
 -0.370019E+02
 -0.371495E+02
 -0.372943E+02
 -0.374393E+02
 -0.375853E+02
 -0.377267E+02
 -0.378731E+02
 -0.380150E+02
 -0.381553E+02
 -0.382987E+02
 -0.384386E+02
 -0.385758E+02
 -0.387145E+02
 -0.388504E+02
 -0.389854E+02
 -0.391184E+02
 -0.392517E+02
 -0.393836E+02
 -0.395142E+02
 -0.396420E+02
 -0.397710E+02
 -0.398956E+02
 -0.400201E+02
 -0.401431E+02
 -0.402642E+02
 -0.403853E+02
 -0.405035E+02
 -0.406186E+02
 -0.407324E+02
 -0.408427E+02
 -0.409537E+02
 -0.410585E+02
 -0.411652E+02
 -0.412696E+02
 -0.413697E+02
 -0.414684E+02
 -0.415648E+02
 -0.416605E+02
 -0.417542E+02
 -0.418439E+02
 -0.419357E+02
 -0.420237E+02
 -0.421110E+02
 -0.421942E+02
 -0.422770E+02
 -0.423578E+02
 -0.424373E+02
 -0.425156E+02
 -0.425916E+02
 -0.426665E+02
 -0.427402E+02
 -0.428091E+02
 -0.428779E+02
 -0.429423E+02
 -0.430091E+02
 -0.430697E+02
 -0.431272E+02
 -0.431874E+02
 -0.432405E+02
 -0.432895E+02
 -0.433391E+02
 -0.433816E+02
 -0.434241E+02
 -0.434610E+02
 -0.434959E+02
 -0.435283E+02
 -0.435550E+02
 -0.435782E+02
 -0.435997E+02
 -0.436154E+02
 -0.436314E+02
 -0.436415E+02
 -0.436491E+02
 -0.436559E+02
 -0.436568E+02
 -0.436543E+02
 -0.436519E+02
 -0.436432E+02
 -0.436347E+02
 -0.436204E+02
 -0.436054E+02
 -0.435885E+02
 -0.435664E+02
 -0.435422E+02
 -0.435159E+02
 -0.434862E+02
 -0.434566E+02
 -0.434204E+02
 -0.433861E+02
 -0.433512E+02
 -0.433123E+02
 -0.432715E+02
 -0.432303E+02
 -0.431866E+02
 -0.431421E+02
 -0.430932E+02
 -0.430444E+02
 -0.429936E+02
 -0.429407E+02
 -0.428847E+02
 -0.428274E+02
 -0.427674E+02
 -0.427069E+02
 -0.426425E+02
 -0.425776E+02
 -0.425125E+02
 -0.424446E+02
 -0.423725E+02
 -0.423020E+02
 -0.422264E+02
 -0.421502E+02
 -0.420719E+02
 -0.419914E+02
 -0.419108E+02
 -0.418264E+02
 -0.417383E+02
 -0.416515E+02
 -0.415576E+02
 -0.414644E+02
 -0.413687E+02
 -0.412697E+02
 -0.411711E+02
 -0.410693E+02
 -0.409635E+02
 -0.408582E+02
 -0.407481E+02
 -0.406383E+02
 -0.405247E+02
 -0.404091E+02
 -0.402930E+02
 -0.401735E+02
 -0.400499E+02
 -0.399275E+02
 -0.398006E+02
 -0.396727E+02
 -0.395427E+02
 -0.394112E+02
 -0.392794E+02
 -0.391452E+02
 -0.390063E+02
 -0.388689E+02
 -0.387284E+02
 -0.385866E+02
 -0.384429E+02
 -0.382979E+02
 -0.381513E+02
 -0.380035E+02
 -0.378509E+02
 -0.376988E+02
 -0.375442E+02
 -0.373878E+02
 -0.372299E+02
 -0.370705E+02
 -0.369089E+02
 -0.367474E+02
 -0.365807E+02
 -0.364135E+02
 -0.362452E+02
 -0.360749E+02
 -0.359023E+02
 -0.357296E+02
 -0.355548E+02
 -0.353784E+02
 -0.351994E+02
 -0.350207E+02
 -0.348393E+02
 -0.346576E+02
 -0.344740E+02
 -0.342905E+02
 -0.341056E+02
 -0.339210E+02
 -0.337345E+02
 -0.335472E+02
 -0.333594E+02
 -0.331723E+02
 -0.329833E+02
 -0.327950E+02
 -0.326071E+02
 -0.324182E+02
 -0.322280E+02
 -0.320402E+02
 -0.318495E+02
 -0.316604E+02
 -0.314699E+02
 -0.312799E+02
 -0.310923E+02
 -0.309031E+02
 -0.307132E+02
 -0.305255E+02
 -0.303373E+02
 -0.301500E+02
 -0.299615E+02
 -0.297757E+02
 -0.295898E+02
 -0.294043E+02
 -0.292182E+02
 -0.290333E+02
 -0.288485E+02
 -0.286642E+02
 -0.284793E+02
 -0.282954E+02
 -0.281115E+02
 -0.279278E+02
 -0.277431E+02
 -0.275595E+02
 -0.273747E+02
 -0.271916E+02
 -0.270071E+02
 -0.268222E+02
 -0.266392E+02
 -0.264546E+02
 -0.262684E+02
 -0.260845E+02
 -0.258967E+02
 -0.257112E+02
 -0.255258E+02
 -0.253389E+02
 -0.251543E+02
 -0.249695E+02
 -0.247829E+02
 -0.245987E+02
 -0.244143E+02
 -0.242314E+02
 -0.240495E+02
 -0.238697E+02
 -0.236915E+02
 -0.235155E+02
 -0.233404E+02
 -0.231681E+02
 -0.229975E+02
 -0.228286E+02
 -0.226601E+02
 -0.224965E+02
 -0.223336E+02
 -0.221709E+02
 -0.220112E+02
 -0.218514E+02
 -0.216935E+02
 -0.215368E+02
 -0.213785E+02
 -0.212240E+02
 -0.210674E+02
 -0.209126E+02
 -0.207581E+02
 -0.206018E+02
 -0.204477E+02
 -0.202931E+02
 -0.201372E+02
 -0.199843E+02
 -0.198311E+02
 -0.196783E+02
 -0.195256E+02
 -0.193735E+02
 -0.192220E+02
 -0.190719E+02
 -0.189206E+02
 -0.187713E+02
 -0.186234E+02
 -0.184762E+02
 -0.183293E+02
 -0.181830E+02
 -0.180367E+02
 -0.178924E+02
 -0.177476E+02
 -0.176037E+02
 -0.174617E+02
 -0.173178E+02
 -0.171740E+02
 -0.170340E+02
 -0.168908E+02
 -0.167495E+02
 -0.166101E+02
 -0.164686E+02
 -0.163298E+02
 -0.161911E+02
 -0.160509E+02
 -0.159148E+02
 -0.157772E+02
 -0.156409E+02
 -0.155058E+02
 -0.153721E+02
 -0.152407E+02
 -0.151079E+02
 -0.149769E+02
 -0.148475E+02
 -0.147172E+02
 -0.145894E+02
 -0.144614E+02
 -0.143347E+02
 -0.142072E+02
 -0.140805E+02
 -0.139540E+02
 -0.138270E+02
 -0.137014E+02
 -0.135742E+02
 -0.134471E+02
 -0.133210E+02
 -0.131921E+02
 -0.130653E+02
 -0.129358E+02
 -0.128046E+02
 -0.126766E+02
 -0.125458E+02
 -0.124139E+02
 -0.122833E+02
 -0.121503E+02
 -0.120187E+02
 -0.118842E+02
 -0.117493E+02
 -0.116158E+02
 -0.114797E+02
 -0.113440E+02
 -0.112084E+02
 -0.110714E+02
 -0.109340E+02
 -0.107952E+02
 -0.106572E+02
 -0.105166E+02
 -0.103760E+02
 -0.102354E+02
 -0.100915E+02
 -0.994837E+01
 -0.980392E+01
 -0.965787E+01
 -0.951240E+01
 -0.936381E+01
 -0.921515E+01
 -0.906495E+01
 -0.891365E+01
 -0.876147E+01
 -0.860683E+01
 -0.845246E+01
 -0.829615E+01
 -0.813792E+01
 -0.798019E+01
 -0.781978E+01
 -0.765967E+01
 -0.749852E+01
 -0.733507E+01
 -0.717168E+01
 -0.700766E+01
 -0.684252E+01
 -0.667670E+01
 -0.650972E+01
 -0.634276E+01
 -0.617492E+01
 -0.600623E+01
 -0.583672E+01
 -0.566596E+01
 -0.549605E+01
 -0.532639E+01
 -0.515503E+01
 -0.498487E+01
 -0.481498E+01
 -0.464492E+01
 -0.447492E+01
 -0.430563E+01
 -0.413663E+01
 -0.396806E+01
 -0.380069E+01
 -0.363269E+01
 -0.346660E+01
 -0.330122E+01
 -0.313528E+01
 -0.297208E+01
 -0.280759E+01
 -0.264457E+01
 -0.248412E+01
 -0.232233E+01
 -0.216320E+01
 -0.200524E+01
 -0.184853E+01
 -0.169447E+01
 -0.153992E+01
 -0.138892E+01
 -0.124000E+01
 -0.109127E+01
 -0.945491E+00
 -0.801071E+00
 -0.659392E+00
 -0.520074E+00
 -0.382953E+00
 -0.248006E+00
 -0.114840E+00
  0.145283E-01
  0.143509E+00
  0.270252E+00
  0.392584E+00
  0.515455E+00
  0.635359E+00
  0.751879E+00
  0.867729E+00
  0.981483E+00
  0.109345E+01
  0.120297E+01
  0.131101E+01
  0.141829E+01
  0.152069E+01
  0.162169E+01
  0.172214E+01
  0.181849E+01
  0.191391E+01
  0.200701E+01
  0.209688E+01
  0.218568E+01
  0.227010E+01
  0.235241E+01
  0.243225E+01
  0.250922E+01
  0.258418E+01
  0.265532E+01
  0.272358E+01
  0.278855E+01
  0.285039E+01
  0.291120E+01
  0.296702E+01
  0.301988E+01
  0.307229E+01
  0.312002E+01
  0.316416E+01
  0.320791E+01
  0.324885E+01
  0.328660E+01
  0.332161E+01
  0.335512E+01
  0.338568E+01
  0.341308E+01
  0.343809E+01
  0.346112E+01
  0.348167E+01
  0.350009E+01
  0.351658E+01
  0.353066E+01
  0.354315E+01
  0.355403E+01
  0.356236E+01
  0.356999E+01
  0.357481E+01
  0.357875E+01
  0.358283E+01
  0.358557E+01
  0.358750E+01
  0.358862E+01
  0.358918E+01
  0.358943E+01
  0.358813E+01
  0.358640E+01
  0.358453E+01
  0.358176E+01
  0.357728E+01
  0.357223E+01
  0.356602E+01
  0.355910E+01
  0.354955E+01
  0.353852E+01
  0.352761E+01
  0.351336E+01
  0.349730E+01
  0.348116E+01
  0.346116E+01
  0.344026E+01
  0.341873E+01
  0.339454E+01
  0.336984E+01
  0.334472E+01
  0.331738E+01
  0.329021E+01
  0.326111E+01
  0.323154E+01
  0.320395E+01
  0.317360E+01
  0.314248E+01
  0.311276E+01
  0.308095E+01
  0.305051E+01
  0.301843E+01
  0.298467E+01
  0.295201E+01
  0.291749E+01
  0.288277E+01
  0.284754E+01
  0.280971E+01
  0.277294E+01
  0.273463E+01
  0.269451E+01
  0.265554E+01
  0.261484E+01
  0.257306E+01
  0.253165E+01
  0.248796E+01
  0.244584E+01
  0.240183E+01
  0.235716E+01
  0.231487E+01
  0.226893E+01
  0.222396E+01
  0.217937E+01
  0.213161E+01
  0.208588E+01
  0.203886E+01
  0.199202E+01
  0.194465E+01
  0.189685E+01
  0.184984E+01
  0.180139E+01
  0.175394E+01
  0.170543E+01
  0.165708E+01
  0.160927E+01
  0.155910E+01
  0.151015E+01
  0.145957E+01
  0.140828E+01
  0.135726E+01
  0.130431E+01
  0.125108E+01
  0.119803E+01
  0.114357E+01
  0.108787E+01
  0.103070E+01
  0.973546E+00
  0.916626E+00
  0.856680E+00
  0.796548E+00
  0.737458E+00
  0.674560E+00
  0.611892E+00
  0.549225E+00
  0.483907E+00
  0.418999E+00
  0.353729E+00
  0.287168E+00
  0.221449E+00
  0.154177E+00
  0.865626E-01
  0.194054E-01
 -0.499983E-01
 -0.117326E+00
 -0.184075E+00
 -0.253448E+00
 -0.321012E+00
 -0.389060E+00
 -0.458203E+00
 -0.527891E+00
 -0.597374E+00
 -0.666841E+00
 -0.737648E+00
 -0.807378E+00
 -0.878758E+00
 -0.951543E+00
 -0.102371E+01
 -0.109739E+01
 -0.117060E+01
 -0.124568E+01
 -0.132127E+01
 -0.139695E+01
 -0.147526E+01
 -0.155260E+01
 -0.163166E+01
 -0.171182E+01
 -0.179104E+01
 -0.187300E+01
 -0.195448E+01
 -0.203678E+01
 -0.211998E+01
 -0.220163E+01
 -0.228542E+01
 -0.236786E+01
 -0.244850E+01
 -0.253090E+01
 -0.261211E+01
 -0.269304E+01
 -0.277457E+01
 -0.285503E+01
 -0.293537E+01
 -0.301520E+01
 -0.309418E+01
 -0.317377E+01
 -0.325302E+01
 -0.333117E+01
 -0.340949E+01
 -0.348701E+01
 -0.356380E+01
 -0.364026E+01
 -0.371596E+01
 -0.379080E+01
 -0.386448E+01
 -0.393818E+01
 -0.401211E+01
 -0.408500E+01
 -0.415681E+01
 -0.423028E+01
 -0.430310E+01
 -0.437430E+01
 -0.444787E+01
 -0.451940E+01
 -0.459021E+01
 -0.466186E+01
 -0.473168E+01
 -0.480112E+01
 -0.486919E+01
 -0.493713E+01
 -0.500397E+01
 -0.506806E+01
 -0.513281E+01
 -0.519558E+01
 -0.525629E+01
 -0.531616E+01
 -0.537376E+01
 -0.543082E+01
 -0.548580E+01
 -0.553829E+01
 -0.559073E+01
 -0.564043E+01
 -0.568901E+01
 -0.573596E+01
 -0.578041E+01
 -0.582494E+01
 -0.586651E+01
 -0.590641E+01
 -0.594584E+01
 -0.598238E+01
 -0.601903E+01
 -0.605383E+01
 -0.608642E+01
 -0.611870E+01
 -0.615020E+01
 -0.617905E+01
 -0.620714E+01
 -0.623523E+01
 -0.626069E+01
 -0.628588E+01
 -0.631043E+01
 -0.633255E+01
 -0.635426E+01
 -0.637511E+01
 -0.639515E+01
 -0.641429E+01
 -0.643302E+01
 -0.645022E+01
 -0.646757E+01
 -0.648404E+01
 -0.649941E+01
 -0.651542E+01
 -0.652987E+01
 -0.654394E+01
 -0.655841E+01
 -0.657171E+01
 -0.658509E+01
 -0.659943E+01
 -0.661324E+01
 -0.662505E+01
 -0.663863E+01
 -0.665240E+01
 -0.666539E+01
 -0.667936E+01
 -0.669384E+01
 -0.670907E+01
 -0.672401E+01
 -0.673855E+01
 -0.675402E+01
 -0.676873E+01
 -0.678381E+01
 -0.679827E+01
 -0.681167E+01
 -0.682535E+01
 -0.683824E+01
 -0.684950E+01
 -0.686147E+01
 -0.687223E+01
 -0.688209E+01
 -0.689227E+01
 -0.689953E+01
 -0.690722E+01
 -0.691520E+01
 -0.692094E+01
 -0.692809E+01
 -0.693325E+01
 -0.693833E+01
 -0.694455E+01
 -0.694895E+01
 -0.695338E+01
 -0.695883E+01
 -0.696309E+01
 -0.696667E+01
 -0.697114E+01
 -0.697549E+01
 -0.697938E+01
 -0.698421E+01
 -0.698786E+01
 -0.699086E+01
 -0.699425E+01
 -0.699655E+01
 -0.699712E+01
 -0.699801E+01
 -0.699700E+01
 -0.699456E+01
 -0.699216E+01
 -0.698799E+01
 -0.698181E+01
 -0.697406E+01
 -0.696603E+01
 -0.695579E+01
 -0.694156E+01
 -0.692996E+01
 -0.691588E+01
 -0.689807E+01
 -0.688255E+01
 -0.686360E+01
 -0.684354E+01
 -0.682381E+01
 -0.680011E+01
 -0.677680E+01
 -0.675072E+01
 -0.672314E+01
 -0.669630E+01
 -0.666584E+01
 -0.663451E+01
 -0.660439E+01
 -0.657100E+01
 -0.653651E+01
 -0.650199E+01
 -0.646528E+01
 -0.642794E+01
 -0.638952E+01
 -0.635032E+01
 -0.631047E+01
 -0.626890E+01
 -0.622880E+01
 -0.618640E+01
 -0.614306E+01
 -0.610114E+01
 -0.605673E+01
 -0.601128E+01
 -0.596503E+01
 -0.591868E+01
 -0.587142E+01
 -0.582229E+01
 -0.577399E+01
 -0.572371E+01
 -0.567332E+01
 -0.562155E+01
 -0.556887E+01
 -0.551653E+01
 -0.546163E+01
 -0.540835E+01
 -0.535369E+01
 -0.529759E+01
 -0.524266E+01
 -0.518533E+01
 -0.512904E+01
 -0.507139E+01
 -0.501395E+01
 -0.495813E+01
 -0.490206E+01
 -0.484620E+01
 -0.478929E+01
 -0.473487E+01
 -0.468036E+01
 -0.462588E+01
 -0.457418E+01
 -0.452040E+01
 -0.446877E+01
 -0.441885E+01
 -0.436709E+01
 -0.431721E+01
 -0.426773E+01
 -0.421788E+01
 -0.416920E+01
 -0.411934E+01
 -0.407066E+01
 -0.402212E+01
 -0.397234E+01
 -0.392503E+01
 -0.387702E+01
 -0.382860E+01
 -0.378191E+01
 -0.373435E+01
 -0.368662E+01
 -0.363880E+01
 -0.359189E+01
 -0.354365E+01
 -0.349467E+01
 -0.344784E+01
 -0.340059E+01
 -0.335397E+01
 -0.330710E+01
 -0.326054E+01
 -0.321584E+01
 -0.316977E+01
 -0.312644E+01
 -0.308344E+01
 -0.303993E+01
 -0.300006E+01
 -0.295881E+01
 -0.291907E+01
 -0.288204E+01
 -0.284333E+01
 -0.280709E+01
 -0.277126E+01
 -0.273507E+01
 -0.270147E+01
 -0.266680E+01
 -0.263396E+01
 -0.260245E+01
 -0.257039E+01
 -0.254131E+01
 -0.251225E+01
 -0.248437E+01
 -0.245759E+01
 -0.243114E+01
 -0.240729E+01
 -0.238315E+01
 -0.236055E+01
 -0.233977E+01
 -0.231861E+01
 -0.229890E+01
 -0.228009E+01
 -0.226204E+01
 -0.224514E+01
 -0.222817E+01
 -0.221194E+01
 -0.219656E+01
 -0.218064E+01
 -0.216571E+01
 -0.215076E+01
 -0.213600E+01
 -0.212156E+01
 -0.210610E+01
 -0.209151E+01
 -0.207481E+01
 -0.205733E+01
 -0.203973E+01
 -0.201899E+01
 -0.199807E+01
 -0.197618E+01
 -0.195263E+01
 -0.192778E+01
 -0.190036E+01
 -0.187236E+01
 -0.184199E+01
 -0.180890E+01
 -0.177495E+01
 -0.173848E+01
 -0.170046E+01
 -0.166071E+01
 -0.161900E+01
 -0.157498E+01
 -0.152812E+01
 -0.148153E+01
 -0.143214E+01
 -0.138005E+01
 -0.132917E+01
 -0.127500E+01
 -0.121926E+01
 -0.116352E+01
 -0.110477E+01
 -0.104525E+01
 -0.984435E+00
 -0.922621E+00
 -0.858237E+00
 -0.792198E+00
 -0.725714E+00
 -0.656193E+00
 -0.586556E+00
 -0.515081E+00
 -0.442186E+00
 -0.369501E+00
 -0.294118E+00
 -0.218840E+00
 -0.142409E+00
 -0.650034E-01
  0.123615E-01
  0.909634E-01
  0.169856E+00
  0.249112E+00
  0.328918E+00
  0.408903E+00
  0.489778E+00
  0.571731E+00
  0.653403E+00
  0.736418E+00
  0.820490E+00
  0.903205E+00
  0.987968E+00
  0.107208E+01
  0.115590E+01
  0.124132E+01
  0.132555E+01
  0.141105E+01
  0.149684E+01
  0.158125E+01
  0.166741E+01
  0.175311E+01
  0.183838E+01
  0.192476E+01
  0.201111E+01
  0.209787E+01
  0.218578E+01
  0.227317E+01
  0.236114E+01
  0.244990E+01
  0.253904E+01
  0.262903E+01
  0.271909E+01
  0.281051E+01
  0.290351E+01
  0.299501E+01
  0.308887E+01
  0.318338E+01
  0.327727E+01
  0.337325E+01
  0.346851E+01
  0.356457E+01
  0.366199E+01
  0.375835E+01
  0.385704E+01
  0.395484E+01
  0.405230E+01
  0.415188E+01
  0.425035E+01
  0.434813E+01
  0.444718E+01
  0.454511E+01
  0.464200E+01
  0.473868E+01
  0.483492E+01
  0.492947E+01
  0.502324E+01
  0.511700E+01
  0.520891E+01
  0.529809E+01
  0.538829E+01
  0.547675E+01
  0.556372E+01
  0.564894E+01
  0.573277E+01
  0.581669E+01
  0.589611E+01
  0.597538E+01
  0.605482E+01
  0.612895E+01
  0.620512E+01
  0.627772E+01
  0.634899E+01
  0.642118E+01
  0.648864E+01
  0.655736E+01
  0.662319E+01
  0.668661E+01
  0.675254E+01
  0.681244E+01
  0.687196E+01
  0.693099E+01
  0.698666E+01
  0.704183E+01
  0.709420E+01
  0.714385E+01
  0.719284E+01
  0.723843E+01
  0.728224E+01
  0.732360E+01
  0.736210E+01
  0.739926E+01
  0.743430E+01
  0.746600E+01
  0.749499E+01
  0.752184E+01
  0.754637E+01
  0.756594E+01
  0.758516E+01
  0.760001E+01
  0.761091E+01
  0.762167E+01
  0.762612E+01
  0.762883E+01
  0.763143E+01
  0.762779E+01
  0.762419E+01
  0.761629E+01
  0.760563E+01
  0.759467E+01
  0.757841E+01
  0.756096E+01
  0.754063E+01
  0.751787E+01
  0.749402E+01
  0.746278E+01
  0.743370E+01
  0.740061E+01
  0.736176E+01
  0.732346E+01
  0.727868E+01
  0.723381E+01
  0.718681E+01
  0.713372E+01
  0.708216E+01
  0.702524E+01
  0.696797E+01
  0.690928E+01
  0.684439E+01
  0.677959E+01
  0.671252E+01
  0.664176E+01
  0.657037E+01
  0.649596E+01
  0.641978E+01
  0.634169E+01
  0.626083E+01
  0.617770E+01
  0.609227E+01
  0.600336E+01
  0.591384E+01
  0.582067E+01
  0.572432E+01
  0.562769E+01
  0.552896E+01
  0.542737E+01
  0.532401E+01
  0.521868E+01
  0.511133E+01
  0.500156E+01
  0.488958E+01
  0.477524E+01
  0.466164E+01
  0.454617E+01
  0.442932E+01
  0.431191E+01
  0.419282E+01
  0.407395E+01
  0.395332E+01
  0.383108E+01
  0.370976E+01
  0.358713E+01
  0.346455E+01
  0.334015E+01
  0.321597E+01
  0.309202E+01
  0.296682E+01
  0.284224E+01
  0.271705E+01
  0.259223E+01
  0.246877E+01
  0.234450E+01
  0.222020E+01
  0.209672E+01
  0.197440E+01
  0.185203E+01
  0.173031E+01
  0.160834E+01
  0.148731E+01
  0.136725E+01
  0.124622E+01
  0.112596E+01
  0.100701E+01
  0.888988E+00
  0.771618E+00
  0.654801E+00
  0.539271E+00
  0.424549E+00
  0.311894E+00
  0.199999E+00
  0.895443E-01
 -0.192947E-01
 -0.125494E+00
 -0.230206E+00
 -0.334349E+00
 -0.434425E+00
 -0.532961E+00
 -0.629235E+00
 -0.722308E+00
 -0.813729E+00
 -0.901582E+00
 -0.987387E+00
 -0.107012E+01
 -0.115053E+01
 -0.122807E+01
 -0.130192E+01
 -0.137336E+01
 -0.144149E+01
 -0.150730E+01
 -0.156892E+01
 -0.162811E+01
 -0.168544E+01
 -0.173782E+01
 -0.178856E+01
 -0.183562E+01
 -0.187996E+01
 -0.192309E+01
 -0.196207E+01
 -0.199961E+01
 -0.203486E+01
 -0.206738E+01
 -0.209834E+01
 -0.212647E+01
 -0.215249E+01
 -0.217707E+01
 -0.219998E+01
 -0.222030E+01
 -0.223913E+01
 -0.225619E+01
 -0.227161E+01
 -0.228580E+01
 -0.229775E+01
 -0.230940E+01
 -0.231898E+01
 -0.232765E+01
 -0.233663E+01
 -0.234257E+01
 -0.234927E+01
 -0.235502E+01
 -0.235850E+01
 -0.236245E+01
 -0.236403E+01
 -0.236537E+01
 -0.236602E+01
 -0.236510E+01
 -0.236450E+01
 -0.236343E+01
 -0.236152E+01
 -0.235882E+01
 -0.235635E+01
 -0.235216E+01
 -0.234781E+01
 -0.234331E+01
 -0.233749E+01
 -0.233218E+01
 -0.232530E+01
 -0.231950E+01
 -0.231287E+01
 -0.230535E+01
 -0.229969E+01
 -0.229226E+01
 -0.228531E+01
 -0.227829E+01
 -0.227137E+01
 -0.226449E+01
 -0.225721E+01
 -0.225155E+01
 -0.224481E+01
 -0.223891E+01
 -0.223316E+01
 -0.222723E+01
 -0.222186E+01
 -0.221636E+01
 -0.221289E+01
 -0.220802E+01
 -0.220413E+01
 -0.220267E+01
 -0.219915E+01
 -0.219730E+01
 -0.219753E+01
 -0.219703E+01
 -0.219841E+01
 -0.220131E+01
 -0.220455E+01
 -0.221022E+01
 -0.221595E+01
 -0.222264E+01
 -0.223224E+01
 -0.224119E+01
 -0.225172E+01
 -0.226367E+01
 -0.227543E+01
 -0.228832E+01
 -0.230086E+01
 -0.231434E+01
 -0.232792E+01
 -0.234078E+01
 -0.235537E+01
 -0.236863E+01
 -0.238145E+01
 -0.239694E+01
 -0.241066E+01
 -0.242452E+01
 -0.243929E+01
 -0.245279E+01
 -0.246835E+01
 -0.248250E+01
 -0.249705E+01
 -0.251255E+01
 -0.252476E+01
 -0.253983E+01
 -0.255380E+01
 -0.256566E+01
 -0.257968E+01
 -0.259141E+01
 -0.260450E+01
 -0.261680E+01
 -0.262757E+01
 -0.264061E+01
 -0.265044E+01
 -0.266074E+01
 -0.267186E+01
 -0.268055E+01
 -0.269018E+01
 -0.269913E+01
 -0.270669E+01
 -0.271454E+01
 -0.272243E+01
 -0.272962E+01
 -0.273597E+01
 -0.274236E+01
 -0.274883E+01
 -0.275484E+01
 -0.275985E+01
 -0.276460E+01
 -0.277064E+01
 -0.277560E+01
 -0.277961E+01
 -0.278557E+01
 -0.278854E+01
 -0.279115E+01
 -0.279652E+01
 -0.279823E+01
 -0.279986E+01
 -0.280225E+01
 -0.280298E+01
 -0.280464E+01
 -0.280384E+01
 -0.280324E+01
 -0.280256E+01
 -0.279948E+01
 -0.279839E+01
 -0.279461E+01
 -0.279121E+01
 -0.278974E+01
 -0.278442E+01
 -0.278060E+01
 -0.277460E+01
 -0.276758E+01
 -0.276188E+01
 -0.275222E+01
 -0.274460E+01
 -0.273479E+01
 -0.272262E+01
 -0.271229E+01
 -0.269681E+01
 -0.268221E+01
 -0.266698E+01
 -0.264747E+01
 -0.262967E+01
 -0.260902E+01
 -0.258708E+01
 -0.256470E+01
 -0.253792E+01
 -0.251208E+01
 -0.248381E+01
 -0.245204E+01
 -0.242114E+01
 -0.238558E+01
 -0.234895E+01
 -0.231302E+01
 -0.227249E+01
 -0.223214E+01
 -0.219104E+01
 -0.214798E+01
 -0.210405E+01
 -0.205808E+01
 -0.201187E+01
 -0.196305E+01
 -0.191281E+01
 -0.186212E+01
 -0.180974E+01
 -0.175658E+01
 -0.170107E+01
 -0.164533E+01
 -0.158701E+01
 -0.152576E+01
 -0.146591E+01
 -0.140252E+01
 -0.133689E+01
 -0.127102E+01
 -0.120251E+01
 -0.113275E+01
 -0.106022E+01
 -0.986310E+00
 -0.911076E+00
 -0.832911E+00
 -0.754801E+00
 -0.673618E+00
 -0.589808E+00
 -0.506485E+00
 -0.419434E+00
 -0.330729E+00
 -0.241463E+00
 -0.148968E+00
 -0.560846E-01
  0.396833E-01
  0.137278E+00
  0.235687E+00
  0.337600E+00
  0.439879E+00
  0.545094E+00
  0.653384E+00
  0.761769E+00
  0.873980E+00
  0.987607E+00
  0.110229E+01
  0.121992E+01
  0.133823E+01
  0.145846E+01
  0.158200E+01
  0.170540E+01
  0.183101E+01
  0.195912E+01
  0.208760E+01
  0.221824E+01
  0.234825E+01
  0.247893E+01
  0.261272E+01
  0.274569E+01
  0.287950E+01
  0.301482E+01
  0.315024E+01
  0.328622E+01
  0.342249E+01
  0.355711E+01
  0.369320E+01
  0.382906E+01
  0.396370E+01
  0.409991E+01
  0.423481E+01
  0.436861E+01
  0.450274E+01
  0.463477E+01
  0.476662E+01
  0.489672E+01
  0.502572E+01
  0.515436E+01
  0.528134E+01
  0.540681E+01
  0.553174E+01
  0.565532E+01
  0.577726E+01
  0.589766E+01
  0.601729E+01
  0.613624E+01
  0.625308E+01
  0.636766E+01
  0.648247E+01
  0.659435E+01
  0.670521E+01
  0.681399E+01
  0.692078E+01
  0.702715E+01
  0.713140E+01
  0.723354E+01
  0.733388E+01
  0.743418E+01
  0.753336E+01
  0.762803E+01
  0.772363E+01
  0.781740E+01
  0.790843E+01
  0.799752E+01
  0.808500E+01
  0.817157E+01
  0.825533E+01
  0.833747E+01
  0.841909E+01
  0.849795E+01
  0.857493E+01
  0.865095E+01
  0.872614E+01
  0.879799E+01
  0.886955E+01
  0.893890E+01
  0.900776E+01
  0.907541E+01
  0.913984E+01
  0.920427E+01
  0.926598E+01
  0.932512E+01
  0.938320E+01
  0.943771E+01
  0.949338E+01
  0.954567E+01
  0.959452E+01
  0.964329E+01
  0.968914E+01
  0.973128E+01
  0.977276E+01
  0.981057E+01
  0.984652E+01
  0.988210E+01
  0.991312E+01
  0.994252E+01
  0.997218E+01
  0.999592E+01
  0.100194E+02
  0.100414E+02
  0.100599E+02
  0.100779E+02
  0.100938E+02
  0.101080E+02
  0.101221E+02
  0.101323E+02
  0.101438E+02
  0.101527E+02
  0.101581E+02
  0.101655E+02
  0.101696E+02
  0.101715E+02
  0.101749E+02
  0.101745E+02
  0.101747E+02
  0.101738E+02
  0.101707E+02
  0.101682E+02
  0.101633E+02
  0.101572E+02
  0.101518E+02
  0.101433E+02
  0.101361E+02
  0.101267E+02
  0.101163E+02
  0.101065E+02
  0.100952E+02
  0.100853E+02
  0.100733E+02
  0.100603E+02
  0.100503E+02
  0.100362E+02
  0.100238E+02
  0.100114E+02
  0.999743E+01
  0.998377E+01
  0.996910E+01
  0.995694E+01
  0.994398E+01
  0.992833E+01
  0.991680E+01
  0.990359E+01
  0.988933E+01
  0.987701E+01
  0.986444E+01
  0.985137E+01
  0.984002E+01
  0.982906E+01
  0.981822E+01
  0.980850E+01
  0.980046E+01
  0.979114E+01
  0.978411E+01
  0.977800E+01
  0.977119E+01
  0.976576E+01
  0.976046E+01
  0.975673E+01
  0.975538E+01
  0.975099E+01
  0.974957E+01
  0.974920E+01
  0.974780E+01
  0.974866E+01
  0.974876E+01
  0.975042E+01
  0.975353E+01
  0.975423E+01
  0.975796E+01
  0.976006E+01
  0.976289E+01
  0.976620E+01
  0.976720E+01
  0.977043E+01
  0.977203E+01
  0.977307E+01
  0.977543E+01
  0.977475E+01
  0.977607E+01
  0.977480E+01
  0.977472E+01
  0.977512E+01
  0.977194E+01
  0.977028E+01
  0.976705E+01
  0.976336E+01
  0.976054E+01
  0.975426E+01
  0.975044E+01
  0.974469E+01
  0.973754E+01
  0.973219E+01
  0.972462E+01
  0.971633E+01
  0.970922E+01
  0.970008E+01
  0.969297E+01
  0.968477E+01
  0.967611E+01
  0.966929E+01
  0.966026E+01
  0.965158E+01
  0.964409E+01
  0.963458E+01
  0.962596E+01
  0.961751E+01
  0.961000E+01
  0.960075E+01
  0.959205E+01
  0.958377E+01
  0.957434E+01
  0.956525E+01
  0.955611E+01
  0.954702E+01
  0.953759E+01
  0.952602E+01
  0.951577E+01
  0.950364E+01
  0.949114E+01
  0.947905E+01
  0.946475E+01
  0.945043E+01
  0.943587E+01
  0.941815E+01
  0.940104E+01
  0.938243E+01
  0.936287E+01
  0.934252E+01
  0.932083E+01
  0.929900E+01
  0.927552E+01
  0.925087E+01
  0.922678E+01
  0.919991E+01
  0.917405E+01
  0.914667E+01
  0.911789E+01
  0.908972E+01
  0.905903E+01
  0.902780E+01
  0.899688E+01
  0.896350E+01
  0.893029E+01
  0.889572E+01
  0.886065E+01
  0.882529E+01
  0.878865E+01
  0.875093E+01
  0.871391E+01
  0.867467E+01
  0.863488E+01
  0.859491E+01
  0.855297E+01
  0.851093E+01
  0.846863E+01
  0.842318E+01
  0.837851E+01
  0.833385E+01
  0.828758E+01
  0.824049E+01
  0.819342E+01
  0.814600E+01
  0.809802E+01
  0.804813E+01
  0.799809E+01
  0.794728E+01
  0.789629E+01
  0.784463E+01
  0.779278E+01
  0.774036E+01
  0.768717E+01
  0.763340E+01
  0.757974E+01
  0.752525E+01
  0.747113E+01
  0.741708E+01
  0.736273E+01
  0.730882E+01
  0.725662E+01
  0.720292E+01
  0.715024E+01
  0.709929E+01
  0.704689E+01
  0.699530E+01
  0.694544E+01
  0.689455E+01
  0.684445E+01
  0.679411E+01
  0.674508E+01
  0.669539E+01
  0.664575E+01
  0.659752E+01
  0.654881E+01
  0.650115E+01
  0.645362E+01
  0.640597E+01
  0.636075E+01
  0.631395E+01
  0.626895E+01
  0.622464E+01
  0.618018E+01
  0.613803E+01
  0.609611E+01
  0.605400E+01
  0.601324E+01
  0.597335E+01
  0.593368E+01
  0.589367E+01
  0.585486E+01
  0.581654E+01
  0.577850E+01
  0.573940E+01
  0.570174E+01
  0.566335E+01
  0.562513E+01
  0.558780E+01
  0.554915E+01
  0.551138E+01
  0.547305E+01
  0.543415E+01
  0.539586E+01
  0.535586E+01
  0.531770E+01
  0.527896E+01
  0.523930E+01
  0.520014E+01
  0.516091E+01
  0.512001E+01
  0.507906E+01
  0.503803E+01
  0.499489E+01
  0.495209E+01
  0.490912E+01
  0.486416E+01
  0.481992E+01
  0.477400E+01
  0.472836E+01
  0.468242E+01
  0.463463E+01
  0.458788E+01
  0.454108E+01
  0.449223E+01
  0.444410E+01
  0.439552E+01
  0.434608E+01
  0.429707E+01
  0.424797E+01
  0.419792E+01
  0.414825E+01
  0.409805E+01
  0.404842E+01
  0.399816E+01
  0.394757E+01
  0.389839E+01
  0.384839E+01
  0.379793E+01
  0.374877E+01
  0.369849E+01
  0.364887E+01
  0.359895E+01
  0.354988E+01
  0.350039E+01
  0.345023E+01
  0.340152E+01
  0.335134E+01
  0.330341E+01
  0.325585E+01
  0.320713E+01
  0.316236E+01
  0.311487E+01
  0.307115E+01
  0.302896E+01
  0.298469E+01
  0.294675E+01
  0.290793E+01
  0.287073E+01
  0.283812E+01
  0.280379E+01
  0.277310E+01
  0.274419E+01
  0.271589E+01
  0.269083E+01
  0.266759E+01
  0.264424E+01
  0.262407E+01
  0.260648E+01
  0.258860E+01
  0.257327E+01
  0.256057E+01
  0.254845E+01
  0.253814E+01
  0.252945E+01
  0.252238E+01
  0.251622E+01
  0.251105E+01
  0.250846E+01
  0.250873E+01
  0.250783E+01
  0.250906E+01
  0.251257E+01
  0.251563E+01
  0.252210E+01
  0.252853E+01
  0.253557E+01
  0.254678E+01
  0.255623E+01
  0.256807E+01
  0.258116E+01
  0.259438E+01
  0.261018E+01
  0.262447E+01
  0.264137E+01
  0.265902E+01
  0.267582E+01
  0.269597E+01
  0.271299E+01
  0.273185E+01
  0.275119E+01
  0.276944E+01
  0.279005E+01
  0.280763E+01
  0.282729E+01
  0.284714E+01
  0.286402E+01
  0.288362E+01
  0.290135E+01
  0.291935E+01
  0.293723E+01
  0.295410E+01
  0.297291E+01
  0.299071E+01
  0.300759E+01
  0.302584E+01
  0.304362E+01
  0.306205E+01
  0.308060E+01
  0.309899E+01
  0.311860E+01
  0.313835E+01
  0.315836E+01
  0.317899E+01
  0.319857E+01
  0.321963E+01
  0.323999E+01
  0.326074E+01
  0.328162E+01
  0.330064E+01
  0.332097E+01
  0.334002E+01
  0.335777E+01
  0.337673E+01
  0.339318E+01
  0.341004E+01
  0.342559E+01
  0.343919E+01
  0.345200E+01
  0.346315E+01
  0.347429E+01
  0.348258E+01
  0.348862E+01
  0.349556E+01
  0.349896E+01
  0.350122E+01
  0.350211E+01
  0.350046E+01
  0.349799E+01
  0.349284E+01
  0.348596E+01
  0.347791E+01
  0.346678E+01
  0.345537E+01
  0.344124E+01
  0.342539E+01
  0.340871E+01
  0.338929E+01
  0.336887E+01
  0.334619E+01
  0.332214E+01
  0.329765E+01
  0.326929E+01
  0.324117E+01
  0.321154E+01
  0.317941E+01
  0.314671E+01
  0.311202E+01
  0.307486E+01
  0.303654E+01
  0.299682E+01
  0.295453E+01
  0.291032E+01
  0.286505E+01
  0.281837E+01
  0.276989E+01
  0.271895E+01
  0.266797E+01
  0.261406E+01
  0.255850E+01
  0.250155E+01
  0.244114E+01
  0.238016E+01
  0.231772E+01
  0.225324E+01
  0.218757E+01
  0.211929E+01
  0.205144E+01
  0.198255E+01
  0.191078E+01
  0.183797E+01
  0.176522E+01
  0.169073E+01
  0.161561E+01
  0.153980E+01
  0.146302E+01
  0.138723E+01
  0.131029E+01
  0.123264E+01
  0.115619E+01
  0.107938E+01
  0.100387E+01
  0.928439E+00
  0.853132E+00
  0.779119E+00
  0.707103E+00
  0.636082E+00
  0.565812E+00
  0.497448E+00
  0.431187E+00
  0.366244E+00
  0.301768E+00
  0.239944E+00
  0.180951E+00
  0.122996E+00
  0.687590E-01
  0.158215E-01
 -0.347719E-01
 -0.814977E-01
 -0.127224E+00
 -0.170362E+00
 -0.211015E+00
 -0.249305E+00
 -0.284773E+00
 -0.319244E+00
 -0.351820E+00
 -0.381606E+00
 -0.409490E+00
 -0.436710E+00
 -0.460911E+00
 -0.484566E+00
 -0.506569E+00
 -0.526172E+00
 -0.547121E+00
 -0.566142E+00
 -0.584620E+00
 -0.602321E+00
 -0.619051E+00
 -0.637318E+00
 -0.653049E+00
 -0.669691E+00
 -0.686400E+00
 -0.702075E+00
 -0.719256E+00
 -0.735191E+00
 -0.751113E+00
 -0.767928E+00
 -0.784638E+00
 -0.800852E+00
 -0.816381E+00
 -0.832033E+00
 -0.848132E+00
 -0.864133E+00
 -0.878489E+00
 -0.893932E+00
 -0.909683E+00
 -0.924433E+00
 -0.938895E+00
 -0.952801E+00
 -0.967002E+00
 -0.981044E+00
 -0.995188E+00
 -0.100916E+01
 -0.102328E+01
 -0.103763E+01
 -0.105140E+01
 -0.106626E+01
 -0.108030E+01
 -0.109454E+01
 -0.110959E+01
 -0.112423E+01
 -0.113944E+01
 -0.115521E+01
 -0.117199E+01
 -0.118867E+01
 -0.120558E+01
 -0.122463E+01
 -0.124383E+01
 -0.126335E+01
 -0.128493E+01
 -0.130615E+01
 -0.132758E+01
 -0.135218E+01
 -0.137541E+01
 -0.140076E+01
 -0.142905E+01
 -0.145613E+01
 -0.148698E+01
 -0.151713E+01
 -0.154821E+01
 -0.158300E+01
 -0.161594E+01
 -0.165236E+01
 -0.168930E+01
 -0.172719E+01
 -0.176844E+01
 -0.180878E+01
 -0.185212E+01
 -0.189592E+01
 -0.194060E+01
 -0.198867E+01
 -0.203630E+01
 -0.208590E+01
 -0.213710E+01
 -0.218925E+01
 -0.224344E+01
 -0.229903E+01
 -0.235621E+01
 -0.241503E+01
 -0.247520E+01
 -0.253726E+01
 -0.260061E+01
 -0.266460E+01
 -0.273057E+01
 -0.279748E+01
 -0.286613E+01
 -0.293647E+01
 -0.300866E+01
 -0.308348E+01
 -0.315718E+01
 -0.323430E+01
 -0.331354E+01
 -0.339098E+01
 -0.347269E+01
 -0.355353E+01
 -0.363406E+01
 -0.371863E+01
 -0.380103E+01
 -0.388411E+01
 -0.396865E+01
 -0.405243E+01
 -0.413721E+01
 -0.422037E+01
 -0.430436E+01
 -0.438746E+01
 -0.446808E+01
 -0.455024E+01
 -0.462937E+01
 -0.470751E+01
 -0.478674E+01
 -0.486217E+01
 -0.493898E+01
 -0.501347E+01
 -0.508446E+01
 -0.515843E+01
 -0.522984E+01
 -0.529918E+01
 -0.536889E+01
 -0.543677E+01
 -0.550347E+01
 -0.556889E+01
 -0.563377E+01
 -0.569700E+01
 -0.575953E+01
 -0.581978E+01
 -0.587980E+01
 -0.594043E+01
 -0.599780E+01
 -0.605558E+01
 -0.611210E+01
 -0.616782E+01
 -0.622422E+01
 -0.627686E+01
 -0.633027E+01
 -0.638273E+01
 -0.643402E+01
 -0.648425E+01
 -0.653231E+01
 -0.658160E+01
 -0.662837E+01
 -0.667340E+01
 -0.671948E+01
 -0.676356E+01
 -0.680577E+01
 -0.684738E+01
 -0.688846E+01
 -0.692717E+01
 -0.696594E+01
 -0.700342E+01
 -0.703887E+01
 -0.707419E+01
 -0.710775E+01
 -0.713991E+01
 -0.717058E+01
 -0.719955E+01
 -0.722751E+01
 -0.725277E+01
 -0.727655E+01
 -0.729846E+01
 -0.731927E+01
 -0.733735E+01
 -0.735357E+01
 -0.736875E+01
 -0.738079E+01
 -0.739207E+01
 -0.740048E+01
 -0.740589E+01
 -0.741165E+01
 -0.741436E+01
 -0.741572E+01
 -0.741514E+01
 -0.741236E+01
 -0.740824E+01
 -0.740248E+01
 -0.739523E+01
 -0.738541E+01
 -0.737513E+01
 -0.736356E+01
 -0.734905E+01
 -0.733470E+01
 -0.731867E+01
 -0.730084E+01
 -0.728153E+01
 -0.726183E+01
 -0.724024E+01
 -0.721717E+01
 -0.719503E+01
 -0.717017E+01
 -0.714392E+01
 -0.711843E+01
 -0.709167E+01
 -0.706394E+01
 -0.703359E+01
 -0.700416E+01
 -0.697601E+01
 -0.694546E+01
 -0.691286E+01
 -0.688253E+01
 -0.685203E+01
 -0.681848E+01
 -0.678633E+01
 -0.675366E+01
 -0.671991E+01
 -0.668682E+01
 -0.665293E+01
 -0.661979E+01
 -0.658488E+01
 -0.655138E+01
 -0.651787E+01
 -0.648284E+01
 -0.645017E+01
 -0.641670E+01
 -0.638336E+01
 -0.635027E+01
 -0.631600E+01
 -0.628367E+01
 -0.625050E+01
 -0.621732E+01
 -0.618442E+01
 -0.615132E+01
 -0.611973E+01
 -0.608717E+01
 -0.605441E+01
 -0.602321E+01
 -0.599178E+01
 -0.596023E+01
 -0.592861E+01
 -0.589783E+01
 -0.586649E+01
 -0.583579E+01
 -0.580536E+01
 -0.577451E+01
 -0.574561E+01
 -0.571686E+01
 -0.568874E+01
 -0.566178E+01
 -0.563462E+01
 -0.560913E+01
 -0.558452E+01
 -0.556068E+01
 -0.553786E+01
 -0.551670E+01
 -0.549600E+01
 -0.547723E+01
 -0.546009E+01
 -0.544253E+01
 -0.542774E+01
 -0.541315E+01
 -0.539934E+01
 -0.538783E+01
 -0.537614E+01
 -0.536683E+01
 -0.535665E+01
 -0.534812E+01
 -0.534141E+01
 -0.533367E+01
 -0.532846E+01
 -0.532304E+01
 -0.531921E+01
 -0.531717E+01
 -0.531492E+01
 -0.531499E+01
 -0.531526E+01
 -0.531767E+01
 -0.532010E+01
 -0.532327E+01
 -0.532899E+01
 -0.533392E+01
 -0.534050E+01
 -0.534870E+01
 -0.535682E+01
 -0.536529E+01
 -0.537496E+01
 -0.538591E+01
 -0.539640E+01
 -0.540799E+01
 -0.541978E+01
 -0.543270E+01
 -0.544584E+01
 -0.545823E+01
 -0.547185E+01
 -0.548456E+01
 -0.549793E+01
 -0.551136E+01
 -0.552297E+01
 -0.553696E+01
 -0.555007E+01
 -0.556243E+01
 -0.557529E+01
 -0.558781E+01
 -0.560221E+01
 -0.561494E+01
 -0.562742E+01
 -0.564289E+01
 -0.565648E+01
 -0.567171E+01
 -0.568771E+01
 -0.570236E+01
 -0.572111E+01
 -0.573923E+01
 -0.575800E+01
 -0.577898E+01
 -0.579765E+01
 -0.582072E+01
 -0.584282E+01
 -0.586366E+01
 -0.588852E+01
 -0.591180E+01
 -0.593597E+01
 -0.596055E+01
 -0.598490E+01
 -0.601013E+01
 -0.603332E+01
 -0.605847E+01
 -0.608329E+01
 -0.610708E+01
 -0.613192E+01
 -0.615625E+01
 -0.617937E+01
 -0.620268E+01
 -0.622732E+01
 -0.625038E+01
 -0.627278E+01
 -0.629744E+01
 -0.632049E+01
 -0.634268E+01
 -0.636711E+01
 -0.638994E+01
 -0.641344E+01
 -0.643897E+01
 -0.646192E+01
 -0.648831E+01
 -0.651367E+01
 -0.653715E+01
 -0.656524E+01
 -0.659126E+01
 -0.661832E+01
 -0.664780E+01
 -0.667587E+01
 -0.670725E+01
 -0.673786E+01
 -0.676932E+01
 -0.680321E+01
 -0.683687E+01
 -0.687363E+01
 -0.691010E+01
 -0.694761E+01
 -0.698861E+01
 -0.702778E+01
 -0.707071E+01
 -0.711428E+01
 -0.715767E+01
 -0.720637E+01
 -0.725344E+01
 -0.730337E+01
 -0.735627E+01
 -0.740746E+01
 -0.746396E+01
 -0.752055E+01
 -0.757862E+01
 -0.764023E+01
 -0.770206E+01
 -0.776715E+01
 -0.783370E+01
 -0.790185E+01
 -0.797250E+01
 -0.804341E+01
 -0.811688E+01
 -0.819184E+01
 -0.826830E+01
 -0.834646E+01
 -0.842551E+01
 -0.850557E+01
 -0.858712E+01
 -0.866871E+01
 -0.875039E+01
 -0.883386E+01
 -0.891775E+01
 -0.900112E+01
 -0.908649E+01
 -0.917056E+01
 -0.925489E+01
 -0.934067E+01
 -0.942421E+01
 -0.950838E+01
 -0.959425E+01
 -0.967709E+01
 -0.976023E+01
 -0.984335E+01
 -0.992496E+01
 -0.100072E+02
 -0.100889E+02
 -0.101689E+02
 -0.102491E+02
 -0.103294E+02
 -0.104086E+02
 -0.104865E+02
 -0.105652E+02
 -0.106427E+02
 -0.107194E+02
 -0.107959E+02
 -0.108708E+02
 -0.109452E+02
 -0.110196E+02
 -0.110921E+02
 -0.111636E+02
 -0.112351E+02
 -0.113060E+02
 -0.113746E+02
 -0.114437E+02
 -0.115119E+02
 -0.115786E+02
 -0.116441E+02
 -0.117089E+02
 -0.117727E+02
 -0.118343E+02
 -0.118958E+02
 -0.119563E+02
 -0.120141E+02
 -0.120719E+02
 -0.121283E+02
 -0.121836E+02
 -0.122363E+02
 -0.122890E+02
 -0.123399E+02
 -0.123894E+02
 -0.124386E+02
 -0.124853E+02
 -0.125312E+02
 -0.125752E+02
 -0.126180E+02
 -0.126606E+02
 -0.127000E+02
 -0.127393E+02
 -0.127771E+02
 -0.128126E+02
 -0.128466E+02
 -0.128796E+02
 -0.129105E+02
 -0.129400E+02
 -0.129672E+02
 -0.129931E+02
 -0.130178E+02
 -0.130396E+02
 -0.130603E+02
 -0.130795E+02
 -0.130956E+02
 -0.131112E+02
 -0.131234E+02
 -0.131348E+02
 -0.131443E+02
 -0.131515E+02
 -0.131577E+02
 -0.131616E+02
 -0.131643E+02
 -0.131659E+02
 -0.131652E+02
 -0.131634E+02
 -0.131602E+02
 -0.131563E+02
 -0.131499E+02
 -0.131425E+02
 -0.131331E+02
 -0.131227E+02
 -0.131103E+02
 -0.130965E+02
 -0.130820E+02
 -0.130650E+02
 -0.130469E+02
 -0.130273E+02
 -0.130051E+02
 -0.129832E+02
 -0.129583E+02
 -0.129329E+02
 -0.129062E+02
 -0.128773E+02
 -0.128471E+02
 -0.128149E+02
 -0.127819E+02
 -0.127477E+02
 -0.127105E+02
 -0.126733E+02
 -0.126350E+02
 -0.125945E+02
 -0.125527E+02
 -0.125115E+02
 -0.124679E+02
 -0.124242E+02
 -0.123789E+02
 -0.123328E+02
 -0.122873E+02
 -0.122381E+02
 -0.121893E+02
 -0.121408E+02
 -0.120890E+02
 -0.120377E+02
 -0.119849E+02
 -0.119308E+02
 -0.118762E+02
 -0.118208E+02
 -0.117635E+02
 -0.117063E+02
 -0.116481E+02
 -0.115889E+02
 -0.115287E+02
 -0.114670E+02
 -0.114058E+02
 -0.113435E+02
 -0.112793E+02
 -0.112155E+02
 -0.111505E+02
 -0.110855E+02
 -0.110197E+02
 -0.109533E+02
 -0.108872E+02
 -0.108209E+02
 -0.107534E+02
 -0.106867E+02
 -0.106185E+02
 -0.105500E+02
 -0.104830E+02
 -0.104138E+02
 -0.103452E+02
 -0.102779E+02
 -0.102080E+02
 -0.101404E+02
 -0.100714E+02
 -0.100009E+02
 -0.993145E+01
 -0.986087E+01
 -0.978956E+01
 -0.971825E+01
 -0.964611E+01
 -0.957367E+01
 -0.950044E+01
 -0.942795E+01
 -0.935516E+01
 -0.928188E+01
 -0.920886E+01
 -0.913608E+01
 -0.906181E+01
 -0.898782E+01
 -0.891399E+01
 -0.883912E+01
 -0.876410E+01
 -0.868914E+01
 -0.861399E+01
 -0.853924E+01
 -0.846358E+01
 -0.838794E+01
 -0.831282E+01
 -0.823814E+01
 -0.816304E+01
 -0.808789E+01
 -0.801349E+01
 -0.793987E+01
 -0.786579E+01
 -0.779285E+01
 -0.772120E+01
 -0.764943E+01
 -0.757841E+01
 -0.750902E+01
 -0.743994E+01
 -0.737196E+01
 -0.730478E+01
 -0.723889E+01
 -0.717358E+01
 -0.710907E+01
 -0.704752E+01
 -0.698609E+01
 -0.692490E+01
 -0.686758E+01
 -0.680937E+01
 -0.675235E+01
 -0.669760E+01
 -0.664304E+01
 -0.659052E+01
 -0.653808E+01
 -0.648748E+01
 -0.643856E+01
 -0.638897E+01
 -0.634258E+01
 -0.629674E+01
 -0.625194E+01
 -0.620881E+01
 -0.616646E+01
 -0.612616E+01
 -0.608640E+01
 -0.604813E+01
 -0.601153E+01
 -0.597608E+01
 -0.594200E+01
 -0.590821E+01
 -0.587658E+01
 -0.584568E+01
 -0.581626E+01
 -0.578838E+01
 -0.576154E+01
 -0.573694E+01
 -0.571276E+01
 -0.569009E+01
 -0.566932E+01
 -0.564882E+01
 -0.563082E+01
 -0.561350E+01
 -0.559684E+01
 -0.558188E+01
 -0.556707E+01
 -0.555350E+01
 -0.554083E+01
 -0.552854E+01
 -0.551807E+01
 -0.550784E+01
 -0.549850E+01
 -0.548986E+01
 -0.548120E+01
 -0.547386E+01
 -0.546661E+01
 -0.545979E+01
 -0.545434E+01
 -0.544837E+01
 -0.544310E+01
 -0.543798E+01
 -0.543311E+01
 -0.542875E+01
 -0.542356E+01
 -0.541891E+01
 -0.541487E+01
 -0.541012E+01
 -0.540595E+01
 -0.540228E+01
 -0.539764E+01
 -0.539268E+01
 -0.538954E+01
 -0.538533E+01
 -0.538076E+01
 -0.537784E+01
 -0.537392E+01
 -0.537085E+01
 -0.536821E+01
 -0.536529E+01
 -0.536467E+01
 -0.536288E+01
 -0.536361E+01
 -0.536642E+01
 -0.536847E+01
 -0.537404E+01
 -0.537951E+01
 -0.538690E+01
 -0.539673E+01
 -0.540639E+01
 -0.542088E+01
 -0.543466E+01
 -0.545023E+01
 -0.547087E+01
 -0.549051E+01
 -0.551283E+01
 -0.553825E+01
 -0.556433E+01
 -0.559335E+01
 -0.562352E+01
 -0.565576E+01
 -0.569068E+01
 -0.572678E+01
 -0.576529E+01
 -0.580606E+01
 -0.584820E+01
 -0.589297E+01
 -0.593882E+01
 -0.598658E+01
 -0.603662E+01
 -0.608764E+01
 -0.614116E+01
 -0.619601E+01
 -0.625182E+01
 -0.631033E+01
 -0.636914E+01
 -0.643065E+01
 -0.649372E+01
 -0.655675E+01
 -0.662270E+01
 -0.668939E+01
 -0.675656E+01
 -0.682545E+01
 -0.689543E+01
 -0.696659E+01
 -0.703755E+01
 -0.711050E+01
 -0.718363E+01
 -0.725762E+01
 -0.733220E+01
 -0.740559E+01
 -0.748096E+01
 -0.755547E+01
 -0.762989E+01
 -0.770638E+01
 -0.778122E+01
 -0.785730E+01
 -0.793255E+01
 -0.800854E+01
 -0.808482E+01
 -0.815902E+01
 -0.823691E+01
 -0.831324E+01
 -0.838697E+01
 -0.846495E+01
 -0.854053E+01
 -0.861606E+01
 -0.869327E+01
 -0.876864E+01
 -0.884577E+01
 -0.892182E+01
 -0.899693E+01
 -0.907411E+01
 -0.914749E+01
 -0.922234E+01
 -0.929721E+01
 -0.936941E+01
 -0.944385E+01
 -0.951596E+01
 -0.958699E+01
 -0.965917E+01
 -0.972827E+01
 -0.979862E+01
 -0.986697E+01
 -0.993354E+01
 -0.100007E+02
 -0.100642E+02
 -0.101281E+02
 -0.101903E+02
 -0.102494E+02
 -0.103098E+02
 -0.103658E+02
 -0.104216E+02
 -0.104754E+02
 -0.105250E+02
 -0.105746E+02
 -0.106214E+02
 -0.106665E+02
 -0.107089E+02
 -0.107489E+02
 -0.107875E+02
 -0.108210E+02
 -0.108549E+02
 -0.108853E+02
 -0.109127E+02
 -0.109399E+02
 -0.109624E+02
 -0.109835E+02
 -0.110019E+02
 -0.110178E+02
 -0.110343E+02
 -0.110451E+02
 -0.110558E+02
 -0.110657E+02
 -0.110707E+02
 -0.110744E+02
 -0.110761E+02
 -0.110756E+02
 -0.110730E+02
 -0.110668E+02
 -0.110613E+02
 -0.110521E+02
 -0.110392E+02
 -0.110269E+02
 -0.110098E+02
 -0.109914E+02
 -0.109740E+02
 -0.109510E+02
 -0.109292E+02
 -0.109050E+02
 -0.108779E+02
 -0.108518E+02
 -0.108216E+02
 -0.107922E+02
 -0.107621E+02
 -0.107280E+02
 -0.106965E+02
 -0.106616E+02
 -0.106272E+02
 -0.105928E+02
 -0.105572E+02
 -0.105236E+02
 -0.104873E+02
 -0.104526E+02
 -0.104185E+02
 -0.103823E+02
 -0.103484E+02
 -0.103132E+02
 -0.102794E+02
 -0.102447E+02
 -0.102102E+02
 -0.101763E+02
 -0.101406E+02
 -0.101072E+02
 -0.100734E+02
 -0.100387E+02
 -0.100063E+02
 -0.997235E+01
 -0.993929E+01
 -0.990641E+01
 -0.987345E+01
 -0.984144E+01
 -0.980955E+01
 -0.977784E+01
 -0.974724E+01
 -0.971721E+01
 -0.968739E+01
 -0.965849E+01
 -0.963111E+01
 -0.960390E+01
 -0.957881E+01
 -0.955459E+01
 -0.953066E+01
 -0.950850E+01
 -0.948805E+01
 -0.946687E+01
 -0.944702E+01
 -0.942880E+01
 -0.941033E+01
 -0.939328E+01
 -0.937710E+01
 -0.936161E+01
 -0.934798E+01
 -0.933416E+01
 -0.932364E+01
 -0.931397E+01
 -0.930444E+01
 -0.929830E+01
 -0.929269E+01
 -0.928844E+01
 -0.928692E+01
 -0.928572E+01
 -0.928782E+01
 -0.929038E+01
 -0.929402E+01
 -0.930054E+01
 -0.930726E+01
 -0.931557E+01
 -0.932619E+01
 -0.933847E+01
 -0.935293E+01
 -0.936825E+01
 -0.938699E+01
 -0.940745E+01
 -0.942793E+01
 -0.945129E+01
 -0.947797E+01
 -0.950355E+01
 -0.953112E+01
 -0.956258E+01
 -0.959278E+01
 -0.962385E+01
 -0.965890E+01
 -0.969397E+01
 -0.973062E+01
 -0.976903E+01
 -0.980978E+01
 -0.985070E+01
 -0.989321E+01
 -0.993934E+01
 -0.998354E+01
 -0.100302E+02
 -0.100805E+02
 -0.101288E+02
 -0.101800E+02
 -0.102320E+02
 -0.102852E+02
 -0.103392E+02
 -0.103933E+02
 -0.104498E+02
 -0.105071E+02
 -0.105645E+02
 -0.106238E+02
 -0.106843E+02
 -0.107453E+02
 -0.108069E+02
 -0.108699E+02
 -0.109335E+02
 -0.109984E+02
 -0.110633E+02
 -0.111293E+02
 -0.111965E+02
 -0.112641E+02
 -0.113323E+02
 -0.114017E+02
 -0.114712E+02
 -0.115413E+02
 -0.116125E+02
 -0.116847E+02
 -0.117569E+02
 -0.118300E+02
 -0.119023E+02
 -0.119760E+02
 -0.120488E+02
 -0.121214E+02
 -0.121952E+02
 -0.122669E+02
 -0.123401E+02
 -0.124137E+02
 -0.124848E+02
 -0.125575E+02
 -0.126284E+02
 -0.126996E+02
 -0.127699E+02
 -0.128398E+02
 -0.129104E+02
 -0.129791E+02
 -0.130482E+02
 -0.131165E+02
 -0.131835E+02
 -0.132524E+02
 -0.133188E+02
 -0.133856E+02
 -0.134523E+02
 -0.135176E+02
 -0.135827E+02
 -0.136458E+02
 -0.137088E+02
 -0.137717E+02
 -0.138314E+02
 -0.138917E+02
 -0.139511E+02
 -0.140091E+02
 -0.140662E+02
 -0.141226E+02
 -0.141781E+02
 -0.142331E+02
 -0.142870E+02
 -0.143409E+02
 -0.143928E+02
 -0.144441E+02
 -0.144950E+02
 -0.145450E+02
 -0.145936E+02
 -0.146420E+02
 -0.146893E+02
 -0.147364E+02
 -0.147832E+02
 -0.148293E+02
 -0.148749E+02
 -0.149203E+02
 -0.149644E+02
 -0.150088E+02
 -0.150515E+02
 -0.150945E+02
 -0.151371E+02
 -0.151785E+02
 -0.152192E+02
 -0.152601E+02
 -0.152999E+02
 -0.153392E+02
 -0.153771E+02
 -0.154155E+02
 -0.154536E+02
 -0.154914E+02
 -0.155282E+02
 -0.155645E+02
 -0.156011E+02
 -0.156372E+02
 -0.156718E+02
 -0.157078E+02
 -0.157423E+02
 -0.157768E+02
 -0.158112E+02
 -0.158447E+02
 -0.158782E+02
 -0.159120E+02
 -0.159445E+02
 -0.159769E+02
 -0.160093E+02
 -0.160415E+02
 -0.160715E+02
 -0.161017E+02
 -0.161314E+02
 -0.161600E+02
 -0.161877E+02
 -0.162145E+02
 -0.162411E+02
 -0.162670E+02
 -0.162911E+02
 -0.163163E+02
 -0.163390E+02
 -0.163617E+02
 -0.163839E+02
 -0.164039E+02
 -0.164235E+02
 -0.164423E+02
 -0.164592E+02
 -0.164762E+02
 -0.164911E+02
 -0.165053E+02
 -0.165182E+02
 -0.165301E+02
 -0.165416E+02
 -0.165519E+02
 -0.165601E+02
 -0.165694E+02
 -0.165782E+02
 -0.165853E+02
 -0.165920E+02
 -0.165996E+02
 -0.166058E+02
 -0.166122E+02
 -0.166177E+02
 -0.166230E+02
 -0.166278E+02
 -0.166329E+02
 -0.166372E+02
 -0.166412E+02
 -0.166457E+02
 -0.166502E+02
 -0.166531E+02
 -0.166564E+02
 -0.166596E+02
 -0.166624E+02
 -0.166644E+02
 -0.166670E+02
 -0.166693E+02
 -0.166724E+02
 -0.166747E+02
 -0.166774E+02
 -0.166804E+02
 -0.166832E+02
 -0.166864E+02
 -0.166909E+02
 -0.166954E+02
 -0.167005E+02
 -0.167053E+02
 -0.167115E+02
 -0.167179E+02
 -0.167252E+02
 -0.167333E+02
 -0.167424E+02
 -0.167524E+02
 -0.167627E+02
 -0.167730E+02
 -0.167848E+02
 -0.167961E+02
 -0.168088E+02
 -0.168222E+02
 -0.168361E+02
 -0.168500E+02
 -0.168650E+02
 -0.168793E+02
 -0.168937E+02
 -0.169088E+02
 -0.169241E+02
 -0.169386E+02
 -0.169542E+02
 -0.169697E+02
 -0.169848E+02
 -0.169987E+02
 -0.170139E+02
 -0.170285E+02
 -0.170424E+02
 -0.170557E+02
 -0.170690E+02
 -0.170816E+02
 -0.170937E+02
 -0.171050E+02
 -0.171155E+02
 -0.171252E+02
 -0.171357E+02
 -0.171431E+02
 -0.171507E+02
 -0.171586E+02
 -0.171644E+02
 -0.171689E+02
 -0.171732E+02
 -0.171765E+02
 -0.171792E+02
 -0.171798E+02
 -0.171800E+02
 -0.171792E+02
 -0.171771E+02
 -0.171731E+02
 -0.171682E+02
 -0.171606E+02
 -0.171530E+02
 -0.171437E+02
 -0.171318E+02
 -0.171189E+02
 -0.171046E+02
 -0.170882E+02
 -0.170704E+02
 -0.170500E+02
 -0.170289E+02
 -0.170051E+02
 -0.169798E+02
 -0.169539E+02
 -0.169256E+02
 -0.168958E+02
 -0.168653E+02
 -0.168322E+02
 -0.167986E+02
 -0.167626E+02
 -0.167260E+02
 -0.166885E+02
 -0.166490E+02
 -0.166071E+02
 -0.165657E+02
 -0.165217E+02
 -0.164754E+02
 -0.164286E+02
 -0.163801E+02
 -0.163294E+02
 -0.162759E+02
 -0.162192E+02
 -0.161617E+02
 -0.161004E+02
 -0.160373E+02
 -0.159715E+02
 -0.159033E+02
 -0.158330E+02
 -0.157602E+02
 -0.156842E+02
 -0.156056E+02
 -0.155246E+02
 -0.154423E+02
 -0.153567E+02
 -0.152690E+02
 -0.151793E+02
 -0.150874E+02
 -0.149923E+02
 -0.148951E+02
 -0.147952E+02
 -0.146935E+02
 -0.145890E+02
 -0.144818E+02
 -0.143727E+02
 -0.142620E+02
 -0.141488E+02
 -0.140332E+02
 -0.139151E+02
 -0.137959E+02
 -0.136738E+02
 -0.135500E+02
 -0.134238E+02
 -0.132956E+02
 -0.131658E+02
 -0.130336E+02
 -0.128997E+02
 -0.127644E+02
 -0.126262E+02
 -0.124880E+02
 -0.123473E+02
 -0.122033E+02
 -0.120588E+02
 -0.119130E+02
 -0.117637E+02
 -0.116129E+02
 -0.114604E+02
 -0.113061E+02
 -0.111497E+02
 -0.109914E+02
 -0.108301E+02
 -0.106677E+02
 -0.105033E+02
 -0.103362E+02
 -0.101671E+02
 -0.999682E+01
 -0.982464E+01
 -0.965047E+01
 -0.947410E+01
 -0.929586E+01
 -0.911639E+01
 -0.893598E+01
 -0.875231E+01
 -0.856734E+01
 -0.838201E+01
 -0.819512E+01
 -0.800560E+01
 -0.781524E+01
 -0.762473E+01
 -0.743351E+01
 -0.724083E+01
 -0.704775E+01
 -0.685441E+01
 -0.666124E+01
 -0.646743E+01
 -0.627260E+01
 -0.607766E+01
 -0.588351E+01
 -0.568838E+01
 -0.549241E+01
 -0.529652E+01
 -0.510023E+01
 -0.490416E+01
 -0.470847E+01
 -0.451180E+01
 -0.431601E+01
 -0.412105E+01
 -0.392651E+01
 -0.373175E+01
 -0.353688E+01
 -0.334371E+01
 -0.315109E+01
 -0.295802E+01
 -0.276677E+01
 -0.257688E+01
 -0.238748E+01
 -0.219912E+01
 -0.201149E+01
 -0.182524E+01
 -0.163993E+01
 -0.145494E+01
 -0.127112E+01
 -0.108800E+01
 -0.905430E+00
 -0.724586E+00
 -0.544708E+00
 -0.364412E+00
 -0.185711E+00
 -0.828934E-02
  0.169143E+00
  0.345747E+00
  0.521557E+00
  0.695473E+00
  0.868918E+00
  0.104123E+01
  0.121182E+01
  0.138211E+01
  0.155094E+01
  0.171845E+01
  0.188612E+01
  0.205227E+01
  0.221678E+01
  0.238059E+01
  0.254416E+01
  0.270623E+01
  0.286699E+01
  0.302733E+01
  0.318672E+01
  0.334590E+01
  0.350358E+01
  0.365871E+01
  0.381460E+01
  0.396915E+01
  0.412156E+01
  0.427307E+01
  0.442388E+01
  0.457244E+01
  0.472011E+01
  0.486600E+01
  0.500907E+01
  0.515113E+01
  0.529202E+01
  0.542989E+01
  0.556526E+01
  0.569957E+01
  0.583226E+01
  0.596108E+01
  0.608796E+01
  0.621267E+01
  0.633572E+01
  0.645605E+01
  0.657415E+01
  0.669066E+01
  0.680411E+01
  0.691516E+01
  0.702439E+01
  0.712927E+01
  0.723283E+01
  0.733496E+01
  0.743434E+01
  0.753132E+01
  0.762687E+01
  0.772072E+01
  0.781238E+01
  0.790130E+01
  0.798943E+01
  0.807569E+01
  0.815979E+01
  0.824236E+01
  0.832316E+01
  0.840141E+01
  0.847903E+01
  0.855391E+01
  0.862672E+01
  0.869774E+01
  0.876701E+01
  0.883456E+01
  0.890006E+01
  0.896247E+01
  0.902372E+01
  0.908276E+01
  0.913908E+01
  0.919277E+01
  0.924440E+01
  0.929413E+01
  0.934193E+01
  0.938591E+01
  0.942782E+01
  0.946827E+01
  0.950655E+01
  0.954123E+01
  0.957502E+01
  0.960671E+01
  0.963621E+01
  0.966368E+01
  0.968891E+01
  0.971216E+01
  0.973377E+01
  0.975237E+01
  0.976913E+01
  0.978346E+01
  0.979597E+01
  0.980637E+01
  0.981420E+01
  0.981929E+01
  0.982364E+01
  0.982548E+01
  0.982536E+01
  0.982325E+01
  0.981864E+01
  0.981187E+01
  0.980439E+01
  0.979377E+01
  0.978156E+01
  0.976770E+01
  0.975215E+01
  0.973488E+01
  0.971554E+01
  0.969402E+01
  0.967133E+01
  0.964679E+01
  0.962077E+01
  0.959244E+01
  0.956335E+01
  0.953326E+01
  0.950113E+01
  0.946709E+01
  0.943252E+01
  0.939580E+01
  0.935822E+01
  0.931862E+01
  0.927816E+01
  0.923643E+01
  0.919321E+01
  0.914912E+01
  0.910391E+01
  0.905716E+01
  0.901038E+01
  0.896169E+01
  0.891248E+01
  0.886293E+01
  0.881151E+01
  0.875868E+01
  0.870599E+01
  0.865220E+01
  0.859762E+01
  0.854180E+01
  0.848644E+01
  0.843034E+01
  0.837326E+01
  0.831588E+01
  0.825841E+01
  0.820004E+01
  0.814278E+01
  0.808457E+01
  0.802610E+01
  0.796878E+01
  0.791093E+01
  0.785259E+01
  0.779440E+01
  0.773496E+01
  0.767643E+01
  0.761737E+01
  0.755751E+01
  0.749775E+01
  0.743767E+01
  0.737652E+01
  0.731566E+01
  0.725407E+01
  0.719199E+01
  0.712937E+01
  0.706781E+01
  0.700500E+01
  0.694089E+01
  0.687792E+01
  0.681468E+01
  0.675011E+01
  0.668643E+01
  0.662183E+01
  0.655738E+01
  0.649414E+01
  0.642969E+01
  0.636465E+01
  0.630085E+01
  0.623641E+01
  0.617255E+01
  0.610872E+01
  0.604506E+01
  0.598181E+01
  0.591957E+01
  0.585698E+01
  0.579507E+01
  0.573404E+01
  0.567323E+01
  0.561297E+01
  0.555333E+01
  0.549412E+01
  0.543594E+01
  0.537772E+01
  0.532047E+01
  0.526380E+01
  0.520786E+01
  0.515242E+01
  0.509739E+01
  0.504280E+01
  0.498919E+01
  0.493563E+01
  0.488287E+01
  0.483042E+01
  0.477880E+01
  0.472785E+01
  0.467757E+01
  0.462796E+01
  0.457883E+01
  0.452993E+01
  0.448205E+01
  0.443452E+01
  0.438704E+01
  0.434031E+01
  0.429469E+01
  0.424885E+01
  0.420375E+01
  0.415896E+01
  0.411464E+01
  0.407090E+01
  0.402739E+01
  0.398408E+01
  0.394186E+01
  0.389988E+01
  0.385850E+01
  0.381733E+01
  0.377643E+01
  0.373631E+01
  0.369673E+01
  0.365670E+01
  0.361762E+01
  0.357938E+01
  0.354114E+01
  0.350331E+01
  0.346638E+01
  0.342996E+01
  0.339433E+01
  0.335869E+01
  0.332392E+01
  0.328983E+01
  0.325616E+01
  0.322273E+01
  0.318967E+01
  0.315744E+01
  0.312619E+01
  0.309494E+01
  0.306457E+01
  0.303478E+01
  0.300532E+01
  0.297655E+01
  0.294821E+01
  0.291992E+01
  0.289231E+01
  0.286510E+01
  0.283852E+01
  0.281210E+01
  0.278615E+01
  0.276047E+01
  0.273523E+01
  0.271035E+01
  0.268573E+01
  0.266138E+01
  0.263782E+01
  0.261434E+01
  0.259119E+01
  0.256850E+01
  0.254618E+01
  0.252409E+01
  0.250247E+01
  0.248106E+01
  0.246012E+01
  0.243941E+01
  0.241885E+01
  0.239846E+01
  0.237848E+01
  0.235868E+01
  0.233916E+01
  0.231958E+01
  0.230039E+01
  0.228152E+01
  0.226270E+01
  0.224371E+01
  0.222506E+01
  0.220650E+01
  0.218808E+01
  0.216953E+01
  0.215116E+01
  0.213297E+01
  0.211477E+01
  0.209637E+01
  0.207812E+01
  0.205983E+01
  0.204149E+01
  0.202304E+01
  0.200477E+01
  0.198633E+01
  0.196792E+01
  0.194949E+01
  0.193086E+01
  0.191224E+01
  0.189381E+01
  0.187505E+01
  0.185643E+01
  0.183781E+01
  0.181911E+01
  0.180034E+01
  0.178167E+01
  0.176293E+01
  0.174419E+01
  0.172548E+01
  0.170691E+01
  0.168826E+01
  0.166964E+01
  0.165101E+01
  0.163252E+01
  0.161397E+01
  0.159552E+01
  0.157702E+01
  0.155864E+01
  0.154027E+01
  0.152187E+01
  0.150344E+01
  0.148510E+01
  0.146666E+01
  0.144831E+01
  0.142983E+01
  0.141146E+01
  0.139312E+01
  0.137472E+01
  0.135624E+01
  0.133787E+01
  0.131948E+01
  0.130112E+01
  0.128268E+01
  0.126431E+01
  0.124604E+01
  0.122776E+01
  0.120936E+01
  0.119116E+01
  0.117295E+01
  0.115475E+01
  0.113659E+01
  0.111855E+01
  0.110055E+01
  0.108261E+01
  0.106471E+01
  0.104691E+01
  0.102916E+01
  0.101159E+01
  0.994029E+00
  0.976611E+00
  0.959329E+00
  0.942134E+00
  0.925000E+00
  0.908030E+00
  0.891130E+00
  0.874399E+00
  0.857729E+00
  0.841249E+00
  0.824906E+00
  0.808678E+00
  0.792570E+00
  0.776642E+00
  0.760807E+00
  0.745152E+00
  0.729605E+00
  0.714251E+00
  0.699059E+00
  0.683987E+00
  0.669036E+00
  0.654280E+00
  0.639650E+00
  0.625205E+00
  0.610869E+00
  0.596732E+00
  0.582769E+00
  0.568958E+00
  0.555266E+00
  0.541771E+00
  0.528440E+00
  0.515285E+00
  0.502259E+00
  0.489450E+00
  0.476813E+00
  0.464334E+00
  0.451996E+00
  0.439861E+00
  0.427879E+00
  0.416083E+00
  0.404439E+00
  0.392988E+00
  0.381716E+00
  0.370618E+00
  0.359664E+00
  0.348906E+00
  0.338307E+00
  0.327892E+00
  0.317631E+00
  0.307561E+00
  0.297666E+00
  0.287938E+00
  0.278370E+00
  0.268987E+00
  0.259763E+00
  0.250725E+00
  0.241841E+00
  0.233140E+00
  0.224613E+00
  0.216252E+00
  0.208047E+00
  0.200023E+00
  0.192159E+00
  0.184469E+00
  0.176934E+00
  0.169578E+00
  0.162387E+00
  0.155358E+00
  0.148485E+00
  0.141784E+00
  0.135241E+00
  0.128865E+00
  0.122643E+00
  0.116589E+00
  0.110698E+00
  0.104964E+00
  0.993831E-01
  0.939673E-01
  0.887060E-01
  0.836054E-01
  0.786559E-01
  0.738685E-01
  0.692387E-01
  0.647617E-01
  0.604351E-01
  0.562671E-01
  0.522507E-01
  0.483892E-01
  0.446775E-01
  0.411210E-01
  0.377163E-01
  0.344621E-01
  0.313563E-01
  0.284030E-01
  0.255978E-01
  0.229428E-01
  0.204350E-01
  0.180765E-01
  0.158656E-01
  0.138012E-01
  0.118824E-01
  0.101102E-01
  0.848275E-02
  0.700037E-02
  0.566164E-02
  0.446670E-02
  0.341486E-02
  0.250512E-02
  0.173688E-02
  0.110987E-02
  0.623391E-03
  0.276584E-03
  0.690005E-04
  0.000000E+00
